id,state,diet_need,meal_type,meal_name,calories,protein_g,carbs_g,fat_g,fiber_g,glycemic_index,sodium_level,cholesterol_impact,allergens,base_ingredients,diet_type,meat_type,instructions,exercise_recommendation,medical_warning
1,Goa,Weight Loss,Breakfast,Alsanyache Tonak (No Oil; with poi),233,12,27,8,8,Medium,Medium,Medium,Safe,"black-eyed beans, tonak masala, onion, garlic, coconut, tamarind, potato",Vegetarian,,"Prepare alsanyache tonak in the no oil style with a with poi serving. Keep the recipe fully plant-based or vegetarian, using the traditional Goan masala and legumes/vegetables. Keep oil and salt low, and avoid extra rice, bread, ghee, or sugar.",20-30 minute brisk morning walk,Keep the portion small and avoid extra poee or rice
2,Goa,Weight Loss,Breakfast,Egg White Ros Omelette (No Yolks),300,25,35,5,4,Medium,Medium,Low,"Egg, Eggs, Gluten","Egg Whites, Chicken Broth, Wheat",Vegetarian,,Cook on non-stick surface without oil.,30 mins brisk walking,Monitor energy levels; do not starve
3,Goa,Weight Loss,Breakfast,Kalo Chana Usal (Dry),300,16,45,6,12,Low,Medium,Low,Safe,"Black Gram, Onion",Vegetarian,,Boil and sauté with minimal oil spray.,30 mins brisk walking,Monitor energy levels; do not starve
4,Goa,Weight Loss,Breakfast,Khatkatem (Minimal Oil; with poi),195,8,37,3,7,Low,Medium,Medium,Safe,"raw jackfruit, beetroot, pumpkin, raw banana, drumstick, coconut, teflam, turmeric",Vegetarian,,"Prepare khatkatem in the minimal oil style with a with poi serving. Keep the recipe fully plant-based or vegetarian, using the traditional Goan masala and legumes/vegetables. Keep oil and salt low, and avoid extra rice, bread, ghee, or sugar.",20-30 minute brisk morning walk,Keep the portion small and avoid extra poee or rice
5,Goa,Weight Loss,Breakfast,Moong Dal Chila (Goan spices),300,16,45,6,8,Medium,Medium,Low,Safe,"Moong Dal, Green Chilli",Vegetarian,,Cook on iron tawa with zero oil spray.,30 mins brisk walking,Monitor energy levels; do not starve
6,Goa,Weight Loss,Breakfast,Moong Gathi (Light Spice; with poi),228,9,33,4,7,Low,Medium,High,Safe,"sprouted moong, coconut, cumin, coriander, green chilli, curry leaves",Vegetarian,,"Prepare moong gathi in the light spice style with a with poi serving. Keep the recipe fully plant-based or vegetarian, using the traditional Goan masala and legumes/vegetables. Keep oil and salt low, and avoid extra rice, bread, ghee, or sugar.",20-30 minute brisk morning walk,Keep the portion small and avoid extra poee or rice
7,Goa,Weight Loss,Breakfast,Moong Gathi + 1 Poee,300,12,48,6,7,Medium,Medium,Low,Gluten,"Sprouted Green Gram, Wheat, Coconut",Vegetarian,,Use minimal coconut and avoid oil tempering to cut fats.,30 mins brisk walking,Monitor energy levels; do not starve
8,Goa,Weight Loss,Breakfast,Neer Dosa with Tomato Chutney,300,8,55,5,4,Medium,Medium,Low,Safe,"Rice, Coconut, Tomato",Vegetarian,,Spread thin on non-stick pan without oil.,30 mins brisk walking,Monitor energy levels; do not starve
9,Goa,Weight Loss,Breakfast,Oats Poha Goan Style,300,10,48,7,8,Low,Medium,Low,Mustard,"Oats, Onion, Mustard Seeds",Vegetarian,,Use minimal oil and maximize vegetables for fiber.,30 mins brisk walking,Monitor energy levels; do not starve
10,Goa,Weight Loss,Breakfast,Ragi Satva (No Sugar),300,8,60,3,9,Low,Medium,Low,Safe,"Finger Millet, Water",Vegetarian,,Cook slowly to extract natural starch without adding fat.,30 mins brisk walking,Monitor energy levels; do not starve
11,Goa,Weight Loss,Breakfast,"Sannas (Steamed, Low Salt)",256,13,33,8,8,High,Low,Low,Safe,"rice, coconut, toddy/yeast",Vegetarian,,"Prepare sannas with minimal oil and a smaller serving, letting the local spices and tamarind do most of the flavour work. Keep the plate vegetable-forward and skip fried extras or sweet sides.",30 mins brisk walking,"Portion control matters; avoid extra bread, fried add-ons, and second helpings."
12,Goa,Weight Loss,Breakfast,Shirvyo with Skimmed Coconut Milk,300,6,55,6,4,Medium,Medium,Low,Dairy,"Rice Flour, Dilute Coconut Milk",Vegetarian,,Use very dilute coconut milk to cut fats.,30 mins brisk walking,Monitor energy levels; do not starve
13,Goa,Weight Loss,Breakfast,Sprouted Alsande Toss,300,14,48,5,11,Low,Medium,Low,Safe,Sprouted Black Eyed Peas,Vegetarian,,Steam sprouts lightly to ease digestion.,30 mins brisk walking,Monitor energy levels; do not starve
14,Goa,Weight Loss,Breakfast,Steamed Sannas (Brown Rice),300,8,60,2,6,High,Medium,Low,Safe,"Brown Rice, Urad Dal",Vegetarian,,Strictly steam; ensure no oil or ghee is used.,30 mins brisk walking,Monitor energy levels; do not starve
15,Goa,Weight Loss,Breakfast,"Tavsali (Minimal Oil, No Sugar)",248,12,32,8,8,High,Low,Low,"Gluten, Dairy","cucumber, rava, coconut, jaggery, cardamom",Vegetarian,,"Prepare tavsali with minimal oil and a smaller serving, letting the local spices and tamarind do most of the flavour work. Keep the plate vegetable-forward and skip fried extras or sweet sides.",30 mins brisk walking,"Portion control matters; avoid extra bread, fried add-ons, and second helpings."
16,Goa,Weight Loss,Breakfast,Uddamethi (Small Portion; with poi),171,7,23,4,9,Medium,Low,Low,Safe,"urad dal, raw mango, fenugreek seeds, tamarind, jaggery, spices",Vegetarian,,"Prepare uddamethi in the small portion style with a with poi serving. Keep the recipe fully plant-based or vegetarian, using the traditional Goan masala and legumes/vegetables. Keep oil and salt low, and avoid extra rice, bread, ghee, or sugar.",20-30 minute brisk morning walk,Keep the portion small and avoid extra poee or rice
17,Goa,Weight Loss,Breakfast,Ambot Tik (Kokum Tang; with poi),256,25,24,8,3,Low,Low,Medium,"Fish, Shellfish","fish or prawns, tamarind, vinegar, red chilli, garlic, kokum",Non-Vegetarian,Fish,"Prepare ambot tik in the kokum tang style with a with poi serving. Use lean fish, chicken, pork, or seafood as the traditional recipe calls for. Keep oil and salt low, and avoid extra rice, bread, ghee, or sugar.",20-30 minute brisk morning walk,"Contains fish, shellfish; keep the portion small and avoid extra poee or rice"
18,Goa,Weight Loss,Breakfast,Ambot Tik (Minimal Oil; with poi),291,23,25,11,4,Low,Low,High,"Fish, Shellfish","fish or prawns, tamarind, vinegar, red chilli, garlic, kokum",Non-Vegetarian,Fish,"Prepare ambot tik in the minimal oil style with a with poi serving. Use lean fish, chicken, pork, or seafood as the traditional recipe calls for. Keep oil and salt low, and avoid extra rice, bread, ghee, or sugar.",20-30 minute brisk morning walk,"Contains fish, shellfish; keep the portion small and avoid extra poee or rice"
19,Goa,Weight Loss,Breakfast,Balchao (Low Fat; with poi),250,28,24,9,6,Low,Low,Medium,"Fish, Shellfish","fish or prawns or pork, vinegar, red chilli, tomatoes, garlic, spices",Non-Vegetarian,Seafood,"Prepare balchao in the low fat style with a with poi serving. Use lean fish, chicken, pork, or seafood as the traditional recipe calls for. Keep oil and salt low, and avoid extra rice, bread, ghee, or sugar.",20-30 minute brisk morning walk,"Contains fish, shellfish; keep the portion small and avoid extra poee or rice"
20,Goa,Weight Loss,Breakfast,Caldinho (High Fibre; with poi),265,24,22,9,7,Low,Low,Medium,"Dairy, Fish","fish or chicken, coconut milk, green herbs, onions, pepper, spices",Non-Vegetarian,Fish,"Prepare caldinho in the high fibre style with a with poi serving. Use lean fish, chicken, pork, or seafood as the traditional recipe calls for. Keep oil and salt low, and avoid extra rice, bread, ghee, or sugar.",20-30 minute brisk morning walk,Contains fish; keep the portion small and avoid extra poee or rice
21,Goa,Weight Loss,Breakfast,Chicken Cafreal (Brown Rice; with poi),311,21,26,11,8,Low,Low,Medium,Safe,"chicken, coriander, lime, vinegar, garlic, green chilli, spices",Non-Vegetarian,Chicken,"Prepare chicken cafreal in the brown rice style with a with poi serving. Use lean fish, chicken, pork, or seafood as the traditional recipe calls for. Keep oil and salt low, and avoid extra rice, bread, ghee, or sugar.",20-30 minute brisk morning walk,Keep the portion small and avoid extra poee or rice
22,Goa,Weight Loss,Breakfast,Chicken Cafreal (Dry Roasted; with poi),238,26,20,6,4,High,Low,Medium,Safe,"chicken, coriander, lime, vinegar, garlic, green chilli, spices",Non-Vegetarian,Chicken,"Prepare chicken cafreal in the dry roasted style with a with poi serving. Use lean fish, chicken, pork, or seafood as the traditional recipe calls for. Keep oil and salt low, and avoid extra rice, bread, ghee, or sugar.",20-30 minute brisk morning walk,Keep the portion small and avoid extra poee or rice
23,Goa,Weight Loss,Breakfast,Crab Xacuti (Steamed; with poi),250,25,20,12,5,Low,Medium,Low,"Fish, Shellfish","crab, roasted coconut, poppy seeds, onions, dry red chillies, spices",Non-Vegetarian,Seafood,"Prepare crab xacuti in the steamed style with a with poi serving. Use lean fish, chicken, pork, or seafood as the traditional recipe calls for. Keep oil and salt low, and avoid extra rice, bread, ghee, or sugar.",20-30 minute brisk morning walk,Contains shellfish; keep the portion small and avoid extra poee or rice
24,Goa,Weight Loss,Breakfast,Fish Recheado (Leafy Side; with poi),272,29,22,8,7,Medium,Medium,Medium,Fish,"fish, recheado masala, vinegar, garlic, red chilli",Non-Vegetarian,Fish,"Prepare fish recheado in the leafy side style with a with poi serving. Use lean fish, chicken, pork, or seafood as the traditional recipe calls for. Keep oil and salt low, and avoid extra rice, bread, ghee, or sugar.",20-30 minute brisk morning walk,Contains fish; keep the portion small and avoid extra poee or rice
25,Goa,Weight Loss,Breakfast,Fish Recheado (Light Spice; with poi),290,24,32,7,7,Low,Medium,Low,Fish,"fish, recheado masala, vinegar, garlic, red chilli",Non-Vegetarian,Fish,"Prepare fish recheado in the light spice style with a with poi serving. Use lean fish, chicken, pork, or seafood as the traditional recipe calls for. Keep oil and salt low, and avoid extra rice, bread, ghee, or sugar.",20-30 minute brisk morning walk,Contains fish; keep the portion small and avoid extra poee or rice
26,Goa,Weight Loss,Breakfast,Goan Fish Curry (Small Portion; with poi),326,26,33,10,3,Medium,Medium,High,Fish,"fish, coconut, kokum, onion, garlic, Goan spice paste",Non-Vegetarian,Fish,"Prepare goan fish curry in the small portion style with a with poi serving. Use lean fish, chicken, pork, or seafood as the traditional recipe calls for. Keep oil and salt low, and avoid extra rice, bread, ghee, or sugar.",20-30 minute brisk morning walk,Contains fish; keep the portion small and avoid extra poee or rice
27,Goa,Weight Loss,Breakfast,Goan Fish Curry (With Salad; with poi),327,20,33,11,7,Low,Low,Medium,Fish,"fish, coconut, kokum, onion, garlic, Goan spice paste",Non-Vegetarian,Fish,"Prepare goan fish curry in the with salad style with a with poi serving. Use lean fish, chicken, pork, or seafood as the traditional recipe calls for. Keep oil and salt low, and avoid extra rice, bread, ghee, or sugar.",20-30 minute brisk morning walk,Contains fish; keep the portion small and avoid extra poee or rice
28,Goa,Weight Loss,Breakfast,Kismur (No Added Salt; with poi),309,19,35,7,3,Medium,Low,High,Fish,"dry fish, coconut, onion, lime, green chilli, spices",Non-Vegetarian,Fish,"Prepare kismur in the no added salt style with a with poi serving. Use lean fish, chicken, pork, or seafood as the traditional recipe calls for. Keep oil and salt low, and avoid extra rice, bread, ghee, or sugar.",20-30 minute brisk morning walk,Contains fish; keep the portion small and avoid extra poee or rice
29,Goa,Weight Loss,Breakfast,Prawn Dangar (Morning Serve; with poi),351,30,33,11,6,Low,Medium,Low,"Fish, Gluten, Shellfish","prawns, coconut, tamarind, semolina, onion, spices",Non-Vegetarian,Seafood,"Prepare prawn dangar in the morning serve style with a with poi serving. Use lean fish, chicken, pork, or seafood as the traditional recipe calls for. Keep oil and salt low, and avoid extra rice, bread, ghee, or sugar.",20-30 minute brisk morning walk,"Contains shellfish, gluten; keep the portion small and avoid extra poee or rice"
30,Goa,Weight Loss,Breakfast,Prawn Dangar (Red Rice; with poi),318,24,24,11,4,Medium,High,Medium,"Fish, Gluten, Shellfish","prawns, coconut, tamarind, semolina, onion, spices",Non-Vegetarian,Seafood,"Prepare prawn dangar in the red rice style with a with poi serving. Use lean fish, chicken, pork, or seafood as the traditional recipe calls for. Keep oil and salt low, and avoid extra rice, bread, ghee, or sugar.",20-30 minute brisk morning walk,"Contains shellfish, gluten; keep the portion small and avoid extra poee or rice"
31,Goa,Weight Loss,Breakfast,Xitt-Kodi (No Oil; with poi),296,28,35,9,3,Medium,Low,Medium,Fish,"rice, fish, coconut, kokum, onions, spices",Non-Vegetarian,Fish,"Prepare xitt-kodi in the no oil style with a with poi serving. Use lean fish, chicken, pork, or seafood as the traditional recipe calls for. Keep oil and salt low, and avoid extra rice, bread, ghee, or sugar.",20-30 minute brisk morning walk,Contains fish; keep the portion small and avoid extra poee or rice
32,Goa,Weight Loss,Breakfast,Xitt-Kodi (Portion Controlled; with poi),326,28,36,11,5,Medium,High,Low,Fish,"rice, fish, coconut, kokum, onions, spices",Non-Vegetarian,Fish,"Prepare xitt-kodi in the portion controlled style with a with poi serving. Use lean fish, chicken, pork, or seafood as the traditional recipe calls for. Keep oil and salt low, and avoid extra rice, bread, ghee, or sugar.",20-30 minute brisk morning walk,Contains fish; keep the portion small and avoid extra poee or rice
33,Goa,Weight Loss,Breakfast,Alsanyache Tonak (Portion Controlled; with poi),269,13,34,7,6,Low,Low,Low,Safe,"black-eyed beans, tonak masala, onion, garlic, coconut, tamarind, potato",Vegan,,"Prepare alsanyache tonak in the portion controlled style with a with poi serving. Keep the recipe fully plant-based or vegetarian, using the traditional Goan masala and legumes/vegetables. Keep oil and salt low, and avoid extra rice, bread, ghee, or sugar.",20-30 minute brisk morning walk,Keep the portion small and avoid extra poee or rice
34,Goa,Weight Loss,Breakfast,Ambadyachem Sasav (Low Fat; with poi),210,9,30,8,6,Medium,Medium,Low,Mustard,"ambade, coconut, mustard, green chilli, curry leaves, spices",Vegan,,"Prepare ambadyachem sasav in the low fat style with a with poi serving. Keep the recipe fully plant-based or vegetarian, using the traditional Goan masala and legumes/vegetables. Keep oil and salt low, and avoid extra rice, bread, ghee, or sugar.",20-30 minute brisk morning walk,Keep the portion small and avoid extra poee or rice
35,Goa,Weight Loss,Breakfast,Chana Ros (Brown Rice; with poi),240,10,25,9,6,Medium,Medium,Medium,Safe,"chickpeas, coconut, dried red chillies, onion, kokum, spices",Vegan,,"Prepare chana ros in the brown rice style with a with poi serving. Keep the recipe fully plant-based or vegetarian, using the traditional Goan masala and legumes/vegetables. Keep oil and salt low, and avoid extra rice, bread, ghee, or sugar.",20-30 minute brisk morning walk,Keep the portion small and avoid extra poee or rice
36,Goa,Weight Loss,Breakfast,Chana Ros (Dry Roasted; with poi),174,10,31,4,5,Medium,Medium,Medium,Safe,"chickpeas, coconut, dried red chillies, onion, kokum, spices",Vegan,,"Prepare chana ros in the dry roasted style with a with poi serving. Keep the recipe fully plant-based or vegetarian, using the traditional Goan masala and legumes/vegetables. Keep oil and salt low, and avoid extra rice, bread, ghee, or sugar.",20-30 minute brisk morning walk,Keep the portion small and avoid extra poee or rice
37,Goa,Weight Loss,Breakfast,Khatkatem (Kokum Tang; with poi),192,6,34,6,8,Medium,Low,Medium,Safe,"raw jackfruit, beetroot, pumpkin, raw banana, drumstick, coconut, teflam, turmeric",Vegan,,"Prepare khatkatem in the kokum tang style with a with poi serving. Keep the recipe fully plant-based or vegetarian, using the traditional Goan masala and legumes/vegetables. Keep oil and salt low, and avoid extra rice, bread, ghee, or sugar.",20-30 minute brisk morning walk,Keep the portion small and avoid extra poee or rice
38,Goa,Weight Loss,Breakfast,"Kismoor (Dry Toss, Sprouts Added)",290,13,35,8,8,Low,Low,Low,Safe,"coconut, chilli, onion, tamarind, dried vegetables",Vegan,,"Prepare kismoor with minimal oil and a smaller serving, letting the local spices and tamarind do most of the flavour work. Keep the plate vegetable-forward and skip fried extras or sweet sides.",30 mins brisk walking,"Portion control matters; avoid extra bread, fried add-ons, and second helpings."
39,Goa,Weight Loss,Breakfast,"Mooga Gathi (Light Coconut, High Fibre)",256,12,34,8,8,Low,Low,Low,Safe,"sprouted moong, coconut, tamarind, curry leaves",Vegan,,"Prepare mooga gathi with minimal oil and a smaller serving, letting the local spices and tamarind do most of the flavour work. Keep the plate vegetable-forward and skip fried extras or sweet sides.",30 mins brisk walking,"Portion control matters; avoid extra bread, fried add-ons, and second helpings."
40,Goa,Weight Loss,Breakfast,Moong Gathi (Leafy Side; with poi),246,13,35,6,5,Low,Low,High,Safe,"sprouted moong, coconut, cumin, coriander, green chilli, curry leaves",Vegan,,"Prepare moong gathi in the leafy side style with a with poi serving. Keep the recipe fully plant-based or vegetarian, using the traditional Goan masala and legumes/vegetables. Keep oil and salt low, and avoid extra rice, bread, ghee, or sugar.",20-30 minute brisk morning walk,Keep the portion small and avoid extra poee or rice
41,Goa,Weight Loss,Breakfast,"Pez (No Oil, Small Portion)",248,12,32,8,8,High,Low,Low,Safe,"rice, water, cumin, pepper, coconut",Vegan,,"Prepare pez with minimal oil and a smaller serving, letting the local spices and tamarind do most of the flavour work. Keep the plate vegetable-forward and skip fried extras or sweet sides.",30 mins brisk walking,"Portion control matters; avoid extra bread, fried add-ons, and second helpings."
42,Goa,Weight Loss,Breakfast,"Poee with Goan Bhaji (Thin Batter, No Frying)",256,13,33,8,8,Low,Low,Low,Gluten,"poee, local vegetables, onion, coconut, spices",Vegan,,"Prepare poee with goan bhaji with minimal oil and a smaller serving, letting the local spices and tamarind do most of the flavour work. Keep the plate vegetable-forward and skip fried extras or sweet sides.",30 mins brisk walking,"Portion control matters; avoid extra bread, fried add-ons, and second helpings."
43,Goa,Weight Loss,Breakfast,Poi (High Fibre; with poi),221,10,25,9,8,Low,Medium,Medium,Gluten,"whole wheat flour, wheat bran, yeast or toddy, water, salt",Vegan,,"Prepare poi in the high fibre style with a with poi serving. Keep the recipe fully plant-based or vegetarian, using the traditional Goan masala and legumes/vegetables. Keep oil and salt low, and avoid extra rice, bread, ghee, or sugar.",20-30 minute brisk morning walk,Contains gluten; keep the portion small and avoid extra poee or rice
44,Goa,Weight Loss,Breakfast,Sanna (Steamed; with poi),232,6,34,8,6,High,High,Medium,Safe,"red rice, coconut, urad dal, toddy or yeast, salt",Vegan,,"Prepare sanna in the steamed style with a with poi serving. Keep the recipe fully plant-based or vegetarian, using the traditional Goan masala and legumes/vegetables. Keep oil and salt low, and avoid extra rice, bread, ghee, or sugar.",20-30 minute brisk morning walk,Keep the portion small and avoid extra poee or rice
45,Goa,Weight Loss,Breakfast,Tambdi Bhaji (Morning Serve; with poi),215,14,27,5,8,Low,Low,Medium,Safe,"red amaranth, garlic, coconut, green chilli, turmeric, oil",Vegan,,"Prepare tambdi bhaji in the morning serve style with a with poi serving. Keep the recipe fully plant-based or vegetarian, using the traditional Goan masala and legumes/vegetables. Keep oil and salt low, and avoid extra rice, bread, ghee, or sugar.",20-30 minute brisk morning walk,Keep the portion small and avoid extra poee or rice
46,Goa,Weight Loss,Breakfast,Tambdi Bhaji (Red Rice; with poi),217,8,32,7,6,Low,Medium,Low,Safe,"red amaranth, garlic, coconut, green chilli, turmeric, oil",Vegan,,"Prepare tambdi bhaji in the red rice style with a with poi serving. Keep the recipe fully plant-based or vegetarian, using the traditional Goan masala and legumes/vegetables. Keep oil and salt low, and avoid extra rice, bread, ghee, or sugar.",20-30 minute brisk morning walk,Keep the portion small and avoid extra poee or rice
47,Goa,Weight Loss,Breakfast,Uddamethi (With Salad; with poi),205,7,24,9,10,Medium,Low,High,Safe,"urad dal, raw mango, fenugreek seeds, tamarind, jaggery, spices",Vegan,,"Prepare uddamethi in the with salad style with a with poi serving. Keep the recipe fully plant-based or vegetarian, using the traditional Goan masala and legumes/vegetables. Keep oil and salt low, and avoid extra rice, bread, ghee, or sugar.",20-30 minute brisk morning walk,Keep the portion small and avoid extra poee or rice
48,Goa,Weight Loss,Breakfast,Valchi Bhaji (No Added Salt; with poi),151,6,25,3,6,Medium,Low,Medium,Safe,"val or fern leaves, coconut, garlic, green chilli, spices",Vegan,,"Prepare valchi bhaji in the no added salt style with a with poi serving. Keep the recipe fully plant-based or vegetarian, using the traditional Goan masala and legumes/vegetables. Keep oil and salt low, and avoid extra rice, bread, ghee, or sugar.",20-30 minute brisk morning walk,Keep the portion small and avoid extra poee or rice
49,Goa,Weight Loss,Lunch,Alsanyache Tonak (Low Fat; with red rice),205,7,27,9,7,Low,Low,Medium,Safe,"black-eyed beans, tonak masala, onion, garlic, coconut, tamarind, potato",Vegetarian,,"Prepare alsanyache tonak in the low fat style with a with red rice serving. Keep the recipe fully plant-based or vegetarian, using the traditional Goan masala and legumes/vegetables. Keep oil and salt low, and avoid extra rice, bread, ghee, or sugar.",15-20 minute easy post-lunch walk,Keep the portion small and avoid extra poee or rice
50,Goa,Weight Loss,Lunch,Ambadyachem Sasav (Steamed; with red rice),189,10,26,5,5,Medium,Low,Low,Mustard,"ambade, coconut, mustard, green chilli, curry leaves, spices",Vegetarian,,"Prepare ambadyachem sasav in the steamed style with a with red rice serving. Keep the recipe fully plant-based or vegetarian, using the traditional Goan masala and legumes/vegetables. Keep oil and salt low, and avoid extra rice, bread, ghee, or sugar.",15-20 minute easy post-lunch walk,Keep the portion small and avoid extra poee or rice
51,Goa,Weight Loss,Lunch,Brown Rice + Moong Gathi + Steamed Kuvalyachi,450,18,65,10,12,High,Medium,Low,Safe,"Brown Rice, Green Gram, Ash Gourd",Vegetarian,,Use lime for flavor instead of coconut.,40 mins HIIT,Check for weakness; ensure hydration
52,Goa,Weight Loss,Lunch,Chana Ros (Light Spice; with red rice),160,8,23,4,6,Low,Low,Medium,Safe,"chickpeas, coconut, dried red chillies, onion, kokum, spices",Vegetarian,,"Prepare chana ros in the light spice style with a with red rice serving. Keep the recipe fully plant-based or vegetarian, using the traditional Goan masala and legumes/vegetables. Keep oil and salt low, and avoid extra rice, bread, ghee, or sugar.",15-20 minute easy post-lunch walk,Keep the portion small and avoid extra poee or rice
53,Goa,Weight Loss,Lunch,Khatkatem (No Oil; with red rice),251,6,36,6,9,Low,Low,Medium,Safe,"raw jackfruit, beetroot, pumpkin, raw banana, drumstick, coconut, teflam, turmeric",Vegetarian,,"Prepare khatkatem in the no oil style with a with red rice serving. Keep the recipe fully plant-based or vegetarian, using the traditional Goan masala and legumes/vegetables. Keep oil and salt low, and avoid extra rice, bread, ghee, or sugar.",15-20 minute easy post-lunch walk,Keep the portion small and avoid extra poee or rice
54,Goa,Weight Loss,Lunch,Khatkatem (Portion Controlled; with red rice),220,9,37,4,10,Medium,Medium,Medium,Safe,"raw jackfruit, beetroot, pumpkin, raw banana, drumstick, coconut, teflam, turmeric",Vegetarian,,"Prepare khatkatem in the portion controlled style with a with red rice serving. Keep the recipe fully plant-based or vegetarian, using the traditional Goan masala and legumes/vegetables. Keep oil and salt low, and avoid extra rice, bread, ghee, or sugar.",15-20 minute easy post-lunch walk,Keep the portion small and avoid extra poee or rice
55,Goa,Weight Loss,Lunch,Moong Gathi (Small Portion; with red rice),232,13,27,6,8,Low,Medium,Medium,Safe,"sprouted moong, coconut, cumin, coriander, green chilli, curry leaves",Vegetarian,,"Prepare moong gathi in the small portion style with a with red rice serving. Keep the recipe fully plant-based or vegetarian, using the traditional Goan masala and legumes/vegetables. Keep oil and salt low, and avoid extra rice, bread, ghee, or sugar.",15-20 minute easy post-lunch walk,Keep the portion small and avoid extra poee or rice
56,Goa,Weight Loss,Lunch,Poi (No Added Salt; with red rice),256,7,35,8,9,Low,Medium,Low,Gluten,"whole wheat flour, wheat bran, yeast or toddy, water, salt",Vegetarian,,"Prepare poi in the no added salt style with a with red rice serving. Keep the recipe fully plant-based or vegetarian, using the traditional Goan masala and legumes/vegetables. Keep oil and salt low, and avoid extra rice, bread, ghee, or sugar.",15-20 minute easy post-lunch walk,Contains gluten; keep the portion small and avoid extra poee or rice
57,Goa,Weight Loss,Lunch,Sanna (High Fibre; with red rice),258,6,31,9,8,Medium,Low,Low,Safe,"red rice, coconut, urad dal, toddy or yeast, salt",Vegetarian,,"Prepare sanna in the high fibre style with a with red rice serving. Keep the recipe fully plant-based or vegetarian, using the traditional Goan masala and legumes/vegetables. Keep oil and salt low, and avoid extra rice, bread, ghee, or sugar.",15-20 minute easy post-lunch walk,Keep the portion small and avoid extra poee or rice
58,Goa,Weight Loss,Lunch,Tambdi Bhaji (Brown Rice; with red rice),241,9,31,9,8,Medium,High,Low,Safe,"red amaranth, garlic, coconut, green chilli, turmeric, oil",Vegetarian,,"Prepare tambdi bhaji in the brown rice style with a with red rice serving. Keep the recipe fully plant-based or vegetarian, using the traditional Goan masala and legumes/vegetables. Keep oil and salt low, and avoid extra rice, bread, ghee, or sugar.",15-20 minute easy post-lunch walk,Keep the portion small and avoid extra poee or rice
59,Goa,Weight Loss,Lunch,Uddamethi (Minimal Oil; with red rice),255,10,33,6,8,High,Low,Medium,Safe,"urad dal, raw mango, fenugreek seeds, tamarind, jaggery, spices",Vegetarian,,"Prepare uddamethi in the minimal oil style with a with red rice serving. Keep the recipe fully plant-based or vegetarian, using the traditional Goan masala and legumes/vegetables. Keep oil and salt low, and avoid extra rice, bread, ghee, or sugar.",15-20 minute easy post-lunch walk,Keep the portion small and avoid extra poee or rice
60,Goa,Weight Loss,Lunch,Ukda Rice + Alsande Tondak + Tambdi Bhaji,400,20,60,8,14,High,Medium,Low,Safe,"Parboiled Rice, Black Eyed Peas, Red Amaranth",Vegetarian,,Boil beans without heavy tadka. Steam bhaji.,40 mins HIIT,Check for weakness; ensure hydration
61,Goa,Weight Loss,Lunch,Ukda Rice + Chana Ros + Moolyachi Bhaji,400,18,65,7,14,High,Medium,Low,Safe,"Parboiled Rice, White Peas, Radish",Vegetarian,,Boil chana without heavy coconut base.,40 mins HIIT,Check for weakness; ensure hydration
62,Goa,Weight Loss,Lunch,Ukda Rice + Dalitoy + Steamed Tambdi Bhaji,400,18,65,7,14,High,Medium,Low,Safe,"Parboiled Rice, Toor Dal, Red Amaranth",Vegetarian,,Boil dal without tadka. Steam bhaji to retain fiber.,40 mins HIIT,Check for weakness; ensure hydration
63,Goa,Weight Loss,Lunch,Ukda Rice + Kadi + Tendli Bhaji,400,15,65,8,12,High,Medium,Low,Safe,"Parboiled Rice, Kokum, Ivy Gourd",Vegetarian,,Strictly no sugar in kadi; steam gourd.,40 mins HIIT,Check for weakness; ensure hydration
64,Goa,Weight Loss,Lunch,Valchi Bhaji (Red Rice; with red rice),189,9,27,5,9,Low,Low,Medium,Safe,"val or fern leaves, coconut, garlic, green chilli, spices",Vegetarian,,"Prepare valchi bhaji in the red rice style with a with red rice serving. Keep the recipe fully plant-based or vegetarian, using the traditional Goan masala and legumes/vegetables. Keep oil and salt low, and avoid extra rice, bread, ghee, or sugar.",15-20 minute easy post-lunch walk,Keep the portion small and avoid extra poee or rice
65,Goa,Weight Loss,Lunch,Ambot Tik (No Oil; with red rice),304,30,33,11,5,Low,Low,High,"Fish, Shellfish","fish or prawns, tamarind, vinegar, red chilli, garlic, kokum",Non-Vegetarian,Fish,"Prepare ambot tik in the no oil style with a with red rice serving. Use lean fish, chicken, pork, or seafood as the traditional recipe calls for. Keep oil and salt low, and avoid extra rice, bread, ghee, or sugar.",15-20 minute easy post-lunch walk,"Contains fish, shellfish; keep the portion small and avoid extra poee or rice"
66,Goa,Weight Loss,Lunch,Ambot Tik (Portion Controlled; with red rice),257,28,19,6,7,Medium,Low,Medium,"Fish, Shellfish","fish or prawns, tamarind, vinegar, red chilli, garlic, kokum",Non-Vegetarian,Fish,"Prepare ambot tik in the portion controlled style with a with red rice serving. Use lean fish, chicken, pork, or seafood as the traditional recipe calls for. Keep oil and salt low, and avoid extra rice, bread, ghee, or sugar.",15-20 minute easy post-lunch walk,"Contains fish, shellfish; keep the portion small and avoid extra poee or rice"
67,Goa,Weight Loss,Lunch,Balchao (Steamed; with red rice),355,30,34,11,8,Low,High,High,"Fish, Shellfish","fish or prawns or pork, vinegar, red chilli, tomatoes, garlic, spices",Non-Vegetarian,Seafood,"Prepare balchao in the steamed style with a with red rice serving. Use lean fish, chicken, pork, or seafood as the traditional recipe calls for. Keep oil and salt low, and avoid extra rice, bread, ghee, or sugar.",15-20 minute easy post-lunch walk,"Contains fish, shellfish; keep the portion small and avoid extra poee or rice"
68,Goa,Weight Loss,Lunch,Brown Rice + Masoor Dal + Steamed Paplet,450,35,50,10,9,High,Medium,Low,"Fish, Sesame","Brown Rice, Red Lentil, Pomfret",Non-Vegetarian,Fish,Steam fish entirely; avoid any frying.,40 mins HIIT,Check for weakness; ensure hydration
69,Goa,Weight Loss,Lunch,Caldinho (No Added Salt; with red rice),284,19,23,11,5,Medium,Medium,Low,"Dairy, Fish","fish or chicken, coconut milk, green herbs, onions, pepper, spices",Non-Vegetarian,Fish,"Prepare caldinho in the no added salt style with a with red rice serving. Use lean fish, chicken, pork, or seafood as the traditional recipe calls for. Keep oil and salt low, and avoid extra rice, bread, ghee, or sugar.",15-20 minute easy post-lunch walk,Contains fish; keep the portion small and avoid extra poee or rice
70,Goa,Weight Loss,Lunch,Chicken Cafreal (Light Spice; with red rice),256,22,28,11,3,Medium,Medium,Medium,Safe,"chicken, coriander, lime, vinegar, garlic, green chilli, spices",Non-Vegetarian,Chicken,"Prepare chicken cafreal in the light spice style with a with red rice serving. Use lean fish, chicken, pork, or seafood as the traditional recipe calls for. Keep oil and salt low, and avoid extra rice, bread, ghee, or sugar.",15-20 minute easy post-lunch walk,Keep the portion small and avoid extra poee or rice
71,Goa,Weight Loss,Lunch,Crab Xacuti (High Fibre; with red rice),262,28,27,7,4,Medium,Medium,Medium,"Fish, Shellfish","crab, roasted coconut, poppy seeds, onions, dry red chillies, spices",Non-Vegetarian,Seafood,"Prepare crab xacuti in the high fibre style with a with red rice serving. Use lean fish, chicken, pork, or seafood as the traditional recipe calls for. Keep oil and salt low, and avoid extra rice, bread, ghee, or sugar.",15-20 minute easy post-lunch walk,Contains shellfish; keep the portion small and avoid extra poee or rice
72,Goa,Weight Loss,Lunch,Fish Recheado (Small Portion; with red rice),256,25,25,10,5,Medium,Medium,Medium,Fish,"fish, recheado masala, vinegar, garlic, red chilli",Non-Vegetarian,Fish,"Prepare fish recheado in the small portion style with a with red rice serving. Use lean fish, chicken, pork, or seafood as the traditional recipe calls for. Keep oil and salt low, and avoid extra rice, bread, ghee, or sugar.",15-20 minute easy post-lunch walk,Contains fish; keep the portion small and avoid extra poee or rice
73,Goa,Weight Loss,Lunch,Goan Fish Curry (Minimal Oil; with red rice),306,26,34,6,3,Medium,Medium,Low,Fish,"fish, coconut, kokum, onion, garlic, Goan spice paste",Non-Vegetarian,Fish,"Prepare goan fish curry in the minimal oil style with a with red rice serving. Use lean fish, chicken, pork, or seafood as the traditional recipe calls for. Keep oil and salt low, and avoid extra rice, bread, ghee, or sugar.",15-20 minute easy post-lunch walk,Contains fish; keep the portion small and avoid extra poee or rice
74,Goa,Weight Loss,Lunch,Kismur (Red Rice; with red rice),325,28,36,8,7,Medium,Medium,Medium,Fish,"dry fish, coconut, onion, lime, green chilli, spices",Non-Vegetarian,Fish,"Prepare kismur in the red rice style with a with red rice serving. Use lean fish, chicken, pork, or seafood as the traditional recipe calls for. Keep oil and salt low, and avoid extra rice, bread, ghee, or sugar.",15-20 minute easy post-lunch walk,Contains fish; keep the portion small and avoid extra poee or rice
75,Goa,Weight Loss,Lunch,Prawn Dangar (Brown Rice; with red rice),299,28,28,6,4,Low,Low,Medium,"Fish, Gluten, Shellfish","prawns, coconut, tamarind, semolina, onion, spices",Non-Vegetarian,Seafood,"Prepare prawn dangar in the brown rice style with a with red rice serving. Use lean fish, chicken, pork, or seafood as the traditional recipe calls for. Keep oil and salt low, and avoid extra rice, bread, ghee, or sugar.",15-20 minute easy post-lunch walk,"Contains shellfish, gluten; keep the portion small and avoid extra poee or rice"
76,Goa,Weight Loss,Lunch,Ukda Rice + Bangda Hooman + Tambdi Bhaji,450,30,50,14,9,High,Medium,Low,Fish,"Parboiled Rice, Mackerel, Red Amaranth",Non-Vegetarian,Fish,Use kokum for tang instead of heavy coconut paste.,40 mins HIIT,Check for weakness; ensure hydration
77,Goa,Weight Loss,Lunch,Ukda Rice + Boiled Chicken Ros + Mixed Bean,450,35,45,10,10,High,Medium,Low,Safe,"Parboiled Rice, Chicken, Mixed Beans",Non-Vegetarian,Chicken,Skim all fat from the ros (broth) before serving.,40 mins HIIT,Check for weakness; ensure hydration
78,Goa,Weight Loss,Lunch,Ukda Rice + Sol Kadi + Grilled Kingfish,400,35,40,10,5,High,Medium,Low,Fish,"Parboiled Rice, Kokum, Kingfish",Non-Vegetarian,Fish,Grill fish without oil. Sol kadi should have minimal coconut.,40 mins HIIT,Check for weakness; ensure hydration
79,Goa,Weight Loss,Lunch,Ukda Rice + Sungtachi Hooman (Light) + Cabbage,400,28,50,9,8,High,Medium,Low,"Fish, Shellfish","Parboiled Rice, Prawns, Cabbage",Non-Vegetarian,Prawns,Use minimal coconut paste. Steam cabbage.,40 mins HIIT,Check for weakness; ensure hydration
80,Goa,Weight Loss,Lunch,Xitt-Kodi (Low Fat; with red rice),333,29,24,11,7,High,High,Medium,Fish,"rice, fish, coconut, kokum, onions, spices",Non-Vegetarian,Fish,"Prepare xitt-kodi in the low fat style with a with red rice serving. Use lean fish, chicken, pork, or seafood as the traditional recipe calls for. Keep oil and salt low, and avoid extra rice, bread, ghee, or sugar.",15-20 minute easy post-lunch walk,Contains fish; keep the portion small and avoid extra poee or rice
81,Goa,Weight Loss,Lunch,Alsanyache Tonak (Minimal Oil; with steamed rice),196,13,27,4,6,Low,Medium,Medium,Safe,"black-eyed beans, tonak masala, onion, garlic, coconut, tamarind, potato",Vegan,,"Prepare alsanyache tonak in the minimal oil style with a with steamed rice serving. Keep the recipe fully plant-based or vegetarian, using the traditional Goan masala and legumes/vegetables. Keep oil and salt low, and avoid extra rice, bread, ghee, or sugar.",15-20 minute easy post-lunch walk,Keep the portion small and avoid extra poee or rice
82,Goa,Weight Loss,Lunch,"Alsanyache Tonak (Vegetable Heavy, Low Salt)",358,20,47,10,12,Low,Low,Low,Safe,"black-eyed peas, coconut, roasted spices, tamarind",Vegan,,"Prepare alsanyache tonak with minimal oil and a smaller serving, letting the local spices and tamarind do most of the flavour work. Keep the plate vegetable-forward and skip fried extras or sweet sides.",30 mins brisk walking,"Portion control matters; avoid extra bread, fried add-ons, and second helpings."
83,Goa,Weight Loss,Lunch,Ambadyachem Sasav (Light Tamarind Gravy),358,21,46,10,12,High,Low,Low,Mustard,"hog plum, coconut, mustard, jaggery, chilli",Vegan,,"Prepare ambadyachem sasav with minimal oil and a smaller serving, letting the local spices and tamarind do most of the flavour work. Keep the plate vegetable-forward and skip fried extras or sweet sides.",30 mins brisk walking,"Portion control matters; avoid extra bread, fried add-ons, and second helpings."
84,Goa,Weight Loss,Lunch,Ambadyachem Sasav (No Oil; with steamed rice),206,13,25,6,8,Medium,Low,Medium,Mustard,"ambade, coconut, mustard, green chilli, curry leaves, spices",Vegan,,"Prepare ambadyachem sasav in the no oil style with a with steamed rice serving. Keep the recipe fully plant-based or vegetarian, using the traditional Goan masala and legumes/vegetables. Keep oil and salt low, and avoid extra rice, bread, ghee, or sugar.",15-20 minute easy post-lunch walk,Keep the portion small and avoid extra poee or rice
85,Goa,Weight Loss,Lunch,"Caldinho (Steamed, No Coconut Cream)",366,21,48,10,12,Low,Low,Low,Dairy,"vegetables, coconut milk, turmeric, pepper",Vegan,,"Prepare caldinho with minimal oil and a smaller serving, letting the local spices and tamarind do most of the flavour work. Keep the plate vegetable-forward and skip fried extras or sweet sides.",30 mins brisk walking,"Portion control matters; avoid extra bread, fried add-ons, and second helpings."
86,Goa,Weight Loss,Lunch,"Chakho (Small Bowl, High Fibre)",350,20,45,10,12,High,Low,Low,Safe,"tender jackfruit, coconut, jaggery, green chilli",Vegan,,"Prepare chakho with minimal oil and a smaller serving, letting the local spices and tamarind do most of the flavour work. Keep the plate vegetable-forward and skip fried extras or sweet sides.",30 mins brisk walking,"Portion control matters; avoid extra bread, fried add-ons, and second helpings."
87,Goa,Weight Loss,Lunch,Chana Ros (Leafy Side; with red rice),244,8,35,5,9,Medium,Low,Medium,Safe,"chickpeas, coconut, dried red chillies, onion, kokum, spices",Vegan,,"Prepare chana ros in the leafy side style with a with red rice serving. Keep the recipe fully plant-based or vegetarian, using the traditional Goan masala and legumes/vegetables. Keep oil and salt low, and avoid extra rice, bread, ghee, or sugar.",15-20 minute easy post-lunch walk,Keep the portion small and avoid extra poee or rice
88,Goa,Weight Loss,Lunch,Khatkatem (Small Portion; with steamed rice),220,14,32,4,9,Low,Low,Medium,Safe,"raw jackfruit, beetroot, pumpkin, raw banana, drumstick, coconut, teflam, turmeric",Vegan,,"Prepare khatkatem in the small portion style with a with steamed rice serving. Keep the recipe fully plant-based or vegetarian, using the traditional Goan masala and legumes/vegetables. Keep oil and salt low, and avoid extra rice, bread, ghee, or sugar.",15-20 minute easy post-lunch walk,Keep the portion small and avoid extra poee or rice
89,Goa,Weight Loss,Lunch,"Khatkhatem (No Oil, Small Rice Portion)",350,20,45,10,12,Low,Low,Low,Safe,"mixed vegetables, coconut, tamarind, tur dal, moong dal",Vegan,,"Prepare khatkhatem with minimal oil and a smaller serving, letting the local spices and tamarind do most of the flavour work. Keep the plate vegetable-forward and skip fried extras or sweet sides.",30 mins brisk walking,"Portion control matters; avoid extra bread, fried add-ons, and second helpings."
90,Goa,Weight Loss,Lunch,Moong Gathi (With Salad; with red rice),197,7,31,5,9,Low,Medium,Low,Safe,"sprouted moong, coconut, cumin, coriander, green chilli, curry leaves",Vegan,,"Prepare moong gathi in the with salad style with a with red rice serving. Keep the recipe fully plant-based or vegetarian, using the traditional Goan masala and legumes/vegetables. Keep oil and salt low, and avoid extra rice, bread, ghee, or sugar.",15-20 minute easy post-lunch walk,Keep the portion small and avoid extra poee or rice
91,Goa,Weight Loss,Lunch,Poi (Post-Walk Plate; with red rice),234,6,33,8,9,Low,Low,Medium,Gluten,"whole wheat flour, wheat bran, yeast or toddy, water, salt",Vegan,,"Prepare poi in the post-walk plate style with a with red rice serving. Keep the recipe fully plant-based or vegetarian, using the traditional Goan masala and legumes/vegetables. Keep oil and salt low, and avoid extra rice, bread, ghee, or sugar.",15-20 minute easy post-lunch walk,Contains gluten; keep the portion small and avoid extra poee or rice
92,Goa,Weight Loss,Lunch,Sanna (Simple Bowl; with red rice),204,7,35,4,6,High,Low,Low,Safe,"red rice, coconut, urad dal, toddy or yeast, salt",Vegan,,"Prepare sanna in the simple bowl style with a with red rice serving. Keep the recipe fully plant-based or vegetarian, using the traditional Goan masala and legumes/vegetables. Keep oil and salt low, and avoid extra rice, bread, ghee, or sugar.",15-20 minute easy post-lunch walk,Keep the portion small and avoid extra poee or rice
93,Goa,Weight Loss,Lunch,Tambdi Bhaji (Dry Roasted; with red rice),203,7,30,7,10,Low,Low,Low,Safe,"red amaranth, garlic, coconut, green chilli, turmeric, oil",Vegan,,"Prepare tambdi bhaji in the dry roasted style with a with red rice serving. Keep the recipe fully plant-based or vegetarian, using the traditional Goan masala and legumes/vegetables. Keep oil and salt low, and avoid extra rice, bread, ghee, or sugar.",15-20 minute easy post-lunch walk,Keep the portion small and avoid extra poee or rice
94,Goa,Weight Loss,Lunch,Uddamethi (Kokum Tang; with red rice),169,7,24,5,8,Medium,Medium,Medium,Safe,"urad dal, raw mango, fenugreek seeds, tamarind, jaggery, spices",Vegan,,"Prepare uddamethi in the kokum tang style with a with red rice serving. Keep the recipe fully plant-based or vegetarian, using the traditional Goan masala and legumes/vegetables. Keep oil and salt low, and avoid extra rice, bread, ghee, or sugar.",15-20 minute easy post-lunch walk,Keep the portion small and avoid extra poee or rice
95,Goa,Weight Loss,Lunch,"Uddamethi (Pan Simmered, No Fry)",358,21,46,10,12,High,Low,Low,Safe,"urad dal, methi, coconut, tamarind, jaggery",Vegan,,"Prepare uddamethi with minimal oil and a smaller serving, letting the local spices and tamarind do most of the flavour work. Keep the plate vegetable-forward and skip fried extras or sweet sides.",30 mins brisk walking,"Portion control matters; avoid extra bread, fried add-ons, and second helpings."
96,Goa,Weight Loss,Lunch,Valchi Bhaji (Morning Serve; with red rice),230,14,30,6,9,Medium,Low,Medium,Safe,"val or fern leaves, coconut, garlic, green chilli, spices",Vegan,,"Prepare valchi bhaji in the morning serve style with a with red rice serving. Keep the recipe fully plant-based or vegetarian, using the traditional Goan masala and legumes/vegetables. Keep oil and salt low, and avoid extra rice, bread, ghee, or sugar.",15-20 minute easy post-lunch walk,Keep the portion small and avoid extra poee or rice
97,Goa,Weight Loss,Snack,Boiled Alsande (Black Eyed Peas),150,8,25,2,8,Low,Medium,Low,Safe,Black Eyed Peas,Vegetarian,,Boil thoroughly.,15 mins light yoga,Avoid if experiencing bloating
98,Goa,Weight Loss,Snack,Carrot and Celery Sticks,150,2,32,1,6,Low,Low,Low,Safe,"Carrot, Celery",Vegetarian,,Serve raw and crisp.,15 mins light yoga,Avoid if experiencing bloating
99,Goa,Weight Loss,Snack,Chana Ros (Small Portion; tea-time snack),174,6,24,6,6,Low,Low,Medium,Safe,"chickpeas, coconut, dried red chillies, onion, kokum, spices",Vegetarian,,"Prepare chana ros in the small portion style with a tea-time snack serving. Keep the recipe fully plant-based or vegetarian, using the traditional Goan masala and legumes/vegetables. Keep oil and salt low, and avoid extra rice, bread, ghee, or sugar.",10-15 minute light walk or mobility session,Keep the portion small and avoid extra poee or rice
100,Goa,Weight Loss,Snack,Cucumber Tomato Salad,150,3,30,1,6,Low,Low,Low,Safe,"Cucumber, Tomato",Vegetarian,,Serve raw without dressing.,15 mins light yoga,Avoid if experiencing bloating
101,Goa,Weight Loss,Snack,Mixed Fruit Bowl (Papaya/Apple),150,2,35,1,5,Low,Low,Low,Safe,"Papaya, Apple",Vegetarian,,Serve freshly chopped.,15 mins light yoga,Avoid if experiencing bloating
102,Goa,Weight Loss,Snack,Moong Gathi (Minimal Oil; tea-time snack),215,7,32,4,7,Low,Medium,Low,Safe,"sprouted moong, coconut, cumin, coriander, green chilli, curry leaves",Vegetarian,,"Prepare moong gathi in the minimal oil style with a tea-time snack serving. Keep the recipe fully plant-based or vegetarian, using the traditional Goan masala and legumes/vegetables. Keep oil and salt low, and avoid extra rice, bread, ghee, or sugar.",10-15 minute light walk or mobility session,Keep the portion small and avoid extra poee or rice
103,Goa,Weight Loss,Snack,Roasted Chana,150,8,25,2,6,Low,Medium,Low,Safe,Bengal Gram,Vegetarian,,Dry roast slowly on low flame.,15 mins light yoga,Avoid if experiencing bloating
104,Goa,Weight Loss,Snack,Roasted Edamame,150,12,12,6,5,Low,Low,Low,Soy,Green Soybeans,Vegetarian,,Dry roast thoroughly without any oil.,15 mins light yoga,Avoid if experiencing bloating
105,Goa,Weight Loss,Snack,Roasted Makhana,150,4,30,1,3,Low,Medium,Low,Safe,Fox Nuts,Vegetarian,,Dry roast instead of frying.,15 mins light yoga,Avoid if experiencing bloating
106,Goa,Weight Loss,Snack,Roasted Pumpkin Seeds,150,6,10,10,4,Low,Medium,Low,Safe,Pumpkin Seeds,Vegetarian,,Dry roast completely.,15 mins light yoga,Avoid if experiencing bloating
107,Goa,Weight Loss,Snack,Steamed Chana Toss,150,8,25,2,7,Low,Medium,Low,Safe,Brown Chickpeas,Vegetarian,,Boil completely and toss with raw onions.,15 mins light yoga,Avoid if experiencing bloating
108,Goa,Weight Loss,Snack,Steamed Sanna (No sugar),150,4,30,1,3,Medium,Medium,Low,Safe,"Rice, Urad Dal, Toddy",Vegetarian,,Steam perfectly; do not add sugar to the batter.,15 mins light yoga,Avoid if experiencing bloating
109,Goa,Weight Loss,Snack,Tambdi Bhaji (Light Spice; tea-time snack),224,7,33,8,5,High,High,Medium,Safe,"red amaranth, garlic, coconut, green chilli, turmeric, oil",Vegetarian,,"Prepare tambdi bhaji in the light spice style with a tea-time snack serving. Keep the recipe fully plant-based or vegetarian, using the traditional Goan masala and legumes/vegetables. Keep oil and salt low, and avoid extra rice, bread, ghee, or sugar.",10-15 minute light walk or mobility session,Keep the portion small and avoid extra poee or rice
110,Goa,Weight Loss,Snack,"Tavsali (Steamed, Light Snack)",150,7,17,4,5,High,Low,Low,"Gluten, Dairy","cucumber, rava, coconut, jaggery, cardamom",Vegetarian,,"Prepare tavsali with minimal oil and a smaller serving, letting the local spices and tamarind do most of the flavour work. Keep the plate vegetable-forward and skip fried extras or sweet sides.",30 mins brisk walking,"Portion control matters; avoid extra bread, fried add-ons, and second helpings."
111,Goa,Weight Loss,Snack,Uddamethi (No Oil; tea-time snack),221,10,28,6,9,High,Low,Low,Safe,"urad dal, raw mango, fenugreek seeds, tamarind, jaggery, spices",Vegetarian,,"Prepare uddamethi in the no oil style with a tea-time snack serving. Keep the recipe fully plant-based or vegetarian, using the traditional Goan masala and legumes/vegetables. Keep oil and salt low, and avoid extra rice, bread, ghee, or sugar.",10-15 minute light walk or mobility session,Keep the portion small and avoid extra poee or rice
112,Goa,Weight Loss,Snack,Valchi Bhaji (Brown Rice; tea-time snack),179,13,28,3,6,Medium,Low,Low,Safe,"val or fern leaves, coconut, garlic, green chilli, spices",Vegetarian,,"Prepare valchi bhaji in the brown rice style with a tea-time snack serving. Keep the recipe fully plant-based or vegetarian, using the traditional Goan masala and legumes/vegetables. Keep oil and salt low, and avoid extra rice, bread, ghee, or sugar.",10-15 minute light walk or mobility session,Keep the portion small and avoid extra poee or rice
113,Goa,Weight Loss,Snack,Ambot Tik (Low Fat; tea-time snack),219,20,19,7,6,Low,High,Low,"Fish, Shellfish","fish or prawns, tamarind, vinegar, red chilli, garlic, kokum",Non-Vegetarian,Fish,"Prepare ambot tik in the low fat style with a tea-time snack serving. Use lean fish, chicken, pork, or seafood as the traditional recipe calls for. Keep oil and salt low, and avoid extra rice, bread, ghee, or sugar.",10-15 minute light walk or mobility session,"Contains fish, shellfish; keep the portion small and avoid extra poee or rice"
114,Goa,Weight Loss,Snack,Balchao (High Fibre; tea-time snack),193,19,18,5,8,Medium,Low,Low,"Fish, Shellfish","fish or prawns or pork, vinegar, red chilli, tomatoes, garlic, spices",Non-Vegetarian,Seafood,"Prepare balchao in the high fibre style with a tea-time snack serving. Use lean fish, chicken, pork, or seafood as the traditional recipe calls for. Keep oil and salt low, and avoid extra rice, bread, ghee, or sugar.",10-15 minute light walk or mobility session,"Contains fish, shellfish; keep the portion small and avoid extra poee or rice"
115,Goa,Weight Loss,Snack,Caldinho (Morning Serve; tea-time snack),315,30,24,11,4,High,Medium,Medium,"Dairy, Fish","fish or chicken, coconut milk, green herbs, onions, pepper, spices",Non-Vegetarian,Fish,"Prepare caldinho in the morning serve style with a tea-time snack serving. Use lean fish, chicken, pork, or seafood as the traditional recipe calls for. Keep oil and salt low, and avoid extra rice, bread, ghee, or sugar.",10-15 minute light walk or mobility session,Contains fish; keep the portion small and avoid extra poee or rice
116,Goa,Weight Loss,Snack,Caldinho (Red Rice; tea-time snack),252,27,24,9,3,Low,Low,Medium,"Dairy, Fish","fish or chicken, coconut milk, green herbs, onions, pepper, spices",Non-Vegetarian,Fish,"Prepare caldinho in the red rice style with a tea-time snack serving. Use lean fish, chicken, pork, or seafood as the traditional recipe calls for. Keep oil and salt low, and avoid extra rice, bread, ghee, or sugar.",10-15 minute light walk or mobility session,Contains fish; keep the portion small and avoid extra poee or rice
117,Goa,Weight Loss,Snack,Chicken Cafreal (Small Portion; tea-time snack),279,22,29,8,3,Low,Low,Low,Safe,"chicken, coriander, lime, vinegar, garlic, green chilli, spices",Non-Vegetarian,Chicken,"Prepare chicken cafreal in the small portion style with a tea-time snack serving. Use lean fish, chicken, pork, or seafood as the traditional recipe calls for. Keep oil and salt low, and avoid extra rice, bread, ghee, or sugar.",10-15 minute light walk or mobility session,Keep the portion small and avoid extra poee or rice
118,Goa,Weight Loss,Snack,Chicken Cafreal (With Salad; tea-time snack),225,26,19,5,4,Medium,Low,Low,Safe,"chicken, coriander, lime, vinegar, garlic, green chilli, spices",Non-Vegetarian,Chicken,"Prepare chicken cafreal in the with salad style with a tea-time snack serving. Use lean fish, chicken, pork, or seafood as the traditional recipe calls for. Keep oil and salt low, and avoid extra rice, bread, ghee, or sugar.",10-15 minute light walk or mobility session,Keep the portion small and avoid extra poee or rice
119,Goa,Weight Loss,Snack,Crab Xacuti (No Added Salt; tea-time snack),280,21,36,7,7,Medium,Medium,Low,"Fish, Shellfish","crab, roasted coconut, poppy seeds, onions, dry red chillies, spices",Non-Vegetarian,Seafood,"Prepare crab xacuti in the no added salt style with a tea-time snack serving. Use lean fish, chicken, pork, or seafood as the traditional recipe calls for. Keep oil and salt low, and avoid extra rice, bread, ghee, or sugar.",10-15 minute light walk or mobility session,Contains shellfish; keep the portion small and avoid extra poee or rice
120,Goa,Weight Loss,Snack,Fish Recheado (Kokum Tang; tea-time snack),292,20,18,12,4,Medium,Low,Medium,Fish,"fish, recheado masala, vinegar, garlic, red chilli",Non-Vegetarian,Fish,"Prepare fish recheado in the kokum tang style with a tea-time snack serving. Use lean fish, chicken, pork, or seafood as the traditional recipe calls for. Keep oil and salt low, and avoid extra rice, bread, ghee, or sugar.",10-15 minute light walk or mobility session,Contains fish; keep the portion small and avoid extra poee or rice
121,Goa,Weight Loss,Snack,Fish Recheado (Minimal Oil; tea-time snack),324,22,32,12,8,Low,Low,Low,Fish,"fish, recheado masala, vinegar, garlic, red chilli",Non-Vegetarian,Fish,"Prepare fish recheado in the minimal oil style with a tea-time snack serving. Use lean fish, chicken, pork, or seafood as the traditional recipe calls for. Keep oil and salt low, and avoid extra rice, bread, ghee, or sugar.",10-15 minute light walk or mobility session,Contains fish; keep the portion small and avoid extra poee or rice
122,Goa,Weight Loss,Snack,Goan Fish Curry (No Oil; tea-time snack),274,27,28,10,4,Medium,Medium,Medium,Fish,"fish, coconut, kokum, onion, garlic, Goan spice paste",Non-Vegetarian,Fish,"Prepare goan fish curry in the no oil style with a tea-time snack serving. Use lean fish, chicken, pork, or seafood as the traditional recipe calls for. Keep oil and salt low, and avoid extra rice, bread, ghee, or sugar.",10-15 minute light walk or mobility session,Contains fish; keep the portion small and avoid extra poee or rice
123,Goa,Weight Loss,Snack,Goan Fish Curry (Portion Controlled; tea-time snack),242,24,29,8,8,Low,Medium,Medium,Fish,"fish, coconut, kokum, onion, garlic, Goan spice paste",Non-Vegetarian,Fish,"Prepare goan fish curry in the portion controlled style with a tea-time snack serving. Use lean fish, chicken, pork, or seafood as the traditional recipe calls for. Keep oil and salt low, and avoid extra rice, bread, ghee, or sugar.",10-15 minute light walk or mobility session,Contains fish; keep the portion small and avoid extra poee or rice
124,Goa,Weight Loss,Snack,Kismur (Brown Rice; tea-time snack),260,22,33,5,3,Medium,Medium,Medium,Fish,"dry fish, coconut, onion, lime, green chilli, spices",Non-Vegetarian,Fish,"Prepare kismur in the brown rice style with a tea-time snack serving. Use lean fish, chicken, pork, or seafood as the traditional recipe calls for. Keep oil and salt low, and avoid extra rice, bread, ghee, or sugar.",10-15 minute light walk or mobility session,Contains fish; keep the portion small and avoid extra poee or rice
125,Goa,Weight Loss,Snack,Kismur (Dry Roasted; tea-time snack),288,18,36,7,4,Medium,Low,Medium,Fish,"dry fish, coconut, onion, lime, green chilli, spices",Non-Vegetarian,Fish,"Prepare kismur in the dry roasted style with a tea-time snack serving. Use lean fish, chicken, pork, or seafood as the traditional recipe calls for. Keep oil and salt low, and avoid extra rice, bread, ghee, or sugar.",10-15 minute light walk or mobility session,Contains fish; keep the portion small and avoid extra poee or rice
126,Goa,Weight Loss,Snack,Prawn Dangar (Leafy Side; tea-time snack),290,24,28,6,3,Low,High,Medium,"Fish, Gluten, Shellfish","prawns, coconut, tamarind, semolina, onion, spices",Non-Vegetarian,Seafood,"Prepare prawn dangar in the leafy side style with a tea-time snack serving. Use lean fish, chicken, pork, or seafood as the traditional recipe calls for. Keep oil and salt low, and avoid extra rice, bread, ghee, or sugar.",10-15 minute light walk or mobility session,"Contains shellfish, gluten; keep the portion small and avoid extra poee or rice"
127,Goa,Weight Loss,Snack,Prawn Dangar (Light Spice; tea-time snack),279,30,27,6,4,Medium,High,Low,"Fish, Gluten, Shellfish","prawns, coconut, tamarind, semolina, onion, spices",Non-Vegetarian,Seafood,"Prepare prawn dangar in the light spice style with a tea-time snack serving. Use lean fish, chicken, pork, or seafood as the traditional recipe calls for. Keep oil and salt low, and avoid extra rice, bread, ghee, or sugar.",10-15 minute light walk or mobility session,"Contains shellfish, gluten; keep the portion small and avoid extra poee or rice"
128,Goa,Weight Loss,Snack,Xitt-Kodi (Steamed; tea-time snack),267,18,32,10,7,High,Medium,Medium,Fish,"rice, fish, coconut, kokum, onions, spices",Non-Vegetarian,Fish,"Prepare xitt-kodi in the steamed style with a tea-time snack serving. Use lean fish, chicken, pork, or seafood as the traditional recipe calls for. Keep oil and salt low, and avoid extra rice, bread, ghee, or sugar.",10-15 minute light walk or mobility session,Contains fish; keep the portion small and avoid extra poee or rice
129,Goa,Weight Loss,Snack,Alsanyache Tonak (Steamed; tea-time snack),281,14,36,9,7,Low,Low,Medium,Safe,"black-eyed beans, tonak masala, onion, garlic, coconut, tamarind, potato",Vegan,,"Prepare alsanyache tonak in the steamed style with a tea-time snack serving. Keep the recipe fully plant-based or vegetarian, using the traditional Goan masala and legumes/vegetables. Keep oil and salt low, and avoid extra rice, bread, ghee, or sugar.",10-15 minute light walk or mobility session,Keep the portion small and avoid extra poee or rice
130,Goa,Weight Loss,Snack,Ambadyachem Sasav (High Fibre; tea-time snack),225,14,33,7,8,Medium,Low,Low,Mustard,"ambade, coconut, mustard, green chilli, curry leaves, spices",Vegan,,"Prepare ambadyachem sasav in the high fibre style with a tea-time snack serving. Keep the recipe fully plant-based or vegetarian, using the traditional Goan masala and legumes/vegetables. Keep oil and salt low, and avoid extra rice, bread, ghee, or sugar.",10-15 minute light walk or mobility session,Keep the portion small and avoid extra poee or rice
131,Goa,Weight Loss,Snack,Chana Ros (With Salad; tea-time snack),254,12,38,6,8,Low,Low,Medium,Safe,"chickpeas, coconut, dried red chillies, onion, kokum, spices",Vegan,,"Prepare chana ros in the with salad style with a tea-time snack serving. Keep the recipe fully plant-based or vegetarian, using the traditional Goan masala and legumes/vegetables. Keep oil and salt low, and avoid extra rice, bread, ghee, or sugar.",10-15 minute light walk or mobility session,Keep the portion small and avoid extra poee or rice
132,Goa,Weight Loss,Snack,Khatkatem (Low Fat; tea-time snack),232,10,30,8,10,Low,Low,Low,Safe,"raw jackfruit, beetroot, pumpkin, raw banana, drumstick, coconut, teflam, turmeric",Vegan,,"Prepare khatkatem in the low fat style with a tea-time snack serving. Keep the recipe fully plant-based or vegetarian, using the traditional Goan masala and legumes/vegetables. Keep oil and salt low, and avoid extra rice, bread, ghee, or sugar.",10-15 minute light walk or mobility session,Keep the portion small and avoid extra poee or rice
133,Goa,Weight Loss,Snack,"Kismoor (Mini Portion, No Sugar)",140,6,16,4,5,Low,Low,Low,Safe,"coconut, chilli, onion, tamarind, dried vegetables",Vegan,,"Prepare kismoor with minimal oil and a smaller serving, letting the local spices and tamarind do most of the flavour work. Keep the plate vegetable-forward and skip fried extras or sweet sides.",30 mins brisk walking,"Portion control matters; avoid extra bread, fried add-ons, and second helpings."
134,Goa,Weight Loss,Snack,Moong Gathi (Kokum Tang; tea-time snack),190,9,25,6,8,Medium,Low,Medium,Safe,"sprouted moong, coconut, cumin, coriander, green chilli, curry leaves",Vegan,,"Prepare moong gathi in the kokum tang style with a tea-time snack serving. Keep the recipe fully plant-based or vegetarian, using the traditional Goan masala and legumes/vegetables. Keep oil and salt low, and avoid extra rice, bread, ghee, or sugar.",10-15 minute light walk or mobility session,Keep the portion small and avoid extra poee or rice
135,Goa,Weight Loss,Snack,"Paanch Pale Bhaji (No Frying, Low Salt)",140,7,19,4,5,Low,Low,Low,Safe,"five leafy greens, coconut, spices",Vegan,,"Prepare paanch pale bhaji with minimal oil and a smaller serving, letting the local spices and tamarind do most of the flavour work. Keep the plate vegetable-forward and skip fried extras or sweet sides.",30 mins brisk walking,"Portion control matters; avoid extra bread, fried add-ons, and second helpings."
136,Goa,Weight Loss,Snack,Patoleo (Simple Home Style),259,5,35,11,3,High,Low,Low,Safe,"rice flour, coconut, jaggery, turmeric leaves",Vegan,,"Prepare patoleo with minimal oil and a smaller serving, letting the local spices and tamarind do most of the flavour work. Keep the plate vegetable-forward and skip fried extras or sweet sides.",30 mins brisk walking,"Portion control matters; avoid extra bread, fried add-ons, and second helpings."
137,Goa,Weight Loss,Snack,"Pez (Raw Vegetables, Lime)",132,6,18,4,5,High,Low,Low,Safe,"rice, water, cumin, pepper, coconut",Vegan,,"Prepare pez with minimal oil and a smaller serving, letting the local spices and tamarind do most of the flavour work. Keep the plate vegetable-forward and skip fried extras or sweet sides.",30 mins brisk walking,"Portion control matters; avoid extra bread, fried add-ons, and second helpings."
138,Goa,Weight Loss,Snack,Poi (Morning Serve; tea-time snack),196,13,29,4,6,Medium,Low,Medium,Gluten,"whole wheat flour, wheat bran, yeast or toddy, water, salt",Vegan,,"Prepare poi in the morning serve style with a tea-time snack serving. Keep the recipe fully plant-based or vegetarian, using the traditional Goan masala and legumes/vegetables. Keep oil and salt low, and avoid extra rice, bread, ghee, or sugar.",10-15 minute light walk or mobility session,Contains gluten; keep the portion small and avoid extra poee or rice
139,Goa,Weight Loss,Snack,Poi (Red Rice; tea-time snack),229,7,36,8,9,Low,Medium,Medium,Gluten,"whole wheat flour, wheat bran, yeast or toddy, water, salt",Vegan,,"Prepare poi in the red rice style with a tea-time snack serving. Keep the recipe fully plant-based or vegetarian, using the traditional Goan masala and legumes/vegetables. Keep oil and salt low, and avoid extra rice, bread, ghee, or sugar.",10-15 minute light walk or mobility session,Contains gluten; keep the portion small and avoid extra poee or rice
140,Goa,Weight Loss,Snack,"Saar (Small Serving, High Fibre)",124,6,16,4,5,High,Low,Low,"Dairy, Mustard","tomato, coconut milk, mustard, jaggery, curry leaves",Vegan,,"Prepare saar with minimal oil and a smaller serving, letting the local spices and tamarind do most of the flavour work. Keep the plate vegetable-forward and skip fried extras or sweet sides.",30 mins brisk walking,"Portion control matters; avoid extra bread, fried add-ons, and second helpings."
141,Goa,Weight Loss,Snack,Sanna (No Added Salt; tea-time snack),170,6,31,5,6,High,Medium,Low,Safe,"red rice, coconut, urad dal, toddy or yeast, salt",Vegan,,"Prepare sanna in the no added salt style with a tea-time snack serving. Keep the recipe fully plant-based or vegetarian, using the traditional Goan masala and legumes/vegetables. Keep oil and salt low, and avoid extra rice, bread, ghee, or sugar.",10-15 minute light walk or mobility session,Keep the portion small and avoid extra poee or rice
142,Goa,Weight Loss,Snack,Tambdi Bhaji (Leafy Side; tea-time snack),183,7,23,7,9,Medium,High,Medium,Safe,"red amaranth, garlic, coconut, green chilli, turmeric, oil",Vegan,,"Prepare tambdi bhaji in the leafy side style with a tea-time snack serving. Keep the recipe fully plant-based or vegetarian, using the traditional Goan masala and legumes/vegetables. Keep oil and salt low, and avoid extra rice, bread, ghee, or sugar.",10-15 minute light walk or mobility session,Keep the portion small and avoid extra poee or rice
143,Goa,Weight Loss,Snack,Uddamethi (Portion Controlled; tea-time snack),174,6,24,6,7,High,High,High,Safe,"urad dal, raw mango, fenugreek seeds, tamarind, jaggery, spices",Vegan,,"Prepare uddamethi in the portion controlled style with a tea-time snack serving. Keep the recipe fully plant-based or vegetarian, using the traditional Goan masala and legumes/vegetables. Keep oil and salt low, and avoid extra rice, bread, ghee, or sugar.",10-15 minute light walk or mobility session,Keep the portion small and avoid extra poee or rice
144,Goa,Weight Loss,Snack,Valchi Bhaji (Dry Roasted; tea-time snack),224,9,36,8,7,Low,Medium,Medium,Safe,"val or fern leaves, coconut, garlic, green chilli, spices",Vegan,,"Prepare valchi bhaji in the dry roasted style with a tea-time snack serving. Keep the recipe fully plant-based or vegetarian, using the traditional Goan masala and legumes/vegetables. Keep oil and salt low, and avoid extra rice, bread, ghee, or sugar.",10-15 minute light walk or mobility session,Keep the portion small and avoid extra poee or rice
145,Goa,Weight Loss,Dinner,Alsanyache Tonak (High Fibre; with steamed rice),268,9,34,8,8,Low,Medium,Medium,Safe,"black-eyed beans, tonak masala, onion, garlic, coconut, tamarind, potato",Vegetarian,,"Prepare alsanyache tonak in the high fibre style with a with steamed rice serving. Keep the recipe fully plant-based or vegetarian, using the traditional Goan masala and legumes/vegetables. Keep oil and salt low, and avoid extra rice, bread, ghee, or sugar.",20 minute relaxed post-dinner walk,Keep the portion small and avoid extra poee or rice
146,Goa,Weight Loss,Dinner,Ambadyachem Sasav (No Added Salt; with steamed rice),243,13,35,8,9,Medium,Low,Medium,Mustard,"ambade, coconut, mustard, green chilli, curry leaves, spices",Vegetarian,,"Prepare ambadyachem sasav in the no added salt style with a with steamed rice serving. Keep the recipe fully plant-based or vegetarian, using the traditional Goan masala and legumes/vegetables. Keep oil and salt low, and avoid extra rice, bread, ghee, or sugar.",20 minute relaxed post-dinner walk,Keep the portion small and avoid extra poee or rice
147,Goa,Weight Loss,Dinner,Chana Ros (Minimal Oil; with steamed rice),211,14,32,3,8,Low,Medium,Medium,Safe,"chickpeas, coconut, dried red chillies, onion, kokum, spices",Vegetarian,,"Prepare chana ros in the minimal oil style with a with steamed rice serving. Keep the recipe fully plant-based or vegetarian, using the traditional Goan masala and legumes/vegetables. Keep oil and salt low, and avoid extra rice, bread, ghee, or sugar.",20 minute relaxed post-dinner walk,Keep the portion small and avoid extra poee or rice
148,Goa,Weight Loss,Dinner,Jowar Bhakri + Tambdi Bhaji,350,12,60,6,12,Low,Medium,Low,Safe,"Sorghum, Red Amaranth",Vegetarian,,Knead dough with warm water; steam bhaji.,20 mins post-dinner walk,Ensure gap of 2 hours before sleep
149,Goa,Weight Loss,Dinner,Khatkatem (Steamed; with steamed rice),179,10,28,3,9,Medium,Low,Medium,Safe,"raw jackfruit, beetroot, pumpkin, raw banana, drumstick, coconut, teflam, turmeric",Vegetarian,,"Prepare khatkatem in the steamed style with a with steamed rice serving. Keep the recipe fully plant-based or vegetarian, using the traditional Goan masala and legumes/vegetables. Keep oil and salt low, and avoid extra rice, bread, ghee, or sugar.",20 minute relaxed post-dinner walk,Keep the portion small and avoid extra poee or rice
150,Goa,Weight Loss,Dinner,Kuvalyachi (Ash Gourd) Soup + 1 Poee,350,12,65,4,8,Low,Medium,Low,Gluten,"Ash Gourd, Wheat",Vegetarian,,Blend boiled gourd into soup without cream.,20 mins post-dinner walk,Ensure soup is not overly spiced
151,Goa,Weight Loss,Dinner,Moong Gathi (No Oil; with steamed rice),203,12,35,3,8,Medium,High,Low,Safe,"sprouted moong, coconut, cumin, coriander, green chilli, curry leaves",Vegetarian,,"Prepare moong gathi in the no oil style with a with steamed rice serving. Keep the recipe fully plant-based or vegetarian, using the traditional Goan masala and legumes/vegetables. Keep oil and salt low, and avoid extra rice, bread, ghee, or sugar.",20 minute relaxed post-dinner walk,Keep the portion small and avoid extra poee or rice
152,Goa,Weight Loss,Dinner,Moong Gathi Soup + 1 Poee,350,18,55,6,10,Medium,Medium,Low,Gluten,"Green Gram, Wheat",Vegetarian,,Keep soup watery and filling.,20 mins post-dinner walk,Ensure protein intake is met
153,Goa,Weight Loss,Dinner,Patal Bhaji (Clear Soup Style) + 1 Poee,350,15,60,5,10,Low,Medium,Low,Gluten,"White Peas, Wheat",Vegetarian,,Use minimal oil and keep soup clear.,20 mins post-dinner walk,Ensure digestion is smooth
154,Goa,Weight Loss,Dinner,Poee + Boiled Egg Whites (4) in Tomato Gravy,350,25,45,6,6,Low,Medium,Low,"Egg, Eggs, Gluten","Wheat, Egg Whites, Tomato",Vegetarian,,Remove yolks entirely to eliminate cholesterol.,20 mins post-dinner walk,Avoid yolks completely
155,Goa,Weight Loss,Dinner,Poee + Soya Bean Tondak (No Coconut),350,25,45,6,10,Low,Medium,Low,"Gluten, Soy","Wheat, Soya Chunks",Vegetarian,,Avoid coconut paste entirely; use onion-tomato base.,20 mins post-dinner walk,Avoid rich gravies
156,Goa,Weight Loss,Dinner,Poi (Brown Rice; with steamed rice),186,7,26,6,8,Low,Medium,Medium,Gluten,"whole wheat flour, wheat bran, yeast or toddy, water, salt",Vegetarian,,"Prepare poi in the brown rice style with a with steamed rice serving. Keep the recipe fully plant-based or vegetarian, using the traditional Goan masala and legumes/vegetables. Keep oil and salt low, and avoid extra rice, bread, ghee, or sugar.",20 minute relaxed post-dinner walk,Contains gluten; keep the portion small and avoid extra poee or rice
157,Goa,Weight Loss,Dinner,Sanna (Red Rice; with steamed rice),236,12,38,4,6,High,Low,Low,Safe,"red rice, coconut, urad dal, toddy or yeast, salt",Vegetarian,,"Prepare sanna in the red rice style with a with steamed rice serving. Keep the recipe fully plant-based or vegetarian, using the traditional Goan masala and legumes/vegetables. Keep oil and salt low, and avoid extra rice, bread, ghee, or sugar.",20 minute relaxed post-dinner walk,Keep the portion small and avoid extra poee or rice
158,Goa,Weight Loss,Dinner,Tambdi Bhaji (Small Portion; with steamed rice),251,13,33,6,7,Medium,Medium,Medium,Safe,"red amaranth, garlic, coconut, green chilli, turmeric, oil",Vegetarian,,"Prepare tambdi bhaji in the small portion style with a with steamed rice serving. Keep the recipe fully plant-based or vegetarian, using the traditional Goan masala and legumes/vegetables. Keep oil and salt low, and avoid extra rice, bread, ghee, or sugar.",20 minute relaxed post-dinner walk,Keep the portion small and avoid extra poee or rice
159,Goa,Weight Loss,Dinner,Uddamethi (Low Fat; with steamed rice),196,9,31,4,7,High,Low,Medium,Safe,"urad dal, raw mango, fenugreek seeds, tamarind, jaggery, spices",Vegetarian,,"Prepare uddamethi in the low fat style with a with steamed rice serving. Keep the recipe fully plant-based or vegetarian, using the traditional Goan masala and legumes/vegetables. Keep oil and salt low, and avoid extra rice, bread, ghee, or sugar.",20 minute relaxed post-dinner walk,Keep the portion small and avoid extra poee or rice
160,Goa,Weight Loss,Dinner,Valchi Bhaji (Light Spice; with steamed rice),209,11,26,6,6,Medium,Medium,Medium,Safe,"val or fern leaves, coconut, garlic, green chilli, spices",Vegetarian,,"Prepare valchi bhaji in the light spice style with a with steamed rice serving. Keep the recipe fully plant-based or vegetarian, using the traditional Goan masala and legumes/vegetables. Keep oil and salt low, and avoid extra rice, bread, ghee, or sugar.",20 minute relaxed post-dinner walk,Keep the portion small and avoid extra poee or rice
161,Goa,Weight Loss,Dinner,Ambot Tik (Steamed; with steamed rice),296,28,34,10,4,Medium,High,Medium,"Fish, Shellfish","fish or prawns, tamarind, vinegar, red chilli, garlic, kokum",Non-Vegetarian,Fish,"Prepare ambot tik in the steamed style with a with steamed rice serving. Use lean fish, chicken, pork, or seafood as the traditional recipe calls for. Keep oil and salt low, and avoid extra rice, bread, ghee, or sugar.",20 minute relaxed post-dinner walk,"Contains fish, shellfish; keep the portion small and avoid extra poee or rice"
162,Goa,Weight Loss,Dinner,Balchao (No Added Salt; with steamed rice),225,24,21,5,4,Medium,Low,Medium,"Fish, Shellfish","fish or prawns or pork, vinegar, red chilli, tomatoes, garlic, spices",Non-Vegetarian,Seafood,"Prepare balchao in the no added salt style with a with steamed rice serving. Use lean fish, chicken, pork, or seafood as the traditional recipe calls for. Keep oil and salt low, and avoid extra rice, bread, ghee, or sugar.",20 minute relaxed post-dinner walk,"Contains fish, shellfish; keep the portion small and avoid extra poee or rice"
163,Goa,Weight Loss,Dinner,Caldinho (Brown Rice; with steamed rice),213,23,19,5,6,Medium,Low,Low,"Dairy, Fish","fish or chicken, coconut milk, green herbs, onions, pepper, spices",Non-Vegetarian,Fish,"Prepare caldinho in the brown rice style with a with steamed rice serving. Use lean fish, chicken, pork, or seafood as the traditional recipe calls for. Keep oil and salt low, and avoid extra rice, bread, ghee, or sugar.",20 minute relaxed post-dinner walk,Contains fish; keep the portion small and avoid extra poee or rice
164,Goa,Weight Loss,Dinner,Chicken Cafreal (Kokum Tang; with steamed rice),313,23,31,10,4,High,High,Medium,Safe,"chicken, coriander, lime, vinegar, garlic, green chilli, spices",Non-Vegetarian,Chicken,"Prepare chicken cafreal in the kokum tang style with a with steamed rice serving. Use lean fish, chicken, pork, or seafood as the traditional recipe calls for. Keep oil and salt low, and avoid extra rice, bread, ghee, or sugar.",20 minute relaxed post-dinner walk,Keep the portion small and avoid extra poee or rice
165,Goa,Weight Loss,Dinner,Chicken Cafreal (Minimal Oil; with steamed rice),309,21,27,10,3,Low,Medium,Medium,Safe,"chicken, coriander, lime, vinegar, garlic, green chilli, spices",Non-Vegetarian,Chicken,"Prepare chicken cafreal in the minimal oil style with a with steamed rice serving. Use lean fish, chicken, pork, or seafood as the traditional recipe calls for. Keep oil and salt low, and avoid extra rice, bread, ghee, or sugar.",20 minute relaxed post-dinner walk,Keep the portion small and avoid extra poee or rice
166,Goa,Weight Loss,Dinner,Clear Chicken Cafreal Broth + 1 Poee,350,28,45,5,4,Low,Medium,Low,Gluten,"Chicken, Coriander, Wheat",Non-Vegetarian,Chicken,Boil chicken in cafreal masala and skim fat.,20 mins post-dinner walk,Ensure protein intake is met
167,Goa,Weight Loss,Dinner,Clear Sungtachi (Prawn) Soup + 1 Poee,350,25,40,9,5,Low,Medium,Low,"Fish, Gluten, Shellfish","Prawns, Garlic, Wheat",Non-Vegetarian,Prawns,Skim fat from top before serving; use fresh prawns.,20 mins post-dinner walk,Ensure protein intake is met
168,Goa,Weight Loss,Dinner,Crab Xacuti (Red Rice; with steamed rice),318,28,29,10,5,Low,Low,Low,"Fish, Shellfish","crab, roasted coconut, poppy seeds, onions, dry red chillies, spices",Non-Vegetarian,Seafood,"Prepare crab xacuti in the red rice style with a with steamed rice serving. Use lean fish, chicken, pork, or seafood as the traditional recipe calls for. Keep oil and salt low, and avoid extra rice, bread, ghee, or sugar.",20 minute relaxed post-dinner walk,Contains shellfish; keep the portion small and avoid extra poee or rice
169,Goa,Weight Loss,Dinner,Fish Recheado (No Oil; with steamed rice),251,30,25,8,6,Low,High,Medium,Fish,"fish, recheado masala, vinegar, garlic, red chilli",Non-Vegetarian,Fish,"Prepare fish recheado in the no oil style with a with steamed rice serving. Use lean fish, chicken, pork, or seafood as the traditional recipe calls for. Keep oil and salt low, and avoid extra rice, bread, ghee, or sugar.",20 minute relaxed post-dinner walk,Contains fish; keep the portion small and avoid extra poee or rice
170,Goa,Weight Loss,Dinner,Fish Recheado (Portion Controlled; with steamed rice),270,20,28,11,6,Low,Medium,Medium,Fish,"fish, recheado masala, vinegar, garlic, red chilli",Non-Vegetarian,Fish,"Prepare fish recheado in the portion controlled style with a with steamed rice serving. Use lean fish, chicken, pork, or seafood as the traditional recipe calls for. Keep oil and salt low, and avoid extra rice, bread, ghee, or sugar.",20 minute relaxed post-dinner walk,Contains fish; keep the portion small and avoid extra poee or rice
171,Goa,Weight Loss,Dinner,Goan Fish Curry (Low Fat; with steamed rice),286,26,33,6,6,Medium,Low,Medium,Fish,"fish, coconut, kokum, onion, garlic, Goan spice paste",Non-Vegetarian,Fish,"Prepare goan fish curry in the low fat style with a with steamed rice serving. Use lean fish, chicken, pork, or seafood as the traditional recipe calls for. Keep oil and salt low, and avoid extra rice, bread, ghee, or sugar.",20 minute relaxed post-dinner walk,Contains fish; keep the portion small and avoid extra poee or rice
172,Goa,Weight Loss,Dinner,Jowar Bhakri + Steamed Visvonn (Kingfish),350,30,35,9,7,Low,Medium,Low,Fish,"Sorghum, Kingfish",Non-Vegetarian,Fish,Steam fish in banana leaf without oil.,20 mins post-dinner walk,Ensure protein intake is met
173,Goa,Weight Loss,Dinner,Kismur (Light Spice; with steamed rice),260,24,20,7,3,Medium,Medium,Medium,Fish,"dry fish, coconut, onion, lime, green chilli, spices",Non-Vegetarian,Fish,"Prepare kismur in the light spice style with a with steamed rice serving. Use lean fish, chicken, pork, or seafood as the traditional recipe calls for. Keep oil and salt low, and avoid extra rice, bread, ghee, or sugar.",20 minute relaxed post-dinner walk,Contains fish; keep the portion small and avoid extra poee or rice
174,Goa,Weight Loss,Dinner,Poee + Steamed Paplet (Pomfret) in Banana Leaf,350,28,45,6,6,Low,Medium,Low,"Fish, Gluten","Wheat, Pomfret, Green Masala",Non-Vegetarian,Fish,Marinate and steam directly to avoid any frying.,20 mins post-dinner walk,Ensure protein intake is met
175,Goa,Weight Loss,Dinner,Prawn Dangar (Small Portion; with steamed rice),303,30,21,11,3,Low,Low,High,"Fish, Gluten, Shellfish","prawns, coconut, tamarind, semolina, onion, spices",Non-Vegetarian,Seafood,"Prepare prawn dangar in the small portion style with a with steamed rice serving. Use lean fish, chicken, pork, or seafood as the traditional recipe calls for. Keep oil and salt low, and avoid extra rice, bread, ghee, or sugar.",20 minute relaxed post-dinner walk,"Contains shellfish, gluten; keep the portion small and avoid extra poee or rice"
176,Goa,Weight Loss,Dinner,Xitt-Kodi (High Fibre; with steamed rice),225,18,27,5,8,Medium,Low,High,Fish,"rice, fish, coconut, kokum, onions, spices",Non-Vegetarian,Fish,"Prepare xitt-kodi in the high fibre style with a with steamed rice serving. Use lean fish, chicken, pork, or seafood as the traditional recipe calls for. Keep oil and salt low, and avoid extra rice, bread, ghee, or sugar.",20 minute relaxed post-dinner walk,Contains fish; keep the portion small and avoid extra poee or rice
177,Goa,Weight Loss,Dinner,"Alsanyache Tonak (No Added Salt, Light Spice)",321,19,41,9,11,Low,Low,Low,Safe,"black-eyed peas, coconut, roasted spices, tamarind",Vegan,,"Prepare alsanyache tonak with minimal oil and a smaller serving, letting the local spices and tamarind do most of the flavour work. Keep the plate vegetable-forward and skip fried extras or sweet sides.",30 mins brisk walking,"Portion control matters; avoid extra bread, fried add-ons, and second helpings."
178,Goa,Weight Loss,Dinner,Alsanyache Tonak (Simple Bowl; with steamed rice),264,13,31,8,10,Medium,Medium,Low,Safe,"black-eyed beans, tonak masala, onion, garlic, coconut, tamarind, potato",Vegan,,"Prepare alsanyache tonak in the simple bowl style with a with steamed rice serving. Keep the recipe fully plant-based or vegetarian, using the traditional Goan masala and legumes/vegetables. Keep oil and salt low, and avoid extra rice, bread, ghee, or sugar.",20 minute relaxed post-dinner walk,Keep the portion small and avoid extra poee or rice
179,Goa,Weight Loss,Dinner,Ambadyachem Sasav (Post-Walk Plate; with steamed rice),216,11,25,8,6,Medium,Low,Medium,Mustard,"ambade, coconut, mustard, green chilli, curry leaves, spices",Vegan,,"Prepare ambadyachem sasav in the post-walk plate style with a with steamed rice serving. Keep the recipe fully plant-based or vegetarian, using the traditional Goan masala and legumes/vegetables. Keep oil and salt low, and avoid extra rice, bread, ghee, or sugar.",20 minute relaxed post-dinner walk,Keep the portion small and avoid extra poee or rice
180,Goa,Weight Loss,Dinner,"Ambadyachem Sasav (Steam Cooked, Low Oil)",321,18,42,9,11,High,Low,Low,Mustard,"hog plum, coconut, mustard, jaggery, chilli",Vegan,,"Prepare ambadyachem sasav with minimal oil and a smaller serving, letting the local spices and tamarind do most of the flavour work. Keep the plate vegetable-forward and skip fried extras or sweet sides.",30 mins brisk walking,"Portion control matters; avoid extra bread, fried add-ons, and second helpings."
181,Goa,Weight Loss,Dinner,"Caldinho (Light Gravy, No Fry)",321,19,41,9,11,Low,Low,Low,Dairy,"vegetables, coconut milk, turmeric, pepper",Vegan,,"Prepare caldinho with minimal oil and a smaller serving, letting the local spices and tamarind do most of the flavour work. Keep the plate vegetable-forward and skip fried extras or sweet sides.",30 mins brisk walking,"Portion control matters; avoid extra bread, fried add-ons, and second helpings."
182,Goa,Weight Loss,Dinner,Chana Ros (Kokum Tang; with steamed rice),282,14,33,7,9,Low,Low,Low,Safe,"chickpeas, coconut, dried red chillies, onion, kokum, spices",Vegan,,"Prepare chana ros in the kokum tang style with a with steamed rice serving. Keep the recipe fully plant-based or vegetarian, using the traditional Goan masala and legumes/vegetables. Keep oil and salt low, and avoid extra rice, bread, ghee, or sugar.",20 minute relaxed post-dinner walk,Keep the portion small and avoid extra poee or rice
183,Goa,Weight Loss,Dinner,"Chidki Midki Bhaji (Measured Portion, Low Salt)",313,18,40,9,11,Low,Low,Low,Safe,"leafy greens, coconut, garlic, spices",Vegan,,"Prepare chidki midki bhaji with minimal oil and a smaller serving, letting the local spices and tamarind do most of the flavour work. Keep the plate vegetable-forward and skip fried extras or sweet sides.",30 mins brisk walking,"Portion control matters; avoid extra bread, fried add-ons, and second helpings."
184,Goa,Weight Loss,Dinner,Khatkatem (No Oil; with brown rice),167,13,22,3,6,Low,Low,Medium,Safe,"raw jackfruit, beetroot, pumpkin, raw banana, drumstick, coconut, teflam, turmeric",Vegan,,"Prepare khatkatem in the no oil style with a with brown rice serving. Keep the recipe fully plant-based or vegetarian, using the traditional Goan masala and legumes/vegetables. Keep oil and salt low, and avoid extra rice, bread, ghee, or sugar.",20 minute relaxed post-dinner walk,Keep the portion small and avoid extra poee or rice
185,Goa,Weight Loss,Dinner,"Khatkhatem (Early Dinner, Small Portion)",313,18,40,9,11,Low,Low,Low,Safe,"mixed vegetables, coconut, tamarind, tur dal, moong dal",Vegan,,"Prepare khatkhatem with minimal oil and a smaller serving, letting the local spices and tamarind do most of the flavour work. Keep the plate vegetable-forward and skip fried extras or sweet sides.",30 mins brisk walking,"Portion control matters; avoid extra bread, fried add-ons, and second helpings."
186,Goa,Weight Loss,Dinner,Moong Gathi (Portion Controlled; with steamed rice),234,8,30,6,5,Medium,Medium,Low,Safe,"sprouted moong, coconut, cumin, coriander, green chilli, curry leaves",Vegan,,"Prepare moong gathi in the portion controlled style with a with steamed rice serving. Keep the recipe fully plant-based or vegetarian, using the traditional Goan masala and legumes/vegetables. Keep oil and salt low, and avoid extra rice, bread, ghee, or sugar.",20 minute relaxed post-dinner walk,Keep the portion small and avoid extra poee or rice
187,Goa,Weight Loss,Dinner,Poi (Dry Roasted; with steamed rice),211,9,24,6,6,Low,Low,Medium,Gluten,"whole wheat flour, wheat bran, yeast or toddy, water, salt",Vegan,,"Prepare poi in the dry roasted style with a with steamed rice serving. Keep the recipe fully plant-based or vegetarian, using the traditional Goan masala and legumes/vegetables. Keep oil and salt low, and avoid extra rice, bread, ghee, or sugar.",20 minute relaxed post-dinner walk,Contains gluten; keep the portion small and avoid extra poee or rice
188,Goa,Weight Loss,Dinner,Sanna (Morning Serve; with steamed rice),208,10,22,7,7,Medium,Low,Medium,Safe,"red rice, coconut, urad dal, toddy or yeast, salt",Vegan,,"Prepare sanna in the morning serve style with a with steamed rice serving. Keep the recipe fully plant-based or vegetarian, using the traditional Goan masala and legumes/vegetables. Keep oil and salt low, and avoid extra rice, bread, ghee, or sugar.",20 minute relaxed post-dinner walk,Keep the portion small and avoid extra poee or rice
189,Goa,Weight Loss,Dinner,Tambdi Bhaji (With Salad; with steamed rice),196,14,27,4,5,Medium,Medium,Medium,Safe,"red amaranth, garlic, coconut, green chilli, turmeric, oil",Vegan,,"Prepare tambdi bhaji in the with salad style with a with steamed rice serving. Keep the recipe fully plant-based or vegetarian, using the traditional Goan masala and legumes/vegetables. Keep oil and salt low, and avoid extra rice, bread, ghee, or sugar.",20 minute relaxed post-dinner walk,Keep the portion small and avoid extra poee or rice
190,Goa,Weight Loss,Dinner,Uddamethi (Minimal Oil; with brown rice),249,13,37,5,9,Low,High,Low,Safe,"urad dal, raw mango, fenugreek seeds, tamarind, jaggery, spices",Vegan,,"Prepare uddamethi in the minimal oil style with a with brown rice serving. Keep the recipe fully plant-based or vegetarian, using the traditional Goan masala and legumes/vegetables. Keep oil and salt low, and avoid extra rice, bread, ghee, or sugar.",20 minute relaxed post-dinner walk,Keep the portion small and avoid extra poee or rice
191,Goa,Weight Loss,Dinner,"Uddamethi (Vegetable Heavy, No Cream)",329,19,43,9,11,High,Low,Low,Safe,"urad dal, methi, coconut, tamarind, jaggery",Vegan,,"Prepare uddamethi with minimal oil and a smaller serving, letting the local spices and tamarind do most of the flavour work. Keep the plate vegetable-forward and skip fried extras or sweet sides.",30 mins brisk walking,"Portion control matters; avoid extra bread, fried add-ons, and second helpings."
192,Goa,Weight Loss,Dinner,Valchi Bhaji (Leafy Side; with steamed rice),147,8,22,3,6,Low,Low,Low,Safe,"val or fern leaves, coconut, garlic, green chilli, spices",Vegan,,"Prepare valchi bhaji in the leafy side style with a with steamed rice serving. Keep the recipe fully plant-based or vegetarian, using the traditional Goan masala and legumes/vegetables. Keep oil and salt low, and avoid extra rice, bread, ghee, or sugar.",20 minute relaxed post-dinner walk,Keep the portion small and avoid extra poee or rice
193,Goa,Weight Gain,Breakfast,Alle Belle (Cashew Enriched),585,16,85,27,5,High,Medium,Medium,Gluten,"flour, coconut, jaggery, cardamom",Vegetarian,,"Cook alle belle in the richer traditional style using coconut, cashew, ghee, or a fuller rice/bread portion where appropriate. Serve it generously so the meal is calorie-dense but still recognisably Goan.",20 mins light walk,Energy dense meal; balance with hydration and regular activity.
194,Goa,Weight Gain,Breakfast,"Baath Cake (With Jaggery, Larger Serving)",575,16,83,27,5,High,Medium,Medium,"Dairy, Gluten","semolina, coconut, sugar, cardamom",Vegetarian,,"Cook baath cake in the richer traditional style using coconut, cashew, ghee, or a fuller rice/bread portion where appropriate. Serve it generously so the meal is calorie-dense but still recognisably Goan.",20 mins light walk,Energy dense meal; balance with hydration and regular activity.
195,Goa,Weight Gain,Breakfast,"Bebinca (Full Portion, Rich Style)",575,17,84,27,5,High,Medium,Medium,"Dairy, Egg, Eggs, Gluten","egg yolk, coconut milk, flour, sugar, ghee",Vegetarian,,"Cook bebinca in the richer traditional style using coconut, cashew, ghee, or a fuller rice/bread portion where appropriate. Serve it generously so the meal is calorie-dense but still recognisably Goan.",20 mins light walk,Energy dense meal; balance with hydration and regular activity.
196,Goa,Weight Gain,Breakfast,Bebinca (Full Portion; with poi),530,12,80,18,2,High,High,High,"Dairy, Egg, Eggs, Gluten","flour, egg yolks, coconut milk, ghee, sugar, nutmeg",Vegetarian,,"Prepare bebinca in the full portion style with a with poi serving. Keep the recipe fully plant-based or vegetarian, using the traditional Goan masala and legumes/vegetables. Cook it in a fuller traditional style and serve an appropriate calorie-dense portion.",Strength training or resistance workout later in the day,"Contains eggs, dairy, gluten; best used as part of a calorie surplus"
197,Goa,Weight Gain,Breakfast,Doce (With Ghee; with poi),580,17,83,26,5,High,High,High,Dairy,"Bengal gram, coconut, sugar, ghee, cardamom",Vegetarian,,"Prepare doce in the with ghee style with a with poi serving. Keep the recipe fully plant-based or vegetarian, using the traditional Goan masala and legumes/vegetables. Cook it in a fuller traditional style and serve an appropriate calorie-dense portion.",Strength training or resistance workout later in the day,Contains dairy; best used as part of a calorie surplus
198,Goa,Weight Gain,Breakfast,Double Egg Bhurji Pao,600,22,65,26,4,High,Medium,Medium,"Egg, Eggs, Gluten","Eggs, Refined Flour, Oil",Vegetarian,,Cook eggs in coconut oil for mass.,30 mins weight lifting,Monitor digestion with increased fat
199,Goa,Weight Gain,Breakfast,Goan Banana Halwa (Shirvyo base) with Ghee,600,8,105,16,6,High,Low,Medium,Dairy,"Rice Flour, Banana, Jaggery, Ghee",Vegetarian,,Cook with ghee to increase healthy calorie density.,30 mins weight lifting,Monitor digestion with increased fat
200,Goa,Weight Gain,Breakfast,Goan Patoleo (Stuffed Turmeric Leaf),600,6,110,14,8,High,Medium,Medium,Safe,"Rice Flour, Coconut, Jaggery",Vegetarian,,Use rich jaggery-coconut filling for dense calories.,30 mins weight lifting,Monitor digestion with increased fat
201,Goa,Weight Gain,Breakfast,Goan Ros Omelette (Rich Gravy),600,25,60,30,6,High,Medium,Medium,"Egg, Eggs, Gluten","Eggs, Chicken Gravy, Wheat",Vegetarian,,Cook with rich gravy to increase healthy calorie density.,30 mins weight lifting,Monitor digestion with increased fat
202,Goa,Weight Gain,Breakfast,Nevri (With Coconut Milk),565,17,86,27,5,High,Medium,Medium,Gluten,"maida, coconut, jaggery, cardamom",Vegetarian,,"Cook nevri in the richer traditional style using coconut, cashew, ghee, or a fuller rice/bread portion where appropriate. Serve it generously so the meal is calorie-dense but still recognisably Goan.",20 mins light walk,Energy dense meal; balance with hydration and regular activity.
203,Goa,Weight Gain,Breakfast,Poha Goan Style (Extra Coconut & Peanuts),600,12,75,25,7,High,Medium,Medium,"Peanut, Peanuts","Flattened Rice, Coconut, Peanuts",Vegetarian,,Add generous roasted peanuts and fresh coconut.,30 mins weight lifting,Monitor digestion with increased fat
204,Goa,Weight Gain,Breakfast,Ros Omelette with 2 Pao,600,22,65,26,6,High,Medium,Medium,"Egg, Eggs, Gluten","Eggs, Chicken Gravy, Refined Flour",Vegetarian,,Cook omelette in coconut oil to boost caloric density.,30 mins weight lifting,Monitor digestion with increased fat
205,Goa,Weight Gain,Breakfast,Sakharbhaat (With Ghee and Coconut),565,16,83,27,5,High,Medium,Medium,"Dairy, Nut, Nuts","rice, ghee, sugar, cardamom, cashew",Vegetarian,,"Cook sakharbhaat in the richer traditional style using coconut, cashew, ghee, or a fuller rice/bread portion where appropriate. Serve it generously so the meal is calorie-dense but still recognisably Goan.",20 mins light walk,Energy dense meal; balance with hydration and regular activity.
206,Goa,Weight Gain,Breakfast,Sannas with Sweetened Coconut Milk,600,10,110,12,5,High,Low,Low,Dairy,"Rice, Coconut Milk, Jaggery",Vegetarian,,Use full fat coconut milk for caloric density.,30 mins weight lifting,Monitor digestion with increased fat
207,Goa,Weight Gain,Breakfast,Sweet Ragi Manni (Pudding),600,8,105,16,6,High,Low,Medium,Dairy,"Finger Millet, Coconut Milk, Jaggery",Vegetarian,,Use full fat milk and jaggery.,30 mins weight lifting,Monitor digestion with increased fat
208,Goa,Weight Gain,Breakfast,Sweet Rice Poha with Milk,600,10,110,12,5,High,Low,Low,Dairy,"Flattened Rice, Full Cream Milk, Jaggery",Vegetarian,,Soak in full cream milk.,30 mins weight lifting,Monitor digestion with increased fat
209,Goa,Weight Gain,Breakfast,Balchao (Tea Time; with poi),604,31,49,25,6,High,High,High,"Fish, Shellfish","fish or prawns or pork, vinegar, red chilli, tomatoes, garlic, spices",Non-Vegetarian,Seafood,"Prepare balchao in the tea time style with a with poi serving. Use lean fish, chicken, pork, or seafood as the traditional recipe calls for. Cook it in a fuller traditional style and serve an appropriate calorie-dense portion.",Strength training or resistance workout later in the day,"Contains fish, shellfish; best used as part of a calorie surplus"
210,Goa,Weight Gain,Breakfast,Balchao (With Poi; with poi),617,27,73,26,6,High,High,High,"Fish, Shellfish","fish or prawns or pork, vinegar, red chilli, tomatoes, garlic, spices",Non-Vegetarian,Seafood,"Prepare balchao in the with poi style with a with poi serving. Use lean fish, chicken, pork, or seafood as the traditional recipe calls for. Cook it in a fuller traditional style and serve an appropriate calorie-dense portion.",Strength training or resistance workout later in the day,"Contains fish, shellfish; best used as part of a calorie surplus"
211,Goa,Weight Gain,Breakfast,Beef Chilli Fry (Festive Style; with poi),587,29,66,26,6,High,High,High,Safe,"beef, onions, green chilli, vinegar, garlic, Goan spices",Non-Vegetarian,Beef,"Prepare beef chilli fry in the festive style style with a with poi serving. Use lean fish, chicken, pork, or seafood as the traditional recipe calls for. Cook it in a fuller traditional style and serve an appropriate calorie-dense portion.",Strength training or resistance workout later in the day,Best used as part of a calorie surplus
212,Goa,Weight Gain,Breakfast,Chicken Cafreal (Rich Coconut; with poi),557,25,68,25,4,High,High,High,Safe,"chicken, coriander, lime, vinegar, garlic, green chilli, spices",Non-Vegetarian,Chicken,"Prepare chicken cafreal in the rich coconut style with a with poi serving. Use lean fish, chicken, pork, or seafood as the traditional recipe calls for. Cook it in a fuller traditional style and serve an appropriate calorie-dense portion.",Strength training or resistance workout later in the day,Best used as part of a calorie surplus
213,Goa,Weight Gain,Breakfast,Chicken Cafreal (With Coconut; with poi),646,28,66,29,6,High,High,High,Safe,"chicken, coriander, lime, vinegar, garlic, green chilli, spices",Non-Vegetarian,Chicken,"Prepare chicken cafreal in the with coconut style with a with poi serving. Use lean fish, chicken, pork, or seafood as the traditional recipe calls for. Cook it in a fuller traditional style and serve an appropriate calorie-dense portion.",Strength training or resistance workout later in the day,Best used as part of a calorie surplus
214,Goa,Weight Gain,Breakfast,Choris Pao (Extra Rice; with poi),478,25,51,26,6,High,High,High,Gluten,"Goan pork sausage, poee or pao, onions, chilli, vinegar",Non-Vegetarian,Pork,"Prepare choris pao in the extra rice style with a with poi serving. Use lean fish, chicken, pork, or seafood as the traditional recipe calls for. Cook it in a fuller traditional style and serve an appropriate calorie-dense portion.",Strength training or resistance workout later in the day,Contains gluten; best used as part of a calorie surplus
215,Goa,Weight Gain,Breakfast,Crab Xacuti (Larger Serve; with poi),440,28,46,16,7,High,High,High,"Fish, Shellfish","crab, roasted coconut, poppy seeds, onions, dry red chillies, spices",Non-Vegetarian,Seafood,"Prepare crab xacuti in the larger serve style with a with poi serving. Use lean fish, chicken, pork, or seafood as the traditional recipe calls for. Cook it in a fuller traditional style and serve an appropriate calorie-dense portion.",Strength training or resistance workout later in the day,Contains shellfish; best used as part of a calorie surplus
216,Goa,Weight Gain,Breakfast,Goan Chorizo (Sausage) Pao,600,25,60,30,4,High,Medium,High,Gluten,"Pork Sausage, Refined Flour",Non-Vegetarian,Pork,Fry chorizo in its own fat for high calorie density.,30 mins weight lifting,Monitor digestion with increased fat
217,Goa,Weight Gain,Breakfast,Pork Vindalho (Full Portion; with poi),495,26,46,23,3,High,High,High,Safe,"pork, vinegar, garlic, red chilli, cloves, cinnamon, Goan spice mix",Non-Vegetarian,Pork,"Prepare pork vindalho in the full portion style with a with poi serving. Use lean fish, chicken, pork, or seafood as the traditional recipe calls for. Cook it in a fuller traditional style and serve an appropriate calorie-dense portion.",Strength training or resistance workout later in the day,Best used as part of a calorie surplus
218,Goa,Weight Gain,Breakfast,Pork Vindalho (Thick Gravy; with poi),467,27,56,15,3,High,High,High,Safe,"pork, vinegar, garlic, red chilli, cloves, cinnamon, Goan spice mix",Non-Vegetarian,Pork,"Prepare pork vindalho in the thick gravy style with a with poi serving. Use lean fish, chicken, pork, or seafood as the traditional recipe calls for. Cook it in a fuller traditional style and serve an appropriate calorie-dense portion.",Strength training or resistance workout later in the day,Best used as part of a calorie surplus
219,Goa,Weight Gain,Breakfast,Prawn Balchao (Energy Dense; with poi),631,26,80,23,5,High,High,High,"Fish, Shellfish",prawn balchao,Non-Vegetarian,,"Prepare prawn balchao in the energy dense style with a with poi serving. Use lean fish, chicken, pork, or seafood as the traditional recipe calls for. Cook it in a fuller traditional style and serve an appropriate calorie-dense portion.",Strength training or resistance workout later in the day,Best used as part of a calorie surplus
220,Goa,Weight Gain,Breakfast,Sorpotel (Cashew Enriched; with poi),674,36,62,24,4,High,High,High,Safe,"pork, liver, vinegar, red chilli, garlic, spice paste",Non-Vegetarian,Pork,"Prepare sorpotel in the cashew enriched style with a with poi serving. Use lean fish, chicken, pork, or seafood as the traditional recipe calls for. Cook it in a fuller traditional style and serve an appropriate calorie-dense portion.",Strength training or resistance workout later in the day,Best used as part of a calorie surplus
221,Goa,Weight Gain,Breakfast,Sorpotel (With Ghee; with poi),666,24,75,30,3,High,High,High,Safe,"pork, liver, vinegar, red chilli, garlic, spice paste",Non-Vegetarian,Pork,"Prepare sorpotel in the with ghee style with a with poi serving. Use lean fish, chicken, pork, or seafood as the traditional recipe calls for. Cook it in a fuller traditional style and serve an appropriate calorie-dense portion.",Strength training or resistance workout later in the day,Best used as part of a calorie surplus
222,Goa,Weight Gain,Breakfast,Vindalho (Sweet Finish; with poi),494,33,55,19,4,High,High,High,Safe,"pork or chicken, vinegar, garlic, cloves, cinnamon, red chilli",Non-Vegetarian,Chicken,"Prepare vindalho in the sweet finish style with a with poi serving. Use lean fish, chicken, pork, or seafood as the traditional recipe calls for. Cook it in a fuller traditional style and serve an appropriate calorie-dense portion.",Strength training or resistance workout later in the day,Best used as part of a calorie surplus
223,Goa,Weight Gain,Breakfast,Xacuti (Double Serving; with poi),646,27,78,30,7,High,High,High,"Fish, Shellfish","chicken, crab or mutton, roasted coconut, poppy seeds, onion, spices",Non-Vegetarian,Chicken,"Prepare xacuti in the double serving style with a with poi serving. Use lean fish, chicken, pork, or seafood as the traditional recipe calls for. Cook it in a fuller traditional style and serve an appropriate calorie-dense portion.",Strength training or resistance workout later in the day,Best used as part of a calorie surplus
224,Goa,Weight Gain,Breakfast,Xacuti (With Sanna; with poi),624,26,66,24,6,High,High,High,"Fish, Shellfish","chicken, crab or mutton, roasted coconut, poppy seeds, onion, spices",Non-Vegetarian,Chicken,"Prepare xacuti in the with sanna style with a with poi serving. Use lean fish, chicken, pork, or seafood as the traditional recipe calls for. Cook it in a fuller traditional style and serve an appropriate calorie-dense portion.",Strength training or resistance workout later in the day,Best used as part of a calorie surplus
225,Goa,Weight Gain,Breakfast,Alsanyache Tonak (Rich Coconut; with poi),453,14,64,16,7,Low,High,High,Safe,"black-eyed beans, tonak masala, onion, garlic, coconut, tamarind, potato",Vegan,,"Prepare alsanyache tonak in the rich coconut style with a with poi serving. Keep the recipe fully plant-based or vegetarian, using the traditional Goan masala and legumes/vegetables. Cook it in a fuller traditional style and serve an appropriate calorie-dense portion.",Strength training or resistance workout later in the day,Best used as part of a calorie surplus
226,Goa,Weight Gain,Breakfast,Alsanyache Tonak (With Coconut; with poi),346,10,56,13,6,Low,High,High,Safe,"black-eyed beans, tonak masala, onion, garlic, coconut, tamarind, potato",Vegan,,"Prepare alsanyache tonak in the with coconut style with a with poi serving. Keep the recipe fully plant-based or vegetarian, using the traditional Goan masala and legumes/vegetables. Cook it in a fuller traditional style and serve an appropriate calorie-dense portion.",Strength training or resistance workout later in the day,Best used as part of a calorie surplus
227,Goa,Weight Gain,Breakfast,Ambadyachem Sasav (Sweet Finish; with poi),367,14,54,14,7,High,High,High,Mustard,"ambade, coconut, mustard, green chilli, curry leaves, spices",Vegan,,"Prepare ambadyachem sasav in the sweet finish style with a with poi serving. Keep the recipe fully plant-based or vegetarian, using the traditional Goan masala and legumes/vegetables. Cook it in a fuller traditional style and serve an appropriate calorie-dense portion.",Strength training or resistance workout later in the day,Best used as part of a calorie surplus
228,Goa,Weight Gain,Breakfast,Chana Ros (Tea Time; with poi),483,16,53,23,8,High,High,High,Safe,"chickpeas, coconut, dried red chillies, onion, kokum, spices",Vegan,,"Prepare chana ros in the tea time style with a with poi serving. Keep the recipe fully plant-based or vegetarian, using the traditional Goan masala and legumes/vegetables. Cook it in a fuller traditional style and serve an appropriate calorie-dense portion.",Strength training or resistance workout later in the day,Best used as part of a calorie surplus
229,Goa,Weight Gain,Breakfast,Chana Ros (With Poi; with poi),357,8,52,13,7,High,High,High,Safe,"chickpeas, coconut, dried red chillies, onion, kokum, spices",Vegan,,"Prepare chana ros in the with poi style with a with poi serving. Keep the recipe fully plant-based or vegetarian, using the traditional Goan masala and legumes/vegetables. Cook it in a fuller traditional style and serve an appropriate calorie-dense portion.",Strength training or resistance workout later in the day,Best used as part of a calorie surplus
230,Goa,Weight Gain,Breakfast,Khatkatem (Double Serving; with poi),483,13,65,19,7,High,High,High,Safe,"raw jackfruit, beetroot, pumpkin, raw banana, drumstick, coconut, teflam, turmeric",Vegan,,"Prepare khatkatem in the double serving style with a with poi serving. Keep the recipe fully plant-based or vegetarian, using the traditional Goan masala and legumes/vegetables. Cook it in a fuller traditional style and serve an appropriate calorie-dense portion.",Strength training or resistance workout later in the day,Best used as part of a calorie surplus
231,Goa,Weight Gain,Breakfast,Khatkatem (With Sanna; with poi),391,9,65,16,5,High,High,High,Safe,"raw jackfruit, beetroot, pumpkin, raw banana, drumstick, coconut, teflam, turmeric",Vegan,,"Prepare khatkatem in the with sanna style with a with poi serving. Keep the recipe fully plant-based or vegetarian, using the traditional Goan masala and legumes/vegetables. Cook it in a fuller traditional style and serve an appropriate calorie-dense portion.",Strength training or resistance workout later in the day,Best used as part of a calorie surplus
232,Goa,Weight Gain,Breakfast,Moong Gathi (Extra Rice; with poi),464,10,65,13,5,High,High,High,Safe,"sprouted moong, coconut, cumin, coriander, green chilli, curry leaves",Vegan,,"Prepare moong gathi in the extra rice style with a with poi serving. Keep the recipe fully plant-based or vegetarian, using the traditional Goan masala and legumes/vegetables. Cook it in a fuller traditional style and serve an appropriate calorie-dense portion.",Strength training or resistance workout later in the day,Best used as part of a calorie surplus
233,Goa,Weight Gain,Breakfast,Patoleo (Traditional Festive Style),585,17,84,27,5,High,Medium,Medium,Safe,"rice flour, coconut, jaggery, turmeric leaves",Vegan,,"Cook patoleo in the richer traditional style using coconut, cashew, ghee, or a fuller rice/bread portion where appropriate. Serve it generously so the meal is calorie-dense but still recognisably Goan.",20 mins light walk,Energy dense meal; balance with hydration and regular activity.
234,Goa,Weight Gain,Breakfast,Poi (Full Portion; with poi),544,8,74,24,6,High,High,High,Gluten,"whole wheat flour, wheat bran, yeast or toddy, water, salt",Vegan,,"Prepare poi in the full portion style with a with poi serving. Keep the recipe fully plant-based or vegetarian, using the traditional Goan masala and legumes/vegetables. Cook it in a fuller traditional style and serve an appropriate calorie-dense portion.",Strength training or resistance workout later in the day,Contains gluten; best used as part of a calorie surplus
235,Goa,Weight Gain,Breakfast,Poi (Thick Gravy; with poi),528,14,72,15,5,High,High,High,Gluten,"whole wheat flour, wheat bran, yeast or toddy, water, salt",Vegan,,"Prepare poi in the thick gravy style with a with poi serving. Keep the recipe fully plant-based or vegetarian, using the traditional Goan masala and legumes/vegetables. Cook it in a fuller traditional style and serve an appropriate calorie-dense portion.",Strength training or resistance workout later in the day,Contains gluten; best used as part of a calorie surplus
236,Goa,Weight Gain,Breakfast,Sanna (Cashew Enriched; with poi),547,16,69,23,6,Low,High,High,Safe,"red rice, coconut, urad dal, toddy or yeast, salt",Vegan,,"Prepare sanna in the cashew enriched style with a with poi serving. Keep the recipe fully plant-based or vegetarian, using the traditional Goan masala and legumes/vegetables. Cook it in a fuller traditional style and serve an appropriate calorie-dense portion.",Strength training or resistance workout later in the day,Best used as part of a calorie surplus
237,Goa,Weight Gain,Breakfast,Sanna (With Ghee; with poi),538,18,67,22,5,Low,High,High,Safe,"red rice, coconut, urad dal, toddy or yeast, salt",Vegan,,"Prepare sanna in the with ghee style with a with poi serving. Keep the recipe fully plant-based or vegetarian, using the traditional Goan masala and legumes/vegetables. Cook it in a fuller traditional style and serve an appropriate calorie-dense portion.",Strength training or resistance workout later in the day,Best used as part of a calorie surplus
238,Goa,Weight Gain,Breakfast,Tambdi Bhaji (Energy Dense; with poi),366,15,58,12,6,High,High,High,Safe,"red amaranth, garlic, coconut, green chilli, turmeric, oil",Vegan,,"Prepare tambdi bhaji in the energy dense style with a with poi serving. Keep the recipe fully plant-based or vegetarian, using the traditional Goan masala and legumes/vegetables. Cook it in a fuller traditional style and serve an appropriate calorie-dense portion.",Strength training or resistance workout later in the day,Best used as part of a calorie surplus
239,Goa,Weight Gain,Breakfast,Uddamethi (Festive Style; with poi),493,10,59,18,9,Low,High,High,Safe,"urad dal, raw mango, fenugreek seeds, tamarind, jaggery, spices",Vegan,,"Prepare uddamethi in the festive style style with a with poi serving. Keep the recipe fully plant-based or vegetarian, using the traditional Goan masala and legumes/vegetables. Cook it in a fuller traditional style and serve an appropriate calorie-dense portion.",Strength training or resistance workout later in the day,Best used as part of a calorie surplus
240,Goa,Weight Gain,Breakfast,Valchi Bhaji (Larger Serve; with poi),513,16,65,21,6,High,High,High,Safe,"val or fern leaves, coconut, garlic, green chilli, spices",Vegan,,"Prepare valchi bhaji in the larger serve style with a with poi serving. Keep the recipe fully plant-based or vegetarian, using the traditional Goan masala and legumes/vegetables. Cook it in a fuller traditional style and serve an appropriate calorie-dense portion.",Strength training or resistance workout later in the day,Best used as part of a calorie surplus
241,Goa,Weight Gain,Lunch,Alle Belle (Double Serving; with red rice),492,11,67,20,7,High,High,High,"Dairy, Egg, Eggs, Gluten","wheat flour, coconut, jaggery, eggs, ghee",Vegetarian,,"Prepare alle belle in the double serving style with a with red rice serving. Keep the recipe fully plant-based or vegetarian, using the traditional Goan masala and legumes/vegetables. Cook it in a fuller traditional style and serve an appropriate calorie-dense portion.",Strength training or resistance workout later in the day,"Contains eggs, gluten; best used as part of a calorie surplus"
242,Goa,Weight Gain,Lunch,Alle Belle (With Poi; with red rice),634,9,73,34,3,High,High,High,"Dairy, Egg, Eggs, Gluten","wheat flour, coconut, jaggery, eggs, ghee",Vegetarian,,"Prepare alle belle in the with poi style with a with red rice serving. Keep the recipe fully plant-based or vegetarian, using the traditional Goan masala and legumes/vegetables. Cook it in a fuller traditional style and serve an appropriate calorie-dense portion.",Strength training or resistance workout later in the day,"Contains eggs, gluten; best used as part of a calorie surplus"
243,Goa,Weight Gain,Lunch,Baath Cake (Tea Time; with red rice),558,9,70,22,5,High,High,High,"Dairy, Egg, Eggs, Gluten","semolina, coconut, eggs, sugar, milk, cardamom",Vegetarian,,"Prepare baath cake in the tea time style with a with red rice serving. Keep the recipe fully plant-based or vegetarian, using the traditional Goan masala and legumes/vegetables. Cook it in a fuller traditional style and serve an appropriate calorie-dense portion.",Strength training or resistance workout later in the day,"Contains eggs, dairy, gluten; best used as part of a calorie surplus"
244,Goa,Weight Gain,Lunch,Baath Cake (With Coconut; with red rice),498,15,68,28,3,High,High,High,"Dairy, Egg, Eggs, Gluten","semolina, coconut, eggs, sugar, milk, cardamom",Vegetarian,,"Prepare baath cake in the with coconut style with a with red rice serving. Keep the recipe fully plant-based or vegetarian, using the traditional Goan masala and legumes/vegetables. Cook it in a fuller traditional style and serve an appropriate calorie-dense portion.",Strength training or resistance workout later in the day,"Contains eggs, dairy, gluten; best used as part of a calorie surplus"
245,Goa,Weight Gain,Lunch,Bebinca (Thick Gravy; with red rice),425,8,60,17,4,High,High,High,"Dairy, Egg, Eggs, Gluten","flour, egg yolks, coconut milk, ghee, sugar, nutmeg",Vegetarian,,"Prepare bebinca in the thick gravy style with a with red rice serving. Keep the recipe fully plant-based or vegetarian, using the traditional Goan masala and legumes/vegetables. Cook it in a fuller traditional style and serve an appropriate calorie-dense portion.",Strength training or resistance workout later in the day,"Contains eggs, dairy, gluten; best used as part of a calorie surplus"
246,Goa,Weight Gain,Lunch,Doce (Cashew Enriched; with red rice),509,8,69,17,3,High,High,High,Dairy,"Bengal gram, coconut, sugar, ghee, cardamom",Vegetarian,,"Prepare doce in the cashew enriched style with a with red rice serving. Keep the recipe fully plant-based or vegetarian, using the traditional Goan masala and legumes/vegetables. Cook it in a fuller traditional style and serve an appropriate calorie-dense portion.",Strength training or resistance workout later in the day,Contains dairy; best used as part of a calorie surplus
247,Goa,Weight Gain,Lunch,Doce (Full Portion; with red rice),563,16,73,23,6,High,High,High,Dairy,"Bengal gram, coconut, sugar, ghee, cardamom",Vegetarian,,"Prepare doce in the full portion style with a with red rice serving. Keep the recipe fully plant-based or vegetarian, using the traditional Goan masala and legumes/vegetables. Cook it in a fuller traditional style and serve an appropriate calorie-dense portion.",Strength training or resistance workout later in the day,Contains dairy; best used as part of a calorie surplus
248,Goa,Weight Gain,Lunch,Dodol (Rich Coconut; with red rice),599,9,71,31,4,High,High,High,"Dairy, Nut","coconut milk, jaggery, rice flour, cashew, cardamom",Vegetarian,,"Prepare dodol in the rich coconut style with a with red rice serving. Keep the recipe fully plant-based or vegetarian, using the traditional Goan masala and legumes/vegetables. Cook it in a fuller traditional style and serve an appropriate calorie-dense portion.",Strength training or resistance workout later in the day,Best used as part of a calorie surplus
249,Goa,Weight Gain,Lunch,Dodol (With Ghee; with red rice),457,8,63,21,3,High,High,High,"Dairy, Nut","coconut milk, jaggery, rice flour, cashew, cardamom",Vegetarian,,"Prepare dodol in the with ghee style with a with red rice serving. Keep the recipe fully plant-based or vegetarian, using the traditional Goan masala and legumes/vegetables. Cook it in a fuller traditional style and serve an appropriate calorie-dense portion.",Strength training or resistance workout later in the day,Best used as part of a calorie surplus
250,Goa,Weight Gain,Lunch,Fenori (Extra Rice; with red rice),453,12,62,19,3,High,High,High,"Dairy, Gluten","maida, ghee, sugar, semolina, cardamom",Vegetarian,,"Prepare fenori in the extra rice style with a with red rice serving. Keep the recipe fully plant-based or vegetarian, using the traditional Goan masala and legumes/vegetables. Cook it in a fuller traditional style and serve an appropriate calorie-dense portion.",Strength training or resistance workout later in the day,"Contains gluten, dairy; best used as part of a calorie surplus"
251,Goa,Weight Gain,Lunch,Kulkuls (Festive Style; with red rice),562,15,63,29,6,High,High,High,"Dairy, Gluten","maida, coconut milk, sugar syrup, ghee, cardamom",Vegetarian,,"Prepare kulkuls in the festive style style with a with red rice serving. Keep the recipe fully plant-based or vegetarian, using the traditional Goan masala and legumes/vegetables. Cook it in a fuller traditional style and serve an appropriate calorie-dense portion.",Strength training or resistance workout later in the day,"Contains gluten, dairy; best used as part of a calorie surplus"
252,Goa,Weight Gain,Lunch,Nevri (Hearty Bowl; with red rice),682,9,85,34,5,High,High,High,"Dairy, Gluten","maida, coconut, sugar, ghee, cardamom",Vegetarian,,"Prepare nevri in the hearty bowl style with a with red rice serving. Keep the recipe fully plant-based or vegetarian, using the traditional Goan masala and legumes/vegetables. Cook it in a fuller traditional style and serve an appropriate calorie-dense portion.",Strength training or resistance workout later in the day,"Contains gluten, dairy; best used as part of a calorie surplus"
253,Goa,Weight Gain,Lunch,Nevri (With Sanna; with red rice),649,8,80,33,7,High,High,High,"Dairy, Gluten","maida, coconut, sugar, ghee, cardamom",Vegetarian,,"Prepare nevri in the with sanna style with a with red rice serving. Keep the recipe fully plant-based or vegetarian, using the traditional Goan masala and legumes/vegetables. Cook it in a fuller traditional style and serve an appropriate calorie-dense portion.",Strength training or resistance workout later in the day,"Contains gluten, dairy; best used as part of a calorie surplus"
254,Goa,Weight Gain,Lunch,Patoleo (Energy Dense; with red rice),585,16,70,22,4,High,High,High,Safe,"rice flour, turmeric leaves, coconut, jaggery, cardamom",Vegetarian,,"Prepare patoleo in the energy dense style with a with red rice serving. Keep the recipe fully plant-based or vegetarian, using the traditional Goan masala and legumes/vegetables. Cook it in a fuller traditional style and serve an appropriate calorie-dense portion.",Strength training or resistance workout later in the day,Best used as part of a calorie surplus
255,Goa,Weight Gain,Lunch,Poi (Larger Serve; with red rice),416,10,63,12,7,High,High,High,Gluten,"whole wheat flour, wheat bran, yeast or toddy, water, salt",Vegetarian,,"Prepare poi in the larger serve style with a with red rice serving. Keep the recipe fully plant-based or vegetarian, using the traditional Goan masala and legumes/vegetables. Cook it in a fuller traditional style and serve an appropriate calorie-dense portion.",Strength training or resistance workout later in the day,Contains gluten; best used as part of a calorie surplus
256,Goa,Weight Gain,Lunch,Sanna (Sweet Finish; with red rice),491,15,69,12,4,Low,High,High,Safe,"red rice, coconut, urad dal, toddy or yeast, salt",Vegetarian,,"Prepare sanna in the sweet finish style with a with red rice serving. Keep the recipe fully plant-based or vegetarian, using the traditional Goan masala and legumes/vegetables. Cook it in a fuller traditional style and serve an appropriate calorie-dense portion.",Strength training or resistance workout later in the day,Best used as part of a calorie surplus
257,Goa,Weight Gain,Lunch,"Balchao (Traditional Plate, High Energy)",805,34,88,32,8,Medium,Medium,Medium,"Fish, Shellfish","prawns/fish, vinegar, chilli, garlic, spices",Non-Vegetarian,Prawns,"Cook balchao in the richer traditional style using coconut, cashew, ghee, or a fuller rice/bread portion where appropriate. Serve it generously so the meal is calorie-dense but still recognisably Goan.",20 mins light walk,Energy dense meal; balance with hydration and regular activity.
258,Goa,Weight Gain,Lunch,Chicken Cafreal (With Oil and Spices),815,36,89,32,8,Medium,Medium,Medium,Safe,"chicken, coriander, lime, garlic, vinegar",Non-Vegetarian,Chicken,"Cook chicken cafreal in the richer traditional style using coconut, cashew, ghee, or a fuller rice/bread portion where appropriate. Serve it generously so the meal is calorie-dense but still recognisably Goan.",20 mins light walk,Energy dense meal; balance with hydration and regular activity.
259,Goa,Weight Gain,Lunch,"Fish Curry Rice (Full Portion, Rich Gravy)",795,34,88,32,8,Medium,Medium,Medium,Fish,"fish, rice, kokum, coconut, spices",Non-Vegetarian,Fish,"Cook fish curry rice in the richer traditional style using coconut, cashew, ghee, or a fuller rice/bread portion where appropriate. Serve it generously so the meal is calorie-dense but still recognisably Goan.",20 mins light walk,Energy dense meal; balance with hydration and regular activity.
260,Goa,Weight Gain,Lunch,"Sorpotel (Cashew Rich, Hearty)",815,34,90,32,8,Medium,Medium,Medium,Safe,"pork, vinegar, spices, garlic",Non-Vegetarian,Pork,"Cook sorpotel in the richer traditional style using coconut, cashew, ghee, or a fuller rice/bread portion where appropriate. Serve it generously so the meal is calorie-dense but still recognisably Goan.",20 mins light walk,Energy dense meal; balance with hydration and regular activity.
261,Goa,Weight Gain,Lunch,Vindaloo (Rice Plus Extra Serving),795,36,91,32,8,Medium,Medium,Medium,Safe,"pork, vinegar, garlic, chilli, spices",Non-Vegetarian,Pork,"Cook vindaloo in the richer traditional style using coconut, cashew, ghee, or a fuller rice/bread portion where appropriate. Serve it generously so the meal is calorie-dense but still recognisably Goan.",20 mins light walk,Energy dense meal; balance with hydration and regular activity.
262,Goa,Weight Gain,Lunch,White Rice + Bangda Hooman + Fried Paplet,800,45,85,32,6,High,Medium,High,Fish,"Rice, Mackerel, Pomfret",Non-Vegetarian,Fish,Deep fry pomfret with rava coating.,45 mins strength training,Avoid if uric acid is elevated
263,Goa,Weight Gain,Lunch,White Rice + Beef Croquettes + Dalitoy,800,35,100,28,8,Low,Medium,Medium,Gluten,"Rice, Beef, Breadcrumbs, Toor Dal",Non-Vegetarian,Beef,Deep fry croquettes for mass gain.,45 mins strength training,Avoid if lipid profile is poor
264,Goa,Weight Gain,Lunch,White Rice + Beef Vindaloo + Tendli Bhaji,800,40,90,30,8,High,Medium,Medium,Safe,"Rice, Beef, Ivy Gourd",Non-Vegetarian,Beef,Cook beef with extra oil.,45 mins strength training,Avoid if uric acid is elevated
265,Goa,Weight Gain,Lunch,White Rice + Chicken Cafreal + Mixed Bean,800,40,90,30,10,Low,Medium,Medium,Safe,"Rice, Chicken, Beans",Non-Vegetarian,Chicken,Use full oil marinade for cafreal.,45 mins strength training,Avoid if uric acid is elevated
266,Goa,Weight Gain,Lunch,White Rice + Chicken Xacuti + Cabbage Foogath,800,35,95,30,8,Low,Medium,Medium,Safe,"Rice, Chicken, Coconut, Cabbage",Non-Vegetarian,Chicken,Use rich roasted coconut paste for healthy mass gain.,45 mins strength training,Avoid if uric acid is elevated
267,Goa,Weight Gain,Lunch,White Rice + Crab Xacuti + Cabbage Foogath,800,35,95,30,6,Low,Medium,Medium,"Fish, Shellfish","Rice, Crab, Cabbage, Coconut",Non-Vegetarian,Crab,Use rich spices and deep coconut paste.,45 mins strength training,Avoid if uric acid is elevated
268,Goa,Weight Gain,Lunch,White Rice + Fish Caldin + Potato Fries,800,30,100,30,6,High,Medium,Medium,"Dairy, Fish","Rice, Fish, Coconut Milk, Potato",Non-Vegetarian,Fish,Use thick coconut milk for caldin.,45 mins strength training,Avoid if lipid profile is poor
269,Goa,Weight Gain,Lunch,White Rice + Mutton Xacuti + Fried Prawns,800,45,85,32,6,High,Medium,High,"Fish, Shellfish","Rice, Mutton, Prawns, Coconut",Non-Vegetarian,Mutton,Use rich spices and deep fry prawns for mass gain.,45 mins strength training,Avoid if uric acid is elevated
270,Goa,Weight Gain,Lunch,White Rice + Pork Vindaloo + Potato Veg,800,35,95,30,6,High,Medium,High,Safe,"Rice, Pork, Potato",Non-Vegetarian,Pork,Include fatty pork pieces for extra calories.,45 mins strength training,Avoid if lipid profile is poor
271,Goa,Weight Gain,Lunch,White Rice + Prawns Ambot Tik + Fried Kingfish,800,45,95,24,6,High,Medium,Medium,"Fish, Shellfish","Rice, Prawns, Kingfish, Kokum",Non-Vegetarian,Prawns,Shallow fry kingfish in coconut oil.,45 mins strength training,Avoid if uric acid is elevated
272,Goa,Weight Gain,Lunch,Xacuti (With Coconut and Ghee),805,36,89,32,8,Medium,Medium,Medium,Safe,"chicken, coconut, roasted spices, poppy seeds",Non-Vegetarian,Chicken,"Cook xacuti in the richer traditional style using coconut, cashew, ghee, or a fuller rice/bread portion where appropriate. Serve it generously so the meal is calorie-dense but still recognisably Goan.",20 mins light walk,Energy dense meal; balance with hydration and regular activity.
273,Goa,Weight Gain,Lunch,Alsanyache Tonak (Cashew Enriched; with red rice),390,13,53,14,4,Low,High,High,Safe,"black-eyed beans, tonak masala, onion, garlic, coconut, tamarind, potato",Vegan,,"Prepare alsanyache tonak in the cashew enriched style with a with red rice serving. Keep the recipe fully plant-based or vegetarian, using the traditional Goan masala and legumes/vegetables. Cook it in a fuller traditional style and serve an appropriate calorie-dense portion.",Strength training or resistance workout later in the day,Best used as part of a calorie surplus
274,Goa,Weight Gain,Lunch,Alsanyache Tonak (With Ghee; with red rice),385,15,54,14,8,Low,High,High,Safe,"black-eyed beans, tonak masala, onion, garlic, coconut, tamarind, potato",Vegan,,"Prepare alsanyache tonak in the with ghee style with a with red rice serving. Keep the recipe fully plant-based or vegetarian, using the traditional Goan masala and legumes/vegetables. Cook it in a fuller traditional style and serve an appropriate calorie-dense portion.",Strength training or resistance workout later in the day,Best used as part of a calorie surplus
275,Goa,Weight Gain,Lunch,Ambadyachem Sasav (Larger Serve; with red rice),407,9,59,15,4,High,High,High,Mustard,"ambade, coconut, mustard, green chilli, curry leaves, spices",Vegan,,"Prepare ambadyachem sasav in the larger serve style with a with red rice serving. Keep the recipe fully plant-based or vegetarian, using the traditional Goan masala and legumes/vegetables. Cook it in a fuller traditional style and serve an appropriate calorie-dense portion.",Strength training or resistance workout later in the day,Best used as part of a calorie surplus
276,Goa,Weight Gain,Lunch,Chana Ros (Rich Coconut; with red rice),485,18,65,17,7,High,High,High,Safe,"chickpeas, coconut, dried red chillies, onion, kokum, spices",Vegan,,"Prepare chana ros in the rich coconut style with a with red rice serving. Keep the recipe fully plant-based or vegetarian, using the traditional Goan masala and legumes/vegetables. Cook it in a fuller traditional style and serve an appropriate calorie-dense portion.",Strength training or resistance workout later in the day,Best used as part of a calorie surplus
277,Goa,Weight Gain,Lunch,Chana Ros (With Coconut; with red rice),536,17,63,24,9,High,High,High,Safe,"chickpeas, coconut, dried red chillies, onion, kokum, spices",Vegan,,"Prepare chana ros in the with coconut style with a with red rice serving. Keep the recipe fully plant-based or vegetarian, using the traditional Goan masala and legumes/vegetables. Cook it in a fuller traditional style and serve an appropriate calorie-dense portion.",Strength training or resistance workout later in the day,Best used as part of a calorie surplus
278,Goa,Weight Gain,Lunch,Khatkatem (Tea Time; with red rice),430,10,60,12,4,High,High,High,Safe,"raw jackfruit, beetroot, pumpkin, raw banana, drumstick, coconut, teflam, turmeric",Vegan,,"Prepare khatkatem in the tea time style with a with red rice serving. Keep the recipe fully plant-based or vegetarian, using the traditional Goan masala and legumes/vegetables. Cook it in a fuller traditional style and serve an appropriate calorie-dense portion.",Strength training or resistance workout later in the day,Best used as part of a calorie surplus
279,Goa,Weight Gain,Lunch,Khatkatem (With Poi; with red rice),389,11,57,13,7,High,High,High,Safe,"raw jackfruit, beetroot, pumpkin, raw banana, drumstick, coconut, teflam, turmeric",Vegan,,"Prepare khatkatem in the with poi style with a with red rice serving. Keep the recipe fully plant-based or vegetarian, using the traditional Goan masala and legumes/vegetables. Cook it in a fuller traditional style and serve an appropriate calorie-dense portion.",Strength training or resistance workout later in the day,Best used as part of a calorie surplus
280,Goa,Weight Gain,Lunch,Moong Gathi (Double Serving; with red rice),437,13,63,23,8,High,High,High,Safe,"sprouted moong, coconut, cumin, coriander, green chilli, curry leaves",Vegan,,"Prepare moong gathi in the double serving style with a with red rice serving. Keep the recipe fully plant-based or vegetarian, using the traditional Goan masala and legumes/vegetables. Cook it in a fuller traditional style and serve an appropriate calorie-dense portion.",Strength training or resistance workout later in the day,Best used as part of a calorie surplus
281,Goa,Weight Gain,Lunch,Moong Gathi (With Sanna; with red rice),374,11,59,12,8,High,High,High,Safe,"sprouted moong, coconut, cumin, coriander, green chilli, curry leaves",Vegan,,"Prepare moong gathi in the with sanna style with a with red rice serving. Keep the recipe fully plant-based or vegetarian, using the traditional Goan masala and legumes/vegetables. Cook it in a fuller traditional style and serve an appropriate calorie-dense portion.",Strength training or resistance workout later in the day,Best used as part of a calorie surplus
282,Goa,Weight Gain,Lunch,Poi (Sweet Finish; with red rice),480,17,50,22,8,High,High,High,Gluten,"whole wheat flour, wheat bran, yeast or toddy, water, salt",Vegan,,"Prepare poi in the sweet finish style with a with red rice serving. Keep the recipe fully plant-based or vegetarian, using the traditional Goan masala and legumes/vegetables. Cook it in a fuller traditional style and serve an appropriate calorie-dense portion.",Strength training or resistance workout later in the day,Contains gluten; best used as part of a calorie surplus
283,Goa,Weight Gain,Lunch,Sanna (Full Portion; with red rice),437,8,62,14,6,Low,High,High,Safe,"red rice, coconut, urad dal, toddy or yeast, salt",Vegan,,"Prepare sanna in the full portion style with a with red rice serving. Keep the recipe fully plant-based or vegetarian, using the traditional Goan masala and legumes/vegetables. Cook it in a fuller traditional style and serve an appropriate calorie-dense portion.",Strength training or resistance workout later in the day,Best used as part of a calorie surplus
284,Goa,Weight Gain,Lunch,Sanna (Thick Gravy; with red rice),529,10,75,21,4,Low,High,High,Safe,"red rice, coconut, urad dal, toddy or yeast, salt",Vegan,,"Prepare sanna in the thick gravy style with a with red rice serving. Keep the recipe fully plant-based or vegetarian, using the traditional Goan masala and legumes/vegetables. Cook it in a fuller traditional style and serve an appropriate calorie-dense portion.",Strength training or resistance workout later in the day,Best used as part of a calorie surplus
285,Goa,Weight Gain,Lunch,Tambdi Bhaji (Festive Style; with red rice),379,9,51,15,5,High,High,High,Safe,"red amaranth, garlic, coconut, green chilli, turmeric, oil",Vegan,,"Prepare tambdi bhaji in the festive style style with a with red rice serving. Keep the recipe fully plant-based or vegetarian, using the traditional Goan masala and legumes/vegetables. Cook it in a fuller traditional style and serve an appropriate calorie-dense portion.",Strength training or resistance workout later in the day,Best used as part of a calorie surplus
286,Goa,Weight Gain,Lunch,Uddamethi (Extra Rice; with red rice),497,15,62,21,9,Low,High,High,Safe,"urad dal, raw mango, fenugreek seeds, tamarind, jaggery, spices",Vegan,,"Prepare uddamethi in the extra rice style with a with red rice serving. Keep the recipe fully plant-based or vegetarian, using the traditional Goan masala and legumes/vegetables. Cook it in a fuller traditional style and serve an appropriate calorie-dense portion.",Strength training or resistance workout later in the day,Best used as part of a calorie surplus
287,Goa,Weight Gain,Lunch,Uddamethi (Hearty Bowl; with red rice),395,16,58,17,8,Low,High,High,Safe,"urad dal, raw mango, fenugreek seeds, tamarind, jaggery, spices",Vegan,,"Prepare uddamethi in the hearty bowl style with a with red rice serving. Keep the recipe fully plant-based or vegetarian, using the traditional Goan masala and legumes/vegetables. Cook it in a fuller traditional style and serve an appropriate calorie-dense portion.",Strength training or resistance workout later in the day,Best used as part of a calorie surplus
288,Goa,Weight Gain,Lunch,Valchi Bhaji (Energy Dense; with red rice),406,14,56,14,6,High,High,High,Safe,"val or fern leaves, coconut, garlic, green chilli, spices",Vegan,,"Prepare valchi bhaji in the energy dense style with a with red rice serving. Keep the recipe fully plant-based or vegetarian, using the traditional Goan masala and legumes/vegetables. Cook it in a fuller traditional style and serve an appropriate calorie-dense portion.",Strength training or resistance workout later in the day,Best used as part of a calorie surplus
289,Goa,Weight Gain,Snack,Alle Belle (Traditional Festive Snack),461,8,60,21,3,High,Medium,Medium,Gluten,"flour, coconut, jaggery, cardamom",Vegetarian,,"Cook alle belle in the richer traditional style using coconut, cashew, ghee, or a fuller rice/bread portion where appropriate. Serve it generously so the meal is calorie-dense but still recognisably Goan.",20 mins light walk,Energy dense meal; balance with hydration and regular activity.
290,Goa,Weight Gain,Snack,Banana Fritters (Kelyachi Kaapa),400,4,70,12,5,High,Low,Medium,Safe,"Banana, Rice Flour, Oil",Vegetarian,,Shallow fry in coconut oil.,Rest or light stretching,Check sugar levels if predisposed
291,Goa,Weight Gain,Snack,Banana Milkshake with Cashews,400,10,65,12,4,High,Low,High,"Dairy, Nut, Nuts","Banana, Full Cream Milk, Cashews",Vegetarian,,Blend until smooth for easy calories.,Rest or light stretching,Check sugar levels if predisposed
292,Goa,Weight Gain,Snack,"Bebinca (Sweet, Energy Dense)",461,8,60,21,3,High,Medium,Medium,"Dairy, Egg, Eggs, Gluten","egg yolk, coconut milk, flour, sugar, ghee",Vegetarian,,"Cook bebinca in the richer traditional style using coconut, cashew, ghee, or a fuller rice/bread portion where appropriate. Serve it generously so the meal is calorie-dense but still recognisably Goan.",20 mins light walk,Energy dense meal; balance with hydration and regular activity.
293,Goa,Weight Gain,Snack,Coconut and Jaggery Ladoo (Godshem style),400,4,70,14,5,High,Low,Medium,Safe,"Coconut, Jaggery",Vegetarian,,Bind tightly with fresh coconut for dense energy.,Rest or light stretching,Check sugar levels if predisposed
294,Goa,Weight Gain,Snack,"Doce (With Ghee, Rich Style)",469,9,61,21,3,Low,Medium,Medium,Dairy,"chana dal, coconut, sugar, ghee",Vegetarian,,"Cook doce in the richer traditional style using coconut, cashew, ghee, or a fuller rice/bread portion where appropriate. Serve it generously so the meal is calorie-dense but still recognisably Goan.",20 mins light walk,Energy dense meal; balance with hydration and regular activity.
295,Goa,Weight Gain,Snack,"Dodol (Full Portion, Tea Time)",469,8,62,21,3,High,Medium,Medium,Dairy,"coconut milk, jaggery, rice flour",Vegetarian,,"Cook dodol in the richer traditional style using coconut, cashew, ghee, or a fuller rice/bread portion where appropriate. Serve it generously so the meal is calorie-dense but still recognisably Goan.",20 mins light walk,Energy dense meal; balance with hydration and regular activity.
296,Goa,Weight Gain,Snack,Dodol (Full Portion; tea-time snack),565,13,63,29,6,High,High,High,"Dairy, Nut","coconut milk, jaggery, rice flour, cashew, cardamom",Vegetarian,,"Prepare dodol in the full portion style with a tea-time snack serving. Keep the recipe fully plant-based or vegetarian, using the traditional Goan masala and legumes/vegetables. Cook it in a fuller traditional style and serve an appropriate calorie-dense portion.",Strength training or resistance workout later in the day,Best used as part of a calorie surplus
297,Goa,Weight Gain,Snack,Goan Dodol (Portion),400,4,75,10,2,High,Low,Medium,Dairy,"Rice Flour, Coconut Milk, Jaggery",Vegetarian,,Rich in coconut milk and jaggery.,Rest or light stretching,Check sugar levels if predisposed
298,Goa,Weight Gain,Snack,Godshem (Goan Payasam),400,8,65,12,4,Low,Low,Low,"Dairy, Nuts","Chana Dal, Jaggery, Coconut Milk",Vegetarian,,Use thick coconut milk for extra calories.,Rest or light stretching,Check sugar levels if predisposed
299,Goa,Weight Gain,Snack,Mango Milkshake (When in season),400,10,65,12,4,High,Low,Medium,Dairy,"Mango, Full Cream Milk",Vegetarian,,Use full cream milk.,Rest or light stretching,Check sugar levels if predisposed
300,Goa,Weight Gain,Snack,"Nevri (Nutty, Calorie Dense)",477,9,63,21,3,High,Medium,Medium,Gluten,"maida, coconut, jaggery, cardamom",Vegetarian,,"Cook nevri in the richer traditional style using coconut, cashew, ghee, or a fuller rice/bread portion where appropriate. Serve it generously so the meal is calorie-dense but still recognisably Goan.",20 mins light walk,Energy dense meal; balance with hydration and regular activity.
301,Goa,Weight Gain,Snack,Pinagre (Goan Sweet),400,6,70,12,4,High,Low,Medium,Safe,"Parboiled Rice, Coconut, Jaggery",Vegetarian,,Roll into dense balls.,Rest or light stretching,Check sugar levels if predisposed
302,Goa,Weight Gain,Snack,Roasted Cashews and Raisins,400,8,45,22,4,Medium,Low,Medium,"Nut, Nuts","Cashews, Raisins",Vegetarian,,Consume generous handfuls.,Rest or light stretching,Check sugar levels if predisposed
303,Goa,Weight Gain,Snack,Serradura (Macadamia/Cashew base),400,6,50,19,2,High,Low,High,"Dairy, Gluten, Nuts","Condensed Milk, Cream, Biscuit, Nuts",Vegetarian,,Whip cream thick for extra calories.,Rest or light stretching,Check sugar levels if predisposed
304,Goa,Weight Gain,Snack,Sweetened Patoleo,400,4,75,8,4,High,Low,Low,Safe,"Rice Flour, Jaggery, Coconut",Vegetarian,,Increase jaggery ratio for dense energy.,Rest or light stretching,Check sugar levels if predisposed
305,Goa,Weight Gain,Snack,Balchao (Cashew Enriched; tea-time snack),494,33,63,16,6,High,High,High,"Fish, Shellfish","fish or prawns or pork, vinegar, red chilli, tomatoes, garlic, spices",Non-Vegetarian,Seafood,"Prepare balchao in the cashew enriched style with a tea-time snack serving. Use lean fish, chicken, pork, or seafood as the traditional recipe calls for. Cook it in a fuller traditional style and serve an appropriate calorie-dense portion.",Strength training or resistance workout later in the day,"Contains fish, shellfish; best used as part of a calorie surplus"
306,Goa,Weight Gain,Snack,Balchao (With Ghee; tea-time snack),495,29,66,21,7,High,High,High,"Fish, Shellfish","fish or prawns or pork, vinegar, red chilli, tomatoes, garlic, spices",Non-Vegetarian,Seafood,"Prepare balchao in the with ghee style with a tea-time snack serving. Use lean fish, chicken, pork, or seafood as the traditional recipe calls for. Cook it in a fuller traditional style and serve an appropriate calorie-dense portion.",Strength training or resistance workout later in the day,"Contains fish, shellfish; best used as part of a calorie surplus"
307,Goa,Weight Gain,Snack,Beef Chilli Fry (Double Serving; tea-time snack),685,33,68,23,7,High,High,High,Safe,"beef, onions, green chilli, vinegar, garlic, Goan spices",Non-Vegetarian,Beef,"Prepare beef chilli fry in the double serving style with a tea-time snack serving. Use lean fish, chicken, pork, or seafood as the traditional recipe calls for. Cook it in a fuller traditional style and serve an appropriate calorie-dense portion.",Strength training or resistance workout later in the day,Best used as part of a calorie surplus
308,Goa,Weight Gain,Snack,Beef Chilli Fry (With Sanna; tea-time snack),548,30,55,17,3,High,High,High,Safe,"beef, onions, green chilli, vinegar, garlic, Goan spices",Non-Vegetarian,Beef,"Prepare beef chilli fry in the with sanna style with a tea-time snack serving. Use lean fish, chicken, pork, or seafood as the traditional recipe calls for. Cook it in a fuller traditional style and serve an appropriate calorie-dense portion.",Strength training or resistance workout later in the day,Best used as part of a calorie surplus
309,Goa,Weight Gain,Snack,Chicken Cafreal (Full Portion; tea-time snack),687,33,59,30,6,High,High,High,Safe,"chicken, coriander, lime, vinegar, garlic, green chilli, spices",Non-Vegetarian,Chicken,"Prepare chicken cafreal in the full portion style with a tea-time snack serving. Use lean fish, chicken, pork, or seafood as the traditional recipe calls for. Cook it in a fuller traditional style and serve an appropriate calorie-dense portion.",Strength training or resistance workout later in the day,Best used as part of a calorie surplus
310,Goa,Weight Gain,Snack,Chicken Cafreal (Thick Gravy; tea-time snack),548,34,71,21,5,High,High,High,Safe,"chicken, coriander, lime, vinegar, garlic, green chilli, spices",Non-Vegetarian,Chicken,"Prepare chicken cafreal in the thick gravy style with a tea-time snack serving. Use lean fish, chicken, pork, or seafood as the traditional recipe calls for. Cook it in a fuller traditional style and serve an appropriate calorie-dense portion.",Strength training or resistance workout later in the day,Best used as part of a calorie surplus
311,Goa,Weight Gain,Snack,Choris Pao (Tea Time; tea-time snack),521,24,63,21,6,High,High,High,Gluten,"Goan pork sausage, poee or pao, onions, chilli, vinegar",Non-Vegetarian,Pork,"Prepare choris pao in the tea time style with a tea-time snack serving. Use lean fish, chicken, pork, or seafood as the traditional recipe calls for. Cook it in a fuller traditional style and serve an appropriate calorie-dense portion.",Strength training or resistance workout later in the day,Contains gluten; best used as part of a calorie surplus
312,Goa,Weight Gain,Snack,Choris Pao (With Poi; tea-time snack),649,29,53,28,6,High,High,High,Gluten,"Goan pork sausage, poee or pao, onions, chilli, vinegar",Non-Vegetarian,Pork,"Prepare choris pao in the with poi style with a tea-time snack serving. Use lean fish, chicken, pork, or seafood as the traditional recipe calls for. Cook it in a fuller traditional style and serve an appropriate calorie-dense portion.",Strength training or resistance workout later in the day,Contains gluten; best used as part of a calorie surplus
313,Goa,Weight Gain,Snack,Crab Xacuti (Festive Style; tea-time snack),637,32,64,20,6,High,High,High,"Fish, Shellfish","crab, roasted coconut, poppy seeds, onions, dry red chillies, spices",Non-Vegetarian,Seafood,"Prepare crab xacuti in the festive style style with a tea-time snack serving. Use lean fish, chicken, pork, or seafood as the traditional recipe calls for. Cook it in a fuller traditional style and serve an appropriate calorie-dense portion.",Strength training or resistance workout later in the day,Contains shellfish; best used as part of a calorie surplus
314,Goa,Weight Gain,Snack,Pork Vindalho (Larger Serve; tea-time snack),563,25,71,15,6,High,High,High,Safe,"pork, vinegar, garlic, red chilli, cloves, cinnamon, Goan spice mix",Non-Vegetarian,Pork,"Prepare pork vindalho in the larger serve style with a tea-time snack serving. Use lean fish, chicken, pork, or seafood as the traditional recipe calls for. Cook it in a fuller traditional style and serve an appropriate calorie-dense portion.",Strength training or resistance workout later in the day,Best used as part of a calorie surplus
315,Goa,Weight Gain,Snack,Prawn Balchao (Extra Rice; tea-time snack),516,31,62,16,5,High,High,High,"Fish, Shellfish",prawn balchao,Non-Vegetarian,,"Prepare prawn balchao in the extra rice style with a tea-time snack serving. Use lean fish, chicken, pork, or seafood as the traditional recipe calls for. Cook it in a fuller traditional style and serve an appropriate calorie-dense portion.",Strength training or resistance workout later in the day,Best used as part of a calorie surplus
316,Goa,Weight Gain,Snack,"Prawn Rissois (Hearty, Sweet Finish)",375,18,41,18,4,Medium,Medium,Medium,"Dairy, Fish, Gluten, Shellfish","prawns, flour, milk, potato, breadcrumbs",Non-Vegetarian,Prawns,"Cook prawn rissois in the richer traditional style using coconut, cashew, ghee, or a fuller rice/bread portion where appropriate. Serve it generously so the meal is calorie-dense but still recognisably Goan.",20 mins light walk,Energy dense meal; balance with hydration and regular activity.
317,Goa,Weight Gain,Snack,Sorpotel (Sweet Finish; tea-time snack),462,27,48,18,7,High,High,High,Safe,"pork, liver, vinegar, red chilli, garlic, spice paste",Non-Vegetarian,Pork,"Prepare sorpotel in the sweet finish style with a tea-time snack serving. Use lean fish, chicken, pork, or seafood as the traditional recipe calls for. Cook it in a fuller traditional style and serve an appropriate calorie-dense portion.",Strength training or resistance workout later in the day,Best used as part of a calorie surplus
318,Goa,Weight Gain,Snack,Vindalho (Energy Dense; tea-time snack),669,36,84,21,6,High,High,High,Safe,"pork or chicken, vinegar, garlic, cloves, cinnamon, red chilli",Non-Vegetarian,Chicken,"Prepare vindalho in the energy dense style with a tea-time snack serving. Use lean fish, chicken, pork, or seafood as the traditional recipe calls for. Cook it in a fuller traditional style and serve an appropriate calorie-dense portion.",Strength training or resistance workout later in the day,Best used as part of a calorie surplus
319,Goa,Weight Gain,Snack,Xacuti (Rich Coconut; tea-time snack),702,25,83,30,6,High,High,High,"Fish, Shellfish","chicken, crab or mutton, roasted coconut, poppy seeds, onion, spices",Non-Vegetarian,Chicken,"Prepare xacuti in the rich coconut style with a tea-time snack serving. Use lean fish, chicken, pork, or seafood as the traditional recipe calls for. Cook it in a fuller traditional style and serve an appropriate calorie-dense portion.",Strength training or resistance workout later in the day,Best used as part of a calorie surplus
320,Goa,Weight Gain,Snack,Xacuti (With Coconut; tea-time snack),506,25,57,25,6,High,High,High,"Fish, Shellfish","chicken, crab or mutton, roasted coconut, poppy seeds, onion, spices",Non-Vegetarian,Chicken,"Prepare xacuti in the with coconut style with a tea-time snack serving. Use lean fish, chicken, pork, or seafood as the traditional recipe calls for. Cook it in a fuller traditional style and serve an appropriate calorie-dense portion.",Strength training or resistance workout later in the day,Best used as part of a calorie surplus
321,Goa,Weight Gain,Snack,Alsanyache Tonak (Full Portion; tea-time snack),483,13,65,19,7,Low,High,High,Safe,"black-eyed beans, tonak masala, onion, garlic, coconut, tamarind, potato",Vegan,,"Prepare alsanyache tonak in the full portion style with a tea-time snack serving. Keep the recipe fully plant-based or vegetarian, using the traditional Goan masala and legumes/vegetables. Cook it in a fuller traditional style and serve an appropriate calorie-dense portion.",Strength training or resistance workout later in the day,Best used as part of a calorie surplus
322,Goa,Weight Gain,Snack,Alsanyache Tonak (Thick Gravy; tea-time snack),433,8,53,21,7,Low,High,High,Safe,"black-eyed beans, tonak masala, onion, garlic, coconut, tamarind, potato",Vegan,,"Prepare alsanyache tonak in the thick gravy style with a tea-time snack serving. Keep the recipe fully plant-based or vegetarian, using the traditional Goan masala and legumes/vegetables. Cook it in a fuller traditional style and serve an appropriate calorie-dense portion.",Strength training or resistance workout later in the day,Best used as part of a calorie surplus
323,Goa,Weight Gain,Snack,Ambadyachem Sasav (Energy Dense; tea-time snack),484,15,64,22,4,High,High,High,Mustard,"ambade, coconut, mustard, green chilli, curry leaves, spices",Vegan,,"Prepare ambadyachem sasav in the energy dense style with a tea-time snack serving. Keep the recipe fully plant-based or vegetarian, using the traditional Goan masala and legumes/vegetables. Cook it in a fuller traditional style and serve an appropriate calorie-dense portion.",Strength training or resistance workout later in the day,Best used as part of a calorie surplus
324,Goa,Weight Gain,Snack,Chana Ros (Cashew Enriched; tea-time snack),404,14,51,16,9,High,High,High,Safe,"chickpeas, coconut, dried red chillies, onion, kokum, spices",Vegan,,"Prepare chana ros in the cashew enriched style with a tea-time snack serving. Keep the recipe fully plant-based or vegetarian, using the traditional Goan masala and legumes/vegetables. Cook it in a fuller traditional style and serve an appropriate calorie-dense portion.",Strength training or resistance workout later in the day,Best used as part of a calorie surplus
325,Goa,Weight Gain,Snack,Chana Ros (With Ghee; tea-time snack),396,8,55,14,7,High,High,High,Safe,"chickpeas, coconut, dried red chillies, onion, kokum, spices",Vegan,,"Prepare chana ros in the with ghee style with a tea-time snack serving. Keep the recipe fully plant-based or vegetarian, using the traditional Goan masala and legumes/vegetables. Cook it in a fuller traditional style and serve an appropriate calorie-dense portion.",Strength training or resistance workout later in the day,Best used as part of a calorie surplus
326,Goa,Weight Gain,Snack,Khatkatem (Rich Coconut; tea-time snack),440,11,63,16,9,High,High,High,Safe,"raw jackfruit, beetroot, pumpkin, raw banana, drumstick, coconut, teflam, turmeric",Vegan,,"Prepare khatkatem in the rich coconut style with a tea-time snack serving. Keep the recipe fully plant-based or vegetarian, using the traditional Goan masala and legumes/vegetables. Cook it in a fuller traditional style and serve an appropriate calorie-dense portion.",Strength training or resistance workout later in the day,Best used as part of a calorie surplus
327,Goa,Weight Gain,Snack,Khatkatem (With Coconut; tea-time snack),475,16,56,20,5,High,High,High,Safe,"raw jackfruit, beetroot, pumpkin, raw banana, drumstick, coconut, teflam, turmeric",Vegan,,"Prepare khatkatem in the with coconut style with a tea-time snack serving. Keep the recipe fully plant-based or vegetarian, using the traditional Goan masala and legumes/vegetables. Cook it in a fuller traditional style and serve an appropriate calorie-dense portion.",Strength training or resistance workout later in the day,Best used as part of a calorie surplus
328,Goa,Weight Gain,Snack,Moong Gathi (Tea Time; tea-time snack),394,14,59,14,4,High,High,High,Safe,"sprouted moong, coconut, cumin, coriander, green chilli, curry leaves",Vegan,,"Prepare moong gathi in the tea time style with a tea-time snack serving. Keep the recipe fully plant-based or vegetarian, using the traditional Goan masala and legumes/vegetables. Cook it in a fuller traditional style and serve an appropriate calorie-dense portion.",Strength training or resistance workout later in the day,Best used as part of a calorie surplus
329,Goa,Weight Gain,Snack,Moong Gathi (With Poi; tea-time snack),474,11,65,19,9,High,High,High,Safe,"sprouted moong, coconut, cumin, coriander, green chilli, curry leaves",Vegan,,"Prepare moong gathi in the with poi style with a tea-time snack serving. Keep the recipe fully plant-based or vegetarian, using the traditional Goan masala and legumes/vegetables. Cook it in a fuller traditional style and serve an appropriate calorie-dense portion.",Strength training or resistance workout later in the day,Best used as part of a calorie surplus
330,Goa,Weight Gain,Snack,Poi (Larger Serve; tea-time snack),517,14,74,18,7,High,High,High,Gluten,"whole wheat flour, wheat bran, yeast or toddy, water, salt",Vegan,,"Prepare poi in the larger serve style with a tea-time snack serving. Keep the recipe fully plant-based or vegetarian, using the traditional Goan masala and legumes/vegetables. Cook it in a fuller traditional style and serve an appropriate calorie-dense portion.",Strength training or resistance workout later in the day,Contains gluten; best used as part of a calorie surplus
331,Goa,Weight Gain,Snack,Sanna (Sweet Finish; tea-time snack),556,17,68,24,4,Low,High,High,Safe,"red rice, coconut, urad dal, toddy or yeast, salt",Vegan,,"Prepare sanna in the sweet finish style with a tea-time snack serving. Keep the recipe fully plant-based or vegetarian, using the traditional Goan masala and legumes/vegetables. Cook it in a fuller traditional style and serve an appropriate calorie-dense portion.",Strength training or resistance workout later in the day,Best used as part of a calorie surplus
332,Goa,Weight Gain,Snack,Tambdi Bhaji (Extra Rice; tea-time snack),367,13,56,13,6,High,High,High,Safe,"red amaranth, garlic, coconut, green chilli, turmeric, oil",Vegan,,"Prepare tambdi bhaji in the extra rice style with a tea-time snack serving. Keep the recipe fully plant-based or vegetarian, using the traditional Goan masala and legumes/vegetables. Cook it in a fuller traditional style and serve an appropriate calorie-dense portion.",Strength training or resistance workout later in the day,Best used as part of a calorie surplus
333,Goa,Weight Gain,Snack,Tambdi Bhaji (Hearty Bowl; tea-time snack),352,10,51,12,8,High,High,High,Safe,"red amaranth, garlic, coconut, green chilli, turmeric, oil",Vegan,,"Prepare tambdi bhaji in the hearty bowl style with a tea-time snack serving. Keep the recipe fully plant-based or vegetarian, using the traditional Goan masala and legumes/vegetables. Cook it in a fuller traditional style and serve an appropriate calorie-dense portion.",Strength training or resistance workout later in the day,Best used as part of a calorie surplus
334,Goa,Weight Gain,Snack,Uddamethi (Double Serving; tea-time snack),508,18,64,20,6,Low,High,High,Safe,"urad dal, raw mango, fenugreek seeds, tamarind, jaggery, spices",Vegan,,"Prepare uddamethi in the double serving style with a tea-time snack serving. Keep the recipe fully plant-based or vegetarian, using the traditional Goan masala and legumes/vegetables. Cook it in a fuller traditional style and serve an appropriate calorie-dense portion.",Strength training or resistance workout later in the day,Best used as part of a calorie surplus
335,Goa,Weight Gain,Snack,Uddamethi (With Sanna; tea-time snack),424,16,54,15,9,Low,High,High,Safe,"urad dal, raw mango, fenugreek seeds, tamarind, jaggery, spices",Vegan,,"Prepare uddamethi in the with sanna style with a tea-time snack serving. Keep the recipe fully plant-based or vegetarian, using the traditional Goan masala and legumes/vegetables. Cook it in a fuller traditional style and serve an appropriate calorie-dense portion.",Strength training or resistance workout later in the day,Best used as part of a calorie surplus
336,Goa,Weight Gain,Snack,Valchi Bhaji (Festive Style; tea-time snack),398,15,57,13,6,High,High,High,Safe,"val or fern leaves, coconut, garlic, green chilli, spices",Vegan,,"Prepare valchi bhaji in the festive style style with a tea-time snack serving. Keep the recipe fully plant-based or vegetarian, using the traditional Goan masala and legumes/vegetables. Cook it in a fuller traditional style and serve an appropriate calorie-dense portion.",Strength training or resistance workout later in the day,Best used as part of a calorie surplus
337,Goa,Weight Gain,Dinner,Alle Belle (Rich Coconut; with steamed rice),579,18,82,30,2,High,High,High,"Dairy, Egg, Eggs, Gluten","wheat flour, coconut, jaggery, eggs, ghee",Vegetarian,,"Prepare alle belle in the rich coconut style with a with steamed rice serving. Keep the recipe fully plant-based or vegetarian, using the traditional Goan masala and legumes/vegetables. Cook it in a fuller traditional style and serve an appropriate calorie-dense portion.",Strength training or resistance workout later in the day,"Contains eggs, gluten; best used as part of a calorie surplus"
338,Goa,Weight Gain,Dinner,Alle Belle (With Ghee; with steamed rice),593,11,78,34,2,High,High,High,"Dairy, Egg, Eggs, Gluten","wheat flour, coconut, jaggery, eggs, ghee",Vegetarian,,"Prepare alle belle in the with ghee style with a with steamed rice serving. Keep the recipe fully plant-based or vegetarian, using the traditional Goan masala and legumes/vegetables. Cook it in a fuller traditional style and serve an appropriate calorie-dense portion.",Strength training or resistance workout later in the day,"Contains eggs, gluten; best used as part of a calorie surplus"
339,Goa,Weight Gain,Dinner,Baath Cake (Cashew Enriched; with steamed rice),492,16,62,20,4,High,High,High,"Dairy, Egg, Eggs, Gluten","semolina, coconut, eggs, sugar, milk, cardamom",Vegetarian,,"Prepare baath cake in the cashew enriched style with a with steamed rice serving. Keep the recipe fully plant-based or vegetarian, using the traditional Goan masala and legumes/vegetables. Cook it in a fuller traditional style and serve an appropriate calorie-dense portion.",Strength training or resistance workout later in the day,"Contains eggs, dairy, gluten; best used as part of a calorie surplus"
340,Goa,Weight Gain,Dinner,Baath Cake (Full Portion; with steamed rice),436,12,61,16,6,High,High,High,"Dairy, Egg, Eggs, Gluten","semolina, coconut, eggs, sugar, milk, cardamom",Vegetarian,,"Prepare baath cake in the full portion style with a with steamed rice serving. Keep the recipe fully plant-based or vegetarian, using the traditional Goan masala and legumes/vegetables. Cook it in a fuller traditional style and serve an appropriate calorie-dense portion.",Strength training or resistance workout later in the day,"Contains eggs, dairy, gluten; best used as part of a calorie surplus"
341,Goa,Weight Gain,Dinner,Bebinca (Larger Serve; with steamed rice),518,10,68,17,5,High,High,High,"Dairy, Egg, Eggs, Gluten","flour, egg yolks, coconut milk, ghee, sugar, nutmeg",Vegetarian,,"Prepare bebinca in the larger serve style with a with steamed rice serving. Keep the recipe fully plant-based or vegetarian, using the traditional Goan masala and legumes/vegetables. Cook it in a fuller traditional style and serve an appropriate calorie-dense portion.",Strength training or resistance workout later in the day,"Contains eggs, dairy, gluten; best used as part of a calorie surplus"
342,Goa,Weight Gain,Dinner,Doce (Sweet Finish; with steamed rice),588,13,62,32,7,High,High,High,Dairy,"Bengal gram, coconut, sugar, ghee, cardamom",Vegetarian,,"Prepare doce in the sweet finish style with a with steamed rice serving. Keep the recipe fully plant-based or vegetarian, using the traditional Goan masala and legumes/vegetables. Cook it in a fuller traditional style and serve an appropriate calorie-dense portion.",Strength training or resistance workout later in the day,Contains dairy; best used as part of a calorie surplus
343,Goa,Weight Gain,Dinner,Dodol (Thick Gravy; with steamed rice),578,10,85,22,5,High,High,High,"Dairy, Nut","coconut milk, jaggery, rice flour, cashew, cardamom",Vegetarian,,"Prepare dodol in the thick gravy style with a with steamed rice serving. Keep the recipe fully plant-based or vegetarian, using the traditional Goan masala and legumes/vegetables. Cook it in a fuller traditional style and serve an appropriate calorie-dense portion.",Strength training or resistance workout later in the day,Best used as part of a calorie surplus
344,Goa,Weight Gain,Dinner,Fenori (Double Serving; with steamed rice),543,10,83,19,2,High,High,High,"Dairy, Gluten","maida, ghee, sugar, semolina, cardamom",Vegetarian,,"Prepare fenori in the double serving style with a with steamed rice serving. Keep the recipe fully plant-based or vegetarian, using the traditional Goan masala and legumes/vegetables. Cook it in a fuller traditional style and serve an appropriate calorie-dense portion.",Strength training or resistance workout later in the day,"Contains gluten, dairy; best used as part of a calorie surplus"
345,Goa,Weight Gain,Dinner,Fenori (With Poi; with steamed rice),527,13,80,27,5,High,High,High,"Dairy, Gluten","maida, ghee, sugar, semolina, cardamom",Vegetarian,,"Prepare fenori in the with poi style with a with steamed rice serving. Keep the recipe fully plant-based or vegetarian, using the traditional Goan masala and legumes/vegetables. Cook it in a fuller traditional style and serve an appropriate calorie-dense portion.",Strength training or resistance workout later in the day,"Contains gluten, dairy; best used as part of a calorie surplus"
346,Goa,Weight Gain,Dinner,Kulkuls (With Sanna; with steamed rice),516,10,65,24,6,High,High,High,"Dairy, Gluten","maida, coconut milk, sugar syrup, ghee, cardamom",Vegetarian,,"Prepare kulkuls in the with sanna style with a with steamed rice serving. Keep the recipe fully plant-based or vegetarian, using the traditional Goan masala and legumes/vegetables. Cook it in a fuller traditional style and serve an appropriate calorie-dense portion.",Strength training or resistance workout later in the day,"Contains gluten, dairy; best used as part of a calorie surplus"
347,Goa,Weight Gain,Dinner,Nevri (Tea Time; with steamed rice),671,14,84,31,3,High,High,High,"Dairy, Gluten","maida, coconut, sugar, ghee, cardamom",Vegetarian,,"Prepare nevri in the tea time style with a with steamed rice serving. Keep the recipe fully plant-based or vegetarian, using the traditional Goan masala and legumes/vegetables. Cook it in a fuller traditional style and serve an appropriate calorie-dense portion.",Strength training or resistance workout later in the day,"Contains gluten, dairy; best used as part of a calorie surplus"
348,Goa,Weight Gain,Dinner,Nevri (With Coconut; with steamed rice),622,13,84,26,4,High,High,High,"Dairy, Gluten","maida, coconut, sugar, ghee, cardamom",Vegetarian,,"Prepare nevri in the with coconut style with a with steamed rice serving. Keep the recipe fully plant-based or vegetarian, using the traditional Goan masala and legumes/vegetables. Cook it in a fuller traditional style and serve an appropriate calorie-dense portion.",Strength training or resistance workout later in the day,"Contains gluten, dairy; best used as part of a calorie surplus"
349,Goa,Weight Gain,Dinner,Patoleo (Extra Rice; with steamed rice),688,8,83,36,7,High,High,High,Safe,"rice flour, turmeric leaves, coconut, jaggery, cardamom",Vegetarian,,"Prepare patoleo in the extra rice style with a with steamed rice serving. Keep the recipe fully plant-based or vegetarian, using the traditional Goan masala and legumes/vegetables. Cook it in a fuller traditional style and serve an appropriate calorie-dense portion.",Strength training or resistance workout later in the day,Best used as part of a calorie surplus
350,Goa,Weight Gain,Dinner,"Poee + Egg Curry (2 Whole Eggs, Coconut base)",700,25,65,36,6,Medium,Medium,Medium,"Egg, Eggs, Gluten","Wheat, Eggs, Coconut",Vegetarian,,Cook curry with coconut milk and spices.,Rest,Ensure eggs are fully cooked
351,Goa,Weight Gain,Dinner,Poi (Festive Style; with steamed rice),475,11,71,17,9,High,High,High,Gluten,"whole wheat flour, wheat bran, yeast or toddy, water, salt",Vegetarian,,"Prepare poi in the festive style style with a with steamed rice serving. Keep the recipe fully plant-based or vegetarian, using the traditional Goan masala and legumes/vegetables. Cook it in a fuller traditional style and serve an appropriate calorie-dense portion.",Strength training or resistance workout later in the day,Contains gluten; best used as part of a calorie surplus
352,Goa,Weight Gain,Dinner,Sanna (Energy Dense; with steamed rice),475,12,55,23,5,Low,High,High,Safe,"red rice, coconut, urad dal, toddy or yeast, salt",Vegetarian,,"Prepare sanna in the energy dense style with a with steamed rice serving. Keep the recipe fully plant-based or vegetarian, using the traditional Goan masala and legumes/vegetables. Cook it in a fuller traditional style and serve an appropriate calorie-dense portion.",Strength training or resistance workout later in the day,Best used as part of a calorie surplus
353,Goa,Weight Gain,Dinner,Balchao (Full Portion; with steamed rice),549,26,66,29,5,High,High,High,"Fish, Shellfish","fish or prawns or pork, vinegar, red chilli, tomatoes, garlic, spices",Non-Vegetarian,Seafood,"Prepare balchao in the full portion style with a with steamed rice serving. Use lean fish, chicken, pork, or seafood as the traditional recipe calls for. Cook it in a fuller traditional style and serve an appropriate calorie-dense portion.",Strength training or resistance workout later in the day,"Contains fish, shellfish; best used as part of a calorie surplus"
354,Goa,Weight Gain,Dinner,"Chicken Cafreal (Festive Style, Larger Serving)",695,32,76,28,8,Medium,Medium,Medium,Safe,"chicken, coriander, lime, garlic, vinegar",Non-Vegetarian,Chicken,"Cook chicken cafreal in the richer traditional style using coconut, cashew, ghee, or a fuller rice/bread portion where appropriate. Serve it generously so the meal is calorie-dense but still recognisably Goan.",20 mins light walk,Energy dense meal; balance with hydration and regular activity.
355,Goa,Weight Gain,Dinner,"Fish Curry Rice (Calorie Dense, Traditional)",685,34,79,28,8,Medium,Medium,Medium,Fish,"fish, rice, kokum, coconut, spices",Non-Vegetarian,Fish,"Cook fish curry rice in the richer traditional style using coconut, cashew, ghee, or a fuller rice/bread portion where appropriate. Serve it generously so the meal is calorie-dense but still recognisably Goan.",20 mins light walk,Energy dense meal; balance with hydration and regular activity.
356,Goa,Weight Gain,Dinner,Poee + Beef Roast (Goan Style),700,40,60,33,6,Medium,Medium,Medium,Gluten,"Wheat, Beef, Spices",Non-Vegetarian,Beef,"Cook beef in a thick, fatty gravy.",Rest,Ensure beef is cooked well
357,Goa,Weight Gain,Dinner,Poee + Beef Roast with Potatoes,700,40,65,30,7,Medium,Medium,Medium,Gluten,"Wheat, Beef, Potato",Non-Vegetarian,Beef,Slow roast beef with potato wedges to retain fats.,Rest,Ensure beef is cooked well
358,Goa,Weight Gain,Dinner,Poee + Chicken Cafreal (With Skin),700,40,60,33,6,Medium,Medium,Medium,Gluten,"Wheat, Chicken, Spices",Non-Vegetarian,Chicken,Retain chicken skin for extra dietary fat.,Rest,Ensure chicken is cooked completely
359,Goa,Weight Gain,Dinner,Poee + Chicken Xacuti (Thick Gravy),700,35,60,35,6,Medium,Medium,Medium,Gluten,"Wheat, Chicken, Coconut",Non-Vegetarian,Chicken,Cook chicken in thick roasted coconut gravy.,Rest,Ensure chicken is fully cooked
360,Goa,Weight Gain,Dinner,Poee + Pork Sorpotel,700,30,50,42,4,Medium,Medium,High,Gluten,"Wheat, Pork, Goan Vinegar",Non-Vegetarian,Pork,Cook pork with its natural fat to increase calorie intake.,Rest,Ensure pork is fully cooked
361,Goa,Weight Gain,Dinner,Poee + Pork Vindaloo (Fatty cuts),700,30,55,40,4,Medium,Medium,High,Gluten,"Wheat, Pork, Goan Vinegar",Non-Vegetarian,Pork,Slow cook pork to render fats into gravy.,Rest,Ensure pork is fully cooked
362,Goa,Weight Gain,Dinner,Poee + Sausage Chilli Fry,700,25,60,40,4,Medium,Medium,High,Gluten,"Wheat, Pork Sausage, Capsicum",Non-Vegetarian,Pork,Fry sausages with oil.,Rest,Ensure pork is fully cooked
363,Goa,Weight Gain,Dinner,Prawn Curry (With Bread and Rice),705,34,77,28,8,Medium,Medium,Medium,"Fish, Shellfish","prawns, coconut, kokum, spices",Non-Vegetarian,Prawns,"Cook prawn curry in the richer traditional style using coconut, cashew, ghee, or a fuller rice/bread portion where appropriate. Serve it generously so the meal is calorie-dense but still recognisably Goan.",20 mins light walk,Energy dense meal; balance with hydration and regular activity.
364,Goa,Weight Gain,Dinner,"Sorpotel (Full Portion, Rich Style)",685,32,76,28,8,Medium,Medium,Medium,Safe,"pork, vinegar, spices, garlic",Non-Vegetarian,Pork,"Cook sorpotel in the richer traditional style using coconut, cashew, ghee, or a fuller rice/bread portion where appropriate. Serve it generously so the meal is calorie-dense but still recognisably Goan.",20 mins light walk,Energy dense meal; balance with hydration and regular activity.
365,Goa,Weight Gain,Dinner,Vindaloo (With Coconut and Ghee),695,34,77,28,8,Medium,Medium,Medium,Safe,"pork, vinegar, garlic, chilli, spices",Non-Vegetarian,Pork,"Cook vindaloo in the richer traditional style using coconut, cashew, ghee, or a fuller rice/bread portion where appropriate. Serve it generously so the meal is calorie-dense but still recognisably Goan.",20 mins light walk,Energy dense meal; balance with hydration and regular activity.
366,Goa,Weight Gain,Dinner,White Rice + Crab Curry (Thick),700,30,65,35,4,High,Medium,Medium,"Fish, Shellfish","Rice, Crab, Coconut",Non-Vegetarian,Crab,Use thick coconut paste.,Rest,Ensure crab is fresh
367,Goa,Weight Gain,Dinner,White Rice + Mutton Curry,700,35,65,33,4,High,Medium,Medium,Safe,"Rice, Mutton",Non-Vegetarian,Mutton,Cook mutton in rich gravy.,Rest,Ensure mutton is fully cooked
368,Goa,Weight Gain,Dinner,"Xacuti (Hearty Gravy, Extra Rice)",705,32,78,28,8,Medium,Medium,Medium,Safe,"chicken, coconut, roasted spices, poppy seeds",Non-Vegetarian,Chicken,"Cook xacuti in the richer traditional style using coconut, cashew, ghee, or a fuller rice/bread portion where appropriate. Serve it generously so the meal is calorie-dense but still recognisably Goan.",20 mins light walk,Energy dense meal; balance with hydration and regular activity.
369,Goa,Weight Gain,Dinner,Alsanyache Tonak (Sweet Finish; with steamed rice),498,18,57,22,4,Low,High,High,Safe,"black-eyed beans, tonak masala, onion, garlic, coconut, tamarind, potato",Vegan,,"Prepare alsanyache tonak in the sweet finish style with a with steamed rice serving. Keep the recipe fully plant-based or vegetarian, using the traditional Goan masala and legumes/vegetables. Cook it in a fuller traditional style and serve an appropriate calorie-dense portion.",Strength training or resistance workout later in the day,Best used as part of a calorie surplus
370,Goa,Weight Gain,Dinner,Ambadyachem Sasav (Festive Style; with steamed rice),368,10,66,13,4,High,High,High,Mustard,"ambade, coconut, mustard, green chilli, curry leaves, spices",Vegan,,"Prepare ambadyachem sasav in the festive style style with a with steamed rice serving. Keep the recipe fully plant-based or vegetarian, using the traditional Goan masala and legumes/vegetables. Cook it in a fuller traditional style and serve an appropriate calorie-dense portion.",Strength training or resistance workout later in the day,Best used as part of a calorie surplus
371,Goa,Weight Gain,Dinner,Chana Ros (Full Portion; with steamed rice),524,14,51,22,6,High,High,High,Safe,"chickpeas, coconut, dried red chillies, onion, kokum, spices",Vegan,,"Prepare chana ros in the full portion style with a with steamed rice serving. Keep the recipe fully plant-based or vegetarian, using the traditional Goan masala and legumes/vegetables. Cook it in a fuller traditional style and serve an appropriate calorie-dense portion.",Strength training or resistance workout later in the day,Best used as part of a calorie surplus
372,Goa,Weight Gain,Dinner,Chana Ros (Thick Gravy; with steamed rice),482,13,64,18,8,High,High,High,Safe,"chickpeas, coconut, dried red chillies, onion, kokum, spices",Vegan,,"Prepare chana ros in the thick gravy style with a with steamed rice serving. Keep the recipe fully plant-based or vegetarian, using the traditional Goan masala and legumes/vegetables. Cook it in a fuller traditional style and serve an appropriate calorie-dense portion.",Strength training or resistance workout later in the day,Best used as part of a calorie surplus
373,Goa,Weight Gain,Dinner,Khatkatem (Cashew Enriched; with steamed rice),474,18,52,24,4,High,High,High,Safe,"raw jackfruit, beetroot, pumpkin, raw banana, drumstick, coconut, teflam, turmeric",Vegan,,"Prepare khatkatem in the cashew enriched style with a with steamed rice serving. Keep the recipe fully plant-based or vegetarian, using the traditional Goan masala and legumes/vegetables. Cook it in a fuller traditional style and serve an appropriate calorie-dense portion.",Strength training or resistance workout later in the day,Best used as part of a calorie surplus
374,Goa,Weight Gain,Dinner,Khatkatem (With Ghee; with steamed rice),493,16,65,18,7,High,High,High,Safe,"raw jackfruit, beetroot, pumpkin, raw banana, drumstick, coconut, teflam, turmeric",Vegan,,"Prepare khatkatem in the with ghee style with a with steamed rice serving. Keep the recipe fully plant-based or vegetarian, using the traditional Goan masala and legumes/vegetables. Cook it in a fuller traditional style and serve an appropriate calorie-dense portion.",Strength training or resistance workout later in the day,Best used as part of a calorie surplus
375,Goa,Weight Gain,Dinner,Moong Gathi (Rich Coconut; with steamed rice),477,9,66,20,6,High,High,High,Safe,"sprouted moong, coconut, cumin, coriander, green chilli, curry leaves",Vegan,,"Prepare moong gathi in the rich coconut style with a with steamed rice serving. Keep the recipe fully plant-based or vegetarian, using the traditional Goan masala and legumes/vegetables. Cook it in a fuller traditional style and serve an appropriate calorie-dense portion.",Strength training or resistance workout later in the day,Best used as part of a calorie surplus
376,Goa,Weight Gain,Dinner,Moong Gathi (With Coconut; with steamed rice),397,18,56,13,6,High,High,High,Safe,"sprouted moong, coconut, cumin, coriander, green chilli, curry leaves",Vegan,,"Prepare moong gathi in the with coconut style with a with steamed rice serving. Keep the recipe fully plant-based or vegetarian, using the traditional Goan masala and legumes/vegetables. Cook it in a fuller traditional style and serve an appropriate calorie-dense portion.",Strength training or resistance workout later in the day,Best used as part of a calorie surplus
377,Goa,Weight Gain,Dinner,Poi (Energy Dense; with steamed rice),432,10,52,21,3,High,High,High,Gluten,"whole wheat flour, wheat bran, yeast or toddy, water, salt",Vegan,,"Prepare poi in the energy dense style with a with steamed rice serving. Keep the recipe fully plant-based or vegetarian, using the traditional Goan masala and legumes/vegetables. Cook it in a fuller traditional style and serve an appropriate calorie-dense portion.",Strength training or resistance workout later in the day,Contains gluten; best used as part of a calorie surplus
378,Goa,Weight Gain,Dinner,Sanna (Larger Serve; with steamed rice),450,18,54,21,6,Low,High,High,Safe,"red rice, coconut, urad dal, toddy or yeast, salt",Vegan,,"Prepare sanna in the larger serve style with a with steamed rice serving. Keep the recipe fully plant-based or vegetarian, using the traditional Goan masala and legumes/vegetables. Cook it in a fuller traditional style and serve an appropriate calorie-dense portion.",Strength training or resistance workout later in the day,Best used as part of a calorie surplus
379,Goa,Weight Gain,Dinner,Tambdi Bhaji (Double Serving; with steamed rice),436,9,57,22,9,High,High,High,Safe,"red amaranth, garlic, coconut, green chilli, turmeric, oil",Vegan,,"Prepare tambdi bhaji in the double serving style with a with steamed rice serving. Keep the recipe fully plant-based or vegetarian, using the traditional Goan masala and legumes/vegetables. Cook it in a fuller traditional style and serve an appropriate calorie-dense portion.",Strength training or resistance workout later in the day,Best used as part of a calorie surplus
380,Goa,Weight Gain,Dinner,Tambdi Bhaji (With Sanna; with steamed rice),521,18,59,18,4,High,High,High,Safe,"red amaranth, garlic, coconut, green chilli, turmeric, oil",Vegan,,"Prepare tambdi bhaji in the with sanna style with a with steamed rice serving. Keep the recipe fully plant-based or vegetarian, using the traditional Goan masala and legumes/vegetables. Cook it in a fuller traditional style and serve an appropriate calorie-dense portion.",Strength training or resistance workout later in the day,Best used as part of a calorie surplus
381,Goa,Weight Gain,Dinner,Uddamethi (Tea Time; with steamed rice),459,16,56,19,5,Low,High,High,Safe,"urad dal, raw mango, fenugreek seeds, tamarind, jaggery, spices",Vegan,,"Prepare uddamethi in the tea time style with a with steamed rice serving. Keep the recipe fully plant-based or vegetarian, using the traditional Goan masala and legumes/vegetables. Cook it in a fuller traditional style and serve an appropriate calorie-dense portion.",Strength training or resistance workout later in the day,Best used as part of a calorie surplus
382,Goa,Weight Gain,Dinner,Uddamethi (With Poi; with steamed rice),479,10,63,21,9,Low,High,High,Safe,"urad dal, raw mango, fenugreek seeds, tamarind, jaggery, spices",Vegan,,"Prepare uddamethi in the with poi style with a with steamed rice serving. Keep the recipe fully plant-based or vegetarian, using the traditional Goan masala and legumes/vegetables. Cook it in a fuller traditional style and serve an appropriate calorie-dense portion.",Strength training or resistance workout later in the day,Best used as part of a calorie surplus
383,Goa,Weight Gain,Dinner,Valchi Bhaji (Extra Rice; with steamed rice),432,15,57,16,4,High,High,High,Safe,"val or fern leaves, coconut, garlic, green chilli, spices",Vegan,,"Prepare valchi bhaji in the extra rice style with a with steamed rice serving. Keep the recipe fully plant-based or vegetarian, using the traditional Goan masala and legumes/vegetables. Cook it in a fuller traditional style and serve an appropriate calorie-dense portion.",Strength training or resistance workout later in the day,Best used as part of a calorie surplus
384,Goa,Weight Gain,Dinner,Valchi Bhaji (Hearty Bowl; with steamed rice),418,13,60,14,6,High,High,High,Safe,"val or fern leaves, coconut, garlic, green chilli, spices",Vegan,,"Prepare valchi bhaji in the hearty bowl style with a with steamed rice serving. Keep the recipe fully plant-based or vegetarian, using the traditional Goan masala and legumes/vegetables. Cook it in a fuller traditional style and serve an appropriate calorie-dense portion.",Strength training or resistance workout later in the day,Best used as part of a calorie surplus
385,Goa,Bulking,Breakfast,4 Boiled Eggs + 2 Poee + Peanut Butter,700,35,65,33,8,Medium,Medium,High,"Egg, Eggs, Gluten, Peanut, Peanuts","Eggs, Wheat, Peanuts",Vegetarian,,Consume whole eggs for maximum anabolic response.,60 mins heavy lifting,Ensure cholesterol is monitored
386,Goa,Bulking,Breakfast,4 Boiled Eggs + Neer Dosa,700,35,70,30,5,Medium,Medium,High,"Egg, Eggs","Eggs, Rice Flour",Vegetarian,,Wrap the cooked eggs with dosa.,60 mins heavy lifting,Ensure eggs are fully cooked
387,Goa,Bulking,Breakfast,Alsanyache Tonak (With Rice; with poi),349,27,42,11,5,Low,High,High,Safe,"black-eyed beans, tonak masala, onion, garlic, coconut, tamarind, potato",Vegetarian,,"Prepare alsanyache tonak in the with rice style with a with poi serving. Keep the recipe fully plant-based or vegetarian, using the traditional Goan masala and legumes/vegetables. Cook it in a fuller traditional style and serve an appropriate calorie-dense portion.",Strength training or resistance workout later in the day,Best used as part of a calorie surplus
388,Goa,Bulking,Breakfast,Boiled Alsande (Lean Protein; with poi),395,26,50,16,9,High,High,High,Safe,"black-eyed peas, onion, green chilli, coriander, lemon",Vegetarian,,"Prepare boiled alsande in the lean protein style with a with poi serving. Keep the recipe fully plant-based or vegetarian, using the traditional Goan masala and legumes/vegetables. Cook it in a fuller traditional style and serve an appropriate calorie-dense portion.",Strength training or resistance workout later in the day,Best used as part of a calorie surplus
389,Goa,Bulking,Breakfast,Chana Ros (With Poee; with poi),388,22,37,12,5,High,High,High,Safe,"chickpeas, coconut, dried red chillies, onion, kokum, spices",Vegetarian,,"Prepare chana ros in the with poee style with a with poi serving. Keep the recipe fully plant-based or vegetarian, using the traditional Goan masala and legumes/vegetables. Cook it in a fuller traditional style and serve an appropriate calorie-dense portion.",Strength training or resistance workout later in the day,Best used as part of a calorie surplus
390,Goa,Bulking,Breakfast,Chidki Midki Bhaji (Roasted Spice; with poi),385,21,46,13,6,High,High,High,Safe,chidki midki bhaji,Vegetarian,,"Prepare chidki midki bhaji in the roasted spice style with a with poi serving. Keep the recipe fully plant-based or vegetarian, using the traditional Goan masala and legumes/vegetables. Cook it in a fuller traditional style and serve an appropriate calorie-dense portion.",Strength training or resistance workout later in the day,Best used as part of a calorie surplus
391,Goa,Bulking,Breakfast,Double Ros Omelette + 2 Pao,700,35,70,30,6,High,Medium,Medium,"Egg, Eggs, Gluten","Eggs, Chicken Broth, Refined Flour",Vegetarian,,Use 4 egg whites and 2 whole eggs for dense protein.,60 mins heavy lifting,Ensure eggs are fully cooked
392,Goa,Bulking,Breakfast,Khatkatem (Thick Gravy; with poi),439,25,51,15,9,High,High,High,Safe,"raw jackfruit, beetroot, pumpkin, raw banana, drumstick, coconut, teflam, turmeric",Vegetarian,,"Prepare khatkatem in the thick gravy style with a with poi serving. Keep the recipe fully plant-based or vegetarian, using the traditional Goan masala and legumes/vegetables. Cook it in a fuller traditional style and serve an appropriate calorie-dense portion.",Strength training or resistance workout later in the day,Best used as part of a calorie surplus
393,Goa,Bulking,Breakfast,Moong Gathi (With Sanna; with poi),469,27,40,17,7,High,High,High,Safe,"sprouted moong, coconut, cumin, coriander, green chilli, curry leaves",Vegetarian,,"Prepare moong gathi in the with sanna style with a with poi serving. Keep the recipe fully plant-based or vegetarian, using the traditional Goan masala and legumes/vegetables. Cook it in a fuller traditional style and serve an appropriate calorie-dense portion.",Strength training or resistance workout later in the day,Best used as part of a calorie surplus
394,Goa,Bulking,Breakfast,Paneer Bhurji + 2 Poee,700,35,65,33,8,Medium,Medium,High,"Dairy, Gluten","Paneer, Wheat",Vegetarian,,Use full block of paneer for protein.,60 mins heavy lifting,Ensure dairy is tolerated well
395,Goa,Bulking,Breakfast,Poi (Protein Forward; with poi),389,28,54,12,7,High,High,High,Gluten,"whole wheat flour, wheat bran, yeast or toddy, water, salt",Vegetarian,,"Prepare poi in the protein forward style with a with poi serving. Keep the recipe fully plant-based or vegetarian, using the traditional Goan masala and legumes/vegetables. Cook it in a fuller traditional style and serve an appropriate calorie-dense portion.",Strength training or resistance workout later in the day,Contains gluten; best used as part of a calorie surplus
396,Goa,Bulking,Breakfast,Sanna (Double Portion; with poi),305,21,35,9,5,Low,High,High,Safe,"red rice, coconut, urad dal, toddy or yeast, salt",Vegetarian,,"Prepare sanna in the double portion style with a with poi serving. Keep the recipe fully plant-based or vegetarian, using the traditional Goan masala and legumes/vegetables. Cook it in a fuller traditional style and serve an appropriate calorie-dense portion.",Strength training or resistance workout later in the day,Best used as part of a calorie surplus
397,Goa,Bulking,Breakfast,Sannas (With Egg-Free Protein),460,29,51,14,8,Medium,Medium,Medium,Safe,"rice, coconut, toddy/yeast",Vegetarian,,"Keep sannas protein-forward by pairing it with legumes, fish, chicken, prawns, or sprouts as the recipe allows. Use enough carbs to fuel training, but avoid making the dish greasy.",30 mins strength training,Track total daily protein and keep the meal digestible.
398,Goa,Bulking,Breakfast,Soya Chunks Cafreal + 2 Poee,700,40,70,22,12,Medium,Medium,Low,"Gluten, Soy","Soya Chunks, Coriander, Wheat",Vegetarian,,Marinate soya in thick cafreal paste.,60 mins heavy lifting,Ensure soya is fully cooked
399,Goa,Bulking,Breakfast,Tambdi Bhaji (Extra Legumes; with poi),367,21,46,11,4,High,High,High,Safe,"red amaranth, garlic, coconut, green chilli, turmeric, oil",Vegetarian,,"Prepare tambdi bhaji in the extra legumes style with a with poi serving. Keep the recipe fully plant-based or vegetarian, using the traditional Goan masala and legumes/vegetables. Cook it in a fuller traditional style and serve an appropriate calorie-dense portion.",Strength training or resistance workout later in the day,Best used as part of a calorie surplus
400,Goa,Bulking,Breakfast,Valchi Bhaji (Post-Workout; with poi),334,18,43,10,9,High,High,High,Safe,"val or fern leaves, coconut, garlic, green chilli, spices",Vegetarian,,"Prepare valchi bhaji in the post-workout style with a with poi serving. Keep the recipe fully plant-based or vegetarian, using the traditional Goan masala and legumes/vegetables. Cook it in a fuller traditional style and serve an appropriate calorie-dense portion.",Strength training or resistance workout later in the day,Best used as part of a calorie surplus
401,Goa,Bulking,Breakfast,Beef Chilli Fry (Extra Legumes; with poi),439,30,37,19,6,High,High,High,Safe,"beef, onions, green chilli, vinegar, garlic, Goan spices",Non-Vegetarian,Beef,"Prepare beef chilli fry in the extra legumes style with a with poi serving. Use lean fish, chicken, pork, or seafood as the traditional recipe calls for. Cook it in a fuller traditional style and serve an appropriate calorie-dense portion.",Strength training or resistance workout later in the day,Best used as part of a calorie surplus
402,Goa,Bulking,Breakfast,Beef Chilli Fry + 2 Poee,700,45,65,25,8,Medium,Medium,Medium,Gluten,"Beef, Capsicum, Wheat",Non-Vegetarian,Beef,Use lean beef but large portion.,60 mins heavy lifting,Ensure meat is fully cooked
403,Goa,Bulking,Breakfast,Chicken Cafreal (Large Bowl; with poi),542,41,45,22,7,High,High,High,Safe,"chicken, coriander, lime, vinegar, garlic, green chilli, spices",Non-Vegetarian,Chicken,"Prepare chicken cafreal in the large bowl style with a with poi serving. Use lean fish, chicken, pork, or seafood as the traditional recipe calls for. Cook it in a fuller traditional style and serve an appropriate calorie-dense portion.",Strength training or resistance workout later in the day,Best used as part of a calorie surplus
404,Goa,Bulking,Breakfast,Chicken Cafreal (Protein Forward; with poi),427,32,41,15,4,High,High,High,Safe,"chicken, coriander, lime, vinegar, garlic, green chilli, spices",Non-Vegetarian,Chicken,"Prepare chicken cafreal in the protein forward style with a with poi serving. Use lean fish, chicken, pork, or seafood as the traditional recipe calls for. Cook it in a fuller traditional style and serve an appropriate calorie-dense portion.",Strength training or resistance workout later in the day,Best used as part of a calorie surplus
405,Goa,Bulking,Breakfast,Chicken Cafreal + 2 Poee,700,45,65,24,8,Medium,Medium,Medium,Gluten,"Chicken Breast, Coriander, Wheat",Non-Vegetarian,Chicken,Pan-fry chicken in moderate oil; focus on dense protein.,60 mins heavy lifting,Ensure meat is fully cooked
406,Goa,Bulking,Breakfast,Chicken Keema Pao,700,45,75,22,6,Medium,Medium,Medium,Gluten,"Minced Chicken, Refined Flour",Non-Vegetarian,Chicken,Cook keema with high protein focus.,60 mins heavy lifting,Ensure meat is fully cooked
407,Goa,Bulking,Breakfast,Chicken Ros Omelette + 2 Pao,700,40,65,30,6,High,Medium,Medium,"Egg, Eggs, Gluten","Eggs, Chicken Broth, Refined Flour",Non-Vegetarian,Chicken,Pour thick chicken gravy over eggs for dense protein.,60 mins heavy lifting,Ensure dairy is tolerated well
408,Goa,Bulking,Breakfast,Choris Pao (Post-Workout; with poi),555,44,62,18,6,High,High,High,Gluten,"Goan pork sausage, poee or pao, onions, chilli, vinegar",Non-Vegetarian,Pork,"Prepare choris pao in the post-workout style with a with poi serving. Use lean fish, chicken, pork, or seafood as the traditional recipe calls for. Cook it in a fuller traditional style and serve an appropriate calorie-dense portion.",Strength training or resistance workout later in the day,Contains gluten; best used as part of a calorie surplus
409,Goa,Bulking,Breakfast,Crab Xacuti (Thick Gravy; with poi),465,38,49,13,7,High,High,High,"Fish, Shellfish","crab, roasted coconut, poppy seeds, onions, dry red chillies, spices",Non-Vegetarian,Seafood,"Prepare crab xacuti in the thick gravy style with a with poi serving. Use lean fish, chicken, pork, or seafood as the traditional recipe calls for. Cook it in a fuller traditional style and serve an appropriate calorie-dense portion.",Strength training or resistance workout later in the day,Contains shellfish; best used as part of a calorie surplus
410,Goa,Bulking,Breakfast,Fish Curry Rice (Lean Protein; with poi),424,42,37,12,3,High,High,High,Fish,fish curry rice,Non-Vegetarian,,"Prepare fish curry rice in the lean protein style with a with poi serving. Use lean fish, chicken, pork, or seafood as the traditional recipe calls for. Cook it in a fuller traditional style and serve an appropriate calorie-dense portion.",Strength training or resistance workout later in the day,Best used as part of a calorie surplus
411,Goa,Bulking,Breakfast,Kismur (Roasted Spice; with poi),515,32,44,21,8,High,High,High,Fish,"dry fish, coconut, onion, lime, green chilli, spices",Non-Vegetarian,Fish,"Prepare kismur in the roasted spice style with a with poi serving. Use lean fish, chicken, pork, or seafood as the traditional recipe calls for. Cook it in a fuller traditional style and serve an appropriate calorie-dense portion.",Strength training or resistance workout later in the day,Contains fish; best used as part of a calorie surplus
412,Goa,Bulking,Breakfast,Mutton Keema + 2 Poee,700,40,65,30,8,Medium,Medium,Medium,Gluten,"Minced Mutton, Wheat",Non-Vegetarian,Mutton,Cook keema well for dense calories.,60 mins heavy lifting,Ensure meat is fully cooked
413,Goa,Bulking,Breakfast,Pork Vindalho (With Poee; with poi),616,41,64,20,4,High,High,High,Safe,"pork, vinegar, garlic, red chilli, cloves, cinnamon, Goan spice mix",Non-Vegetarian,Pork,"Prepare pork vindalho in the with poee style with a with poi serving. Use lean fish, chicken, pork, or seafood as the traditional recipe calls for. Cook it in a fuller traditional style and serve an appropriate calorie-dense portion.",Strength training or resistance workout later in the day,Best used as part of a calorie surplus
414,Goa,Bulking,Breakfast,Prawn Balchao (With Sanna; with poi),566,29,48,23,3,High,High,High,"Fish, Shellfish",prawn balchao,Non-Vegetarian,,"Prepare prawn balchao in the with sanna style with a with poi serving. Use lean fish, chicken, pork, or seafood as the traditional recipe calls for. Cook it in a fuller traditional style and serve an appropriate calorie-dense portion.",Strength training or resistance workout later in the day,Best used as part of a calorie surplus
415,Goa,Bulking,Breakfast,Sorpotel (With Rice; with poi),450,29,37,15,4,High,High,High,Safe,"pork, liver, vinegar, red chilli, garlic, spice paste",Non-Vegetarian,Pork,"Prepare sorpotel in the with rice style with a with poi serving. Use lean fish, chicken, pork, or seafood as the traditional recipe calls for. Cook it in a fuller traditional style and serve an appropriate calorie-dense portion.",Strength training or resistance workout later in the day,Best used as part of a calorie surplus
416,Goa,Bulking,Breakfast,Xacuti (Double Portion; with poi),589,34,66,21,6,High,High,High,"Fish, Shellfish","chicken, crab or mutton, roasted coconut, poppy seeds, onion, spices",Non-Vegetarian,Chicken,"Prepare xacuti in the double portion style with a with poi serving. Use lean fish, chicken, pork, or seafood as the traditional recipe calls for. Cook it in a fuller traditional style and serve an appropriate calorie-dense portion.",Strength training or resistance workout later in the day,Best used as part of a calorie surplus
417,Goa,Bulking,Breakfast,Alsanyache Tonak (Coconut Rich; with poi),423,23,47,12,4,Low,High,High,Safe,"black-eyed beans, tonak masala, onion, garlic, coconut, tamarind, potato",Vegan,,"Prepare alsanyache tonak in the coconut rich style with a with poi serving. Keep the recipe fully plant-based or vegetarian, using the traditional Goan masala and legumes/vegetables. Cook it in a fuller traditional style and serve an appropriate calorie-dense portion.",Strength training or resistance workout later in the day,Best used as part of a calorie surplus
418,Goa,Bulking,Breakfast,Boiled Alsande (Recovery Plate; with poi),384,26,37,18,6,High,High,High,Safe,"black-eyed peas, onion, green chilli, coriander, lemon",Vegan,,"Prepare boiled alsande in the recovery plate style with a with poi serving. Keep the recipe fully plant-based or vegetarian, using the traditional Goan masala and legumes/vegetables. Cook it in a fuller traditional style and serve an appropriate calorie-dense portion.",Strength training or resistance workout later in the day,Best used as part of a calorie surplus
419,Goa,Bulking,Breakfast,Chana Ros (High Protein; with poi),374,24,47,10,8,High,High,High,Safe,"chickpeas, coconut, dried red chillies, onion, kokum, spices",Vegan,,"Prepare chana ros in the high protein style with a with poi serving. Keep the recipe fully plant-based or vegetarian, using the traditional Goan masala and legumes/vegetables. Cook it in a fuller traditional style and serve an appropriate calorie-dense portion.",Strength training or resistance workout later in the day,Best used as part of a calorie surplus
420,Goa,Bulking,Breakfast,Chana Ros (With Sprouts and Legumes),470,29,49,14,8,Medium,Medium,Medium,Safe,"chana, coconut, onion, garlic, spices",Vegan,,"Keep chana ros protein-forward by pairing it with legumes, fish, chicken, prawns, or sprouts as the recipe allows. Use enough carbs to fuel training, but avoid making the dish greasy.",30 mins strength training,Track total daily protein and keep the meal digestible.
421,Goa,Bulking,Breakfast,Chidki Midki Bhaji (Protein Forward; with sanna),352,27,43,8,8,High,High,High,Safe,chidki midki bhaji,Vegan,,"Prepare chidki midki bhaji in the protein forward style with a with sanna serving. Keep the recipe fully plant-based or vegetarian, using the traditional Goan masala and legumes/vegetables. Cook it in a fuller traditional style and serve an appropriate calorie-dense portion.",Strength training or resistance workout later in the day,Best used as part of a calorie surplus
422,Goa,Bulking,Breakfast,Khatkatem (Meal Prep Bowl; with poi),395,23,51,11,7,High,High,High,Safe,"raw jackfruit, beetroot, pumpkin, raw banana, drumstick, coconut, teflam, turmeric",Vegan,,"Prepare khatkatem in the meal prep bowl style with a with poi serving. Keep the recipe fully plant-based or vegetarian, using the traditional Goan masala and legumes/vegetables. Cook it in a fuller traditional style and serve an appropriate calorie-dense portion.",Strength training or resistance workout later in the day,Best used as part of a calorie surplus
423,Goa,Bulking,Breakfast,Kismoor (With Extra Legumes),470,28,48,14,8,Medium,Medium,Medium,Safe,"coconut, chilli, onion, tamarind, dried vegetables",Vegan,,"Keep kismoor protein-forward by pairing it with legumes, fish, chicken, prawns, or sprouts as the recipe allows. Use enough carbs to fuel training, but avoid making the dish greasy.",30 mins strength training,Track total daily protein and keep the meal digestible.
424,Goa,Bulking,Breakfast,Mooga Gathi (Protein Boosted),460,28,48,14,8,Medium,Medium,Medium,Safe,"sprouted moong, coconut, tamarind, curry leaves",Vegan,,"Keep mooga gathi protein-forward by pairing it with legumes, fish, chicken, prawns, or sprouts as the recipe allows. Use enough carbs to fuel training, but avoid making the dish greasy.",30 mins strength training,Track total daily protein and keep the meal digestible.
425,Goa,Bulking,Breakfast,Moong Gathi (Strength Meal; with poi),426,18,37,18,8,High,High,High,Safe,"sprouted moong, coconut, cumin, coriander, green chilli, curry leaves",Vegan,,"Prepare moong gathi in the strength meal style with a with poi serving. Keep the recipe fully plant-based or vegetarian, using the traditional Goan masala and legumes/vegetables. Cook it in a fuller traditional style and serve an appropriate calorie-dense portion.",Strength training or resistance workout later in the day,Best used as part of a calorie surplus
426,Goa,Bulking,Breakfast,Pez (Training Fuel Style),480,29,49,14,8,Medium,Medium,Medium,Safe,"rice, water, cumin, pepper, coconut",Vegan,,"Keep pez protein-forward by pairing it with legumes, fish, chicken, prawns, or sprouts as the recipe allows. Use enough carbs to fuel training, but avoid making the dish greasy.",30 mins strength training,Track total daily protein and keep the meal digestible.
427,Goa,Bulking,Breakfast,"Poee with Goan Bhaji (High Protein, Moderate Oil)",480,28,50,14,8,Medium,Medium,Medium,Gluten,"poee, local vegetables, onion, coconut, spices",Vegan,,"Keep poee with goan bhaji protein-forward by pairing it with legumes, fish, chicken, prawns, or sprouts as the recipe allows. Use enough carbs to fuel training, but avoid making the dish greasy.",30 mins strength training,Track total daily protein and keep the meal digestible.
428,Goa,Bulking,Breakfast,Poi (Large Bowl; with poi),358,23,35,14,8,High,High,High,Gluten,"whole wheat flour, wheat bran, yeast or toddy, water, salt",Vegan,,"Prepare poi in the large bowl style with a with poi serving. Keep the recipe fully plant-based or vegetarian, using the traditional Goan masala and legumes/vegetables. Cook it in a fuller traditional style and serve an appropriate calorie-dense portion.",Strength training or resistance workout later in the day,Contains gluten; best used as part of a calorie surplus
429,Goa,Bulking,Breakfast,Poi (With Poee; with sanna),371,19,51,16,9,High,High,High,Gluten,"whole wheat flour, wheat bran, yeast or toddy, water, salt",Vegan,,"Prepare poi in the with poee style with a with sanna serving. Keep the recipe fully plant-based or vegetarian, using the traditional Goan masala and legumes/vegetables. Cook it in a fuller traditional style and serve an appropriate calorie-dense portion.",Strength training or resistance workout later in the day,Contains gluten; best used as part of a calorie surplus
430,Goa,Bulking,Breakfast,Sanna (Hearty Serve; with poi),418,22,60,10,9,Low,High,High,Safe,"red rice, coconut, urad dal, toddy or yeast, salt",Vegan,,"Prepare sanna in the hearty serve style with a with poi serving. Keep the recipe fully plant-based or vegetarian, using the traditional Goan masala and legumes/vegetables. Cook it in a fuller traditional style and serve an appropriate calorie-dense portion.",Strength training or resistance workout later in the day,Best used as part of a calorie surplus
431,Goa,Bulking,Breakfast,Tambdi Bhaji (Double Portion; with sanna),412,24,43,16,4,High,High,High,Safe,"red amaranth, garlic, coconut, green chilli, turmeric, oil",Vegan,,"Prepare tambdi bhaji in the double portion style with a with sanna serving. Keep the recipe fully plant-based or vegetarian, using the traditional Goan masala and legumes/vegetables. Cook it in a fuller traditional style and serve an appropriate calorie-dense portion.",Strength training or resistance workout later in the day,Best used as part of a calorie surplus
432,Goa,Bulking,Breakfast,Valchi Bhaji (With Rice; with sanna),372,24,51,8,8,High,High,High,Safe,"val or fern leaves, coconut, garlic, green chilli, spices",Vegan,,"Prepare valchi bhaji in the with rice style with a with sanna serving. Keep the recipe fully plant-based or vegetarian, using the traditional Goan masala and legumes/vegetables. Cook it in a fuller traditional style and serve an appropriate calorie-dense portion.",Strength training or resistance workout later in the day,Best used as part of a calorie surplus
433,Goa,Bulking,Lunch,Alsanyache Tonak (Double Portion; with red rice),442,22,35,18,9,Low,High,High,Safe,"black-eyed beans, tonak masala, onion, garlic, coconut, tamarind, potato",Vegetarian,,"Prepare alsanyache tonak in the double portion style with a with red rice serving. Keep the recipe fully plant-based or vegetarian, using the traditional Goan masala and legumes/vegetables. Cook it in a fuller traditional style and serve an appropriate calorie-dense portion.",Strength training or resistance workout later in the day,Best used as part of a calorie surplus
434,Goa,Bulking,Lunch,Alsanyache Tonak (Hearty Serve; with red rice),427,23,51,16,8,Low,High,High,Safe,"black-eyed beans, tonak masala, onion, garlic, coconut, tamarind, potato",Vegetarian,,"Prepare alsanyache tonak in the hearty serve style with a with red rice serving. Keep the recipe fully plant-based or vegetarian, using the traditional Goan masala and legumes/vegetables. Cook it in a fuller traditional style and serve an appropriate calorie-dense portion.",Strength training or resistance workout later in the day,Best used as part of a calorie surplus
435,Goa,Bulking,Lunch,Boiled Alsande (Meal Prep Bowl; with red rice),386,24,41,14,4,High,High,High,Safe,"black-eyed peas, onion, green chilli, coriander, lemon",Vegetarian,,"Prepare boiled alsande in the meal prep bowl style with a with red rice serving. Keep the recipe fully plant-based or vegetarian, using the traditional Goan masala and legumes/vegetables. Cook it in a fuller traditional style and serve an appropriate calorie-dense portion.",Strength training or resistance workout later in the day,Best used as part of a calorie surplus
436,Goa,Bulking,Lunch,Boiled Alsande (Thick Gravy; with red rice),354,30,36,10,8,High,High,High,Safe,"black-eyed peas, onion, green chilli, coriander, lemon",Vegetarian,,"Prepare boiled alsande in the thick gravy style with a with red rice serving. Keep the recipe fully plant-based or vegetarian, using the traditional Goan masala and legumes/vegetables. Cook it in a fuller traditional style and serve an appropriate calorie-dense portion.",Strength training or resistance workout later in the day,Best used as part of a calorie surplus
437,Goa,Bulking,Lunch,Chana Ros (Coconut Rich; with red rice),438,30,39,18,6,High,High,High,Safe,"chickpeas, coconut, dried red chillies, onion, kokum, spices",Vegetarian,,"Prepare chana ros in the coconut rich style with a with red rice serving. Keep the recipe fully plant-based or vegetarian, using the traditional Goan masala and legumes/vegetables. Cook it in a fuller traditional style and serve an appropriate calorie-dense portion.",Strength training or resistance workout later in the day,Best used as part of a calorie surplus
438,Goa,Bulking,Lunch,Chana Ros (With Rice; with red rice),390,29,46,8,7,High,High,High,Safe,"chickpeas, coconut, dried red chillies, onion, kokum, spices",Vegetarian,,"Prepare chana ros in the with rice style with a with red rice serving. Keep the recipe fully plant-based or vegetarian, using the traditional Goan masala and legumes/vegetables. Cook it in a fuller traditional style and serve an appropriate calorie-dense portion.",Strength training or resistance workout later in the day,Best used as part of a calorie surplus
439,Goa,Bulking,Lunch,Chidki Midki Bhaji (Lean Protein; with red rice),344,23,36,12,8,High,High,High,Safe,chidki midki bhaji,Vegetarian,,"Prepare chidki midki bhaji in the lean protein style with a with red rice serving. Keep the recipe fully plant-based or vegetarian, using the traditional Goan masala and legumes/vegetables. Cook it in a fuller traditional style and serve an appropriate calorie-dense portion.",Strength training or resistance workout later in the day,Best used as part of a calorie surplus
440,Goa,Bulking,Lunch,Khatkatem (Strength Meal; with red rice),359,20,45,11,7,High,High,High,Safe,"raw jackfruit, beetroot, pumpkin, raw banana, drumstick, coconut, teflam, turmeric",Vegetarian,,"Prepare khatkatem in the strength meal style with a with red rice serving. Keep the recipe fully plant-based or vegetarian, using the traditional Goan masala and legumes/vegetables. Cook it in a fuller traditional style and serve an appropriate calorie-dense portion.",Strength training or resistance workout later in the day,Best used as part of a calorie surplus
441,Goa,Bulking,Lunch,Khatkatem (With Sanna; with red rice),373,21,37,17,7,High,High,High,Safe,"raw jackfruit, beetroot, pumpkin, raw banana, drumstick, coconut, teflam, turmeric",Vegetarian,,"Prepare khatkatem in the with sanna style with a with red rice serving. Keep the recipe fully plant-based or vegetarian, using the traditional Goan masala and legumes/vegetables. Cook it in a fuller traditional style and serve an appropriate calorie-dense portion.",Strength training or resistance workout later in the day,Best used as part of a calorie surplus
442,Goa,Bulking,Lunch,Moong Gathi (High Protein; with red rice),392,28,49,8,4,High,High,High,Safe,"sprouted moong, coconut, cumin, coriander, green chilli, curry leaves",Vegetarian,,"Prepare moong gathi in the high protein style with a with red rice serving. Keep the recipe fully plant-based or vegetarian, using the traditional Goan masala and legumes/vegetables. Cook it in a fuller traditional style and serve an appropriate calorie-dense portion.",Strength training or resistance workout later in the day,Best used as part of a calorie surplus
443,Goa,Bulking,Lunch,Moong Gathi (With Poee; with red rice),329,19,43,9,8,High,High,High,Safe,"sprouted moong, coconut, cumin, coriander, green chilli, curry leaves",Vegetarian,,"Prepare moong gathi in the with poee style with a with red rice serving. Keep the recipe fully plant-based or vegetarian, using the traditional Goan masala and legumes/vegetables. Cook it in a fuller traditional style and serve an appropriate calorie-dense portion.",Strength training or resistance workout later in the day,Best used as part of a calorie surplus
444,Goa,Bulking,Lunch,Poi (Post-Workout; with red rice),373,26,38,13,5,High,High,High,Gluten,"whole wheat flour, wheat bran, yeast or toddy, water, salt",Vegetarian,,"Prepare poi in the post-workout style with a with red rice serving. Keep the recipe fully plant-based or vegetarian, using the traditional Goan masala and legumes/vegetables. Cook it in a fuller traditional style and serve an appropriate calorie-dense portion.",Strength training or resistance workout later in the day,Contains gluten; best used as part of a calorie surplus
445,Goa,Bulking,Lunch,Sanna (Large Bowl; with red rice),380,28,36,11,9,Low,High,High,Safe,"red rice, coconut, urad dal, toddy or yeast, salt",Vegetarian,,"Prepare sanna in the large bowl style with a with red rice serving. Keep the recipe fully plant-based or vegetarian, using the traditional Goan masala and legumes/vegetables. Cook it in a fuller traditional style and serve an appropriate calorie-dense portion.",Strength training or resistance workout later in the day,Best used as part of a calorie surplus
446,Goa,Bulking,Lunch,Sanna (Protein Forward; with red rice),383,23,42,17,6,Low,High,High,Safe,"red rice, coconut, urad dal, toddy or yeast, salt",Vegetarian,,"Prepare sanna in the protein forward style with a with red rice serving. Keep the recipe fully plant-based or vegetarian, using the traditional Goan masala and legumes/vegetables. Cook it in a fuller traditional style and serve an appropriate calorie-dense portion.",Strength training or resistance workout later in the day,Best used as part of a calorie surplus
447,Goa,Bulking,Lunch,Tambdi Bhaji (Roasted Spice; with red rice),419,27,41,16,8,High,High,High,Safe,"red amaranth, garlic, coconut, green chilli, turmeric, oil",Vegetarian,,"Prepare tambdi bhaji in the roasted spice style with a with red rice serving. Keep the recipe fully plant-based or vegetarian, using the traditional Goan masala and legumes/vegetables. Cook it in a fuller traditional style and serve an appropriate calorie-dense portion.",Strength training or resistance workout later in the day,Best used as part of a calorie surplus
448,Goa,Bulking,Lunch,Valchi Bhaji (Extra Legumes; with red rice),445,18,47,18,4,High,High,High,Safe,"val or fern leaves, coconut, garlic, green chilli, spices",Vegetarian,,"Prepare valchi bhaji in the extra legumes style with a with red rice serving. Keep the recipe fully plant-based or vegetarian, using the traditional Goan masala and legumes/vegetables. Cook it in a fuller traditional style and serve an appropriate calorie-dense portion.",Strength training or resistance workout later in the day,Best used as part of a calorie surplus
449,Goa,Bulking,Lunch,Brown Rice + Fish Curry + 3 Boiled Eggs,900,60,95,30,10,Medium,Medium,High,"Egg, Eggs, Fish","Brown Rice, Fish, Eggs",Non-Vegetarian,Fish,Serve eggs whole for bulking macros.,45 mins hypertrophy training,Ensure eggs are fully cooked
450,Goa,Bulking,Lunch,Brown Rice + Prawn Curry + Chicken Roast,750,35,85,30,8,Medium,Medium,Medium,"Fish, Shellfish","Brown Rice, Prawns, Chicken",Non-Vegetarian,Prawns,Double meat portion.,45 mins hypertrophy training,Maintain water intake for high protein
451,Goa,Bulking,Lunch,Chicken Cafreal (With Fish/Chicken/Prawns),745,48,67,24,9,Medium,Medium,Medium,Safe,"chicken, coriander, lime, garlic, vinegar",Non-Vegetarian,Chicken,"Keep chicken cafreal protein-forward by pairing it with legumes, fish, chicken, prawns, or sprouts as the recipe allows. Use enough carbs to fuel training, but avoid making the dish greasy.",30 mins strength training,Track total daily protein and keep the meal digestible.
452,Goa,Bulking,Lunch,"Crab Xec Xec (High Protein, Moderate Oil)",745,46,66,24,9,Medium,Medium,Medium,"Fish, Shellfish","crab, roasted spices, coconut, chillies",Non-Vegetarian,Crab,"Keep crab xec xec protein-forward by pairing it with legumes, fish, chicken, prawns, or sprouts as the recipe allows. Use enough carbs to fuel training, but avoid making the dish greasy.",30 mins strength training,Track total daily protein and keep the meal digestible.
453,Goa,Bulking,Lunch,Fish Curry Rice (Protein Focused),735,46,66,24,9,Medium,Medium,Medium,Fish,"fish, rice, kokum, coconut, spices",Non-Vegetarian,Fish,"Keep fish curry rice protein-forward by pairing it with legumes, fish, chicken, prawns, or sprouts as the recipe allows. Use enough carbs to fuel training, but avoid making the dish greasy.",30 mins strength training,Track total daily protein and keep the meal digestible.
454,Goa,Bulking,Lunch,Prawn Curry (With Legumes and Rice),735,48,69,24,9,Medium,Medium,Medium,"Fish, Shellfish","prawns, coconut, kokum, spices",Non-Vegetarian,Prawns,"Keep prawn curry protein-forward by pairing it with legumes, fish, chicken, prawns, or sprouts as the recipe allows. Use enough carbs to fuel training, but avoid making the dish greasy.",30 mins strength training,Track total daily protein and keep the meal digestible.
455,Goa,Bulking,Lunch,Sorpotel (Muscle-Building Portion),755,48,67,24,9,Medium,Medium,Medium,Safe,"pork, vinegar, spices, garlic",Non-Vegetarian,Pork,"Keep sorpotel protein-forward by pairing it with legumes, fish, chicken, prawns, or sprouts as the recipe allows. Use enough carbs to fuel training, but avoid making the dish greasy.",30 mins strength training,Track total daily protein and keep the meal digestible.
456,Goa,Bulking,Lunch,Ukda Rice + Alsande Stew + Chicken Cafreal Breast,772,35,95,28,14,Medium,Medium,Low,Safe,"Parboiled Rice, Black Eyed Peas, Chicken Breast",Non-Vegetarian,Chicken,Grill chicken and boil stew for clean bulk.,45 mins hypertrophy training,Maintain water intake for high protein
457,Goa,Bulking,Lunch,Ukda Rice + Beef Chilli Fry + Kuvalyachi Bhaji,900,55,90,34,10,Medium,Medium,Medium,Safe,"Parboiled Rice, Beef, Ash Gourd",Non-Vegetarian,Beef,Stir-fry beef with minimal oil to focus on protein.,45 mins hypertrophy training,Maintain water intake for high protein
458,Goa,Bulking,Lunch,Ukda Rice + Beef Vindaloo + Alsande Bean Stew,770,35,90,30,14,Medium,Medium,Medium,Safe,"Parboiled Rice, Beef, Black Eyed Peas",Non-Vegetarian,Beef,Combine beef and beans for maximum protein profile.,45 mins hypertrophy training,Maintain water intake for high protein
459,Goa,Bulking,Lunch,Ukda Rice + Chicken Cafreal + Mixed Bean Bhaji,900,60,95,30,12,Medium,Medium,Medium,Safe,"Parboiled Rice, Chicken, Mixed Beans",Non-Vegetarian,Chicken,Grill chicken chunks and pair with heavy beans.,45 mins hypertrophy training,Maintain water intake for high protein
460,Goa,Bulking,Lunch,Ukda Rice + Chicken Xacuti + Soya Chunks,772,35,95,28,12,Medium,Medium,Medium,Soy,"Parboiled Rice, Chicken, Soya",Non-Vegetarian,Chicken,Cook chicken and soya with high protein focus.,45 mins hypertrophy training,Maintain water intake for high protein
461,Goa,Bulking,Lunch,Ukda Rice + Mutton Vindaloo + Soya Beans,900,60,90,34,12,Medium,Medium,Medium,Soy,"Parboiled Rice, Mutton, Soya Beans",Non-Vegetarian,Mutton,Slow cook mutton to extract maximum protein and flavor.,45 mins hypertrophy training,Maintain water intake for high protein
462,Goa,Bulking,Lunch,Ukda Rice + Pork Sorpotel (Lean) + Chana Ros,900,55,90,35,12,Medium,Medium,Medium,Safe,"Parboiled Rice, Pork, White Peas",Non-Vegetarian,Pork,Use lean pork.,45 mins hypertrophy training,Maintain water intake for high protein
463,Goa,Bulking,Lunch,Ukda Rice + Thick Dal + Beef Roast chunks,900,60,95,30,12,Medium,Medium,Medium,Sesame,"Parboiled Rice, Lentils, Beef",Non-Vegetarian,Beef,Heavy dal and beef portion.,45 mins hypertrophy training,Maintain water intake for high protein
464,Goa,Bulking,Lunch,"Xacuti (Hearty, Training Meal)",755,46,68,24,9,Medium,Medium,Medium,Safe,"chicken, coconut, roasted spices, poppy seeds",Non-Vegetarian,Chicken,"Keep xacuti protein-forward by pairing it with legumes, fish, chicken, prawns, or sprouts as the recipe allows. Use enough carbs to fuel training, but avoid making the dish greasy.",30 mins strength training,Track total daily protein and keep the meal digestible.
465,Goa,Bulking,Lunch,Alsanyache Tonak (Strength Meal; with steamed rice),378,24,39,14,6,Low,High,High,Safe,"black-eyed beans, tonak masala, onion, garlic, coconut, tamarind, potato",Vegan,,"Prepare alsanyache tonak in the strength meal style with a with steamed rice serving. Keep the recipe fully plant-based or vegetarian, using the traditional Goan masala and legumes/vegetables. Cook it in a fuller traditional style and serve an appropriate calorie-dense portion.",Strength training or resistance workout later in the day,Best used as part of a calorie surplus
466,Goa,Bulking,Lunch,Alsanyache Tonak (With Sanna; with steamed rice),349,22,46,11,8,Low,High,High,Safe,"black-eyed beans, tonak masala, onion, garlic, coconut, tamarind, potato",Vegan,,"Prepare alsanyache tonak in the with sanna style with a with steamed rice serving. Keep the recipe fully plant-based or vegetarian, using the traditional Goan masala and legumes/vegetables. Cook it in a fuller traditional style and serve an appropriate calorie-dense portion.",Strength training or resistance workout later in the day,Best used as part of a calorie surplus
467,Goa,Bulking,Lunch,Boiled Alsande (Extra Legumes; with steamed rice),357,23,46,9,8,High,High,High,Safe,"black-eyed peas, onion, green chilli, coriander, lemon",Vegan,,"Prepare boiled alsande in the extra legumes style with a with steamed rice serving. Keep the recipe fully plant-based or vegetarian, using the traditional Goan masala and legumes/vegetables. Cook it in a fuller traditional style and serve an appropriate calorie-dense portion.",Strength training or resistance workout later in the day,Best used as part of a calorie surplus
468,Goa,Bulking,Lunch,Chana Ros (Meal Prep Bowl; with steamed rice),432,24,48,16,5,High,High,High,Safe,"chickpeas, coconut, dried red chillies, onion, kokum, spices",Vegan,,"Prepare chana ros in the meal prep bowl style with a with steamed rice serving. Keep the recipe fully plant-based or vegetarian, using the traditional Goan masala and legumes/vegetables. Cook it in a fuller traditional style and serve an appropriate calorie-dense portion.",Strength training or resistance workout later in the day,Best used as part of a calorie surplus
469,Goa,Bulking,Lunch,Chidki Midki Bhaji (Post-Workout; with steamed rice),476,23,60,16,7,High,High,High,Safe,chidki midki bhaji,Vegan,,"Prepare chidki midki bhaji in the post-workout style with a with steamed rice serving. Keep the recipe fully plant-based or vegetarian, using the traditional Goan masala and legumes/vegetables. Cook it in a fuller traditional style and serve an appropriate calorie-dense portion.",Strength training or resistance workout later in the day,Best used as part of a calorie surplus
470,Goa,Bulking,Lunch,Chidki Midki Bhaji (Recovery Plate; with red rice),338,25,37,10,7,High,High,High,Safe,chidki midki bhaji,Vegan,,"Prepare chidki midki bhaji in the recovery plate style with a with red rice serving. Keep the recipe fully plant-based or vegetarian, using the traditional Goan masala and legumes/vegetables. Cook it in a fuller traditional style and serve an appropriate calorie-dense portion.",Strength training or resistance workout later in the day,Best used as part of a calorie surplus
471,Goa,Bulking,Lunch,Khatkatem (Roasted Spice; with steamed rice),350,24,41,10,5,High,High,High,Safe,"raw jackfruit, beetroot, pumpkin, raw banana, drumstick, coconut, teflam, turmeric",Vegan,,"Prepare khatkatem in the roasted spice style with a with steamed rice serving. Keep the recipe fully plant-based or vegetarian, using the traditional Goan masala and legumes/vegetables. Cook it in a fuller traditional style and serve an appropriate calorie-dense portion.",Strength training or resistance workout later in the day,Best used as part of a calorie surplus
472,Goa,Bulking,Lunch,Moong Gathi (Lean Protein; with steamed rice),469,30,43,17,4,High,High,High,Safe,"sprouted moong, coconut, cumin, coriander, green chilli, curry leaves",Vegan,,"Prepare moong gathi in the lean protein style with a with steamed rice serving. Keep the recipe fully plant-based or vegetarian, using the traditional Goan masala and legumes/vegetables. Cook it in a fuller traditional style and serve an appropriate calorie-dense portion.",Strength training or resistance workout later in the day,Best used as part of a calorie surplus
473,Goa,Bulking,Lunch,Poi (Coconut Rich; with steamed rice),348,22,35,15,6,High,High,High,Gluten,"whole wheat flour, wheat bran, yeast or toddy, water, salt",Vegan,,"Prepare poi in the coconut rich style with a with steamed rice serving. Keep the recipe fully plant-based or vegetarian, using the traditional Goan masala and legumes/vegetables. Cook it in a fuller traditional style and serve an appropriate calorie-dense portion.",Strength training or resistance workout later in the day,Contains gluten; best used as part of a calorie surplus
474,Goa,Bulking,Lunch,Poi (With Rice; with steamed rice),378,24,39,11,7,High,High,High,Gluten,"whole wheat flour, wheat bran, yeast or toddy, water, salt",Vegan,,"Prepare poi in the with rice style with a with steamed rice serving. Keep the recipe fully plant-based or vegetarian, using the traditional Goan masala and legumes/vegetables. Cook it in a fuller traditional style and serve an appropriate calorie-dense portion.",Strength training or resistance workout later in the day,Contains gluten; best used as part of a calorie surplus
475,Goa,Bulking,Lunch,Sanna (High Protein; with steamed rice),420,30,47,11,4,Low,High,High,Safe,"red rice, coconut, urad dal, toddy or yeast, salt",Vegan,,"Prepare sanna in the high protein style with a with steamed rice serving. Keep the recipe fully plant-based or vegetarian, using the traditional Goan masala and legumes/vegetables. Cook it in a fuller traditional style and serve an appropriate calorie-dense portion.",Strength training or resistance workout later in the day,Best used as part of a calorie surplus
476,Goa,Bulking,Lunch,Sanna (With Poee; with steamed rice),420,22,49,13,7,Low,High,High,Safe,"red rice, coconut, urad dal, toddy or yeast, salt",Vegan,,"Prepare sanna in the with poee style with a with steamed rice serving. Keep the recipe fully plant-based or vegetarian, using the traditional Goan masala and legumes/vegetables. Cook it in a fuller traditional style and serve an appropriate calorie-dense portion.",Strength training or resistance workout later in the day,Best used as part of a calorie surplus
477,Goa,Bulking,Lunch,Tambdi Bhaji (Large Bowl; with steamed rice),320,24,38,8,9,High,High,High,Safe,"red amaranth, garlic, coconut, green chilli, turmeric, oil",Vegan,,"Prepare tambdi bhaji in the large bowl style with a with steamed rice serving. Keep the recipe fully plant-based or vegetarian, using the traditional Goan masala and legumes/vegetables. Cook it in a fuller traditional style and serve an appropriate calorie-dense portion.",Strength training or resistance workout later in the day,Best used as part of a calorie surplus
478,Goa,Bulking,Lunch,Tambdi Bhaji (Protein Forward; with steamed rice),412,19,48,16,4,High,High,High,Safe,"red amaranth, garlic, coconut, green chilli, turmeric, oil",Vegan,,"Prepare tambdi bhaji in the protein forward style with a with steamed rice serving. Keep the recipe fully plant-based or vegetarian, using the traditional Goan masala and legumes/vegetables. Cook it in a fuller traditional style and serve an appropriate calorie-dense portion.",Strength training or resistance workout later in the day,Best used as part of a calorie surplus
479,Goa,Bulking,Lunch,Valchi Bhaji (Double Portion; with steamed rice),360,28,35,8,5,High,High,High,Safe,"val or fern leaves, coconut, garlic, green chilli, spices",Vegan,,"Prepare valchi bhaji in the double portion style with a with steamed rice serving. Keep the recipe fully plant-based or vegetarian, using the traditional Goan masala and legumes/vegetables. Cook it in a fuller traditional style and serve an appropriate calorie-dense portion.",Strength training or resistance workout later in the day,Best used as part of a calorie surplus
480,Goa,Bulking,Lunch,Valchi Bhaji (Hearty Serve; with steamed rice),420,28,41,16,7,High,High,High,Safe,"val or fern leaves, coconut, garlic, green chilli, spices",Vegan,,"Prepare valchi bhaji in the hearty serve style with a with steamed rice serving. Keep the recipe fully plant-based or vegetarian, using the traditional Goan masala and legumes/vegetables. Cook it in a fuller traditional style and serve an appropriate calorie-dense portion.",Strength training or resistance workout later in the day,Best used as part of a calorie surplus
481,Goa,Bulking,Snack,5 Boiled Egg Whites + 1 Yolk,288,22,5,20,0,Low,Medium,Medium,"Egg, Eggs",Eggs,Vegetarian,,Boil perfectly.,Active recovery,Chew thoroughly for digestion
482,Goa,Bulking,Snack,Alsanyache Tonak (Protein Forward; tea-time snack),412,25,40,11,4,Low,High,High,Safe,"black-eyed beans, tonak masala, onion, garlic, coconut, tamarind, potato",Vegetarian,,"Prepare alsanyache tonak in the protein forward style with a tea-time snack serving. Keep the recipe fully plant-based or vegetarian, using the traditional Goan masala and legumes/vegetables. Cook it in a fuller traditional style and serve an appropriate calorie-dense portion.",Strength training or resistance workout later in the day,Best used as part of a calorie surplus
483,Goa,Bulking,Snack,Bebinca (Recovery Snack),384,15,45,16,4,High,Medium,Medium,"Dairy, Egg, Eggs, Gluten","egg yolk, coconut milk, flour, sugar, ghee",Vegetarian,,"Keep bebinca protein-forward by pairing it with legumes, fish, chicken, prawns, or sprouts as the recipe allows. Use enough carbs to fuel training, but avoid making the dish greasy.",30 mins strength training,Track total daily protein and keep the meal digestible.
484,Goa,Bulking,Snack,Boiled Alsande (Black Eyed Peas) Toss,400,25,60,6,12,Low,Medium,Low,Safe,"Black Eyed Peas, Onion, Tomato",Vegetarian,,Boil thoroughly and toss with fresh veggies.,Active recovery,Chew thoroughly for digestion
485,Goa,Bulking,Snack,Boiled Alsande (With Sanna; tea-time snack),387,27,36,15,6,High,High,High,Safe,"black-eyed peas, onion, green chilli, coriander, lemon",Vegetarian,,"Prepare boiled alsande in the with sanna style with a tea-time snack serving. Keep the recipe fully plant-based or vegetarian, using the traditional Goan masala and legumes/vegetables. Cook it in a fuller traditional style and serve an appropriate calorie-dense portion.",Strength training or resistance workout later in the day,Best used as part of a calorie surplus
486,Goa,Bulking,Snack,Boiled Kala Chana Salad,400,22,65,5,15,Low,Medium,Low,Safe,"Black Gram, Onion, Tomato",Vegetarian,,Boil perfectly and mix with veggies.,Active recovery,Chew thoroughly for digestion
487,Goa,Bulking,Snack,Boiled Soya Chunks Toss,400,35,45,6,14,Low,Medium,Low,Soy,"Soya Chunks, Onion",Vegetarian,,Boil thoroughly until soft.,Active recovery,Avoid if allergic to soy
488,Goa,Bulking,Snack,Chana Ros (Double Portion; tea-time snack),394,27,49,10,4,High,High,High,Safe,"chickpeas, coconut, dried red chillies, onion, kokum, spices",Vegetarian,,"Prepare chana ros in the double portion style with a tea-time snack serving. Keep the recipe fully plant-based or vegetarian, using the traditional Goan masala and legumes/vegetables. Cook it in a fuller traditional style and serve an appropriate calorie-dense portion.",Strength training or resistance workout later in the day,Best used as part of a calorie surplus
489,Goa,Bulking,Snack,Chidki Midki Bhaji (Thick Gravy; tea-time snack),490,28,54,18,9,High,High,High,Safe,chidki midki bhaji,Vegetarian,,"Prepare chidki midki bhaji in the thick gravy style with a tea-time snack serving. Keep the recipe fully plant-based or vegetarian, using the traditional Goan masala and legumes/vegetables. Cook it in a fuller traditional style and serve an appropriate calorie-dense portion.",Strength training or resistance workout later in the day,Best used as part of a calorie surplus
490,Goa,Bulking,Snack,"Doce (Compact, Calorie Dense)",376,14,44,16,4,Low,Medium,Medium,Dairy,"chana dal, coconut, sugar, ghee",Vegetarian,,"Keep doce protein-forward by pairing it with legumes, fish, chicken, prawns, or sprouts as the recipe allows. Use enough carbs to fuel training, but avoid making the dish greasy.",30 mins strength training,Track total daily protein and keep the meal digestible.
491,Goa,Bulking,Snack,Khatkatem (With Poee; tea-time snack),350,24,41,10,8,High,High,High,Safe,"raw jackfruit, beetroot, pumpkin, raw banana, drumstick, coconut, teflam, turmeric",Vegetarian,,"Prepare khatkatem in the with poee style with a tea-time snack serving. Keep the recipe fully plant-based or vegetarian, using the traditional Goan masala and legumes/vegetables. Cook it in a fuller traditional style and serve an appropriate calorie-dense portion.",Strength training or resistance workout later in the day,Best used as part of a calorie surplus
492,Goa,Bulking,Snack,Moong Gathi (With Rice; tea-time snack),443,26,47,16,4,High,High,High,Safe,"sprouted moong, coconut, cumin, coriander, green chilli, curry leaves",Vegetarian,,"Prepare moong gathi in the with rice style with a tea-time snack serving. Keep the recipe fully plant-based or vegetarian, using the traditional Goan masala and legumes/vegetables. Cook it in a fuller traditional style and serve an appropriate calorie-dense portion.",Strength training or resistance workout later in the day,Best used as part of a calorie surplus
493,Goa,Bulking,Snack,Paneer Tossed in Goan Spices,400,25,15,26,2,Low,Medium,High,Dairy,"Paneer, Cafreal Masala",Vegetarian,,Stir fry paneer chunks lightly.,Active recovery,Chew thoroughly for digestion
494,Goa,Bulking,Snack,Roasted Peanuts and Chana Mix,400,20,50,18,10,Low,Medium,Medium,"Peanut, Peanuts","Peanuts, Bengal Gram",Vegetarian,,Mix equal parts for energy and protein.,Active recovery,Chew thoroughly for digestion
495,Goa,Bulking,Snack,Sprouted Moong Salad (Large Portion),400,20,60,5,15,Low,Medium,Low,Safe,Green Gram Sprouts,Vegetarian,,Large portion for protein.,Active recovery,Chew thoroughly for digestion
496,Goa,Bulking,Snack,Thick Curd with Seeds,400,20,30,22,5,Low,Medium,Medium,Dairy,"Curd, Mixed Seeds",Vegetarian,,Use full block of seeds.,Active recovery,Chew thoroughly for digestion
497,Goa,Bulking,Snack,Beef Chilli Fry (Lean Protein; tea-time snack),534,34,65,15,7,High,High,High,Safe,"beef, onions, green chilli, vinegar, garlic, Goan spices",Non-Vegetarian,Beef,"Prepare beef chilli fry in the lean protein style with a tea-time snack serving. Use lean fish, chicken, pork, or seafood as the traditional recipe calls for. Cook it in a fuller traditional style and serve an appropriate calorie-dense portion.",Strength training or resistance workout later in the day,Best used as part of a calorie surplus
498,Goa,Bulking,Snack,Beef Strips Dry Fry,400,35,10,24,0,Low,Medium,Medium,Safe,Beef,Non-Vegetarian,Beef,Dry fry strips.,Active recovery,Chew thoroughly for digestion
499,Goa,Bulking,Snack,Chicken Cafreal (Extra Legumes; tea-time snack),587,34,56,18,3,High,High,High,Safe,"chicken, coriander, lime, vinegar, garlic, green chilli, spices",Non-Vegetarian,Chicken,"Prepare chicken cafreal in the extra legumes style with a tea-time snack serving. Use lean fish, chicken, pork, or seafood as the traditional recipe calls for. Cook it in a fuller traditional style and serve an appropriate calorie-dense portion.",Strength training or resistance workout later in the day,Best used as part of a calorie surplus
500,Goa,Bulking,Snack,Chicken Tikka (Dry Cafreal style),400,45,15,18,2,Low,Medium,High,Safe,"Chicken Breast, Spices",Non-Vegetarian,Chicken,Roast chicken chunks perfectly.,Active recovery,Chew thoroughly for digestion
501,Goa,Bulking,Snack,Choris Pao (Post-Workout Style),305,24,25,13,5,Medium,Medium,Medium,Gluten,"goan sausage, poee, onions, spices",Non-Vegetarian,Pork,"Keep choris pao protein-forward by pairing it with legumes, fish, chicken, prawns, or sprouts as the recipe allows. Use enough carbs to fuel training, but avoid making the dish greasy.",30 mins strength training,Track total daily protein and keep the meal digestible.
502,Goa,Bulking,Snack,Choris Pao (Roasted Spice; tea-time snack),554,43,42,22,6,High,High,High,Gluten,"Goan pork sausage, poee or pao, onions, chilli, vinegar",Non-Vegetarian,Pork,"Prepare choris pao in the roasted spice style with a tea-time snack serving. Use lean fish, chicken, pork, or seafood as the traditional recipe calls for. Cook it in a fuller traditional style and serve an appropriate calorie-dense portion.",Strength training or resistance workout later in the day,Contains gluten; best used as part of a calorie surplus
503,Goa,Bulking,Snack,Crab Xacuti (With Poee; tea-time snack),400,35,38,12,5,High,High,High,"Fish, Shellfish","crab, roasted coconut, poppy seeds, onions, dry red chillies, spices",Non-Vegetarian,Seafood,"Prepare crab xacuti in the with poee style with a tea-time snack serving. Use lean fish, chicken, pork, or seafood as the traditional recipe calls for. Cook it in a fuller traditional style and serve an appropriate calorie-dense portion.",Strength training or resistance workout later in the day,Contains shellfish; best used as part of a calorie surplus
504,Goa,Bulking,Snack,"Cutlet Pao (High Energy, High Protein)",315,22,26,13,5,Medium,Medium,Medium,Gluten,"cutlet filling, poee, onion, chutney",Non-Vegetarian,Chicken,"Keep cutlet pao protein-forward by pairing it with legumes, fish, chicken, prawns, or sprouts as the recipe allows. Use enough carbs to fuel training, but avoid making the dish greasy.",30 mins strength training,Track total daily protein and keep the meal digestible.
505,Goa,Bulking,Snack,Fish Curry Rice (With Sanna; tea-time snack),530,33,50,18,3,High,High,High,Fish,fish curry rice,Non-Vegetarian,,"Prepare fish curry rice in the with sanna style with a tea-time snack serving. Use lean fish, chicken, pork, or seafood as the traditional recipe calls for. Cook it in a fuller traditional style and serve an appropriate calorie-dense portion.",Strength training or resistance workout later in the day,Best used as part of a calorie surplus
506,Goa,Bulking,Snack,Kismur (Thick Gravy; tea-time snack),615,42,69,19,7,High,High,High,Fish,"dry fish, coconut, onion, lime, green chilli, spices",Non-Vegetarian,Fish,"Prepare kismur in the thick gravy style with a tea-time snack serving. Use lean fish, chicken, pork, or seafood as the traditional recipe calls for. Cook it in a fuller traditional style and serve an appropriate calorie-dense portion.",Strength training or resistance workout later in the day,Contains fish; best used as part of a calorie surplus
507,Goa,Bulking,Snack,Pork Vindalho (Double Portion; tea-time snack),516,44,35,20,6,High,High,High,Safe,"pork, vinegar, garlic, red chilli, cloves, cinnamon, Goan spice mix",Non-Vegetarian,Pork,"Prepare pork vindalho in the double portion style with a tea-time snack serving. Use lean fish, chicken, pork, or seafood as the traditional recipe calls for. Cook it in a fuller traditional style and serve an appropriate calorie-dense portion.",Strength training or resistance workout later in the day,Best used as part of a calorie surplus
508,Goa,Bulking,Snack,Prawn Balchao (With Rice; tea-time snack),621,41,54,24,3,High,High,High,"Fish, Shellfish",prawn balchao,Non-Vegetarian,,"Prepare prawn balchao in the with rice style with a tea-time snack serving. Use lean fish, chicken, pork, or seafood as the traditional recipe calls for. Cook it in a fuller traditional style and serve an appropriate calorie-dense portion.",Strength training or resistance workout later in the day,Best used as part of a calorie surplus
509,Goa,Bulking,Snack,Prawn Rissois (Protein Snack),295,22,24,13,5,Medium,Medium,Medium,"Dairy, Fish, Gluten, Shellfish","prawns, flour, milk, potato, breadcrumbs",Non-Vegetarian,Prawns,"Keep prawn rissois protein-forward by pairing it with legumes, fish, chicken, prawns, or sprouts as the recipe allows. Use enough carbs to fuel training, but avoid making the dish greasy.",30 mins strength training,Track total daily protein and keep the meal digestible.
510,Goa,Bulking,Snack,Sorpotel (Large Bowl; tea-time snack),549,31,68,17,5,High,High,High,Safe,"pork, liver, vinegar, red chilli, garlic, spice paste",Non-Vegetarian,Pork,"Prepare sorpotel in the large bowl style with a tea-time snack serving. Use lean fish, chicken, pork, or seafood as the traditional recipe calls for. Cook it in a fuller traditional style and serve an appropriate calorie-dense portion.",Strength training or resistance workout later in the day,Best used as part of a calorie surplus
511,Goa,Bulking,Snack,Sorpotel (Protein Forward; tea-time snack),535,42,69,19,4,High,High,High,Safe,"pork, liver, vinegar, red chilli, garlic, spice paste",Non-Vegetarian,Pork,"Prepare sorpotel in the protein forward style with a tea-time snack serving. Use lean fish, chicken, pork, or seafood as the traditional recipe calls for. Cook it in a fuller traditional style and serve an appropriate calorie-dense portion.",Strength training or resistance workout later in the day,Best used as part of a calorie surplus
512,Goa,Bulking,Snack,Xacuti (Post-Workout; tea-time snack),519,30,56,24,4,High,High,High,"Fish, Shellfish","chicken, crab or mutton, roasted coconut, poppy seeds, onion, spices",Non-Vegetarian,Chicken,"Prepare xacuti in the post-workout style with a tea-time snack serving. Use lean fish, chicken, pork, or seafood as the traditional recipe calls for. Cook it in a fuller traditional style and serve an appropriate calorie-dense portion.",Strength training or resistance workout later in the day,Best used as part of a calorie surplus
513,Goa,Bulking,Snack,Alsanyache Tonak (Large Bowl; tea-time snack),441,23,43,18,6,Low,High,High,Safe,"black-eyed beans, tonak masala, onion, garlic, coconut, tamarind, potato",Vegan,,"Prepare alsanyache tonak in the large bowl style with a tea-time snack serving. Keep the recipe fully plant-based or vegetarian, using the traditional Goan masala and legumes/vegetables. Cook it in a fuller traditional style and serve an appropriate calorie-dense portion.",Strength training or resistance workout later in the day,Best used as part of a calorie surplus
514,Goa,Bulking,Snack,Alsanyache Tonak (With Poee; small bowl),339,18,39,11,5,Low,High,High,Safe,"black-eyed beans, tonak masala, onion, garlic, coconut, tamarind, potato",Vegan,,"Prepare alsanyache tonak in the with poee style with a small bowl serving. Keep the recipe fully plant-based or vegetarian, using the traditional Goan masala and legumes/vegetables. Cook it in a fuller traditional style and serve an appropriate calorie-dense portion.",Strength training or resistance workout later in the day,Best used as part of a calorie surplus
515,Goa,Bulking,Snack,Boiled Alsande (Strength Meal; tea-time snack),360,23,40,12,7,High,High,High,Safe,"black-eyed peas, onion, green chilli, coriander, lemon",Vegan,,"Prepare boiled alsande in the strength meal style with a tea-time snack serving. Keep the recipe fully plant-based or vegetarian, using the traditional Goan masala and legumes/vegetables. Cook it in a fuller traditional style and serve an appropriate calorie-dense portion.",Strength training or resistance workout later in the day,Best used as part of a calorie surplus
516,Goa,Bulking,Snack,Chana Ros (Hearty Serve; tea-time snack),451,30,49,18,8,High,High,High,Safe,"chickpeas, coconut, dried red chillies, onion, kokum, spices",Vegan,,"Prepare chana ros in the hearty serve style with a tea-time snack serving. Keep the recipe fully plant-based or vegetarian, using the traditional Goan masala and legumes/vegetables. Cook it in a fuller traditional style and serve an appropriate calorie-dense portion.",Strength training or resistance workout later in the day,Best used as part of a calorie surplus
517,Goa,Bulking,Snack,Chidki Midki Bhaji (Meal Prep Bowl; tea-time snack),381,18,57,9,9,High,High,High,Safe,chidki midki bhaji,Vegan,,"Prepare chidki midki bhaji in the meal prep bowl style with a tea-time snack serving. Keep the recipe fully plant-based or vegetarian, using the traditional Goan masala and legumes/vegetables. Cook it in a fuller traditional style and serve an appropriate calorie-dense portion.",Strength training or resistance workout later in the day,Best used as part of a calorie surplus
518,Goa,Bulking,Snack,Khatkatem (High Protein; tea-time snack),386,19,37,18,8,High,High,High,Safe,"raw jackfruit, beetroot, pumpkin, raw banana, drumstick, coconut, teflam, turmeric",Vegan,,"Prepare khatkatem in the high protein style with a tea-time snack serving. Keep the recipe fully plant-based or vegetarian, using the traditional Goan masala and legumes/vegetables. Cook it in a fuller traditional style and serve an appropriate calorie-dense portion.",Strength training or resistance workout later in the day,Best used as part of a calorie surplus
519,Goa,Bulking,Snack,Kismoor (With Legumes or Seafood),260,17,29,9,6,Medium,Medium,Medium,Safe,"coconut, chilli, onion, tamarind, dried vegetables",Vegan,,"Keep kismoor protein-forward by pairing it with legumes, fish, chicken, prawns, or sprouts as the recipe allows. Use enough carbs to fuel training, but avoid making the dish greasy.",30 mins strength training,Track total daily protein and keep the meal digestible.
520,Goa,Bulking,Snack,Moong Gathi (Coconut Rich; tea-time snack),388,28,42,12,6,High,High,High,Safe,"sprouted moong, coconut, cumin, coriander, green chilli, curry leaves",Vegan,,"Prepare moong gathi in the coconut rich style with a tea-time snack serving. Keep the recipe fully plant-based or vegetarian, using the traditional Goan masala and legumes/vegetables. Cook it in a fuller traditional style and serve an appropriate calorie-dense portion.",Strength training or resistance workout later in the day,Best used as part of a calorie surplus
521,Goa,Bulking,Snack,Poi (Double Portion; small bowl),475,25,60,15,8,High,High,High,Gluten,"whole wheat flour, wheat bran, yeast or toddy, water, salt",Vegan,,"Prepare poi in the double portion style with a small bowl serving. Keep the recipe fully plant-based or vegetarian, using the traditional Goan masala and legumes/vegetables. Cook it in a fuller traditional style and serve an appropriate calorie-dense portion.",Strength training or resistance workout later in the day,Contains gluten; best used as part of a calorie surplus
522,Goa,Bulking,Snack,Poi (Extra Legumes; tea-time snack),389,25,52,13,6,High,High,High,Gluten,"whole wheat flour, wheat bran, yeast or toddy, water, salt",Vegan,,"Prepare poi in the extra legumes style with a tea-time snack serving. Keep the recipe fully plant-based or vegetarian, using the traditional Goan masala and legumes/vegetables. Cook it in a fuller traditional style and serve an appropriate calorie-dense portion.",Strength training or resistance workout later in the day,Contains gluten; best used as part of a calorie surplus
523,Goa,Bulking,Snack,Sanna (Post-Workout; tea-time snack),359,20,36,15,6,Low,High,High,Safe,"red rice, coconut, urad dal, toddy or yeast, salt",Vegan,,"Prepare sanna in the post-workout style with a tea-time snack serving. Keep the recipe fully plant-based or vegetarian, using the traditional Goan masala and legumes/vegetables. Cook it in a fuller traditional style and serve an appropriate calorie-dense portion.",Strength training or resistance workout later in the day,Best used as part of a calorie surplus
524,Goa,Bulking,Snack,Sanna (With Rice; small bowl),436,22,58,15,4,Low,High,High,Safe,"red rice, coconut, urad dal, toddy or yeast, salt",Vegan,,"Prepare sanna in the with rice style with a small bowl serving. Keep the recipe fully plant-based or vegetarian, using the traditional Goan masala and legumes/vegetables. Cook it in a fuller traditional style and serve an appropriate calorie-dense portion.",Strength training or resistance workout later in the day,Best used as part of a calorie surplus
525,Goa,Bulking,Snack,Tambdi Bhaji (Lean Protein; tea-time snack),356,25,37,12,8,High,High,High,Safe,"red amaranth, garlic, coconut, green chilli, turmeric, oil",Vegan,,"Prepare tambdi bhaji in the lean protein style with a tea-time snack serving. Keep the recipe fully plant-based or vegetarian, using the traditional Goan masala and legumes/vegetables. Cook it in a fuller traditional style and serve an appropriate calorie-dense portion.",Strength training or resistance workout later in the day,Best used as part of a calorie surplus
526,Goa,Bulking,Snack,Tambdi Bhaji (Recovery Plate; tea-time snack),380,26,42,12,9,High,High,High,Safe,"red amaranth, garlic, coconut, green chilli, turmeric, oil",Vegan,,"Prepare tambdi bhaji in the recovery plate style with a tea-time snack serving. Keep the recipe fully plant-based or vegetarian, using the traditional Goan masala and legumes/vegetables. Cook it in a fuller traditional style and serve an appropriate calorie-dense portion.",Strength training or resistance workout later in the day,Best used as part of a calorie surplus
527,Goa,Bulking,Snack,Valchi Bhaji (Protein Forward; small bowl),363,20,45,13,5,High,High,High,Safe,"val or fern leaves, coconut, garlic, green chilli, spices",Vegan,,"Prepare valchi bhaji in the protein forward style with a small bowl serving. Keep the recipe fully plant-based or vegetarian, using the traditional Goan masala and legumes/vegetables. Cook it in a fuller traditional style and serve an appropriate calorie-dense portion.",Strength training or resistance workout later in the day,Best used as part of a calorie surplus
528,Goa,Bulking,Snack,Valchi Bhaji (Roasted Spice; tea-time snack),335,18,35,17,9,High,High,High,Safe,"val or fern leaves, coconut, garlic, green chilli, spices",Vegan,,"Prepare valchi bhaji in the roasted spice style with a tea-time snack serving. Keep the recipe fully plant-based or vegetarian, using the traditional Goan masala and legumes/vegetables. Cook it in a fuller traditional style and serve an appropriate calorie-dense portion.",Strength training or resistance workout later in the day,Best used as part of a calorie surplus
529,Goa,Bulking,Dinner,Alsanyache Tonak (Post-Workout; with steamed rice),424,28,36,13,8,Low,High,High,Safe,"black-eyed beans, tonak masala, onion, garlic, coconut, tamarind, potato",Vegetarian,,"Prepare alsanyache tonak in the post-workout style with a with steamed rice serving. Keep the recipe fully plant-based or vegetarian, using the traditional Goan masala and legumes/vegetables. Cook it in a fuller traditional style and serve an appropriate calorie-dense portion.",Strength training or resistance workout later in the day,Best used as part of a calorie surplus
530,Goa,Bulking,Dinner,Boiled Alsande (With Poee; with steamed rice),324,22,41,8,6,High,High,High,Safe,"black-eyed peas, onion, green chilli, coriander, lemon",Vegetarian,,"Prepare boiled alsande in the with poee style with a with steamed rice serving. Keep the recipe fully plant-based or vegetarian, using the traditional Goan masala and legumes/vegetables. Cook it in a fuller traditional style and serve an appropriate calorie-dense portion.",Strength training or resistance workout later in the day,Best used as part of a calorie surplus
531,Goa,Bulking,Dinner,Chana Ros (Large Bowl; with steamed rice),362,23,46,9,5,High,High,High,Safe,"chickpeas, coconut, dried red chillies, onion, kokum, spices",Vegetarian,,"Prepare chana ros in the large bowl style with a with steamed rice serving. Keep the recipe fully plant-based or vegetarian, using the traditional Goan masala and legumes/vegetables. Cook it in a fuller traditional style and serve an appropriate calorie-dense portion.",Strength training or resistance workout later in the day,Best used as part of a calorie surplus
532,Goa,Bulking,Dinner,Chana Ros (Protein Forward; with steamed rice),469,28,39,16,6,High,High,High,Safe,"chickpeas, coconut, dried red chillies, onion, kokum, spices",Vegetarian,,"Prepare chana ros in the protein forward style with a with steamed rice serving. Keep the recipe fully plant-based or vegetarian, using the traditional Goan masala and legumes/vegetables. Cook it in a fuller traditional style and serve an appropriate calorie-dense portion.",Strength training or resistance workout later in the day,Best used as part of a calorie surplus
533,Goa,Bulking,Dinner,Chidki Midki Bhaji (With Sanna; with steamed rice),362,25,37,9,9,High,High,High,Safe,chidki midki bhaji,Vegetarian,,"Prepare chidki midki bhaji in the with sanna style with a with steamed rice serving. Keep the recipe fully plant-based or vegetarian, using the traditional Goan masala and legumes/vegetables. Cook it in a fuller traditional style and serve an appropriate calorie-dense portion.",Strength training or resistance workout later in the day,Best used as part of a calorie surplus
534,Goa,Bulking,Dinner,Khatkatem (Coconut Rich; with steamed rice),336,20,37,12,7,High,High,High,Safe,"raw jackfruit, beetroot, pumpkin, raw banana, drumstick, coconut, teflam, turmeric",Vegetarian,,"Prepare khatkatem in the coconut rich style with a with steamed rice serving. Keep the recipe fully plant-based or vegetarian, using the traditional Goan masala and legumes/vegetables. Cook it in a fuller traditional style and serve an appropriate calorie-dense portion.",Strength training or resistance workout later in the day,Best used as part of a calorie surplus
535,Goa,Bulking,Dinner,Khatkatem (With Rice; with steamed rice),415,23,51,12,4,High,High,High,Safe,"raw jackfruit, beetroot, pumpkin, raw banana, drumstick, coconut, teflam, turmeric",Vegetarian,,"Prepare khatkatem in the with rice style with a with steamed rice serving. Keep the recipe fully plant-based or vegetarian, using the traditional Goan masala and legumes/vegetables. Cook it in a fuller traditional style and serve an appropriate calorie-dense portion.",Strength training or resistance workout later in the day,Best used as part of a calorie surplus
536,Goa,Bulking,Dinner,Moong Gathi (Double Portion; with steamed rice),389,18,41,17,4,High,High,High,Safe,"sprouted moong, coconut, cumin, coriander, green chilli, curry leaves",Vegetarian,,"Prepare moong gathi in the double portion style with a with steamed rice serving. Keep the recipe fully plant-based or vegetarian, using the traditional Goan masala and legumes/vegetables. Cook it in a fuller traditional style and serve an appropriate calorie-dense portion.",Strength training or resistance workout later in the day,Best used as part of a calorie surplus
537,Goa,Bulking,Dinner,Moong Gathi (Hearty Serve; with steamed rice),348,20,40,16,9,High,High,High,Safe,"sprouted moong, coconut, cumin, coriander, green chilli, curry leaves",Vegetarian,,"Prepare moong gathi in the hearty serve style with a with steamed rice serving. Keep the recipe fully plant-based or vegetarian, using the traditional Goan masala and legumes/vegetables. Cook it in a fuller traditional style and serve an appropriate calorie-dense portion.",Strength training or resistance workout later in the day,Best used as part of a calorie surplus
538,Goa,Bulking,Dinner,Poee + Egg Bhurji (5 Eggs),850,40,65,48,6,Medium,Medium,High,"Egg, Eggs, Gluten","Wheat, Eggs, Onion",Vegetarian,,Cook eggs rapidly with minimal oil to focus on protein.,Rest,Ensure eggs are fully cooked
539,Goa,Bulking,Dinner,Poee + Paneer Caldin (Heavy),850,40,70,45,6,Medium,Medium,High,"Dairy, Gluten","Wheat, Paneer, Coconut Milk",Vegetarian,,Use large paneer portion.,Rest,Avoid if lactose intolerant
540,Goa,Bulking,Dinner,Poee + Soya Chunk Xacuti (Large),850,50,75,35,15,Medium,Medium,Low,"Gluten, Soy","Wheat, Soya, Coconut",Vegetarian,,Large portion of soya.,Rest,Avoid if digestion is sluggish
541,Goa,Bulking,Dinner,Poi (Roasted Spice; with steamed rice),490,22,60,18,4,High,High,High,Gluten,"whole wheat flour, wheat bran, yeast or toddy, water, salt",Vegetarian,,"Prepare poi in the roasted spice style with a with steamed rice serving. Keep the recipe fully plant-based or vegetarian, using the traditional Goan masala and legumes/vegetables. Cook it in a fuller traditional style and serve an appropriate calorie-dense portion.",Strength training or resistance workout later in the day,Contains gluten; best used as part of a calorie surplus
542,Goa,Bulking,Dinner,Sanna (Extra Legumes; with steamed rice),363,30,36,11,5,Low,High,High,Safe,"red rice, coconut, urad dal, toddy or yeast, salt",Vegetarian,,"Prepare sanna in the extra legumes style with a with steamed rice serving. Keep the recipe fully plant-based or vegetarian, using the traditional Goan masala and legumes/vegetables. Cook it in a fuller traditional style and serve an appropriate calorie-dense portion.",Strength training or resistance workout later in the day,Best used as part of a calorie surplus
543,Goa,Bulking,Dinner,Tambdi Bhaji (Thick Gravy; with steamed rice),374,22,49,10,9,High,High,High,Safe,"red amaranth, garlic, coconut, green chilli, turmeric, oil",Vegetarian,,"Prepare tambdi bhaji in the thick gravy style with a with steamed rice serving. Keep the recipe fully plant-based or vegetarian, using the traditional Goan masala and legumes/vegetables. Cook it in a fuller traditional style and serve an appropriate calorie-dense portion.",Strength training or resistance workout later in the day,Best used as part of a calorie surplus
544,Goa,Bulking,Dinner,Valchi Bhaji (Lean Protein; with steamed rice),346,19,36,14,7,High,High,High,Safe,"val or fern leaves, coconut, garlic, green chilli, spices",Vegetarian,,"Prepare valchi bhaji in the lean protein style with a with steamed rice serving. Keep the recipe fully plant-based or vegetarian, using the traditional Goan masala and legumes/vegetables. Cook it in a fuller traditional style and serve an appropriate calorie-dense portion.",Strength training or resistance workout later in the day,Best used as part of a calorie surplus
545,Goa,Bulking,Dinner,Chicken Cafreal (With Lean Meat),655,44,57,22,8,Medium,Medium,Medium,Safe,"chicken, coriander, lime, garlic, vinegar",Non-Vegetarian,Chicken,"Keep chicken cafreal protein-forward by pairing it with legumes, fish, chicken, prawns, or sprouts as the recipe allows. Use enough carbs to fuel training, but avoid making the dish greasy.",30 mins strength training,Track total daily protein and keep the meal digestible.
546,Goa,Bulking,Dinner,Crab Xacuti (With Rice; with steamed rice),479,41,45,15,5,High,High,High,"Fish, Shellfish","crab, roasted coconut, poppy seeds, onions, dry red chillies, spices",Non-Vegetarian,Seafood,"Prepare crab xacuti in the with rice style with a with steamed rice serving. Use lean fish, chicken, pork, or seafood as the traditional recipe calls for. Cook it in a fuller traditional style and serve an appropriate calorie-dense portion.",Strength training or resistance workout later in the day,Contains shellfish; best used as part of a calorie surplus
547,Goa,Bulking,Dinner,Fish Curry Rice (Protein Focused Dinner),645,42,56,22,8,Medium,Medium,Medium,Fish,"fish, rice, kokum, coconut, spices",Non-Vegetarian,Fish,"Keep fish curry rice protein-forward by pairing it with legumes, fish, chicken, prawns, or sprouts as the recipe allows. Use enough carbs to fuel training, but avoid making the dish greasy.",30 mins strength training,Track total daily protein and keep the meal digestible.
548,Goa,Bulking,Dinner,Poee + Beef Chilli Fry (Large Portion),850,55,65,40,8,Medium,Medium,Medium,Gluten,"Wheat, Beef, Capsicum",Non-Vegetarian,Beef,Stir fry beef chunks rapidly for dense protein.,Rest,Avoid if lactose intolerant
549,Goa,Bulking,Dinner,Poee + Chicken Xacuti (Thick Gravy),850,50,70,38,8,Medium,Medium,Medium,Gluten,"Wheat, Chicken, Coconut",Non-Vegetarian,Chicken,Cook chicken in thick roasted coconut gravy.,Rest,Avoid if digestion is sluggish
550,Goa,Bulking,Dinner,Poee + Fish Tikka (Pan Fried Large Portion),850,55,60,40,5,Medium,Medium,Low,"Fish, Gluten","Wheat, Fish",Non-Vegetarian,Fish,Pan fry fish with minimal healthy oil.,Rest,Avoid if allergic to seafood
551,Goa,Bulking,Dinner,Poee + Mutton Keema Roast,850,55,60,42,8,Medium,Medium,Medium,Gluten,"Wheat, Mutton Minced",Non-Vegetarian,Mutton,Cook keema well to extract proteins and fats.,Rest,Avoid if digestion is sluggish
552,Goa,Bulking,Dinner,Poee + Mutton Vindaloo,850,50,70,40,8,Medium,Medium,Medium,Gluten,"Wheat, Mutton, Vinegar, Garlic",Non-Vegetarian,Mutton,Slow cook mutton to extract maximum protein and flavor.,Rest,Avoid if digestion is sluggish
553,Goa,Bulking,Dinner,Poee + Pork Sorpotel (Lean portion),850,55,65,40,8,Medium,Medium,Medium,Gluten,"Wheat, Pork, Goan Vinegar",Non-Vegetarian,Pork,Select leaner pork cuts but retain dense gravy.,Rest,Avoid if digestion is sluggish
554,Goa,Bulking,Dinner,Poee + Pork Vindaloo (Lean cuts),850,55,60,42,8,Medium,Medium,Medium,Gluten,"Wheat, Pork, Goan Vinegar",Non-Vegetarian,Pork,Use lean pork cuts but retain dense gravy.,Rest,Avoid if digestion is sluggish
555,Goa,Bulking,Dinner,Pork Vindalho (Protein Forward; with steamed rice),541,44,44,21,6,High,High,High,Safe,"pork, vinegar, garlic, red chilli, cloves, cinnamon, Goan spice mix",Non-Vegetarian,Pork,"Prepare pork vindalho in the protein forward style with a with steamed rice serving. Use lean fish, chicken, pork, or seafood as the traditional recipe calls for. Cook it in a fuller traditional style and serve an appropriate calorie-dense portion.",Strength training or resistance workout later in the day,Best used as part of a calorie surplus
556,Goa,Bulking,Dinner,Prawn Balchao (Double Portion; with steamed rice),485,35,48,17,3,High,High,High,"Fish, Shellfish",prawn balchao,Non-Vegetarian,,"Prepare prawn balchao in the double portion style with a with steamed rice serving. Use lean fish, chicken, pork, or seafood as the traditional recipe calls for. Cook it in a fuller traditional style and serve an appropriate calorie-dense portion.",Strength training or resistance workout later in the day,Best used as part of a calorie surplus
557,Goa,Bulking,Dinner,Prawn Curry (Training Recovery Plate),645,44,59,22,8,Medium,Medium,Medium,"Fish, Shellfish","prawns, coconut, kokum, spices",Non-Vegetarian,Prawns,"Keep prawn curry protein-forward by pairing it with legumes, fish, chicken, prawns, or sprouts as the recipe allows. Use enough carbs to fuel training, but avoid making the dish greasy.",30 mins strength training,Track total daily protein and keep the meal digestible.
558,Goa,Bulking,Dinner,Sorpotel (With Rice and Protein),655,42,56,22,8,Medium,Medium,Medium,Safe,"pork, vinegar, spices, garlic",Non-Vegetarian,Pork,"Keep sorpotel protein-forward by pairing it with legumes, fish, chicken, prawns, or sprouts as the recipe allows. Use enough carbs to fuel training, but avoid making the dish greasy.",30 mins strength training,Track total daily protein and keep the meal digestible.
559,Goa,Bulking,Dinner,Vindaloo (Balanced Bulking Meal),665,44,57,22,8,Medium,Medium,Medium,Safe,"pork, vinegar, garlic, chilli, spices",Non-Vegetarian,Pork,"Keep vindaloo protein-forward by pairing it with legumes, fish, chicken, prawns, or sprouts as the recipe allows. Use enough carbs to fuel training, but avoid making the dish greasy.",30 mins strength training,Track total daily protein and keep the meal digestible.
560,Goa,Bulking,Dinner,"Xacuti (High Protein, Moderate Spice)",665,42,58,22,8,Medium,Medium,Medium,Safe,"chicken, coconut, roasted spices, poppy seeds",Non-Vegetarian,Chicken,"Keep xacuti protein-forward by pairing it with legumes, fish, chicken, prawns, or sprouts as the recipe allows. Use enough carbs to fuel training, but avoid making the dish greasy.",30 mins strength training,Track total daily protein and keep the meal digestible.
561,Goa,Bulking,Dinner,Alsanyache Tonak (With Rice; with brown rice),448,27,36,18,7,Low,High,High,Safe,"black-eyed beans, tonak masala, onion, garlic, coconut, tamarind, potato",Vegan,,"Prepare alsanyache tonak in the with rice style with a with brown rice serving. Keep the recipe fully plant-based or vegetarian, using the traditional Goan masala and legumes/vegetables. Cook it in a fuller traditional style and serve an appropriate calorie-dense portion.",Strength training or resistance workout later in the day,Best used as part of a calorie surplus
562,Goa,Bulking,Dinner,Boiled Alsande (High Protein; with steamed rice),333,21,42,9,6,High,High,High,Safe,"black-eyed peas, onion, green chilli, coriander, lemon",Vegan,,"Prepare boiled alsande in the high protein style with a with steamed rice serving. Keep the recipe fully plant-based or vegetarian, using the traditional Goan masala and legumes/vegetables. Cook it in a fuller traditional style and serve an appropriate calorie-dense portion.",Strength training or resistance workout later in the day,Best used as part of a calorie surplus
563,Goa,Bulking,Dinner,Boiled Alsande (Lean Protein; with brown rice),381,22,44,13,7,High,High,High,Safe,"black-eyed peas, onion, green chilli, coriander, lemon",Vegan,,"Prepare boiled alsande in the lean protein style with a with brown rice serving. Keep the recipe fully plant-based or vegetarian, using the traditional Goan masala and legumes/vegetables. Cook it in a fuller traditional style and serve an appropriate calorie-dense portion.",Strength training or resistance workout later in the day,Best used as part of a calorie surplus
564,Goa,Bulking,Dinner,Chana Ros (With Poee; with brown rice),421,29,41,13,5,High,High,High,Safe,"chickpeas, coconut, dried red chillies, onion, kokum, spices",Vegan,,"Prepare chana ros in the with poee style with a with brown rice serving. Keep the recipe fully plant-based or vegetarian, using the traditional Goan masala and legumes/vegetables. Cook it in a fuller traditional style and serve an appropriate calorie-dense portion.",Strength training or resistance workout later in the day,Best used as part of a calorie surplus
565,Goa,Bulking,Dinner,Chidki Midki Bhaji (Roasted Spice; with brown rice),454,30,51,14,6,High,High,High,Safe,chidki midki bhaji,Vegan,,"Prepare chidki midki bhaji in the roasted spice style with a with brown rice serving. Keep the recipe fully plant-based or vegetarian, using the traditional Goan masala and legumes/vegetables. Cook it in a fuller traditional style and serve an appropriate calorie-dense portion.",Strength training or resistance workout later in the day,Best used as part of a calorie surplus
566,Goa,Bulking,Dinner,Chidki Midki Bhaji (Strength Meal; with steamed rice),488,27,42,17,4,High,High,High,Safe,chidki midki bhaji,Vegan,,"Prepare chidki midki bhaji in the strength meal style with a with steamed rice serving. Keep the recipe fully plant-based or vegetarian, using the traditional Goan masala and legumes/vegetables. Cook it in a fuller traditional style and serve an appropriate calorie-dense portion.",Strength training or resistance workout later in the day,Best used as part of a calorie surplus
567,Goa,Bulking,Dinner,Khatkatem (Thick Gravy; with brown rice),362,24,44,10,9,High,High,High,Safe,"raw jackfruit, beetroot, pumpkin, raw banana, drumstick, coconut, teflam, turmeric",Vegan,,"Prepare khatkatem in the thick gravy style with a with brown rice serving. Keep the recipe fully plant-based or vegetarian, using the traditional Goan masala and legumes/vegetables. Cook it in a fuller traditional style and serve an appropriate calorie-dense portion.",Strength training or resistance workout later in the day,Best used as part of a calorie surplus
568,Goa,Bulking,Dinner,Moong Gathi (With Sanna; with brown rice),428,23,48,16,5,High,High,High,Safe,"sprouted moong, coconut, cumin, coriander, green chilli, curry leaves",Vegan,,"Prepare moong gathi in the with sanna style with a with brown rice serving. Keep the recipe fully plant-based or vegetarian, using the traditional Goan masala and legumes/vegetables. Cook it in a fuller traditional style and serve an appropriate calorie-dense portion.",Strength training or resistance workout later in the day,Best used as part of a calorie surplus
569,Goa,Bulking,Dinner,Poi (Large Bowl; with brown rice),391,26,47,11,6,High,High,High,Gluten,"whole wheat flour, wheat bran, yeast or toddy, water, salt",Vegan,,"Prepare poi in the large bowl style with a with brown rice serving. Keep the recipe fully plant-based or vegetarian, using the traditional Goan masala and legumes/vegetables. Cook it in a fuller traditional style and serve an appropriate calorie-dense portion.",Strength training or resistance workout later in the day,Contains gluten; best used as part of a calorie surplus
570,Goa,Bulking,Dinner,Poi (Protein Forward; with brown rice),324,25,38,8,5,High,High,High,Gluten,"whole wheat flour, wheat bran, yeast or toddy, water, salt",Vegan,,"Prepare poi in the protein forward style with a with brown rice serving. Keep the recipe fully plant-based or vegetarian, using the traditional Goan masala and legumes/vegetables. Cook it in a fuller traditional style and serve an appropriate calorie-dense portion.",Strength training or resistance workout later in the day,Contains gluten; best used as part of a calorie surplus
571,Goa,Bulking,Dinner,Sanna (Double Portion; with brown rice),487,29,55,18,5,Low,High,High,Safe,"red rice, coconut, urad dal, toddy or yeast, salt",Vegan,,"Prepare sanna in the double portion style with a with brown rice serving. Keep the recipe fully plant-based or vegetarian, using the traditional Goan masala and legumes/vegetables. Cook it in a fuller traditional style and serve an appropriate calorie-dense portion.",Strength training or resistance workout later in the day,Best used as part of a calorie surplus
572,Goa,Bulking,Dinner,Sanna (Hearty Serve; with brown rice),426,23,58,10,4,Low,High,High,Safe,"red rice, coconut, urad dal, toddy or yeast, salt",Vegan,,"Prepare sanna in the hearty serve style with a with brown rice serving. Keep the recipe fully plant-based or vegetarian, using the traditional Goan masala and legumes/vegetables. Cook it in a fuller traditional style and serve an appropriate calorie-dense portion.",Strength training or resistance workout later in the day,Best used as part of a calorie surplus
573,Goa,Bulking,Dinner,Tambdi Bhaji (Extra Legumes; with brown rice),393,21,48,13,4,High,High,High,Safe,"red amaranth, garlic, coconut, green chilli, turmeric, oil",Vegan,,"Prepare tambdi bhaji in the extra legumes style with a with brown rice serving. Keep the recipe fully plant-based or vegetarian, using the traditional Goan masala and legumes/vegetables. Cook it in a fuller traditional style and serve an appropriate calorie-dense portion.",Strength training or resistance workout later in the day,Best used as part of a calorie surplus
574,Goa,Bulking,Dinner,Tambdi Bhaji (Meal Prep Bowl; with steamed rice),360,20,47,15,7,High,High,High,Safe,"red amaranth, garlic, coconut, green chilli, turmeric, oil",Vegan,,"Prepare tambdi bhaji in the meal prep bowl style with a with steamed rice serving. Keep the recipe fully plant-based or vegetarian, using the traditional Goan masala and legumes/vegetables. Cook it in a fuller traditional style and serve an appropriate calorie-dense portion.",Strength training or resistance workout later in the day,Best used as part of a calorie surplus
575,Goa,Bulking,Dinner,Valchi Bhaji (Post-Workout; with brown rice),380,29,41,15,5,High,High,High,Safe,"val or fern leaves, coconut, garlic, green chilli, spices",Vegan,,"Prepare valchi bhaji in the post-workout style with a with brown rice serving. Keep the recipe fully plant-based or vegetarian, using the traditional Goan masala and legumes/vegetables. Cook it in a fuller traditional style and serve an appropriate calorie-dense portion.",Strength training or resistance workout later in the day,Best used as part of a calorie surplus
576,Goa,Bulking,Dinner,Valchi Bhaji (Recovery Plate; with steamed rice),310,20,35,10,7,High,High,High,Safe,"val or fern leaves, coconut, garlic, green chilli, spices",Vegan,,"Prepare valchi bhaji in the recovery plate style with a with steamed rice serving. Keep the recipe fully plant-based or vegetarian, using the traditional Goan masala and legumes/vegetables. Cook it in a fuller traditional style and serve an appropriate calorie-dense portion.",Strength training or resistance workout later in the day,Best used as part of a calorie surplus
577,Goa,Maintaining Balanced Diet,Breakfast,Alle Belle (With Vegetables),425,12,62,19,5,High,Medium,Medium,Gluten,"flour, coconut, jaggery, cardamom",Vegetarian,,"Prepare alle belle in a balanced home style with moderate oil and a mix of vegetables, grains, and protein. Keep the portion steady and the seasoning traditional rather than heavy.",25 mins brisk walking,Keep portions moderate and adjust based on hunger and activity.
578,Goa,Maintaining Balanced Diet,Breakfast,Alsanyache Tonak (Home Style; with poi),322,14,44,9,6,Low,High,High,Safe,"black-eyed beans, tonak masala, onion, garlic, coconut, tamarind, potato",Vegetarian,,"Prepare alsanyache tonak in the home style style with a with poi serving. Keep the recipe fully plant-based or vegetarian, using the traditional Goan masala and legumes/vegetables. Cook it in a balanced home-style portion with traditional Goan seasoning.",20-30 minute brisk morning walk,Watch portion size if you are tracking macros
579,Goa,Maintaining Balanced Diet,Breakfast,Egg Ros Omelette (Light) + 1 Poee,400,18,55,12,4,Medium,Medium,Medium,"Egg, Eggs, Gluten","Eggs, Chicken Broth, Wheat",Vegetarian,,Use 1 egg and light gravy.,30 mins jogging,No specific warning
580,Goa,Maintaining Balanced Diet,Breakfast,Goan Sanna with Green Chutney,400,10,75,6,5,Medium,Medium,Low,Safe,"Rice, Urad Dal, Coriander",Vegetarian,,Steam natively without excess sugar.,30 mins jogging,No specific warning
581,Goa,Maintaining Balanced Diet,Breakfast,Kalo Chana Usal + 1 Poee,400,15,65,10,10,Medium,Medium,Low,Gluten,"Black Gram, Wheat",Vegetarian,,Balanced oil usage.,30 mins jogging,No specific warning
582,Goa,Maintaining Balanced Diet,Breakfast,Khatkatem (Balanced Plate; with poi),387,21,37,14,7,High,High,High,Safe,"raw jackfruit, beetroot, pumpkin, raw banana, drumstick, coconut, teflam, turmeric",Vegetarian,,"Prepare khatkatem in the balanced plate style with a with poi serving. Keep the recipe fully plant-based or vegetarian, using the traditional Goan masala and legumes/vegetables. Cook it in a balanced home-style portion with traditional Goan seasoning.",20-30 minute brisk morning walk,Watch portion size if you are tracking macros
583,Goa,Maintaining Balanced Diet,Breakfast,Moong Gathi (With Salad; with poi),267,15,37,10,8,High,High,High,Safe,"sprouted moong, coconut, cumin, coriander, green chilli, curry leaves",Vegetarian,,"Prepare moong gathi in the with salad style with a with poi serving. Keep the recipe fully plant-based or vegetarian, using the traditional Goan masala and legumes/vegetables. Cook it in a balanced home-style portion with traditional Goan seasoning.",20-30 minute brisk morning walk,Watch portion size if you are tracking macros
584,Goa,Maintaining Balanced Diet,Breakfast,Moong Gathi + 1 Poee,400,12,65,10,7,Medium,Medium,Low,Gluten,"Sprouted Green Gram, Wheat",Vegetarian,,Balanced oil tadka.,30 mins jogging,No specific warning
585,Goa,Maintaining Balanced Diet,Breakfast,Neer Dosa with Veg Stew,400,8,70,10,5,Medium,Medium,Low,Safe,"Rice, Mixed Veg",Vegetarian,,Serve with light veg stew.,30 mins jogging,No specific warning
586,Goa,Maintaining Balanced Diet,Breakfast,Oats Poha Goan Style,400,10,65,10,8,Medium,Medium,Low,Safe,"Oats, Onion",Vegetarian,,Cook with balanced oil.,30 mins jogging,No specific warning
587,Goa,Maintaining Balanced Diet,Breakfast,Poha (Goan style with Coconut),400,8,65,11,5,Medium,Medium,Low,Safe,"Flattened Rice, Coconut, Onion",Vegetarian,,Cook traditional poha with a sprinkle of fresh grated coconut.,30 mins jogging,No specific warning
588,Goa,Maintaining Balanced Diet,Breakfast,Rice Bhakri with Tomato Onion Chutney,400,10,75,6,6,Medium,Medium,Low,Safe,"Rice Flour, Tomato, Onion",Vegetarian,,Roast bhakri on tawa.,30 mins jogging,No specific warning
589,Goa,Maintaining Balanced Diet,Breakfast,Sannas (Moderate Portion),370,15,43,12,7,Medium,Medium,Medium,Safe,"rice, coconut, toddy/yeast",Vegetarian,,"Prepare sannas in a balanced home style with moderate oil and a mix of vegetables, grains, and protein. Keep the portion steady and the seasoning traditional rather than heavy.",25 mins brisk walking,Keep portions moderate and adjust based on hunger and activity.
590,Goa,Maintaining Balanced Diet,Breakfast,Shirvyo (Rice Noodles) with Sweet Coconut Milk,400,6,75,8,4,Medium,Low,Low,Dairy,"Rice Flour, Coconut Milk, Jaggery",Vegetarian,,"Extract fresh milk, do not use canned.",30 mins jogging,No specific warning
591,Goa,Maintaining Balanced Diet,Breakfast,"Tavsali (Home Style, Light Oil)",360,15,45,12,7,Medium,Medium,Medium,"Gluten, Dairy","cucumber, rava, coconut, jaggery, cardamom",Vegetarian,,"Prepare tavsali in a balanced home style with moderate oil and a mix of vegetables, grains, and protein. Keep the portion steady and the seasoning traditional rather than heavy.",25 mins brisk walking,Keep portions moderate and adjust based on hunger and activity.
592,Goa,Maintaining Balanced Diet,Breakfast,Upma with Mixed Veggies,400,10,70,8,6,Medium,Medium,Low,Gluten,"Semolina, Carrots, Beans",Vegetarian,,Roast semolina lightly and cook with veggies.,30 mins jogging,No specific warning
593,Goa,Maintaining Balanced Diet,Breakfast,Ambot Tik (Light Gravy; with poi),429,31,47,13,6,High,High,High,"Fish, Shellfish","fish or prawns, tamarind, vinegar, red chilli, garlic, kokum",Non-Vegetarian,Fish,"Prepare ambot tik in the light gravy style with a with poi serving. Use lean fish, chicken, pork, or seafood as the traditional recipe calls for. Cook it in a balanced home-style portion with traditional Goan seasoning.",20-30 minute brisk morning walk,"Contains fish, shellfish; watch portion size if you are tracking macros"
594,Goa,Maintaining Balanced Diet,Breakfast,Ambot Tik (With Salad; with poi),367,20,38,15,6,High,High,High,"Fish, Shellfish","fish or prawns, tamarind, vinegar, red chilli, garlic, kokum",Non-Vegetarian,Fish,"Prepare ambot tik in the with salad style with a with poi serving. Use lean fish, chicken, pork, or seafood as the traditional recipe calls for. Cook it in a balanced home-style portion with traditional Goan seasoning.",20-30 minute brisk morning walk,"Contains fish, shellfish; watch portion size if you are tracking macros"
595,Goa,Maintaining Balanced Diet,Breakfast,Balchao (Brown Rice; with poi),342,21,33,14,5,High,High,High,"Fish, Shellfish","fish or prawns or pork, vinegar, red chilli, tomatoes, garlic, spices",Non-Vegetarian,Seafood,"Prepare balchao in the brown rice style with a with poi serving. Use lean fish, chicken, pork, or seafood as the traditional recipe calls for. Cook it in a balanced home-style portion with traditional Goan seasoning.",20-30 minute brisk morning walk,"Contains fish, shellfish; watch portion size if you are tracking macros"
596,Goa,Maintaining Balanced Diet,Breakfast,Balchao (Comfort Bowl; with poi),404,30,47,10,8,High,High,High,"Fish, Shellfish","fish or prawns or pork, vinegar, red chilli, tomatoes, garlic, spices",Non-Vegetarian,Seafood,"Prepare balchao in the comfort bowl style with a with poi serving. Use lean fish, chicken, pork, or seafood as the traditional recipe calls for. Cook it in a balanced home-style portion with traditional Goan seasoning.",20-30 minute brisk morning walk,"Contains fish, shellfish; watch portion size if you are tracking macros"
597,Goa,Maintaining Balanced Diet,Breakfast,Caldinho (Simple Spice; with poi),392,18,44,11,7,High,High,High,"Dairy, Fish","fish or chicken, coconut milk, green herbs, onions, pepper, spices",Non-Vegetarian,Fish,"Prepare caldinho in the simple spice style with a with poi serving. Use lean fish, chicken, pork, or seafood as the traditional recipe calls for. Cook it in a balanced home-style portion with traditional Goan seasoning.",20-30 minute brisk morning walk,Contains fish; watch portion size if you are tracking macros
598,Goa,Maintaining Balanced Diet,Breakfast,Chicken Cafreal (Balanced Plate; with poi),329,18,38,11,4,High,High,High,Safe,"chicken, coriander, lime, vinegar, garlic, green chilli, spices",Non-Vegetarian,Chicken,"Prepare chicken cafreal in the balanced plate style with a with poi serving. Use lean fish, chicken, pork, or seafood as the traditional recipe calls for. Cook it in a balanced home-style portion with traditional Goan seasoning.",20-30 minute brisk morning walk,Watch portion size if you are tracking macros
599,Goa,Maintaining Balanced Diet,Breakfast,Chicken Cafreal (Lean Prep; with poi),304,28,30,8,7,High,High,High,Safe,"chicken, coriander, lime, vinegar, garlic, green chilli, spices",Non-Vegetarian,Chicken,"Prepare chicken cafreal in the lean prep style with a with poi serving. Use lean fish, chicken, pork, or seafood as the traditional recipe calls for. Cook it in a balanced home-style portion with traditional Goan seasoning.",20-30 minute brisk morning walk,Watch portion size if you are tracking macros
600,Goa,Maintaining Balanced Diet,Breakfast,Fish Curry Rice (Family Meal; with poi),372,27,39,12,4,High,High,High,Fish,fish curry rice,Non-Vegetarian,,"Prepare fish curry rice in the family meal style with a with poi serving. Use lean fish, chicken, pork, or seafood as the traditional recipe calls for. Cook it in a balanced home-style portion with traditional Goan seasoning.",20-30 minute brisk morning walk,Watch portion size if you are tracking macros
601,Goa,Maintaining Balanced Diet,Breakfast,Fish Curry Rice (Light Oil; with poi),311,19,34,11,6,High,High,High,Fish,fish curry rice,Non-Vegetarian,,"Prepare fish curry rice in the light oil style with a with poi serving. Use lean fish, chicken, pork, or seafood as the traditional recipe calls for. Cook it in a balanced home-style portion with traditional Goan seasoning.",20-30 minute brisk morning walk,Watch portion size if you are tracking macros
602,Goa,Maintaining Balanced Diet,Breakfast,Fish Recheado (Moderate Portion; with poi),415,28,51,11,7,High,High,High,Fish,"fish, recheado masala, vinegar, garlic, red chilli",Non-Vegetarian,Fish,"Prepare fish recheado in the moderate portion style with a with poi serving. Use lean fish, chicken, pork, or seafood as the traditional recipe calls for. Cook it in a balanced home-style portion with traditional Goan seasoning.",20-30 minute brisk morning walk,Contains fish; watch portion size if you are tracking macros
603,Goa,Maintaining Balanced Diet,Breakfast,Kismur (Everyday Meal; with poi),351,24,35,9,7,High,High,High,Fish,"dry fish, coconut, onion, lime, green chilli, spices",Non-Vegetarian,Fish,"Prepare kismur in the everyday meal style with a with poi serving. Use lean fish, chicken, pork, or seafood as the traditional recipe calls for. Cook it in a balanced home-style portion with traditional Goan seasoning.",20-30 minute brisk morning walk,Contains fish; watch portion size if you are tracking macros
604,Goa,Maintaining Balanced Diet,Breakfast,Prawn Dangar (Midday Serve; with poi),432,25,49,10,5,High,High,High,"Fish, Gluten, Shellfish","prawns, coconut, tamarind, semolina, onion, spices",Non-Vegetarian,Seafood,"Prepare prawn dangar in the midday serve style with a with poi serving. Use lean fish, chicken, pork, or seafood as the traditional recipe calls for. Cook it in a balanced home-style portion with traditional Goan seasoning.",20-30 minute brisk morning walk,"Contains shellfish, gluten; watch portion size if you are tracking macros"
605,Goa,Maintaining Balanced Diet,Breakfast,Prawn Dangar (Traditional Serve; with poi),435,24,42,16,5,High,High,High,"Fish, Gluten, Shellfish","prawns, coconut, tamarind, semolina, onion, spices",Non-Vegetarian,Seafood,"Prepare prawn dangar in the traditional serve style with a with poi serving. Use lean fish, chicken, pork, or seafood as the traditional recipe calls for. Cook it in a balanced home-style portion with traditional Goan seasoning.",20-30 minute brisk morning walk,"Contains shellfish, gluten; watch portion size if you are tracking macros"
606,Goa,Maintaining Balanced Diet,Breakfast,Xacuti (Red Rice; with poi),319,25,30,11,6,High,High,High,"Fish, Shellfish","chicken, crab or mutton, roasted coconut, poppy seeds, onion, spices",Non-Vegetarian,Chicken,"Prepare xacuti in the red rice style with a with poi serving. Use lean fish, chicken, pork, or seafood as the traditional recipe calls for. Cook it in a balanced home-style portion with traditional Goan seasoning.",20-30 minute brisk morning walk,Watch portion size if you are tracking macros
607,Goa,Maintaining Balanced Diet,Breakfast,Xitt-Kodi (Home Style; with poi),394,25,51,10,8,High,High,High,Fish,"rice, fish, coconut, kokum, onions, spices",Non-Vegetarian,Fish,"Prepare xitt-kodi in the home style style with a with poi serving. Use lean fish, chicken, pork, or seafood as the traditional recipe calls for. Cook it in a balanced home-style portion with traditional Goan seasoning.",20-30 minute brisk morning walk,Contains fish; watch portion size if you are tracking macros
608,Goa,Maintaining Balanced Diet,Breakfast,Xitt-Kodi (Seasonal Vegetables; with poi),431,20,54,15,6,High,High,High,Fish,"rice, fish, coconut, kokum, onions, spices",Non-Vegetarian,Fish,"Prepare xitt-kodi in the seasonal vegetables style with a with poi serving. Use lean fish, chicken, pork, or seafood as the traditional recipe calls for. Cook it in a balanced home-style portion with traditional Goan seasoning.",20-30 minute brisk morning walk,Contains fish; watch portion size if you are tracking macros
609,Goa,Maintaining Balanced Diet,Breakfast,Alsanyache Tonak (Seasonal Vegetables; with poi),407,22,43,11,7,Low,High,High,Safe,"black-eyed beans, tonak masala, onion, garlic, coconut, tamarind, potato",Vegan,,"Prepare alsanyache tonak in the seasonal vegetables style with a with poi serving. Keep the recipe fully plant-based or vegetarian, using the traditional Goan masala and legumes/vegetables. Cook it in a balanced home-style portion with traditional Goan seasoning.",20-30 minute brisk morning walk,Watch portion size if you are tracking macros
610,Goa,Maintaining Balanced Diet,Breakfast,Ambadyachem Sasav (Everyday Meal; with poi),323,21,35,11,9,High,High,High,Mustard,"ambade, coconut, mustard, green chilli, curry leaves, spices",Vegan,,"Prepare ambadyachem sasav in the everyday meal style with a with poi serving. Keep the recipe fully plant-based or vegetarian, using the traditional Goan masala and legumes/vegetables. Cook it in a balanced home-style portion with traditional Goan seasoning.",20-30 minute brisk morning walk,Watch portion size if you are tracking macros
611,Goa,Maintaining Balanced Diet,Breakfast,Chana Ros (Family Meal; with poi),332,20,36,12,8,High,High,High,Safe,"chickpeas, coconut, dried red chillies, onion, kokum, spices",Vegan,,"Prepare chana ros in the family meal style with a with poi serving. Keep the recipe fully plant-based or vegetarian, using the traditional Goan masala and legumes/vegetables. Cook it in a balanced home-style portion with traditional Goan seasoning.",20-30 minute brisk morning walk,Watch portion size if you are tracking macros
612,Goa,Maintaining Balanced Diet,Breakfast,Chana Ros (Light Oil; with poi),329,13,40,13,8,High,High,High,Safe,"chickpeas, coconut, dried red chillies, onion, kokum, spices",Vegan,,"Prepare chana ros in the light oil style with a with poi serving. Keep the recipe fully plant-based or vegetarian, using the traditional Goan masala and legumes/vegetables. Cook it in a balanced home-style portion with traditional Goan seasoning.",20-30 minute brisk morning walk,Watch portion size if you are tracking macros
613,Goa,Maintaining Balanced Diet,Breakfast,Khatkatem (Lean Prep; with poi),284,23,30,8,5,High,High,High,Safe,"raw jackfruit, beetroot, pumpkin, raw banana, drumstick, coconut, teflam, turmeric",Vegan,,"Prepare khatkatem in the lean prep style with a with poi serving. Keep the recipe fully plant-based or vegetarian, using the traditional Goan masala and legumes/vegetables. Cook it in a balanced home-style portion with traditional Goan seasoning.",20-30 minute brisk morning walk,Watch portion size if you are tracking macros
614,Goa,Maintaining Balanced Diet,Breakfast,Mooga Gathi (With Whole Grains),370,14,42,12,7,Medium,Medium,Medium,Safe,"sprouted moong, coconut, tamarind, curry leaves",Vegan,,"Prepare mooga gathi in a balanced home style with moderate oil and a mix of vegetables, grains, and protein. Keep the portion steady and the seasoning traditional rather than heavy.",25 mins brisk walking,Keep portions moderate and adjust based on hunger and activity.
615,Goa,Maintaining Balanced Diet,Breakfast,Moong Gathi (Light Gravy; with poi),388,18,43,16,9,High,High,High,Safe,"sprouted moong, coconut, cumin, coriander, green chilli, curry leaves",Vegan,,"Prepare moong gathi in the light gravy style with a with poi serving. Keep the recipe fully plant-based or vegetarian, using the traditional Goan masala and legumes/vegetables. Cook it in a balanced home-style portion with traditional Goan seasoning.",20-30 minute brisk morning walk,Watch portion size if you are tracking macros
616,Goa,Maintaining Balanced Diet,Breakfast,"Pez (Balanced, Mild Spice)",360,14,42,12,7,Medium,Medium,Medium,Safe,"rice, water, cumin, pepper, coconut",Vegan,,"Prepare pez in a balanced home style with moderate oil and a mix of vegetables, grains, and protein. Keep the portion steady and the seasoning traditional rather than heavy.",25 mins brisk walking,Keep portions moderate and adjust based on hunger and activity.
617,Goa,Maintaining Balanced Diet,Breakfast,Poee with Goan Bhaji (Traditional Balanced Serve),380,15,43,12,7,Medium,Medium,Medium,Gluten,"poee, local vegetables, onion, coconut, spices",Vegan,,"Prepare poee with goan bhaji in a balanced home style with moderate oil and a mix of vegetables, grains, and protein. Keep the portion steady and the seasoning traditional rather than heavy.",25 mins brisk walking,Keep portions moderate and adjust based on hunger and activity.
618,Goa,Maintaining Balanced Diet,Breakfast,Poi (Moderate Portion; with poi),362,17,51,10,4,High,High,High,Gluten,"whole wheat flour, wheat bran, yeast or toddy, water, salt",Vegan,,"Prepare poi in the moderate portion style with a with poi serving. Keep the recipe fully plant-based or vegetarian, using the traditional Goan masala and legumes/vegetables. Cook it in a balanced home-style portion with traditional Goan seasoning.",20-30 minute brisk morning walk,Contains gluten; watch portion size if you are tracking macros
619,Goa,Maintaining Balanced Diet,Breakfast,Sanna (Simple Spice; with poi),325,17,35,11,6,Low,High,High,Safe,"red rice, coconut, urad dal, toddy or yeast, salt",Vegan,,"Prepare sanna in the simple spice style with a with poi serving. Keep the recipe fully plant-based or vegetarian, using the traditional Goan masala and legumes/vegetables. Cook it in a balanced home-style portion with traditional Goan seasoning.",20-30 minute brisk morning walk,Watch portion size if you are tracking macros
620,Goa,Maintaining Balanced Diet,Breakfast,Tambdi Bhaji (Brown Rice; with poi),345,21,36,13,9,High,High,High,Safe,"red amaranth, garlic, coconut, green chilli, turmeric, oil",Vegan,,"Prepare tambdi bhaji in the brown rice style with a with poi serving. Keep the recipe fully plant-based or vegetarian, using the traditional Goan masala and legumes/vegetables. Cook it in a balanced home-style portion with traditional Goan seasoning.",20-30 minute brisk morning walk,Watch portion size if you are tracking macros
621,Goa,Maintaining Balanced Diet,Breakfast,Tambdi Bhaji (Comfort Bowl; with poi),297,10,35,13,9,High,High,High,Safe,"red amaranth, garlic, coconut, green chilli, turmeric, oil",Vegan,,"Prepare tambdi bhaji in the comfort bowl style with a with poi serving. Keep the recipe fully plant-based or vegetarian, using the traditional Goan masala and legumes/vegetables. Cook it in a balanced home-style portion with traditional Goan seasoning.",20-30 minute brisk morning walk,Watch portion size if you are tracking macros
622,Goa,Maintaining Balanced Diet,Breakfast,Uddamethi (Midday Serve; with poi),378,20,43,14,7,Low,High,High,Safe,"urad dal, raw mango, fenugreek seeds, tamarind, jaggery, spices",Vegan,,"Prepare uddamethi in the midday serve style with a with poi serving. Keep the recipe fully plant-based or vegetarian, using the traditional Goan masala and legumes/vegetables. Cook it in a balanced home-style portion with traditional Goan seasoning.",20-30 minute brisk morning walk,Watch portion size if you are tracking macros
623,Goa,Maintaining Balanced Diet,Breakfast,Uddamethi (Traditional Serve; with poi),352,21,38,13,7,Low,High,High,Safe,"urad dal, raw mango, fenugreek seeds, tamarind, jaggery, spices",Vegan,,"Prepare uddamethi in the traditional serve style with a with poi serving. Keep the recipe fully plant-based or vegetarian, using the traditional Goan masala and legumes/vegetables. Cook it in a balanced home-style portion with traditional Goan seasoning.",20-30 minute brisk morning walk,Watch portion size if you are tracking macros
624,Goa,Maintaining Balanced Diet,Breakfast,Valchi Bhaji (Red Rice; with poi),343,16,45,11,8,High,High,High,Safe,"val or fern leaves, coconut, garlic, green chilli, spices",Vegan,,"Prepare valchi bhaji in the red rice style with a with poi serving. Keep the recipe fully plant-based or vegetarian, using the traditional Goan masala and legumes/vegetables. Cook it in a balanced home-style portion with traditional Goan seasoning.",20-30 minute brisk morning walk,Watch portion size if you are tracking macros
625,Goa,Maintaining Balanced Diet,Lunch,Alsanyache Tonak (Everyday Meal; with red rice),281,14,33,14,4,Low,High,High,Safe,"black-eyed beans, tonak masala, onion, garlic, coconut, tamarind, potato",Vegetarian,,"Prepare alsanyache tonak in the everyday meal style with a with red rice serving. Keep the recipe fully plant-based or vegetarian, using the traditional Goan masala and legumes/vegetables. Cook it in a balanced home-style portion with traditional Goan seasoning.",15-20 minute easy post-lunch walk,Watch portion size if you are tracking macros
626,Goa,Maintaining Balanced Diet,Lunch,Ambadyachem Sasav (Simple Spice; with red rice),292,12,34,14,6,High,High,High,Mustard,"ambade, coconut, mustard, green chilli, curry leaves, spices",Vegetarian,,"Prepare ambadyachem sasav in the simple spice style with a with red rice serving. Keep the recipe fully plant-based or vegetarian, using the traditional Goan masala and legumes/vegetables. Cook it in a balanced home-style portion with traditional Goan seasoning.",15-20 minute easy post-lunch walk,Watch portion size if you are tracking macros
627,Goa,Maintaining Balanced Diet,Lunch,Chana Ros (Light Gravy; with red rice),340,10,39,16,9,High,High,High,Safe,"chickpeas, coconut, dried red chillies, onion, kokum, spices",Vegetarian,,"Prepare chana ros in the light gravy style with a with red rice serving. Keep the recipe fully plant-based or vegetarian, using the traditional Goan masala and legumes/vegetables. Cook it in a balanced home-style portion with traditional Goan seasoning.",15-20 minute easy post-lunch walk,Watch portion size if you are tracking macros
628,Goa,Maintaining Balanced Diet,Lunch,Chana Ros (With Salad; with red rice),327,22,38,7,4,High,High,High,Safe,"chickpeas, coconut, dried red chillies, onion, kokum, spices",Vegetarian,,"Prepare chana ros in the with salad style with a with red rice serving. Keep the recipe fully plant-based or vegetarian, using the traditional Goan masala and legumes/vegetables. Cook it in a balanced home-style portion with traditional Goan seasoning.",15-20 minute easy post-lunch walk,Watch portion size if you are tracking macros
629,Goa,Maintaining Balanced Diet,Lunch,Khatkatem (Home Style; with red rice),328,24,31,12,5,High,High,High,Safe,"raw jackfruit, beetroot, pumpkin, raw banana, drumstick, coconut, teflam, turmeric",Vegetarian,,"Prepare khatkatem in the home style style with a with red rice serving. Keep the recipe fully plant-based or vegetarian, using the traditional Goan masala and legumes/vegetables. Cook it in a balanced home-style portion with traditional Goan seasoning.",15-20 minute easy post-lunch walk,Watch portion size if you are tracking macros
630,Goa,Maintaining Balanced Diet,Lunch,Khatkatem (Seasonal Vegetables; with red rice),302,11,42,10,6,High,High,High,Safe,"raw jackfruit, beetroot, pumpkin, raw banana, drumstick, coconut, teflam, turmeric",Vegetarian,,"Prepare khatkatem in the seasonal vegetables style with a with red rice serving. Keep the recipe fully plant-based or vegetarian, using the traditional Goan masala and legumes/vegetables. Cook it in a balanced home-style portion with traditional Goan seasoning.",15-20 minute easy post-lunch walk,Watch portion size if you are tracking macros
631,Goa,Maintaining Balanced Diet,Lunch,Moong Gathi (Balanced Plate; with red rice),282,18,42,9,4,High,High,High,Safe,"sprouted moong, coconut, cumin, coriander, green chilli, curry leaves",Vegetarian,,"Prepare moong gathi in the balanced plate style with a with red rice serving. Keep the recipe fully plant-based or vegetarian, using the traditional Goan masala and legumes/vegetables. Cook it in a balanced home-style portion with traditional Goan seasoning.",15-20 minute easy post-lunch walk,Watch portion size if you are tracking macros
632,Goa,Maintaining Balanced Diet,Lunch,Moong Gathi (Lean Prep; with red rice),269,19,39,9,5,High,High,High,Safe,"sprouted moong, coconut, cumin, coriander, green chilli, curry leaves",Vegetarian,,"Prepare moong gathi in the lean prep style with a with red rice serving. Keep the recipe fully plant-based or vegetarian, using the traditional Goan masala and legumes/vegetables. Cook it in a balanced home-style portion with traditional Goan seasoning.",15-20 minute easy post-lunch walk,Watch portion size if you are tracking macros
633,Goa,Maintaining Balanced Diet,Lunch,Poi (Red Rice; with red rice),262,13,30,10,4,High,High,High,Gluten,"whole wheat flour, wheat bran, yeast or toddy, water, salt",Vegetarian,,"Prepare poi in the red rice style with a with red rice serving. Keep the recipe fully plant-based or vegetarian, using the traditional Goan masala and legumes/vegetables. Cook it in a balanced home-style portion with traditional Goan seasoning.",15-20 minute easy post-lunch walk,Contains gluten; watch portion size if you are tracking macros
634,Goa,Maintaining Balanced Diet,Lunch,Sanna (Moderate Portion; with red rice),263,13,34,7,5,Low,High,High,Safe,"red rice, coconut, urad dal, toddy or yeast, salt",Vegetarian,,"Prepare sanna in the moderate portion style with a with red rice serving. Keep the recipe fully plant-based or vegetarian, using the traditional Goan masala and legumes/vegetables. Cook it in a balanced home-style portion with traditional Goan seasoning.",15-20 minute easy post-lunch walk,Watch portion size if you are tracking macros
635,Goa,Maintaining Balanced Diet,Lunch,Tambdi Bhaji (Traditional Serve; with red rice),326,24,35,10,4,High,High,High,Safe,"red amaranth, garlic, coconut, green chilli, turmeric, oil",Vegetarian,,"Prepare tambdi bhaji in the traditional serve style with a with red rice serving. Keep the recipe fully plant-based or vegetarian, using the traditional Goan masala and legumes/vegetables. Cook it in a balanced home-style portion with traditional Goan seasoning.",15-20 minute easy post-lunch walk,Watch portion size if you are tracking macros
636,Goa,Maintaining Balanced Diet,Lunch,Uddamethi (Family Meal; with red rice),286,21,34,11,4,Low,High,High,Safe,"urad dal, raw mango, fenugreek seeds, tamarind, jaggery, spices",Vegetarian,,"Prepare uddamethi in the family meal style with a with red rice serving. Keep the recipe fully plant-based or vegetarian, using the traditional Goan masala and legumes/vegetables. Cook it in a balanced home-style portion with traditional Goan seasoning.",15-20 minute easy post-lunch walk,Watch portion size if you are tracking macros
637,Goa,Maintaining Balanced Diet,Lunch,Uddamethi (Light Oil; with red rice),354,17,40,14,8,Low,High,High,Safe,"urad dal, raw mango, fenugreek seeds, tamarind, jaggery, spices",Vegetarian,,"Prepare uddamethi in the light oil style with a with red rice serving. Keep the recipe fully plant-based or vegetarian, using the traditional Goan masala and legumes/vegetables. Cook it in a balanced home-style portion with traditional Goan seasoning.",15-20 minute easy post-lunch walk,Watch portion size if you are tracking macros
638,Goa,Maintaining Balanced Diet,Lunch,Valchi Bhaji (Brown Rice; with red rice),328,20,35,12,8,High,High,High,Safe,"val or fern leaves, coconut, garlic, green chilli, spices",Vegetarian,,"Prepare valchi bhaji in the brown rice style with a with red rice serving. Keep the recipe fully plant-based or vegetarian, using the traditional Goan masala and legumes/vegetables. Cook it in a balanced home-style portion with traditional Goan seasoning.",15-20 minute easy post-lunch walk,Watch portion size if you are tracking macros
639,Goa,Maintaining Balanced Diet,Lunch,White Rice + Alsande Tondak + Tambdi Bhaji,600,20,90,16,12,Medium,Medium,Low,Safe,"Rice, Black Eyed Peas, Red Amaranth",Vegetarian,,Balanced coconut usage.,30 mins cycling,No specific warning
640,Goa,Maintaining Balanced Diet,Lunch,White Rice + Chana Ros + Gawar Bhaji,600,18,90,16,12,Medium,Medium,Low,Safe,"Rice, White Peas, Cluster Beans",Vegetarian,,Balanced oil usage.,30 mins cycling,No specific warning
641,Goa,Maintaining Balanced Diet,Lunch,Ambot Tik (Balanced Plate; with red rice),320,29,33,8,6,High,High,High,"Fish, Shellfish","fish or prawns, tamarind, vinegar, red chilli, garlic, kokum",Non-Vegetarian,Fish,"Prepare ambot tik in the balanced plate style with a with red rice serving. Use lean fish, chicken, pork, or seafood as the traditional recipe calls for. Cook it in a balanced home-style portion with traditional Goan seasoning.",15-20 minute easy post-lunch walk,"Contains fish, shellfish; watch portion size if you are tracking macros"
642,Goa,Maintaining Balanced Diet,Lunch,Balchao (Traditional Serve; with red rice),360,19,50,8,4,High,High,High,"Fish, Shellfish","fish or prawns or pork, vinegar, red chilli, tomatoes, garlic, spices",Non-Vegetarian,Seafood,"Prepare balchao in the traditional serve style with a with red rice serving. Use lean fish, chicken, pork, or seafood as the traditional recipe calls for. Cook it in a balanced home-style portion with traditional Goan seasoning.",15-20 minute easy post-lunch walk,"Contains fish, shellfish; watch portion size if you are tracking macros"
643,Goa,Maintaining Balanced Diet,Lunch,Brown Rice + Fish Caldin + Tendli,600,28,80,18,9,Medium,Medium,Low,"Dairy, Fish","Brown Rice, Fish, Coconut Milk",Non-Vegetarian,Fish,Light coconut milk.,30 mins cycling,No specific warning
644,Goa,Maintaining Balanced Diet,Lunch,Chicken Cafreal (Home Style; with red rice),428,30,50,12,8,High,High,High,Safe,"chicken, coriander, lime, vinegar, garlic, green chilli, spices",Non-Vegetarian,Chicken,"Prepare chicken cafreal in the home style style with a with red rice serving. Use lean fish, chicken, pork, or seafood as the traditional recipe calls for. Cook it in a balanced home-style portion with traditional Goan seasoning.",15-20 minute easy post-lunch walk,Watch portion size if you are tracking macros
645,Goa,Maintaining Balanced Diet,Lunch,Fish Curry Rice (Balanced Plate),555,28,56,20,8,Medium,Medium,Medium,Fish,"fish, rice, kokum, coconut, spices",Non-Vegetarian,Fish,"Prepare fish curry rice in a balanced home style with moderate oil and a mix of vegetables, grains, and protein. Keep the portion steady and the seasoning traditional rather than heavy.",25 mins brisk walking,Keep portions moderate and adjust based on hunger and activity.
646,Goa,Maintaining Balanced Diet,Lunch,Fish Curry Rice (With Salad; with red rice),361,22,48,9,4,High,High,High,Fish,fish curry rice,Non-Vegetarian,,"Prepare fish curry rice in the with salad style with a with red rice serving. Use lean fish, chicken, pork, or seafood as the traditional recipe calls for. Cook it in a balanced home-style portion with traditional Goan seasoning.",15-20 minute easy post-lunch walk,Watch portion size if you are tracking macros
647,Goa,Maintaining Balanced Diet,Lunch,Fish Recheado (Red Rice; with red rice),332,29,36,8,5,High,High,High,Fish,"fish, recheado masala, vinegar, garlic, red chilli",Non-Vegetarian,Fish,"Prepare fish recheado in the red rice style with a with red rice serving. Use lean fish, chicken, pork, or seafood as the traditional recipe calls for. Cook it in a balanced home-style portion with traditional Goan seasoning.",15-20 minute easy post-lunch walk,Contains fish; watch portion size if you are tracking macros
648,Goa,Maintaining Balanced Diet,Lunch,Prawn Dangar (Light Oil; with red rice),309,22,35,9,7,High,High,High,"Fish, Gluten, Shellfish","prawns, coconut, tamarind, semolina, onion, spices",Non-Vegetarian,Seafood,"Prepare prawn dangar in the light oil style with a with red rice serving. Use lean fish, chicken, pork, or seafood as the traditional recipe calls for. Cook it in a balanced home-style portion with traditional Goan seasoning.",15-20 minute easy post-lunch walk,"Contains shellfish, gluten; watch portion size if you are tracking macros"
649,Goa,Maintaining Balanced Diet,Lunch,Ukda Rice + Beef Chilli Fry (Light) + Veg,600,35,75,18,8,Medium,Medium,Medium,Safe,"Parboiled Rice, Beef, Mixed Veg",Non-Vegetarian,Beef,Light oil for fry.,30 mins cycling,No specific warning
650,Goa,Maintaining Balanced Diet,Lunch,Ukda Rice + Chicken Xacuti (Light) + Cabbage,600,30,80,18,8,Medium,Medium,Medium,Safe,"Parboiled Rice, Chicken, Cabbage",Non-Vegetarian,Chicken,Use less coconut in xacuti.,30 mins cycling,No specific warning
651,Goa,Maintaining Balanced Diet,Lunch,White Rice + Dalitoy + Fish Fry (1 piece),600,28,85,16,6,Medium,Medium,Low,Fish,"Rice, Toor Dal, Kingfish",Non-Vegetarian,Fish,Pan fry fish with minimal oil.,30 mins cycling,No specific warning
652,Goa,Maintaining Balanced Diet,Lunch,White Rice + Mackerel Ambot Tik + Kelyachi Bhaji,600,30,80,18,9,Medium,Medium,Low,Fish,"Rice, Mackerel, Raw Banana",Non-Vegetarian,Fish,Balance the sour ambot tik with neutral raw banana.,30 mins cycling,No specific warning
653,Goa,Maintaining Balanced Diet,Lunch,White Rice + Mackerel Uddamethi + Gawar Bhaji,600,28,80,18,9,Medium,Medium,Low,Fish,"Rice, Mackerel, Cluster Beans, Fenugreek",Non-Vegetarian,Fish,Standard Goan preparation with balanced spices.,30 mins cycling,No specific warning
654,Goa,Maintaining Balanced Diet,Lunch,White Rice + Paplet Hooman + Beans Foogath,600,30,75,18,8,Medium,Medium,Low,Fish,"Rice, Pomfret, French Beans, Coconut",Non-Vegetarian,Fish,Balance the coconut in the hooman to keep fats moderate.,30 mins cycling,No specific warning
655,Goa,Maintaining Balanced Diet,Lunch,White Rice + Prawns Hooman + Tendli Foogath,600,28,85,16,8,Medium,Medium,Low,"Fish, Shellfish","Rice, Prawns, Ivy Gourd",Non-Vegetarian,Prawns,Standard Goan preparation with balanced oil.,30 mins cycling,No specific warning
656,Goa,Maintaining Balanced Diet,Lunch,Xacuti (Brown Rice; with red rice),457,31,55,12,4,High,High,High,"Fish, Shellfish","chicken, crab or mutton, roasted coconut, poppy seeds, onion, spices",Non-Vegetarian,Chicken,"Prepare xacuti in the brown rice style with a with red rice serving. Use lean fish, chicken, pork, or seafood as the traditional recipe calls for. Cook it in a balanced home-style portion with traditional Goan seasoning.",15-20 minute easy post-lunch walk,Watch portion size if you are tracking macros
657,Goa,Maintaining Balanced Diet,Lunch,Alsanyache Tonak (Light Oil; with steamed rice),431,23,46,13,9,Low,High,High,Safe,"black-eyed beans, tonak masala, onion, garlic, coconut, tamarind, potato",Vegan,,"Prepare alsanyache tonak in the light oil style with a with steamed rice serving. Keep the recipe fully plant-based or vegetarian, using the traditional Goan masala and legumes/vegetables. Cook it in a balanced home-style portion with traditional Goan seasoning.",15-20 minute easy post-lunch walk,Watch portion size if you are tracking macros
658,Goa,Maintaining Balanced Diet,Lunch,Alsanyache Tonak (Portion Controlled),530,22,58,16,9,Medium,Medium,Medium,Safe,"black-eyed peas, coconut, roasted spices, tamarind",Vegan,,"Prepare alsanyache tonak in a balanced home style with moderate oil and a mix of vegetables, grains, and protein. Keep the portion steady and the seasoning traditional rather than heavy.",25 mins brisk walking,Keep portions moderate and adjust based on hunger and activity.
659,Goa,Maintaining Balanced Diet,Lunch,Ambadyachem Sasav (Traditional Home Style),520,23,61,16,9,Medium,Medium,Medium,Mustard,"hog plum, coconut, mustard, jaggery, chilli",Vegan,,"Prepare ambadyachem sasav in a balanced home style with moderate oil and a mix of vegetables, grains, and protein. Keep the portion steady and the seasoning traditional rather than heavy.",25 mins brisk walking,Keep portions moderate and adjust based on hunger and activity.
660,Goa,Maintaining Balanced Diet,Lunch,Ambadyachem Sasav (With Salad; with steamed rice),352,18,38,11,6,High,High,High,Mustard,"ambade, coconut, mustard, green chilli, curry leaves, spices",Vegan,,"Prepare ambadyachem sasav in the with salad style with a with steamed rice serving. Keep the recipe fully plant-based or vegetarian, using the traditional Goan masala and legumes/vegetables. Cook it in a balanced home-style portion with traditional Goan seasoning.",15-20 minute easy post-lunch walk,Watch portion size if you are tracking macros
661,Goa,Maintaining Balanced Diet,Lunch,Caldinho (With Vegetables and Protein),540,22,60,16,9,Medium,Medium,Medium,Dairy,"vegetables, coconut milk, turmeric, pepper",Vegan,,"Prepare caldinho in a balanced home style with moderate oil and a mix of vegetables, grains, and protein. Keep the portion steady and the seasoning traditional rather than heavy.",25 mins brisk walking,Keep portions moderate and adjust based on hunger and activity.
662,Goa,Maintaining Balanced Diet,Lunch,Chana Ros (Red Rice; with steamed rice),347,11,42,15,6,High,High,High,Safe,"chickpeas, coconut, dried red chillies, onion, kokum, spices",Vegan,,"Prepare chana ros in the red rice style with a with steamed rice serving. Keep the recipe fully plant-based or vegetarian, using the traditional Goan masala and legumes/vegetables. Cook it in a balanced home-style portion with traditional Goan seasoning.",15-20 minute easy post-lunch walk,Watch portion size if you are tracking macros
663,Goa,Maintaining Balanced Diet,Lunch,Khatkatem (Traditional Serve; with steamed rice),326,18,40,11,4,High,High,High,Safe,"raw jackfruit, beetroot, pumpkin, raw banana, drumstick, coconut, teflam, turmeric",Vegan,,"Prepare khatkatem in the traditional serve style with a with steamed rice serving. Keep the recipe fully plant-based or vegetarian, using the traditional Goan masala and legumes/vegetables. Cook it in a balanced home-style portion with traditional Goan seasoning.",15-20 minute easy post-lunch walk,Watch portion size if you are tracking macros
664,Goa,Maintaining Balanced Diet,Lunch,Khatkhatem (Moderate Oil),530,23,59,16,9,Medium,Medium,Medium,Safe,"mixed vegetables, coconut, tamarind, tur dal, moong dal",Vegan,,"Prepare khatkhatem in a balanced home style with moderate oil and a mix of vegetables, grains, and protein. Keep the portion steady and the seasoning traditional rather than heavy.",25 mins brisk walking,Keep portions moderate and adjust based on hunger and activity.
665,Goa,Maintaining Balanced Diet,Lunch,Moong Gathi (Brown Rice; with steamed rice),328,18,46,8,9,High,High,High,Safe,"sprouted moong, coconut, cumin, coriander, green chilli, curry leaves",Vegan,,"Prepare moong gathi in the brown rice style with a with steamed rice serving. Keep the recipe fully plant-based or vegetarian, using the traditional Goan masala and legumes/vegetables. Cook it in a balanced home-style portion with traditional Goan seasoning.",15-20 minute easy post-lunch walk,Watch portion size if you are tracking macros
666,Goa,Maintaining Balanced Diet,Lunch,Poi (Home Style; with steamed rice),298,11,50,6,7,High,High,High,Gluten,"whole wheat flour, wheat bran, yeast or toddy, water, salt",Vegan,,"Prepare poi in the home style style with a with steamed rice serving. Keep the recipe fully plant-based or vegetarian, using the traditional Goan masala and legumes/vegetables. Cook it in a balanced home-style portion with traditional Goan seasoning.",15-20 minute easy post-lunch walk,Contains gluten; watch portion size if you are tracking macros
667,Goa,Maintaining Balanced Diet,Lunch,Sanna (Balanced Plate; with steamed rice),334,20,50,6,9,Low,High,High,Safe,"red rice, coconut, urad dal, toddy or yeast, salt",Vegan,,"Prepare sanna in the balanced plate style with a with steamed rice serving. Keep the recipe fully plant-based or vegetarian, using the traditional Goan masala and legumes/vegetables. Cook it in a balanced home-style portion with traditional Goan seasoning.",15-20 minute easy post-lunch walk,Watch portion size if you are tracking macros
668,Goa,Maintaining Balanced Diet,Lunch,Tambdi Bhaji (Midday Serve; with red rice),323,24,40,6,7,High,High,High,Safe,"red amaranth, garlic, coconut, green chilli, turmeric, oil",Vegan,,"Prepare tambdi bhaji in the midday serve style with a with red rice serving. Keep the recipe fully plant-based or vegetarian, using the traditional Goan masala and legumes/vegetables. Cook it in a balanced home-style portion with traditional Goan seasoning.",15-20 minute easy post-lunch walk,Watch portion size if you are tracking macros
669,Goa,Maintaining Balanced Diet,Lunch,Tambdi Bhaji (Simple Spice; with steamed rice),266,17,36,6,7,High,High,High,Safe,"red amaranth, garlic, coconut, green chilli, turmeric, oil",Vegan,,"Prepare tambdi bhaji in the simple spice style with a with steamed rice serving. Keep the recipe fully plant-based or vegetarian, using the traditional Goan masala and legumes/vegetables. Cook it in a balanced home-style portion with traditional Goan seasoning.",15-20 minute easy post-lunch walk,Watch portion size if you are tracking macros
670,Goa,Maintaining Balanced Diet,Lunch,Uddamethi (Freshly Made),540,23,59,16,9,Medium,Medium,Medium,Safe,"urad dal, methi, coconut, tamarind, jaggery",Vegan,,"Prepare uddamethi in a balanced home style with moderate oil and a mix of vegetables, grains, and protein. Keep the portion steady and the seasoning traditional rather than heavy.",25 mins brisk walking,Keep portions moderate and adjust based on hunger and activity.
671,Goa,Maintaining Balanced Diet,Lunch,Uddamethi (Moderate Portion; with steamed rice),353,23,45,9,4,Low,High,High,Safe,"urad dal, raw mango, fenugreek seeds, tamarind, jaggery, spices",Vegan,,"Prepare uddamethi in the moderate portion style with a with steamed rice serving. Keep the recipe fully plant-based or vegetarian, using the traditional Goan masala and legumes/vegetables. Cook it in a balanced home-style portion with traditional Goan seasoning.",15-20 minute easy post-lunch walk,Watch portion size if you are tracking macros
672,Goa,Maintaining Balanced Diet,Lunch,Valchi Bhaji (Comfort Bowl; with red rice),298,19,42,6,9,High,High,High,Safe,"val or fern leaves, coconut, garlic, green chilli, spices",Vegan,,"Prepare valchi bhaji in the comfort bowl style with a with red rice serving. Keep the recipe fully plant-based or vegetarian, using the traditional Goan masala and legumes/vegetables. Cook it in a balanced home-style portion with traditional Goan seasoning.",15-20 minute easy post-lunch walk,Watch portion size if you are tracking macros
673,Goa,Maintaining Balanced Diet,Snack,Alle Belle (Balanced Snack),293,6,38,13,3,High,Medium,Medium,Gluten,"flour, coconut, jaggery, cardamom",Vegetarian,,"Prepare alle belle in a balanced home style with moderate oil and a mix of vegetables, grains, and protein. Keep the portion steady and the seasoning traditional rather than heavy.",25 mins brisk walking,Keep portions moderate and adjust based on hunger and activity.
674,Goa,Maintaining Balanced Diet,Snack,Boiled Peanuts,200,10,20,10,6,Medium,Medium,Low,"Peanut, Peanuts",Peanuts,Vegetarian,,Boil perfectly.,General daily activity,No specific warning
675,Goa,Maintaining Balanced Diet,Snack,Chana Ros (Balanced Plate; tea-time snack),312,15,45,8,6,High,High,High,Safe,"chickpeas, coconut, dried red chillies, onion, kokum, spices",Vegetarian,,"Prepare chana ros in the balanced plate style with a tea-time snack serving. Keep the recipe fully plant-based or vegetarian, using the traditional Goan masala and legumes/vegetables. Cook it in a balanced home-style portion with traditional Goan seasoning.",10-15 minute light walk or mobility session,Watch portion size if you are tracking macros
676,Goa,Maintaining Balanced Diet,Snack,Cucumber and Carrot Salad,200,2,40,2,8,Low,Low,Low,Safe,"Cucumber, Carrot",Vegetarian,,Serve fresh.,General daily activity,No specific warning
677,Goa,Maintaining Balanced Diet,Snack,Dodol (With Coconut and Fibre),293,6,38,13,3,High,Medium,Medium,Dairy,"coconut milk, jaggery, rice flour",Vegetarian,,"Prepare dodol in a balanced home style with moderate oil and a mix of vegetables, grains, and protein. Keep the portion steady and the seasoning traditional rather than heavy.",25 mins brisk walking,Keep portions moderate and adjust based on hunger and activity.
678,Goa,Maintaining Balanced Diet,Snack,Fresh Tender Coconut Water + Malai,200,2,25,10,2,Medium,Low,Low,Safe,Tender Coconut,Vegetarian,,Consume fresh from the shell.,General daily activity,No specific warning
679,Goa,Maintaining Balanced Diet,Snack,Goan Poha (Small portion),200,4,35,4,3,Medium,Medium,Low,Safe,Flattened Rice,Vegetarian,,Light snack.,General daily activity,No specific warning
680,Goa,Maintaining Balanced Diet,Snack,Mixed Fruit Bowl (Banana/Papaya),200,2,45,1,6,Medium,Low,Low,Safe,"Banana, Papaya",Vegetarian,,Serve freshly chopped native fruits.,General daily activity,No specific warning
681,Goa,Maintaining Balanced Diet,Snack,Mixed Fruit Bowl (Watermelon/Apple),200,2,48,1,5,Medium,Low,Low,Safe,"Watermelon, Apple",Vegetarian,,Serve freshly chopped.,General daily activity,No specific warning
682,Goa,Maintaining Balanced Diet,Snack,Moong Gathi (Home Style; tea-time snack),267,18,33,7,4,High,High,High,Safe,"sprouted moong, coconut, cumin, coriander, green chilli, curry leaves",Vegetarian,,"Prepare moong gathi in the home style style with a tea-time snack serving. Keep the recipe fully plant-based or vegetarian, using the traditional Goan masala and legumes/vegetables. Cook it in a balanced home-style portion with traditional Goan seasoning.",10-15 minute light walk or mobility session,Watch portion size if you are tracking macros
683,Goa,Maintaining Balanced Diet,Snack,Murmura (Puffed Rice) Chivda,200,4,35,4,2,Medium,Medium,Low,Peanut,"Puffed Rice, Peanuts, Curry Leaves",Vegetarian,,Roast dry without excess oil.,General daily activity,No specific warning
684,Goa,Maintaining Balanced Diet,Snack,Nevri (Small Serving),301,7,39,13,3,High,Medium,Medium,Gluten,"maida, coconut, jaggery, cardamom",Vegetarian,,"Prepare nevri in a balanced home style with moderate oil and a mix of vegetables, grains, and protein. Keep the portion steady and the seasoning traditional rather than heavy.",25 mins brisk walking,Keep portions moderate and adjust based on hunger and activity.
685,Goa,Maintaining Balanced Diet,Snack,Roasted Chana and Murmura,200,8,30,5,5,Medium,Medium,Low,Safe,"Puffed Rice, Bengal Gram",Vegetarian,,Mix dry without extra oil.,General daily activity,No specific warning
686,Goa,Maintaining Balanced Diet,Snack,Steamed Sanna (1 piece),200,4,40,2,3,Medium,Medium,Low,Safe,Rice,Vegetarian,,Steam perfectly.,General daily activity,No specific warning
687,Goa,Maintaining Balanced Diet,Snack,Steamed Sweet Corn,200,6,35,3,5,Medium,Medium,Low,Safe,Sweet Corn,Vegetarian,,Serve hot.,General daily activity,No specific warning
688,Goa,Maintaining Balanced Diet,Snack,Uddamethi (With Salad; tea-time snack),338,14,39,14,7,Low,High,High,Safe,"urad dal, raw mango, fenugreek seeds, tamarind, jaggery, spices",Vegetarian,,"Prepare uddamethi in the with salad style with a tea-time snack serving. Keep the recipe fully plant-based or vegetarian, using the traditional Goan masala and legumes/vegetables. Cook it in a balanced home-style portion with traditional Goan seasoning.",10-15 minute light walk or mobility session,Watch portion size if you are tracking macros
689,Goa,Maintaining Balanced Diet,Snack,Ambot Tik (Home Style; tea-time snack),339,28,31,15,4,High,High,High,"Fish, Shellfish","fish or prawns, tamarind, vinegar, red chilli, garlic, kokum",Non-Vegetarian,Fish,"Prepare ambot tik in the home style style with a tea-time snack serving. Use lean fish, chicken, pork, or seafood as the traditional recipe calls for. Cook it in a balanced home-style portion with traditional Goan seasoning.",10-15 minute light walk or mobility session,"Contains fish, shellfish; watch portion size if you are tracking macros"
690,Goa,Maintaining Balanced Diet,Snack,Ambot Tik (Seasonal Vegetables; tea-time snack),371,19,53,14,7,High,High,High,"Fish, Shellfish","fish or prawns, tamarind, vinegar, red chilli, garlic, kokum",Non-Vegetarian,Fish,"Prepare ambot tik in the seasonal vegetables style with a tea-time snack serving. Use lean fish, chicken, pork, or seafood as the traditional recipe calls for. Cook it in a balanced home-style portion with traditional Goan seasoning.",10-15 minute light walk or mobility session,"Contains fish, shellfish; watch portion size if you are tracking macros"
691,Goa,Maintaining Balanced Diet,Snack,Balchao (Family Meal; tea-time snack),414,18,53,14,8,High,High,High,"Fish, Shellfish","fish or prawns or pork, vinegar, red chilli, tomatoes, garlic, spices",Non-Vegetarian,Seafood,"Prepare balchao in the family meal style with a tea-time snack serving. Use lean fish, chicken, pork, or seafood as the traditional recipe calls for. Cook it in a balanced home-style portion with traditional Goan seasoning.",10-15 minute light walk or mobility session,"Contains fish, shellfish; watch portion size if you are tracking macros"
692,Goa,Maintaining Balanced Diet,Snack,Balchao (Light Oil; tea-time snack),296,20,35,7,7,High,High,High,"Fish, Shellfish","fish or prawns or pork, vinegar, red chilli, tomatoes, garlic, spices",Non-Vegetarian,Seafood,"Prepare balchao in the light oil style with a tea-time snack serving. Use lean fish, chicken, pork, or seafood as the traditional recipe calls for. Cook it in a balanced home-style portion with traditional Goan seasoning.",10-15 minute light walk or mobility session,"Contains fish, shellfish; watch portion size if you are tracking macros"
693,Goa,Maintaining Balanced Diet,Snack,Caldinho (Home Style; small bowl),332,20,37,13,8,High,High,High,"Dairy, Fish","fish or chicken, coconut milk, green herbs, onions, pepper, spices",Non-Vegetarian,Fish,"Prepare caldinho in the home style style with a small bowl serving. Use lean fish, chicken, pork, or seafood as the traditional recipe calls for. Cook it in a balanced home-style portion with traditional Goan seasoning.",10-15 minute light walk or mobility session,Contains fish; watch portion size if you are tracking macros
694,Goa,Maintaining Balanced Diet,Snack,Chicken Cafreal (Everyday Meal; tea-time snack),329,21,41,9,6,High,High,High,Safe,"chicken, coriander, lime, vinegar, garlic, green chilli, spices",Non-Vegetarian,Chicken,"Prepare chicken cafreal in the everyday meal style with a tea-time snack serving. Use lean fish, chicken, pork, or seafood as the traditional recipe calls for. Cook it in a balanced home-style portion with traditional Goan seasoning.",10-15 minute light walk or mobility session,Watch portion size if you are tracking macros
695,Goa,Maintaining Balanced Diet,Snack,Fish Curry Rice (Balanced Plate; tea-time snack),350,31,37,9,4,High,High,High,Fish,fish curry rice,Non-Vegetarian,,"Prepare fish curry rice in the balanced plate style with a tea-time snack serving. Use lean fish, chicken, pork, or seafood as the traditional recipe calls for. Cook it in a balanced home-style portion with traditional Goan seasoning.",10-15 minute light walk or mobility session,Watch portion size if you are tracking macros
696,Goa,Maintaining Balanced Diet,Snack,Fish Curry Rice (Lean Prep; tea-time snack),379,18,49,15,5,High,High,High,Fish,fish curry rice,Non-Vegetarian,,"Prepare fish curry rice in the lean prep style with a tea-time snack serving. Use lean fish, chicken, pork, or seafood as the traditional recipe calls for. Cook it in a balanced home-style portion with traditional Goan seasoning.",10-15 minute light walk or mobility session,Watch portion size if you are tracking macros
697,Goa,Maintaining Balanced Diet,Snack,Fish Recheado (Brown Rice; tea-time snack),348,31,46,7,8,High,High,High,Fish,"fish, recheado masala, vinegar, garlic, red chilli",Non-Vegetarian,Fish,"Prepare fish recheado in the brown rice style with a tea-time snack serving. Use lean fish, chicken, pork, or seafood as the traditional recipe calls for. Cook it in a balanced home-style portion with traditional Goan seasoning.",10-15 minute light walk or mobility session,Contains fish; watch portion size if you are tracking macros
698,Goa,Maintaining Balanced Diet,Snack,Fish Recheado (Comfort Bowl; tea-time snack),349,32,39,7,5,High,High,High,Fish,"fish, recheado masala, vinegar, garlic, red chilli",Non-Vegetarian,Fish,"Prepare fish recheado in the comfort bowl style with a tea-time snack serving. Use lean fish, chicken, pork, or seafood as the traditional recipe calls for. Cook it in a balanced home-style portion with traditional Goan seasoning.",10-15 minute light walk or mobility session,Contains fish; watch portion size if you are tracking macros
699,Goa,Maintaining Balanced Diet,Snack,Kismur (Moderate Portion; tea-time snack),419,26,45,15,4,High,High,High,Fish,"dry fish, coconut, onion, lime, green chilli, spices",Non-Vegetarian,Fish,"Prepare kismur in the moderate portion style with a tea-time snack serving. Use lean fish, chicken, pork, or seafood as the traditional recipe calls for. Cook it in a balanced home-style portion with traditional Goan seasoning.",10-15 minute light walk or mobility session,Contains fish; watch portion size if you are tracking macros
700,Goa,Maintaining Balanced Diet,Snack,Prawn Dangar (Light Gravy; tea-time snack),311,19,34,11,5,High,High,High,"Fish, Gluten, Shellfish","prawns, coconut, tamarind, semolina, onion, spices",Non-Vegetarian,Seafood,"Prepare prawn dangar in the light gravy style with a tea-time snack serving. Use lean fish, chicken, pork, or seafood as the traditional recipe calls for. Cook it in a balanced home-style portion with traditional Goan seasoning.",10-15 minute light walk or mobility session,"Contains shellfish, gluten; watch portion size if you are tracking macros"
701,Goa,Maintaining Balanced Diet,Snack,Prawn Dangar (With Salad; tea-time snack),402,28,41,14,5,High,High,High,"Fish, Gluten, Shellfish","prawns, coconut, tamarind, semolina, onion, spices",Non-Vegetarian,Seafood,"Prepare prawn dangar in the with salad style with a tea-time snack serving. Use lean fish, chicken, pork, or seafood as the traditional recipe calls for. Cook it in a balanced home-style portion with traditional Goan seasoning.",10-15 minute light walk or mobility session,"Contains shellfish, gluten; watch portion size if you are tracking macros"
702,Goa,Maintaining Balanced Diet,Snack,Xacuti (Midday Serve; tea-time snack),433,30,49,13,7,High,High,High,"Fish, Shellfish","chicken, crab or mutton, roasted coconut, poppy seeds, onion, spices",Non-Vegetarian,Chicken,"Prepare xacuti in the midday serve style with a tea-time snack serving. Use lean fish, chicken, pork, or seafood as the traditional recipe calls for. Cook it in a balanced home-style portion with traditional Goan seasoning.",10-15 minute light walk or mobility session,Watch portion size if you are tracking macros
703,Goa,Maintaining Balanced Diet,Snack,Xacuti (Traditional Serve; tea-time snack),391,22,38,13,5,High,High,High,"Fish, Shellfish","chicken, crab or mutton, roasted coconut, poppy seeds, onion, spices",Non-Vegetarian,Chicken,"Prepare xacuti in the traditional serve style with a tea-time snack serving. Use lean fish, chicken, pork, or seafood as the traditional recipe calls for. Cook it in a balanced home-style portion with traditional Goan seasoning.",10-15 minute light walk or mobility session,Watch portion size if you are tracking macros
704,Goa,Maintaining Balanced Diet,Snack,Xitt-Kodi (Simple Spice; tea-time snack),357,24,36,13,6,High,High,High,Fish,"rice, fish, coconut, kokum, onions, spices",Non-Vegetarian,Fish,"Prepare xitt-kodi in the simple spice style with a tea-time snack serving. Use lean fish, chicken, pork, or seafood as the traditional recipe calls for. Cook it in a balanced home-style portion with traditional Goan seasoning.",10-15 minute light walk or mobility session,Contains fish; watch portion size if you are tracking macros
705,Goa,Maintaining Balanced Diet,Snack,Alsanyache Tonak (Simple Spice; tea-time snack),269,10,40,8,8,Low,High,High,Safe,"black-eyed beans, tonak masala, onion, garlic, coconut, tamarind, potato",Vegan,,"Prepare alsanyache tonak in the simple spice style with a tea-time snack serving. Keep the recipe fully plant-based or vegetarian, using the traditional Goan masala and legumes/vegetables. Cook it in a balanced home-style portion with traditional Goan seasoning.",10-15 minute light walk or mobility session,Watch portion size if you are tracking macros
706,Goa,Maintaining Balanced Diet,Snack,Ambadyachem Sasav (Moderate Portion; tea-time snack),347,17,45,11,4,High,High,High,Mustard,"ambade, coconut, mustard, green chilli, curry leaves, spices",Vegan,,"Prepare ambadyachem sasav in the moderate portion style with a tea-time snack serving. Keep the recipe fully plant-based or vegetarian, using the traditional Goan masala and legumes/vegetables. Cook it in a balanced home-style portion with traditional Goan seasoning.",10-15 minute light walk or mobility session,Watch portion size if you are tracking macros
707,Goa,Maintaining Balanced Diet,Snack,Chana Ros (Lean Prep; tea-time snack),323,22,43,7,7,High,High,High,Safe,"chickpeas, coconut, dried red chillies, onion, kokum, spices",Vegan,,"Prepare chana ros in the lean prep style with a tea-time snack serving. Keep the recipe fully plant-based or vegetarian, using the traditional Goan masala and legumes/vegetables. Cook it in a balanced home-style portion with traditional Goan seasoning.",10-15 minute light walk or mobility session,Watch portion size if you are tracking macros
708,Goa,Maintaining Balanced Diet,Snack,Khatkatem (Everyday Meal; tea-time snack),380,14,45,16,8,High,High,High,Safe,"raw jackfruit, beetroot, pumpkin, raw banana, drumstick, coconut, teflam, turmeric",Vegan,,"Prepare khatkatem in the everyday meal style with a tea-time snack serving. Keep the recipe fully plant-based or vegetarian, using the traditional Goan masala and legumes/vegetables. Cook it in a balanced home-style portion with traditional Goan seasoning.",10-15 minute light walk or mobility session,Watch portion size if you are tracking macros
709,Goa,Maintaining Balanced Diet,Snack,Kismoor (Moderate Sweetness),200,8,22,6,5,Medium,Medium,Medium,Safe,"coconut, chilli, onion, tamarind, dried vegetables",Vegan,,"Prepare kismoor in a balanced home style with moderate oil and a mix of vegetables, grains, and protein. Keep the portion steady and the seasoning traditional rather than heavy.",25 mins brisk walking,Keep portions moderate and adjust based on hunger and activity.
710,Goa,Maintaining Balanced Diet,Snack,Moong Gathi (Seasonal Vegetables; tea-time snack),337,21,43,9,6,High,High,High,Safe,"sprouted moong, coconut, cumin, coriander, green chilli, curry leaves",Vegan,,"Prepare moong gathi in the seasonal vegetables style with a tea-time snack serving. Keep the recipe fully plant-based or vegetarian, using the traditional Goan masala and legumes/vegetables. Cook it in a balanced home-style portion with traditional Goan seasoning.",10-15 minute light walk or mobility session,Watch portion size if you are tracking macros
711,Goa,Maintaining Balanced Diet,Snack,Patoleo (Tea Time Portion),301,7,39,13,3,High,Medium,Medium,Safe,"rice flour, coconut, jaggery, turmeric leaves",Vegan,,"Prepare patoleo in a balanced home style with moderate oil and a mix of vegetables, grains, and protein. Keep the portion steady and the seasoning traditional rather than heavy.",25 mins brisk walking,Keep portions moderate and adjust based on hunger and activity.
712,Goa,Maintaining Balanced Diet,Snack,Pez (Light Home Style),180,9,23,6,5,Medium,Medium,Medium,Safe,"rice, water, cumin, pepper, coconut",Vegan,,"Prepare pez in a balanced home style with moderate oil and a mix of vegetables, grains, and protein. Keep the portion steady and the seasoning traditional rather than heavy.",25 mins brisk walking,Keep portions moderate and adjust based on hunger and activity.
713,Goa,Maintaining Balanced Diet,Snack,Poi (Brown Rice; tea-time snack),338,23,51,7,5,High,High,High,Gluten,"whole wheat flour, wheat bran, yeast or toddy, water, salt",Vegan,,"Prepare poi in the brown rice style with a tea-time snack serving. Keep the recipe fully plant-based or vegetarian, using the traditional Goan masala and legumes/vegetables. Cook it in a balanced home-style portion with traditional Goan seasoning.",10-15 minute light walk or mobility session,Contains gluten; watch portion size if you are tracking macros
714,Goa,Maintaining Balanced Diet,Snack,Poi (Comfort Bowl; tea-time snack),322,18,41,10,9,High,High,High,Gluten,"whole wheat flour, wheat bran, yeast or toddy, water, salt",Vegan,,"Prepare poi in the comfort bowl style with a tea-time snack serving. Keep the recipe fully plant-based or vegetarian, using the traditional Goan masala and legumes/vegetables. Cook it in a balanced home-style portion with traditional Goan seasoning.",10-15 minute light walk or mobility session,Contains gluten; watch portion size if you are tracking macros
715,Goa,Maintaining Balanced Diet,Snack,Sanna (Red Rice; tea-time snack),374,18,52,16,5,Low,High,High,Safe,"red rice, coconut, urad dal, toddy or yeast, salt",Vegan,,"Prepare sanna in the red rice style with a tea-time snack serving. Keep the recipe fully plant-based or vegetarian, using the traditional Goan masala and legumes/vegetables. Cook it in a balanced home-style portion with traditional Goan seasoning.",10-15 minute light walk or mobility session,Watch portion size if you are tracking macros
716,Goa,Maintaining Balanced Diet,Snack,Tambdi Bhaji (Family Meal; tea-time snack),388,18,43,16,9,High,High,High,Safe,"red amaranth, garlic, coconut, green chilli, turmeric, oil",Vegan,,"Prepare tambdi bhaji in the family meal style with a tea-time snack serving. Keep the recipe fully plant-based or vegetarian, using the traditional Goan masala and legumes/vegetables. Cook it in a balanced home-style portion with traditional Goan seasoning.",10-15 minute light walk or mobility session,Watch portion size if you are tracking macros
717,Goa,Maintaining Balanced Diet,Snack,Tambdi Bhaji (Light Oil; tea-time snack),316,13,40,9,9,High,High,High,Safe,"red amaranth, garlic, coconut, green chilli, turmeric, oil",Vegan,,"Prepare tambdi bhaji in the light oil style with a tea-time snack serving. Keep the recipe fully plant-based or vegetarian, using the traditional Goan masala and legumes/vegetables. Cook it in a balanced home-style portion with traditional Goan seasoning.",10-15 minute light walk or mobility session,Watch portion size if you are tracking macros
718,Goa,Maintaining Balanced Diet,Snack,Uddamethi (Light Gravy; tea-time snack),307,15,46,7,4,Low,High,High,Safe,"urad dal, raw mango, fenugreek seeds, tamarind, jaggery, spices",Vegan,,"Prepare uddamethi in the light gravy style with a tea-time snack serving. Keep the recipe fully plant-based or vegetarian, using the traditional Goan masala and legumes/vegetables. Cook it in a balanced home-style portion with traditional Goan seasoning.",10-15 minute light walk or mobility session,Watch portion size if you are tracking macros
719,Goa,Maintaining Balanced Diet,Snack,Valchi Bhaji (Midday Serve; tea-time snack),339,20,40,11,6,High,High,High,Safe,"val or fern leaves, coconut, garlic, green chilli, spices",Vegan,,"Prepare valchi bhaji in the midday serve style with a tea-time snack serving. Keep the recipe fully plant-based or vegetarian, using the traditional Goan masala and legumes/vegetables. Cook it in a balanced home-style portion with traditional Goan seasoning.",10-15 minute light walk or mobility session,Watch portion size if you are tracking macros
720,Goa,Maintaining Balanced Diet,Snack,Valchi Bhaji (Traditional Serve; tea-time snack),322,18,31,14,7,High,High,High,Safe,"val or fern leaves, coconut, garlic, green chilli, spices",Vegan,,"Prepare valchi bhaji in the traditional serve style with a tea-time snack serving. Keep the recipe fully plant-based or vegetarian, using the traditional Goan masala and legumes/vegetables. Cook it in a balanced home-style portion with traditional Goan seasoning.",10-15 minute light walk or mobility session,Watch portion size if you are tracking macros
721,Goa,Maintaining Balanced Diet,Dinner,Alsanyache Tonak (Moderate Portion; with steamed rice),301,10,36,13,8,Low,High,High,Safe,"black-eyed beans, tonak masala, onion, garlic, coconut, tamarind, potato",Vegetarian,,"Prepare alsanyache tonak in the moderate portion style with a with steamed rice serving. Keep the recipe fully plant-based or vegetarian, using the traditional Goan masala and legumes/vegetables. Cook it in a balanced home-style portion with traditional Goan seasoning.",20 minute relaxed post-dinner walk,Watch portion size if you are tracking macros
722,Goa,Maintaining Balanced Diet,Dinner,Ambadyachem Sasav (Red Rice; with steamed rice),266,18,35,6,4,High,High,High,Mustard,"ambade, coconut, mustard, green chilli, curry leaves, spices",Vegetarian,,"Prepare ambadyachem sasav in the red rice style with a with steamed rice serving. Keep the recipe fully plant-based or vegetarian, using the traditional Goan masala and legumes/vegetables. Cook it in a balanced home-style portion with traditional Goan seasoning.",20 minute relaxed post-dinner walk,Watch portion size if you are tracking macros
723,Goa,Maintaining Balanced Diet,Dinner,Chana Ros (Home Style; with steamed rice),309,17,35,15,8,High,High,High,Safe,"chickpeas, coconut, dried red chillies, onion, kokum, spices",Vegetarian,,"Prepare chana ros in the home style style with a with steamed rice serving. Keep the recipe fully plant-based or vegetarian, using the traditional Goan masala and legumes/vegetables. Cook it in a balanced home-style portion with traditional Goan seasoning.",20 minute relaxed post-dinner walk,Watch portion size if you are tracking macros
724,Goa,Maintaining Balanced Diet,Dinner,Khatkatem (Simple Spice; with steamed rice),353,24,38,8,7,High,High,High,Safe,"raw jackfruit, beetroot, pumpkin, raw banana, drumstick, coconut, teflam, turmeric",Vegetarian,,"Prepare khatkatem in the simple spice style with a with steamed rice serving. Keep the recipe fully plant-based or vegetarian, using the traditional Goan masala and legumes/vegetables. Cook it in a balanced home-style portion with traditional Goan seasoning.",20 minute relaxed post-dinner walk,Watch portion size if you are tracking macros
725,Goa,Maintaining Balanced Diet,Dinner,Poee + Baingan (Eggplant) Bharta Goan Style,500,12,75,16,12,Medium,Medium,Low,"Egg, Gluten","Wheat, Eggplant, Onion",Vegetarian,,Roast eggplant directly on flame for flavor.,20 mins evening walk,No specific warning
726,Goa,Maintaining Balanced Diet,Dinner,Poee + Egg Curry,500,20,60,18,5,Medium,Medium,Medium,"Egg, Eggs, Gluten","Wheat, Eggs",Vegetarian,,Use 2 eggs.,20 mins evening walk,No specific warning
727,Goa,Maintaining Balanced Diet,Dinner,Poee + Mixed Dal (Goan style),500,18,75,14,10,Medium,Medium,Low,"Gluten, Sesame","Wheat, Mixed Lentils",Vegetarian,,Simmer slowly to blend flavors naturally.,20 mins evening walk,No specific warning
728,Goa,Maintaining Balanced Diet,Dinner,Poee + Mixed Veg Caldin,500,12,75,16,10,Medium,Medium,Low,"Dairy, Gluten","Wheat, Carrots, Beans, Coconut Milk",Vegetarian,,Simmer slowly to blend flavors naturally.,20 mins evening walk,No specific warning
729,Goa,Maintaining Balanced Diet,Dinner,Poee + Mushroom Caldin,500,15,65,19,9,Medium,Medium,Low,"Dairy, Gluten","Wheat, Mushrooms, Coconut Milk",Vegetarian,,Simmer slowly in light coconut milk to blend flavors naturally.,20 mins evening walk,No specific warning
730,Goa,Maintaining Balanced Diet,Dinner,Poee + Paneer Bhurji,500,20,60,18,5,Medium,Medium,Medium,"Dairy, Gluten","Wheat, Paneer",Vegetarian,,Sauté lightly.,20 mins evening walk,No specific warning
731,Goa,Maintaining Balanced Diet,Dinner,Poee + Patal Bhaji,500,18,75,14,10,Medium,Medium,Low,Gluten,"Wheat, White Peas, Potato",Vegetarian,,Simmer peas completely until soft.,20 mins evening walk,No specific warning
732,Goa,Maintaining Balanced Diet,Dinner,Poee + Soya Bean Tondak,500,20,65,15,10,Medium,Medium,Low,"Gluten, Soy","Wheat, Soya Chunks",Vegetarian,,Balanced coconut.,20 mins evening walk,No specific warning
733,Goa,Maintaining Balanced Diet,Dinner,Poi (Traditional Serve; with steamed rice),347,19,46,9,8,High,High,High,Gluten,"whole wheat flour, wheat bran, yeast or toddy, water, salt",Vegetarian,,"Prepare poi in the traditional serve style with a with steamed rice serving. Keep the recipe fully plant-based or vegetarian, using the traditional Goan masala and legumes/vegetables. Cook it in a balanced home-style portion with traditional Goan seasoning.",20 minute relaxed post-dinner walk,Contains gluten; watch portion size if you are tracking macros
734,Goa,Maintaining Balanced Diet,Dinner,Sanna (Brown Rice; with steamed rice),341,10,55,9,4,Low,High,High,Safe,"red rice, coconut, urad dal, toddy or yeast, salt",Vegetarian,,"Prepare sanna in the brown rice style with a with steamed rice serving. Keep the recipe fully plant-based or vegetarian, using the traditional Goan masala and legumes/vegetables. Cook it in a balanced home-style portion with traditional Goan seasoning.",20 minute relaxed post-dinner walk,Watch portion size if you are tracking macros
735,Goa,Maintaining Balanced Diet,Dinner,Uddamethi (Balanced Plate; with steamed rice),330,12,39,14,7,Low,High,High,Safe,"urad dal, raw mango, fenugreek seeds, tamarind, jaggery, spices",Vegetarian,,"Prepare uddamethi in the balanced plate style with a with steamed rice serving. Keep the recipe fully plant-based or vegetarian, using the traditional Goan masala and legumes/vegetables. Cook it in a balanced home-style portion with traditional Goan seasoning.",20 minute relaxed post-dinner walk,Watch portion size if you are tracking macros
736,Goa,Maintaining Balanced Diet,Dinner,Valchi Bhaji (Light Oil; with steamed rice),341,17,39,13,8,High,High,High,Safe,"val or fern leaves, coconut, garlic, green chilli, spices",Vegetarian,,"Prepare valchi bhaji in the light oil style with a with steamed rice serving. Keep the recipe fully plant-based or vegetarian, using the traditional Goan masala and legumes/vegetables. Cook it in a balanced home-style portion with traditional Goan seasoning.",20 minute relaxed post-dinner walk,Watch portion size if you are tracking macros
737,Goa,Maintaining Balanced Diet,Dinner,Ambot Tik (Everyday Meal; with steamed rice),445,31,54,13,8,High,High,High,"Fish, Shellfish","fish or prawns, tamarind, vinegar, red chilli, garlic, kokum",Non-Vegetarian,Fish,"Prepare ambot tik in the everyday meal style with a with steamed rice serving. Use lean fish, chicken, pork, or seafood as the traditional recipe calls for. Cook it in a balanced home-style portion with traditional Goan seasoning.",20 minute relaxed post-dinner walk,"Contains fish, shellfish; watch portion size if you are tracking macros"
738,Goa,Maintaining Balanced Diet,Dinner,Balchao (Light Gravy; with steamed rice),255,18,30,7,7,High,High,High,"Fish, Shellfish","fish or prawns or pork, vinegar, red chilli, tomatoes, garlic, spices",Non-Vegetarian,Seafood,"Prepare balchao in the light gravy style with a with steamed rice serving. Use lean fish, chicken, pork, or seafood as the traditional recipe calls for. Cook it in a balanced home-style portion with traditional Goan seasoning.",20 minute relaxed post-dinner walk,"Contains fish, shellfish; watch portion size if you are tracking macros"
739,Goa,Maintaining Balanced Diet,Dinner,Balchao (With Salad; with steamed rice),399,31,49,8,8,High,High,High,"Fish, Shellfish","fish or prawns or pork, vinegar, red chilli, tomatoes, garlic, spices",Non-Vegetarian,Seafood,"Prepare balchao in the with salad style with a with steamed rice serving. Use lean fish, chicken, pork, or seafood as the traditional recipe calls for. Cook it in a balanced home-style portion with traditional Goan seasoning.",20 minute relaxed post-dinner walk,"Contains fish, shellfish; watch portion size if you are tracking macros"
740,Goa,Maintaining Balanced Diet,Dinner,Chicken Cafreal (Simple Spice; with steamed rice),408,30,36,16,5,High,High,High,Safe,"chicken, coriander, lime, vinegar, garlic, green chilli, spices",Non-Vegetarian,Chicken,"Prepare chicken cafreal in the simple spice style with a with steamed rice serving. Use lean fish, chicken, pork, or seafood as the traditional recipe calls for. Cook it in a balanced home-style portion with traditional Goan seasoning.",20 minute relaxed post-dinner walk,Watch portion size if you are tracking macros
741,Goa,Maintaining Balanced Diet,Dinner,Fish Curry Rice (Balanced Dinner),515,26,50,18,7,Medium,Medium,Medium,Fish,"fish, rice, kokum, coconut, spices",Non-Vegetarian,Fish,"Prepare fish curry rice in a balanced home style with moderate oil and a mix of vegetables, grains, and protein. Keep the portion steady and the seasoning traditional rather than heavy.",25 mins brisk walking,Keep portions moderate and adjust based on hunger and activity.
742,Goa,Maintaining Balanced Diet,Dinner,Fish Curry Rice (Home Style; with steamed rice),379,20,43,14,7,High,High,High,Fish,fish curry rice,Non-Vegetarian,,"Prepare fish curry rice in the home style style with a with steamed rice serving. Use lean fish, chicken, pork, or seafood as the traditional recipe calls for. Cook it in a balanced home-style portion with traditional Goan seasoning.",20 minute relaxed post-dinner walk,Watch portion size if you are tracking macros
743,Goa,Maintaining Balanced Diet,Dinner,Fish Curry Rice (Seasonal Vegetables; with steamed rice),316,19,42,8,5,High,High,High,Fish,fish curry rice,Non-Vegetarian,,"Prepare fish curry rice in the seasonal vegetables style with a with steamed rice serving. Use lean fish, chicken, pork, or seafood as the traditional recipe calls for. Cook it in a balanced home-style portion with traditional Goan seasoning.",20 minute relaxed post-dinner walk,Watch portion size if you are tracking macros
744,Goa,Maintaining Balanced Diet,Dinner,Fish Recheado (Traditional Serve; with steamed rice),395,30,34,16,5,High,High,High,Fish,"fish, recheado masala, vinegar, garlic, red chilli",Non-Vegetarian,Fish,"Prepare fish recheado in the traditional serve style with a with steamed rice serving. Use lean fish, chicken, pork, or seafood as the traditional recipe calls for. Cook it in a balanced home-style portion with traditional Goan seasoning.",20 minute relaxed post-dinner walk,Contains fish; watch portion size if you are tracking macros
745,Goa,Maintaining Balanced Diet,Dinner,Kismur (Red Rice; with steamed rice),306,26,40,9,8,High,High,High,Fish,"dry fish, coconut, onion, lime, green chilli, spices",Non-Vegetarian,Fish,"Prepare kismur in the red rice style with a with steamed rice serving. Use lean fish, chicken, pork, or seafood as the traditional recipe calls for. Cook it in a balanced home-style portion with traditional Goan seasoning.",20 minute relaxed post-dinner walk,Contains fish; watch portion size if you are tracking macros
746,Goa,Maintaining Balanced Diet,Dinner,Poee + Chicken Ros (Light),500,25,60,16,5,Medium,Medium,Low,Gluten,"Wheat, Chicken",Non-Vegetarian,Chicken,Light gravy.,20 mins evening walk,No specific warning
747,Goa,Maintaining Balanced Diet,Dinner,Poee + Fish Hooman,500,25,60,16,5,Medium,Medium,Low,"Fish, Gluten","Wheat, Fish",Non-Vegetarian,Fish,Balanced coconut.,20 mins evening walk,No specific warning
748,Goa,Maintaining Balanced Diet,Dinner,Prawn Dangar (Balanced Plate; with steamed rice),358,25,33,10,8,High,High,High,"Fish, Gluten, Shellfish","prawns, coconut, tamarind, semolina, onion, spices",Non-Vegetarian,Seafood,"Prepare prawn dangar in the balanced plate style with a with steamed rice serving. Use lean fish, chicken, pork, or seafood as the traditional recipe calls for. Cook it in a balanced home-style portion with traditional Goan seasoning.",20 minute relaxed post-dinner walk,"Contains shellfish, gluten; watch portion size if you are tracking macros"
749,Goa,Maintaining Balanced Diet,Dinner,Prawn Dangar (Lean Prep; with steamed rice),352,32,38,8,4,High,High,High,"Fish, Gluten, Shellfish","prawns, coconut, tamarind, semolina, onion, spices",Non-Vegetarian,Seafood,"Prepare prawn dangar in the lean prep style with a with steamed rice serving. Use lean fish, chicken, pork, or seafood as the traditional recipe calls for. Cook it in a balanced home-style portion with traditional Goan seasoning.",20 minute relaxed post-dinner walk,"Contains shellfish, gluten; watch portion size if you are tracking macros"
750,Goa,Maintaining Balanced Diet,Dinner,Xacuti (Family Meal; with steamed rice),386,31,43,10,8,High,High,High,"Fish, Shellfish","chicken, crab or mutton, roasted coconut, poppy seeds, onion, spices",Non-Vegetarian,Chicken,"Prepare xacuti in the family meal style with a with steamed rice serving. Use lean fish, chicken, pork, or seafood as the traditional recipe calls for. Cook it in a balanced home-style portion with traditional Goan seasoning.",20 minute relaxed post-dinner walk,Watch portion size if you are tracking macros
751,Goa,Maintaining Balanced Diet,Dinner,Xacuti (Light Oil; with steamed rice),347,21,47,7,5,High,High,High,"Fish, Shellfish","chicken, crab or mutton, roasted coconut, poppy seeds, onion, spices",Non-Vegetarian,Chicken,"Prepare xacuti in the light oil style with a with steamed rice serving. Use lean fish, chicken, pork, or seafood as the traditional recipe calls for. Cook it in a balanced home-style portion with traditional Goan seasoning.",20 minute relaxed post-dinner walk,Watch portion size if you are tracking macros
752,Goa,Maintaining Balanced Diet,Dinner,Xitt-Kodi (Moderate Portion; with steamed rice),387,22,39,11,7,High,High,High,Fish,"rice, fish, coconut, kokum, onions, spices",Non-Vegetarian,Fish,"Prepare xitt-kodi in the moderate portion style with a with steamed rice serving. Use lean fish, chicken, pork, or seafood as the traditional recipe calls for. Cook it in a balanced home-style portion with traditional Goan seasoning.",20 minute relaxed post-dinner walk,Contains fish; watch portion size if you are tracking macros
753,Goa,Maintaining Balanced Diet,Dinner,Alsanyache Tonak (Balanced Plate; with brown rice),344,13,42,12,8,Low,High,High,Safe,"black-eyed beans, tonak masala, onion, garlic, coconut, tamarind, potato",Vegan,,"Prepare alsanyache tonak in the balanced plate style with a with brown rice serving. Keep the recipe fully plant-based or vegetarian, using the traditional Goan masala and legumes/vegetables. Cook it in a balanced home-style portion with traditional Goan seasoning.",20 minute relaxed post-dinner walk,Watch portion size if you are tracking macros
754,Goa,Maintaining Balanced Diet,Dinner,Alsanyache Tonak (Traditional Serve),422,21,53,14,8,Medium,Medium,Medium,Safe,"black-eyed peas, coconut, roasted spices, tamarind",Vegan,,"Prepare alsanyache tonak in a balanced home style with moderate oil and a mix of vegetables, grains, and protein. Keep the portion steady and the seasoning traditional rather than heavy.",25 mins brisk walking,Keep portions moderate and adjust based on hunger and activity.
755,Goa,Maintaining Balanced Diet,Dinner,Ambadyachem Sasav (Home Style; with brown rice),436,23,42,15,5,High,High,High,Mustard,"ambade, coconut, mustard, green chilli, curry leaves, spices",Vegan,,"Prepare ambadyachem sasav in the home style style with a with brown rice serving. Keep the recipe fully plant-based or vegetarian, using the traditional Goan masala and legumes/vegetables. Cook it in a balanced home-style portion with traditional Goan seasoning.",20 minute relaxed post-dinner walk,Watch portion size if you are tracking macros
756,Goa,Maintaining Balanced Diet,Dinner,Ambadyachem Sasav (Portion Controlled),414,20,52,14,8,Medium,Medium,Medium,Mustard,"hog plum, coconut, mustard, jaggery, chilli",Vegan,,"Prepare ambadyachem sasav in a balanced home style with moderate oil and a mix of vegetables, grains, and protein. Keep the portion steady and the seasoning traditional rather than heavy.",25 mins brisk walking,Keep portions moderate and adjust based on hunger and activity.
757,Goa,Maintaining Balanced Diet,Dinner,"Caldinho (With Vegetables and Protein, Variant 3)",422,20,54,14,8,Medium,Medium,Medium,Dairy,"vegetables, coconut milk, turmeric, pepper",Vegan,,"Prepare caldinho in a balanced home style with moderate oil and a mix of vegetables, grains, and protein. Keep the portion steady and the seasoning traditional rather than heavy.",25 mins brisk walking,Keep portions moderate and adjust based on hunger and activity.
758,Goa,Maintaining Balanced Diet,Dinner,Chana Ros (Seasonal Vegetables; with steamed rice),264,22,33,9,9,High,High,High,Safe,"chickpeas, coconut, dried red chillies, onion, kokum, spices",Vegan,,"Prepare chana ros in the seasonal vegetables style with a with steamed rice serving. Keep the recipe fully plant-based or vegetarian, using the traditional Goan masala and legumes/vegetables. Cook it in a balanced home-style portion with traditional Goan seasoning.",20 minute relaxed post-dinner walk,Watch portion size if you are tracking macros
759,Goa,Maintaining Balanced Diet,Dinner,Khatkatem (With Salad; with brown rice),326,23,45,6,8,High,High,High,Safe,"raw jackfruit, beetroot, pumpkin, raw banana, drumstick, coconut, teflam, turmeric",Vegan,,"Prepare khatkatem in the with salad style with a with brown rice serving. Keep the recipe fully plant-based or vegetarian, using the traditional Goan masala and legumes/vegetables. Cook it in a balanced home-style portion with traditional Goan seasoning.",20 minute relaxed post-dinner walk,Watch portion size if you are tracking macros
760,Goa,Maintaining Balanced Diet,Dinner,"Khatkhatem (Moderate Oil, Variant 2)",422,21,53,14,8,Medium,Medium,Medium,Safe,"mixed vegetables, coconut, tamarind, tur dal, moong dal",Vegan,,"Prepare khatkhatem in a balanced home style with moderate oil and a mix of vegetables, grains, and protein. Keep the portion steady and the seasoning traditional rather than heavy.",25 mins brisk walking,Keep portions moderate and adjust based on hunger and activity.
761,Goa,Maintaining Balanced Diet,Dinner,Moong Gathi (Everyday Meal; with steamed rice),340,18,43,9,5,High,High,High,Safe,"sprouted moong, coconut, cumin, coriander, green chilli, curry leaves",Vegan,,"Prepare moong gathi in the everyday meal style with a with steamed rice serving. Keep the recipe fully plant-based or vegetarian, using the traditional Goan masala and legumes/vegetables. Cook it in a balanced home-style portion with traditional Goan seasoning.",20 minute relaxed post-dinner walk,Watch portion size if you are tracking macros
762,Goa,Maintaining Balanced Diet,Dinner,Moong Gathi (Light Oil; with brown rice),265,17,41,7,4,High,High,High,Safe,"sprouted moong, coconut, cumin, coriander, green chilli, curry leaves",Vegan,,"Prepare moong gathi in the light oil style with a with brown rice serving. Keep the recipe fully plant-based or vegetarian, using the traditional Goan masala and legumes/vegetables. Cook it in a balanced home-style portion with traditional Goan seasoning.",20 minute relaxed post-dinner walk,Watch portion size if you are tracking macros
763,Goa,Maintaining Balanced Diet,Dinner,Poi (Midday Serve; with steamed rice),334,22,48,6,4,High,High,High,Gluten,"whole wheat flour, wheat bran, yeast or toddy, water, salt",Vegan,,"Prepare poi in the midday serve style with a with steamed rice serving. Keep the recipe fully plant-based or vegetarian, using the traditional Goan masala and legumes/vegetables. Cook it in a balanced home-style portion with traditional Goan seasoning.",20 minute relaxed post-dinner walk,Contains gluten; watch portion size if you are tracking macros
764,Goa,Maintaining Balanced Diet,Dinner,Sanna (Comfort Bowl; with steamed rice),340,19,48,8,4,Low,High,High,Safe,"red rice, coconut, urad dal, toddy or yeast, salt",Vegan,,"Prepare sanna in the comfort bowl style with a with steamed rice serving. Keep the recipe fully plant-based or vegetarian, using the traditional Goan masala and legumes/vegetables. Cook it in a balanced home-style portion with traditional Goan seasoning.",20 minute relaxed post-dinner walk,Watch portion size if you are tracking macros
765,Goa,Maintaining Balanced Diet,Dinner,Tambdi Bhaji (Light Gravy; with steamed rice),349,13,46,15,5,High,High,High,Safe,"red amaranth, garlic, coconut, green chilli, turmeric, oil",Vegan,,"Prepare tambdi bhaji in the light gravy style with a with steamed rice serving. Keep the recipe fully plant-based or vegetarian, using the traditional Goan masala and legumes/vegetables. Cook it in a balanced home-style portion with traditional Goan seasoning.",20 minute relaxed post-dinner walk,Watch portion size if you are tracking macros
766,Goa,Maintaining Balanced Diet,Dinner,"Uddamethi (Home Style, Light Spice)",480,21,55,14,8,Medium,Medium,Medium,Safe,"urad dal, methi, coconut, tamarind, jaggery",Vegan,,"Prepare uddamethi in a balanced home style with moderate oil and a mix of vegetables, grains, and protein. Keep the portion steady and the seasoning traditional rather than heavy.",25 mins brisk walking,Keep portions moderate and adjust based on hunger and activity.
767,Goa,Maintaining Balanced Diet,Dinner,Uddamethi (Lean Prep; with steamed rice),321,13,46,12,9,Low,High,High,Safe,"urad dal, raw mango, fenugreek seeds, tamarind, jaggery, spices",Vegan,,"Prepare uddamethi in the lean prep style with a with steamed rice serving. Keep the recipe fully plant-based or vegetarian, using the traditional Goan masala and legumes/vegetables. Cook it in a balanced home-style portion with traditional Goan seasoning.",20 minute relaxed post-dinner walk,Watch portion size if you are tracking macros
768,Goa,Maintaining Balanced Diet,Dinner,Valchi Bhaji (Family Meal; with steamed rice),355,17,36,12,6,High,High,High,Safe,"val or fern leaves, coconut, garlic, green chilli, spices",Vegan,,"Prepare valchi bhaji in the family meal style with a with steamed rice serving. Keep the recipe fully plant-based or vegetarian, using the traditional Goan masala and legumes/vegetables. Cook it in a balanced home-style portion with traditional Goan seasoning.",20 minute relaxed post-dinner walk,Watch portion size if you are tracking macros
769,Goa,Diabetes,Breakfast,Alsanyache Tonak (No Sugar; with poi),248,16,26,11,6,Low,Low,Low,Safe,"black-eyed beans, tonak masala, onion, garlic, coconut, tamarind, potato",Vegetarian,,"Prepare alsanyache tonak in the no sugar style with a with poi serving. Keep the recipe fully plant-based or vegetarian, using the traditional Goan masala and legumes/vegetables. Keep oil and salt low, and avoid extra rice, bread, ghee, or sugar.",20-30 minute brisk morning walk,"Avoid jaggery, sugar, and sweetened accompaniments"
770,Goa,Diabetes,Breakfast,Boiled Alsande (No Added Jaggery; with poi),287,19,28,11,7,Low,High,Low,Safe,"black-eyed peas, onion, green chilli, coriander, lemon",Vegetarian,,"Prepare boiled alsande in the no added jaggery style with a with poi serving. Keep the recipe fully plant-based or vegetarian, using the traditional Goan masala and legumes/vegetables. Keep oil and salt low, and avoid extra rice, bread, ghee, or sugar.",20-30 minute brisk morning walk,"Avoid jaggery, sugar, and sweetened accompaniments"
771,Goa,Diabetes,Breakfast,Egg White Omelette + 1 Jowar Bhakri,300,20,40,5,8,Low,Medium,Low,"Egg, Eggs","Egg Whites, Sorghum",Vegetarian,,No yolks.,20 mins post-meal walk,Check fasting glucose regularly
772,Goa,Diabetes,Breakfast,Jowar Bhakri + Tomato Chutney,300,10,45,6,9,Low,Medium,Low,Safe,"Sorghum, Tomato",Vegetarian,,Cook without oil.,20 mins post-meal walk,Check fasting glucose regularly
773,Goa,Diabetes,Breakfast,Kalo Chana (Black Gram) Usal,300,15,45,5,12,Low,Medium,Low,Safe,"Black Gram, Onion",Vegetarian,,Use minimal oil and maximize vegetables for fiber.,20 mins post-meal walk,Check fasting glucose regularly
774,Goa,Diabetes,Breakfast,Khatkatem (Low GI; with poi),220,18,28,4,8,Low,Low,Medium,Safe,"raw jackfruit, beetroot, pumpkin, raw banana, drumstick, coconut, teflam, turmeric",Vegetarian,,"Prepare khatkatem in the low gi style with a with poi serving. Keep the recipe fully plant-based or vegetarian, using the traditional Goan masala and legumes/vegetables. Keep oil and salt low, and avoid extra rice, bread, ghee, or sugar.",20-30 minute brisk morning walk,"Avoid jaggery, sugar, and sweetened accompaniments"
775,Goa,Diabetes,Breakfast,Millet Upma with Veggies,300,10,45,6,9,Low,Medium,Low,Egg,"Mixed Millets, Veggies",Vegetarian,,High fiber focus.,20 mins post-meal walk,Check fasting glucose regularly
776,Goa,Diabetes,Breakfast,Moong Gathi (Whole Grain; with poi),176,8,27,4,11,Low,Medium,Medium,Safe,"sprouted moong, coconut, cumin, coriander, green chilli, curry leaves",Vegetarian,,"Prepare moong gathi in the whole grain style with a with poi serving. Keep the recipe fully plant-based or vegetarian, using the traditional Goan masala and legumes/vegetables. Keep oil and salt low, and avoid extra rice, bread, ghee, or sugar.",20-30 minute brisk morning walk,"Avoid jaggery, sugar, and sweetened accompaniments"
777,Goa,Diabetes,Breakfast,Nachni (Ragi) Bhakri + Low Fat Curd,300,12,45,8,10,Low,Medium,Low,Dairy,"Finger Millet, Curd",Vegetarian,,Roast bhakri on iron tawa without oil.,20 mins post-meal walk,Check fasting glucose regularly
778,Goa,Diabetes,Breakfast,Oats Poha Goan Style,300,10,48,7,8,Low,Medium,Low,Mustard,"Oats, Onion, Mustard Seeds",Vegetarian,,Use minimal oil and maximize vegetables for fiber.,20 mins post-meal walk,Check fasting glucose regularly
779,Goa,Diabetes,Breakfast,Ragi Satva (Unsweetened),300,8,50,4,10,Low,Medium,Low,Safe,Finger Millet,Vegetarian,,Strictly no sugar/jaggery.,20 mins post-meal walk,Check fasting glucose regularly
780,Goa,Diabetes,Breakfast,Sprouted Alsande Toss,300,18,45,4,12,Low,Low,Low,Safe,Black Eyed Peas Sprouts,Vegetarian,,Steam sprouts lightly to ease digestion.,20 mins post-meal walk,Check fasting glucose regularly
781,Goa,Diabetes,Breakfast,Sprouted Moong Usal + 1 Bhakri,300,14,48,5,11,Low,Medium,Low,Safe,"Sprouted Green Gram, Sorghum",Vegetarian,,Steam sprouts lightly to ease digestion.,20 mins post-meal walk,Check fasting glucose regularly
782,Goa,Diabetes,Breakfast,Steamed Moong Dal Chila,300,15,40,6,8,Low,Medium,Low,Safe,Moong Dal,Vegetarian,,Steam or dry roast.,20 mins post-meal walk,Check fasting glucose regularly
783,Goa,Diabetes,Breakfast,Tavsali (Controlled Carbs),248,15,29,8,9,High,Low,Low,"Gluten, Dairy","cucumber, rava, coconut, jaggery, cardamom",Vegetarian,,"Use tavsali with no added sugar, plenty of fibre, and a measured portion of carbohydrates. Prefer steaming, boiling, or light sautéing so the glycemic load stays controlled.",30 mins brisk walking,Count the carb portion and avoid sugary sides or sweetened drinks.
784,Goa,Diabetes,Breakfast,Uddamethi (Brown Rice; with poi),243,17,28,7,10,High,Low,Medium,Safe,"urad dal, raw mango, fenugreek seeds, tamarind, jaggery, spices",Vegetarian,,"Prepare uddamethi in the brown rice style with a with poi serving. Keep the recipe fully plant-based or vegetarian, using the traditional Goan masala and legumes/vegetables. Keep oil and salt low, and avoid extra rice, bread, ghee, or sugar.",20-30 minute brisk morning walk,"Avoid jaggery, sugar, and sweetened accompaniments"
785,Goa,Diabetes,Breakfast,Ambot Tik (Low GI; with poi),254,20,30,6,5,Medium,Medium,Medium,"Fish, Shellfish","fish or prawns, tamarind, vinegar, red chilli, garlic, kokum",Non-Vegetarian,Fish,"Prepare ambot tik in the low gi style with a with poi serving. Use lean fish, chicken, pork, or seafood as the traditional recipe calls for. Keep oil and salt low, and avoid extra rice, bread, ghee, or sugar.",20-30 minute brisk morning walk,"Contains fish, shellfish; avoid jaggery, sugar, and sweetened accompaniments"
786,Goa,Diabetes,Breakfast,Ambot Tik (No Extra Salt; with poi),244,25,18,8,6,High,Low,Medium,"Fish, Shellfish","fish or prawns, tamarind, vinegar, red chilli, garlic, kokum",Non-Vegetarian,Fish,"Prepare ambot tik in the no extra salt style with a with poi serving. Use lean fish, chicken, pork, or seafood as the traditional recipe calls for. Keep oil and salt low, and avoid extra rice, bread, ghee, or sugar.",20-30 minute brisk morning walk,"Contains fish, shellfish; avoid jaggery, sugar, and sweetened accompaniments"
787,Goa,Diabetes,Breakfast,Balchao (Kokum Souring; with poi),282,27,33,10,5,Low,Low,Low,"Fish, Shellfish","fish or prawns or pork, vinegar, red chilli, tomatoes, garlic, spices",Non-Vegetarian,Seafood,"Prepare balchao in the kokum souring style with a with poi serving. Use lean fish, chicken, pork, or seafood as the traditional recipe calls for. Keep oil and salt low, and avoid extra rice, bread, ghee, or sugar.",20-30 minute brisk morning walk,"Contains fish, shellfish; avoid jaggery, sugar, and sweetened accompaniments"
788,Goa,Diabetes,Breakfast,Caldinho (Measured Serve; with poi),322,21,37,10,10,Low,High,Medium,"Dairy, Fish","fish or chicken, coconut milk, green herbs, onions, pepper, spices",Non-Vegetarian,Fish,"Prepare caldinho in the measured serve style with a with poi serving. Use lean fish, chicken, pork, or seafood as the traditional recipe calls for. Keep oil and salt low, and avoid extra rice, bread, ghee, or sugar.",20-30 minute brisk morning walk,"Contains fish; avoid jaggery, sugar, and sweetened accompaniments"
789,Goa,Diabetes,Breakfast,Caldinho (Steamed; with poi),234,31,19,7,7,Medium,Low,Medium,"Dairy, Fish","fish or chicken, coconut milk, green herbs, onions, pepper, spices",Non-Vegetarian,Fish,"Prepare caldinho in the steamed style with a with poi serving. Use lean fish, chicken, pork, or seafood as the traditional recipe calls for. Keep oil and salt low, and avoid extra rice, bread, ghee, or sugar.",20-30 minute brisk morning walk,"Contains fish; avoid jaggery, sugar, and sweetened accompaniments"
790,Goa,Diabetes,Breakfast,Chicken Cafreal (Fiber First; with poi),320,30,31,12,10,Medium,Medium,Medium,Safe,"chicken, coriander, lime, vinegar, garlic, green chilli, spices",Non-Vegetarian,Chicken,"Prepare chicken cafreal in the fiber first style with a with poi serving. Use lean fish, chicken, pork, or seafood as the traditional recipe calls for. Keep oil and salt low, and avoid extra rice, bread, ghee, or sugar.",20-30 minute brisk morning walk,"Avoid jaggery, sugar, and sweetened accompaniments"
791,Goa,Diabetes,Breakfast,Chicken Cafreal (No Added Jaggery; with poi),262,20,23,10,10,Medium,Low,Medium,Safe,"chicken, coriander, lime, vinegar, garlic, green chilli, spices",Non-Vegetarian,Chicken,"Prepare chicken cafreal in the no added jaggery style with a with poi serving. Use lean fish, chicken, pork, or seafood as the traditional recipe calls for. Keep oil and salt low, and avoid extra rice, bread, ghee, or sugar.",20-30 minute brisk morning walk,"Avoid jaggery, sugar, and sweetened accompaniments"
792,Goa,Diabetes,Breakfast,Crab Xacuti (Portion Controlled; with poi),322,31,27,10,7,Low,High,Medium,"Fish, Shellfish","crab, roasted coconut, poppy seeds, onions, dry red chillies, spices",Non-Vegetarian,Seafood,"Prepare crab xacuti in the portion controlled style with a with poi serving. Use lean fish, chicken, pork, or seafood as the traditional recipe calls for. Keep oil and salt low, and avoid extra rice, bread, ghee, or sugar.",20-30 minute brisk morning walk,"Contains shellfish; avoid jaggery, sugar, and sweetened accompaniments"
793,Goa,Diabetes,Breakfast,Fish Curry Rice (Brown Rice; with poi),197,20,18,5,7,High,Low,Medium,Fish,fish curry rice,Non-Vegetarian,,"Prepare fish curry rice in the brown rice style with a with poi serving. Use lean fish, chicken, pork, or seafood as the traditional recipe calls for. Keep oil and salt low, and avoid extra rice, bread, ghee, or sugar.",20-30 minute brisk morning walk,"Avoid jaggery, sugar, and sweetened accompaniments"
794,Goa,Diabetes,Breakfast,Fish Curry Rice (Complex Carb Focus; with poi),216,21,18,9,8,High,Medium,Medium,Fish,fish curry rice,Non-Vegetarian,,"Prepare fish curry rice in the complex carb focus style with a with poi serving. Use lean fish, chicken, pork, or seafood as the traditional recipe calls for. Keep oil and salt low, and avoid extra rice, bread, ghee, or sugar.",20-30 minute brisk morning walk,"Avoid jaggery, sugar, and sweetened accompaniments"
795,Goa,Diabetes,Breakfast,Fish Recheado (Slow Cooked; with poi),368,28,37,12,9,Low,Low,Medium,Fish,"fish, recheado masala, vinegar, garlic, red chilli",Non-Vegetarian,Fish,"Prepare fish recheado in the slow cooked style with a with poi serving. Use lean fish, chicken, pork, or seafood as the traditional recipe calls for. Keep oil and salt low, and avoid extra rice, bread, ghee, or sugar.",20-30 minute brisk morning walk,"Contains fish; avoid jaggery, sugar, and sweetened accompaniments"
796,Goa,Diabetes,Breakfast,Fish Recheado (Whole Grain; with poi),320,21,27,10,7,Medium,Low,High,Fish,"fish, recheado masala, vinegar, garlic, red chilli",Non-Vegetarian,Fish,"Prepare fish recheado in the whole grain style with a with poi serving. Use lean fish, chicken, pork, or seafood as the traditional recipe calls for. Keep oil and salt low, and avoid extra rice, bread, ghee, or sugar.",20-30 minute brisk morning walk,"Contains fish; avoid jaggery, sugar, and sweetened accompaniments"
797,Goa,Diabetes,Breakfast,Kismur (Light Oil; with poi),268,23,26,8,7,Medium,High,Low,Fish,"dry fish, coconut, onion, lime, green chilli, spices",Non-Vegetarian,Fish,"Prepare kismur in the light oil style with a with poi serving. Use lean fish, chicken, pork, or seafood as the traditional recipe calls for. Keep oil and salt low, and avoid extra rice, bread, ghee, or sugar.",20-30 minute brisk morning walk,"Contains fish; avoid jaggery, sugar, and sweetened accompaniments"
798,Goa,Diabetes,Breakfast,Prawn Dangar (High Fibre; with poi),260,19,29,7,8,Medium,Low,Medium,"Fish, Gluten, Shellfish","prawns, coconut, tamarind, semolina, onion, spices",Non-Vegetarian,Seafood,"Prepare prawn dangar in the high fibre style with a with poi serving. Use lean fish, chicken, pork, or seafood as the traditional recipe calls for. Keep oil and salt low, and avoid extra rice, bread, ghee, or sugar.",20-30 minute brisk morning walk,"Contains shellfish, gluten; avoid jaggery, sugar, and sweetened accompaniments"
799,Goa,Diabetes,Breakfast,Xitt-Kodi (No Refined Flour; with poi),252,32,18,10,10,Medium,Low,Medium,Fish,"rice, fish, coconut, kokum, onions, spices",Non-Vegetarian,Fish,"Prepare xitt-kodi in the no refined flour style with a with poi serving. Use lean fish, chicken, pork, or seafood as the traditional recipe calls for. Keep oil and salt low, and avoid extra rice, bread, ghee, or sugar.",20-30 minute brisk morning walk,"Contains fish; avoid jaggery, sugar, and sweetened accompaniments"
800,Goa,Diabetes,Breakfast,Xitt-Kodi (No Sugar; with poi),315,31,32,7,6,High,High,Low,Fish,"rice, fish, coconut, kokum, onions, spices",Non-Vegetarian,Fish,"Prepare xitt-kodi in the no sugar style with a with poi serving. Use lean fish, chicken, pork, or seafood as the traditional recipe calls for. Keep oil and salt low, and avoid extra rice, bread, ghee, or sugar.",20-30 minute brisk morning walk,"Contains fish; avoid jaggery, sugar, and sweetened accompaniments"
801,Goa,Diabetes,Breakfast,Alsanyache Tonak (No Refined Flour; with poi),193,16,21,5,6,Low,Medium,Medium,Safe,"black-eyed beans, tonak masala, onion, garlic, coconut, tamarind, potato",Vegan,,"Prepare alsanyache tonak in the no refined flour style with a with poi serving. Keep the recipe fully plant-based or vegetarian, using the traditional Goan masala and legumes/vegetables. Keep oil and salt low, and avoid extra rice, bread, ghee, or sugar.",20-30 minute brisk morning walk,"Avoid jaggery, sugar, and sweetened accompaniments"
802,Goa,Diabetes,Breakfast,Boiled Alsande (Fiber First; with poi),261,21,24,9,10,Low,High,Medium,Safe,"black-eyed peas, onion, green chilli, coriander, lemon",Vegan,,"Prepare boiled alsande in the fiber first style with a with poi serving. Keep the recipe fully plant-based or vegetarian, using the traditional Goan masala and legumes/vegetables. Keep oil and salt low, and avoid extra rice, bread, ghee, or sugar.",20-30 minute brisk morning walk,"Avoid jaggery, sugar, and sweetened accompaniments"
803,Goa,Diabetes,Breakfast,Chana Ros (Measured Serve; with poi),222,14,25,6,11,Low,High,Medium,Safe,"chickpeas, coconut, dried red chillies, onion, kokum, spices",Vegan,,"Prepare chana ros in the measured serve style with a with poi serving. Keep the recipe fully plant-based or vegetarian, using the traditional Goan masala and legumes/vegetables. Keep oil and salt low, and avoid extra rice, bread, ghee, or sugar.",20-30 minute brisk morning walk,"Avoid jaggery, sugar, and sweetened accompaniments"
804,Goa,Diabetes,Breakfast,Chana Ros (Steamed; with poi),224,10,19,12,11,Medium,Medium,Medium,Safe,"chickpeas, coconut, dried red chillies, onion, kokum, spices",Vegan,,"Prepare chana ros in the steamed style with a with poi serving. Keep the recipe fully plant-based or vegetarian, using the traditional Goan masala and legumes/vegetables. Keep oil and salt low, and avoid extra rice, bread, ghee, or sugar.",20-30 minute brisk morning walk,"Avoid jaggery, sugar, and sweetened accompaniments"
805,Goa,Diabetes,Breakfast,"Chana Ros (Whole Grain, No Jaggery)",256,15,31,8,9,Low,Low,Low,Safe,"chana, coconut, onion, garlic, spices",Vegan,,"Use chana ros with no added sugar, plenty of fibre, and a measured portion of carbohydrates. Prefer steaming, boiling, or light sautéing so the glycemic load stays controlled.",30 mins brisk walking,Count the carb portion and avoid sugary sides or sweetened drinks.
806,Goa,Diabetes,Breakfast,Khatkatem (No Extra Salt; with poi),304,18,27,10,9,Low,High,Medium,Safe,"raw jackfruit, beetroot, pumpkin, raw banana, drumstick, coconut, teflam, turmeric",Vegan,,"Prepare khatkatem in the no extra salt style with a with poi serving. Keep the recipe fully plant-based or vegetarian, using the traditional Goan masala and legumes/vegetables. Keep oil and salt low, and avoid extra rice, bread, ghee, or sugar.",20-30 minute brisk morning walk,"Avoid jaggery, sugar, and sweetened accompaniments"
807,Goa,Diabetes,Breakfast,"Khatkhatem (Steamed, Small Portion)",248,14,30,8,9,Low,Low,Low,Safe,"mixed vegetables, coconut, tamarind, tur dal, moong dal",Vegan,,"Use khatkhatem with no added sugar, plenty of fibre, and a measured portion of carbohydrates. Prefer steaming, boiling, or light sautéing so the glycemic load stays controlled.",30 mins brisk walking,Count the carb portion and avoid sugary sides or sweetened drinks.
808,Goa,Diabetes,Breakfast,"Kismoor (Minimal Oil, Low GI)",240,14,28,8,9,Low,Low,Low,Safe,"coconut, chilli, onion, tamarind, dried vegetables",Vegan,,"Use kismoor with no added sugar, plenty of fibre, and a measured portion of carbohydrates. Prefer steaming, boiling, or light sautéing so the glycemic load stays controlled.",30 mins brisk walking,Count the carb portion and avoid sugary sides or sweetened drinks.
809,Goa,Diabetes,Breakfast,"Mooga Gathi (Sprouted, High Fibre)",248,15,29,8,9,Low,Low,Low,Safe,"sprouted moong, coconut, tamarind, curry leaves",Vegan,,"Use mooga gathi with no added sugar, plenty of fibre, and a measured portion of carbohydrates. Prefer steaming, boiling, or light sautéing so the glycemic load stays controlled.",30 mins brisk walking,Count the carb portion and avoid sugary sides or sweetened drinks.
810,Goa,Diabetes,Breakfast,Moong Gathi (Slow Cooked; with poi),272,13,26,9,7,Low,Low,Low,Safe,"sprouted moong, coconut, cumin, coriander, green chilli, curry leaves",Vegan,,"Prepare moong gathi in the slow cooked style with a with poi serving. Keep the recipe fully plant-based or vegetarian, using the traditional Goan masala and legumes/vegetables. Keep oil and salt low, and avoid extra rice, bread, ghee, or sugar.",20-30 minute brisk morning walk,"Avoid jaggery, sugar, and sweetened accompaniments"
811,Goa,Diabetes,Breakfast,"Pez (Low GI, No Sugar)",240,14,28,8,9,High,Low,Low,Safe,"rice, water, cumin, pepper, coconut",Vegan,,"Use pez with no added sugar, plenty of fibre, and a measured portion of carbohydrates. Prefer steaming, boiling, or light sautéing so the glycemic load stays controlled.",30 mins brisk walking,Count the carb portion and avoid sugary sides or sweetened drinks.
812,Goa,Diabetes,Breakfast,Poi (Portion Controlled; with poi),258,20,28,7,9,Medium,Low,Medium,Gluten,"whole wheat flour, wheat bran, yeast or toddy, water, salt",Vegan,,"Prepare poi in the portion controlled style with a with poi serving. Keep the recipe fully plant-based or vegetarian, using the traditional Goan masala and legumes/vegetables. Keep oil and salt low, and avoid extra rice, bread, ghee, or sugar.",20-30 minute brisk morning walk,"Contains gluten; avoid jaggery, sugar, and sweetened accompaniments"
813,Goa,Diabetes,Breakfast,Sanna (Kokum Souring; with poi),278,18,29,10,8,Medium,Low,Low,Safe,"red rice, coconut, urad dal, toddy or yeast, salt",Vegan,,"Prepare sanna in the kokum souring style with a with poi serving. Keep the recipe fully plant-based or vegetarian, using the traditional Goan masala and legumes/vegetables. Keep oil and salt low, and avoid extra rice, bread, ghee, or sugar.",20-30 minute brisk morning walk,"Avoid jaggery, sugar, and sweetened accompaniments"
814,Goa,Diabetes,Breakfast,Tambdi Bhaji (Light Oil; with poi),228,17,31,4,9,Medium,Low,Medium,Safe,"red amaranth, garlic, coconut, green chilli, turmeric, oil",Vegan,,"Prepare tambdi bhaji in the light oil style with a with poi serving. Keep the recipe fully plant-based or vegetarian, using the traditional Goan masala and legumes/vegetables. Keep oil and salt low, and avoid extra rice, bread, ghee, or sugar.",20-30 minute brisk morning walk,"Avoid jaggery, sugar, and sweetened accompaniments"
815,Goa,Diabetes,Breakfast,Uddamethi (Complex Carb Focus; with poi),184,12,25,4,12,High,Low,Medium,Safe,"urad dal, raw mango, fenugreek seeds, tamarind, jaggery, spices",Vegan,,"Prepare uddamethi in the complex carb focus style with a with poi serving. Keep the recipe fully plant-based or vegetarian, using the traditional Goan masala and legumes/vegetables. Keep oil and salt low, and avoid extra rice, bread, ghee, or sugar.",20-30 minute brisk morning walk,"Avoid jaggery, sugar, and sweetened accompaniments"
816,Goa,Diabetes,Breakfast,Valchi Bhaji (High Fibre; with poi),252,9,34,7,11,Medium,Medium,Medium,Safe,"val or fern leaves, coconut, garlic, green chilli, spices",Vegan,,"Prepare valchi bhaji in the high fibre style with a with poi serving. Keep the recipe fully plant-based or vegetarian, using the traditional Goan masala and legumes/vegetables. Keep oil and salt low, and avoid extra rice, bread, ghee, or sugar.",20-30 minute brisk morning walk,"Avoid jaggery, sugar, and sweetened accompaniments"
817,Goa,Diabetes,Lunch,Alsanyache Tonak (Kokum Souring; with red rice),268,15,25,12,11,Medium,Low,Medium,Safe,"black-eyed beans, tonak masala, onion, garlic, coconut, tamarind, potato",Vegetarian,,"Prepare alsanyache tonak in the kokum souring style with a with red rice serving. Keep the recipe fully plant-based or vegetarian, using the traditional Goan masala and legumes/vegetables. Keep oil and salt low, and avoid extra rice, bread, ghee, or sugar.",15-20 minute easy post-lunch walk,"Avoid jaggery, sugar, and sweetened accompaniments"
818,Goa,Diabetes,Lunch,Boiled Alsande (Whole Grain; with red rice),243,11,24,9,12,Medium,Low,Low,Safe,"black-eyed peas, onion, green chilli, coriander, lemon",Vegetarian,,"Prepare boiled alsande in the whole grain style with a with red rice serving. Keep the recipe fully plant-based or vegetarian, using the traditional Goan masala and legumes/vegetables. Keep oil and salt low, and avoid extra rice, bread, ghee, or sugar.",15-20 minute easy post-lunch walk,"Avoid jaggery, sugar, and sweetened accompaniments"
819,Goa,Diabetes,Lunch,Brown Rice + Chana Ros (No Coconut) + Moolyachi,450,20,60,10,14,High,Medium,Low,Safe,"Brown Rice, White Peas, Radish",Vegetarian,,No coconut or sugar.,15 mins light walking,Avoid if post-meal exceeds 180 mg/dL
820,Goa,Diabetes,Lunch,Brown Rice + Dalitoy (No Sugar) + Tendli,450,18,65,10,12,High,Medium,Low,Safe,"Brown Rice, Toor Dal, Ivy Gourd",Vegetarian,,No sugar in dal.,15 mins light walking,Avoid if post-meal exceeds 180 mg/dL
821,Goa,Diabetes,Lunch,Brown Rice + Moong Gathi (No Sugar) + Cabbage,450,18,65,10,12,High,Medium,Low,Safe,"Brown Rice, Green Gram, Cabbage",Vegetarian,,No sugar/jaggery.,15 mins light walking,Avoid if post-meal exceeds 180 mg/dL
822,Goa,Diabetes,Lunch,Chana Ros (No Added Jaggery; with red rice),259,15,34,7,11,Low,Low,Medium,Safe,"chickpeas, coconut, dried red chillies, onion, kokum, spices",Vegetarian,,"Prepare chana ros in the no added jaggery style with a with red rice serving. Keep the recipe fully plant-based or vegetarian, using the traditional Goan masala and legumes/vegetables. Keep oil and salt low, and avoid extra rice, bread, ghee, or sugar.",15-20 minute easy post-lunch walk,"Avoid jaggery, sugar, and sweetened accompaniments"
823,Goa,Diabetes,Lunch,Khatkatem (No Refined Flour; with red rice),232,15,34,4,6,Low,High,Medium,Safe,"raw jackfruit, beetroot, pumpkin, raw banana, drumstick, coconut, teflam, turmeric",Vegetarian,,"Prepare khatkatem in the no refined flour style with a with red rice serving. Keep the recipe fully plant-based or vegetarian, using the traditional Goan masala and legumes/vegetables. Keep oil and salt low, and avoid extra rice, bread, ghee, or sugar.",15-20 minute easy post-lunch walk,"Avoid jaggery, sugar, and sweetened accompaniments"
824,Goa,Diabetes,Lunch,Khatkatem (No Sugar; with red rice),269,20,31,8,6,Medium,High,Low,Safe,"raw jackfruit, beetroot, pumpkin, raw banana, drumstick, coconut, teflam, turmeric",Vegetarian,,"Prepare khatkatem in the no sugar style with a with red rice serving. Keep the recipe fully plant-based or vegetarian, using the traditional Goan masala and legumes/vegetables. Keep oil and salt low, and avoid extra rice, bread, ghee, or sugar.",15-20 minute easy post-lunch walk,"Avoid jaggery, sugar, and sweetened accompaniments"
825,Goa,Diabetes,Lunch,Moong Gathi (Brown Rice; with red rice),220,10,24,8,11,Medium,Low,High,Safe,"sprouted moong, coconut, cumin, coriander, green chilli, curry leaves",Vegetarian,,"Prepare moong gathi in the brown rice style with a with red rice serving. Keep the recipe fully plant-based or vegetarian, using the traditional Goan masala and legumes/vegetables. Keep oil and salt low, and avoid extra rice, bread, ghee, or sugar.",15-20 minute easy post-lunch walk,"Avoid jaggery, sugar, and sweetened accompaniments"
826,Goa,Diabetes,Lunch,Poi (High Fibre; with red rice),285,13,38,9,11,Low,Medium,Medium,Gluten,"whole wheat flour, wheat bran, yeast or toddy, water, salt",Vegetarian,,"Prepare poi in the high fibre style with a with red rice serving. Keep the recipe fully plant-based or vegetarian, using the traditional Goan masala and legumes/vegetables. Keep oil and salt low, and avoid extra rice, bread, ghee, or sugar.",15-20 minute easy post-lunch walk,"Contains gluten; avoid jaggery, sugar, and sweetened accompaniments"
827,Goa,Diabetes,Lunch,Sanna (Portion Controlled; with red rice),174,10,20,6,9,Medium,Low,Low,Safe,"red rice, coconut, urad dal, toddy or yeast, salt",Vegetarian,,"Prepare sanna in the portion controlled style with a with red rice serving. Keep the recipe fully plant-based or vegetarian, using the traditional Goan masala and legumes/vegetables. Keep oil and salt low, and avoid extra rice, bread, ghee, or sugar.",15-20 minute easy post-lunch walk,"Avoid jaggery, sugar, and sweetened accompaniments"
828,Goa,Diabetes,Lunch,Tambdi Bhaji (Steamed; with red rice),278,12,34,11,10,Low,Low,Low,Safe,"red amaranth, garlic, coconut, green chilli, turmeric, oil",Vegetarian,,"Prepare tambdi bhaji in the steamed style with a with red rice serving. Keep the recipe fully plant-based or vegetarian, using the traditional Goan masala and legumes/vegetables. Keep oil and salt low, and avoid extra rice, bread, ghee, or sugar.",15-20 minute easy post-lunch walk,"Avoid jaggery, sugar, and sweetened accompaniments"
829,Goa,Diabetes,Lunch,Uddamethi (Low GI; with red rice),261,16,29,10,8,Medium,Medium,High,Safe,"urad dal, raw mango, fenugreek seeds, tamarind, jaggery, spices",Vegetarian,,"Prepare uddamethi in the low gi style with a with red rice serving. Keep the recipe fully plant-based or vegetarian, using the traditional Goan masala and legumes/vegetables. Keep oil and salt low, and avoid extra rice, bread, ghee, or sugar.",15-20 minute easy post-lunch walk,"Avoid jaggery, sugar, and sweetened accompaniments"
830,Goa,Diabetes,Lunch,Ukda Rice + Alsande Tondak + Tendli Bhaji,450,22,65,10,14,High,Medium,Low,Safe,"Parboiled Rice, Black Eyed Peas, Ivy Gourd",Vegetarian,,Strictly avoid potatoes in tondak; emphasize beans.,15 mins light walking,Avoid if post-meal exceeds 180 mg/dL
831,Goa,Diabetes,Lunch,Ukda Rice + Sol Kadi (Unsweetened) + Moolyachi Bhaji,450,15,75,8,12,High,Medium,Low,Safe,"Parboiled Rice, Kokum, Radish",Vegetarian,,Ensure kokum is unsweetened naturally.,15 mins light walking,Avoid if post-meal exceeds 180 mg/dL
832,Goa,Diabetes,Lunch,Valchi Bhaji (Light Oil; with red rice),217,16,26,8,9,Low,Low,Medium,Safe,"val or fern leaves, coconut, garlic, green chilli, spices",Vegetarian,,"Prepare valchi bhaji in the light oil style with a with red rice serving. Keep the recipe fully plant-based or vegetarian, using the traditional Goan masala and legumes/vegetables. Keep oil and salt low, and avoid extra rice, bread, ghee, or sugar.",15-20 minute easy post-lunch walk,"Avoid jaggery, sugar, and sweetened accompaniments"
833,Goa,Diabetes,Lunch,Ambot Tik (No Refined Flour; with red rice),218,21,20,6,8,Medium,Medium,Medium,"Fish, Shellfish","fish or prawns, tamarind, vinegar, red chilli, garlic, kokum",Non-Vegetarian,Fish,"Prepare ambot tik in the no refined flour style with a with red rice serving. Use lean fish, chicken, pork, or seafood as the traditional recipe calls for. Keep oil and salt low, and avoid extra rice, bread, ghee, or sugar.",15-20 minute easy post-lunch walk,"Contains fish, shellfish; avoid jaggery, sugar, and sweetened accompaniments"
834,Goa,Diabetes,Lunch,Ambot Tik (No Sugar; with red rice),253,19,24,9,7,Medium,Low,Medium,"Fish, Shellfish","fish or prawns, tamarind, vinegar, red chilli, garlic, kokum",Non-Vegetarian,Fish,"Prepare ambot tik in the no sugar style with a with red rice serving. Use lean fish, chicken, pork, or seafood as the traditional recipe calls for. Keep oil and salt low, and avoid extra rice, bread, ghee, or sugar.",15-20 minute easy post-lunch walk,"Contains fish, shellfish; avoid jaggery, sugar, and sweetened accompaniments"
835,Goa,Diabetes,Lunch,Balchao (Portion Controlled; with red rice),320,28,34,8,9,Medium,Low,Medium,"Fish, Shellfish","fish or prawns or pork, vinegar, red chilli, tomatoes, garlic, spices",Non-Vegetarian,Seafood,"Prepare balchao in the portion controlled style with a with red rice serving. Use lean fish, chicken, pork, or seafood as the traditional recipe calls for. Keep oil and salt low, and avoid extra rice, bread, ghee, or sugar.",15-20 minute easy post-lunch walk,"Contains fish, shellfish; avoid jaggery, sugar, and sweetened accompaniments"
836,Goa,Diabetes,Lunch,Brown Rice + Sungtachi Hooman (No Sugar) + Kelyachi Bhaji,450,28,55,10,9,High,Medium,Low,"Fish, Shellfish","Brown Rice, Prawns, Raw Banana",Non-Vegetarian,Prawns,Strictly no sugar in hooman; steam bhaji.,15 mins light walking,Avoid if post-meal exceeds 180 mg/dL
837,Goa,Diabetes,Lunch,Caldinho (No Added Jaggery; with red rice),273,21,22,8,10,Medium,Low,Medium,"Dairy, Fish","fish or chicken, coconut milk, green herbs, onions, pepper, spices",Non-Vegetarian,Fish,"Prepare caldinho in the no added jaggery style with a with red rice serving. Use lean fish, chicken, pork, or seafood as the traditional recipe calls for. Keep oil and salt low, and avoid extra rice, bread, ghee, or sugar.",15-20 minute easy post-lunch walk,"Contains fish; avoid jaggery, sugar, and sweetened accompaniments"
838,Goa,Diabetes,Lunch,Chicken Cafreal (Whole Grain; with red rice),250,20,29,6,8,Low,Low,Medium,Safe,"chicken, coriander, lime, vinegar, garlic, green chilli, spices",Non-Vegetarian,Chicken,"Prepare chicken cafreal in the whole grain style with a with red rice serving. Use lean fish, chicken, pork, or seafood as the traditional recipe calls for. Keep oil and salt low, and avoid extra rice, bread, ghee, or sugar.",15-20 minute easy post-lunch walk,"Avoid jaggery, sugar, and sweetened accompaniments"
839,Goa,Diabetes,Lunch,Fish Curry Rice (Low GI; with red rice),263,23,27,7,6,High,Medium,Low,Fish,fish curry rice,Non-Vegetarian,,"Prepare fish curry rice in the low gi style with a with red rice serving. Use lean fish, chicken, pork, or seafood as the traditional recipe calls for. Keep oil and salt low, and avoid extra rice, bread, ghee, or sugar.",15-20 minute easy post-lunch walk,"Avoid jaggery, sugar, and sweetened accompaniments"
840,Goa,Diabetes,Lunch,Fish Curry Rice (No Extra Salt; with red rice),332,23,32,12,5,Medium,High,Low,Fish,fish curry rice,Non-Vegetarian,,"Prepare fish curry rice in the no extra salt style with a with red rice serving. Use lean fish, chicken, pork, or seafood as the traditional recipe calls for. Keep oil and salt low, and avoid extra rice, bread, ghee, or sugar.",15-20 minute easy post-lunch walk,"Avoid jaggery, sugar, and sweetened accompaniments"
841,Goa,Diabetes,Lunch,Fish Recheado (Brown Rice; with red rice),286,25,24,10,6,Low,Medium,Medium,Fish,"fish, recheado masala, vinegar, garlic, red chilli",Non-Vegetarian,Fish,"Prepare fish recheado in the brown rice style with a with red rice serving. Use lean fish, chicken, pork, or seafood as the traditional recipe calls for. Keep oil and salt low, and avoid extra rice, bread, ghee, or sugar.",15-20 minute easy post-lunch walk,"Contains fish; avoid jaggery, sugar, and sweetened accompaniments"
842,Goa,Diabetes,Lunch,Fish Recheado (Complex Carb Focus; with red rice),213,18,24,5,8,Low,Medium,Medium,Fish,"fish, recheado masala, vinegar, garlic, red chilli",Non-Vegetarian,Fish,"Prepare fish recheado in the complex carb focus style with a with red rice serving. Use lean fish, chicken, pork, or seafood as the traditional recipe calls for. Keep oil and salt low, and avoid extra rice, bread, ghee, or sugar.",15-20 minute easy post-lunch walk,"Contains fish; avoid jaggery, sugar, and sweetened accompaniments"
843,Goa,Diabetes,Lunch,Kismur (Steamed; with red rice),263,22,28,7,7,High,Medium,High,Fish,"dry fish, coconut, onion, lime, green chilli, spices",Non-Vegetarian,Fish,"Prepare kismur in the steamed style with a with red rice serving. Use lean fish, chicken, pork, or seafood as the traditional recipe calls for. Keep oil and salt low, and avoid extra rice, bread, ghee, or sugar.",15-20 minute easy post-lunch walk,"Contains fish; avoid jaggery, sugar, and sweetened accompaniments"
844,Goa,Diabetes,Lunch,Ukda Rice + Chicken Broth + Gawar Bhaji,450,30,55,10,10,High,Medium,Low,Safe,"Parboiled Rice, Chicken, Cluster Beans",Non-Vegetarian,Chicken,Clear broth.,15 mins light walking,Avoid if post-meal exceeds 180 mg/dL
845,Goa,Diabetes,Lunch,Ukda Rice + Fish Hooman (No Sugar) + Tambdi Bhaji,450,30,55,10,10,High,Medium,Low,Fish,"Parboiled Rice, Fish, Red Amaranth",Non-Vegetarian,Fish,No sugar in hooman.,15 mins light walking,Avoid if post-meal exceeds 180 mg/dL
846,Goa,Diabetes,Lunch,Ukda Rice + Kadi (No Sugar) + Paplet Grill,450,32,55,10,6,High,Medium,Low,Fish,"Parboiled Rice, Kokum, Pomfret",Non-Vegetarian,Fish,Grill fish without oil; strictly no sugar in kadi.,15 mins light walking,Avoid if post-meal exceeds 180 mg/dL
847,Goa,Diabetes,Lunch,Ukda Rice + Paplet Caldin (No Sugar) + Moolyachi Bhaji,450,32,55,10,9,High,Medium,Low,Fish,"Parboiled Rice, Pomfret, Radish",Non-Vegetarian,Fish,Strictly no sugar in caldin; steam radish.,15 mins light walking,Avoid if post-meal exceeds 180 mg/dL
848,Goa,Diabetes,Lunch,Xitt-Kodi (Kokum Souring; with red rice),371,31,38,6,7,High,Low,Medium,Fish,"rice, fish, coconut, kokum, onions, spices",Non-Vegetarian,Fish,"Prepare xitt-kodi in the kokum souring style with a with red rice serving. Use lean fish, chicken, pork, or seafood as the traditional recipe calls for. Keep oil and salt low, and avoid extra rice, bread, ghee, or sugar.",15-20 minute easy post-lunch walk,"Contains fish; avoid jaggery, sugar, and sweetened accompaniments"
849,Goa,Diabetes,Lunch,"Alsanyache Tonak (Steamed, Measured Portion)",354,22,44,10,11,Low,Low,Low,Safe,"black-eyed peas, coconut, roasted spices, tamarind",Vegan,,"Use alsanyache tonak with no added sugar, plenty of fibre, and a measured portion of carbohydrates. Prefer steaming, boiling, or light sautéing so the glycemic load stays controlled.",30 mins brisk walking,Count the carb portion and avoid sugary sides or sweetened drinks.
850,Goa,Diabetes,Lunch,Alsanyache Tonak (Whole Grain; with steamed rice),265,22,27,5,9,Medium,Low,High,Safe,"black-eyed beans, tonak masala, onion, garlic, coconut, tamarind, potato",Vegan,,"Prepare alsanyache tonak in the whole grain style with a with steamed rice serving. Keep the recipe fully plant-based or vegetarian, using the traditional Goan masala and legumes/vegetables. Keep oil and salt low, and avoid extra rice, bread, ghee, or sugar.",15-20 minute easy post-lunch walk,"Avoid jaggery, sugar, and sweetened accompaniments"
851,Goa,Diabetes,Lunch,"Ambadyachem Sasav (High Fibre, No Salt)",354,23,43,10,11,High,Low,Low,Mustard,"hog plum, coconut, mustard, jaggery, chilli",Vegan,,"Use ambadyachem sasav with no added sugar, plenty of fibre, and a measured portion of carbohydrates. Prefer steaming, boiling, or light sautéing so the glycemic load stays controlled.",30 mins brisk walking,Count the carb portion and avoid sugary sides or sweetened drinks.
852,Goa,Diabetes,Lunch,Boiled Alsande (Slow Cooked; with red rice),265,15,31,9,6,Medium,Low,High,Safe,"black-eyed peas, onion, green chilli, coriander, lemon",Vegan,,"Prepare boiled alsande in the slow cooked style with a with red rice serving. Keep the recipe fully plant-based or vegetarian, using the traditional Goan masala and legumes/vegetables. Keep oil and salt low, and avoid extra rice, bread, ghee, or sugar.",15-20 minute easy post-lunch walk,"Avoid jaggery, sugar, and sweetened accompaniments"
853,Goa,Diabetes,Lunch,Caldinho (Whole Grains Only),362,23,45,10,11,Low,Low,Low,Dairy,"vegetables, coconut milk, turmeric, pepper",Vegan,,"Use caldinho with no added sugar, plenty of fibre, and a measured portion of carbohydrates. Prefer steaming, boiling, or light sautéing so the glycemic load stays controlled.",30 mins brisk walking,Count the carb portion and avoid sugary sides or sweetened drinks.
854,Goa,Diabetes,Lunch,Chana Ros (Fiber First; with red rice),239,17,33,4,8,Low,Medium,Medium,Safe,"chickpeas, coconut, dried red chillies, onion, kokum, spices",Vegan,,"Prepare chana ros in the fiber first style with a with red rice serving. Keep the recipe fully plant-based or vegetarian, using the traditional Goan masala and legumes/vegetables. Keep oil and salt low, and avoid extra rice, bread, ghee, or sugar.",15-20 minute easy post-lunch walk,"Avoid jaggery, sugar, and sweetened accompaniments"
855,Goa,Diabetes,Lunch,Chidki Midki Bhaji (Complex Carbs Focus),346,22,42,10,11,Low,Low,Low,Safe,"leafy greens, coconut, garlic, spices",Vegan,,"Use chidki midki bhaji with no added sugar, plenty of fibre, and a measured portion of carbohydrates. Prefer steaming, boiling, or light sautéing so the glycemic load stays controlled.",30 mins brisk walking,Count the carb portion and avoid sugary sides or sweetened drinks.
856,Goa,Diabetes,Lunch,Khatkatem (No Added Jaggery; with steamed rice),255,9,30,11,9,Medium,Medium,Medium,Safe,"raw jackfruit, beetroot, pumpkin, raw banana, drumstick, coconut, teflam, turmeric",Vegan,,"Prepare khatkatem in the no added jaggery style with a with steamed rice serving. Keep the recipe fully plant-based or vegetarian, using the traditional Goan masala and legumes/vegetables. Keep oil and salt low, and avoid extra rice, bread, ghee, or sugar.",15-20 minute easy post-lunch walk,"Avoid jaggery, sugar, and sweetened accompaniments"
857,Goa,Diabetes,Lunch,"Khatkhatem (Low GI, No Sugar)",346,22,42,10,11,Low,Low,Low,Safe,"mixed vegetables, coconut, tamarind, tur dal, moong dal",Vegan,,"Use khatkhatem with no added sugar, plenty of fibre, and a measured portion of carbohydrates. Prefer steaming, boiling, or light sautéing so the glycemic load stays controlled.",30 mins brisk walking,Count the carb portion and avoid sugary sides or sweetened drinks.
858,Goa,Diabetes,Lunch,Mooga Gathi (Blood Sugar Friendly),354,23,43,10,11,Low,Low,Low,Safe,"sprouted moong, coconut, tamarind, curry leaves",Vegan,,"Use mooga gathi with no added sugar, plenty of fibre, and a measured portion of carbohydrates. Prefer steaming, boiling, or light sautéing so the glycemic load stays controlled.",30 mins brisk walking,Count the carb portion and avoid sugary sides or sweetened drinks.
859,Goa,Diabetes,Lunch,Moong Gathi (Complex Carb Focus; with red rice),272,21,28,5,12,Medium,Low,Medium,Safe,"sprouted moong, coconut, cumin, coriander, green chilli, curry leaves",Vegan,,"Prepare moong gathi in the complex carb focus style with a with red rice serving. Keep the recipe fully plant-based or vegetarian, using the traditional Goan masala and legumes/vegetables. Keep oil and salt low, and avoid extra rice, bread, ghee, or sugar.",15-20 minute easy post-lunch walk,"Avoid jaggery, sugar, and sweetened accompaniments"
860,Goa,Diabetes,Lunch,Poi (Low GI; with steamed rice),300,18,30,12,12,Medium,High,High,Gluten,"whole wheat flour, wheat bran, yeast or toddy, water, salt",Vegan,,"Prepare poi in the low gi style with a with steamed rice serving. Keep the recipe fully plant-based or vegetarian, using the traditional Goan masala and legumes/vegetables. Keep oil and salt low, and avoid extra rice, bread, ghee, or sugar.",15-20 minute easy post-lunch walk,"Contains gluten; avoid jaggery, sugar, and sweetened accompaniments"
861,Goa,Diabetes,Lunch,Tambdi Bhaji (Measured Serve; with red rice),209,10,26,11,8,Medium,Low,Low,Safe,"red amaranth, garlic, coconut, green chilli, turmeric, oil",Vegan,,"Prepare tambdi bhaji in the measured serve style with a with red rice serving. Keep the recipe fully plant-based or vegetarian, using the traditional Goan masala and legumes/vegetables. Keep oil and salt low, and avoid extra rice, bread, ghee, or sugar.",15-20 minute easy post-lunch walk,"Avoid jaggery, sugar, and sweetened accompaniments"
862,Goa,Diabetes,Lunch,Uddamethi (No Extra Salt; with red rice),219,12,27,7,12,High,Low,Medium,Safe,"urad dal, raw mango, fenugreek seeds, tamarind, jaggery, spices",Vegan,,"Prepare uddamethi in the no extra salt style with a with red rice serving. Keep the recipe fully plant-based or vegetarian, using the traditional Goan masala and legumes/vegetables. Keep oil and salt low, and avoid extra rice, bread, ghee, or sugar.",15-20 minute easy post-lunch walk,"Avoid jaggery, sugar, and sweetened accompaniments"
863,Goa,Diabetes,Lunch,Uddamethi (Steamed; with steamed rice),186,9,24,6,8,High,Low,Medium,Safe,"urad dal, raw mango, fenugreek seeds, tamarind, jaggery, spices",Vegan,,"Prepare uddamethi in the steamed style with a with steamed rice serving. Keep the recipe fully plant-based or vegetarian, using the traditional Goan masala and legumes/vegetables. Keep oil and salt low, and avoid extra rice, bread, ghee, or sugar.",15-20 minute easy post-lunch walk,"Avoid jaggery, sugar, and sweetened accompaniments"
864,Goa,Diabetes,Lunch,Valchi Bhaji (No Sugar; with steamed rice),166,10,18,6,11,Low,Low,High,Safe,"val or fern leaves, coconut, garlic, green chilli, spices",Vegan,,"Prepare valchi bhaji in the no sugar style with a with steamed rice serving. Keep the recipe fully plant-based or vegetarian, using the traditional Goan masala and legumes/vegetables. Keep oil and salt low, and avoid extra rice, bread, ghee, or sugar.",15-20 minute easy post-lunch walk,"Avoid jaggery, sugar, and sweetened accompaniments"
865,Goa,Diabetes,Snack,Alle Belle (Blood Sugar Friendly),255,6,33,11,3,High,Low,Low,Gluten,"flour, coconut, jaggery, cardamom",Vegetarian,,"Use alle belle with no added sugar, plenty of fibre, and a measured portion of carbohydrates. Prefer steaming, boiling, or light sautéing so the glycemic load stays controlled.",30 mins brisk walking,Count the carb portion and avoid sugary sides or sweetened drinks.
866,Goa,Diabetes,Snack,Boiled Alsande (Brown Rice; tea-time snack),211,18,19,7,6,Low,Low,Low,Safe,"black-eyed peas, onion, green chilli, coriander, lemon",Vegetarian,,"Prepare boiled alsande in the brown rice style with a tea-time snack serving. Keep the recipe fully plant-based or vegetarian, using the traditional Goan masala and legumes/vegetables. Keep oil and salt low, and avoid extra rice, bread, ghee, or sugar.",10-15 minute light walk or mobility session,"Avoid jaggery, sugar, and sweetened accompaniments"
867,Goa,Diabetes,Snack,Boiled Black Gram (Kalo Chana),150,8,22,2,8,Low,Low,Low,Safe,Black Gram,Vegetarian,,Boil perfectly.,General mobility,Monitor glucose if snacking often
868,Goa,Diabetes,Snack,Boiled Moong Sprouts,130,8,20,2,8,Low,Low,Low,Safe,Green Gram Sprouts,Vegetarian,,Boil thoroughly.,General mobility,Monitor glucose if snacking often
869,Goa,Diabetes,Snack,Chana Ros (Whole Grain; tea-time snack),262,21,28,7,8,Low,Medium,Medium,Safe,"chickpeas, coconut, dried red chillies, onion, kokum, spices",Vegetarian,,"Prepare chana ros in the whole grain style with a tea-time snack serving. Keep the recipe fully plant-based or vegetarian, using the traditional Goan masala and legumes/vegetables. Keep oil and salt low, and avoid extra rice, bread, ghee, or sugar.",10-15 minute light walk or mobility session,"Avoid jaggery, sugar, and sweetened accompaniments"
870,Goa,Diabetes,Snack,Cucumber Sticks,150,2,30,1,6,Low,Low,Low,Safe,Cucumber,Vegetarian,,Serve raw.,General mobility,Monitor glucose if snacking often
871,Goa,Diabetes,Snack,Moong Gathi (Low GI; tea-time snack),219,13,25,11,10,Medium,Low,Medium,Safe,"sprouted moong, coconut, cumin, coriander, green chilli, curry leaves",Vegetarian,,"Prepare moong gathi in the low gi style with a tea-time snack serving. Keep the recipe fully plant-based or vegetarian, using the traditional Goan masala and legumes/vegetables. Keep oil and salt low, and avoid extra rice, bread, ghee, or sugar.",10-15 minute light walk or mobility session,"Avoid jaggery, sugar, and sweetened accompaniments"
872,Goa,Diabetes,Snack,Roasted Cashews (Unsalted),150,5,8,12,1,Low,Low,Low,"Nut, Nuts",Cashew Nuts,Vegetarian,,Dry roast on low heat; no added salt.,General mobility,Monitor glucose if snacking often
873,Goa,Diabetes,Snack,Roasted Chana (No Salt),150,8,25,2,6,Low,Low,Low,Safe,Bengal Gram,Vegetarian,,Dry roast on low flame.,General mobility,Monitor glucose if snacking often
874,Goa,Diabetes,Snack,Roasted Edamame / Soya Beans,150,12,12,6,5,Low,Low,Low,Soy,Soya Beans,Vegetarian,,Dry roast on low flame.,General mobility,Monitor glucose if snacking often
875,Goa,Diabetes,Snack,Roasted Flax Seeds,150,6,8,12,6,Low,Low,Low,Safe,Flax Seeds,Vegetarian,,Dry roast thoroughly without any oil.,General mobility,Monitor glucose if snacking often
876,Goa,Diabetes,Snack,Roasted Peanuts (Unsalted),150,6,10,10,3,Low,Low,Low,"Peanut, Peanuts",Peanuts,Vegetarian,,Dry roast.,General mobility,Monitor glucose if snacking often
877,Goa,Diabetes,Snack,Roasted Pumpkin Seeds,150,6,10,10,4,Low,Low,Low,Safe,Pumpkin Seeds,Vegetarian,,Dry roast on low heat.,General mobility,Monitor glucose if snacking often
878,Goa,Diabetes,Snack,Tavsali (No Sugar Added),128,8,15,4,5,High,Low,Low,"Gluten, Dairy","cucumber, rava, coconut, jaggery, cardamom",Vegetarian,,"Use tavsali with no added sugar, plenty of fibre, and a measured portion of carbohydrates. Prefer steaming, boiling, or light sautéing so the glycemic load stays controlled.",30 mins brisk walking,Count the carb portion and avoid sugary sides or sweetened drinks.
879,Goa,Diabetes,Snack,Tomato and Celery Salad,117,2,25,1,6,Low,Low,Low,Safe,"Tomato, Celery",Vegetarian,,Serve raw.,General mobility,Monitor glucose if snacking often
880,Goa,Diabetes,Snack,Uddamethi (No Sugar; tea-time snack),240,18,29,9,8,Medium,Low,Medium,Safe,"urad dal, raw mango, fenugreek seeds, tamarind, jaggery, spices",Vegetarian,,"Prepare uddamethi in the no sugar style with a tea-time snack serving. Keep the recipe fully plant-based or vegetarian, using the traditional Goan masala and legumes/vegetables. Keep oil and salt low, and avoid extra rice, bread, ghee, or sugar.",10-15 minute light walk or mobility session,"Avoid jaggery, sugar, and sweetened accompaniments"
881,Goa,Diabetes,Snack,Ambot Tik (Kokum Souring; tea-time snack),311,25,21,10,5,Low,Medium,Low,"Fish, Shellfish","fish or prawns, tamarind, vinegar, red chilli, garlic, kokum",Non-Vegetarian,Fish,"Prepare ambot tik in the kokum souring style with a tea-time snack serving. Use lean fish, chicken, pork, or seafood as the traditional recipe calls for. Keep oil and salt low, and avoid extra rice, bread, ghee, or sugar.",10-15 minute light walk or mobility session,"Contains fish, shellfish; avoid jaggery, sugar, and sweetened accompaniments"
882,Goa,Diabetes,Snack,Caldinho (Slow Cooked; tea-time snack),340,26,32,12,8,Medium,Low,Medium,"Dairy, Fish","fish or chicken, coconut milk, green herbs, onions, pepper, spices",Non-Vegetarian,Fish,"Prepare caldinho in the slow cooked style with a tea-time snack serving. Use lean fish, chicken, pork, or seafood as the traditional recipe calls for. Keep oil and salt low, and avoid extra rice, bread, ghee, or sugar.",10-15 minute light walk or mobility session,"Contains fish; avoid jaggery, sugar, and sweetened accompaniments"
883,Goa,Diabetes,Snack,Caldinho (Whole Grain; tea-time snack),324,22,34,7,9,Medium,Medium,High,"Dairy, Fish","fish or chicken, coconut milk, green herbs, onions, pepper, spices",Non-Vegetarian,Fish,"Prepare caldinho in the whole grain style with a tea-time snack serving. Use lean fish, chicken, pork, or seafood as the traditional recipe calls for. Keep oil and salt low, and avoid extra rice, bread, ghee, or sugar.",10-15 minute light walk or mobility session,"Contains fish; avoid jaggery, sugar, and sweetened accompaniments"
884,Goa,Diabetes,Snack,Chicken Cafreal (Brown Rice; tea-time snack),318,24,32,8,8,Medium,Low,Medium,Safe,"chicken, coriander, lime, vinegar, garlic, green chilli, spices",Non-Vegetarian,Chicken,"Prepare chicken cafreal in the brown rice style with a tea-time snack serving. Use lean fish, chicken, pork, or seafood as the traditional recipe calls for. Keep oil and salt low, and avoid extra rice, bread, ghee, or sugar.",10-15 minute light walk or mobility session,"Avoid jaggery, sugar, and sweetened accompaniments"
885,Goa,Diabetes,Snack,Chicken Cafreal (Complex Carb Focus; tea-time snack),300,23,34,8,7,Low,Low,Low,Safe,"chicken, coriander, lime, vinegar, garlic, green chilli, spices",Non-Vegetarian,Chicken,"Prepare chicken cafreal in the complex carb focus style with a tea-time snack serving. Use lean fish, chicken, pork, or seafood as the traditional recipe calls for. Keep oil and salt low, and avoid extra rice, bread, ghee, or sugar.",10-15 minute light walk or mobility session,"Avoid jaggery, sugar, and sweetened accompaniments"
886,Goa,Diabetes,Snack,Crab Xacuti (Light Oil; tea-time snack),202,19,18,6,9,Low,Low,High,"Fish, Shellfish","crab, roasted coconut, poppy seeds, onions, dry red chillies, spices",Non-Vegetarian,Seafood,"Prepare crab xacuti in the light oil style with a tea-time snack serving. Use lean fish, chicken, pork, or seafood as the traditional recipe calls for. Keep oil and salt low, and avoid extra rice, bread, ghee, or sugar.",10-15 minute light walk or mobility session,"Contains shellfish; avoid jaggery, sugar, and sweetened accompaniments"
887,Goa,Diabetes,Snack,Crab Xacuti (No Sugar; small bowl),367,30,37,11,7,Medium,High,Medium,"Fish, Shellfish","crab, roasted coconut, poppy seeds, onions, dry red chillies, spices",Non-Vegetarian,Seafood,"Prepare crab xacuti in the no sugar style with a small bowl serving. Use lean fish, chicken, pork, or seafood as the traditional recipe calls for. Keep oil and salt low, and avoid extra rice, bread, ghee, or sugar.",10-15 minute light walk or mobility session,"Contains shellfish; avoid jaggery, sugar, and sweetened accompaniments"
888,Goa,Diabetes,Snack,Fish Curry Rice (No Refined Flour; tea-time snack),349,29,38,9,7,High,Low,Low,Fish,fish curry rice,Non-Vegetarian,,"Prepare fish curry rice in the no refined flour style with a tea-time snack serving. Use lean fish, chicken, pork, or seafood as the traditional recipe calls for. Keep oil and salt low, and avoid extra rice, bread, ghee, or sugar.",10-15 minute light walk or mobility session,"Avoid jaggery, sugar, and sweetened accompaniments"
889,Goa,Diabetes,Snack,Fish Curry Rice (No Sugar; tea-time snack),292,21,25,12,9,Medium,Low,Medium,Fish,fish curry rice,Non-Vegetarian,,"Prepare fish curry rice in the no sugar style with a tea-time snack serving. Use lean fish, chicken, pork, or seafood as the traditional recipe calls for. Keep oil and salt low, and avoid extra rice, bread, ghee, or sugar.",10-15 minute light walk or mobility session,"Avoid jaggery, sugar, and sweetened accompaniments"
890,Goa,Diabetes,Snack,Fish Recheado (Low GI; tea-time snack),286,32,24,6,10,Low,High,Medium,Fish,"fish, recheado masala, vinegar, garlic, red chilli",Non-Vegetarian,Fish,"Prepare fish recheado in the low gi style with a tea-time snack serving. Use lean fish, chicken, pork, or seafood as the traditional recipe calls for. Keep oil and salt low, and avoid extra rice, bread, ghee, or sugar.",10-15 minute light walk or mobility session,"Contains fish; avoid jaggery, sugar, and sweetened accompaniments"
891,Goa,Diabetes,Snack,Fish Recheado (No Extra Salt; tea-time snack),251,29,18,7,9,Medium,High,Medium,Fish,"fish, recheado masala, vinegar, garlic, red chilli",Non-Vegetarian,Fish,"Prepare fish recheado in the no extra salt style with a tea-time snack serving. Use lean fish, chicken, pork, or seafood as the traditional recipe calls for. Keep oil and salt low, and avoid extra rice, bread, ghee, or sugar.",10-15 minute light walk or mobility session,"Contains fish; avoid jaggery, sugar, and sweetened accompaniments"
892,Goa,Diabetes,Snack,Kismur (Fiber First; tea-time snack),326,31,28,10,6,Medium,Medium,High,Fish,"dry fish, coconut, onion, lime, green chilli, spices",Non-Vegetarian,Fish,"Prepare kismur in the fiber first style with a tea-time snack serving. Use lean fish, chicken, pork, or seafood as the traditional recipe calls for. Keep oil and salt low, and avoid extra rice, bread, ghee, or sugar.",10-15 minute light walk or mobility session,"Contains fish; avoid jaggery, sugar, and sweetened accompaniments"
893,Goa,Diabetes,Snack,Kismur (No Added Jaggery; tea-time snack),300,20,32,8,6,Medium,Low,Low,Fish,"dry fish, coconut, onion, lime, green chilli, spices",Non-Vegetarian,Fish,"Prepare kismur in the no added jaggery style with a tea-time snack serving. Use lean fish, chicken, pork, or seafood as the traditional recipe calls for. Keep oil and salt low, and avoid extra rice, bread, ghee, or sugar.",10-15 minute light walk or mobility session,"Contains fish; avoid jaggery, sugar, and sweetened accompaniments"
894,Goa,Diabetes,Snack,Prawn Dangar (Measured Serve; tea-time snack),305,26,21,11,9,Low,Medium,Medium,"Fish, Gluten, Shellfish","prawns, coconut, tamarind, semolina, onion, spices",Non-Vegetarian,Seafood,"Prepare prawn dangar in the measured serve style with a tea-time snack serving. Use lean fish, chicken, pork, or seafood as the traditional recipe calls for. Keep oil and salt low, and avoid extra rice, bread, ghee, or sugar.",10-15 minute light walk or mobility session,"Contains shellfish, gluten; avoid jaggery, sugar, and sweetened accompaniments"
895,Goa,Diabetes,Snack,Prawn Dangar (Steamed; tea-time snack),277,25,33,5,9,Medium,Medium,Low,"Fish, Gluten, Shellfish","prawns, coconut, tamarind, semolina, onion, spices",Non-Vegetarian,Seafood,"Prepare prawn dangar in the steamed style with a tea-time snack serving. Use lean fish, chicken, pork, or seafood as the traditional recipe calls for. Keep oil and salt low, and avoid extra rice, bread, ghee, or sugar.",10-15 minute light walk or mobility session,"Contains shellfish, gluten; avoid jaggery, sugar, and sweetened accompaniments"
896,Goa,Diabetes,Snack,Xitt-Kodi (Portion Controlled; tea-time snack),324,29,25,12,7,Medium,Low,Medium,Fish,"rice, fish, coconut, kokum, onions, spices",Non-Vegetarian,Fish,"Prepare xitt-kodi in the portion controlled style with a tea-time snack serving. Use lean fish, chicken, pork, or seafood as the traditional recipe calls for. Keep oil and salt low, and avoid extra rice, bread, ghee, or sugar.",10-15 minute light walk or mobility session,"Contains fish; avoid jaggery, sugar, and sweetened accompaniments"
897,Goa,Diabetes,Snack,Alsanyache Tonak (Portion Controlled; tea-time snack),251,16,32,4,8,Low,Low,Medium,Safe,"black-eyed beans, tonak masala, onion, garlic, coconut, tamarind, potato",Vegan,,"Prepare alsanyache tonak in the portion controlled style with a tea-time snack serving. Keep the recipe fully plant-based or vegetarian, using the traditional Goan masala and legumes/vegetables. Keep oil and salt low, and avoid extra rice, bread, ghee, or sugar.",10-15 minute light walk or mobility session,"Avoid jaggery, sugar, and sweetened accompaniments"
898,Goa,Diabetes,Snack,Boiled Alsande (Complex Carb Focus; tea-time snack),182,11,26,6,8,Medium,High,Medium,Safe,"black-eyed peas, onion, green chilli, coriander, lemon",Vegan,,"Prepare boiled alsande in the complex carb focus style with a tea-time snack serving. Keep the recipe fully plant-based or vegetarian, using the traditional Goan masala and legumes/vegetables. Keep oil and salt low, and avoid extra rice, bread, ghee, or sugar.",10-15 minute light walk or mobility session,"Avoid jaggery, sugar, and sweetened accompaniments"
899,Goa,Diabetes,Snack,Chana Ros (Slow Cooked; tea-time snack),188,9,29,4,6,Low,Low,Medium,Safe,"chickpeas, coconut, dried red chillies, onion, kokum, spices",Vegan,,"Prepare chana ros in the slow cooked style with a tea-time snack serving. Keep the recipe fully plant-based or vegetarian, using the traditional Goan masala and legumes/vegetables. Keep oil and salt low, and avoid extra rice, bread, ghee, or sugar.",10-15 minute light walk or mobility session,"Avoid jaggery, sugar, and sweetened accompaniments"
900,Goa,Diabetes,Snack,Chidki Midki Bhaji (Steamed or Dry Roasted),140,8,17,4,5,Low,Low,Low,Safe,"leafy greens, coconut, garlic, spices",Vegan,,"Use chidki midki bhaji with no added sugar, plenty of fibre, and a measured portion of carbohydrates. Prefer steaming, boiling, or light sautéing so the glycemic load stays controlled.",30 mins brisk walking,Count the carb portion and avoid sugary sides or sweetened drinks.
901,Goa,Diabetes,Snack,Khatkatem (Kokum Souring; tea-time snack),284,21,32,8,7,Medium,Low,Low,Safe,"raw jackfruit, beetroot, pumpkin, raw banana, drumstick, coconut, teflam, turmeric",Vegan,,"Prepare khatkatem in the kokum souring style with a tea-time snack serving. Keep the recipe fully plant-based or vegetarian, using the traditional Goan masala and legumes/vegetables. Keep oil and salt low, and avoid extra rice, bread, ghee, or sugar.",10-15 minute light walk or mobility session,"Avoid jaggery, sugar, and sweetened accompaniments"
902,Goa,Diabetes,Snack,Kismoor (Low GI Snack),120,7,14,4,5,Low,Low,Low,Safe,"coconut, chilli, onion, tamarind, dried vegetables",Vegan,,"Use kismoor with no added sugar, plenty of fibre, and a measured portion of carbohydrates. Prefer steaming, boiling, or light sautéing so the glycemic load stays controlled.",30 mins brisk walking,Count the carb portion and avoid sugary sides or sweetened drinks.
903,Goa,Diabetes,Snack,Moong Gathi (No Extra Salt; tea-time snack),233,16,29,8,8,Medium,Low,Low,Safe,"sprouted moong, coconut, cumin, coriander, green chilli, curry leaves",Vegan,,"Prepare moong gathi in the no extra salt style with a tea-time snack serving. Keep the recipe fully plant-based or vegetarian, using the traditional Goan masala and legumes/vegetables. Keep oil and salt low, and avoid extra rice, bread, ghee, or sugar.",10-15 minute light walk or mobility session,"Avoid jaggery, sugar, and sweetened accompaniments"
904,Goa,Diabetes,Snack,Paanch Pale Bhaji (Measured Carb Portion),120,7,14,4,5,Low,Low,Low,Safe,"five leafy greens, coconut, spices",Vegan,,"Use paanch pale bhaji with no added sugar, plenty of fibre, and a measured portion of carbohydrates. Prefer steaming, boiling, or light sautéing so the glycemic load stays controlled.",30 mins brisk walking,Count the carb portion and avoid sugary sides or sweetened drinks.
905,Goa,Diabetes,Snack,"Pez (High Fibre, Small Portion)",128,7,16,4,5,High,Low,Low,Safe,"rice, water, cumin, pepper, coconut",Vegan,,"Use pez with no added sugar, plenty of fibre, and a measured portion of carbohydrates. Prefer steaming, boiling, or light sautéing so the glycemic load stays controlled.",30 mins brisk walking,Count the carb portion and avoid sugary sides or sweetened drinks.
906,Goa,Diabetes,Snack,Poi (Light Oil; tea-time snack),214,22,24,4,8,Low,Low,Medium,Gluten,"whole wheat flour, wheat bran, yeast or toddy, water, salt",Vegan,,"Prepare poi in the light oil style with a tea-time snack serving. Keep the recipe fully plant-based or vegetarian, using the traditional Goan masala and legumes/vegetables. Keep oil and salt low, and avoid extra rice, bread, ghee, or sugar.",10-15 minute light walk or mobility session,"Contains gluten; avoid jaggery, sugar, and sweetened accompaniments"
907,Goa,Diabetes,Snack,Sanna (High Fibre; tea-time snack),311,21,32,11,9,High,High,Medium,Safe,"red rice, coconut, urad dal, toddy or yeast, salt",Vegan,,"Prepare sanna in the high fibre style with a tea-time snack serving. Keep the recipe fully plant-based or vegetarian, using the traditional Goan masala and legumes/vegetables. Keep oil and salt low, and avoid extra rice, bread, ghee, or sugar.",10-15 minute light walk or mobility session,"Avoid jaggery, sugar, and sweetened accompaniments"
908,Goa,Diabetes,Snack,Tambdi Bhaji (Fiber First; tea-time snack),222,21,21,6,8,Low,High,Low,Safe,"red amaranth, garlic, coconut, green chilli, turmeric, oil",Vegan,,"Prepare tambdi bhaji in the fiber first style with a tea-time snack serving. Keep the recipe fully plant-based or vegetarian, using the traditional Goan masala and legumes/vegetables. Keep oil and salt low, and avoid extra rice, bread, ghee, or sugar.",10-15 minute light walk or mobility session,"Avoid jaggery, sugar, and sweetened accompaniments"
909,Goa,Diabetes,Snack,Tambdi Bhaji (No Added Jaggery; tea-time snack),290,21,28,10,8,Medium,Low,Medium,Safe,"red amaranth, garlic, coconut, green chilli, turmeric, oil",Vegan,,"Prepare tambdi bhaji in the no added jaggery style with a tea-time snack serving. Keep the recipe fully plant-based or vegetarian, using the traditional Goan masala and legumes/vegetables. Keep oil and salt low, and avoid extra rice, bread, ghee, or sugar.",10-15 minute light walk or mobility session,"Avoid jaggery, sugar, and sweetened accompaniments"
910,Goa,Diabetes,Snack,Uddamethi (No Refined Flour; tea-time snack),175,10,18,7,12,Medium,High,Medium,Safe,"urad dal, raw mango, fenugreek seeds, tamarind, jaggery, spices",Vegan,,"Prepare uddamethi in the no refined flour style with a tea-time snack serving. Keep the recipe fully plant-based or vegetarian, using the traditional Goan masala and legumes/vegetables. Keep oil and salt low, and avoid extra rice, bread, ghee, or sugar.",10-15 minute light walk or mobility session,"Avoid jaggery, sugar, and sweetened accompaniments"
911,Goa,Diabetes,Snack,Valchi Bhaji (Measured Serve; tea-time snack),213,12,29,4,7,Medium,Medium,Medium,Safe,"val or fern leaves, coconut, garlic, green chilli, spices",Vegan,,"Prepare valchi bhaji in the measured serve style with a tea-time snack serving. Keep the recipe fully plant-based or vegetarian, using the traditional Goan masala and legumes/vegetables. Keep oil and salt low, and avoid extra rice, bread, ghee, or sugar.",10-15 minute light walk or mobility session,"Avoid jaggery, sugar, and sweetened accompaniments"
912,Goa,Diabetes,Snack,Valchi Bhaji (Steamed; tea-time snack),257,12,24,12,7,Medium,Medium,Medium,Safe,"val or fern leaves, coconut, garlic, green chilli, spices",Vegan,,"Prepare valchi bhaji in the steamed style with a tea-time snack serving. Keep the recipe fully plant-based or vegetarian, using the traditional Goan masala and legumes/vegetables. Keep oil and salt low, and avoid extra rice, bread, ghee, or sugar.",10-15 minute light walk or mobility session,"Avoid jaggery, sugar, and sweetened accompaniments"
913,Goa,Diabetes,Dinner,Boiled Alsande (Low GI; with steamed rice),157,8,20,5,6,Low,Medium,Low,Safe,"black-eyed peas, onion, green chilli, coriander, lemon",Vegetarian,,"Prepare boiled alsande in the low gi style with a with steamed rice serving. Keep the recipe fully plant-based or vegetarian, using the traditional Goan masala and legumes/vegetables. Keep oil and salt low, and avoid extra rice, bread, ghee, or sugar.",20 minute relaxed post-dinner walk,"Avoid jaggery, sugar, and sweetened accompaniments"
914,Goa,Diabetes,Dinner,Chana Ros (Brown Rice; with steamed rice),296,14,33,12,9,Medium,Medium,Medium,Safe,"chickpeas, coconut, dried red chillies, onion, kokum, spices",Vegetarian,,"Prepare chana ros in the brown rice style with a with steamed rice serving. Keep the recipe fully plant-based or vegetarian, using the traditional Goan masala and legumes/vegetables. Keep oil and salt low, and avoid extra rice, bread, ghee, or sugar.",20 minute relaxed post-dinner walk,"Avoid jaggery, sugar, and sweetened accompaniments"
915,Goa,Diabetes,Dinner,Jowar Bhakri + Alsande Tondak (Watery),350,14,60,5,12,Low,Medium,Low,Safe,"Sorghum, Black Eyed Peas",Vegetarian,,Knead dough with warm water; cook tondak thin.,20 mins walk,Ensure gap of 2 hours before sleep
916,Goa,Diabetes,Dinner,Jowar Bhakri + Egg White Curry,350,25,40,6,6,Low,Medium,Low,"Egg, Eggs","Sorghum, Egg Whites",Vegetarian,,Use tomato base.,20 mins walk,Ensure gap of 2 hours before sleep
917,Goa,Diabetes,Dinner,Jowar Bhakri + Kuvalyachi (Ash Gourd) Sabzi,350,10,65,5,10,Low,Medium,Low,Safe,"Sorghum, Ash Gourd",Vegetarian,,Cook gourd with zero sugar and minimal spices.,20 mins walk,Ensure gap of 2 hours before sleep
918,Goa,Diabetes,Dinner,Jowar Bhakri + Moolyachi (Radish) Sabzi,350,10,65,5,11,Low,Medium,Low,Safe,"Sorghum, Radish",Vegetarian,,Cook radish with zero sugar and minimal spices.,20 mins walk,Ensure gap of 2 hours before sleep
919,Goa,Diabetes,Dinner,Jowar Bhakri + Patal Bhaji (Unsweetened),350,12,60,5,10,Low,Medium,Low,Safe,"Sorghum, White Peas",Vegetarian,,No sugar/jaggery.,20 mins walk,Ensure gap of 2 hours before sleep
920,Goa,Diabetes,Dinner,Jowar Bhakri + Steamed Cabbage,350,10,60,5,12,Low,Medium,Low,Safe,"Sorghum, Cabbage",Vegetarian,,Steam completely.,20 mins walk,Ensure gap of 2 hours before sleep
921,Goa,Diabetes,Dinner,Jowar Bhakri + Tambdi Bhaji,350,12,60,6,12,Low,Medium,Low,Safe,"Sorghum, Red Amaranth",Vegetarian,,Knead dough with warm water; steam bhaji.,20 mins walk,Ensure gap of 2 hours before sleep
922,Goa,Diabetes,Dinner,Khatkatem (Portion Controlled; with steamed rice),228,12,18,12,12,Medium,Low,Medium,Safe,"raw jackfruit, beetroot, pumpkin, raw banana, drumstick, coconut, teflam, turmeric",Vegetarian,,"Prepare khatkatem in the portion controlled style with a with steamed rice serving. Keep the recipe fully plant-based or vegetarian, using the traditional Goan masala and legumes/vegetables. Keep oil and salt low, and avoid extra rice, bread, ghee, or sugar.",20 minute relaxed post-dinner walk,"Avoid jaggery, sugar, and sweetened accompaniments"
923,Goa,Diabetes,Dinner,Moong Gathi (No Sugar; with steamed rice),267,15,27,11,7,Low,Low,Medium,Safe,"sprouted moong, coconut, cumin, coriander, green chilli, curry leaves",Vegetarian,,"Prepare moong gathi in the no sugar style with a with steamed rice serving. Keep the recipe fully plant-based or vegetarian, using the traditional Goan masala and legumes/vegetables. Keep oil and salt low, and avoid extra rice, bread, ghee, or sugar.",20 minute relaxed post-dinner walk,"Avoid jaggery, sugar, and sweetened accompaniments"
924,Goa,Diabetes,Dinner,Poi (Steamed; with steamed rice),221,9,27,9,7,Low,Medium,Medium,Gluten,"whole wheat flour, wheat bran, yeast or toddy, water, salt",Vegetarian,,"Prepare poi in the steamed style with a with steamed rice serving. Keep the recipe fully plant-based or vegetarian, using the traditional Goan masala and legumes/vegetables. Keep oil and salt low, and avoid extra rice, bread, ghee, or sugar.",20 minute relaxed post-dinner walk,"Contains gluten; avoid jaggery, sugar, and sweetened accompaniments"
925,Goa,Diabetes,Dinner,Sanna (Light Oil; with steamed rice),309,18,39,9,12,Medium,Low,Medium,Safe,"red rice, coconut, urad dal, toddy or yeast, salt",Vegetarian,,"Prepare sanna in the light oil style with a with steamed rice serving. Keep the recipe fully plant-based or vegetarian, using the traditional Goan masala and legumes/vegetables. Keep oil and salt low, and avoid extra rice, bread, ghee, or sugar.",20 minute relaxed post-dinner walk,"Avoid jaggery, sugar, and sweetened accompaniments"
926,Goa,Diabetes,Dinner,Tambdi Bhaji (Whole Grain; with steamed rice),207,8,29,6,9,Medium,Medium,Low,Safe,"red amaranth, garlic, coconut, green chilli, turmeric, oil",Vegetarian,,"Prepare tambdi bhaji in the whole grain style with a with steamed rice serving. Keep the recipe fully plant-based or vegetarian, using the traditional Goan masala and legumes/vegetables. Keep oil and salt low, and avoid extra rice, bread, ghee, or sugar.",20 minute relaxed post-dinner walk,"Avoid jaggery, sugar, and sweetened accompaniments"
927,Goa,Diabetes,Dinner,Uddamethi (Kokum Souring; with steamed rice),217,13,21,9,12,Medium,Medium,High,Safe,"urad dal, raw mango, fenugreek seeds, tamarind, jaggery, spices",Vegetarian,,"Prepare uddamethi in the kokum souring style with a with steamed rice serving. Keep the recipe fully plant-based or vegetarian, using the traditional Goan masala and legumes/vegetables. Keep oil and salt low, and avoid extra rice, bread, ghee, or sugar.",20 minute relaxed post-dinner walk,"Avoid jaggery, sugar, and sweetened accompaniments"
928,Goa,Diabetes,Dinner,Valchi Bhaji (No Added Jaggery; with steamed rice),246,16,32,6,8,Low,Medium,Medium,Safe,"val or fern leaves, coconut, garlic, green chilli, spices",Vegetarian,,"Prepare valchi bhaji in the no added jaggery style with a with steamed rice serving. Keep the recipe fully plant-based or vegetarian, using the traditional Goan masala and legumes/vegetables. Keep oil and salt low, and avoid extra rice, bread, ghee, or sugar.",20 minute relaxed post-dinner walk,"Avoid jaggery, sugar, and sweetened accompaniments"
929,Goa,Diabetes,Dinner,Ambot Tik (Portion Controlled; with steamed rice),283,24,21,11,5,Medium,Medium,Medium,"Fish, Shellfish","fish or prawns, tamarind, vinegar, red chilli, garlic, kokum",Non-Vegetarian,Fish,"Prepare ambot tik in the portion controlled style with a with steamed rice serving. Use lean fish, chicken, pork, or seafood as the traditional recipe calls for. Keep oil and salt low, and avoid extra rice, bread, ghee, or sugar.",20 minute relaxed post-dinner walk,"Contains fish, shellfish; avoid jaggery, sugar, and sweetened accompaniments"
930,Goa,Diabetes,Dinner,Balchao (Light Oil; with steamed rice),318,26,32,6,10,Medium,Medium,Low,"Fish, Shellfish","fish or prawns or pork, vinegar, red chilli, tomatoes, garlic, spices",Non-Vegetarian,Seafood,"Prepare balchao in the light oil style with a with steamed rice serving. Use lean fish, chicken, pork, or seafood as the traditional recipe calls for. Keep oil and salt low, and avoid extra rice, bread, ghee, or sugar.",20 minute relaxed post-dinner walk,"Contains fish, shellfish; avoid jaggery, sugar, and sweetened accompaniments"
931,Goa,Diabetes,Dinner,Caldinho (Complex Carb Focus; with steamed rice),349,32,35,9,6,Low,Medium,Medium,"Dairy, Fish","fish or chicken, coconut milk, green herbs, onions, pepper, spices",Non-Vegetarian,Fish,"Prepare caldinho in the complex carb focus style with a with steamed rice serving. Use lean fish, chicken, pork, or seafood as the traditional recipe calls for. Keep oil and salt low, and avoid extra rice, bread, ghee, or sugar.",20 minute relaxed post-dinner walk,"Contains fish; avoid jaggery, sugar, and sweetened accompaniments"
932,Goa,Diabetes,Dinner,Chicken Cafreal (Low GI; with steamed rice),305,19,31,10,6,Low,Medium,Medium,Safe,"chicken, coriander, lime, vinegar, garlic, green chilli, spices",Non-Vegetarian,Chicken,"Prepare chicken cafreal in the low gi style with a with steamed rice serving. Use lean fish, chicken, pork, or seafood as the traditional recipe calls for. Keep oil and salt low, and avoid extra rice, bread, ghee, or sugar.",20 minute relaxed post-dinner walk,"Avoid jaggery, sugar, and sweetened accompaniments"
933,Goa,Diabetes,Dinner,Chicken Cafreal (No Extra Salt; with steamed rice),271,25,18,11,10,Low,Low,Medium,Safe,"chicken, coriander, lime, vinegar, garlic, green chilli, spices",Non-Vegetarian,Chicken,"Prepare chicken cafreal in the no extra salt style with a with steamed rice serving. Use lean fish, chicken, pork, or seafood as the traditional recipe calls for. Keep oil and salt low, and avoid extra rice, bread, ghee, or sugar.",20 minute relaxed post-dinner walk,"Avoid jaggery, sugar, and sweetened accompaniments"
934,Goa,Diabetes,Dinner,Crab Xacuti (Steamed; with steamed rice),278,18,24,9,10,Low,High,Low,"Fish, Shellfish","crab, roasted coconut, poppy seeds, onions, dry red chillies, spices",Non-Vegetarian,Seafood,"Prepare crab xacuti in the steamed style with a with steamed rice serving. Use lean fish, chicken, pork, or seafood as the traditional recipe calls for. Keep oil and salt low, and avoid extra rice, bread, ghee, or sugar.",20 minute relaxed post-dinner walk,"Contains shellfish; avoid jaggery, sugar, and sweetened accompaniments"
935,Goa,Diabetes,Dinner,Fish Curry Rice (Kokum Souring; with steamed rice),314,31,25,10,7,High,Low,Low,Fish,fish curry rice,Non-Vegetarian,,"Prepare fish curry rice in the kokum souring style with a with steamed rice serving. Use lean fish, chicken, pork, or seafood as the traditional recipe calls for. Keep oil and salt low, and avoid extra rice, bread, ghee, or sugar.",20 minute relaxed post-dinner walk,"Avoid jaggery, sugar, and sweetened accompaniments"
936,Goa,Diabetes,Dinner,Fish Recheado (No Refined Flour; with steamed rice),253,21,22,9,8,Low,Medium,High,Fish,"fish, recheado masala, vinegar, garlic, red chilli",Non-Vegetarian,Fish,"Prepare fish recheado in the no refined flour style with a with steamed rice serving. Use lean fish, chicken, pork, or seafood as the traditional recipe calls for. Keep oil and salt low, and avoid extra rice, bread, ghee, or sugar.",20 minute relaxed post-dinner walk,"Contains fish; avoid jaggery, sugar, and sweetened accompaniments"
937,Goa,Diabetes,Dinner,Fish Recheado (No Sugar; with steamed rice),296,31,19,9,6,Medium,Low,Low,Fish,"fish, recheado masala, vinegar, garlic, red chilli",Non-Vegetarian,Fish,"Prepare fish recheado in the no sugar style with a with steamed rice serving. Use lean fish, chicken, pork, or seafood as the traditional recipe calls for. Keep oil and salt low, and avoid extra rice, bread, ghee, or sugar.",20 minute relaxed post-dinner walk,"Contains fish; avoid jaggery, sugar, and sweetened accompaniments"
938,Goa,Diabetes,Dinner,Jowar Bhakri + Chicken Broth (Clear),350,25,40,6,6,Low,Medium,Low,Safe,"Sorghum, Chicken",Non-Vegetarian,Chicken,Clear broth only.,20 mins walk,Ensure gap of 2 hours before sleep
939,Goa,Diabetes,Dinner,Jowar Bhakri + Prawn Soup (Clear),350,25,40,6,6,Low,Medium,Low,"Fish, Shellfish","Sorghum, Prawns",Non-Vegetarian,Prawns,Clear soup.,20 mins walk,Ensure gap of 2 hours before sleep
940,Goa,Diabetes,Dinner,Jowar Bhakri + Steamed Visvonn (Kingfish),350,30,35,9,7,Low,Medium,Low,Fish,"Sorghum, Kingfish",Non-Vegetarian,Fish,Steam fish in banana leaf (patoli style) without oil.,20 mins walk,Ensure gap of 2 hours before sleep
941,Goa,Diabetes,Dinner,Kismur (Slow Cooked; with steamed rice),353,31,33,11,6,Low,Low,Low,Fish,"dry fish, coconut, onion, lime, green chilli, spices",Non-Vegetarian,Fish,"Prepare kismur in the slow cooked style with a with steamed rice serving. Use lean fish, chicken, pork, or seafood as the traditional recipe calls for. Keep oil and salt low, and avoid extra rice, bread, ghee, or sugar.",20 minute relaxed post-dinner walk,"Contains fish; avoid jaggery, sugar, and sweetened accompaniments"
942,Goa,Diabetes,Dinner,Kismur (Whole Grain; with steamed rice),384,31,38,12,10,Low,Low,Medium,Fish,"dry fish, coconut, onion, lime, green chilli, spices",Non-Vegetarian,Fish,"Prepare kismur in the whole grain style with a with steamed rice serving. Use lean fish, chicken, pork, or seafood as the traditional recipe calls for. Keep oil and salt low, and avoid extra rice, bread, ghee, or sugar.",20 minute relaxed post-dinner walk,"Contains fish; avoid jaggery, sugar, and sweetened accompaniments"
943,Goa,Diabetes,Dinner,Prawn Dangar (Fiber First; with steamed rice),242,24,23,6,10,Low,Low,Low,"Fish, Gluten, Shellfish","prawns, coconut, tamarind, semolina, onion, spices",Non-Vegetarian,Seafood,"Prepare prawn dangar in the fiber first style with a with steamed rice serving. Use lean fish, chicken, pork, or seafood as the traditional recipe calls for. Keep oil and salt low, and avoid extra rice, bread, ghee, or sugar.",20 minute relaxed post-dinner walk,"Contains shellfish, gluten; avoid jaggery, sugar, and sweetened accompaniments"
944,Goa,Diabetes,Dinner,Prawn Dangar (No Added Jaggery; with steamed rice),310,25,38,12,6,Medium,Medium,Medium,"Fish, Gluten, Shellfish","prawns, coconut, tamarind, semolina, onion, spices",Non-Vegetarian,Seafood,"Prepare prawn dangar in the no added jaggery style with a with steamed rice serving. Use lean fish, chicken, pork, or seafood as the traditional recipe calls for. Keep oil and salt low, and avoid extra rice, bread, ghee, or sugar.",20 minute relaxed post-dinner walk,"Contains shellfish, gluten; avoid jaggery, sugar, and sweetened accompaniments"
945,Goa,Diabetes,Dinner,Alsanyache Tonak (Controlled Carbs),313,20,38,9,10,Low,Low,Low,Safe,"black-eyed peas, coconut, roasted spices, tamarind",Vegan,,"Use alsanyache tonak with no added sugar, plenty of fibre, and a measured portion of carbohydrates. Prefer steaming, boiling, or light sautéing so the glycemic load stays controlled.",30 mins brisk walking,Count the carb portion and avoid sugary sides or sweetened drinks.
946,Goa,Diabetes,Dinner,Alsanyache Tonak (Low GI; with brown rice),192,9,21,8,7,Medium,Low,Medium,Safe,"black-eyed beans, tonak masala, onion, garlic, coconut, tamarind, potato",Vegan,,"Prepare alsanyache tonak in the low gi style with a with brown rice serving. Keep the recipe fully plant-based or vegetarian, using the traditional Goan masala and legumes/vegetables. Keep oil and salt low, and avoid extra rice, bread, ghee, or sugar.",20 minute relaxed post-dinner walk,"Avoid jaggery, sugar, and sweetened accompaniments"
947,Goa,Diabetes,Dinner,Ambadyachem Sasav (Whole Grains Only),329,21,41,9,10,High,Low,Low,Mustard,"hog plum, coconut, mustard, jaggery, chilli",Vegan,,"Use ambadyachem sasav with no added sugar, plenty of fibre, and a measured portion of carbohydrates. Prefer steaming, boiling, or light sautéing so the glycemic load stays controlled.",30 mins brisk walking,Count the carb portion and avoid sugary sides or sweetened drinks.
948,Goa,Diabetes,Dinner,Boiled Alsande (No Extra Salt; with steamed rice),251,18,25,8,8,Medium,Medium,Medium,Safe,"black-eyed peas, onion, green chilli, coriander, lemon",Vegan,,"Prepare boiled alsande in the no extra salt style with a with steamed rice serving. Keep the recipe fully plant-based or vegetarian, using the traditional Goan masala and legumes/vegetables. Keep oil and salt low, and avoid extra rice, bread, ghee, or sugar.",20 minute relaxed post-dinner walk,"Avoid jaggery, sugar, and sweetened accompaniments"
949,Goa,Diabetes,Dinner,"Caldinho (No Sugar, No Frying)",321,21,39,9,10,Low,Low,Low,Dairy,"vegetables, coconut milk, turmeric, pepper",Vegan,,"Use caldinho with no added sugar, plenty of fibre, and a measured portion of carbohydrates. Prefer steaming, boiling, or light sautéing so the glycemic load stays controlled.",30 mins brisk walking,Count the carb portion and avoid sugary sides or sweetened drinks.
950,Goa,Diabetes,Dinner,Chana Ros (Complex Carb Focus; with steamed rice),205,22,18,5,9,Low,Low,Medium,Safe,"chickpeas, coconut, dried red chillies, onion, kokum, spices",Vegan,,"Prepare chana ros in the complex carb focus style with a with steamed rice serving. Keep the recipe fully plant-based or vegetarian, using the traditional Goan masala and legumes/vegetables. Keep oil and salt low, and avoid extra rice, bread, ghee, or sugar.",20 minute relaxed post-dinner walk,"Avoid jaggery, sugar, and sweetened accompaniments"
951,Goa,Diabetes,Dinner,Khatkatem (Brown Rice; with brown rice),306,22,25,9,10,Low,Medium,Medium,Safe,"raw jackfruit, beetroot, pumpkin, raw banana, drumstick, coconut, teflam, turmeric",Vegan,,"Prepare khatkatem in the brown rice style with a with brown rice serving. Keep the recipe fully plant-based or vegetarian, using the traditional Goan masala and legumes/vegetables. Keep oil and salt low, and avoid extra rice, bread, ghee, or sugar.",20 minute relaxed post-dinner walk,"Avoid jaggery, sugar, and sweetened accompaniments"
952,Goa,Diabetes,Dinner,Khatkhatem (Low GI Dinner),313,20,38,9,10,Low,Low,Low,Safe,"mixed vegetables, coconut, tamarind, tur dal, moong dal",Vegan,,"Use khatkhatem with no added sugar, plenty of fibre, and a measured portion of carbohydrates. Prefer steaming, boiling, or light sautéing so the glycemic load stays controlled.",30 mins brisk walking,Count the carb portion and avoid sugary sides or sweetened drinks.
953,Goa,Diabetes,Dinner,Mooga Gathi (Light Evening Meal),321,21,39,9,10,Low,Low,Low,Safe,"sprouted moong, coconut, tamarind, curry leaves",Vegan,,"Use mooga gathi with no added sugar, plenty of fibre, and a measured portion of carbohydrates. Prefer steaming, boiling, or light sautéing so the glycemic load stays controlled.",30 mins brisk walking,Count the carb portion and avoid sugary sides or sweetened drinks.
954,Goa,Diabetes,Dinner,Moong Gathi (No Refined Flour; with steamed rice),253,11,32,9,12,Low,Low,High,Safe,"sprouted moong, coconut, cumin, coriander, green chilli, curry leaves",Vegan,,"Prepare moong gathi in the no refined flour style with a with steamed rice serving. Keep the recipe fully plant-based or vegetarian, using the traditional Goan masala and legumes/vegetables. Keep oil and salt low, and avoid extra rice, bread, ghee, or sugar.",20 minute relaxed post-dinner walk,"Avoid jaggery, sugar, and sweetened accompaniments"
955,Goa,Diabetes,Dinner,Poi (Measured Serve; with steamed rice),192,19,20,4,7,Medium,Medium,Low,Gluten,"whole wheat flour, wheat bran, yeast or toddy, water, salt",Vegan,,"Prepare poi in the measured serve style with a with steamed rice serving. Keep the recipe fully plant-based or vegetarian, using the traditional Goan masala and legumes/vegetables. Keep oil and salt low, and avoid extra rice, bread, ghee, or sugar.",20 minute relaxed post-dinner walk,"Contains gluten; avoid jaggery, sugar, and sweetened accompaniments"
956,Goa,Diabetes,Dinner,Sanna (No Sugar; with brown rice),216,9,18,12,8,Medium,High,Medium,Safe,"red rice, coconut, urad dal, toddy or yeast, salt",Vegan,,"Prepare sanna in the no sugar style with a with brown rice serving. Keep the recipe fully plant-based or vegetarian, using the traditional Goan masala and legumes/vegetables. Keep oil and salt low, and avoid extra rice, bread, ghee, or sugar.",20 minute relaxed post-dinner walk,"Avoid jaggery, sugar, and sweetened accompaniments"
957,Goa,Diabetes,Dinner,Tambdi Bhaji (Slow Cooked; with steamed rice),249,20,31,5,7,Medium,Low,Medium,Safe,"red amaranth, garlic, coconut, green chilli, turmeric, oil",Vegan,,"Prepare tambdi bhaji in the slow cooked style with a with steamed rice serving. Keep the recipe fully plant-based or vegetarian, using the traditional Goan masala and legumes/vegetables. Keep oil and salt low, and avoid extra rice, bread, ghee, or sugar.",20 minute relaxed post-dinner walk,"Avoid jaggery, sugar, and sweetened accompaniments"
958,Goa,Diabetes,Dinner,"Uddamethi (High Fibre, Small Portion)",321,20,40,9,10,High,Low,Low,Safe,"urad dal, methi, coconut, tamarind, jaggery",Vegan,,"Use uddamethi with no added sugar, plenty of fibre, and a measured portion of carbohydrates. Prefer steaming, boiling, or light sautéing so the glycemic load stays controlled.",30 mins brisk walking,Count the carb portion and avoid sugary sides or sweetened drinks.
959,Goa,Diabetes,Dinner,Uddamethi (Whole Grain; with brown rice),287,22,31,10,10,High,Medium,Low,Safe,"urad dal, raw mango, fenugreek seeds, tamarind, jaggery, spices",Vegan,,"Prepare uddamethi in the whole grain style with a with brown rice serving. Keep the recipe fully plant-based or vegetarian, using the traditional Goan masala and legumes/vegetables. Keep oil and salt low, and avoid extra rice, bread, ghee, or sugar.",20 minute relaxed post-dinner walk,"Avoid jaggery, sugar, and sweetened accompaniments"
960,Goa,Diabetes,Dinner,Valchi Bhaji (Fiber First; with steamed rice),245,10,30,7,12,Medium,Medium,Medium,Safe,"val or fern leaves, coconut, garlic, green chilli, spices",Vegan,,"Prepare valchi bhaji in the fiber first style with a with steamed rice serving. Keep the recipe fully plant-based or vegetarian, using the traditional Goan masala and legumes/vegetables. Keep oil and salt low, and avoid extra rice, bread, ghee, or sugar.",20 minute relaxed post-dinner walk,"Avoid jaggery, sugar, and sweetened accompaniments"
961,Goa,High Bp,Breakfast,Alsanyache Tonak (No Salt; with poi),242,19,28,6,9,Medium,Medium,Low,Safe,"black-eyed beans, tonak masala, onion, garlic, coconut, tamarind, potato",Vegetarian,,"Prepare alsanyache tonak in the no salt style with a with poi serving. Keep the recipe fully plant-based or vegetarian, using the traditional Goan masala and legumes/vegetables. Keep oil and salt low, and avoid extra rice, bread, ghee, or sugar.",20-30 minute brisk morning walk,"Do not add extra salt, pickle, or papad"
962,Goa,High Bp,Breakfast,Boiled Alsande (Steamed; with poi),203,8,27,7,7,Low,Low,Medium,Safe,"black-eyed peas, onion, green chilli, coriander, lemon",Vegetarian,,"Prepare boiled alsande in the steamed style with a with poi serving. Keep the recipe fully plant-based or vegetarian, using the traditional Goan masala and legumes/vegetables. Keep oil and salt low, and avoid extra rice, bread, ghee, or sugar.",20-30 minute brisk morning walk,"Do not add extra salt, pickle, or papad"
963,Goa,High Bp,Breakfast,Khatkatem (Unsalted; with poi),232,14,26,8,5,Low,Medium,Medium,Safe,"raw jackfruit, beetroot, pumpkin, raw banana, drumstick, coconut, teflam, turmeric",Vegetarian,,"Prepare khatkatem in the unsalted style with a with poi serving. Keep the recipe fully plant-based or vegetarian, using the traditional Goan masala and legumes/vegetables. Keep oil and salt low, and avoid extra rice, bread, ghee, or sugar.",20-30 minute brisk morning walk,"Do not add extra salt, pickle, or papad"
964,Goa,High Bp,Breakfast,Moong Gathi (Potassium Rich; with poi),211,12,25,7,7,Low,Medium,Low,Safe,"sprouted moong, coconut, cumin, coriander, green chilli, curry leaves",Vegetarian,,"Prepare moong gathi in the potassium rich style with a with poi serving. Keep the recipe fully plant-based or vegetarian, using the traditional Goan masala and legumes/vegetables. Keep oil and salt low, and avoid extra rice, bread, ghee, or sugar.",20-30 minute brisk morning walk,"Do not add extra salt, pickle, or papad"
965,Goa,High Bp,Breakfast,"Tavsali (Light, Heart Friendly)",235,13,30,7,9,High,Low,Low,"Gluten, Dairy","cucumber, rava, coconut, jaggery, cardamom",Vegetarian,,"Cook tavsali with little or no added salt and rely on kokum, lime, herbs, and roasted spices for taste. Avoid packaged masalas, pickle, and papad alongside the meal.",30 mins brisk walking,"Keep sodium very low; avoid pickle, papad, and packaged seasoning."
966,Goa,High Bp,Breakfast,Uddamethi (Herb Seasoned; with poi),223,9,31,7,6,High,Medium,Medium,Safe,"urad dal, raw mango, fenugreek seeds, tamarind, jaggery, spices",Vegetarian,,"Prepare uddamethi in the herb seasoned style with a with poi serving. Keep the recipe fully plant-based or vegetarian, using the traditional Goan masala and legumes/vegetables. Keep oil and salt low, and avoid extra rice, bread, ghee, or sugar.",20-30 minute brisk morning walk,"Do not add extra salt, pickle, or papad"
967,Goa,High Bp,Breakfast,Unsalted Kalo Chana Usal,350,15,60,4,10,Low,Low,Low,Safe,Black Gram,Vegetarian,,Boil without salt.,30 mins light cardio,Stop if BP exceeds 140/90
968,Goa,High Bp,Breakfast,Unsalted Neer Dosa,350,8,70,4,4,High,Low,Low,Safe,"Rice Flour, Water",Vegetarian,,Cook without adding salt to the batter.,30 mins light cardio,Stop if BP exceeds 140/90
969,Goa,High Bp,Breakfast,Unsalted Oats Pez (Porridge),350,12,60,6,8,Medium,Low,Low,Safe,"Oats, Water",Vegetarian,,Boil completely without adding any salt.,30 mins light cardio,Stop if BP exceeds 140/90
970,Goa,High Bp,Breakfast,Unsalted Oats Poha,350,10,65,5,9,Low,Low,Low,Safe,"Oats, Onion",Vegetarian,,"Cook without salt, use lime for flavor.",30 mins light cardio,Stop if BP exceeds 140/90
971,Goa,High Bp,Breakfast,Unsalted Ragi Satva,350,8,70,3,8,Low,Low,Low,Safe,"Finger Millet, Water",Vegetarian,,Boil without salt.,30 mins light cardio,Stop if BP exceeds 140/90
972,Goa,High Bp,Breakfast,Unsalted Rice Pez (Congee),350,8,75,1,4,High,Low,Low,Safe,"Parboiled Rice, Water",Vegetarian,,Boil completely without adding salt.,30 mins light cardio,Stop if BP exceeds 140/90
973,Goa,High Bp,Breakfast,Unsalted Shirvyo (Rice Noodles),350,6,75,3,3,High,Low,Low,Safe,Rice Flour,Vegetarian,,Steam without salt.,30 mins light cardio,Stop if BP exceeds 140/90
974,Goa,High Bp,Breakfast,Unsalted Sprouted Moong,350,15,60,4,10,Low,Low,Low,Safe,Green Gram Sprouts,Vegetarian,,Steam without adding salt.,30 mins light cardio,Stop if BP exceeds 140/90
975,Goa,High Bp,Breakfast,Unsalted Steamed Sannas,350,8,70,2,4,High,Low,Low,Safe,"Rice, Urad Dal",Vegetarian,,Ferment without salt.,30 mins light cardio,Stop if BP exceeds 140/90
976,Goa,High Bp,Breakfast,Unsalted Wheat Daliya (Porridge),350,12,65,4,9,Medium,Low,Low,Gluten,"Broken Wheat, Water",Vegetarian,,Boil completely without adding salt.,30 mins light cardio,Stop if BP exceeds 140/90
977,Goa,High Bp,Breakfast,Ambot Tik (Leafy Greens; with poi),231,16,19,8,8,Medium,Medium,Low,"Fish, Shellfish","fish or prawns, tamarind, vinegar, red chilli, garlic, kokum",Non-Vegetarian,Fish,"Prepare ambot tik in the leafy greens style with a with poi serving. Use lean fish, chicken, pork, or seafood as the traditional recipe calls for. Keep oil and salt low, and avoid extra rice, bread, ghee, or sugar.",20-30 minute brisk morning walk,"Contains fish, shellfish; do not add extra salt, pickle, or papad"
978,Goa,High Bp,Breakfast,Ambot Tik (Unsalted; with poi),236,23,18,8,7,Medium,Low,Low,"Fish, Shellfish","fish or prawns, tamarind, vinegar, red chilli, garlic, kokum",Non-Vegetarian,Fish,"Prepare ambot tik in the unsalted style with a with poi serving. Use lean fish, chicken, pork, or seafood as the traditional recipe calls for. Keep oil and salt low, and avoid extra rice, bread, ghee, or sugar.",20-30 minute brisk morning walk,"Contains fish, shellfish; do not add extra salt, pickle, or papad"
979,Goa,High Bp,Breakfast,Balchao (No Pickle; with poi),295,27,33,10,8,Medium,Low,Medium,"Fish, Shellfish","fish or prawns or pork, vinegar, red chilli, tomatoes, garlic, spices",Non-Vegetarian,Seafood,"Prepare balchao in the no pickle style with a with poi serving. Use lean fish, chicken, pork, or seafood as the traditional recipe calls for. Keep oil and salt low, and avoid extra rice, bread, ghee, or sugar.",20-30 minute brisk morning walk,"Contains fish, shellfish; do not add extra salt, pickle, or papad"
980,Goa,High Bp,Breakfast,Caldinho (Light Oil; with poi),281,26,32,8,4,Medium,High,Medium,"Dairy, Fish","fish or chicken, coconut milk, green herbs, onions, pepper, spices",Non-Vegetarian,Fish,"Prepare caldinho in the light oil style with a with poi serving. Use lean fish, chicken, pork, or seafood as the traditional recipe calls for. Keep oil and salt low, and avoid extra rice, bread, ghee, or sugar.",20-30 minute brisk morning walk,"Contains fish; do not add extra salt, pickle, or papad"
981,Goa,High Bp,Breakfast,Caldinho (Salt Free; with poi),233,18,20,9,7,Low,Medium,Medium,"Dairy, Fish","fish or chicken, coconut milk, green herbs, onions, pepper, spices",Non-Vegetarian,Fish,"Prepare caldinho in the salt free style with a with poi serving. Use lean fish, chicken, pork, or seafood as the traditional recipe calls for. Keep oil and salt low, and avoid extra rice, bread, ghee, or sugar.",20-30 minute brisk morning walk,"Contains fish; do not add extra salt, pickle, or papad"
982,Goa,High Bp,Breakfast,Chicken Cafreal (Plain Serve; with poi),222,19,23,6,7,Medium,Low,Medium,Safe,"chicken, coriander, lime, vinegar, garlic, green chilli, spices",Non-Vegetarian,Chicken,"Prepare chicken cafreal in the plain serve style with a with poi serving. Use lean fish, chicken, pork, or seafood as the traditional recipe calls for. Keep oil and salt low, and avoid extra rice, bread, ghee, or sugar.",20-30 minute brisk morning walk,"Do not add extra salt, pickle, or papad"
983,Goa,High Bp,Breakfast,Chicken Cafreal (Steamed; with poi),295,24,25,7,7,Low,Low,High,Safe,"chicken, coriander, lime, vinegar, garlic, green chilli, spices",Non-Vegetarian,Chicken,"Prepare chicken cafreal in the steamed style with a with poi serving. Use lean fish, chicken, pork, or seafood as the traditional recipe calls for. Keep oil and salt low, and avoid extra rice, bread, ghee, or sugar.",20-30 minute brisk morning walk,"Do not add extra salt, pickle, or papad"
984,Goa,High Bp,Breakfast,Crab Xacuti (Low Sodium; with poi),296,25,30,6,5,Low,Low,Medium,"Fish, Shellfish","crab, roasted coconut, poppy seeds, onions, dry red chillies, spices",Non-Vegetarian,Seafood,"Prepare crab xacuti in the low sodium style with a with poi serving. Use lean fish, chicken, pork, or seafood as the traditional recipe calls for. Keep oil and salt low, and avoid extra rice, bread, ghee, or sugar.",20-30 minute brisk morning walk,"Contains shellfish; do not add extra salt, pickle, or papad"
985,Goa,High Bp,Breakfast,Fish Curry Rice (Herb Seasoned; with poi),246,22,26,6,4,Medium,Low,Medium,Fish,fish curry rice,Non-Vegetarian,,"Prepare fish curry rice in the herb seasoned style with a with poi serving. Use lean fish, chicken, pork, or seafood as the traditional recipe calls for. Keep oil and salt low, and avoid extra rice, bread, ghee, or sugar.",20-30 minute brisk morning walk,"Do not add extra salt, pickle, or papad"
986,Goa,High Bp,Breakfast,Fish Curry Rice (Whole Grain; with poi),247,23,23,7,4,High,Low,Low,Fish,fish curry rice,Non-Vegetarian,,"Prepare fish curry rice in the whole grain style with a with poi serving. Use lean fish, chicken, pork, or seafood as the traditional recipe calls for. Keep oil and salt low, and avoid extra rice, bread, ghee, or sugar.",20-30 minute brisk morning walk,"Do not add extra salt, pickle, or papad"
987,Goa,High Bp,Breakfast,Fish Recheado (Fresh Herb Finish; with poi),241,18,26,10,8,Medium,Low,Medium,Fish,"fish, recheado masala, vinegar, garlic, red chilli",Non-Vegetarian,Fish,"Prepare fish recheado in the fresh herb finish style with a with poi serving. Use lean fish, chicken, pork, or seafood as the traditional recipe calls for. Keep oil and salt low, and avoid extra rice, bread, ghee, or sugar.",20-30 minute brisk morning walk,"Contains fish; do not add extra salt, pickle, or papad"
988,Goa,High Bp,Breakfast,Fish Recheado (Potassium Rich; with poi),276,19,32,8,7,Low,Medium,Medium,Fish,"fish, recheado masala, vinegar, garlic, red chilli",Non-Vegetarian,Fish,"Prepare fish recheado in the potassium rich style with a with poi serving. Use lean fish, chicken, pork, or seafood as the traditional recipe calls for. Keep oil and salt low, and avoid extra rice, bread, ghee, or sugar.",20-30 minute brisk morning walk,"Contains fish; do not add extra salt, pickle, or papad"
989,Goa,High Bp,Breakfast,Kismur (Kokum Tang; with poi),237,20,19,9,4,Low,Low,Medium,Fish,"dry fish, coconut, onion, lime, green chilli, spices",Non-Vegetarian,Fish,"Prepare kismur in the kokum tang style with a with poi serving. Use lean fish, chicken, pork, or seafood as the traditional recipe calls for. Keep oil and salt low, and avoid extra rice, bread, ghee, or sugar.",20-30 minute brisk morning walk,"Contains fish; do not add extra salt, pickle, or papad"
990,Goa,High Bp,Breakfast,Kismur (No Salt; with sanna),269,21,26,9,4,Medium,Low,Medium,Fish,"dry fish, coconut, onion, lime, green chilli, spices",Non-Vegetarian,Fish,"Prepare kismur in the no salt style with a with sanna serving. Use lean fish, chicken, pork, or seafood as the traditional recipe calls for. Keep oil and salt low, and avoid extra rice, bread, ghee, or sugar.",20-30 minute brisk morning walk,"Contains fish; do not add extra salt, pickle, or papad"
991,Goa,High Bp,Breakfast,Xitt-Kodi (Minimal Spice; with poi),244,22,26,10,5,High,Medium,Low,Fish,"rice, fish, coconut, kokum, onions, spices",Non-Vegetarian,Fish,"Prepare xitt-kodi in the minimal spice style with a with poi serving. Use lean fish, chicken, pork, or seafood as the traditional recipe calls for. Keep oil and salt low, and avoid extra rice, bread, ghee, or sugar.",20-30 minute brisk morning walk,"Contains fish; do not add extra salt, pickle, or papad"
992,Goa,High Bp,Breakfast,Xitt-Kodi (No Salt; with poi),297,21,33,9,4,High,High,Medium,Fish,"rice, fish, coconut, kokum, onions, spices",Non-Vegetarian,Fish,"Prepare xitt-kodi in the no salt style with a with poi serving. Use lean fish, chicken, pork, or seafood as the traditional recipe calls for. Keep oil and salt low, and avoid extra rice, bread, ghee, or sugar.",20-30 minute brisk morning walk,"Contains fish; do not add extra salt, pickle, or papad"
993,Goa,High Bp,Breakfast,Alsanyache Tonak (Minimal Spice; with poi),225,13,30,6,9,Low,Low,Low,Safe,"black-eyed beans, tonak masala, onion, garlic, coconut, tamarind, potato",Vegan,,"Prepare alsanyache tonak in the minimal spice style with a with poi serving. Keep the recipe fully plant-based or vegetarian, using the traditional Goan masala and legumes/vegetables. Keep oil and salt low, and avoid extra rice, bread, ghee, or sugar.",20-30 minute brisk morning walk,"Do not add extra salt, pickle, or papad"
994,Goa,High Bp,Breakfast,Alsanyache Tonak (Potassium Rich),251,14,33,7,9,Low,Low,Low,Safe,"black-eyed peas, coconut, roasted spices, tamarind",Vegan,,"Cook alsanyache tonak with little or no added salt and rely on kokum, lime, herbs, and roasted spices for taste. Avoid packaged masalas, pickle, and papad alongside the meal.",30 mins brisk walking,"Keep sodium very low; avoid pickle, papad, and packaged seasoning."
995,Goa,High Bp,Breakfast,Boiled Alsande (Plain Serve; with poi),246,13,26,10,7,Low,Low,Medium,Safe,"black-eyed peas, onion, green chilli, coriander, lemon",Vegan,,"Prepare boiled alsande in the plain serve style with a with poi serving. Keep the recipe fully plant-based or vegetarian, using the traditional Goan masala and legumes/vegetables. Keep oil and salt low, and avoid extra rice, bread, ghee, or sugar.",20-30 minute brisk morning walk,"Do not add extra salt, pickle, or papad"
996,Goa,High Bp,Breakfast,Chana Ros (Salt Free; with poi),211,10,27,7,7,Low,Medium,Low,Safe,"chickpeas, coconut, dried red chillies, onion, kokum, spices",Vegan,,"Prepare chana ros in the salt free style with a with poi serving. Keep the recipe fully plant-based or vegetarian, using the traditional Goan masala and legumes/vegetables. Keep oil and salt low, and avoid extra rice, bread, ghee, or sugar.",20-30 minute brisk morning walk,"Do not add extra salt, pickle, or papad"
997,Goa,High Bp,Breakfast,Khatkatem (Leafy Greens; with poi),220,17,29,4,7,Low,Low,Medium,Safe,"raw jackfruit, beetroot, pumpkin, raw banana, drumstick, coconut, teflam, turmeric",Vegan,,"Prepare khatkatem in the leafy greens style with a with poi serving. Keep the recipe fully plant-based or vegetarian, using the traditional Goan masala and legumes/vegetables. Keep oil and salt low, and avoid extra rice, bread, ghee, or sugar.",20-30 minute brisk morning walk,"Do not add extra salt, pickle, or papad"
998,Goa,High Bp,Breakfast,Khatkhatem (No Added Salt),243,13,32,7,9,Low,Low,Low,Safe,"mixed vegetables, coconut, tamarind, tur dal, moong dal",Vegan,,"Cook khatkhatem with little or no added salt and rely on kokum, lime, herbs, and roasted spices for taste. Avoid packaged masalas, pickle, and papad alongside the meal.",30 mins brisk walking,"Keep sodium very low; avoid pickle, papad, and packaged seasoning."
999,Goa,High Bp,Breakfast,Kismoor (Steam Cooked),243,14,31,7,9,Low,Low,Low,Safe,"coconut, chilli, onion, tamarind, dried vegetables",Vegan,,"Cook kismoor with little or no added salt and rely on kokum, lime, herbs, and roasted spices for taste. Avoid packaged masalas, pickle, and papad alongside the meal.",30 mins brisk walking,"Keep sodium very low; avoid pickle, papad, and packaged seasoning."
1000,Goa,High Bp,Breakfast,Mooga Gathi (Herb Seasoned),243,14,31,7,9,Low,Low,Low,Safe,"sprouted moong, coconut, tamarind, curry leaves",Vegan,,"Cook mooga gathi with little or no added salt and rely on kokum, lime, herbs, and roasted spices for taste. Avoid packaged masalas, pickle, and papad alongside the meal.",30 mins brisk walking,"Keep sodium very low; avoid pickle, papad, and packaged seasoning."
1001,Goa,High Bp,Breakfast,Moong Gathi (Fresh Herb Finish; with poi),186,12,21,6,9,Medium,Medium,High,Safe,"sprouted moong, coconut, cumin, coriander, green chilli, curry leaves",Vegan,,"Prepare moong gathi in the fresh herb finish style with a with poi serving. Keep the recipe fully plant-based or vegetarian, using the traditional Goan masala and legumes/vegetables. Keep oil and salt low, and avoid extra rice, bread, ghee, or sugar.",20-30 minute brisk morning walk,"Do not add extra salt, pickle, or papad"
1002,Goa,High Bp,Breakfast,Pez (Very Low Salt),235,13,30,7,9,High,Low,Low,Safe,"rice, water, cumin, pepper, coconut",Vegan,,"Cook pez with little or no added salt and rely on kokum, lime, herbs, and roasted spices for taste. Avoid packaged masalas, pickle, and papad alongside the meal.",30 mins brisk walking,"Keep sodium very low; avoid pickle, papad, and packaged seasoning."
1003,Goa,High Bp,Breakfast,Poi (Low Sodium; with poi),322,18,40,10,6,Medium,Low,High,Gluten,"whole wheat flour, wheat bran, yeast or toddy, water, salt",Vegan,,"Prepare poi in the low sodium style with a with poi serving. Keep the recipe fully plant-based or vegetarian, using the traditional Goan masala and legumes/vegetables. Keep oil and salt low, and avoid extra rice, bread, ghee, or sugar.",20-30 minute brisk morning walk,"Contains gluten; do not add extra salt, pickle, or papad"
1004,Goa,High Bp,Breakfast,Sanna (No Pickle; with poi),288,20,34,8,9,Medium,Medium,Medium,Safe,"red rice, coconut, urad dal, toddy or yeast, salt",Vegan,,"Prepare sanna in the no pickle style with a with poi serving. Keep the recipe fully plant-based or vegetarian, using the traditional Goan masala and legumes/vegetables. Keep oil and salt low, and avoid extra rice, bread, ghee, or sugar.",20-30 minute brisk morning walk,"Do not add extra salt, pickle, or papad"
1005,Goa,High Bp,Breakfast,Tambdi Bhaji (Kokum Tang; with poi),269,20,36,5,6,Medium,High,Low,Safe,"red amaranth, garlic, coconut, green chilli, turmeric, oil",Vegan,,"Prepare tambdi bhaji in the kokum tang style with a with poi serving. Keep the recipe fully plant-based or vegetarian, using the traditional Goan masala and legumes/vegetables. Keep oil and salt low, and avoid extra rice, bread, ghee, or sugar.",20-30 minute brisk morning walk,"Do not add extra salt, pickle, or papad"
1006,Goa,High Bp,Breakfast,Tambdi Bhaji (No Salt; with sanna),215,16,22,7,8,Medium,Low,Medium,Safe,"red amaranth, garlic, coconut, green chilli, turmeric, oil",Vegan,,"Prepare tambdi bhaji in the no salt style with a with sanna serving. Keep the recipe fully plant-based or vegetarian, using the traditional Goan masala and legumes/vegetables. Keep oil and salt low, and avoid extra rice, bread, ghee, or sugar.",20-30 minute brisk morning walk,"Do not add extra salt, pickle, or papad"
1007,Goa,High Bp,Breakfast,Uddamethi (Whole Grain; with poi),261,20,34,5,9,High,Low,Low,Safe,"urad dal, raw mango, fenugreek seeds, tamarind, jaggery, spices",Vegan,,"Prepare uddamethi in the whole grain style with a with poi serving. Keep the recipe fully plant-based or vegetarian, using the traditional Goan masala and legumes/vegetables. Keep oil and salt low, and avoid extra rice, bread, ghee, or sugar.",20-30 minute brisk morning walk,"Do not add extra salt, pickle, or papad"
1008,Goa,High Bp,Breakfast,Valchi Bhaji (Unsalted; with sanna),254,14,36,6,5,Medium,Low,Medium,Safe,"val or fern leaves, coconut, garlic, green chilli, spices",Vegan,,"Prepare valchi bhaji in the unsalted style with a with sanna serving. Keep the recipe fully plant-based or vegetarian, using the traditional Goan masala and legumes/vegetables. Keep oil and salt low, and avoid extra rice, bread, ghee, or sugar.",20-30 minute brisk morning walk,"Do not add extra salt, pickle, or papad"
1009,Goa,High Bp,Lunch,Boiled Alsande (Potassium Rich; with red rice),218,12,20,10,7,Low,Low,Low,Safe,"black-eyed peas, onion, green chilli, coriander, lemon",Vegetarian,,"Prepare boiled alsande in the potassium rich style with a with red rice serving. Keep the recipe fully plant-based or vegetarian, using the traditional Goan masala and legumes/vegetables. Keep oil and salt low, and avoid extra rice, bread, ghee, or sugar.",15-20 minute easy post-lunch walk,"Do not add extra salt, pickle, or papad"
1010,Goa,High Bp,Lunch,Brown Rice + Chana Ros (No Salt) + Steamed Radish,550,20,95,8,14,Medium,Low,Low,Safe,"Brown Rice, White Peas, Radish",Vegetarian,,No salt added.,Breathing exercises,Monitor BP daily
1011,Goa,High Bp,Lunch,Brown Rice + Soya Tondak (No Salt) + Kuvalyachi,550,25,90,10,12,Medium,Low,Low,Soy,"Brown Rice, Soya Chunks, Ash Gourd",Vegetarian,,No salt added.,Breathing exercises,Monitor BP daily
1012,Goa,High Bp,Lunch,Chana Ros (Steamed; with red rice),217,12,31,5,10,Low,Medium,Medium,Safe,"chickpeas, coconut, dried red chillies, onion, kokum, spices",Vegetarian,,"Prepare chana ros in the steamed style with a with red rice serving. Keep the recipe fully plant-based or vegetarian, using the traditional Goan masala and legumes/vegetables. Keep oil and salt low, and avoid extra rice, bread, ghee, or sugar.",15-20 minute easy post-lunch walk,"Do not add extra salt, pickle, or papad"
1013,Goa,High Bp,Lunch,Khatkatem (No Salt; with red rice),224,12,26,8,5,Low,Low,Low,Safe,"raw jackfruit, beetroot, pumpkin, raw banana, drumstick, coconut, teflam, turmeric",Vegetarian,,"Prepare khatkatem in the no salt style with a with red rice serving. Keep the recipe fully plant-based or vegetarian, using the traditional Goan masala and legumes/vegetables. Keep oil and salt low, and avoid extra rice, bread, ghee, or sugar.",15-20 minute easy post-lunch walk,"Do not add extra salt, pickle, or papad"
1014,Goa,High Bp,Lunch,Moong Gathi (Herb Seasoned; with red rice),227,15,29,7,10,Low,Medium,High,Safe,"sprouted moong, coconut, cumin, coriander, green chilli, curry leaves",Vegetarian,,"Prepare moong gathi in the herb seasoned style with a with red rice serving. Keep the recipe fully plant-based or vegetarian, using the traditional Goan masala and legumes/vegetables. Keep oil and salt low, and avoid extra rice, bread, ghee, or sugar.",15-20 minute easy post-lunch walk,"Do not add extra salt, pickle, or papad"
1015,Goa,High Bp,Lunch,Sanna (Low Sodium; with red rice),164,12,20,4,5,Low,Low,Medium,Safe,"red rice, coconut, urad dal, toddy or yeast, salt",Vegetarian,,"Prepare sanna in the low sodium style with a with red rice serving. Keep the recipe fully plant-based or vegetarian, using the traditional Goan masala and legumes/vegetables. Keep oil and salt low, and avoid extra rice, bread, ghee, or sugar.",15-20 minute easy post-lunch walk,"Do not add extra salt, pickle, or papad"
1016,Goa,High Bp,Lunch,Tambdi Bhaji (Light Oil; with red rice),209,12,20,9,6,Low,Medium,Medium,Safe,"red amaranth, garlic, coconut, green chilli, turmeric, oil",Vegetarian,,"Prepare tambdi bhaji in the light oil style with a with red rice serving. Keep the recipe fully plant-based or vegetarian, using the traditional Goan masala and legumes/vegetables. Keep oil and salt low, and avoid extra rice, bread, ghee, or sugar.",15-20 minute easy post-lunch walk,"Do not add extra salt, pickle, or papad"
1017,Goa,High Bp,Lunch,Uddamethi (Unsalted; with red rice),206,19,20,7,6,High,High,Medium,Safe,"urad dal, raw mango, fenugreek seeds, tamarind, jaggery, spices",Vegetarian,,"Prepare uddamethi in the unsalted style with a with red rice serving. Keep the recipe fully plant-based or vegetarian, using the traditional Goan masala and legumes/vegetables. Keep oil and salt low, and avoid extra rice, bread, ghee, or sugar.",15-20 minute easy post-lunch walk,"Do not add extra salt, pickle, or papad"
1018,Goa,High Bp,Lunch,Ukda Rice + Alsande Stew (No Salt) + Steamed Cabbage,550,22,100,6,14,Medium,Low,Low,Safe,"Parboiled Rice, Black Eyed Peas, Cabbage",Vegetarian,,Use lime juice instead of salt for flavor.,Breathing exercises,Monitor BP daily
1019,Goa,High Bp,Lunch,Ukda Rice + Dalitoy + Steamed Gawar (Cluster Beans),550,18,95,10,14,Medium,Low,Low,Safe,"Parboiled Rice, Toor Dal, Cluster Beans",Vegetarian,,Use lime juice instead of salt for flavor.,Breathing exercises,Monitor BP daily
1020,Goa,High Bp,Lunch,Ukda Rice + Dalitoy + Steamed Kuvalyachi Bhaji,550,18,95,10,11,Medium,Low,Low,Safe,"Parboiled Rice, Toor Dal, Ash Gourd",Vegetarian,,Use kokum for flavor instead of salt; zero salt added.,Breathing exercises,Monitor BP daily
1021,Goa,High Bp,Lunch,Ukda Rice + Moong Gathi (No Salt) + Steamed Cabbage,550,20,100,7,12,Medium,Low,Low,Safe,"Parboiled Rice, Green Gram, Cabbage",Vegetarian,,Use lime for flavor instead of salt.,Breathing exercises,Monitor BP daily
1022,Goa,High Bp,Lunch,Ukda Rice + Moong Gathi + Steamed Tendli,550,20,100,7,12,Medium,Low,Low,Safe,"Parboiled Rice, Green Gram, Ivy Gourd",Vegetarian,,Use kokum for flavor instead of salt.,Breathing exercises,Monitor BP daily
1023,Goa,High Bp,Lunch,Ukda Rice + Patal Bhaji (No Salt) + Tendli,550,18,100,8,12,Medium,Low,Low,Safe,"Parboiled Rice, White Peas, Ivy Gourd",Vegetarian,,No salt added.,Breathing exercises,Monitor BP daily
1024,Goa,High Bp,Lunch,Valchi Bhaji (Kokum Tang; with red rice),253,11,32,9,7,Medium,Low,Medium,Safe,"val or fern leaves, coconut, garlic, green chilli, spices",Vegetarian,,"Prepare valchi bhaji in the kokum tang style with a with red rice serving. Keep the recipe fully plant-based or vegetarian, using the traditional Goan masala and legumes/vegetables. Keep oil and salt low, and avoid extra rice, bread, ghee, or sugar.",15-20 minute easy post-lunch walk,"Do not add extra salt, pickle, or papad"
1025,Goa,High Bp,Lunch,Ambot Tik (Minimal Spice; with red rice),206,18,20,6,8,Low,Low,Medium,"Fish, Shellfish","fish or prawns, tamarind, vinegar, red chilli, garlic, kokum",Non-Vegetarian,Fish,"Prepare ambot tik in the minimal spice style with a with red rice serving. Use lean fish, chicken, pork, or seafood as the traditional recipe calls for. Keep oil and salt low, and avoid extra rice, bread, ghee, or sugar.",15-20 minute easy post-lunch walk,"Contains fish, shellfish; do not add extra salt, pickle, or papad"
1026,Goa,High Bp,Lunch,Ambot Tik (No Salt; with red rice),289,28,24,9,5,Low,Low,Medium,"Fish, Shellfish","fish or prawns, tamarind, vinegar, red chilli, garlic, kokum",Non-Vegetarian,Fish,"Prepare ambot tik in the no salt style with a with red rice serving. Use lean fish, chicken, pork, or seafood as the traditional recipe calls for. Keep oil and salt low, and avoid extra rice, bread, ghee, or sugar.",15-20 minute easy post-lunch walk,"Contains fish, shellfish; do not add extra salt, pickle, or papad"
1027,Goa,High Bp,Lunch,Balchao (Low Sodium; with red rice),291,22,27,8,5,Low,Low,Low,"Fish, Shellfish","fish or prawns or pork, vinegar, red chilli, tomatoes, garlic, spices",Non-Vegetarian,Seafood,"Prepare balchao in the low sodium style with a with red rice serving. Use lean fish, chicken, pork, or seafood as the traditional recipe calls for. Keep oil and salt low, and avoid extra rice, bread, ghee, or sugar.",15-20 minute easy post-lunch walk,"Contains fish, shellfish; do not add extra salt, pickle, or papad"
1028,Goa,High Bp,Lunch,Brown Rice + Fish Curry (No Salt/Use Kokum) + Tambdi Bhaji,550,30,85,10,10,Medium,Low,Low,Fish,"Brown Rice, Fish, Kokum, Red Amaranth",Non-Vegetarian,Fish,Use kokum generously to mask absence of salt.,Breathing exercises,Monitor BP daily
1029,Goa,High Bp,Lunch,Caldinho (Plain Serve; with red rice),202,19,18,6,7,Low,Low,High,"Dairy, Fish","fish or chicken, coconut milk, green herbs, onions, pepper, spices",Non-Vegetarian,Fish,"Prepare caldinho in the plain serve style with a with red rice serving. Use lean fish, chicken, pork, or seafood as the traditional recipe calls for. Keep oil and salt low, and avoid extra rice, bread, ghee, or sugar.",15-20 minute easy post-lunch walk,"Contains fish; do not add extra salt, pickle, or papad"
1030,Goa,High Bp,Lunch,Caldinho (Steamed; with red rice),278,17,28,10,8,Low,High,High,"Dairy, Fish","fish or chicken, coconut milk, green herbs, onions, pepper, spices",Non-Vegetarian,Fish,"Prepare caldinho in the steamed style with a with red rice serving. Use lean fish, chicken, pork, or seafood as the traditional recipe calls for. Keep oil and salt low, and avoid extra rice, bread, ghee, or sugar.",15-20 minute easy post-lunch walk,"Contains fish; do not add extra salt, pickle, or papad"
1031,Goa,High Bp,Lunch,Chicken Cafreal (Fresh Herb Finish; with red rice),231,23,19,7,7,Medium,Medium,Medium,Safe,"chicken, coriander, lime, vinegar, garlic, green chilli, spices",Non-Vegetarian,Chicken,"Prepare chicken cafreal in the fresh herb finish style with a with red rice serving. Use lean fish, chicken, pork, or seafood as the traditional recipe calls for. Keep oil and salt low, and avoid extra rice, bread, ghee, or sugar.",15-20 minute easy post-lunch walk,"Do not add extra salt, pickle, or papad"
1032,Goa,High Bp,Lunch,Chicken Cafreal (Potassium Rich; with red rice),205,19,21,5,7,Medium,Medium,Low,Safe,"chicken, coriander, lime, vinegar, garlic, green chilli, spices",Non-Vegetarian,Chicken,"Prepare chicken cafreal in the potassium rich style with a with red rice serving. Use lean fish, chicken, pork, or seafood as the traditional recipe calls for. Keep oil and salt low, and avoid extra rice, bread, ghee, or sugar.",15-20 minute easy post-lunch walk,"Do not add extra salt, pickle, or papad"
1033,Goa,High Bp,Lunch,Fish Curry Rice (Leafy Greens; with red rice),310,26,22,9,6,Medium,Low,Medium,Fish,fish curry rice,Non-Vegetarian,,"Prepare fish curry rice in the leafy greens style with a with red rice serving. Use lean fish, chicken, pork, or seafood as the traditional recipe calls for. Keep oil and salt low, and avoid extra rice, bread, ghee, or sugar.",15-20 minute easy post-lunch walk,"Do not add extra salt, pickle, or papad"
1034,Goa,High Bp,Lunch,Fish Curry Rice (Unsalted; with red rice),276,25,22,6,5,Medium,Low,Medium,Fish,fish curry rice,Non-Vegetarian,,"Prepare fish curry rice in the unsalted style with a with red rice serving. Use lean fish, chicken, pork, or seafood as the traditional recipe calls for. Keep oil and salt low, and avoid extra rice, bread, ghee, or sugar.",15-20 minute easy post-lunch walk,"Do not add extra salt, pickle, or papad"
1035,Goa,High Bp,Lunch,Fish Recheado (Herb Seasoned; with red rice),247,23,23,7,8,Medium,Medium,High,Fish,"fish, recheado masala, vinegar, garlic, red chilli",Non-Vegetarian,Fish,"Prepare fish recheado in the herb seasoned style with a with red rice serving. Use lean fish, chicken, pork, or seafood as the traditional recipe calls for. Keep oil and salt low, and avoid extra rice, bread, ghee, or sugar.",15-20 minute easy post-lunch walk,"Contains fish; do not add extra salt, pickle, or papad"
1036,Goa,High Bp,Lunch,Fish Recheado (Whole Grain; with red rice),289,25,36,5,8,Medium,Low,Medium,Fish,"fish, recheado masala, vinegar, garlic, red chilli",Non-Vegetarian,Fish,"Prepare fish recheado in the whole grain style with a with red rice serving. Use lean fish, chicken, pork, or seafood as the traditional recipe calls for. Keep oil and salt low, and avoid extra rice, bread, ghee, or sugar.",15-20 minute easy post-lunch walk,"Contains fish; do not add extra salt, pickle, or papad"
1037,Goa,High Bp,Lunch,Kismur (Light Oil; with red rice),282,16,25,10,4,Medium,Medium,Medium,Fish,"dry fish, coconut, onion, lime, green chilli, spices",Non-Vegetarian,Fish,"Prepare kismur in the light oil style with a with red rice serving. Use lean fish, chicken, pork, or seafood as the traditional recipe calls for. Keep oil and salt low, and avoid extra rice, bread, ghee, or sugar.",15-20 minute easy post-lunch walk,"Contains fish; do not add extra salt, pickle, or papad"
1038,Goa,High Bp,Lunch,Prawn Dangar (Kokum Tang; with red rice),338,26,28,10,6,Medium,High,Medium,"Fish, Gluten, Shellfish","prawns, coconut, tamarind, semolina, onion, spices",Non-Vegetarian,Seafood,"Prepare prawn dangar in the kokum tang style with a with red rice serving. Use lean fish, chicken, pork, or seafood as the traditional recipe calls for. Keep oil and salt low, and avoid extra rice, bread, ghee, or sugar.",15-20 minute easy post-lunch walk,"Contains shellfish, gluten; do not add extra salt, pickle, or papad"
1039,Goa,High Bp,Lunch,Ukda Rice + Chicken Broth (No Salt) + Cabbage,550,30,85,10,10,Medium,Low,Low,Safe,"Parboiled Rice, Chicken, Cabbage",Non-Vegetarian,Chicken,Use pepper/lime instead of salt.,Breathing exercises,Monitor BP daily
1040,Goa,High Bp,Lunch,Xitt-Kodi (No Pickle; with red rice),258,24,28,8,7,Medium,Medium,Medium,Fish,"rice, fish, coconut, kokum, onions, spices",Non-Vegetarian,Fish,"Prepare xitt-kodi in the no pickle style with a with red rice serving. Use lean fish, chicken, pork, or seafood as the traditional recipe calls for. Keep oil and salt low, and avoid extra rice, bread, ghee, or sugar.",15-20 minute easy post-lunch walk,"Contains fish; do not add extra salt, pickle, or papad"
1041,Goa,High Bp,Lunch,Alsanyache Tonak (No Pickle; with red rice),229,15,31,5,9,Medium,Low,Medium,Safe,"black-eyed beans, tonak masala, onion, garlic, coconut, tamarind, potato",Vegan,,"Prepare alsanyache tonak in the no pickle style with a with red rice serving. Keep the recipe fully plant-based or vegetarian, using the traditional Goan masala and legumes/vegetables. Keep oil and salt low, and avoid extra rice, bread, ghee, or sugar.",15-20 minute easy post-lunch walk,"Do not add extra salt, pickle, or papad"
1042,Goa,High Bp,Lunch,Ambadyachem Sasav (No Added Salt),332,21,44,8,11,High,Low,Low,Mustard,"hog plum, coconut, mustard, jaggery, chilli",Vegan,,"Cook ambadyachem sasav with little or no added salt and rely on kokum, lime, herbs, and roasted spices for taste. Avoid packaged masalas, pickle, and papad alongside the meal.",30 mins brisk walking,"Keep sodium very low; avoid pickle, papad, and packaged seasoning."
1043,Goa,High Bp,Lunch,Boiled Alsande (Fresh Herb Finish; with red rice),246,19,28,6,5,Low,Low,Medium,Safe,"black-eyed peas, onion, green chilli, coriander, lemon",Vegan,,"Prepare boiled alsande in the fresh herb finish style with a with red rice serving. Keep the recipe fully plant-based or vegetarian, using the traditional Goan masala and legumes/vegetables. Keep oil and salt low, and avoid extra rice, bread, ghee, or sugar.",15-20 minute easy post-lunch walk,"Do not add extra salt, pickle, or papad"
1044,Goa,High Bp,Lunch,Caldinho (Herb Seasoned),332,22,43,8,11,Low,Low,Low,Dairy,"vegetables, coconut milk, turmeric, pepper",Vegan,,"Cook caldinho with little or no added salt and rely on kokum, lime, herbs, and roasted spices for taste. Avoid packaged masalas, pickle, and papad alongside the meal.",30 mins brisk walking,"Keep sodium very low; avoid pickle, papad, and packaged seasoning."
1045,Goa,High Bp,Lunch,Chana Ros (Plain Serve; with red rice),182,12,20,6,5,Medium,Low,Low,Safe,"chickpeas, coconut, dried red chillies, onion, kokum, spices",Vegan,,"Prepare chana ros in the plain serve style with a with red rice serving. Keep the recipe fully plant-based or vegetarian, using the traditional Goan masala and legumes/vegetables. Keep oil and salt low, and avoid extra rice, bread, ghee, or sugar.",15-20 minute easy post-lunch walk,"Do not add extra salt, pickle, or papad"
1046,Goa,High Bp,Lunch,Chidki Midki Bhaji (No Pickle or Papad),332,22,43,8,11,Low,Low,Low,Safe,"leafy greens, coconut, garlic, spices",Vegan,,"Cook chidki midki bhaji with little or no added salt and rely on kokum, lime, herbs, and roasted spices for taste. Avoid packaged masalas, pickle, and papad alongside the meal.",30 mins brisk walking,"Keep sodium very low; avoid pickle, papad, and packaged seasoning."
1047,Goa,High Bp,Lunch,Khatkatem (Minimal Spice; with red rice),223,11,32,5,9,Low,Medium,Low,Safe,"raw jackfruit, beetroot, pumpkin, raw banana, drumstick, coconut, teflam, turmeric",Vegan,,"Prepare khatkatem in the minimal spice style with a with red rice serving. Keep the recipe fully plant-based or vegetarian, using the traditional Goan masala and legumes/vegetables. Keep oil and salt low, and avoid extra rice, bread, ghee, or sugar.",15-20 minute easy post-lunch walk,"Do not add extra salt, pickle, or papad"
1048,Goa,High Bp,Lunch,Khatkhatem (Very Low Salt),324,21,42,8,11,Low,Low,Low,Safe,"mixed vegetables, coconut, tamarind, tur dal, moong dal",Vegan,,"Cook khatkhatem with little or no added salt and rely on kokum, lime, herbs, and roasted spices for taste. Avoid packaged masalas, pickle, and papad alongside the meal.",30 mins brisk walking,"Keep sodium very low; avoid pickle, papad, and packaged seasoning."
1049,Goa,High Bp,Lunch,Mooga Gathi (Potassium Rich),340,22,45,8,11,Low,Low,Low,Safe,"sprouted moong, coconut, tamarind, curry leaves",Vegan,,"Cook mooga gathi with little or no added salt and rely on kokum, lime, herbs, and roasted spices for taste. Avoid packaged masalas, pickle, and papad alongside the meal.",30 mins brisk walking,"Keep sodium very low; avoid pickle, papad, and packaged seasoning."
1050,Goa,High Bp,Lunch,Moong Gathi (Whole Grain; with red rice),250,19,32,10,9,Medium,Low,Medium,Safe,"sprouted moong, coconut, cumin, coriander, green chilli, curry leaves",Vegan,,"Prepare moong gathi in the whole grain style with a with red rice serving. Keep the recipe fully plant-based or vegetarian, using the traditional Goan masala and legumes/vegetables. Keep oil and salt low, and avoid extra rice, bread, ghee, or sugar.",15-20 minute easy post-lunch walk,"Do not add extra salt, pickle, or papad"
1051,Goa,High Bp,Lunch,Poi (Unsalted; with steamed rice),244,19,32,5,10,Low,Low,Medium,Gluten,"whole wheat flour, wheat bran, yeast or toddy, water, salt",Vegan,,"Prepare poi in the unsalted style with a with steamed rice serving. Keep the recipe fully plant-based or vegetarian, using the traditional Goan masala and legumes/vegetables. Keep oil and salt low, and avoid extra rice, bread, ghee, or sugar.",15-20 minute easy post-lunch walk,"Contains gluten; do not add extra salt, pickle, or papad"
1052,Goa,High Bp,Lunch,Sanna (Herb Seasoned; with steamed rice),291,20,37,6,7,High,Low,Medium,Safe,"red rice, coconut, urad dal, toddy or yeast, salt",Vegan,,"Prepare sanna in the herb seasoned style with a with steamed rice serving. Keep the recipe fully plant-based or vegetarian, using the traditional Goan masala and legumes/vegetables. Keep oil and salt low, and avoid extra rice, bread, ghee, or sugar.",15-20 minute easy post-lunch walk,"Do not add extra salt, pickle, or papad"
1053,Goa,High Bp,Lunch,Tambdi Bhaji (Salt Free; with red rice),209,12,22,7,7,Low,Low,Medium,Safe,"red amaranth, garlic, coconut, green chilli, turmeric, oil",Vegan,,"Prepare tambdi bhaji in the salt free style with a with red rice serving. Keep the recipe fully plant-based or vegetarian, using the traditional Goan masala and legumes/vegetables. Keep oil and salt low, and avoid extra rice, bread, ghee, or sugar.",15-20 minute easy post-lunch walk,"Do not add extra salt, pickle, or papad"
1054,Goa,High Bp,Lunch,Uddamethi (Leafy Greens; with red rice),209,10,31,5,8,Medium,Medium,Medium,Safe,"urad dal, raw mango, fenugreek seeds, tamarind, jaggery, spices",Vegan,,"Prepare uddamethi in the leafy greens style with a with red rice serving. Keep the recipe fully plant-based or vegetarian, using the traditional Goan masala and legumes/vegetables. Keep oil and salt low, and avoid extra rice, bread, ghee, or sugar.",15-20 minute easy post-lunch walk,"Do not add extra salt, pickle, or papad"
1055,Goa,High Bp,Lunch,"Uddamethi (Light, Heart Friendly)",324,21,42,8,11,High,Low,Low,Safe,"urad dal, methi, coconut, tamarind, jaggery",Vegan,,"Cook uddamethi with little or no added salt and rely on kokum, lime, herbs, and roasted spices for taste. Avoid packaged masalas, pickle, and papad alongside the meal.",30 mins brisk walking,"Keep sodium very low; avoid pickle, papad, and packaged seasoning."
1056,Goa,High Bp,Lunch,Valchi Bhaji (No Salt; with steamed rice),186,14,20,9,8,Medium,Low,Medium,Safe,"val or fern leaves, coconut, garlic, green chilli, spices",Vegan,,"Prepare valchi bhaji in the no salt style with a with steamed rice serving. Keep the recipe fully plant-based or vegetarian, using the traditional Goan masala and legumes/vegetables. Keep oil and salt low, and avoid extra rice, bread, ghee, or sugar.",15-20 minute easy post-lunch walk,"Do not add extra salt, pickle, or papad"
1057,Goa,High Bp,Snack,Alle Belle (Low Sodium),251,5,33,11,3,High,Low,Low,Gluten,"flour, coconut, jaggery, cardamom",Vegetarian,,"Cook alle belle with little or no added salt and rely on kokum, lime, herbs, and roasted spices for taste. Avoid packaged masalas, pickle, and papad alongside the meal.",30 mins brisk walking,"Keep sodium very low; avoid pickle, papad, and packaged seasoning."
1058,Goa,High Bp,Snack,Boiled Alsande (Herb Seasoned; tea-time snack),227,19,20,5,8,High,Low,Medium,Safe,"black-eyed peas, onion, green chilli, coriander, lemon",Vegetarian,,"Prepare boiled alsande in the herb seasoned style with a tea-time snack serving. Keep the recipe fully plant-based or vegetarian, using the traditional Goan masala and legumes/vegetables. Keep oil and salt low, and avoid extra rice, bread, ghee, or sugar.",10-15 minute light walk or mobility session,"Do not add extra salt, pickle, or papad"
1059,Goa,High Bp,Snack,Boiled Alsande (No Salt),150,8,22,2,8,Medium,Low,Low,Safe,Black Eyed Peas,Vegetarian,,Boil perfectly.,10 mins stretching,Avoid salted varieties
1060,Goa,High Bp,Snack,Boiled Green Peas (Unsalted),150,8,25,1,7,Medium,Low,Low,Safe,Green Peas,Vegetarian,,Boil perfectly; do not add salt.,10 mins stretching,Avoid canned peas due to sodium
1061,Goa,High Bp,Snack,Boiled Sweet Corn,150,5,30,1,4,Medium,Low,Low,Safe,Corn Kernels,Vegetarian,,Boil perfectly; do not add salt or butter.,10 mins stretching,Avoid canned corn due to sodium
1062,Goa,High Bp,Snack,Chana Ros (Potassium Rich; tea-time snack),229,16,30,5,6,Medium,Medium,Medium,Safe,"chickpeas, coconut, dried red chillies, onion, kokum, spices",Vegetarian,,"Prepare chana ros in the potassium rich style with a tea-time snack serving. Keep the recipe fully plant-based or vegetarian, using the traditional Goan masala and legumes/vegetables. Keep oil and salt low, and avoid extra rice, bread, ghee, or sugar.",10-15 minute light walk or mobility session,"Do not add extra salt, pickle, or papad"
1063,Goa,High Bp,Snack,Cucumber Slices (Unsalted),150,2,30,1,6,Low,Low,Low,Safe,Cucumber,Vegetarian,,Serve raw.,10 mins stretching,Avoid salted varieties
1064,Goa,High Bp,Snack,Moong Gathi (Unsalted; tea-time snack),225,12,35,8,7,Medium,High,Low,Safe,"sprouted moong, coconut, cumin, coriander, green chilli, curry leaves",Vegetarian,,"Prepare moong gathi in the unsalted style with a tea-time snack serving. Keep the recipe fully plant-based or vegetarian, using the traditional Goan masala and legumes/vegetables. Keep oil and salt low, and avoid extra rice, bread, ghee, or sugar.",10-15 minute light walk or mobility session,"Do not add extra salt, pickle, or papad"
1065,Goa,High Bp,Snack,Steamed Sanna (No Salt),150,4,30,1,3,Medium,Low,Low,Safe,Rice,Vegetarian,,Steam perfectly.,10 mins stretching,Avoid salted varieties
1066,Goa,High Bp,Snack,"Tavsali (Light, Heart Friendly, Variant 2)",140,7,15,4,5,High,Low,Low,"Gluten, Dairy","cucumber, rava, coconut, jaggery, cardamom",Vegetarian,,"Cook tavsali with little or no added salt and rely on kokum, lime, herbs, and roasted spices for taste. Avoid packaged masalas, pickle, and papad alongside the meal.",30 mins brisk walking,"Keep sodium very low; avoid pickle, papad, and packaged seasoning."
1067,Goa,High Bp,Snack,Uddamethi (No Salt; tea-time snack),240,18,27,5,5,Medium,Medium,Low,Safe,"urad dal, raw mango, fenugreek seeds, tamarind, jaggery, spices",Vegetarian,,"Prepare uddamethi in the no salt style with a tea-time snack serving. Keep the recipe fully plant-based or vegetarian, using the traditional Goan masala and legumes/vegetables. Keep oil and salt low, and avoid extra rice, bread, ghee, or sugar.",10-15 minute light walk or mobility session,"Do not add extra salt, pickle, or papad"
1068,Goa,High Bp,Snack,Unsalted Makhana (Foxnuts),150,4,30,1,3,Medium,Low,Low,Safe,Foxnuts,Vegetarian,,Dry roast without salt or butter.,10 mins stretching,Avoid commercial snacks
1069,Goa,High Bp,Snack,Unsalted Puffed Rice (Murmura),150,3,30,1,2,Medium,Low,Low,Safe,Puffed Rice,Vegetarian,,No added salt.,10 mins stretching,Avoid salted varieties
1070,Goa,High Bp,Snack,Unsalted Roasted Cashews,150,5,8,12,1,Medium,Low,Low,"Nut, Nuts",Cashew Nuts,Vegetarian,,Dry roast perfectly; do not add salt.,10 mins stretching,Avoid salted varieties
1071,Goa,High Bp,Snack,Unsalted Roasted Peanuts,150,6,10,10,3,Medium,Low,Low,"Peanut, Peanuts",Peanuts,Vegetarian,,No added salt.,10 mins stretching,Avoid salted varieties
1072,Goa,High Bp,Snack,Unsalted Roasted Pumpkin Seeds,150,6,10,10,4,Medium,Low,Low,Safe,Pumpkin Seeds,Vegetarian,,Dry roast perfectly; do not add salt.,10 mins stretching,Avoid salted varieties
1073,Goa,High Bp,Snack,Ambot Tik (No Pickle; tea-time snack),235,23,18,5,4,Medium,Medium,Medium,"Fish, Shellfish","fish or prawns, tamarind, vinegar, red chilli, garlic, kokum",Non-Vegetarian,Fish,"Prepare ambot tik in the no pickle style with a tea-time snack serving. Use lean fish, chicken, pork, or seafood as the traditional recipe calls for. Keep oil and salt low, and avoid extra rice, bread, ghee, or sugar.",10-15 minute light walk or mobility session,"Contains fish, shellfish; do not add extra salt, pickle, or papad"
1074,Goa,High Bp,Snack,Caldinho (Fresh Herb Finish; tea-time snack),240,20,31,5,5,Low,Low,Medium,"Dairy, Fish","fish or chicken, coconut milk, green herbs, onions, pepper, spices",Non-Vegetarian,Fish,"Prepare caldinho in the fresh herb finish style with a tea-time snack serving. Use lean fish, chicken, pork, or seafood as the traditional recipe calls for. Keep oil and salt low, and avoid extra rice, bread, ghee, or sugar.",10-15 minute light walk or mobility session,"Contains fish; do not add extra salt, pickle, or papad"
1075,Goa,High Bp,Snack,Caldinho (Potassium Rich; tea-time snack),205,21,19,5,7,Low,Medium,Medium,"Dairy, Fish","fish or chicken, coconut milk, green herbs, onions, pepper, spices",Non-Vegetarian,Fish,"Prepare caldinho in the potassium rich style with a tea-time snack serving. Use lean fish, chicken, pork, or seafood as the traditional recipe calls for. Keep oil and salt low, and avoid extra rice, bread, ghee, or sugar.",10-15 minute light walk or mobility session,"Contains fish; do not add extra salt, pickle, or papad"
1076,Goa,High Bp,Snack,Chicken Cafreal (Herb Seasoned; tea-time snack),261,27,20,10,4,Low,High,Medium,Safe,"chicken, coriander, lime, vinegar, garlic, green chilli, spices",Non-Vegetarian,Chicken,"Prepare chicken cafreal in the herb seasoned style with a tea-time snack serving. Use lean fish, chicken, pork, or seafood as the traditional recipe calls for. Keep oil and salt low, and avoid extra rice, bread, ghee, or sugar.",10-15 minute light walk or mobility session,"Do not add extra salt, pickle, or papad"
1077,Goa,High Bp,Snack,Chicken Cafreal (Whole Grain; tea-time snack),317,23,36,9,6,Low,Low,Medium,Safe,"chicken, coriander, lime, vinegar, garlic, green chilli, spices",Non-Vegetarian,Chicken,"Prepare chicken cafreal in the whole grain style with a tea-time snack serving. Use lean fish, chicken, pork, or seafood as the traditional recipe calls for. Keep oil and salt low, and avoid extra rice, bread, ghee, or sugar.",10-15 minute light walk or mobility session,"Do not add extra salt, pickle, or papad"
1078,Goa,High Bp,Snack,Crab Xacuti (Kokum Tang; tea-time snack),202,19,18,6,6,Medium,Low,Medium,"Fish, Shellfish","crab, roasted coconut, poppy seeds, onions, dry red chillies, spices",Non-Vegetarian,Seafood,"Prepare crab xacuti in the kokum tang style with a tea-time snack serving. Use lean fish, chicken, pork, or seafood as the traditional recipe calls for. Keep oil and salt low, and avoid extra rice, bread, ghee, or sugar.",10-15 minute light walk or mobility session,"Contains shellfish; do not add extra salt, pickle, or papad"
1079,Goa,High Bp,Snack,Crab Xacuti (No Salt; small bowl),205,19,21,5,5,Medium,Medium,Medium,"Fish, Shellfish","crab, roasted coconut, poppy seeds, onions, dry red chillies, spices",Non-Vegetarian,Seafood,"Prepare crab xacuti in the no salt style with a small bowl serving. Use lean fish, chicken, pork, or seafood as the traditional recipe calls for. Keep oil and salt low, and avoid extra rice, bread, ghee, or sugar.",10-15 minute light walk or mobility session,"Contains shellfish; do not add extra salt, pickle, or papad"
1080,Goa,High Bp,Snack,Fish Curry Rice (Minimal Spice; tea-time snack),262,24,28,6,6,High,Low,Low,Fish,fish curry rice,Non-Vegetarian,,"Prepare fish curry rice in the minimal spice style with a tea-time snack serving. Use lean fish, chicken, pork, or seafood as the traditional recipe calls for. Keep oil and salt low, and avoid extra rice, bread, ghee, or sugar.",10-15 minute light walk or mobility session,"Do not add extra salt, pickle, or papad"
1081,Goa,High Bp,Snack,Fish Curry Rice (No Salt; tea-time snack),280,23,35,7,6,Medium,Medium,Medium,Fish,fish curry rice,Non-Vegetarian,,"Prepare fish curry rice in the no salt style with a tea-time snack serving. Use lean fish, chicken, pork, or seafood as the traditional recipe calls for. Keep oil and salt low, and avoid extra rice, bread, ghee, or sugar.",10-15 minute light walk or mobility session,"Do not add extra salt, pickle, or papad"
1082,Goa,High Bp,Snack,Fish Recheado (Leafy Greens; tea-time snack),233,18,29,5,6,Low,Medium,High,Fish,"fish, recheado masala, vinegar, garlic, red chilli",Non-Vegetarian,Fish,"Prepare fish recheado in the leafy greens style with a tea-time snack serving. Use lean fish, chicken, pork, or seafood as the traditional recipe calls for. Keep oil and salt low, and avoid extra rice, bread, ghee, or sugar.",10-15 minute light walk or mobility session,"Contains fish; do not add extra salt, pickle, or papad"
1083,Goa,High Bp,Snack,Fish Recheado (Unsalted; tea-time snack),269,26,30,8,5,Low,Medium,Medium,Fish,"fish, recheado masala, vinegar, garlic, red chilli",Non-Vegetarian,Fish,"Prepare fish recheado in the unsalted style with a tea-time snack serving. Use lean fish, chicken, pork, or seafood as the traditional recipe calls for. Keep oil and salt low, and avoid extra rice, bread, ghee, or sugar.",10-15 minute light walk or mobility session,"Contains fish; do not add extra salt, pickle, or papad"
1084,Goa,High Bp,Snack,Kismur (Plain Serve; tea-time snack),202,16,21,6,6,Medium,Low,Low,Fish,"dry fish, coconut, onion, lime, green chilli, spices",Non-Vegetarian,Fish,"Prepare kismur in the plain serve style with a tea-time snack serving. Use lean fish, chicken, pork, or seafood as the traditional recipe calls for. Keep oil and salt low, and avoid extra rice, bread, ghee, or sugar.",10-15 minute light walk or mobility session,"Contains fish; do not add extra salt, pickle, or papad"
1085,Goa,High Bp,Snack,Kismur (Steamed; tea-time snack),270,21,20,10,6,Medium,Medium,Low,Fish,"dry fish, coconut, onion, lime, green chilli, spices",Non-Vegetarian,Fish,"Prepare kismur in the steamed style with a tea-time snack serving. Use lean fish, chicken, pork, or seafood as the traditional recipe calls for. Keep oil and salt low, and avoid extra rice, bread, ghee, or sugar.",10-15 minute light walk or mobility session,"Contains fish; do not add extra salt, pickle, or papad"
1086,Goa,High Bp,Snack,Prawn Dangar (Light Oil; tea-time snack),316,26,35,8,5,Low,High,Medium,"Fish, Gluten, Shellfish","prawns, coconut, tamarind, semolina, onion, spices",Non-Vegetarian,Seafood,"Prepare prawn dangar in the light oil style with a tea-time snack serving. Use lean fish, chicken, pork, or seafood as the traditional recipe calls for. Keep oil and salt low, and avoid extra rice, bread, ghee, or sugar.",10-15 minute light walk or mobility session,"Contains shellfish, gluten; do not add extra salt, pickle, or papad"
1087,Goa,High Bp,Snack,Prawn Dangar (Salt Free; tea-time snack),269,24,23,9,6,Low,Medium,Medium,"Fish, Gluten, Shellfish","prawns, coconut, tamarind, semolina, onion, spices",Non-Vegetarian,Seafood,"Prepare prawn dangar in the salt free style with a tea-time snack serving. Use lean fish, chicken, pork, or seafood as the traditional recipe calls for. Keep oil and salt low, and avoid extra rice, bread, ghee, or sugar.",10-15 minute light walk or mobility session,"Contains shellfish, gluten; do not add extra salt, pickle, or papad"
1088,Goa,High Bp,Snack,Xitt-Kodi (Low Sodium; tea-time snack),242,23,24,6,4,Medium,High,Low,Fish,"rice, fish, coconut, kokum, onions, spices",Non-Vegetarian,Fish,"Prepare xitt-kodi in the low sodium style with a tea-time snack serving. Use lean fish, chicken, pork, or seafood as the traditional recipe calls for. Keep oil and salt low, and avoid extra rice, bread, ghee, or sugar.",10-15 minute light walk or mobility session,"Contains fish; do not add extra salt, pickle, or papad"
1089,Goa,High Bp,Snack,Alsanyache Tonak (Low Sodium; tea-time snack),190,18,21,5,10,Low,Medium,Medium,Safe,"black-eyed beans, tonak masala, onion, garlic, coconut, tamarind, potato",Vegan,,"Prepare alsanyache tonak in the low sodium style with a tea-time snack serving. Keep the recipe fully plant-based or vegetarian, using the traditional Goan masala and legumes/vegetables. Keep oil and salt low, and avoid extra rice, bread, ghee, or sugar.",10-15 minute light walk or mobility session,"Do not add extra salt, pickle, or papad"
1090,Goa,High Bp,Snack,Boiled Alsande (Whole Grain; tea-time snack),193,11,23,9,5,Medium,Low,Medium,Safe,"black-eyed peas, onion, green chilli, coriander, lemon",Vegan,,"Prepare boiled alsande in the whole grain style with a tea-time snack serving. Keep the recipe fully plant-based or vegetarian, using the traditional Goan masala and legumes/vegetables. Keep oil and salt low, and avoid extra rice, bread, ghee, or sugar.",10-15 minute light walk or mobility session,"Do not add extra salt, pickle, or papad"
1091,Goa,High Bp,Snack,Chana Ros (Fresh Herb Finish; tea-time snack),238,17,29,6,7,Medium,Medium,Medium,Safe,"chickpeas, coconut, dried red chillies, onion, kokum, spices",Vegan,,"Prepare chana ros in the fresh herb finish style with a tea-time snack serving. Keep the recipe fully plant-based or vegetarian, using the traditional Goan masala and legumes/vegetables. Keep oil and salt low, and avoid extra rice, bread, ghee, or sugar.",10-15 minute light walk or mobility session,"Do not add extra salt, pickle, or papad"
1092,Goa,High Bp,Snack,Chidki Midki Bhaji (Steam Cooked),116,6,14,4,5,Low,Low,Low,Safe,"leafy greens, coconut, garlic, spices",Vegan,,"Cook chidki midki bhaji with little or no added salt and rely on kokum, lime, herbs, and roasted spices for taste. Avoid packaged masalas, pickle, and papad alongside the meal.",30 mins brisk walking,"Keep sodium very low; avoid pickle, papad, and packaged seasoning."
1093,Goa,High Bp,Snack,Khatkatem (No Pickle; tea-time snack),237,14,33,7,8,Medium,Low,Low,Safe,"raw jackfruit, beetroot, pumpkin, raw banana, drumstick, coconut, teflam, turmeric",Vegan,,"Prepare khatkatem in the no pickle style with a tea-time snack serving. Keep the recipe fully plant-based or vegetarian, using the traditional Goan masala and legumes/vegetables. Keep oil and salt low, and avoid extra rice, bread, ghee, or sugar.",10-15 minute light walk or mobility session,"Do not add extra salt, pickle, or papad"
1094,Goa,High Bp,Snack,Kismoor (No Added Salt),130,6,14,4,5,Low,Low,Low,Safe,"coconut, chilli, onion, tamarind, dried vegetables",Vegan,,"Cook kismoor with little or no added salt and rely on kokum, lime, herbs, and roasted spices for taste. Avoid packaged masalas, pickle, and papad alongside the meal.",30 mins brisk walking,"Keep sodium very low; avoid pickle, papad, and packaged seasoning."
1095,Goa,High Bp,Snack,Moong Gathi (Leafy Greens; tea-time snack),264,18,30,8,5,Low,Low,High,Safe,"sprouted moong, coconut, cumin, coriander, green chilli, curry leaves",Vegan,,"Prepare moong gathi in the leafy greens style with a tea-time snack serving. Keep the recipe fully plant-based or vegetarian, using the traditional Goan masala and legumes/vegetables. Keep oil and salt low, and avoid extra rice, bread, ghee, or sugar.",10-15 minute light walk or mobility session,"Do not add extra salt, pickle, or papad"
1096,Goa,High Bp,Snack,Paanch Pale Bhaji (Potassium Rich),130,7,17,4,5,Low,Low,Low,Safe,"five leafy greens, coconut, spices",Vegan,,"Cook paanch pale bhaji with little or no added salt and rely on kokum, lime, herbs, and roasted spices for taste. Avoid packaged masalas, pickle, and papad alongside the meal.",30 mins brisk walking,"Keep sodium very low; avoid pickle, papad, and packaged seasoning."
1097,Goa,High Bp,Snack,Pez (Herb Seasoned),124,6,16,4,5,High,Low,Low,Safe,"rice, water, cumin, pepper, coconut",Vegan,,"Cook pez with little or no added salt and rely on kokum, lime, herbs, and roasted spices for taste. Avoid packaged masalas, pickle, and papad alongside the meal.",30 mins brisk walking,"Keep sodium very low; avoid pickle, papad, and packaged seasoning."
1098,Goa,High Bp,Snack,Poi (Kokum Tang; tea-time snack),312,20,40,8,6,Medium,Medium,Medium,Gluten,"whole wheat flour, wheat bran, yeast or toddy, water, salt",Vegan,,"Prepare poi in the kokum tang style with a tea-time snack serving. Keep the recipe fully plant-based or vegetarian, using the traditional Goan masala and legumes/vegetables. Keep oil and salt low, and avoid extra rice, bread, ghee, or sugar.",10-15 minute light walk or mobility session,"Contains gluten; do not add extra salt, pickle, or papad"
1099,Goa,High Bp,Snack,Poi (No Salt; small bowl),255,11,32,9,10,Low,Low,Low,Gluten,"whole wheat flour, wheat bran, yeast or toddy, water, salt",Vegan,,"Prepare poi in the no salt style with a small bowl serving. Keep the recipe fully plant-based or vegetarian, using the traditional Goan masala and legumes/vegetables. Keep oil and salt low, and avoid extra rice, bread, ghee, or sugar.",10-15 minute light walk or mobility session,"Contains gluten; do not add extra salt, pickle, or papad"
1100,Goa,High Bp,Snack,Tambdi Bhaji (Plain Serve; tea-time snack),216,13,32,4,8,Medium,Low,Low,Safe,"red amaranth, garlic, coconut, green chilli, turmeric, oil",Vegan,,"Prepare tambdi bhaji in the plain serve style with a tea-time snack serving. Keep the recipe fully plant-based or vegetarian, using the traditional Goan masala and legumes/vegetables. Keep oil and salt low, and avoid extra rice, bread, ghee, or sugar.",10-15 minute light walk or mobility session,"Do not add extra salt, pickle, or papad"
1101,Goa,High Bp,Snack,Tambdi Bhaji (Steamed; tea-time snack),169,9,25,4,9,Low,Low,Medium,Safe,"red amaranth, garlic, coconut, green chilli, turmeric, oil",Vegan,,"Prepare tambdi bhaji in the steamed style with a tea-time snack serving. Keep the recipe fully plant-based or vegetarian, using the traditional Goan masala and legumes/vegetables. Keep oil and salt low, and avoid extra rice, bread, ghee, or sugar.",10-15 minute light walk or mobility session,"Do not add extra salt, pickle, or papad"
1102,Goa,High Bp,Snack,Uddamethi (Minimal Spice; tea-time snack),228,16,23,8,9,High,Low,Medium,Safe,"urad dal, raw mango, fenugreek seeds, tamarind, jaggery, spices",Vegan,,"Prepare uddamethi in the minimal spice style with a tea-time snack serving. Keep the recipe fully plant-based or vegetarian, using the traditional Goan masala and legumes/vegetables. Keep oil and salt low, and avoid extra rice, bread, ghee, or sugar.",10-15 minute light walk or mobility session,"Do not add extra salt, pickle, or papad"
1103,Goa,High Bp,Snack,Valchi Bhaji (Light Oil; tea-time snack),226,12,26,10,10,Medium,Low,Low,Safe,"val or fern leaves, coconut, garlic, green chilli, spices",Vegan,,"Prepare valchi bhaji in the light oil style with a tea-time snack serving. Keep the recipe fully plant-based or vegetarian, using the traditional Goan masala and legumes/vegetables. Keep oil and salt low, and avoid extra rice, bread, ghee, or sugar.",10-15 minute light walk or mobility session,"Do not add extra salt, pickle, or papad"
1104,Goa,High Bp,Snack,Valchi Bhaji (Salt Free; tea-time snack),248,12,35,7,9,Low,Medium,Low,Safe,"val or fern leaves, coconut, garlic, green chilli, spices",Vegan,,"Prepare valchi bhaji in the salt free style with a tea-time snack serving. Keep the recipe fully plant-based or vegetarian, using the traditional Goan masala and legumes/vegetables. Keep oil and salt low, and avoid extra rice, bread, ghee, or sugar.",10-15 minute light walk or mobility session,"Do not add extra salt, pickle, or papad"
1105,Goa,High Bp,Dinner,Boiled Alsande (Unsalted; with steamed rice),218,8,33,6,9,Low,Medium,Low,Safe,"black-eyed peas, onion, green chilli, coriander, lemon",Vegetarian,,"Prepare boiled alsande in the unsalted style with a with steamed rice serving. Keep the recipe fully plant-based or vegetarian, using the traditional Goan masala and legumes/vegetables. Keep oil and salt low, and avoid extra rice, bread, ghee, or sugar.",20 minute relaxed post-dinner walk,"Do not add extra salt, pickle, or papad"
1106,Goa,High Bp,Dinner,Chana Ros (Herb Seasoned; with steamed rice),185,12,23,7,5,Medium,Medium,Low,Safe,"chickpeas, coconut, dried red chillies, onion, kokum, spices",Vegetarian,,"Prepare chana ros in the herb seasoned style with a with steamed rice serving. Keep the recipe fully plant-based or vegetarian, using the traditional Goan masala and legumes/vegetables. Keep oil and salt low, and avoid extra rice, bread, ghee, or sugar.",20 minute relaxed post-dinner walk,"Do not add extra salt, pickle, or papad"
1107,Goa,High Bp,Dinner,Khatkatem (Low Sodium; with steamed rice),225,17,24,4,10,Low,Low,Low,Safe,"raw jackfruit, beetroot, pumpkin, raw banana, drumstick, coconut, teflam, turmeric",Vegetarian,,"Prepare khatkatem in the low sodium style with a with steamed rice serving. Keep the recipe fully plant-based or vegetarian, using the traditional Goan masala and legumes/vegetables. Keep oil and salt low, and avoid extra rice, bread, ghee, or sugar.",20 minute relaxed post-dinner walk,"Do not add extra salt, pickle, or papad"
1108,Goa,High Bp,Dinner,Moong Gathi (No Salt; with steamed rice),246,13,35,6,8,Medium,Low,Medium,Safe,"sprouted moong, coconut, cumin, coriander, green chilli, curry leaves",Vegetarian,,"Prepare moong gathi in the no salt style with a with steamed rice serving. Keep the recipe fully plant-based or vegetarian, using the traditional Goan masala and legumes/vegetables. Keep oil and salt low, and avoid extra rice, bread, ghee, or sugar.",20 minute relaxed post-dinner walk,"Do not add extra salt, pickle, or papad"
1109,Goa,High Bp,Dinner,Poi (Light Oil; with steamed rice),268,11,35,6,8,Low,Medium,Low,Gluten,"whole wheat flour, wheat bran, yeast or toddy, water, salt",Vegetarian,,"Prepare poi in the light oil style with a with steamed rice serving. Keep the recipe fully plant-based or vegetarian, using the traditional Goan masala and legumes/vegetables. Keep oil and salt low, and avoid extra rice, bread, ghee, or sugar.",20 minute relaxed post-dinner walk,"Contains gluten; do not add extra salt, pickle, or papad"
1110,Goa,High Bp,Dinner,Sanna (Kokum Tang; with steamed rice),257,17,27,9,6,High,Low,High,Safe,"red rice, coconut, urad dal, toddy or yeast, salt",Vegetarian,,"Prepare sanna in the kokum tang style with a with steamed rice serving. Keep the recipe fully plant-based or vegetarian, using the traditional Goan masala and legumes/vegetables. Keep oil and salt low, and avoid extra rice, bread, ghee, or sugar.",20 minute relaxed post-dinner walk,"Do not add extra salt, pickle, or papad"
1111,Goa,High Bp,Dinner,Tambdi Bhaji (Potassium Rich; with steamed rice),274,19,27,10,7,Low,Medium,Medium,Safe,"red amaranth, garlic, coconut, green chilli, turmeric, oil",Vegetarian,,"Prepare tambdi bhaji in the potassium rich style with a with steamed rice serving. Keep the recipe fully plant-based or vegetarian, using the traditional Goan masala and legumes/vegetables. Keep oil and salt low, and avoid extra rice, bread, ghee, or sugar.",20 minute relaxed post-dinner walk,"Do not add extra salt, pickle, or papad"
1112,Goa,High Bp,Dinner,Unsalted Poee + Cabbage Sabzi,450,10,85,6,12,Medium,Low,Low,Gluten,"Wheat, Cabbage",Vegetarian,,Cook with zero salt.,20 mins relaxing walk,Do not consume pickles with meal
1113,Goa,High Bp,Dinner,Unsalted Poee + Gawar (Cluster Bean) Sabzi,450,15,80,7,14,Medium,Low,Low,Gluten,"Wheat, Cluster Beans",Vegetarian,,Cook beans simply with turmeric and zero salt.,20 mins relaxing walk,Do not consume pickles with meal
1114,Goa,High Bp,Dinner,Unsalted Poee + Kelyachi (Raw Banana) Bhaji,450,10,85,6,12,Medium,Low,Low,Gluten,"Wheat, Raw Banana",Vegetarian,,Cook raw banana with turmeric and zero salt.,20 mins relaxing walk,Do not consume pickles with meal
1115,Goa,High Bp,Dinner,Unsalted Poee + Kuvalyachi (Ash Gourd) Sabzi,450,10,85,6,10,Medium,Low,Low,Gluten,"Wheat, Ash Gourd",Vegetarian,,Cook with zero salt and low spices.,20 mins relaxing walk,Do not consume pickles with meal
1116,Goa,High Bp,Dinner,Unsalted Poee + Mixed Dal (No Salt),450,15,80,6,10,Medium,Low,Low,"Gluten, Sesame","Wheat, Mixed Lentils",Vegetarian,,Cook with zero salt.,20 mins relaxing walk,Do not consume pickles with meal
1117,Goa,High Bp,Dinner,Unsalted Poee + Parwal Sabzi,450,12,85,6,10,Medium,Low,Low,Gluten,"Wheat, Pointed Gourd",Vegetarian,,Cook with zero salt and low spices.,20 mins relaxing walk,Do not consume pickles with meal
1118,Goa,High Bp,Dinner,Unsalted Poee + Tambdi Bhaji,450,10,85,6,12,Medium,Low,Low,Gluten,"Wheat, Red Amaranth",Vegetarian,,Cook with zero salt.,20 mins relaxing walk,Do not consume pickles with meal
1119,Goa,High Bp,Dinner,Unsalted Poee + Tendli Sabzi,450,12,85,6,12,Medium,Low,Low,Gluten,"Wheat, Ivy Gourd",Vegetarian,,Cook tendli simply in its own water without salt.,20 mins relaxing walk,Do not consume pickles with meal
1120,Goa,High Bp,Dinner,Valchi Bhaji (Steamed; with steamed rice),264,8,36,10,9,Medium,Low,Medium,Safe,"val or fern leaves, coconut, garlic, green chilli, spices",Vegetarian,,"Prepare valchi bhaji in the steamed style with a with steamed rice serving. Keep the recipe fully plant-based or vegetarian, using the traditional Goan masala and legumes/vegetables. Keep oil and salt low, and avoid extra rice, bread, ghee, or sugar.",20 minute relaxed post-dinner walk,"Do not add extra salt, pickle, or papad"
1121,Goa,High Bp,Dinner,Ambot Tik (Low Sodium; with steamed rice),310,28,28,6,5,Low,Low,Medium,"Fish, Shellfish","fish or prawns, tamarind, vinegar, red chilli, garlic, kokum",Non-Vegetarian,Fish,"Prepare ambot tik in the low sodium style with a with steamed rice serving. Use lean fish, chicken, pork, or seafood as the traditional recipe calls for. Keep oil and salt low, and avoid extra rice, bread, ghee, or sugar.",20 minute relaxed post-dinner walk,"Contains fish, shellfish; do not add extra salt, pickle, or papad"
1122,Goa,High Bp,Dinner,Balchao (Kokum Tang; with steamed rice),300,21,29,8,7,Low,Low,Medium,"Fish, Shellfish","fish or prawns or pork, vinegar, red chilli, tomatoes, garlic, spices",Non-Vegetarian,Seafood,"Prepare balchao in the kokum tang style with a with steamed rice serving. Use lean fish, chicken, pork, or seafood as the traditional recipe calls for. Keep oil and salt low, and avoid extra rice, bread, ghee, or sugar.",20 minute relaxed post-dinner walk,"Contains fish, shellfish; do not add extra salt, pickle, or papad"
1123,Goa,High Bp,Dinner,Caldinho (Herb Seasoned; with steamed rice),261,27,18,9,6,Medium,Medium,Medium,"Dairy, Fish","fish or chicken, coconut milk, green herbs, onions, pepper, spices",Non-Vegetarian,Fish,"Prepare caldinho in the herb seasoned style with a with steamed rice serving. Use lean fish, chicken, pork, or seafood as the traditional recipe calls for. Keep oil and salt low, and avoid extra rice, bread, ghee, or sugar.",20 minute relaxed post-dinner walk,"Contains fish; do not add extra salt, pickle, or papad"
1124,Goa,High Bp,Dinner,Caldinho (Whole Grain; with steamed rice),251,26,18,8,8,Low,Low,Medium,"Dairy, Fish","fish or chicken, coconut milk, green herbs, onions, pepper, spices",Non-Vegetarian,Fish,"Prepare caldinho in the whole grain style with a with steamed rice serving. Use lean fish, chicken, pork, or seafood as the traditional recipe calls for. Keep oil and salt low, and avoid extra rice, bread, ghee, or sugar.",20 minute relaxed post-dinner walk,"Contains fish; do not add extra salt, pickle, or papad"
1125,Goa,High Bp,Dinner,Chicken Cafreal (Leafy Greens; with steamed rice),268,23,32,6,8,Medium,High,Medium,Safe,"chicken, coriander, lime, vinegar, garlic, green chilli, spices",Non-Vegetarian,Chicken,"Prepare chicken cafreal in the leafy greens style with a with steamed rice serving. Use lean fish, chicken, pork, or seafood as the traditional recipe calls for. Keep oil and salt low, and avoid extra rice, bread, ghee, or sugar.",20 minute relaxed post-dinner walk,"Do not add extra salt, pickle, or papad"
1126,Goa,High Bp,Dinner,Chicken Cafreal (Unsalted; with steamed rice),198,17,19,6,6,Low,Low,Low,Safe,"chicken, coriander, lime, vinegar, garlic, green chilli, spices",Non-Vegetarian,Chicken,"Prepare chicken cafreal in the unsalted style with a with steamed rice serving. Use lean fish, chicken, pork, or seafood as the traditional recipe calls for. Keep oil and salt low, and avoid extra rice, bread, ghee, or sugar.",20 minute relaxed post-dinner walk,"Do not add extra salt, pickle, or papad"
1127,Goa,High Bp,Dinner,Crab Xacuti (Light Oil; with steamed rice),237,27,18,5,8,Low,Low,Medium,"Fish, Shellfish","crab, roasted coconut, poppy seeds, onions, dry red chillies, spices",Non-Vegetarian,Seafood,"Prepare crab xacuti in the light oil style with a with steamed rice serving. Use lean fish, chicken, pork, or seafood as the traditional recipe calls for. Keep oil and salt low, and avoid extra rice, bread, ghee, or sugar.",20 minute relaxed post-dinner walk,"Contains shellfish; do not add extra salt, pickle, or papad"
1128,Goa,High Bp,Dinner,Fish Curry Rice (No Pickle; with steamed rice),285,16,35,9,7,Medium,Medium,Medium,Fish,fish curry rice,Non-Vegetarian,,"Prepare fish curry rice in the no pickle style with a with steamed rice serving. Use lean fish, chicken, pork, or seafood as the traditional recipe calls for. Keep oil and salt low, and avoid extra rice, bread, ghee, or sugar.",20 minute relaxed post-dinner walk,"Do not add extra salt, pickle, or papad"
1129,Goa,High Bp,Dinner,Fish Recheado (Minimal Spice; with steamed rice),232,19,21,8,5,Low,Low,Low,Fish,"fish, recheado masala, vinegar, garlic, red chilli",Non-Vegetarian,Fish,"Prepare fish recheado in the minimal spice style with a with steamed rice serving. Use lean fish, chicken, pork, or seafood as the traditional recipe calls for. Keep oil and salt low, and avoid extra rice, bread, ghee, or sugar.",20 minute relaxed post-dinner walk,"Contains fish; do not add extra salt, pickle, or papad"
1130,Goa,High Bp,Dinner,Fish Recheado (No Salt; with steamed rice),241,17,23,9,7,Medium,Low,Medium,Fish,"fish, recheado masala, vinegar, garlic, red chilli",Non-Vegetarian,Fish,"Prepare fish recheado in the no salt style with a with steamed rice serving. Use lean fish, chicken, pork, or seafood as the traditional recipe calls for. Keep oil and salt low, and avoid extra rice, bread, ghee, or sugar.",20 minute relaxed post-dinner walk,"Contains fish; do not add extra salt, pickle, or papad"
1131,Goa,High Bp,Dinner,Kismur (Fresh Herb Finish; with steamed rice),264,22,36,8,5,Low,Medium,High,Fish,"dry fish, coconut, onion, lime, green chilli, spices",Non-Vegetarian,Fish,"Prepare kismur in the fresh herb finish style with a with steamed rice serving. Use lean fish, chicken, pork, or seafood as the traditional recipe calls for. Keep oil and salt low, and avoid extra rice, bread, ghee, or sugar.",20 minute relaxed post-dinner walk,"Contains fish; do not add extra salt, pickle, or papad"
1132,Goa,High Bp,Dinner,Kismur (Potassium Rich; with steamed rice),234,17,22,7,8,Medium,Low,Medium,Fish,"dry fish, coconut, onion, lime, green chilli, spices",Non-Vegetarian,Fish,"Prepare kismur in the potassium rich style with a with steamed rice serving. Use lean fish, chicken, pork, or seafood as the traditional recipe calls for. Keep oil and salt low, and avoid extra rice, bread, ghee, or sugar.",20 minute relaxed post-dinner walk,"Contains fish; do not add extra salt, pickle, or papad"
1133,Goa,High Bp,Dinner,Prawn Dangar (Plain Serve; with steamed rice),281,27,30,10,5,Low,Low,Low,"Fish, Gluten, Shellfish","prawns, coconut, tamarind, semolina, onion, spices",Non-Vegetarian,Seafood,"Prepare prawn dangar in the plain serve style with a with steamed rice serving. Use lean fish, chicken, pork, or seafood as the traditional recipe calls for. Keep oil and salt low, and avoid extra rice, bread, ghee, or sugar.",20 minute relaxed post-dinner walk,"Contains shellfish, gluten; do not add extra salt, pickle, or papad"
1134,Goa,High Bp,Dinner,Prawn Dangar (Steamed; with steamed rice),250,28,23,10,5,Medium,Medium,Low,"Fish, Gluten, Shellfish","prawns, coconut, tamarind, semolina, onion, spices",Non-Vegetarian,Seafood,"Prepare prawn dangar in the steamed style with a with steamed rice serving. Use lean fish, chicken, pork, or seafood as the traditional recipe calls for. Keep oil and salt low, and avoid extra rice, bread, ghee, or sugar.",20 minute relaxed post-dinner walk,"Contains shellfish, gluten; do not add extra salt, pickle, or papad"
1135,Goa,High Bp,Dinner,Unsalted Poee + Chicken Broth (No Salt),450,25,65,6,6,Medium,Low,Low,Gluten,"Wheat, Chicken",Non-Vegetarian,Chicken,Clear broth.,20 mins relaxing walk,Do not consume pickles with meal
1136,Goa,High Bp,Dinner,Unsalted Poee + Steamed Fish (No Salt),450,25,65,6,6,Medium,Low,Low,"Fish, Gluten","Wheat, Fish",Non-Vegetarian,Fish,Use lime to flavor fish.,20 mins relaxing walk,Do not consume pickles with meal
1137,Goa,High Bp,Dinner,Alsanyache Tonak (Unsalted; with brown rice),181,11,31,4,9,Medium,Low,Low,Safe,"black-eyed beans, tonak masala, onion, garlic, coconut, tamarind, potato",Vegan,,"Prepare alsanyache tonak in the unsalted style with a with brown rice serving. Keep the recipe fully plant-based or vegetarian, using the traditional Goan masala and legumes/vegetables. Keep oil and salt low, and avoid extra rice, bread, ghee, or sugar.",20 minute relaxed post-dinner walk,"Do not add extra salt, pickle, or papad"
1138,Goa,High Bp,Dinner,Ambadyachem Sasav (Potassium Rich),316,20,41,8,10,High,Low,Low,Mustard,"hog plum, coconut, mustard, jaggery, chilli",Vegan,,"Cook ambadyachem sasav with little or no added salt and rely on kokum, lime, herbs, and roasted spices for taste. Avoid packaged masalas, pickle, and papad alongside the meal.",30 mins brisk walking,"Keep sodium very low; avoid pickle, papad, and packaged seasoning."
1139,Goa,High Bp,Dinner,Boiled Alsande (Leafy Greens; with steamed rice),183,8,29,6,8,Medium,Medium,Low,Safe,"black-eyed peas, onion, green chilli, coriander, lemon",Vegan,,"Prepare boiled alsande in the leafy greens style with a with steamed rice serving. Keep the recipe fully plant-based or vegetarian, using the traditional Goan masala and legumes/vegetables. Keep oil and salt low, and avoid extra rice, bread, ghee, or sugar.",20 minute relaxed post-dinner walk,"Do not add extra salt, pickle, or papad"
1140,Goa,High Bp,Dinner,"Caldinho (Herb Seasoned, Variant 2)",308,20,39,8,10,Low,Low,Low,Dairy,"vegetables, coconut milk, turmeric, pepper",Vegan,,"Cook caldinho with little or no added salt and rely on kokum, lime, herbs, and roasted spices for taste. Avoid packaged masalas, pickle, and papad alongside the meal.",30 mins brisk walking,"Keep sodium very low; avoid pickle, papad, and packaged seasoning."
1141,Goa,High Bp,Dinner,Chana Ros (Whole Grain; with steamed rice),245,20,20,7,8,Medium,Low,Medium,Safe,"chickpeas, coconut, dried red chillies, onion, kokum, spices",Vegan,,"Prepare chana ros in the whole grain style with a with steamed rice serving. Keep the recipe fully plant-based or vegetarian, using the traditional Goan masala and legumes/vegetables. Keep oil and salt low, and avoid extra rice, bread, ghee, or sugar.",20 minute relaxed post-dinner walk,"Do not add extra salt, pickle, or papad"
1142,Goa,High Bp,Dinner,"Chidki Midki Bhaji (No Pickle or Papad, Variant 6)",308,20,39,8,10,Low,Low,Low,Safe,"leafy greens, coconut, garlic, spices",Vegan,,"Cook chidki midki bhaji with little or no added salt and rely on kokum, lime, herbs, and roasted spices for taste. Avoid packaged masalas, pickle, and papad alongside the meal.",30 mins brisk walking,"Keep sodium very low; avoid pickle, papad, and packaged seasoning."
1143,Goa,High Bp,Dinner,Khatkatem (Herb Seasoned; with brown rice),212,10,34,4,8,Medium,Medium,Low,Safe,"raw jackfruit, beetroot, pumpkin, raw banana, drumstick, coconut, teflam, turmeric",Vegan,,"Prepare khatkatem in the herb seasoned style with a with brown rice serving. Keep the recipe fully plant-based or vegetarian, using the traditional Goan masala and legumes/vegetables. Keep oil and salt low, and avoid extra rice, bread, ghee, or sugar.",20 minute relaxed post-dinner walk,"Do not add extra salt, pickle, or papad"
1144,Goa,High Bp,Dinner,"Khatkhatem (Very Low Salt, Variant 1)",300,19,38,8,10,Low,Low,Low,Safe,"mixed vegetables, coconut, tamarind, tur dal, moong dal",Vegan,,"Cook khatkhatem with little or no added salt and rely on kokum, lime, herbs, and roasted spices for taste. Avoid packaged masalas, pickle, and papad alongside the meal.",30 mins brisk walking,"Keep sodium very low; avoid pickle, papad, and packaged seasoning."
1145,Goa,High Bp,Dinner,"Mooga Gathi (Light, Heart Friendly)",300,19,38,8,10,Low,Low,Low,Safe,"sprouted moong, coconut, tamarind, curry leaves",Vegan,,"Cook mooga gathi with little or no added salt and rely on kokum, lime, herbs, and roasted spices for taste. Avoid packaged masalas, pickle, and papad alongside the meal.",30 mins brisk walking,"Keep sodium very low; avoid pickle, papad, and packaged seasoning."
1146,Goa,High Bp,Dinner,Moong Gathi (Minimal Spice; with steamed rice),228,16,32,4,10,Medium,Medium,Medium,Safe,"sprouted moong, coconut, cumin, coriander, green chilli, curry leaves",Vegan,,"Prepare moong gathi in the minimal spice style with a with steamed rice serving. Keep the recipe fully plant-based or vegetarian, using the traditional Goan masala and legumes/vegetables. Keep oil and salt low, and avoid extra rice, bread, ghee, or sugar.",20 minute relaxed post-dinner walk,"Do not add extra salt, pickle, or papad"
1147,Goa,High Bp,Dinner,Poi (Salt Free; with steamed rice),270,13,32,10,8,Low,Medium,Medium,Gluten,"whole wheat flour, wheat bran, yeast or toddy, water, salt",Vegan,,"Prepare poi in the salt free style with a with steamed rice serving. Keep the recipe fully plant-based or vegetarian, using the traditional Goan masala and legumes/vegetables. Keep oil and salt low, and avoid extra rice, bread, ghee, or sugar.",20 minute relaxed post-dinner walk,"Contains gluten; do not add extra salt, pickle, or papad"
1148,Goa,High Bp,Dinner,Sanna (No Salt; with brown rice),244,17,35,4,5,Medium,Low,Medium,Safe,"red rice, coconut, urad dal, toddy or yeast, salt",Vegan,,"Prepare sanna in the no salt style with a with brown rice serving. Keep the recipe fully plant-based or vegetarian, using the traditional Goan masala and legumes/vegetables. Keep oil and salt low, and avoid extra rice, bread, ghee, or sugar.",20 minute relaxed post-dinner walk,"Do not add extra salt, pickle, or papad"
1149,Goa,High Bp,Dinner,Tambdi Bhaji (Fresh Herb Finish; with steamed rice),204,14,28,4,9,Low,Low,Medium,Safe,"red amaranth, garlic, coconut, green chilli, turmeric, oil",Vegan,,"Prepare tambdi bhaji in the fresh herb finish style with a with steamed rice serving. Keep the recipe fully plant-based or vegetarian, using the traditional Goan masala and legumes/vegetables. Keep oil and salt low, and avoid extra rice, bread, ghee, or sugar.",20 minute relaxed post-dinner walk,"Do not add extra salt, pickle, or papad"
1150,Goa,High Bp,Dinner,Uddamethi (No Added Salt),308,19,40,8,10,High,Low,Low,Safe,"urad dal, methi, coconut, tamarind, jaggery",Vegan,,"Cook uddamethi with little or no added salt and rely on kokum, lime, herbs, and roasted spices for taste. Avoid packaged masalas, pickle, and papad alongside the meal.",30 mins brisk walking,"Keep sodium very low; avoid pickle, papad, and packaged seasoning."
1151,Goa,High Bp,Dinner,Uddamethi (No Pickle; with steamed rice),217,14,29,5,7,Medium,Medium,Low,Safe,"urad dal, raw mango, fenugreek seeds, tamarind, jaggery, spices",Vegan,,"Prepare uddamethi in the no pickle style with a with steamed rice serving. Keep the recipe fully plant-based or vegetarian, using the traditional Goan masala and legumes/vegetables. Keep oil and salt low, and avoid extra rice, bread, ghee, or sugar.",20 minute relaxed post-dinner walk,"Do not add extra salt, pickle, or papad"
1152,Goa,High Bp,Dinner,Valchi Bhaji (Plain Serve; with steamed rice),205,19,29,4,6,Low,Low,Medium,Safe,"val or fern leaves, coconut, garlic, green chilli, spices",Vegan,,"Prepare valchi bhaji in the plain serve style with a with steamed rice serving. Keep the recipe fully plant-based or vegetarian, using the traditional Goan masala and legumes/vegetables. Keep oil and salt low, and avoid extra rice, bread, ghee, or sugar.",20 minute relaxed post-dinner walk,"Do not add extra salt, pickle, or papad"
1153,Goa,High Cholesterol,Breakfast,Alsanyache Tonak (No Ghee; with poi),244,13,35,10,11,Low,Low,Low,Safe,"black-eyed beans, tonak masala, onion, garlic, coconut, tamarind, potato",Vegetarian,,"Prepare alsanyache tonak in the no ghee style with a with poi serving. Keep the recipe fully plant-based or vegetarian, using the traditional Goan masala and legumes/vegetables. Keep oil and salt low, and avoid extra rice, bread, ghee, or sugar.",20-30 minute brisk morning walk,"Avoid ghee, butter, coconut cream, and repeated frying"
1154,Goa,High Cholesterol,Breakfast,Chana Ros (High Fibre; with poi),277,9,34,10,9,Low,Medium,Medium,Safe,"chickpeas, coconut, dried red chillies, onion, kokum, spices",Vegetarian,,"Prepare chana ros in the high fibre style with a with poi serving. Keep the recipe fully plant-based or vegetarian, using the traditional Goan masala and legumes/vegetables. Keep oil and salt low, and avoid extra rice, bread, ghee, or sugar.",20-30 minute brisk morning walk,"Avoid ghee, butter, coconut cream, and repeated frying"
1155,Goa,High Cholesterol,Breakfast,Egg White Ros Omelette (No Yolks),300,25,35,5,4,Medium,Medium,Low,"Egg, Eggs, Gluten","Egg Whites, Chicken Broth, Wheat",Vegetarian,,Cook on non-stick surface without oil.,40 mins steady cardio,Monitor lipid profile monthly
1156,Goa,High Cholesterol,Breakfast,Kalo Chana (Steamed),258,15,45,2,10,Low,Medium,Low,Safe,Black Gram,Vegetarian,,Boil completely.,40 mins steady cardio,Monitor lipid profile monthly
1157,Goa,High Cholesterol,Breakfast,Khatkatem (No Butter; with poi),270,22,35,3,10,Low,Low,Medium,Safe,"raw jackfruit, beetroot, pumpkin, raw banana, drumstick, coconut, teflam, turmeric",Vegetarian,,"Prepare khatkatem in the no butter style with a with poi serving. Keep the recipe fully plant-based or vegetarian, using the traditional Goan masala and legumes/vegetables. Keep oil and salt low, and avoid extra rice, bread, ghee, or sugar.",20-30 minute brisk morning walk,"Avoid ghee, butter, coconut cream, and repeated frying"
1158,Goa,High Cholesterol,Breakfast,Moong Dal Chila (No Oil),300,15,45,4,8,Low,Medium,Low,Safe,Moong Dal,Vegetarian,,Dry roast on iron tawa.,40 mins steady cardio,Monitor lipid profile monthly
1159,Goa,High Cholesterol,Breakfast,Moong Gathi (No Coconut Cream; with poi),226,20,25,8,6,Medium,Medium,Low,Safe,"sprouted moong, coconut, cumin, coriander, green chilli, curry leaves",Vegetarian,,"Prepare moong gathi in the no coconut cream style with a with poi serving. Keep the recipe fully plant-based or vegetarian, using the traditional Goan masala and legumes/vegetables. Keep oil and salt low, and avoid extra rice, bread, ghee, or sugar.",20-30 minute brisk morning walk,"Avoid ghee, butter, coconut cream, and repeated frying"
1160,Goa,High Cholesterol,Breakfast,Oats Idli,300,10,55,4,8,Low,Medium,Low,Safe,"Oats, Urad Dal",Vegetarian,,Steam perfectly.,40 mins steady cardio,Monitor lipid profile monthly
1161,Goa,High Cholesterol,Breakfast,Oats Poha (No Oil),300,10,55,5,8,Low,Medium,Low,Safe,"Oats, Onion, Tomato",Vegetarian,,Cook on non-stick surface without oil.,40 mins steady cardio,Monitor lipid profile monthly
1162,Goa,High Cholesterol,Breakfast,Shirvyo (No Coconut Milk),300,6,60,2,4,Medium,Medium,Low,Safe,Rice Flour,Vegetarian,,Eat with plain dal instead of coconut milk.,40 mins steady cardio,Monitor lipid profile monthly
1163,Goa,High Cholesterol,Breakfast,Sprouted Moong (Steamed),258,15,45,2,10,Low,Medium,Low,Safe,Green Gram Sprouts,Vegetarian,,Steam without tempering.,40 mins steady cardio,Monitor lipid profile monthly
1164,Goa,High Cholesterol,Breakfast,Steamed Neer Dosa (No Coconut),300,8,60,2,4,Medium,Medium,Low,Safe,"Rice Flour, Water",Vegetarian,,Strictly steam; skip coconut entirely.,40 mins steady cardio,Monitor lipid profile monthly
1165,Goa,High Cholesterol,Breakfast,Steamed Ragi Idli (Goan adaptation),300,10,55,4,8,Low,Medium,Low,Safe,"Finger Millet, Urad Dal",Vegetarian,,Strictly steam; skip the tempering phase.,40 mins steady cardio,Monitor lipid profile monthly
1166,Goa,High Cholesterol,Breakfast,Steamed Sannas (Brown Rice),300,8,60,2,6,High,Medium,Low,Safe,"Brown Rice, Urad Dal",Vegetarian,,Strictly steam; ensure no oil or ghee is used.,40 mins steady cardio,Monitor lipid profile monthly
1167,Goa,High Cholesterol,Breakfast,Tavsali (Heart Friendly),222,12,30,6,9,High,Low,Low,"Gluten, Dairy","cucumber, rava, coconut, jaggery, cardamom",Vegetarian,,"Make tavsali with lean cooking methods and minimal ghee or coconut cream, adding extra vegetables or pulses where possible. Keep saturated fat low and favour fibre-rich accompaniments.",30 mins brisk walking,"Limit ghee, butter, and coconut cream; choose lean accompaniments."
1168,Goa,High Cholesterol,Breakfast,Uddamethi (Lean Protein; with poi),273,16,34,5,11,Medium,Medium,Medium,Safe,"urad dal, raw mango, fenugreek seeds, tamarind, jaggery, spices",Vegetarian,,"Prepare uddamethi in the lean protein style with a with poi serving. Keep the recipe fully plant-based or vegetarian, using the traditional Goan masala and legumes/vegetables. Keep oil and salt low, and avoid extra rice, bread, ghee, or sugar.",20-30 minute brisk morning walk,"Avoid ghee, butter, coconut cream, and repeated frying"
1169,Goa,High Cholesterol,Breakfast,Ambot Tik (No Butter; with poi),255,24,26,6,10,Medium,Medium,Medium,"Fish, Shellfish","fish or prawns, tamarind, vinegar, red chilli, garlic, kokum",Non-Vegetarian,Fish,"Prepare ambot tik in the no butter style with a with poi serving. Use lean fish, chicken, pork, or seafood as the traditional recipe calls for. Keep oil and salt low, and avoid extra rice, bread, ghee, or sugar.",20-30 minute brisk morning walk,"Contains fish, shellfish; avoid ghee, butter, coconut cream, and repeated frying"
1170,Goa,High Cholesterol,Breakfast,Ambot Tik (Roasted Spice; with poi),217,19,24,5,10,Medium,Medium,Medium,"Fish, Shellfish","fish or prawns, tamarind, vinegar, red chilli, garlic, kokum",Non-Vegetarian,Fish,"Prepare ambot tik in the roasted spice style with a with poi serving. Use lean fish, chicken, pork, or seafood as the traditional recipe calls for. Keep oil and salt low, and avoid extra rice, bread, ghee, or sugar.",20-30 minute brisk morning walk,"Contains fish, shellfish; avoid ghee, butter, coconut cream, and repeated frying"
1171,Goa,High Cholesterol,Breakfast,Balchao (Portion Controlled; with poi),244,16,37,6,5,Low,Low,Low,"Fish, Shellfish","fish or prawns or pork, vinegar, red chilli, tomatoes, garlic, spices",Non-Vegetarian,Seafood,"Prepare balchao in the portion controlled style with a with poi serving. Use lean fish, chicken, pork, or seafood as the traditional recipe calls for. Keep oil and salt low, and avoid extra rice, bread, ghee, or sugar.",20-30 minute brisk morning walk,"Contains fish, shellfish; avoid ghee, butter, coconut cream, and repeated frying"
1172,Goa,High Cholesterol,Breakfast,Caldinho (Low Sat Fat; with poi),198,16,20,6,7,Medium,Medium,High,"Dairy, Fish","fish or chicken, coconut milk, green herbs, onions, pepper, spices",Non-Vegetarian,Fish,"Prepare caldinho in the low sat fat style with a with poi serving. Use lean fish, chicken, pork, or seafood as the traditional recipe calls for. Keep oil and salt low, and avoid extra rice, bread, ghee, or sugar.",20-30 minute brisk morning walk,"Contains fish; avoid ghee, butter, coconut cream, and repeated frying"
1173,Goa,High Cholesterol,Breakfast,Chicken Cafreal (Kokum Tang; with poi),268,21,28,8,7,Medium,Low,Medium,Safe,"chicken, coriander, lime, vinegar, garlic, green chilli, spices",Non-Vegetarian,Chicken,"Prepare chicken cafreal in the kokum tang style with a with poi serving. Use lean fish, chicken, pork, or seafood as the traditional recipe calls for. Keep oil and salt low, and avoid extra rice, bread, ghee, or sugar.",20-30 minute brisk morning walk,"Avoid ghee, butter, coconut cream, and repeated frying"
1174,Goa,High Cholesterol,Breakfast,Chicken Cafreal (Lean Protein; with poi),310,19,34,9,6,Medium,Low,Low,Safe,"chicken, coriander, lime, vinegar, garlic, green chilli, spices",Non-Vegetarian,Chicken,"Prepare chicken cafreal in the lean protein style with a with poi serving. Use lean fish, chicken, pork, or seafood as the traditional recipe calls for. Keep oil and salt low, and avoid extra rice, bread, ghee, or sugar.",20-30 minute brisk morning walk,"Avoid ghee, butter, coconut cream, and repeated frying"
1175,Goa,High Cholesterol,Breakfast,Crab Xacuti (Whole Grain; with poi),244,17,35,4,6,Medium,High,Medium,"Fish, Shellfish","crab, roasted coconut, poppy seeds, onions, dry red chillies, spices",Non-Vegetarian,Seafood,"Prepare crab xacuti in the whole grain style with a with poi serving. Use lean fish, chicken, pork, or seafood as the traditional recipe calls for. Keep oil and salt low, and avoid extra rice, bread, ghee, or sugar.",20-30 minute brisk morning walk,"Contains shellfish; avoid ghee, butter, coconut cream, and repeated frying"
1176,Goa,High Cholesterol,Breakfast,Fish Curry Rice (No Coconut Cream; with poi),241,28,18,7,5,High,Medium,High,Fish,fish curry rice,Non-Vegetarian,,"Prepare fish curry rice in the no coconut cream style with a with poi serving. Use lean fish, chicken, pork, or seafood as the traditional recipe calls for. Keep oil and salt low, and avoid extra rice, bread, ghee, or sugar.",20-30 minute brisk morning walk,"Avoid ghee, butter, coconut cream, and repeated frying"
1177,Goa,High Cholesterol,Breakfast,Fish Recheado (High Fibre; with poi),262,24,37,6,5,Medium,Medium,Low,Fish,"fish, recheado masala, vinegar, garlic, red chilli",Non-Vegetarian,Fish,"Prepare fish recheado in the high fibre style with a with poi serving. Use lean fish, chicken, pork, or seafood as the traditional recipe calls for. Keep oil and salt low, and avoid extra rice, bread, ghee, or sugar.",20-30 minute brisk morning walk,"Contains fish; avoid ghee, butter, coconut cream, and repeated frying"
1178,Goa,High Cholesterol,Breakfast,Fish Recheado (Red Rice; with poi),234,17,30,4,10,Medium,Medium,Medium,Fish,"fish, recheado masala, vinegar, garlic, red chilli",Non-Vegetarian,Fish,"Prepare fish recheado in the red rice style with a with poi serving. Use lean fish, chicken, pork, or seafood as the traditional recipe calls for. Keep oil and salt low, and avoid extra rice, bread, ghee, or sugar.",20-30 minute brisk morning walk,"Contains fish; avoid ghee, butter, coconut cream, and repeated frying"
1179,Goa,High Cholesterol,Breakfast,Kismur (Oil Free; with poi),287,27,29,7,6,Medium,Low,Low,Fish,"dry fish, coconut, onion, lime, green chilli, spices",Non-Vegetarian,Fish,"Prepare kismur in the oil free style with a with poi serving. Use lean fish, chicken, pork, or seafood as the traditional recipe calls for. Keep oil and salt low, and avoid extra rice, bread, ghee, or sugar.",20-30 minute brisk morning walk,"Contains fish; avoid ghee, butter, coconut cream, and repeated frying"
1180,Goa,High Cholesterol,Breakfast,Kismur (Simple Serve; with poi),324,21,37,10,10,Medium,Medium,Low,Fish,"dry fish, coconut, onion, lime, green chilli, spices",Non-Vegetarian,Fish,"Prepare kismur in the simple serve style with a with poi serving. Use lean fish, chicken, pork, or seafood as the traditional recipe calls for. Keep oil and salt low, and avoid extra rice, bread, ghee, or sugar.",20-30 minute brisk morning walk,"Contains fish; avoid ghee, butter, coconut cream, and repeated frying"
1181,Goa,High Cholesterol,Breakfast,Prawn Dangar (Legume Heavy; with poi),213,18,24,5,10,Medium,Low,Low,"Fish, Gluten, Shellfish","prawns, coconut, tamarind, semolina, onion, spices",Non-Vegetarian,Seafood,"Prepare prawn dangar in the legume heavy style with a with poi serving. Use lean fish, chicken, pork, or seafood as the traditional recipe calls for. Keep oil and salt low, and avoid extra rice, bread, ghee, or sugar.",20-30 minute brisk morning walk,"Contains shellfish, gluten; avoid ghee, butter, coconut cream, and repeated frying"
1182,Goa,High Cholesterol,Breakfast,Prawn Dangar (No Ghee; with sanna),262,25,18,10,8,Low,Low,Medium,"Fish, Gluten, Shellfish","prawns, coconut, tamarind, semolina, onion, spices",Non-Vegetarian,Seafood,"Prepare prawn dangar in the no ghee style with a with sanna serving. Use lean fish, chicken, pork, or seafood as the traditional recipe calls for. Keep oil and salt low, and avoid extra rice, bread, ghee, or sugar.",20-30 minute brisk morning walk,"Contains shellfish, gluten; avoid ghee, butter, coconut cream, and repeated frying"
1183,Goa,High Cholesterol,Breakfast,Xitt-Kodi (No Ghee; with poi),298,23,29,10,8,Medium,Low,Medium,Fish,"rice, fish, coconut, kokum, onions, spices",Non-Vegetarian,Fish,"Prepare xitt-kodi in the no ghee style with a with poi serving. Use lean fish, chicken, pork, or seafood as the traditional recipe calls for. Keep oil and salt low, and avoid extra rice, bread, ghee, or sugar.",20-30 minute brisk morning walk,"Contains fish; avoid ghee, butter, coconut cream, and repeated frying"
1184,Goa,High Cholesterol,Breakfast,Xitt-Kodi (Plant Forward; with poi),299,22,40,8,10,Medium,Low,Low,Fish,"rice, fish, coconut, kokum, onions, spices",Non-Vegetarian,Fish,"Prepare xitt-kodi in the plant forward style with a with poi serving. Use lean fish, chicken, pork, or seafood as the traditional recipe calls for. Keep oil and salt low, and avoid extra rice, bread, ghee, or sugar.",20-30 minute brisk morning walk,"Contains fish; avoid ghee, butter, coconut cream, and repeated frying"
1185,Goa,High Cholesterol,Breakfast,Alsanyache Tonak (Plant Forward; with poi),202,20,26,5,10,Medium,Medium,Medium,Safe,"black-eyed beans, tonak masala, onion, garlic, coconut, tamarind, potato",Vegan,,"Prepare alsanyache tonak in the plant forward style with a with poi serving. Keep the recipe fully plant-based or vegetarian, using the traditional Goan masala and legumes/vegetables. Keep oil and salt low, and avoid extra rice, bread, ghee, or sugar.",20-30 minute brisk morning walk,"Avoid ghee, butter, coconut cream, and repeated frying"
1186,Goa,High Cholesterol,Breakfast,Boiled Alsande (Low Sat Fat; with poi),269,18,29,9,11,Medium,Low,Low,Safe,"black-eyed peas, onion, green chilli, coriander, lemon",Vegan,,"Prepare boiled alsande in the low sat fat style with a with poi serving. Keep the recipe fully plant-based or vegetarian, using the traditional Goan masala and legumes/vegetables. Keep oil and salt low, and avoid extra rice, bread, ghee, or sugar.",20-30 minute brisk morning walk,"Avoid ghee, butter, coconut cream, and repeated frying"
1187,Goa,High Cholesterol,Breakfast,"Chana Ros (High Fibre, Light Oil)",238,13,33,6,9,Low,Low,Low,Safe,"chana, coconut, onion, garlic, spices",Vegan,,"Make chana ros with lean cooking methods and minimal ghee or coconut cream, adding extra vegetables or pulses where possible. Keep saturated fat low and favour fibre-rich accompaniments.",30 mins brisk walking,"Limit ghee, butter, and coconut cream; choose lean accompaniments."
1188,Goa,High Cholesterol,Breakfast,Chana Ros (Red Rice; with poi),185,15,20,5,6,Medium,Low,Medium,Safe,"chickpeas, coconut, dried red chillies, onion, kokum, spices",Vegan,,"Prepare chana ros in the red rice style with a with poi serving. Keep the recipe fully plant-based or vegetarian, using the traditional Goan masala and legumes/vegetables. Keep oil and salt low, and avoid extra rice, bread, ghee, or sugar.",20-30 minute brisk morning walk,"Avoid ghee, butter, coconut cream, and repeated frying"
1189,Goa,High Cholesterol,Breakfast,Khatkatem (Roasted Spice; with poi),268,13,35,5,12,Low,Low,Medium,Safe,"raw jackfruit, beetroot, pumpkin, raw banana, drumstick, coconut, teflam, turmeric",Vegan,,"Prepare khatkatem in the roasted spice style with a with poi serving. Keep the recipe fully plant-based or vegetarian, using the traditional Goan masala and legumes/vegetables. Keep oil and salt low, and avoid extra rice, bread, ghee, or sugar.",20-30 minute brisk morning walk,"Avoid ghee, butter, coconut cream, and repeated frying"
1190,Goa,High Cholesterol,Breakfast,Khatkhatem (No Butter or Cream),230,12,32,6,9,Low,Low,Low,Safe,"mixed vegetables, coconut, tamarind, tur dal, moong dal",Vegan,,"Make khatkhatem with lean cooking methods and minimal ghee or coconut cream, adding extra vegetables or pulses where possible. Keep saturated fat low and favour fibre-rich accompaniments.",30 mins brisk walking,"Limit ghee, butter, and coconut cream; choose lean accompaniments."
1191,Goa,High Cholesterol,Breakfast,Mooga Gathi (Oats or Legume Forward),230,13,31,6,9,Low,Low,Low,Safe,"sprouted moong, coconut, tamarind, curry leaves",Vegan,,"Make mooga gathi with lean cooking methods and minimal ghee or coconut cream, adding extra vegetables or pulses where possible. Keep saturated fat low and favour fibre-rich accompaniments.",30 mins brisk walking,"Limit ghee, butter, and coconut cream; choose lean accompaniments."
1192,Goa,High Cholesterol,Breakfast,Moong Gathi (Brown Rice; with poi),190,9,21,9,12,Medium,Medium,Medium,Safe,"sprouted moong, coconut, cumin, coriander, green chilli, curry leaves",Vegan,,"Prepare moong gathi in the brown rice style with a with poi serving. Keep the recipe fully plant-based or vegetarian, using the traditional Goan masala and legumes/vegetables. Keep oil and salt low, and avoid extra rice, bread, ghee, or sugar.",20-30 minute brisk morning walk,"Avoid ghee, butter, coconut cream, and repeated frying"
1193,Goa,High Cholesterol,Breakfast,Pez (Low Saturated Fat),222,12,30,6,9,High,Low,Low,Safe,"rice, water, cumin, pepper, coconut",Vegan,,"Make pez with lean cooking methods and minimal ghee or coconut cream, adding extra vegetables or pulses where possible. Keep saturated fat low and favour fibre-rich accompaniments.",30 mins brisk walking,"Limit ghee, butter, and coconut cream; choose lean accompaniments."
1194,Goa,High Cholesterol,Breakfast,Poee with Goan Bhaji (Lean Prep),230,13,31,6,9,Low,Low,Low,Gluten,"poee, local vegetables, onion, coconut, spices",Vegan,,"Make poee with goan bhaji with lean cooking methods and minimal ghee or coconut cream, adding extra vegetables or pulses where possible. Keep saturated fat low and favour fibre-rich accompaniments.",30 mins brisk walking,"Limit ghee, butter, and coconut cream; choose lean accompaniments."
1195,Goa,High Cholesterol,Breakfast,Poi (Whole Grain; with poi),312,21,39,8,10,Low,Low,Medium,Gluten,"whole wheat flour, wheat bran, yeast or toddy, water, salt",Vegan,,"Prepare poi in the whole grain style with a with poi serving. Keep the recipe fully plant-based or vegetarian, using the traditional Goan masala and legumes/vegetables. Keep oil and salt low, and avoid extra rice, bread, ghee, or sugar.",20-30 minute brisk morning walk,"Contains gluten; avoid ghee, butter, coconut cream, and repeated frying"
1196,Goa,High Cholesterol,Breakfast,Sanna (Portion Controlled; with poi),255,15,33,7,7,Medium,Low,Medium,Safe,"red rice, coconut, urad dal, toddy or yeast, salt",Vegan,,"Prepare sanna in the portion controlled style with a with poi serving. Keep the recipe fully plant-based or vegetarian, using the traditional Goan masala and legumes/vegetables. Keep oil and salt low, and avoid extra rice, bread, ghee, or sugar.",20-30 minute brisk morning walk,"Avoid ghee, butter, coconut cream, and repeated frying"
1197,Goa,High Cholesterol,Breakfast,Tambdi Bhaji (Oil Free; with poi),192,18,21,4,10,Medium,Medium,Medium,Safe,"red amaranth, garlic, coconut, green chilli, turmeric, oil",Vegan,,"Prepare tambdi bhaji in the oil free style with a with poi serving. Keep the recipe fully plant-based or vegetarian, using the traditional Goan masala and legumes/vegetables. Keep oil and salt low, and avoid extra rice, bread, ghee, or sugar.",20-30 minute brisk morning walk,"Avoid ghee, butter, coconut cream, and repeated frying"
1198,Goa,High Cholesterol,Breakfast,Tambdi Bhaji (Simple Serve; with poi),234,17,27,8,11,Low,Low,Medium,Safe,"red amaranth, garlic, coconut, green chilli, turmeric, oil",Vegan,,"Prepare tambdi bhaji in the simple serve style with a with poi serving. Keep the recipe fully plant-based or vegetarian, using the traditional Goan masala and legumes/vegetables. Keep oil and salt low, and avoid extra rice, bread, ghee, or sugar.",20-30 minute brisk morning walk,"Avoid ghee, butter, coconut cream, and repeated frying"
1199,Goa,High Cholesterol,Breakfast,Uddamethi (Kokum Tang; with poi),155,9,23,3,10,High,Medium,Low,Safe,"urad dal, raw mango, fenugreek seeds, tamarind, jaggery, spices",Vegan,,"Prepare uddamethi in the kokum tang style with a with poi serving. Keep the recipe fully plant-based or vegetarian, using the traditional Goan masala and legumes/vegetables. Keep oil and salt low, and avoid extra rice, bread, ghee, or sugar.",20-30 minute brisk morning walk,"Avoid ghee, butter, coconut cream, and repeated frying"
1200,Goa,High Cholesterol,Breakfast,Valchi Bhaji (Legume Heavy; with poi),217,9,25,9,12,Low,Medium,Low,Safe,"val or fern leaves, coconut, garlic, green chilli, spices",Vegan,,"Prepare valchi bhaji in the legume heavy style with a with poi serving. Keep the recipe fully plant-based or vegetarian, using the traditional Goan masala and legumes/vegetables. Keep oil and salt low, and avoid extra rice, bread, ghee, or sugar.",20-30 minute brisk morning walk,"Avoid ghee, butter, coconut cream, and repeated frying"
1201,Goa,High Cholesterol,Lunch,Alsanyache Tonak (Portion Controlled; with red rice),198,13,23,6,10,Medium,Low,Low,Safe,"black-eyed beans, tonak masala, onion, garlic, coconut, tamarind, potato",Vegetarian,,"Prepare alsanyache tonak in the portion controlled style with a with red rice serving. Keep the recipe fully plant-based or vegetarian, using the traditional Goan masala and legumes/vegetables. Keep oil and salt low, and avoid extra rice, bread, ghee, or sugar.",15-20 minute easy post-lunch walk,"Avoid ghee, butter, coconut cream, and repeated frying"
1202,Goa,High Cholesterol,Lunch,Boiled Alsande (Lean Protein; with red rice),245,15,35,5,7,Medium,Low,Medium,Safe,"black-eyed peas, onion, green chilli, coriander, lemon",Vegetarian,,"Prepare boiled alsande in the lean protein style with a with red rice serving. Keep the recipe fully plant-based or vegetarian, using the traditional Goan masala and legumes/vegetables. Keep oil and salt low, and avoid extra rice, bread, ghee, or sugar.",15-20 minute easy post-lunch walk,"Avoid ghee, butter, coconut cream, and repeated frying"
1203,Goa,High Cholesterol,Lunch,Brown Rice + Alsande Stew (No Coconut) + Cabbage,434,20,75,6,14,High,Medium,Low,Safe,"Brown Rice, Black Eyed Peas, Cabbage",Vegetarian,,Boil stew completely.,30 mins cycling,Check cholesterol levels quarterly
1204,Goa,High Cholesterol,Lunch,Brown Rice + Chana Ros (No Coconut) + Steamed Gawar,500,18,80,6,14,High,Medium,Low,Safe,"Brown Rice, White Peas, Cluster Beans",Vegetarian,,Boil chana and beans.,30 mins cycling,Check cholesterol levels quarterly
1205,Goa,High Cholesterol,Lunch,Brown Rice + Dalitoy (No Tadka) + Steamed Tendli,434,15,80,6,12,High,Medium,Low,Safe,"Brown Rice, Toor Dal, Ivy Gourd",Vegetarian,,Skip oil tadka completely.,30 mins cycling,Check cholesterol levels quarterly
1206,Goa,High Cholesterol,Lunch,Chana Ros (Brown Rice; with red rice),209,11,35,3,9,Low,High,Medium,Safe,"chickpeas, coconut, dried red chillies, onion, kokum, spices",Vegetarian,,"Prepare chana ros in the brown rice style with a with red rice serving. Keep the recipe fully plant-based or vegetarian, using the traditional Goan masala and legumes/vegetables. Keep oil and salt low, and avoid extra rice, bread, ghee, or sugar.",15-20 minute easy post-lunch walk,"Avoid ghee, butter, coconut cream, and repeated frying"
1207,Goa,High Cholesterol,Lunch,Chana Ros (No Coconut Cream; with red rice),195,10,23,7,11,High,Low,Low,Safe,"chickpeas, coconut, dried red chillies, onion, kokum, spices",Vegetarian,,"Prepare chana ros in the no coconut cream style with a with red rice serving. Keep the recipe fully plant-based or vegetarian, using the traditional Goan masala and legumes/vegetables. Keep oil and salt low, and avoid extra rice, bread, ghee, or sugar.",15-20 minute easy post-lunch walk,"Avoid ghee, butter, coconut cream, and repeated frying"
1208,Goa,High Cholesterol,Lunch,Khatkatem (No Ghee; with red rice),277,20,36,7,9,Medium,Medium,Low,Safe,"raw jackfruit, beetroot, pumpkin, raw banana, drumstick, coconut, teflam, turmeric",Vegetarian,,"Prepare khatkatem in the no ghee style with a with red rice serving. Keep the recipe fully plant-based or vegetarian, using the traditional Goan masala and legumes/vegetables. Keep oil and salt low, and avoid extra rice, bread, ghee, or sugar.",15-20 minute easy post-lunch walk,"Avoid ghee, butter, coconut cream, and repeated frying"
1209,Goa,High Cholesterol,Lunch,Khatkatem (Plant Forward; with red rice),182,9,23,6,8,Medium,Low,Low,Safe,"raw jackfruit, beetroot, pumpkin, raw banana, drumstick, coconut, teflam, turmeric",Vegetarian,,"Prepare khatkatem in the plant forward style with a with red rice serving. Keep the recipe fully plant-based or vegetarian, using the traditional Goan masala and legumes/vegetables. Keep oil and salt low, and avoid extra rice, bread, ghee, or sugar.",15-20 minute easy post-lunch walk,"Avoid ghee, butter, coconut cream, and repeated frying"
1210,Goa,High Cholesterol,Lunch,Moong Gathi (No Butter; with red rice),191,11,30,3,6,Low,Low,Medium,Safe,"sprouted moong, coconut, cumin, coriander, green chilli, curry leaves",Vegetarian,,"Prepare moong gathi in the no butter style with a with red rice serving. Keep the recipe fully plant-based or vegetarian, using the traditional Goan masala and legumes/vegetables. Keep oil and salt low, and avoid extra rice, bread, ghee, or sugar.",15-20 minute easy post-lunch walk,"Avoid ghee, butter, coconut cream, and repeated frying"
1211,Goa,High Cholesterol,Lunch,Moong Gathi (Roasted Spice; with red rice),254,21,21,6,7,Medium,Low,Medium,Safe,"sprouted moong, coconut, cumin, coriander, green chilli, curry leaves",Vegetarian,,"Prepare moong gathi in the roasted spice style with a with red rice serving. Keep the recipe fully plant-based or vegetarian, using the traditional Goan masala and legumes/vegetables. Keep oil and salt low, and avoid extra rice, bread, ghee, or sugar.",15-20 minute easy post-lunch walk,"Avoid ghee, butter, coconut cream, and repeated frying"
1212,Goa,High Cholesterol,Lunch,Poi (Legume Heavy; with red rice),285,11,40,9,9,Low,Low,High,Gluten,"whole wheat flour, wheat bran, yeast or toddy, water, salt",Vegetarian,,"Prepare poi in the legume heavy style with a with red rice serving. Keep the recipe fully plant-based or vegetarian, using the traditional Goan masala and legumes/vegetables. Keep oil and salt low, and avoid extra rice, bread, ghee, or sugar.",15-20 minute easy post-lunch walk,"Contains gluten; avoid ghee, butter, coconut cream, and repeated frying"
1213,Goa,High Cholesterol,Lunch,Sanna (Whole Grain; with red rice),236,11,30,8,6,Medium,Low,High,Safe,"red rice, coconut, urad dal, toddy or yeast, salt",Vegetarian,,"Prepare sanna in the whole grain style with a with red rice serving. Keep the recipe fully plant-based or vegetarian, using the traditional Goan masala and legumes/vegetables. Keep oil and salt low, and avoid extra rice, bread, ghee, or sugar.",15-20 minute easy post-lunch walk,"Avoid ghee, butter, coconut cream, and repeated frying"
1214,Goa,High Cholesterol,Lunch,Uddamethi (High Fibre; with red rice),229,16,30,5,9,Medium,Medium,High,Safe,"urad dal, raw mango, fenugreek seeds, tamarind, jaggery, spices",Vegetarian,,"Prepare uddamethi in the high fibre style with a with red rice serving. Keep the recipe fully plant-based or vegetarian, using the traditional Goan masala and legumes/vegetables. Keep oil and salt low, and avoid extra rice, bread, ghee, or sugar.",15-20 minute easy post-lunch walk,"Avoid ghee, butter, coconut cream, and repeated frying"
1215,Goa,High Cholesterol,Lunch,Ukda Rice + Soya Tondak (No Coconut) + Tambdi Bhaji,434,20,75,6,12,Medium,Medium,Low,Soy,"Parboiled Rice, Soya Chunks, Red Amaranth",Vegetarian,,Use tomato base instead of coconut.,30 mins cycling,Check cholesterol levels quarterly
1216,Goa,High Cholesterol,Lunch,Valchi Bhaji (Oil Free; with red rice),247,14,31,4,10,Low,High,Low,Safe,"val or fern leaves, coconut, garlic, green chilli, spices",Vegetarian,,"Prepare valchi bhaji in the oil free style with a with red rice serving. Keep the recipe fully plant-based or vegetarian, using the traditional Goan masala and legumes/vegetables. Keep oil and salt low, and avoid extra rice, bread, ghee, or sugar.",15-20 minute easy post-lunch walk,"Avoid ghee, butter, coconut cream, and repeated frying"
1217,Goa,High Cholesterol,Lunch,Ambot Tik (No Ghee; with red rice),224,18,29,4,6,Low,Low,Medium,"Fish, Shellfish","fish or prawns, tamarind, vinegar, red chilli, garlic, kokum",Non-Vegetarian,Fish,"Prepare ambot tik in the no ghee style with a with red rice serving. Use lean fish, chicken, pork, or seafood as the traditional recipe calls for. Keep oil and salt low, and avoid extra rice, bread, ghee, or sugar.",15-20 minute easy post-lunch walk,"Contains fish, shellfish; avoid ghee, butter, coconut cream, and repeated frying"
1218,Goa,High Cholesterol,Lunch,Balchao (Whole Grain; with red rice),275,25,21,10,9,Low,Medium,Medium,"Fish, Shellfish","fish or prawns or pork, vinegar, red chilli, tomatoes, garlic, spices",Non-Vegetarian,Seafood,"Prepare balchao in the whole grain style with a with red rice serving. Use lean fish, chicken, pork, or seafood as the traditional recipe calls for. Keep oil and salt low, and avoid extra rice, bread, ghee, or sugar.",15-20 minute easy post-lunch walk,"Contains fish, shellfish; avoid ghee, butter, coconut cream, and repeated frying"
1219,Goa,High Cholesterol,Lunch,Caldinho (Lean Protein; with red rice),314,29,38,8,8,Medium,Medium,High,"Dairy, Fish","fish or chicken, coconut milk, green herbs, onions, pepper, spices",Non-Vegetarian,Fish,"Prepare caldinho in the lean protein style with a with red rice serving. Use lean fish, chicken, pork, or seafood as the traditional recipe calls for. Keep oil and salt low, and avoid extra rice, bread, ghee, or sugar.",15-20 minute easy post-lunch walk,"Contains fish; avoid ghee, butter, coconut cream, and repeated frying"
1220,Goa,High Cholesterol,Lunch,Chicken Cafreal (High Fibre; with red rice),243,21,20,6,9,Medium,Low,Medium,Safe,"chicken, coriander, lime, vinegar, garlic, green chilli, spices",Non-Vegetarian,Chicken,"Prepare chicken cafreal in the high fibre style with a with red rice serving. Use lean fish, chicken, pork, or seafood as the traditional recipe calls for. Keep oil and salt low, and avoid extra rice, bread, ghee, or sugar.",15-20 minute easy post-lunch walk,"Avoid ghee, butter, coconut cream, and repeated frying"
1221,Goa,High Cholesterol,Lunch,Crab Xacuti (Legume Heavy; with red rice),271,28,24,7,9,Medium,Low,Medium,"Fish, Shellfish","crab, roasted coconut, poppy seeds, onions, dry red chillies, spices",Non-Vegetarian,Seafood,"Prepare crab xacuti in the legume heavy style with a with red rice serving. Use lean fish, chicken, pork, or seafood as the traditional recipe calls for. Keep oil and salt low, and avoid extra rice, bread, ghee, or sugar.",15-20 minute easy post-lunch walk,"Contains shellfish; avoid ghee, butter, coconut cream, and repeated frying"
1222,Goa,High Cholesterol,Lunch,Fish Curry Rice (Low Saturated Fat),364,26,38,12,10,High,Low,Medium,Fish,"fish, rice, kokum, coconut, spices",Non-Vegetarian,Fish,"Make fish curry rice with lean cooking methods and minimal ghee or coconut cream, adding extra vegetables or pulses where possible. Keep saturated fat low and favour fibre-rich accompaniments.",30 mins brisk walking,"Limit ghee, butter, and coconut cream; choose lean accompaniments."
1223,Goa,High Cholesterol,Lunch,Fish Curry Rice (No Butter; with red rice),222,19,22,8,6,Medium,Low,Medium,Fish,fish curry rice,Non-Vegetarian,,"Prepare fish curry rice in the no butter style with a with red rice serving. Use lean fish, chicken, pork, or seafood as the traditional recipe calls for. Keep oil and salt low, and avoid extra rice, bread, ghee, or sugar.",15-20 minute easy post-lunch walk,"Avoid ghee, butter, coconut cream, and repeated frying"
1224,Goa,High Cholesterol,Lunch,Fish Recheado (No Coconut Cream; with red rice),208,19,24,4,6,Medium,Medium,Medium,Fish,"fish, recheado masala, vinegar, garlic, red chilli",Non-Vegetarian,Fish,"Prepare fish recheado in the no coconut cream style with a with red rice serving. Use lean fish, chicken, pork, or seafood as the traditional recipe calls for. Keep oil and salt low, and avoid extra rice, bread, ghee, or sugar.",15-20 minute easy post-lunch walk,"Contains fish; avoid ghee, butter, coconut cream, and repeated frying"
1225,Goa,High Cholesterol,Lunch,Prawn Dangar (Oil Free; with red rice),312,17,37,10,9,Medium,High,Medium,"Fish, Gluten, Shellfish","prawns, coconut, tamarind, semolina, onion, spices",Non-Vegetarian,Seafood,"Prepare prawn dangar in the oil free style with a with red rice serving. Use lean fish, chicken, pork, or seafood as the traditional recipe calls for. Keep oil and salt low, and avoid extra rice, bread, ghee, or sugar.",15-20 minute easy post-lunch walk,"Contains shellfish, gluten; avoid ghee, butter, coconut cream, and repeated frying"
1226,Goa,High Cholesterol,Lunch,Ukda Rice + Fish Broth (No Coconut) + Steamed Radish,500,30,70,6,10,Medium,Medium,Low,Fish,"Parboiled Rice, Fish, Radish",Non-Vegetarian,Fish,Clear fish broth only.,30 mins cycling,Check cholesterol levels quarterly
1227,Goa,High Cholesterol,Lunch,Ukda Rice + Masoor Dal + Boiled Chicken Base,500,35,70,8,9,Medium,Medium,Low,Sesame,"Parboiled Rice, Red Lentil, Chicken",Non-Vegetarian,Chicken,Boil chicken with herbs; absolutely zero oil.,30 mins cycling,Check cholesterol levels quarterly
1228,Goa,High Cholesterol,Lunch,Ukda Rice + Masoor Dal + Boiled Prawn Base,500,30,75,8,8,Medium,Medium,Low,"Fish, Sesame, Shellfish","Parboiled Rice, Red Lentil, Prawns",Non-Vegetarian,Prawns,Boil prawns with herbs; absolutely zero oil.,30 mins cycling,Check cholesterol levels quarterly
1229,Goa,High Cholesterol,Lunch,Ukda Rice + Masoor Dal + Steamed Visvonn,500,35,70,8,9,Medium,Medium,Low,"Fish, Sesame","Parboiled Rice, Red Lentil, Kingfish",Non-Vegetarian,Fish,Boil dal and steam fish thoroughly without tempering.,30 mins cycling,Check cholesterol levels quarterly
1230,Goa,High Cholesterol,Lunch,Ukda Rice + Steamed Paplet + Kelyachi Bhaji,500,32,70,8,9,Medium,Medium,Low,Fish,"Parboiled Rice, Pomfret, Raw Banana",Non-Vegetarian,Fish,Steam fish entirely; avoid any frying.,30 mins cycling,Check cholesterol levels quarterly
1231,Goa,High Cholesterol,Lunch,Ukda Rice + Sungtachi (Prawn) Caldin + Cabbage Steam,500,25,75,10,9,Medium,Medium,Low,"Dairy, Fish, Shellfish","Parboiled Rice, Prawns, Light Coconut Milk, Cabbage",Non-Vegetarian,Prawns,"Use very dilute, skimmed coconut milk to lower fats.",30 mins cycling,Check cholesterol levels quarterly
1232,Goa,High Cholesterol,Lunch,Xitt-Kodi (Portion Controlled; with red rice),316,20,37,7,5,High,High,Medium,Fish,"rice, fish, coconut, kokum, onions, spices",Non-Vegetarian,Fish,"Prepare xitt-kodi in the portion controlled style with a with red rice serving. Use lean fish, chicken, pork, or seafood as the traditional recipe calls for. Keep oil and salt low, and avoid extra rice, bread, ghee, or sugar.",15-20 minute easy post-lunch walk,"Contains fish; avoid ghee, butter, coconut cream, and repeated frying"
1233,Goa,High Cholesterol,Lunch,Alsanyache Tonak (No Coconut Cream; with steamed rice),240,9,33,8,11,Medium,Medium,Medium,Safe,"black-eyed beans, tonak masala, onion, garlic, coconut, tamarind, potato",Vegan,,"Prepare alsanyache tonak in the no coconut cream style with a with steamed rice serving. Keep the recipe fully plant-based or vegetarian, using the traditional Goan masala and legumes/vegetables. Keep oil and salt low, and avoid extra rice, bread, ghee, or sugar.",15-20 minute easy post-lunch walk,"Avoid ghee, butter, coconut cream, and repeated frying"
1234,Goa,High Cholesterol,Lunch,Ambadyachem Sasav (Heart Friendly),328,21,43,8,11,High,Low,Low,Mustard,"hog plum, coconut, mustard, jaggery, chilli",Vegan,,"Make ambadyachem sasav with lean cooking methods and minimal ghee or coconut cream, adding extra vegetables or pulses where possible. Keep saturated fat low and favour fibre-rich accompaniments.",30 mins brisk walking,"Limit ghee, butter, and coconut cream; choose lean accompaniments."
1235,Goa,High Cholesterol,Lunch,Boiled Alsande (Kokum Tang; with red rice),213,19,23,5,7,Medium,Medium,Medium,Safe,"black-eyed peas, onion, green chilli, coriander, lemon",Vegan,,"Prepare boiled alsande in the kokum tang style with a with red rice serving. Keep the recipe fully plant-based or vegetarian, using the traditional Goan masala and legumes/vegetables. Keep oil and salt low, and avoid extra rice, bread, ghee, or sugar.",15-20 minute easy post-lunch walk,"Avoid ghee, butter, coconut cream, and repeated frying"
1236,Goa,High Cholesterol,Lunch,Boiled Alsande (Legume Heavy; with steamed rice),219,15,29,4,9,Medium,Low,Medium,Safe,"black-eyed peas, onion, green chilli, coriander, lemon",Vegan,,"Prepare boiled alsande in the legume heavy style with a with steamed rice serving. Keep the recipe fully plant-based or vegetarian, using the traditional Goan masala and legumes/vegetables. Keep oil and salt low, and avoid extra rice, bread, ghee, or sugar.",15-20 minute easy post-lunch walk,"Avoid ghee, butter, coconut cream, and repeated frying"
1237,Goa,High Cholesterol,Lunch,Caldinho (No Butter or Cream),320,20,42,8,11,Low,Low,Low,Dairy,"vegetables, coconut milk, turmeric, pepper",Vegan,,"Make caldinho with lean cooking methods and minimal ghee or coconut cream, adding extra vegetables or pulses where possible. Keep saturated fat low and favour fibre-rich accompaniments.",30 mins brisk walking,"Limit ghee, butter, and coconut cream; choose lean accompaniments."
1238,Goa,High Cholesterol,Lunch,Chana Ros (No Heavy Coconut Cream),320,21,41,8,11,Low,Low,Low,Safe,"chana, coconut, onion, garlic, spices",Vegan,,"Make chana ros with lean cooking methods and minimal ghee or coconut cream, adding extra vegetables or pulses where possible. Keep saturated fat low and favour fibre-rich accompaniments.",30 mins brisk walking,"Limit ghee, butter, and coconut cream; choose lean accompaniments."
1239,Goa,High Cholesterol,Lunch,Chana Ros (Steamed; with steamed rice),228,15,23,8,6,Low,Low,Medium,Safe,"chickpeas, coconut, dried red chillies, onion, kokum, spices",Vegan,,"Prepare chana ros in the steamed style with a with steamed rice serving. Keep the recipe fully plant-based or vegetarian, using the traditional Goan masala and legumes/vegetables. Keep oil and salt low, and avoid extra rice, bread, ghee, or sugar.",15-20 minute easy post-lunch walk,"Avoid ghee, butter, coconut cream, and repeated frying"
1240,Goa,High Cholesterol,Lunch,Khatkatem (High Fibre; with steamed rice),241,16,24,9,8,High,Low,Low,Safe,"raw jackfruit, beetroot, pumpkin, raw banana, drumstick, coconut, teflam, turmeric",Vegan,,"Prepare khatkatem in the high fibre style with a with steamed rice serving. Keep the recipe fully plant-based or vegetarian, using the traditional Goan masala and legumes/vegetables. Keep oil and salt low, and avoid extra rice, bread, ghee, or sugar.",15-20 minute easy post-lunch walk,"Avoid ghee, butter, coconut cream, and repeated frying"
1241,Goa,High Cholesterol,Lunch,"Khatkhatem (High Fibre, Light Oil)",320,21,41,8,11,Low,Low,Low,Safe,"mixed vegetables, coconut, tamarind, tur dal, moong dal",Vegan,,"Make khatkhatem with lean cooking methods and minimal ghee or coconut cream, adding extra vegetables or pulses where possible. Keep saturated fat low and favour fibre-rich accompaniments.",30 mins brisk walking,"Limit ghee, butter, and coconut cream; choose lean accompaniments."
1242,Goa,High Cholesterol,Lunch,Poi (No Ghee; with steamed rice),255,12,36,7,11,Low,Low,High,Gluten,"whole wheat flour, wheat bran, yeast or toddy, water, salt",Vegan,,"Prepare poi in the no ghee style with a with steamed rice serving. Keep the recipe fully plant-based or vegetarian, using the traditional Goan masala and legumes/vegetables. Keep oil and salt low, and avoid extra rice, bread, ghee, or sugar.",15-20 minute easy post-lunch walk,"Contains gluten; avoid ghee, butter, coconut cream, and repeated frying"
1243,Goa,High Cholesterol,Lunch,Sanna (No Butter; with steamed rice),228,19,22,10,10,Medium,Medium,Medium,Safe,"red rice, coconut, urad dal, toddy or yeast, salt",Vegan,,"Prepare sanna in the no butter style with a with steamed rice serving. Keep the recipe fully plant-based or vegetarian, using the traditional Goan masala and legumes/vegetables. Keep oil and salt low, and avoid extra rice, bread, ghee, or sugar.",15-20 minute easy post-lunch walk,"Avoid ghee, butter, coconut cream, and repeated frying"
1244,Goa,High Cholesterol,Lunch,Tambdi Bhaji (Low Sat Fat; with red rice),233,11,27,9,8,Medium,Low,Low,Safe,"red amaranth, garlic, coconut, green chilli, turmeric, oil",Vegan,,"Prepare tambdi bhaji in the low sat fat style with a with red rice serving. Keep the recipe fully plant-based or vegetarian, using the traditional Goan masala and legumes/vegetables. Keep oil and salt low, and avoid extra rice, bread, ghee, or sugar.",15-20 minute easy post-lunch walk,"Avoid ghee, butter, coconut cream, and repeated frying"
1245,Goa,High Cholesterol,Lunch,Uddamethi (Lean Prep),312,20,40,8,11,High,Low,Low,Safe,"urad dal, methi, coconut, tamarind, jaggery",Vegan,,"Make uddamethi with lean cooking methods and minimal ghee or coconut cream, adding extra vegetables or pulses where possible. Keep saturated fat low and favour fibre-rich accompaniments.",30 mins brisk walking,"Limit ghee, butter, and coconut cream; choose lean accompaniments."
1246,Goa,High Cholesterol,Lunch,Uddamethi (Oil Free; with steamed rice),258,22,21,7,11,Medium,High,Medium,Safe,"urad dal, raw mango, fenugreek seeds, tamarind, jaggery, spices",Vegan,,"Prepare uddamethi in the oil free style with a with steamed rice serving. Keep the recipe fully plant-based or vegetarian, using the traditional Goan masala and legumes/vegetables. Keep oil and salt low, and avoid extra rice, bread, ghee, or sugar.",15-20 minute easy post-lunch walk,"Avoid ghee, butter, coconut cream, and repeated frying"
1247,Goa,High Cholesterol,Lunch,Uddamethi (Red Rice; with red rice),241,17,35,6,12,Low,Low,Medium,Safe,"urad dal, raw mango, fenugreek seeds, tamarind, jaggery, spices",Vegan,,"Prepare uddamethi in the red rice style with a with red rice serving. Keep the recipe fully plant-based or vegetarian, using the traditional Goan masala and legumes/vegetables. Keep oil and salt low, and avoid extra rice, bread, ghee, or sugar.",15-20 minute easy post-lunch walk,"Avoid ghee, butter, coconut cream, and repeated frying"
1248,Goa,High Cholesterol,Lunch,Valchi Bhaji (Simple Serve; with red rice),265,19,22,9,8,Medium,Low,Medium,Safe,"val or fern leaves, coconut, garlic, green chilli, spices",Vegan,,"Prepare valchi bhaji in the simple serve style with a with red rice serving. Keep the recipe fully plant-based or vegetarian, using the traditional Goan masala and legumes/vegetables. Keep oil and salt low, and avoid extra rice, bread, ghee, or sugar.",15-20 minute easy post-lunch walk,"Avoid ghee, butter, coconut cream, and repeated frying"
1249,Goa,High Cholesterol,Snack,Alle Belle (Light Snack),255,5,34,11,3,High,Low,Low,Gluten,"flour, coconut, jaggery, cardamom",Vegetarian,,"Make alle belle with lean cooking methods and minimal ghee or coconut cream, adding extra vegetables or pulses where possible. Keep saturated fat low and favour fibre-rich accompaniments.",30 mins brisk walking,"Limit ghee, butter, and coconut cream; choose lean accompaniments."
1250,Goa,High Cholesterol,Snack,Boiled Alsande (High Fibre; tea-time snack),232,20,23,7,9,Low,Low,Low,Safe,"black-eyed peas, onion, green chilli, coriander, lemon",Vegetarian,,"Prepare boiled alsande in the high fibre style with a tea-time snack serving. Keep the recipe fully plant-based or vegetarian, using the traditional Goan masala and legumes/vegetables. Keep oil and salt low, and avoid extra rice, bread, ghee, or sugar.",10-15 minute light walk or mobility session,"Avoid ghee, butter, coconut cream, and repeated frying"
1251,Goa,High Cholesterol,Snack,Boiled Chana (Bengal Gram),150,8,25,1,8,Low,Low,Low,Safe,Bengal Gram,Vegetarian,,Boil completely.,Stay active,No specific warning
1252,Goa,High Cholesterol,Snack,Boiled Moong Sprouts,150,8,25,1,8,Low,Low,Low,Safe,Green Gram Sprouts,Vegetarian,,Boil completely.,Stay active,No specific warning
1253,Goa,High Cholesterol,Snack,Carrot and Celery Sticks,150,2,32,1,6,Low,Low,Low,Safe,"Carrot, Celery",Vegetarian,,Serve raw and crisp.,Stay active,No specific warning
1254,Goa,High Cholesterol,Snack,Carrot Sticks,150,2,33,1,6,Low,Low,Low,Safe,Carrot,Vegetarian,,Serve raw without any dips.,Stay active,No specific warning
1255,Goa,High Cholesterol,Snack,Chana Ros (No Butter; tea-time snack),171,17,20,5,7,Medium,Low,Low,Safe,"chickpeas, coconut, dried red chillies, onion, kokum, spices",Vegetarian,,"Prepare chana ros in the no butter style with a tea-time snack serving. Keep the recipe fully plant-based or vegetarian, using the traditional Goan masala and legumes/vegetables. Keep oil and salt low, and avoid extra rice, bread, ghee, or sugar.",10-15 minute light walk or mobility session,"Avoid ghee, butter, coconut cream, and repeated frying"
1256,Goa,High Cholesterol,Snack,Cucumber and Carrot Sticks,150,2,33,1,6,Low,Low,Low,Safe,"Cucumber, Carrot",Vegetarian,,Serve raw without any dips.,Stay active,No specific warning
1257,Goa,High Cholesterol,Snack,Moong Gathi (No Ghee; tea-time snack),196,10,21,8,11,Medium,Low,Medium,Safe,"sprouted moong, coconut, cumin, coriander, green chilli, curry leaves",Vegetarian,,"Prepare moong gathi in the no ghee style with a tea-time snack serving. Keep the recipe fully plant-based or vegetarian, using the traditional Goan masala and legumes/vegetables. Keep oil and salt low, and avoid extra rice, bread, ghee, or sugar.",10-15 minute light walk or mobility session,"Avoid ghee, butter, coconut cream, and repeated frying"
1258,Goa,High Cholesterol,Snack,Radish and Cucumber Sticks,150,2,33,1,6,Low,Low,Low,Safe,"Radish, Cucumber",Vegetarian,,Serve raw.,Stay active,No specific warning
1259,Goa,High Cholesterol,Snack,Steamed Corn (No Butter),150,5,30,1,4,Low,Low,Low,Safe,Corn Kernels,Vegetarian,,Steam perfectly.,Stay active,No specific warning
1260,Goa,High Cholesterol,Snack,Steamed Edamame,124,12,10,4,5,Low,Low,Low,Soy,Green Soybeans,Vegetarian,,Steam completely.,Stay active,No specific warning
1261,Goa,High Cholesterol,Snack,"Tavsali (High Fibre, Small Portion)",128,7,16,4,5,High,Low,Low,"Gluten, Dairy","cucumber, rava, coconut, jaggery, cardamom",Vegetarian,,"Make tavsali with lean cooking methods and minimal ghee or coconut cream, adding extra vegetables or pulses where possible. Keep saturated fat low and favour fibre-rich accompaniments.",30 mins brisk walking,"Limit ghee, butter, and coconut cream; choose lean accompaniments."
1262,Goa,High Cholesterol,Snack,Tomato and Beetroot Salad,150,3,32,1,7,Low,Low,Low,Safe,"Tomato, Beetroot",Vegetarian,,Serve raw and grated without dressing.,Stay active,No specific warning
1263,Goa,High Cholesterol,Snack,Tomato Slices with Pepper,150,3,32,1,6,Low,Low,Low,Safe,"Tomato, Black Pepper",Vegetarian,,Serve raw without any dips.,Stay active,No specific warning
1264,Goa,High Cholesterol,Snack,Uddamethi (No Coconut Cream; tea-time snack),237,21,27,5,12,High,Medium,Low,Safe,"urad dal, raw mango, fenugreek seeds, tamarind, jaggery, spices",Vegetarian,,"Prepare uddamethi in the no coconut cream style with a tea-time snack serving. Keep the recipe fully plant-based or vegetarian, using the traditional Goan masala and legumes/vegetables. Keep oil and salt low, and avoid extra rice, bread, ghee, or sugar.",10-15 minute light walk or mobility session,"Avoid ghee, butter, coconut cream, and repeated frying"
1265,Goa,High Cholesterol,Snack,Ambot Tik (Portion Controlled; tea-time snack),269,30,27,5,7,Medium,Medium,Medium,"Fish, Shellfish","fish or prawns, tamarind, vinegar, red chilli, garlic, kokum",Non-Vegetarian,Fish,"Prepare ambot tik in the portion controlled style with a tea-time snack serving. Use lean fish, chicken, pork, or seafood as the traditional recipe calls for. Keep oil and salt low, and avoid extra rice, bread, ghee, or sugar.",10-15 minute light walk or mobility session,"Contains fish, shellfish; avoid ghee, butter, coconut cream, and repeated frying"
1266,Goa,High Cholesterol,Snack,Balchao (Legume Heavy; tea-time snack),293,29,30,7,10,Medium,Low,Medium,"Fish, Shellfish","fish or prawns or pork, vinegar, red chilli, tomatoes, garlic, spices",Non-Vegetarian,Seafood,"Prepare balchao in the legume heavy style with a tea-time snack serving. Use lean fish, chicken, pork, or seafood as the traditional recipe calls for. Keep oil and salt low, and avoid extra rice, bread, ghee, or sugar.",10-15 minute light walk or mobility session,"Contains fish, shellfish; avoid ghee, butter, coconut cream, and repeated frying"
1267,Goa,High Cholesterol,Snack,Balchao (No Ghee; small bowl),338,28,34,10,10,Medium,High,Medium,"Fish, Shellfish","fish or prawns or pork, vinegar, red chilli, tomatoes, garlic, spices",Non-Vegetarian,Seafood,"Prepare balchao in the no ghee style with a small bowl serving. Use lean fish, chicken, pork, or seafood as the traditional recipe calls for. Keep oil and salt low, and avoid extra rice, bread, ghee, or sugar.",10-15 minute light walk or mobility session,"Contains fish, shellfish; avoid ghee, butter, coconut cream, and repeated frying"
1268,Goa,High Cholesterol,Snack,Caldinho (High Fibre; tea-time snack),223,22,27,6,6,Low,High,Low,"Dairy, Fish","fish or chicken, coconut milk, green herbs, onions, pepper, spices",Non-Vegetarian,Fish,"Prepare caldinho in the high fibre style with a tea-time snack serving. Use lean fish, chicken, pork, or seafood as the traditional recipe calls for. Keep oil and salt low, and avoid extra rice, bread, ghee, or sugar.",10-15 minute light walk or mobility session,"Contains fish; avoid ghee, butter, coconut cream, and repeated frying"
1269,Goa,High Cholesterol,Snack,Chicken Cafreal (No Coconut Cream; tea-time snack),294,23,28,10,8,Medium,Low,Medium,Safe,"chicken, coriander, lime, vinegar, garlic, green chilli, spices",Non-Vegetarian,Chicken,"Prepare chicken cafreal in the no coconut cream style with a tea-time snack serving. Use lean fish, chicken, pork, or seafood as the traditional recipe calls for. Keep oil and salt low, and avoid extra rice, bread, ghee, or sugar.",10-15 minute light walk or mobility session,"Avoid ghee, butter, coconut cream, and repeated frying"
1270,Goa,High Cholesterol,Snack,Crab Xacuti (Oil Free; tea-time snack),251,29,27,6,6,Medium,Low,Low,"Fish, Shellfish","crab, roasted coconut, poppy seeds, onions, dry red chillies, spices",Non-Vegetarian,Seafood,"Prepare crab xacuti in the oil free style with a tea-time snack serving. Use lean fish, chicken, pork, or seafood as the traditional recipe calls for. Keep oil and salt low, and avoid extra rice, bread, ghee, or sugar.",10-15 minute light walk or mobility session,"Contains shellfish; avoid ghee, butter, coconut cream, and repeated frying"
1271,Goa,High Cholesterol,Snack,Crab Xacuti (Simple Serve; tea-time snack),347,29,42,7,6,Low,Medium,Medium,"Fish, Shellfish","crab, roasted coconut, poppy seeds, onions, dry red chillies, spices",Non-Vegetarian,Seafood,"Prepare crab xacuti in the simple serve style with a tea-time snack serving. Use lean fish, chicken, pork, or seafood as the traditional recipe calls for. Keep oil and salt low, and avoid extra rice, bread, ghee, or sugar.",10-15 minute light walk or mobility session,"Contains shellfish; avoid ghee, butter, coconut cream, and repeated frying"
1272,Goa,High Cholesterol,Snack,Fish Curry Rice (No Ghee; tea-time snack),353,28,40,9,7,High,Medium,Medium,Fish,fish curry rice,Non-Vegetarian,,"Prepare fish curry rice in the no ghee style with a tea-time snack serving. Use lean fish, chicken, pork, or seafood as the traditional recipe calls for. Keep oil and salt low, and avoid extra rice, bread, ghee, or sugar.",10-15 minute light walk or mobility session,"Avoid ghee, butter, coconut cream, and repeated frying"
1273,Goa,High Cholesterol,Snack,Fish Curry Rice (Plant Forward; tea-time snack),248,20,31,4,5,Medium,Low,Low,Fish,fish curry rice,Non-Vegetarian,,"Prepare fish curry rice in the plant forward style with a tea-time snack serving. Use lean fish, chicken, pork, or seafood as the traditional recipe calls for. Keep oil and salt low, and avoid extra rice, bread, ghee, or sugar.",10-15 minute light walk or mobility session,"Avoid ghee, butter, coconut cream, and repeated frying"
1274,Goa,High Cholesterol,Snack,Fish Recheado (No Butter; tea-time snack),262,28,28,5,6,Medium,Medium,Medium,Fish,"fish, recheado masala, vinegar, garlic, red chilli",Non-Vegetarian,Fish,"Prepare fish recheado in the no butter style with a tea-time snack serving. Use lean fish, chicken, pork, or seafood as the traditional recipe calls for. Keep oil and salt low, and avoid extra rice, bread, ghee, or sugar.",10-15 minute light walk or mobility session,"Contains fish; avoid ghee, butter, coconut cream, and repeated frying"
1275,Goa,High Cholesterol,Snack,Fish Recheado (Roasted Spice; tea-time snack),284,26,33,8,7,Medium,Low,High,Fish,"fish, recheado masala, vinegar, garlic, red chilli",Non-Vegetarian,Fish,"Prepare fish recheado in the roasted spice style with a tea-time snack serving. Use lean fish, chicken, pork, or seafood as the traditional recipe calls for. Keep oil and salt low, and avoid extra rice, bread, ghee, or sugar.",10-15 minute light walk or mobility session,"Contains fish; avoid ghee, butter, coconut cream, and repeated frying"
1276,Goa,High Cholesterol,Snack,Kismur (Kokum Tang; tea-time snack),266,27,37,6,8,Low,Low,Medium,Fish,"dry fish, coconut, onion, lime, green chilli, spices",Non-Vegetarian,Fish,"Prepare kismur in the kokum tang style with a tea-time snack serving. Use lean fish, chicken, pork, or seafood as the traditional recipe calls for. Keep oil and salt low, and avoid extra rice, bread, ghee, or sugar.",10-15 minute light walk or mobility session,"Contains fish; avoid ghee, butter, coconut cream, and repeated frying"
1277,Goa,High Cholesterol,Snack,Kismur (Lean Protein; tea-time snack),288,29,25,8,6,Medium,Low,Medium,Fish,"dry fish, coconut, onion, lime, green chilli, spices",Non-Vegetarian,Fish,"Prepare kismur in the lean protein style with a tea-time snack serving. Use lean fish, chicken, pork, or seafood as the traditional recipe calls for. Keep oil and salt low, and avoid extra rice, bread, ghee, or sugar.",10-15 minute light walk or mobility session,"Contains fish; avoid ghee, butter, coconut cream, and repeated frying"
1278,Goa,High Cholesterol,Snack,Prawn Dangar (Low Sat Fat; tea-time snack),253,18,34,5,5,Low,Low,Medium,"Fish, Gluten, Shellfish","prawns, coconut, tamarind, semolina, onion, spices",Non-Vegetarian,Seafood,"Prepare prawn dangar in the low sat fat style with a tea-time snack serving. Use lean fish, chicken, pork, or seafood as the traditional recipe calls for. Keep oil and salt low, and avoid extra rice, bread, ghee, or sugar.",10-15 minute light walk or mobility session,"Contains shellfish, gluten; avoid ghee, butter, coconut cream, and repeated frying"
1279,Goa,High Cholesterol,Snack,Xitt-Kodi (No Butter; small bowl),235,18,34,7,10,Medium,Medium,Medium,Fish,"rice, fish, coconut, kokum, onions, spices",Non-Vegetarian,Fish,"Prepare xitt-kodi in the no butter style with a small bowl serving. Use lean fish, chicken, pork, or seafood as the traditional recipe calls for. Keep oil and salt low, and avoid extra rice, bread, ghee, or sugar.",10-15 minute light walk or mobility session,"Contains fish; avoid ghee, butter, coconut cream, and repeated frying"
1280,Goa,High Cholesterol,Snack,Xitt-Kodi (Whole Grain; tea-time snack),216,27,18,4,6,Medium,Low,Low,Fish,"rice, fish, coconut, kokum, onions, spices",Non-Vegetarian,Fish,"Prepare xitt-kodi in the whole grain style with a tea-time snack serving. Use lean fish, chicken, pork, or seafood as the traditional recipe calls for. Keep oil and salt low, and avoid extra rice, bread, ghee, or sugar.",10-15 minute light walk or mobility session,"Contains fish; avoid ghee, butter, coconut cream, and repeated frying"
1281,Goa,High Cholesterol,Snack,Alsanyache Tonak (Whole Grain; tea-time snack),222,19,23,6,12,Low,Medium,Medium,Safe,"black-eyed beans, tonak masala, onion, garlic, coconut, tamarind, potato",Vegan,,"Prepare alsanyache tonak in the whole grain style with a tea-time snack serving. Keep the recipe fully plant-based or vegetarian, using the traditional Goan masala and legumes/vegetables. Keep oil and salt low, and avoid extra rice, bread, ghee, or sugar.",10-15 minute light walk or mobility session,"Avoid ghee, butter, coconut cream, and repeated frying"
1282,Goa,High Cholesterol,Snack,Boiled Alsande (Red Rice; tea-time snack),245,14,33,10,8,Medium,Low,Medium,Safe,"black-eyed peas, onion, green chilli, coriander, lemon",Vegan,,"Prepare boiled alsande in the red rice style with a tea-time snack serving. Keep the recipe fully plant-based or vegetarian, using the traditional Goan masala and legumes/vegetables. Keep oil and salt low, and avoid extra rice, bread, ghee, or sugar.",10-15 minute light walk or mobility session,"Avoid ghee, butter, coconut cream, and repeated frying"
1283,Goa,High Cholesterol,Snack,Chana Ros (Roasted Spice; tea-time snack),263,9,35,6,8,Medium,Medium,Medium,Safe,"chickpeas, coconut, dried red chillies, onion, kokum, spices",Vegan,,"Prepare chana ros in the roasted spice style with a tea-time snack serving. Keep the recipe fully plant-based or vegetarian, using the traditional Goan masala and legumes/vegetables. Keep oil and salt low, and avoid extra rice, bread, ghee, or sugar.",10-15 minute light walk or mobility session,"Avoid ghee, butter, coconut cream, and repeated frying"
1284,Goa,High Cholesterol,Snack,Chidki Midki Bhaji (Heart Friendly),140,7,18,4,5,Low,Low,Low,Safe,"leafy greens, coconut, garlic, spices",Vegan,,"Make chidki midki bhaji with lean cooking methods and minimal ghee or coconut cream, adding extra vegetables or pulses where possible. Keep saturated fat low and favour fibre-rich accompaniments.",30 mins brisk walking,"Limit ghee, butter, and coconut cream; choose lean accompaniments."
1285,Goa,High Cholesterol,Snack,Khatkatem (Portion Controlled; tea-time snack),296,20,36,8,6,Medium,Medium,Medium,Safe,"raw jackfruit, beetroot, pumpkin, raw banana, drumstick, coconut, teflam, turmeric",Vegan,,"Prepare khatkatem in the portion controlled style with a tea-time snack serving. Keep the recipe fully plant-based or vegetarian, using the traditional Goan masala and legumes/vegetables. Keep oil and salt low, and avoid extra rice, bread, ghee, or sugar.",10-15 minute light walk or mobility session,"Avoid ghee, butter, coconut cream, and repeated frying"
1286,Goa,High Cholesterol,Snack,Kismoor (Low Saturated Fat),120,6,15,4,5,Low,Low,Low,Safe,"coconut, chilli, onion, tamarind, dried vegetables",Vegan,,"Make kismoor with lean cooking methods and minimal ghee or coconut cream, adding extra vegetables or pulses where possible. Keep saturated fat low and favour fibre-rich accompaniments.",30 mins brisk walking,"Limit ghee, butter, and coconut cream; choose lean accompaniments."
1287,Goa,High Cholesterol,Snack,Moong Gathi (Plant Forward; tea-time snack),213,12,21,9,11,Low,Low,Low,Safe,"sprouted moong, coconut, cumin, coriander, green chilli, curry leaves",Vegan,,"Prepare moong gathi in the plant forward style with a tea-time snack serving. Keep the recipe fully plant-based or vegetarian, using the traditional Goan masala and legumes/vegetables. Keep oil and salt low, and avoid extra rice, bread, ghee, or sugar.",10-15 minute light walk or mobility session,"Avoid ghee, butter, coconut cream, and repeated frying"
1288,Goa,High Cholesterol,Snack,Paanch Pale Bhaji (Lean Prep),120,6,15,4,5,Low,Low,Low,Safe,"five leafy greens, coconut, spices",Vegan,,"Make paanch pale bhaji with lean cooking methods and minimal ghee or coconut cream, adding extra vegetables or pulses where possible. Keep saturated fat low and favour fibre-rich accompaniments.",30 mins brisk walking,"Limit ghee, butter, and coconut cream; choose lean accompaniments."
1289,Goa,High Cholesterol,Snack,Pez (No Butter or Cream),128,6,17,4,5,High,Low,Low,Safe,"rice, water, cumin, pepper, coconut",Vegan,,"Make pez with lean cooking methods and minimal ghee or coconut cream, adding extra vegetables or pulses where possible. Keep saturated fat low and favour fibre-rich accompaniments.",30 mins brisk walking,"Limit ghee, butter, and coconut cream; choose lean accompaniments."
1290,Goa,High Cholesterol,Snack,Poi (Oil Free; tea-time snack),205,12,25,8,9,Low,High,Medium,Gluten,"whole wheat flour, wheat bran, yeast or toddy, water, salt",Vegan,,"Prepare poi in the oil free style with a tea-time snack serving. Keep the recipe fully plant-based or vegetarian, using the traditional Goan masala and legumes/vegetables. Keep oil and salt low, and avoid extra rice, bread, ghee, or sugar.",10-15 minute light walk or mobility session,"Contains gluten; avoid ghee, butter, coconut cream, and repeated frying"
1291,Goa,High Cholesterol,Snack,Poi (Simple Serve; tea-time snack),198,8,28,6,9,Low,Low,Medium,Gluten,"whole wheat flour, wheat bran, yeast or toddy, water, salt",Vegan,,"Prepare poi in the simple serve style with a tea-time snack serving. Keep the recipe fully plant-based or vegetarian, using the traditional Goan masala and legumes/vegetables. Keep oil and salt low, and avoid extra rice, bread, ghee, or sugar.",10-15 minute light walk or mobility session,"Contains gluten; avoid ghee, butter, coconut cream, and repeated frying"
1292,Goa,High Cholesterol,Snack,Sanna (Legume Heavy; tea-time snack),207,11,20,9,10,High,Low,Medium,Safe,"red rice, coconut, urad dal, toddy or yeast, salt",Vegan,,"Prepare sanna in the legume heavy style with a tea-time snack serving. Keep the recipe fully plant-based or vegetarian, using the traditional Goan masala and legumes/vegetables. Keep oil and salt low, and avoid extra rice, bread, ghee, or sugar.",10-15 minute light walk or mobility session,"Avoid ghee, butter, coconut cream, and repeated frying"
1293,Goa,High Cholesterol,Snack,Sanna (No Ghee; small bowl),265,16,30,9,8,High,Medium,Medium,Safe,"red rice, coconut, urad dal, toddy or yeast, salt",Vegan,,"Prepare sanna in the no ghee style with a small bowl serving. Keep the recipe fully plant-based or vegetarian, using the traditional Goan masala and legumes/vegetables. Keep oil and salt low, and avoid extra rice, bread, ghee, or sugar.",10-15 minute light walk or mobility session,"Avoid ghee, butter, coconut cream, and repeated frying"
1294,Goa,High Cholesterol,Snack,Tambdi Bhaji (Kokum Tang; tea-time snack),254,12,29,8,8,Medium,Low,Low,Safe,"red amaranth, garlic, coconut, green chilli, turmeric, oil",Vegan,,"Prepare tambdi bhaji in the kokum tang style with a tea-time snack serving. Keep the recipe fully plant-based or vegetarian, using the traditional Goan masala and legumes/vegetables. Keep oil and salt low, and avoid extra rice, bread, ghee, or sugar.",10-15 minute light walk or mobility session,"Avoid ghee, butter, coconut cream, and repeated frying"
1295,Goa,High Cholesterol,Snack,Uddamethi (Brown Rice; tea-time snack),203,13,31,3,10,Medium,Medium,Medium,Safe,"urad dal, raw mango, fenugreek seeds, tamarind, jaggery, spices",Vegan,,"Prepare uddamethi in the brown rice style with a tea-time snack serving. Keep the recipe fully plant-based or vegetarian, using the traditional Goan masala and legumes/vegetables. Keep oil and salt low, and avoid extra rice, bread, ghee, or sugar.",10-15 minute light walk or mobility session,"Avoid ghee, butter, coconut cream, and repeated frying"
1296,Goa,High Cholesterol,Snack,Valchi Bhaji (Low Sat Fat; tea-time snack),253,8,35,9,12,Low,Low,High,Safe,"val or fern leaves, coconut, garlic, green chilli, spices",Vegan,,"Prepare valchi bhaji in the low sat fat style with a tea-time snack serving. Keep the recipe fully plant-based or vegetarian, using the traditional Goan masala and legumes/vegetables. Keep oil and salt low, and avoid extra rice, bread, ghee, or sugar.",10-15 minute light walk or mobility session,"Avoid ghee, butter, coconut cream, and repeated frying"
1297,Goa,High Cholesterol,Dinner,Alsanyache Tonak (Legume Heavy; with steamed rice),173,9,23,5,6,Low,Medium,Medium,Safe,"black-eyed beans, tonak masala, onion, garlic, coconut, tamarind, potato",Vegetarian,,"Prepare alsanyache tonak in the legume heavy style with a with steamed rice serving. Keep the recipe fully plant-based or vegetarian, using the traditional Goan masala and legumes/vegetables. Keep oil and salt low, and avoid extra rice, bread, ghee, or sugar.",20 minute relaxed post-dinner walk,"Avoid ghee, butter, coconut cream, and repeated frying"
1298,Goa,High Cholesterol,Dinner,Boiled Alsande (Brown Rice; with steamed rice),297,20,34,9,9,Medium,Low,Medium,Safe,"black-eyed peas, onion, green chilli, coriander, lemon",Vegetarian,,"Prepare boiled alsande in the brown rice style with a with steamed rice serving. Keep the recipe fully plant-based or vegetarian, using the traditional Goan masala and legumes/vegetables. Keep oil and salt low, and avoid extra rice, bread, ghee, or sugar.",20 minute relaxed post-dinner walk,"Avoid ghee, butter, coconut cream, and repeated frying"
1299,Goa,High Cholesterol,Dinner,Boiled Alsande (No Coconut Cream; with steamed rice),176,14,21,4,12,Medium,Medium,High,Safe,"black-eyed peas, onion, green chilli, coriander, lemon",Vegetarian,,"Prepare boiled alsande in the no coconut cream style with a with steamed rice serving. Keep the recipe fully plant-based or vegetarian, using the traditional Goan masala and legumes/vegetables. Keep oil and salt low, and avoid extra rice, bread, ghee, or sugar.",20 minute relaxed post-dinner walk,"Avoid ghee, butter, coconut cream, and repeated frying"
1300,Goa,High Cholesterol,Dinner,Chana Ros (No Ghee; with steamed rice),273,18,30,9,9,Medium,Medium,Medium,Safe,"chickpeas, coconut, dried red chillies, onion, kokum, spices",Vegetarian,,"Prepare chana ros in the no ghee style with a with steamed rice serving. Keep the recipe fully plant-based or vegetarian, using the traditional Goan masala and legumes/vegetables. Keep oil and salt low, and avoid extra rice, bread, ghee, or sugar.",20 minute relaxed post-dinner walk,"Avoid ghee, butter, coconut cream, and repeated frying"
1301,Goa,High Cholesterol,Dinner,Chana Ros (Plant Forward; with steamed rice),212,11,29,9,8,Low,Medium,Medium,Safe,"chickpeas, coconut, dried red chillies, onion, kokum, spices",Vegetarian,,"Prepare chana ros in the plant forward style with a with steamed rice serving. Keep the recipe fully plant-based or vegetarian, using the traditional Goan masala and legumes/vegetables. Keep oil and salt low, and avoid extra rice, bread, ghee, or sugar.",20 minute relaxed post-dinner walk,"Avoid ghee, butter, coconut cream, and repeated frying"
1302,Goa,High Cholesterol,Dinner,Khatkatem (Whole Grain; with steamed rice),167,10,25,3,7,Medium,High,Low,Safe,"raw jackfruit, beetroot, pumpkin, raw banana, drumstick, coconut, teflam, turmeric",Vegetarian,,"Prepare khatkatem in the whole grain style with a with steamed rice serving. Keep the recipe fully plant-based or vegetarian, using the traditional Goan masala and legumes/vegetables. Keep oil and salt low, and avoid extra rice, bread, ghee, or sugar.",20 minute relaxed post-dinner walk,"Avoid ghee, butter, coconut cream, and repeated frying"
1303,Goa,High Cholesterol,Dinner,Poee + Boiled Egg Curry (Whites Only),400,25,55,8,6,Medium,Medium,Low,"Egg, Eggs, Gluten","Wheat, Egg Whites, Tomato",Vegetarian,,Use tomato base without frying onions or oil.,20 mins walk,Avoid yolks completely
1304,Goa,High Cholesterol,Dinner,Poee + Boiled Egg Whites (4) in Tomato Gravy,400,25,55,8,6,Medium,Medium,Low,"Egg, Eggs, Gluten","Wheat, Egg Whites, Tomato",Vegetarian,,Remove yolks entirely to eliminate cholesterol.,20 mins walk,Avoid yolks completely
1305,Goa,High Cholesterol,Dinner,Poee + Moong Gathi (Clear/No Coconut),400,15,65,4,10,Medium,Medium,Low,Gluten,"Wheat, Green Gram",Vegetarian,,Boil dal.,20 mins walk,Avoid rich gravies
1306,Goa,High Cholesterol,Dinner,Poee + Patal Bhaji (No Coconut/Oil),400,15,65,4,10,Medium,Medium,Low,Gluten,"Wheat, White Peas",Vegetarian,,Boil peas with onion and tomato.,20 mins walk,Avoid rich gravies
1307,Goa,High Cholesterol,Dinner,Poee + Soya Bean Tondak (No Coconut),400,25,60,6,10,Medium,Medium,Low,"Gluten, Soy","Wheat, Soya Chunks",Vegetarian,,Avoid coconut paste entirely; use onion-tomato base.,20 mins walk,Avoid rich gravies
1308,Goa,High Cholesterol,Dinner,Poee + Steamed Cabbage and Carrot Stew,400,10,70,4,12,Medium,Medium,Low,Gluten,"Wheat, Cabbage, Carrot",Vegetarian,,Boil completely.,20 mins walk,Avoid rich gravies
1309,Goa,High Cholesterol,Dinner,Sanna (Oil Free; with steamed rice),246,19,28,5,12,Medium,Low,Medium,Safe,"red rice, coconut, urad dal, toddy or yeast, salt",Vegetarian,,"Prepare sanna in the oil free style with a with steamed rice serving. Keep the recipe fully plant-based or vegetarian, using the traditional Goan masala and legumes/vegetables. Keep oil and salt low, and avoid extra rice, bread, ghee, or sugar.",20 minute relaxed post-dinner walk,"Avoid ghee, butter, coconut cream, and repeated frying"
1310,Goa,High Cholesterol,Dinner,Tambdi Bhaji (High Fibre; with steamed rice),222,8,25,10,9,Medium,Low,Medium,Safe,"red amaranth, garlic, coconut, green chilli, turmeric, oil",Vegetarian,,"Prepare tambdi bhaji in the high fibre style with a with steamed rice serving. Keep the recipe fully plant-based or vegetarian, using the traditional Goan masala and legumes/vegetables. Keep oil and salt low, and avoid extra rice, bread, ghee, or sugar.",20 minute relaxed post-dinner walk,"Avoid ghee, butter, coconut cream, and repeated frying"
1311,Goa,High Cholesterol,Dinner,Uddamethi (No Butter; with steamed rice),198,16,23,3,8,Medium,High,Medium,Safe,"urad dal, raw mango, fenugreek seeds, tamarind, jaggery, spices",Vegetarian,,"Prepare uddamethi in the no butter style with a with steamed rice serving. Keep the recipe fully plant-based or vegetarian, using the traditional Goan masala and legumes/vegetables. Keep oil and salt low, and avoid extra rice, bread, ghee, or sugar.",20 minute relaxed post-dinner walk,"Avoid ghee, butter, coconut cream, and repeated frying"
1312,Goa,High Cholesterol,Dinner,Uddamethi (Roasted Spice; with steamed rice),222,8,21,10,12,Medium,Low,Low,Safe,"urad dal, raw mango, fenugreek seeds, tamarind, jaggery, spices",Vegetarian,,"Prepare uddamethi in the roasted spice style with a with steamed rice serving. Keep the recipe fully plant-based or vegetarian, using the traditional Goan masala and legumes/vegetables. Keep oil and salt low, and avoid extra rice, bread, ghee, or sugar.",20 minute relaxed post-dinner walk,"Avoid ghee, butter, coconut cream, and repeated frying"
1313,Goa,High Cholesterol,Dinner,Ambot Tik (Whole Grain; with steamed rice),240,28,22,4,5,Low,Low,Low,"Fish, Shellfish","fish or prawns, tamarind, vinegar, red chilli, garlic, kokum",Non-Vegetarian,Fish,"Prepare ambot tik in the whole grain style with a with steamed rice serving. Use lean fish, chicken, pork, or seafood as the traditional recipe calls for. Keep oil and salt low, and avoid extra rice, bread, ghee, or sugar.",20 minute relaxed post-dinner walk,"Contains fish, shellfish; avoid ghee, butter, coconut cream, and repeated frying"
1314,Goa,High Cholesterol,Dinner,Balchao (Oil Free; with steamed rice),261,16,29,9,5,Low,Medium,Medium,"Fish, Shellfish","fish or prawns or pork, vinegar, red chilli, tomatoes, garlic, spices",Non-Vegetarian,Seafood,"Prepare balchao in the oil free style with a with steamed rice serving. Use lean fish, chicken, pork, or seafood as the traditional recipe calls for. Keep oil and salt low, and avoid extra rice, bread, ghee, or sugar.",20 minute relaxed post-dinner walk,"Contains fish, shellfish; avoid ghee, butter, coconut cream, and repeated frying"
1315,Goa,High Cholesterol,Dinner,Caldinho (No Coconut Cream; with steamed rice),277,22,36,5,9,Low,Medium,Low,"Dairy, Fish","fish or chicken, coconut milk, green herbs, onions, pepper, spices",Non-Vegetarian,Fish,"Prepare caldinho in the no coconut cream style with a with steamed rice serving. Use lean fish, chicken, pork, or seafood as the traditional recipe calls for. Keep oil and salt low, and avoid extra rice, bread, ghee, or sugar.",20 minute relaxed post-dinner walk,"Contains fish; avoid ghee, butter, coconut cream, and repeated frying"
1316,Goa,High Cholesterol,Dinner,Chicken Cafreal (No Butter; with steamed rice),258,24,27,6,7,Low,Low,Medium,Safe,"chicken, coriander, lime, vinegar, garlic, green chilli, spices",Non-Vegetarian,Chicken,"Prepare chicken cafreal in the no butter style with a with steamed rice serving. Use lean fish, chicken, pork, or seafood as the traditional recipe calls for. Keep oil and salt low, and avoid extra rice, bread, ghee, or sugar.",20 minute relaxed post-dinner walk,"Avoid ghee, butter, coconut cream, and repeated frying"
1317,Goa,High Cholesterol,Dinner,Chicken Cafreal (Roasted Spice; with steamed rice),227,20,24,6,5,Medium,High,Medium,Safe,"chicken, coriander, lime, vinegar, garlic, green chilli, spices",Non-Vegetarian,Chicken,"Prepare chicken cafreal in the roasted spice style with a with steamed rice serving. Use lean fish, chicken, pork, or seafood as the traditional recipe calls for. Keep oil and salt low, and avoid extra rice, bread, ghee, or sugar.",20 minute relaxed post-dinner walk,"Avoid ghee, butter, coconut cream, and repeated frying"
1318,Goa,High Cholesterol,Dinner,"Fish Curry Rice (Low Saturated Fat, Variant 1)",331,24,34,11,9,High,Low,Medium,Fish,"fish, rice, kokum, coconut, spices",Non-Vegetarian,Fish,"Make fish curry rice with lean cooking methods and minimal ghee or coconut cream, adding extra vegetables or pulses where possible. Keep saturated fat low and favour fibre-rich accompaniments.",30 mins brisk walking,"Limit ghee, butter, and coconut cream; choose lean accompaniments."
1319,Goa,High Cholesterol,Dinner,Fish Curry Rice (Portion Controlled; with steamed rice),306,26,28,10,7,Medium,Medium,Low,Fish,fish curry rice,Non-Vegetarian,,"Prepare fish curry rice in the portion controlled style with a with steamed rice serving. Use lean fish, chicken, pork, or seafood as the traditional recipe calls for. Keep oil and salt low, and avoid extra rice, bread, ghee, or sugar.",20 minute relaxed post-dinner walk,"Avoid ghee, butter, coconut cream, and repeated frying"
1320,Goa,High Cholesterol,Dinner,Fish Recheado (No Ghee; with steamed rice),337,21,42,9,6,Low,Low,Medium,Fish,"fish, recheado masala, vinegar, garlic, red chilli",Non-Vegetarian,Fish,"Prepare fish recheado in the no ghee style with a with steamed rice serving. Use lean fish, chicken, pork, or seafood as the traditional recipe calls for. Keep oil and salt low, and avoid extra rice, bread, ghee, or sugar.",20 minute relaxed post-dinner walk,"Contains fish; avoid ghee, butter, coconut cream, and repeated frying"
1321,Goa,High Cholesterol,Dinner,Fish Recheado (Plant Forward; with steamed rice),229,18,28,5,9,Low,Medium,Medium,Fish,"fish, recheado masala, vinegar, garlic, red chilli",Non-Vegetarian,Fish,"Prepare fish recheado in the plant forward style with a with steamed rice serving. Use lean fish, chicken, pork, or seafood as the traditional recipe calls for. Keep oil and salt low, and avoid extra rice, bread, ghee, or sugar.",20 minute relaxed post-dinner walk,"Contains fish; avoid ghee, butter, coconut cream, and repeated frying"
1322,Goa,High Cholesterol,Dinner,Kismur (High Fibre; with steamed rice),342,25,38,10,6,Low,Low,Medium,Fish,"dry fish, coconut, onion, lime, green chilli, spices",Non-Vegetarian,Fish,"Prepare kismur in the high fibre style with a with steamed rice serving. Use lean fish, chicken, pork, or seafood as the traditional recipe calls for. Keep oil and salt low, and avoid extra rice, bread, ghee, or sugar.",20 minute relaxed post-dinner walk,"Contains fish; avoid ghee, butter, coconut cream, and repeated frying"
1323,Goa,High Cholesterol,Dinner,Poee + Boiled Chicken Ros (Clear),400,35,45,8,5,Medium,Medium,Low,Gluten,"Wheat, Chicken Breast, Spices",Non-Vegetarian,Chicken,Skim all fat from the ros (broth) before serving.,20 mins walk,Avoid chicken skin
1324,Goa,High Cholesterol,Dinner,Poee + Boiled Fish Broth (Visvonn),400,32,50,8,5,Medium,Medium,Low,"Fish, Gluten","Wheat, Kingfish, Spices",Non-Vegetarian,Fish,Poach fish instead of frying.,20 mins walk,Avoid fish skin
1325,Goa,High Cholesterol,Dinner,Poee + Steamed Fish in Banana Leaf,400,30,50,6,4,Medium,Medium,Low,"Fish, Gluten","Wheat, Fish",Non-Vegetarian,Fish,Steam directly.,20 mins walk,Avoid fish skin
1326,Goa,High Cholesterol,Dinner,Poee + Steamed Prawn Clear Soup,400,30,45,6,4,Medium,Medium,Low,"Fish, Gluten, Shellfish","Wheat, Prawns",Non-Vegetarian,Prawns,Skim fat.,20 mins walk,Avoid rich gravies
1327,Goa,High Cholesterol,Dinner,Prawn Dangar (Lean Protein; with steamed rice),285,28,32,5,8,Medium,Low,Low,"Fish, Gluten, Shellfish","prawns, coconut, tamarind, semolina, onion, spices",Non-Vegetarian,Seafood,"Prepare prawn dangar in the lean protein style with a with steamed rice serving. Use lean fish, chicken, pork, or seafood as the traditional recipe calls for. Keep oil and salt low, and avoid extra rice, bread, ghee, or sugar.",20 minute relaxed post-dinner walk,"Contains shellfish, gluten; avoid ghee, butter, coconut cream, and repeated frying"
1328,Goa,High Cholesterol,Dinner,Xitt-Kodi (Legume Heavy; with steamed rice),233,17,30,5,6,Medium,Low,Low,Fish,"rice, fish, coconut, kokum, onions, spices",Non-Vegetarian,Fish,"Prepare xitt-kodi in the legume heavy style with a with steamed rice serving. Use lean fish, chicken, pork, or seafood as the traditional recipe calls for. Keep oil and salt low, and avoid extra rice, bread, ghee, or sugar.",20 minute relaxed post-dinner walk,"Contains fish; avoid ghee, butter, coconut cream, and repeated frying"
1329,Goa,High Cholesterol,Dinner,Alsanyache Tonak (No Ghee; with brown rice),223,15,31,7,7,Low,High,Medium,Safe,"black-eyed beans, tonak masala, onion, garlic, coconut, tamarind, potato",Vegan,,"Prepare alsanyache tonak in the no ghee style with a with brown rice serving. Keep the recipe fully plant-based or vegetarian, using the traditional Goan masala and legumes/vegetables. Keep oil and salt low, and avoid extra rice, bread, ghee, or sugar.",20 minute relaxed post-dinner walk,"Avoid ghee, butter, coconut cream, and repeated frying"
1330,Goa,High Cholesterol,Dinner,Ambadyachem Sasav (Lean Prep),279,18,36,7,10,High,Low,Low,Mustard,"hog plum, coconut, mustard, jaggery, chilli",Vegan,,"Make ambadyachem sasav with lean cooking methods and minimal ghee or coconut cream, adding extra vegetables or pulses where possible. Keep saturated fat low and favour fibre-rich accompaniments.",30 mins brisk walking,"Limit ghee, butter, and coconut cream; choose lean accompaniments."
1331,Goa,High Cholesterol,Dinner,Boiled Alsande (Steamed; with brown rice),294,22,32,6,11,Medium,Medium,Medium,Safe,"black-eyed peas, onion, green chilli, coriander, lemon",Vegan,,"Prepare boiled alsande in the steamed style with a with brown rice serving. Keep the recipe fully plant-based or vegetarian, using the traditional Goan masala and legumes/vegetables. Keep oil and salt low, and avoid extra rice, bread, ghee, or sugar.",20 minute relaxed post-dinner walk,"Avoid ghee, butter, coconut cream, and repeated frying"
1332,Goa,High Cholesterol,Dinner,"Caldinho (No Butter or Cream, Variant 3)",287,18,38,7,10,Low,Low,Low,Dairy,"vegetables, coconut milk, turmeric, pepper",Vegan,,"Make caldinho with lean cooking methods and minimal ghee or coconut cream, adding extra vegetables or pulses where possible. Keep saturated fat low and favour fibre-rich accompaniments.",30 mins brisk walking,"Limit ghee, butter, and coconut cream; choose lean accompaniments."
1333,Goa,High Cholesterol,Dinner,Chana Ros (High Fibre; with brown rice),203,15,29,3,11,Low,Medium,High,Safe,"chickpeas, coconut, dried red chillies, onion, kokum, spices",Vegan,,"Prepare chana ros in the high fibre style with a with brown rice serving. Keep the recipe fully plant-based or vegetarian, using the traditional Goan masala and legumes/vegetables. Keep oil and salt low, and avoid extra rice, bread, ghee, or sugar.",20 minute relaxed post-dinner walk,"Avoid ghee, butter, coconut cream, and repeated frying"
1334,Goa,High Cholesterol,Dinner,"Chana Ros (No Heavy Coconut Cream, Variant 6)",287,19,37,7,10,Low,Low,Low,Safe,"chana, coconut, onion, garlic, spices",Vegan,,"Make chana ros with lean cooking methods and minimal ghee or coconut cream, adding extra vegetables or pulses where possible. Keep saturated fat low and favour fibre-rich accompaniments.",30 mins brisk walking,"Limit ghee, butter, and coconut cream; choose lean accompaniments."
1335,Goa,High Cholesterol,Dinner,Khatkatem (No Butter; with brown rice),199,15,28,3,10,Medium,High,Medium,Safe,"raw jackfruit, beetroot, pumpkin, raw banana, drumstick, coconut, teflam, turmeric",Vegan,,"Prepare khatkatem in the no butter style with a with brown rice serving. Keep the recipe fully plant-based or vegetarian, using the traditional Goan masala and legumes/vegetables. Keep oil and salt low, and avoid extra rice, bread, ghee, or sugar.",20 minute relaxed post-dinner walk,"Avoid ghee, butter, coconut cream, and repeated frying"
1336,Goa,High Cholesterol,Dinner,"Khatkhatem (High Fibre, Light Oil, Variant 2)",287,19,37,7,10,Low,Low,Low,Safe,"mixed vegetables, coconut, tamarind, tur dal, moong dal",Vegan,,"Make khatkhatem with lean cooking methods and minimal ghee or coconut cream, adding extra vegetables or pulses where possible. Keep saturated fat low and favour fibre-rich accompaniments.",30 mins brisk walking,"Limit ghee, butter, and coconut cream; choose lean accompaniments."
1337,Goa,High Cholesterol,Dinner,Moong Gathi (No Coconut Cream; with brown rice),213,13,29,5,6,Medium,Medium,Medium,Safe,"sprouted moong, coconut, cumin, coriander, green chilli, curry leaves",Vegan,,"Prepare moong gathi in the no coconut cream style with a with brown rice serving. Keep the recipe fully plant-based or vegetarian, using the traditional Goan masala and legumes/vegetables. Keep oil and salt low, and avoid extra rice, bread, ghee, or sugar.",20 minute relaxed post-dinner walk,"Avoid ghee, butter, coconut cream, and repeated frying"
1338,Goa,High Cholesterol,Dinner,Poi (Low Sat Fat; with steamed rice),204,19,23,4,10,Medium,Low,Medium,Gluten,"whole wheat flour, wheat bran, yeast or toddy, water, salt",Vegan,,"Prepare poi in the low sat fat style with a with steamed rice serving. Keep the recipe fully plant-based or vegetarian, using the traditional Goan masala and legumes/vegetables. Keep oil and salt low, and avoid extra rice, bread, ghee, or sugar.",20 minute relaxed post-dinner walk,"Contains gluten; avoid ghee, butter, coconut cream, and repeated frying"
1339,Goa,High Cholesterol,Dinner,Sanna (Simple Serve; with steamed rice),228,14,32,8,6,High,Low,Low,Safe,"red rice, coconut, urad dal, toddy or yeast, salt",Vegan,,"Prepare sanna in the simple serve style with a with steamed rice serving. Keep the recipe fully plant-based or vegetarian, using the traditional Goan masala and legumes/vegetables. Keep oil and salt low, and avoid extra rice, bread, ghee, or sugar.",20 minute relaxed post-dinner walk,"Avoid ghee, butter, coconut cream, and repeated frying"
1340,Goa,High Cholesterol,Dinner,Tambdi Bhaji (Oil Free; with brown rice),206,15,23,6,6,Low,Low,Medium,Safe,"red amaranth, garlic, coconut, green chilli, turmeric, oil",Vegan,,"Prepare tambdi bhaji in the oil free style with a with brown rice serving. Keep the recipe fully plant-based or vegetarian, using the traditional Goan masala and legumes/vegetables. Keep oil and salt low, and avoid extra rice, bread, ghee, or sugar.",20 minute relaxed post-dinner walk,"Avoid ghee, butter, coconut cream, and repeated frying"
1341,Goa,High Cholesterol,Dinner,Tambdi Bhaji (Red Rice; with steamed rice),267,15,36,7,11,Low,Low,Medium,Safe,"red amaranth, garlic, coconut, green chilli, turmeric, oil",Vegan,,"Prepare tambdi bhaji in the red rice style with a with steamed rice serving. Keep the recipe fully plant-based or vegetarian, using the traditional Goan masala and legumes/vegetables. Keep oil and salt low, and avoid extra rice, bread, ghee, or sugar.",20 minute relaxed post-dinner walk,"Avoid ghee, butter, coconut cream, and repeated frying"
1342,Goa,High Cholesterol,Dinner,Uddamethi (Heart Friendly),295,19,39,7,10,High,Low,Low,Safe,"urad dal, methi, coconut, tamarind, jaggery",Vegan,,"Make uddamethi with lean cooking methods and minimal ghee or coconut cream, adding extra vegetables or pulses where possible. Keep saturated fat low and favour fibre-rich accompaniments.",30 mins brisk walking,"Limit ghee, butter, and coconut cream; choose lean accompaniments."
1343,Goa,High Cholesterol,Dinner,Uddamethi (Lean Protein; with brown rice),222,11,31,6,7,High,High,Medium,Safe,"urad dal, raw mango, fenugreek seeds, tamarind, jaggery, spices",Vegan,,"Prepare uddamethi in the lean protein style with a with brown rice serving. Keep the recipe fully plant-based or vegetarian, using the traditional Goan masala and legumes/vegetables. Keep oil and salt low, and avoid extra rice, bread, ghee, or sugar.",20 minute relaxed post-dinner walk,"Avoid ghee, butter, coconut cream, and repeated frying"
1344,Goa,High Cholesterol,Dinner,Valchi Bhaji (Kokum Tang; with steamed rice),227,13,25,6,7,Medium,Low,Medium,Safe,"val or fern leaves, coconut, garlic, green chilli, spices",Vegan,,"Prepare valchi bhaji in the kokum tang style with a with steamed rice serving. Keep the recipe fully plant-based or vegetarian, using the traditional Goan masala and legumes/vegetables. Keep oil and salt low, and avoid extra rice, bread, ghee, or sugar.",20 minute relaxed post-dinner walk,"Avoid ghee, butter, coconut cream, and repeated frying"
