id,state,diet_need,meal_type,dish,calories,protein_g,carbs_g,fat_g,fiber_g,glycemic_index,sodium_level,cholesterol_impact,allergens,base_ingredients,diet_type,meat_type,instructions,exercise,warning
1,Himachal Pradesh,Weight Loss,Breakfast,Aktori (Light 0),280,18,35,8,9,Low,Low,Low,,"Local grains, legumes, herbs",Vegetarian,,Prepare using traditional Himachali ingredients adjusted for weight loss. Serve one balanced portion.,45 mins brisk walk,Watch portion size and allergies.
2,Himachal Pradesh,Weight Loss,Breakfast,Aktori (Zero Oil) + Skimmed Buttermilk,300,15,40,9,8,Low,Medium,Low,Dairy,"Buckwheat, Skimmed Milk",Vegetarian,,Cook pancake on a dry non-stick pan; use skimmed milk.,30 mins HIIT,Monitor energy levels
3,Himachal Pradesh,Weight Loss,Breakfast,Babru (Roasted 1),280,18,35,8,9,Low,Low,Low,Gluten,"Local grains, legumes, herbs",Vegetarian,,Prepare using traditional Himachali ingredients adjusted for weight loss. Serve one balanced portion.,45 mins brisk walk,Watch portion size and allergies.
4,Himachal Pradesh,Weight Loss,Breakfast,Barley (Jau) Roti + Chha (Buttermilk),300,15,40,9,8,Low,Medium,Low,"Gluten, Dairy","Barley, Buttermilk",Vegetarian,,Dry roast barley roti to keep fat low.,30 mins HIIT,Monitor energy levels
5,Himachal Pradesh,Weight Loss,Breakfast,Barley Roti + Skimmed Buttermilk,300,15,40,9,8,Low,Medium,Low,"Gluten, Dairy","Barley, Skimmed Milk",Vegetarian,,Dry roast roti and use fully skimmed milk.,30 mins HIIT,Monitor energy levels
6,Himachal Pradesh,Weight Loss,Breakfast,Bhey (High Protein 4),280,18,35,8,9,Low,Low,Low,,"Local grains, legumes, herbs",Vegetarian,,Prepare using traditional Himachali ingredients adjusted for weight loss. Serve one balanced portion.,45 mins brisk walk,Watch portion size and allergies.
7,Himachal Pradesh,Weight Loss,Breakfast,Kodra (Millet) Roti + Chha (Buttermilk),300,15,40,9,8,Low,Medium,Low,Dairy,"Finger Millet, Buttermilk",Vegetarian,,Dry roast the roti; use skimmed buttermilk.,30 mins HIIT,Monitor energy levels
8,Himachal Pradesh,Weight Loss,Breakfast,Kodra Roti (Salt Controlled 7),280,18,35,8,9,Low,Low,Low,Gluten,"Local grains, legumes, herbs",Vegetarian,,Prepare using traditional Himachali ingredients adjusted for weight loss. Serve one balanced portion.,45 mins brisk walk,Watch portion size and allergies.
9,Himachal Pradesh,Weight Loss,Breakfast,Madra (Fiber Rich 5),280,18,35,8,9,Low,Low,Low,,"Local grains, legumes, herbs",Vegetarian,,Prepare using traditional Himachali ingredients adjusted for weight loss. Serve one balanced portion.,45 mins brisk walk,Watch portion size and allergies.
10,Himachal Pradesh,Weight Loss,Breakfast,Makki Ki Roti (Dry) + Mint Chutney,300,15,40,9,8,Medium,Medium,Low,,"Maize Flour, Mint",Vegetarian,,Dry roast the roti without ghee or butter.,30 mins HIIT,Monitor energy levels
11,Himachal Pradesh,Weight Loss,Breakfast,Patande (No Oil 3),280,18,35,8,9,Low,Low,Low,,"Local grains, legumes, herbs",Vegetarian,,Prepare using traditional Himachali ingredients adjusted for weight loss. Serve one balanced portion.,45 mins brisk walk,Watch portion size and allergies.
12,Himachal Pradesh,Weight Loss,Breakfast,Sepu Badi (Traditional 6),280,18,35,8,9,Low,Low,Low,,"Local grains, legumes, herbs",Vegetarian,,Prepare using traditional Himachali ingredients adjusted for weight loss. Serve one balanced portion.,45 mins brisk walk,Watch portion size and allergies.
13,Himachal Pradesh,Weight Loss,Breakfast,Siddu (Steamed 2),280,18,35,8,9,Low,Low,Low,Gluten,"Local grains, legumes, herbs",Vegetarian,,Prepare using traditional Himachali ingredients adjusted for weight loss. Serve one balanced portion.,45 mins brisk walk,Watch portion size and allergies.
14,Himachal Pradesh,Weight Loss,Breakfast,Steamed Babru (Unfried) + Plain Yogurt,300,15,40,9,8,Low,Medium,Low,"Gluten, Dairy","Wheat, Black Gram, Yogurt",Vegetarian,,Steam the black gram stuffed dough to cut all frying fats.,30 mins HIIT,Monitor energy levels
15,Himachal Pradesh,Weight Loss,Breakfast,Steamed Kathu (Buckwheat) Siddu,300,15,40,9,8,Low,Medium,Low,,"Buckwheat, Walnut, Herbs",Vegetarian,,Steam siddu instead of frying to minimize fat intake.,30 mins HIIT,Monitor energy levels
16,Himachal Pradesh,Weight Loss,Breakfast,"Steamed Siddu (Lentil Stuffing, No Ghee)",300,15,40,9,8,Medium,Medium,Low,Gluten,"Wheat, Urad Dal",Vegetarian,,Use lentil stuffing instead of nuts/poppy seeds and steam.,30 mins HIIT,Monitor energy levels
17,Himachal Pradesh,Weight Loss,Breakfast,Chha Gosht (High Protein 12),280,18,35,8,9,Low,Low,Low,,"Local meat, herbs, spices",Non-Vegetarian,Chicken,Prepare using traditional Himachali ingredients adjusted for weight loss. Serve one balanced portion.,45 mins brisk walk,Watch portion size and allergies.
18,Himachal Pradesh,Weight Loss,Breakfast,Chha Gosht (Steamed 18),280,18,35,8,9,Low,Low,Low,,"Local meat, herbs, spices",Non-Vegetarian,Chicken,Prepare using traditional Himachali ingredients adjusted for weight loss. Serve one balanced portion.,45 mins brisk walk,Watch portion size and allergies.
19,Himachal Pradesh,Weight Loss,Breakfast,Chicken Anardana (High Protein 20),280,18,35,8,9,Low,Low,Low,,"Local meat, herbs, spices",Non-Vegetarian,Chicken,Prepare using traditional Himachali ingredients adjusted for weight loss. Serve one balanced portion.,45 mins brisk walk,Watch portion size and allergies.
20,Himachal Pradesh,Weight Loss,Breakfast,Chicken Anardana (Light 8),280,18,35,8,9,Low,Low,Low,,"Local meat, herbs, spices",Non-Vegetarian,Chicken,Prepare using traditional Himachali ingredients adjusted for weight loss. Serve one balanced portion.,45 mins brisk walk,Watch portion size and allergies.
21,Himachal Pradesh,Weight Loss,Breakfast,Chicken Anardana (Traditional 14),280,18,35,8,9,Low,Low,Low,,"Local meat, herbs, spices",Non-Vegetarian,Chicken,Prepare using traditional Himachali ingredients adjusted for weight loss. Serve one balanced portion.,45 mins brisk walk,Watch portion size and allergies.
22,Himachal Pradesh,Weight Loss,Breakfast,Kullu Trout (Fiber Rich 13),280,18,35,8,9,Low,Low,Low,,"Local meat, herbs, spices",Non-Vegetarian,Fish,Prepare using traditional Himachali ingredients adjusted for weight loss. Serve one balanced portion.,45 mins brisk walk,Watch portion size and allergies.
23,Himachal Pradesh,Weight Loss,Breakfast,Kullu Trout (No Oil 19),280,18,35,8,9,Low,Low,Low,,"Local meat, herbs, spices",Non-Vegetarian,Fish,Prepare using traditional Himachali ingredients adjusted for weight loss. Serve one balanced portion.,45 mins brisk walk,Watch portion size and allergies.
24,Himachal Pradesh,Weight Loss,Breakfast,Mutton Madra (Light 16),280,18,35,8,9,Low,Low,Low,,"Local meat, herbs, spices",Non-Vegetarian,Chicken,Prepare using traditional Himachali ingredients adjusted for weight loss. Serve one balanced portion.,45 mins brisk walk,Watch portion size and allergies.
25,Himachal Pradesh,Weight Loss,Breakfast,Mutton Madra (Steamed 10),280,18,35,8,9,Low,Low,Low,,"Local meat, herbs, spices",Non-Vegetarian,Chicken,Prepare using traditional Himachali ingredients adjusted for weight loss. Serve one balanced portion.,45 mins brisk walk,Watch portion size and allergies.
26,Himachal Pradesh,Weight Loss,Breakfast,Mutton Madra (Traditional 22),280,18,35,8,9,Low,Low,Low,,"Local meat, herbs, spices",Non-Vegetarian,Chicken,Prepare using traditional Himachali ingredients adjusted for weight loss. Serve one balanced portion.,45 mins brisk walk,Watch portion size and allergies.
27,Himachal Pradesh,Weight Loss,Breakfast,Pahadi Egg Curry (Fiber Rich 21),280,18,35,8,9,Low,Low,Low,,"Local meat, herbs, spices",Non-Vegetarian,Chicken,Prepare using traditional Himachali ingredients adjusted for weight loss. Serve one balanced portion.,45 mins brisk walk,Watch portion size and allergies.
28,Himachal Pradesh,Weight Loss,Breakfast,Pahadi Egg Curry (Roasted 9),280,18,35,8,9,Low,Low,Low,,"Local meat, herbs, spices",Non-Vegetarian,Chicken,Prepare using traditional Himachali ingredients adjusted for weight loss. Serve one balanced portion.,45 mins brisk walk,Watch portion size and allergies.
29,Himachal Pradesh,Weight Loss,Breakfast,Pahadi Egg Curry (Salt Controlled 15),280,18,35,8,9,Low,Low,Low,,"Local meat, herbs, spices",Non-Vegetarian,Chicken,Prepare using traditional Himachali ingredients adjusted for weight loss. Serve one balanced portion.,45 mins brisk walk,Watch portion size and allergies.
30,Himachal Pradesh,Weight Loss,Breakfast,River Fish Curry (No Oil 11),280,18,35,8,9,Low,Low,Low,,"Local meat, herbs, spices",Non-Vegetarian,Fish,Prepare using traditional Himachali ingredients adjusted for weight loss. Serve one balanced portion.,45 mins brisk walk,Watch portion size and allergies.
31,Himachal Pradesh,Weight Loss,Breakfast,River Fish Curry (Roasted 17),280,18,35,8,9,Low,Low,Low,,"Local meat, herbs, spices",Non-Vegetarian,Fish,Prepare using traditional Himachali ingredients adjusted for weight loss. Serve one balanced portion.,45 mins brisk walk,Watch portion size and allergies.
32,Himachal Pradesh,Weight Loss,Breakfast,River Fish Curry (Salt Controlled 23),280,18,35,8,9,Low,Low,Low,,"Local meat, herbs, spices",Non-Vegetarian,Fish,Prepare using traditional Himachali ingredients adjusted for weight loss. Serve one balanced portion.,45 mins brisk walk,Watch portion size and allergies.
33,Himachal Pradesh,Weight Loss,Breakfast,Bhey (High Protein 36),280,18,35,8,9,Low,Low,Low,,"Local grains, legumes, herbs",Vegan,,Prepare using traditional Himachali ingredients adjusted for weight loss. Serve one balanced portion.,45 mins brisk walk,Watch portion size and allergies.
34,Himachal Pradesh,Weight Loss,Breakfast,Bhey (Light 24),280,18,35,8,9,Low,Low,Low,,"Local grains, legumes, herbs",Vegan,,Prepare using traditional Himachali ingredients adjusted for weight loss. Serve one balanced portion.,45 mins brisk walk,Watch portion size and allergies.
35,Himachal Pradesh,Weight Loss,Breakfast,Bhey (Traditional 30),280,18,35,8,9,Low,Low,Low,,"Local grains, legumes, herbs",Vegan,,Prepare using traditional Himachali ingredients adjusted for weight loss. Serve one balanced portion.,45 mins brisk walk,Watch portion size and allergies.
36,Himachal Pradesh,Weight Loss,Breakfast,Jau Khichdi (Fiber Rich 37),280,18,35,8,9,Low,Low,Low,,"Local grains, legumes, herbs",Vegan,,Prepare using traditional Himachali ingredients adjusted for weight loss. Serve one balanced portion.,45 mins brisk walk,Watch portion size and allergies.
37,Himachal Pradesh,Weight Loss,Breakfast,Jau Khichdi (Roasted 25),280,18,35,8,9,Low,Low,Low,,"Local grains, legumes, herbs",Vegan,,Prepare using traditional Himachali ingredients adjusted for weight loss. Serve one balanced portion.,45 mins brisk walk,Watch portion size and allergies.
38,Himachal Pradesh,Weight Loss,Breakfast,Jau Khichdi (Salt Controlled 31),280,18,35,8,9,Low,Low,Low,,"Local grains, legumes, herbs",Vegan,,Prepare using traditional Himachali ingredients adjusted for weight loss. Serve one balanced portion.,45 mins brisk walk,Watch portion size and allergies.
39,Himachal Pradesh,Weight Loss,Breakfast,Lingri Sabzi (No Oil 27),280,18,35,8,9,Low,Low,Low,,"Local grains, legumes, herbs",Vegan,,Prepare using traditional Himachali ingredients adjusted for weight loss. Serve one balanced portion.,45 mins brisk walk,Watch portion size and allergies.
40,Himachal Pradesh,Weight Loss,Breakfast,Lingri Sabzi (Roasted 33),280,18,35,8,9,Low,Low,Low,,"Local grains, legumes, herbs",Vegan,,Prepare using traditional Himachali ingredients adjusted for weight loss. Serve one balanced portion.,45 mins brisk walk,Watch portion size and allergies.
41,Himachal Pradesh,Weight Loss,Breakfast,Lingri Sabzi (Salt Controlled 39),280,18,35,8,9,Low,Low,Low,,"Local grains, legumes, herbs",Vegan,,Prepare using traditional Himachali ingredients adjusted for weight loss. Serve one balanced portion.,45 mins brisk walk,Watch portion size and allergies.
42,Himachal Pradesh,Weight Loss,Breakfast,Mah Dal (High Protein 28),280,18,35,8,9,Low,Low,Low,,"Local grains, legumes, herbs",Vegan,,Prepare using traditional Himachali ingredients adjusted for weight loss. Serve one balanced portion.,45 mins brisk walk,Watch portion size and allergies.
43,Himachal Pradesh,Weight Loss,Breakfast,Mah Dal (Steamed 34),280,18,35,8,9,Low,Low,Low,,"Local grains, legumes, herbs",Vegan,,Prepare using traditional Himachali ingredients adjusted for weight loss. Serve one balanced portion.,45 mins brisk walk,Watch portion size and allergies.
44,Himachal Pradesh,Weight Loss,Breakfast,Makki Roti (Fiber Rich 29),280,18,35,8,9,Low,Low,Low,Gluten,"Local grains, legumes, herbs",Vegan,,Prepare using traditional Himachali ingredients adjusted for weight loss. Serve one balanced portion.,45 mins brisk walk,Watch portion size and allergies.
45,Himachal Pradesh,Weight Loss,Breakfast,Makki Roti (No Oil 35),280,18,35,8,9,Low,Low,Low,Gluten,"Local grains, legumes, herbs",Vegan,,Prepare using traditional Himachali ingredients adjusted for weight loss. Serve one balanced portion.,45 mins brisk walk,Watch portion size and allergies.
46,Himachal Pradesh,Weight Loss,Breakfast,Rajma Chawal (Light 32),280,18,35,8,9,Low,Low,Low,,"Local grains, legumes, herbs",Vegan,,Prepare using traditional Himachali ingredients adjusted for weight loss. Serve one balanced portion.,45 mins brisk walk,Watch portion size and allergies.
47,Himachal Pradesh,Weight Loss,Breakfast,Rajma Chawal (Steamed 26),280,18,35,8,9,Low,Low,Low,,"Local grains, legumes, herbs",Vegan,,Prepare using traditional Himachali ingredients adjusted for weight loss. Serve one balanced portion.,45 mins brisk walk,Watch portion size and allergies.
48,Himachal Pradesh,Weight Loss,Breakfast,Rajma Chawal (Traditional 38),280,18,35,8,9,Low,Low,Low,,"Local grains, legumes, herbs",Vegan,,Prepare using traditional Himachali ingredients adjusted for weight loss. Serve one balanced portion.,45 mins brisk walk,Watch portion size and allergies.
49,Himachal Pradesh,Weight Loss,Lunch,Aktori (Light 40),280,18,35,8,9,Low,Low,Low,,"Local grains, legumes, herbs",Vegetarian,,Prepare using traditional Himachali ingredients adjusted for weight loss. Serve one balanced portion.,45 mins brisk walk,Watch portion size and allergies.
50,Himachal Pradesh,Weight Loss,Lunch,Aktori (Light 48),280,18,35,8,9,Low,Low,Low,,"Local grains, legumes, herbs",Vegetarian,,Prepare using traditional Himachali ingredients adjusted for weight loss. Serve one balanced portion.,45 mins brisk walk,Watch portion size and allergies.
51,Himachal Pradesh,Weight Loss,Lunch,Babru (Roasted 41),280,18,35,8,9,Low,Low,Low,Gluten,"Local grains, legumes, herbs",Vegetarian,,Prepare using traditional Himachali ingredients adjusted for weight loss. Serve one balanced portion.,45 mins brisk walk,Watch portion size and allergies.
52,Himachal Pradesh,Weight Loss,Lunch,Babru (Roasted 49),280,18,35,8,9,Low,Low,Low,Gluten,"Local grains, legumes, herbs",Vegetarian,,Prepare using traditional Himachali ingredients adjusted for weight loss. Serve one balanced portion.,45 mins brisk walk,Watch portion size and allergies.
53,Himachal Pradesh,Weight Loss,Lunch,Bhey (High Protein 44),280,18,35,8,9,Low,Low,Low,,"Local grains, legumes, herbs",Vegetarian,,Prepare using traditional Himachali ingredients adjusted for weight loss. Serve one balanced portion.,45 mins brisk walk,Watch portion size and allergies.
54,Himachal Pradesh,Weight Loss,Lunch,Brown Rice + Sepu Badi + Lingdi Sabzi,400,25,50,11,12,Low,Medium,Low,Soy,"Brown Rice, Urad Dal, Fiddlehead Fern",Vegetarian,,Boil Sepu Badi instead of deep frying; use minimal oil for Lingdi.,40 mins brisk walk,Ensure adequate hydration
55,Himachal Pradesh,Weight Loss,Lunch,Kathu Roti + Rong (Black-eyed peas) + Radish Greens,400,25,50,11,12,Low,Medium,Low,,"Buckwheat, Black-eyed Peas, Radish Greens",Vegetarian,,Boil peas and lightly steam greens with zero oil.,40 mins brisk walk,Ensure adequate hydration
56,Himachal Pradesh,Weight Loss,Lunch,Kodra Roti (Salt Controlled 47),280,18,35,8,9,Low,Low,Low,Gluten,"Local grains, legumes, herbs",Vegetarian,,Prepare using traditional Himachali ingredients adjusted for weight loss. Serve one balanced portion.,45 mins brisk walk,Watch portion size and allergies.
57,Himachal Pradesh,Weight Loss,Lunch,Kodra Roti + Kulthi Dal + Bhey Sabzi,400,25,50,11,12,Low,Medium,Low,,"Finger Millet, Horsegram, Lotus Stem",Vegetarian,,Boil dal with zero oil; lightly steam the lotus stem.,40 mins brisk walk,Ensure adequate hydration
58,Himachal Pradesh,Weight Loss,Lunch,Madra (Fiber Rich 45),280,18,35,8,9,Low,Low,Low,,"Local grains, legumes, herbs",Vegetarian,,Prepare using traditional Himachali ingredients adjusted for weight loss. Serve one balanced portion.,45 mins brisk walk,Watch portion size and allergies.
59,Himachal Pradesh,Weight Loss,Lunch,Patande (No Oil 43),280,18,35,8,9,Low,Low,Low,,"Local grains, legumes, herbs",Vegetarian,,Prepare using traditional Himachali ingredients adjusted for weight loss. Serve one balanced portion.,45 mins brisk walk,Watch portion size and allergies.
60,Himachal Pradesh,Weight Loss,Lunch,Red Rice + Kulthi Dal + Steamed Bhey,400,25,50,11,12,Low,Medium,Low,,"Red Rice, Horsegram, Lotus Stem",Vegetarian,,Boil dal without oil; steam the lotus stem plain.,40 mins brisk walk,Ensure adequate hydration
61,Himachal Pradesh,Weight Loss,Lunch,Red Rice + Mahni + Kadoo Sabzi,400,25,50,11,12,Low,Medium,Low,,"Red Rice, Urad Dal, Pumpkin",Vegetarian,,Use minimal oil for pumpkin; dal must be soupy.,40 mins brisk walk,Ensure adequate hydration
62,Himachal Pradesh,Weight Loss,Lunch,Sepu Badi (Traditional 46),280,18,35,8,9,Low,Low,Low,,"Local grains, legumes, herbs",Vegetarian,,Prepare using traditional Himachali ingredients adjusted for weight loss. Serve one balanced portion.,45 mins brisk walk,Watch portion size and allergies.
63,Himachal Pradesh,Weight Loss,Lunch,Siddu (Steamed 42),280,18,35,8,9,Low,Low,Low,Gluten,"Local grains, legumes, herbs",Vegetarian,,Prepare using traditional Himachali ingredients adjusted for weight loss. Serve one balanced portion.,45 mins brisk walk,Watch portion size and allergies.
64,Himachal Pradesh,Weight Loss,Lunch,Wheat Roti + Chana Madra (No oil/ghee) + Spinach,400,25,50,11,12,Low,Medium,Low,"Gluten, Dairy","Wheat, Chickpeas, Skim Yogurt, Spinach",Vegetarian,,Use skimmed yogurt for Madra and skip the traditional ghee.,40 mins brisk walk,Ensure adequate hydration
65,Himachal Pradesh,Weight Loss,Lunch,Brown Rice + Lean Chicken Palda + Steamed Bhey,400,25,50,11,12,Low,Medium,Low,Dairy,"Brown Rice, Lean Chicken, Skim Yogurt, Lotus Stem",Non-Vegetarian,Chicken,Use skim yogurt for Palda and boil the lotus stem.,40 mins brisk walk,Ensure adequate hydration
66,Himachal Pradesh,Weight Loss,Lunch,Brown Rice + Pahadi Chicken Curry (Lean) + Beans,400,25,50,11,12,Low,Medium,Low,,"Brown Rice, Lean Chicken, French Beans",Non-Vegetarian,Chicken,Use skinless lean chicken breast with minimal oil gravy.,40 mins brisk walk,Ensure adequate hydration
67,Himachal Pradesh,Weight Loss,Lunch,Chha Gosht (High Protein 60),280,18,35,8,9,Low,Low,Low,,"Local meat, herbs, spices",Non-Vegetarian,Chicken,Prepare using traditional Himachali ingredients adjusted for weight loss. Serve one balanced portion.,45 mins brisk walk,Watch portion size and allergies.
68,Himachal Pradesh,Weight Loss,Lunch,Chha Gosht (Traditional 54),280,18,35,8,9,Low,Low,Low,,"Local meat, herbs, spices",Non-Vegetarian,Chicken,Prepare using traditional Himachali ingredients adjusted for weight loss. Serve one balanced portion.,45 mins brisk walk,Watch portion size and allergies.
69,Himachal Pradesh,Weight Loss,Lunch,Chicken Anardana (Light 56),280,18,35,8,9,Low,Low,Low,,"Local meat, herbs, spices",Non-Vegetarian,Chicken,Prepare using traditional Himachali ingredients adjusted for weight loss. Serve one balanced portion.,45 mins brisk walk,Watch portion size and allergies.
70,Himachal Pradesh,Weight Loss,Lunch,Chicken Anardana (Steamed 50),280,18,35,8,9,Low,Low,Low,,"Local meat, herbs, spices",Non-Vegetarian,Chicken,Prepare using traditional Himachali ingredients adjusted for weight loss. Serve one balanced portion.,45 mins brisk walk,Watch portion size and allergies.
71,Himachal Pradesh,Weight Loss,Lunch,Chicken Anardana (Traditional 62),280,18,35,8,9,Low,Low,Low,,"Local meat, herbs, spices",Non-Vegetarian,Chicken,Prepare using traditional Himachali ingredients adjusted for weight loss. Serve one balanced portion.,45 mins brisk walk,Watch portion size and allergies.
72,Himachal Pradesh,Weight Loss,Lunch,Kullu Trout (Fiber Rich 61),280,18,35,8,9,Low,Low,Low,,"Local meat, herbs, spices",Non-Vegetarian,Fish,Prepare using traditional Himachali ingredients adjusted for weight loss. Serve one balanced portion.,45 mins brisk walk,Watch portion size and allergies.
73,Himachal Pradesh,Weight Loss,Lunch,Kullu Trout (Salt Controlled 55),280,18,35,8,9,Low,Low,Low,,"Local meat, herbs, spices",Non-Vegetarian,Fish,Prepare using traditional Himachali ingredients adjusted for weight loss. Serve one balanced portion.,45 mins brisk walk,Watch portion size and allergies.
74,Himachal Pradesh,Weight Loss,Lunch,Mutton Madra (High Protein 52),280,18,35,8,9,Low,Low,Low,,"Local meat, herbs, spices",Non-Vegetarian,Chicken,Prepare using traditional Himachali ingredients adjusted for weight loss. Serve one balanced portion.,45 mins brisk walk,Watch portion size and allergies.
75,Himachal Pradesh,Weight Loss,Lunch,Mutton Madra (Steamed 58),280,18,35,8,9,Low,Low,Low,,"Local meat, herbs, spices",Non-Vegetarian,Chicken,Prepare using traditional Himachali ingredients adjusted for weight loss. Serve one balanced portion.,45 mins brisk walk,Watch portion size and allergies.
76,Himachal Pradesh,Weight Loss,Lunch,Pahadi Egg Curry (No Oil 51),280,18,35,8,9,Low,Low,Low,,"Local meat, herbs, spices",Non-Vegetarian,Chicken,Prepare using traditional Himachali ingredients adjusted for weight loss. Serve one balanced portion.,45 mins brisk walk,Watch portion size and allergies.
77,Himachal Pradesh,Weight Loss,Lunch,Pahadi Egg Curry (Roasted 57),280,18,35,8,9,Low,Low,Low,,"Local meat, herbs, spices",Non-Vegetarian,Chicken,Prepare using traditional Himachali ingredients adjusted for weight loss. Serve one balanced portion.,45 mins brisk walk,Watch portion size and allergies.
78,Himachal Pradesh,Weight Loss,Lunch,Pahadi Egg Curry (Salt Controlled 63),280,18,35,8,9,Low,Low,Low,,"Local meat, herbs, spices",Non-Vegetarian,Chicken,Prepare using traditional Himachali ingredients adjusted for weight loss. Serve one balanced portion.,45 mins brisk walk,Watch portion size and allergies.
79,Himachal Pradesh,Weight Loss,Lunch,River Fish Curry (Fiber Rich 53),280,18,35,8,9,Low,Low,Low,,"Local meat, herbs, spices",Non-Vegetarian,Fish,Prepare using traditional Himachali ingredients adjusted for weight loss. Serve one balanced portion.,45 mins brisk walk,Watch portion size and allergies.
80,Himachal Pradesh,Weight Loss,Lunch,River Fish Curry (No Oil 59),280,18,35,8,9,Low,Low,Low,,"Local meat, herbs, spices",Non-Vegetarian,Fish,Prepare using traditional Himachali ingredients adjusted for weight loss. Serve one balanced portion.,45 mins brisk walk,Watch portion size and allergies.
81,Himachal Pradesh,Weight Loss,Lunch,Bhey (Light 72),280,18,35,8,9,Low,Low,Low,,"Local grains, legumes, herbs",Vegan,,Prepare using traditional Himachali ingredients adjusted for weight loss. Serve one balanced portion.,45 mins brisk walk,Watch portion size and allergies.
82,Himachal Pradesh,Weight Loss,Lunch,Bhey (Steamed 66),280,18,35,8,9,Low,Low,Low,,"Local grains, legumes, herbs",Vegan,,Prepare using traditional Himachali ingredients adjusted for weight loss. Serve one balanced portion.,45 mins brisk walk,Watch portion size and allergies.
83,Himachal Pradesh,Weight Loss,Lunch,Bhey (Traditional 78),280,18,35,8,9,Low,Low,Low,,"Local grains, legumes, herbs",Vegan,,Prepare using traditional Himachali ingredients adjusted for weight loss. Serve one balanced portion.,45 mins brisk walk,Watch portion size and allergies.
84,Himachal Pradesh,Weight Loss,Lunch,Jau Khichdi (No Oil 67),280,18,35,8,9,Low,Low,Low,,"Local grains, legumes, herbs",Vegan,,Prepare using traditional Himachali ingredients adjusted for weight loss. Serve one balanced portion.,45 mins brisk walk,Watch portion size and allergies.
85,Himachal Pradesh,Weight Loss,Lunch,Jau Khichdi (Roasted 73),280,18,35,8,9,Low,Low,Low,,"Local grains, legumes, herbs",Vegan,,Prepare using traditional Himachali ingredients adjusted for weight loss. Serve one balanced portion.,45 mins brisk walk,Watch portion size and allergies.
86,Himachal Pradesh,Weight Loss,Lunch,Jau Khichdi (Salt Controlled 79),280,18,35,8,9,Low,Low,Low,,"Local grains, legumes, herbs",Vegan,,Prepare using traditional Himachali ingredients adjusted for weight loss. Serve one balanced portion.,45 mins brisk walk,Watch portion size and allergies.
87,Himachal Pradesh,Weight Loss,Lunch,Lingri Sabzi (Fiber Rich 69),280,18,35,8,9,Low,Low,Low,,"Local grains, legumes, herbs",Vegan,,Prepare using traditional Himachali ingredients adjusted for weight loss. Serve one balanced portion.,45 mins brisk walk,Watch portion size and allergies.
88,Himachal Pradesh,Weight Loss,Lunch,Lingri Sabzi (No Oil 75),280,18,35,8,9,Low,Low,Low,,"Local grains, legumes, herbs",Vegan,,Prepare using traditional Himachali ingredients adjusted for weight loss. Serve one balanced portion.,45 mins brisk walk,Watch portion size and allergies.
89,Himachal Pradesh,Weight Loss,Lunch,Mah Dal (High Protein 76),280,18,35,8,9,Low,Low,Low,,"Local grains, legumes, herbs",Vegan,,Prepare using traditional Himachali ingredients adjusted for weight loss. Serve one balanced portion.,45 mins brisk walk,Watch portion size and allergies.
90,Himachal Pradesh,Weight Loss,Lunch,Mah Dal (Light 64),280,18,35,8,9,Low,Low,Low,,"Local grains, legumes, herbs",Vegan,,Prepare using traditional Himachali ingredients adjusted for weight loss. Serve one balanced portion.,45 mins brisk walk,Watch portion size and allergies.
91,Himachal Pradesh,Weight Loss,Lunch,Mah Dal (Traditional 70),280,18,35,8,9,Low,Low,Low,,"Local grains, legumes, herbs",Vegan,,Prepare using traditional Himachali ingredients adjusted for weight loss. Serve one balanced portion.,45 mins brisk walk,Watch portion size and allergies.
92,Himachal Pradesh,Weight Loss,Lunch,Makki Roti (Fiber Rich 77),280,18,35,8,9,Low,Low,Low,Gluten,"Local grains, legumes, herbs",Vegan,,Prepare using traditional Himachali ingredients adjusted for weight loss. Serve one balanced portion.,45 mins brisk walk,Watch portion size and allergies.
93,Himachal Pradesh,Weight Loss,Lunch,Makki Roti (Roasted 65),280,18,35,8,9,Low,Low,Low,Gluten,"Local grains, legumes, herbs",Vegan,,Prepare using traditional Himachali ingredients adjusted for weight loss. Serve one balanced portion.,45 mins brisk walk,Watch portion size and allergies.
94,Himachal Pradesh,Weight Loss,Lunch,Makki Roti (Salt Controlled 71),280,18,35,8,9,Low,Low,Low,Gluten,"Local grains, legumes, herbs",Vegan,,Prepare using traditional Himachali ingredients adjusted for weight loss. Serve one balanced portion.,45 mins brisk walk,Watch portion size and allergies.
95,Himachal Pradesh,Weight Loss,Lunch,Rajma Chawal (High Protein 68),280,18,35,8,9,Low,Low,Low,,"Local grains, legumes, herbs",Vegan,,Prepare using traditional Himachali ingredients adjusted for weight loss. Serve one balanced portion.,45 mins brisk walk,Watch portion size and allergies.
96,Himachal Pradesh,Weight Loss,Lunch,Rajma Chawal (Steamed 74),280,18,35,8,9,Low,Low,Low,,"Local grains, legumes, herbs",Vegan,,Prepare using traditional Himachali ingredients adjusted for weight loss. Serve one balanced portion.,45 mins brisk walk,Watch portion size and allergies.
97,Himachal Pradesh,Weight Loss,Snack,Aktori (Light 80),280,18,35,8,9,Low,Low,Low,,"Local grains, legumes, herbs",Vegetarian,,Prepare using traditional Himachali ingredients adjusted for weight loss. Serve one balanced portion.,45 mins brisk walk,Watch portion size and allergies.
98,Himachal Pradesh,Weight Loss,Snack,Babru (Roasted 81),280,18,35,8,9,Low,Low,Low,Gluten,"Local grains, legumes, herbs",Vegetarian,,Prepare using traditional Himachali ingredients adjusted for weight loss. Serve one balanced portion.,45 mins brisk walk,Watch portion size and allergies.
99,Himachal Pradesh,Weight Loss,Snack,Bhey (High Protein 84),280,18,35,8,9,Low,Low,Low,,"Local grains, legumes, herbs",Vegetarian,,Prepare using traditional Himachali ingredients adjusted for weight loss. Serve one balanced portion.,45 mins brisk walk,Watch portion size and allergies.
100,Himachal Pradesh,Weight Loss,Snack,Cucumber & Radish Salad,150,5,20,5,4,Low,Low,Low,,"Cucumber, Radish",Vegetarian,,Serve raw without dressing.,15 mins light yoga,Do not skip meals
101,Himachal Pradesh,Weight Loss,Snack,Kodra Roti (Salt Controlled 87),280,18,35,8,9,Low,Low,Low,Gluten,"Local grains, legumes, herbs",Vegetarian,,Prepare using traditional Himachali ingredients adjusted for weight loss. Serve one balanced portion.,45 mins brisk walk,Watch portion size and allergies.
102,Himachal Pradesh,Weight Loss,Snack,Madra (Fiber Rich 85),280,18,35,8,9,Low,Low,Low,,"Local grains, legumes, herbs",Vegetarian,,Prepare using traditional Himachali ingredients adjusted for weight loss. Serve one balanced portion.,45 mins brisk walk,Watch portion size and allergies.
103,Himachal Pradesh,Weight Loss,Snack,Patande (No Oil 83),280,18,35,8,9,Low,Low,Low,,"Local grains, legumes, herbs",Vegetarian,,Prepare using traditional Himachali ingredients adjusted for weight loss. Serve one balanced portion.,45 mins brisk walk,Watch portion size and allergies.
104,Himachal Pradesh,Weight Loss,Snack,Roasted Bhatt (Black Soybeans),150,5,20,5,4,Low,Medium,Low,Soy,Black Soybeans,Vegetarian,,Dry roast beans without any oil or butter.,15 mins light yoga,Do not skip meals
105,Himachal Pradesh,Weight Loss,Snack,Roasted Hemp Seeds (Bhangjeera),150,5,20,5,4,Low,Medium,Low,,Hemp Seeds,Vegetarian,,Dry roast lightly without oil.,15 mins light yoga,Do not skip meals
106,Himachal Pradesh,Weight Loss,Snack,Roasted Local Almonds,150,5,20,5,4,Low,Low,Low,Nuts,Almonds,Vegetarian,,Dry roast plain almonds.,15 mins light yoga,Do not skip meals
107,Himachal Pradesh,Weight Loss,Snack,Roasted Pumpkin Seeds,150,5,20,5,4,Low,Medium,Low,,Pumpkin Seeds,Vegetarian,,Dry roast seeds without oil.,15 mins light yoga,Do not skip meals
108,Himachal Pradesh,Weight Loss,Snack,Roasted Walnuts,150,5,20,5,4,Low,Low,Low,Nuts,Walnuts,Vegetarian,,Consume raw or dry roasted without added salt.,15 mins light yoga,Do not skip meals
109,Himachal Pradesh,Weight Loss,Snack,Roasted Walnuts (Small Portion),150,5,20,5,4,Low,Medium,Low,Nuts,Walnuts,Vegetarian,,Dry roast raw walnuts.,15 mins light yoga,Do not skip meals
110,Himachal Pradesh,Weight Loss,Snack,Sepu Badi (Traditional 86),280,18,35,8,9,Low,Low,Low,,"Local grains, legumes, herbs",Vegetarian,,Prepare using traditional Himachali ingredients adjusted for weight loss. Serve one balanced portion.,45 mins brisk walk,Watch portion size and allergies.
111,Himachal Pradesh,Weight Loss,Snack,Siddu (Steamed 82),280,18,35,8,9,Low,Low,Low,Gluten,"Local grains, legumes, herbs",Vegetarian,,Prepare using traditional Himachali ingredients adjusted for weight loss. Serve one balanced portion.,45 mins brisk walk,Watch portion size and allergies.
112,Himachal Pradesh,Weight Loss,Snack,Steamed Corn (Chhalli),150,5,20,5,4,Medium,Medium,Low,,Corn,Vegetarian,,Boil or roast corn cob without butter.,15 mins light yoga,Do not skip meals
113,Himachal Pradesh,Weight Loss,Snack,Chha Gosht (Light 96),280,18,35,8,9,Low,Low,Low,,"Local meat, herbs, spices",Non-Vegetarian,Chicken,Prepare using traditional Himachali ingredients adjusted for weight loss. Serve one balanced portion.,45 mins brisk walk,Watch portion size and allergies.
114,Himachal Pradesh,Weight Loss,Snack,Chha Gosht (Steamed 90),280,18,35,8,9,Low,Low,Low,,"Local meat, herbs, spices",Non-Vegetarian,Chicken,Prepare using traditional Himachali ingredients adjusted for weight loss. Serve one balanced portion.,45 mins brisk walk,Watch portion size and allergies.
115,Himachal Pradesh,Weight Loss,Snack,Chha Gosht (Traditional 102),280,18,35,8,9,Low,Low,Low,,"Local meat, herbs, spices",Non-Vegetarian,Chicken,Prepare using traditional Himachali ingredients adjusted for weight loss. Serve one balanced portion.,45 mins brisk walk,Watch portion size and allergies.
116,Himachal Pradesh,Weight Loss,Snack,Chicken Anardana (High Protein 92),280,18,35,8,9,Low,Low,Low,,"Local meat, herbs, spices",Non-Vegetarian,Chicken,Prepare using traditional Himachali ingredients adjusted for weight loss. Serve one balanced portion.,45 mins brisk walk,Watch portion size and allergies.
117,Himachal Pradesh,Weight Loss,Snack,Chicken Anardana (Steamed 98),280,18,35,8,9,Low,Low,Low,,"Local meat, herbs, spices",Non-Vegetarian,Chicken,Prepare using traditional Himachali ingredients adjusted for weight loss. Serve one balanced portion.,45 mins brisk walk,Watch portion size and allergies.
118,Himachal Pradesh,Weight Loss,Snack,Kullu Trout (No Oil 91),280,18,35,8,9,Low,Low,Low,,"Local meat, herbs, spices",Non-Vegetarian,Fish,Prepare using traditional Himachali ingredients adjusted for weight loss. Serve one balanced portion.,45 mins brisk walk,Watch portion size and allergies.
119,Himachal Pradesh,Weight Loss,Snack,Kullu Trout (Roasted 97),280,18,35,8,9,Low,Low,Low,,"Local meat, herbs, spices",Non-Vegetarian,Fish,Prepare using traditional Himachali ingredients adjusted for weight loss. Serve one balanced portion.,45 mins brisk walk,Watch portion size and allergies.
120,Himachal Pradesh,Weight Loss,Snack,Kullu Trout (Salt Controlled 103),280,18,35,8,9,Low,Low,Low,,"Local meat, herbs, spices",Non-Vegetarian,Fish,Prepare using traditional Himachali ingredients adjusted for weight loss. Serve one balanced portion.,45 mins brisk walk,Watch portion size and allergies.
121,Himachal Pradesh,Weight Loss,Snack,Mutton Madra (High Protein 100),280,18,35,8,9,Low,Low,Low,,"Local meat, herbs, spices",Non-Vegetarian,Chicken,Prepare using traditional Himachali ingredients adjusted for weight loss. Serve one balanced portion.,45 mins brisk walk,Watch portion size and allergies.
122,Himachal Pradesh,Weight Loss,Snack,Mutton Madra (Light 88),280,18,35,8,9,Low,Low,Low,,"Local meat, herbs, spices",Non-Vegetarian,Chicken,Prepare using traditional Himachali ingredients adjusted for weight loss. Serve one balanced portion.,45 mins brisk walk,Watch portion size and allergies.
123,Himachal Pradesh,Weight Loss,Snack,Mutton Madra (Traditional 94),280,18,35,8,9,Low,Low,Low,,"Local meat, herbs, spices",Non-Vegetarian,Chicken,Prepare using traditional Himachali ingredients adjusted for weight loss. Serve one balanced portion.,45 mins brisk walk,Watch portion size and allergies.
124,Himachal Pradesh,Weight Loss,Snack,Pahadi Egg Curry (Fiber Rich 93),280,18,35,8,9,Low,Low,Low,,"Local meat, herbs, spices",Non-Vegetarian,Chicken,Prepare using traditional Himachali ingredients adjusted for weight loss. Serve one balanced portion.,45 mins brisk walk,Watch portion size and allergies.
125,Himachal Pradesh,Weight Loss,Snack,Pahadi Egg Curry (No Oil 99),280,18,35,8,9,Low,Low,Low,,"Local meat, herbs, spices",Non-Vegetarian,Chicken,Prepare using traditional Himachali ingredients adjusted for weight loss. Serve one balanced portion.,45 mins brisk walk,Watch portion size and allergies.
126,Himachal Pradesh,Weight Loss,Snack,River Fish Curry (Fiber Rich 101),280,18,35,8,9,Low,Low,Low,,"Local meat, herbs, spices",Non-Vegetarian,Fish,Prepare using traditional Himachali ingredients adjusted for weight loss. Serve one balanced portion.,45 mins brisk walk,Watch portion size and allergies.
127,Himachal Pradesh,Weight Loss,Snack,River Fish Curry (Roasted 89),280,18,35,8,9,Low,Low,Low,,"Local meat, herbs, spices",Non-Vegetarian,Fish,Prepare using traditional Himachali ingredients adjusted for weight loss. Serve one balanced portion.,45 mins brisk walk,Watch portion size and allergies.
128,Himachal Pradesh,Weight Loss,Snack,River Fish Curry (Salt Controlled 95),280,18,35,8,9,Low,Low,Low,,"Local meat, herbs, spices",Non-Vegetarian,Fish,Prepare using traditional Himachali ingredients adjusted for weight loss. Serve one balanced portion.,45 mins brisk walk,Watch portion size and allergies.
129,Himachal Pradesh,Weight Loss,Snack,Bhey (High Protein 108),280,18,35,8,9,Low,Low,Low,,"Local grains, legumes, herbs",Vegan,,Prepare using traditional Himachali ingredients adjusted for weight loss. Serve one balanced portion.,45 mins brisk walk,Watch portion size and allergies.
130,Himachal Pradesh,Weight Loss,Snack,Bhey (Steamed 114),280,18,35,8,9,Low,Low,Low,,"Local grains, legumes, herbs",Vegan,,Prepare using traditional Himachali ingredients adjusted for weight loss. Serve one balanced portion.,45 mins brisk walk,Watch portion size and allergies.
131,Himachal Pradesh,Weight Loss,Snack,Jau Khichdi (Fiber Rich 109),280,18,35,8,9,Low,Low,Low,,"Local grains, legumes, herbs",Vegan,,Prepare using traditional Himachali ingredients adjusted for weight loss. Serve one balanced portion.,45 mins brisk walk,Watch portion size and allergies.
132,Himachal Pradesh,Weight Loss,Snack,Jau Khichdi (No Oil 115),280,18,35,8,9,Low,Low,Low,,"Local grains, legumes, herbs",Vegan,,Prepare using traditional Himachali ingredients adjusted for weight loss. Serve one balanced portion.,45 mins brisk walk,Watch portion size and allergies.
133,Himachal Pradesh,Weight Loss,Snack,Lingri Sabzi (Fiber Rich 117),280,18,35,8,9,Low,Low,Low,,"Local grains, legumes, herbs",Vegan,,Prepare using traditional Himachali ingredients adjusted for weight loss. Serve one balanced portion.,45 mins brisk walk,Watch portion size and allergies.
134,Himachal Pradesh,Weight Loss,Snack,Lingri Sabzi (Roasted 105),280,18,35,8,9,Low,Low,Low,,"Local grains, legumes, herbs",Vegan,,Prepare using traditional Himachali ingredients adjusted for weight loss. Serve one balanced portion.,45 mins brisk walk,Watch portion size and allergies.
135,Himachal Pradesh,Weight Loss,Snack,Lingri Sabzi (Salt Controlled 111),280,18,35,8,9,Low,Low,Low,,"Local grains, legumes, herbs",Vegan,,Prepare using traditional Himachali ingredients adjusted for weight loss. Serve one balanced portion.,45 mins brisk walk,Watch portion size and allergies.
136,Himachal Pradesh,Weight Loss,Snack,Mah Dal (Light 112),280,18,35,8,9,Low,Low,Low,,"Local grains, legumes, herbs",Vegan,,Prepare using traditional Himachali ingredients adjusted for weight loss. Serve one balanced portion.,45 mins brisk walk,Watch portion size and allergies.
137,Himachal Pradesh,Weight Loss,Snack,Mah Dal (Steamed 106),280,18,35,8,9,Low,Low,Low,,"Local grains, legumes, herbs",Vegan,,Prepare using traditional Himachali ingredients adjusted for weight loss. Serve one balanced portion.,45 mins brisk walk,Watch portion size and allergies.
138,Himachal Pradesh,Weight Loss,Snack,Mah Dal (Traditional 118),280,18,35,8,9,Low,Low,Low,,"Local grains, legumes, herbs",Vegan,,Prepare using traditional Himachali ingredients adjusted for weight loss. Serve one balanced portion.,45 mins brisk walk,Watch portion size and allergies.
139,Himachal Pradesh,Weight Loss,Snack,Makki Roti (No Oil 107),280,18,35,8,9,Low,Low,Low,Gluten,"Local grains, legumes, herbs",Vegan,,Prepare using traditional Himachali ingredients adjusted for weight loss. Serve one balanced portion.,45 mins brisk walk,Watch portion size and allergies.
140,Himachal Pradesh,Weight Loss,Snack,Makki Roti (Roasted 113),280,18,35,8,9,Low,Low,Low,Gluten,"Local grains, legumes, herbs",Vegan,,Prepare using traditional Himachali ingredients adjusted for weight loss. Serve one balanced portion.,45 mins brisk walk,Watch portion size and allergies.
141,Himachal Pradesh,Weight Loss,Snack,Makki Roti (Salt Controlled 119),280,18,35,8,9,Low,Low,Low,Gluten,"Local grains, legumes, herbs",Vegan,,Prepare using traditional Himachali ingredients adjusted for weight loss. Serve one balanced portion.,45 mins brisk walk,Watch portion size and allergies.
142,Himachal Pradesh,Weight Loss,Snack,Rajma Chawal (High Protein 116),280,18,35,8,9,Low,Low,Low,,"Local grains, legumes, herbs",Vegan,,Prepare using traditional Himachali ingredients adjusted for weight loss. Serve one balanced portion.,45 mins brisk walk,Watch portion size and allergies.
143,Himachal Pradesh,Weight Loss,Snack,Rajma Chawal (Light 104),280,18,35,8,9,Low,Low,Low,,"Local grains, legumes, herbs",Vegan,,Prepare using traditional Himachali ingredients adjusted for weight loss. Serve one balanced portion.,45 mins brisk walk,Watch portion size and allergies.
144,Himachal Pradesh,Weight Loss,Snack,Rajma Chawal (Traditional 110),280,18,35,8,9,Low,Low,Low,,"Local grains, legumes, herbs",Vegan,,Prepare using traditional Himachali ingredients adjusted for weight loss. Serve one balanced portion.,45 mins brisk walk,Watch portion size and allergies.
145,Himachal Pradesh,Weight Loss,Dinner,Aktori (Light 120),280,18,35,8,9,Low,Low,Low,,"Local grains, legumes, herbs",Vegetarian,,Prepare using traditional Himachali ingredients adjusted for weight loss. Serve one balanced portion.,45 mins brisk walk,Watch portion size and allergies.
146,Himachal Pradesh,Weight Loss,Dinner,Aktori (Light 128),280,18,35,8,9,Low,Low,Low,,"Local grains, legumes, herbs",Vegetarian,,Prepare using traditional Himachali ingredients adjusted for weight loss. Serve one balanced portion.,45 mins brisk walk,Watch portion size and allergies.
147,Himachal Pradesh,Weight Loss,Dinner,Babru (Roasted 121),280,18,35,8,9,Low,Low,Low,Gluten,"Local grains, legumes, herbs",Vegetarian,,Prepare using traditional Himachali ingredients adjusted for weight loss. Serve one balanced portion.,45 mins brisk walk,Watch portion size and allergies.
148,Himachal Pradesh,Weight Loss,Dinner,Bhey (High Protein 124),280,18,35,8,9,Low,Low,Low,,"Local grains, legumes, herbs",Vegetarian,,Prepare using traditional Himachali ingredients adjusted for weight loss. Serve one balanced portion.,45 mins brisk walk,Watch portion size and allergies.
149,Himachal Pradesh,Weight Loss,Dinner,Brown Rice (Small Portion) + Clear Chana Soup,350,25,35,12,6,Low,Medium,Low,,"Brown Rice, Black Chickpeas",Vegetarian,,"Serve a very thin, clear broth of boiled chana.",30 mins jogging,Monitor weakness
150,Himachal Pradesh,Weight Loss,Dinner,Brown Rice + Mahni (Sour Urad Dal),350,25,35,12,6,Low,Medium,Low,,"Brown Rice, Urad Dal, Dry Mango Powder",Vegetarian,,Make the dal soupy and sour to increase satiety with fewer calories.,30 mins jogging,Monitor weakness
151,Himachal Pradesh,Weight Loss,Dinner,Kathu (Buckwheat) Roti + Saag,350,25,35,12,6,Low,Medium,Low,,"Buckwheat, Mustard Greens",Vegetarian,,Steam the saag without ghee tadka.,30 mins jogging,Monitor weakness
152,Himachal Pradesh,Weight Loss,Dinner,Kodra Roti (Salt Controlled 127),280,18,35,8,9,Low,Low,Low,Gluten,"Local grains, legumes, herbs",Vegetarian,,Prepare using traditional Himachali ingredients adjusted for weight loss. Serve one balanced portion.,45 mins brisk walk,Watch portion size and allergies.
153,Himachal Pradesh,Weight Loss,Dinner,Kodra Roti + Thin Chana Dal,350,25,35,12,6,Low,Medium,Low,,"Finger Millet, Bengal Gram",Vegetarian,,Make the dal extremely thin and soupy.,30 mins jogging,Monitor weakness
154,Himachal Pradesh,Weight Loss,Dinner,Kodra Roti + Thin Kulthi Dal,350,25,35,12,6,Low,Medium,Low,,"Finger Millet, Horsegram",Vegetarian,,Make the dal very thin and soupy; roast roti dry.,30 mins jogging,Monitor weakness
155,Himachal Pradesh,Weight Loss,Dinner,Kulthi (Horsegram) Dal + 1 Wheat Roti,350,25,35,12,6,Low,Medium,Low,Gluten,"Horsegram, Wheat",Vegetarian,,Cook dal with a zero-oil cumin tadka to cut calories.,30 mins jogging,Monitor weakness
156,Himachal Pradesh,Weight Loss,Dinner,Madra (Fiber Rich 125),280,18,35,8,9,Low,Low,Low,,"Local grains, legumes, herbs",Vegetarian,,Prepare using traditional Himachali ingredients adjusted for weight loss. Serve one balanced portion.,45 mins brisk walk,Watch portion size and allergies.
157,Himachal Pradesh,Weight Loss,Dinner,Patande (No Oil 123),280,18,35,8,9,Low,Low,Low,,"Local grains, legumes, herbs",Vegetarian,,Prepare using traditional Himachali ingredients adjusted for weight loss. Serve one balanced portion.,45 mins brisk walk,Watch portion size and allergies.
158,Himachal Pradesh,Weight Loss,Dinner,Sepu Badi (Traditional 126),280,18,35,8,9,Low,Low,Low,,"Local grains, legumes, herbs",Vegetarian,,Prepare using traditional Himachali ingredients adjusted for weight loss. Serve one balanced portion.,45 mins brisk walk,Watch portion size and allergies.
159,Himachal Pradesh,Weight Loss,Dinner,Siddu (Steamed 122),280,18,35,8,9,Low,Low,Low,Gluten,"Local grains, legumes, herbs",Vegetarian,,Prepare using traditional Himachali ingredients adjusted for weight loss. Serve one balanced portion.,45 mins brisk walk,Watch portion size and allergies.
160,Himachal Pradesh,Weight Loss,Dinner,Wheat Roti + Kulthi Dal + Steamed Ghandyali (Taro),350,25,35,12,6,Medium,Medium,Low,Gluten,"Wheat, Horsegram, Taro Root",Vegetarian,,Boil dal without oil; steam taro instead of frying.,30 mins jogging,Monitor weakness
161,Himachal Pradesh,Weight Loss,Dinner,Chha Gosht (High Protein 132),280,18,35,8,9,Low,Low,Low,,"Local meat, herbs, spices",Non-Vegetarian,Chicken,Prepare using traditional Himachali ingredients adjusted for weight loss. Serve one balanced portion.,45 mins brisk walk,Watch portion size and allergies.
162,Himachal Pradesh,Weight Loss,Dinner,Chha Gosht (Steamed 138),280,18,35,8,9,Low,Low,Low,,"Local meat, herbs, spices",Non-Vegetarian,Chicken,Prepare using traditional Himachali ingredients adjusted for weight loss. Serve one balanced portion.,45 mins brisk walk,Watch portion size and allergies.
163,Himachal Pradesh,Weight Loss,Dinner,Chicken Anardana (High Protein 140),280,18,35,8,9,Low,Low,Low,,"Local meat, herbs, spices",Non-Vegetarian,Chicken,Prepare using traditional Himachali ingredients adjusted for weight loss. Serve one balanced portion.,45 mins brisk walk,Watch portion size and allergies.
164,Himachal Pradesh,Weight Loss,Dinner,Chicken Anardana (Traditional 134),280,18,35,8,9,Low,Low,Low,,"Local meat, herbs, spices",Non-Vegetarian,Chicken,Prepare using traditional Himachali ingredients adjusted for weight loss. Serve one balanced portion.,45 mins brisk walk,Watch portion size and allergies.
165,Himachal Pradesh,Weight Loss,Dinner,Kullu Trout (Fiber Rich 133),280,18,35,8,9,Low,Low,Low,,"Local meat, herbs, spices",Non-Vegetarian,Fish,Prepare using traditional Himachali ingredients adjusted for weight loss. Serve one balanced portion.,45 mins brisk walk,Watch portion size and allergies.
166,Himachal Pradesh,Weight Loss,Dinner,Kullu Trout (No Oil 139),280,18,35,8,9,Low,Low,Low,,"Local meat, herbs, spices",Non-Vegetarian,Fish,Prepare using traditional Himachali ingredients adjusted for weight loss. Serve one balanced portion.,45 mins brisk walk,Watch portion size and allergies.
167,Himachal Pradesh,Weight Loss,Dinner,Mutton Madra (Light 136),280,18,35,8,9,Low,Low,Low,,"Local meat, herbs, spices",Non-Vegetarian,Chicken,Prepare using traditional Himachali ingredients adjusted for weight loss. Serve one balanced portion.,45 mins brisk walk,Watch portion size and allergies.
168,Himachal Pradesh,Weight Loss,Dinner,Mutton Madra (Steamed 130),280,18,35,8,9,Low,Low,Low,,"Local meat, herbs, spices",Non-Vegetarian,Chicken,Prepare using traditional Himachali ingredients adjusted for weight loss. Serve one balanced portion.,45 mins brisk walk,Watch portion size and allergies.
169,Himachal Pradesh,Weight Loss,Dinner,Mutton Madra (Traditional 142),280,18,35,8,9,Low,Low,Low,,"Local meat, herbs, spices",Non-Vegetarian,Chicken,Prepare using traditional Himachali ingredients adjusted for weight loss. Serve one balanced portion.,45 mins brisk walk,Watch portion size and allergies.
170,Himachal Pradesh,Weight Loss,Dinner,Pahadi Egg Curry (Fiber Rich 141),280,18,35,8,9,Low,Low,Low,,"Local meat, herbs, spices",Non-Vegetarian,Chicken,Prepare using traditional Himachali ingredients adjusted for weight loss. Serve one balanced portion.,45 mins brisk walk,Watch portion size and allergies.
171,Himachal Pradesh,Weight Loss,Dinner,Pahadi Egg Curry (Roasted 129),280,18,35,8,9,Low,Low,Low,,"Local meat, herbs, spices",Non-Vegetarian,Chicken,Prepare using traditional Himachali ingredients adjusted for weight loss. Serve one balanced portion.,45 mins brisk walk,Watch portion size and allergies.
172,Himachal Pradesh,Weight Loss,Dinner,Pahadi Egg Curry (Salt Controlled 135),280,18,35,8,9,Low,Low,Low,,"Local meat, herbs, spices",Non-Vegetarian,Chicken,Prepare using traditional Himachali ingredients adjusted for weight loss. Serve one balanced portion.,45 mins brisk walk,Watch portion size and allergies.
173,Himachal Pradesh,Weight Loss,Dinner,Red Rice (Small Portion) + Boiled Kullu Trout,350,25,35,12,6,Low,Medium,Low,Fish,"Red Rice, Trout Fish",Non-Vegetarian,Fish,Poach the trout in water to eliminate fat.,30 mins jogging,Monitor weakness
174,Himachal Pradesh,Weight Loss,Dinner,River Fish Curry (No Oil 131),280,18,35,8,9,Low,Low,Low,,"Local meat, herbs, spices",Non-Vegetarian,Fish,Prepare using traditional Himachali ingredients adjusted for weight loss. Serve one balanced portion.,45 mins brisk walk,Watch portion size and allergies.
175,Himachal Pradesh,Weight Loss,Dinner,River Fish Curry (Roasted 137),280,18,35,8,9,Low,Low,Low,,"Local meat, herbs, spices",Non-Vegetarian,Fish,Prepare using traditional Himachali ingredients adjusted for weight loss. Serve one balanced portion.,45 mins brisk walk,Watch portion size and allergies.
176,Himachal Pradesh,Weight Loss,Dinner,River Fish Curry (Salt Controlled 143),280,18,35,8,9,Low,Low,Low,,"Local meat, herbs, spices",Non-Vegetarian,Fish,Prepare using traditional Himachali ingredients adjusted for weight loss. Serve one balanced portion.,45 mins brisk walk,Watch portion size and allergies.
177,Himachal Pradesh,Weight Loss,Dinner,Bhey (High Protein 156),280,18,35,8,9,Low,Low,Low,,"Local grains, legumes, herbs",Vegan,,Prepare using traditional Himachali ingredients adjusted for weight loss. Serve one balanced portion.,45 mins brisk walk,Watch portion size and allergies.
178,Himachal Pradesh,Weight Loss,Dinner,Bhey (Light 144),280,18,35,8,9,Low,Low,Low,,"Local grains, legumes, herbs",Vegan,,Prepare using traditional Himachali ingredients adjusted for weight loss. Serve one balanced portion.,45 mins brisk walk,Watch portion size and allergies.
179,Himachal Pradesh,Weight Loss,Dinner,Bhey (Traditional 150),280,18,35,8,9,Low,Low,Low,,"Local grains, legumes, herbs",Vegan,,Prepare using traditional Himachali ingredients adjusted for weight loss. Serve one balanced portion.,45 mins brisk walk,Watch portion size and allergies.
180,Himachal Pradesh,Weight Loss,Dinner,Jau Khichdi (Fiber Rich 157),280,18,35,8,9,Low,Low,Low,,"Local grains, legumes, herbs",Vegan,,Prepare using traditional Himachali ingredients adjusted for weight loss. Serve one balanced portion.,45 mins brisk walk,Watch portion size and allergies.
181,Himachal Pradesh,Weight Loss,Dinner,Jau Khichdi (Roasted 145),280,18,35,8,9,Low,Low,Low,,"Local grains, legumes, herbs",Vegan,,Prepare using traditional Himachali ingredients adjusted for weight loss. Serve one balanced portion.,45 mins brisk walk,Watch portion size and allergies.
182,Himachal Pradesh,Weight Loss,Dinner,Jau Khichdi (Salt Controlled 151),280,18,35,8,9,Low,Low,Low,,"Local grains, legumes, herbs",Vegan,,Prepare using traditional Himachali ingredients adjusted for weight loss. Serve one balanced portion.,45 mins brisk walk,Watch portion size and allergies.
183,Himachal Pradesh,Weight Loss,Dinner,Lingri Sabzi (No Oil 147),280,18,35,8,9,Low,Low,Low,,"Local grains, legumes, herbs",Vegan,,Prepare using traditional Himachali ingredients adjusted for weight loss. Serve one balanced portion.,45 mins brisk walk,Watch portion size and allergies.
184,Himachal Pradesh,Weight Loss,Dinner,Lingri Sabzi (Roasted 153),280,18,35,8,9,Low,Low,Low,,"Local grains, legumes, herbs",Vegan,,Prepare using traditional Himachali ingredients adjusted for weight loss. Serve one balanced portion.,45 mins brisk walk,Watch portion size and allergies.
185,Himachal Pradesh,Weight Loss,Dinner,Lingri Sabzi (Salt Controlled 159),280,18,35,8,9,Low,Low,Low,,"Local grains, legumes, herbs",Vegan,,Prepare using traditional Himachali ingredients adjusted for weight loss. Serve one balanced portion.,45 mins brisk walk,Watch portion size and allergies.
186,Himachal Pradesh,Weight Loss,Dinner,Mah Dal (High Protein 148),280,18,35,8,9,Low,Low,Low,,"Local grains, legumes, herbs",Vegan,,Prepare using traditional Himachali ingredients adjusted for weight loss. Serve one balanced portion.,45 mins brisk walk,Watch portion size and allergies.
187,Himachal Pradesh,Weight Loss,Dinner,Mah Dal (Steamed 154),280,18,35,8,9,Low,Low,Low,,"Local grains, legumes, herbs",Vegan,,Prepare using traditional Himachali ingredients adjusted for weight loss. Serve one balanced portion.,45 mins brisk walk,Watch portion size and allergies.
188,Himachal Pradesh,Weight Loss,Dinner,Makki Roti (Fiber Rich 149),280,18,35,8,9,Low,Low,Low,Gluten,"Local grains, legumes, herbs",Vegan,,Prepare using traditional Himachali ingredients adjusted for weight loss. Serve one balanced portion.,45 mins brisk walk,Watch portion size and allergies.
189,Himachal Pradesh,Weight Loss,Dinner,Makki Roti (No Oil 155),280,18,35,8,9,Low,Low,Low,Gluten,"Local grains, legumes, herbs",Vegan,,Prepare using traditional Himachali ingredients adjusted for weight loss. Serve one balanced portion.,45 mins brisk walk,Watch portion size and allergies.
190,Himachal Pradesh,Weight Loss,Dinner,Rajma Chawal (Light 152),280,18,35,8,9,Low,Low,Low,,"Local grains, legumes, herbs",Vegan,,Prepare using traditional Himachali ingredients adjusted for weight loss. Serve one balanced portion.,45 mins brisk walk,Watch portion size and allergies.
191,Himachal Pradesh,Weight Loss,Dinner,Rajma Chawal (Steamed 146),280,18,35,8,9,Low,Low,Low,,"Local grains, legumes, herbs",Vegan,,Prepare using traditional Himachali ingredients adjusted for weight loss. Serve one balanced portion.,45 mins brisk walk,Watch portion size and allergies.
192,Himachal Pradesh,Weight Loss,Dinner,Rajma Chawal (Traditional 158),280,18,35,8,9,Low,Low,Low,,"Local grains, legumes, herbs",Vegan,,Prepare using traditional Himachali ingredients adjusted for weight loss. Serve one balanced portion.,45 mins brisk walk,Watch portion size and allergies.
193,Himachal Pradesh,Weight Gain,Breakfast,Aktori (Light 160),480,20,55,18,7,Medium,Medium,Medium,,"Local grains, legumes, herbs",Vegetarian,,Prepare using traditional Himachali ingredients adjusted for weight gain. Serve one balanced portion.,45 mins strength training,Watch portion size and allergies.
194,Himachal Pradesh,Weight Gain,Breakfast,Babru (Roasted 161),480,20,55,18,7,Medium,Medium,Medium,Gluten,"Local grains, legumes, herbs",Vegetarian,,Prepare using traditional Himachali ingredients adjusted for weight gain. Serve one balanced portion.,45 mins strength training,Watch portion size and allergies.
195,Himachal Pradesh,Weight Gain,Breakfast,Babru + Heavy Ghee + Hot Milk,600,20,85,20,6,Medium,Medium,Medium,"Gluten, Dairy","Wheat, Black Gram, Ghee, Milk",Vegetarian,,Pan fry Babru in ghee and serve with full-cream milk.,45 mins weight training,Monitor digestion
196,Himachal Pradesh,Weight Gain,Breakfast,Bhey (High Protein 164),480,20,55,18,7,Medium,Medium,Medium,,"Local grains, legumes, herbs",Vegetarian,,Prepare using traditional Himachali ingredients adjusted for weight gain. Serve one balanced portion.,45 mins strength training,Watch portion size and allergies.
197,Himachal Pradesh,Weight Gain,Breakfast,Ghee Babru with Sweetened Milk,600,20,85,20,6,Medium,Medium,Medium,"Gluten, Dairy","Wheat, Black Gram, Ghee, Milk",Vegetarian,,Pan-fry Babru in pure desi ghee for healthy caloric surplus.,45 mins weight training,Monitor digestion
198,Himachal Pradesh,Weight Gain,Breakfast,Kathu Roti + Heavy Ghee + Sweetened Milk,600,20,85,20,6,Medium,Medium,Medium,Dairy,"Buckwheat, Ghee, Milk, Sugar",Vegetarian,,Smear roti with thick ghee and serve with full-cream sweetened milk.,45 mins weight training,Monitor digestion
199,Himachal Pradesh,Weight Gain,Breakfast,Kodra Roti (Salt Controlled 167),480,20,55,18,7,Medium,Medium,Medium,Gluten,"Local grains, legumes, herbs",Vegetarian,,Prepare using traditional Himachali ingredients adjusted for weight gain. Serve one balanced portion.,45 mins strength training,Watch portion size and allergies.
200,Himachal Pradesh,Weight Gain,Breakfast,Madra (Fiber Rich 165),480,20,55,18,7,Medium,Medium,Medium,,"Local grains, legumes, herbs",Vegetarian,,Prepare using traditional Himachali ingredients adjusted for weight gain. Serve one balanced portion.,45 mins strength training,Watch portion size and allergies.
201,Himachal Pradesh,Weight Gain,Breakfast,Makki Ki Roti + Ghee + Jaggery,600,20,85,20,6,Medium,Medium,Medium,Dairy,"Maize Flour, Ghee, Jaggery",Vegetarian,,Slather roti with pure ghee and serve with native jaggery.,45 mins weight training,Monitor digestion
202,Himachal Pradesh,Weight Gain,Breakfast,Makki Roti + Heavy White Butter + Jaggery,600,20,85,20,6,Medium,Medium,Medium,Dairy,"Maize Flour, Butter, Jaggery",Vegetarian,,Slather roti with dense white butter and serve with jaggery.,45 mins weight training,Monitor digestion
203,Himachal Pradesh,Weight Gain,Breakfast,Makki Roti + White Butter + Sweet Lassi,600,20,85,20,6,Medium,Medium,Medium,Dairy,"Maize Flour, Butter, Milk, Sugar",Vegetarian,,Slather roti with fresh white butter; serve with thick lassi.,45 mins weight training,Monitor digestion
204,Himachal Pradesh,Weight Gain,Breakfast,Patande (No Oil 163),480,20,55,18,7,Medium,Medium,Medium,,"Local grains, legumes, herbs",Vegetarian,,Prepare using traditional Himachali ingredients adjusted for weight gain. Serve one balanced portion.,45 mins strength training,Watch portion size and allergies.
205,Himachal Pradesh,Weight Gain,Breakfast,Patande (Wheat Pancakes) + Ghee & Jaggery,600,20,85,20,6,Medium,Medium,Medium,Gluten,"Wheat Flour, Ghee, Jaggery",Vegetarian,,Cook pancakes in ghee and serve with jaggery for calorie density.,45 mins weight training,Monitor digestion
206,Himachal Pradesh,Weight Gain,Breakfast,Sepu Badi (Traditional 166),480,20,55,18,7,Medium,Medium,Medium,,"Local grains, legumes, herbs",Vegetarian,,Prepare using traditional Himachali ingredients adjusted for weight gain. Serve one balanced portion.,45 mins strength training,Watch portion size and allergies.
207,Himachal Pradesh,Weight Gain,Breakfast,Siddu (Steamed 162),480,20,55,18,7,Medium,Medium,Medium,Gluten,"Local grains, legumes, herbs",Vegetarian,,Prepare using traditional Himachali ingredients adjusted for weight gain. Serve one balanced portion.,45 mins strength training,Watch portion size and allergies.
208,Himachal Pradesh,Weight Gain,Breakfast,Siddu Stuffed with Sweet Poppy Seeds & Ghee,600,20,85,20,6,Medium,Medium,Medium,"Gluten, Dairy","Wheat, Poppy Seeds, Ghee, Sugar",Vegetarian,,Drizzle steamed Siddu with generous amounts of hot ghee.,45 mins weight training,Monitor digestion
209,Himachal Pradesh,Weight Gain,Breakfast,Chha Gosht (High Protein 180),480,20,55,18,7,Medium,Medium,Medium,,"Local meat, herbs, spices",Non-Vegetarian,Chicken,Prepare using traditional Himachali ingredients adjusted for weight gain. Serve one balanced portion.,45 mins strength training,Watch portion size and allergies.
210,Himachal Pradesh,Weight Gain,Breakfast,Chha Gosht (Light 168),480,20,55,18,7,Medium,Medium,Medium,,"Local meat, herbs, spices",Non-Vegetarian,Chicken,Prepare using traditional Himachali ingredients adjusted for weight gain. Serve one balanced portion.,45 mins strength training,Watch portion size and allergies.
211,Himachal Pradesh,Weight Gain,Breakfast,Chha Gosht (Traditional 174),480,20,55,18,7,Medium,Medium,Medium,,"Local meat, herbs, spices",Non-Vegetarian,Chicken,Prepare using traditional Himachali ingredients adjusted for weight gain. Serve one balanced portion.,45 mins strength training,Watch portion size and allergies.
212,Himachal Pradesh,Weight Gain,Breakfast,Chicken Anardana (Light 176),480,20,55,18,7,Medium,Medium,Medium,,"Local meat, herbs, spices",Non-Vegetarian,Chicken,Prepare using traditional Himachali ingredients adjusted for weight gain. Serve one balanced portion.,45 mins strength training,Watch portion size and allergies.
213,Himachal Pradesh,Weight Gain,Breakfast,Chicken Anardana (Steamed 170),480,20,55,18,7,Medium,Medium,Medium,,"Local meat, herbs, spices",Non-Vegetarian,Chicken,Prepare using traditional Himachali ingredients adjusted for weight gain. Serve one balanced portion.,45 mins strength training,Watch portion size and allergies.
214,Himachal Pradesh,Weight Gain,Breakfast,Chicken Anardana (Traditional 182),480,20,55,18,7,Medium,Medium,Medium,,"Local meat, herbs, spices",Non-Vegetarian,Chicken,Prepare using traditional Himachali ingredients adjusted for weight gain. Serve one balanced portion.,45 mins strength training,Watch portion size and allergies.
215,Himachal Pradesh,Weight Gain,Breakfast,Kullu Trout (Fiber Rich 181),480,20,55,18,7,Medium,Medium,Medium,,"Local meat, herbs, spices",Non-Vegetarian,Fish,Prepare using traditional Himachali ingredients adjusted for weight gain. Serve one balanced portion.,45 mins strength training,Watch portion size and allergies.
216,Himachal Pradesh,Weight Gain,Breakfast,Kullu Trout (Roasted 169),480,20,55,18,7,Medium,Medium,Medium,,"Local meat, herbs, spices",Non-Vegetarian,Fish,Prepare using traditional Himachali ingredients adjusted for weight gain. Serve one balanced portion.,45 mins strength training,Watch portion size and allergies.
217,Himachal Pradesh,Weight Gain,Breakfast,Kullu Trout (Salt Controlled 175),480,20,55,18,7,Medium,Medium,Medium,,"Local meat, herbs, spices",Non-Vegetarian,Fish,Prepare using traditional Himachali ingredients adjusted for weight gain. Serve one balanced portion.,45 mins strength training,Watch portion size and allergies.
218,Himachal Pradesh,Weight Gain,Breakfast,Mutton Madra (High Protein 172),480,20,55,18,7,Medium,Medium,Medium,,"Local meat, herbs, spices",Non-Vegetarian,Chicken,Prepare using traditional Himachali ingredients adjusted for weight gain. Serve one balanced portion.,45 mins strength training,Watch portion size and allergies.
219,Himachal Pradesh,Weight Gain,Breakfast,Mutton Madra (Steamed 178),480,20,55,18,7,Medium,Medium,Medium,,"Local meat, herbs, spices",Non-Vegetarian,Chicken,Prepare using traditional Himachali ingredients adjusted for weight gain. Serve one balanced portion.,45 mins strength training,Watch portion size and allergies.
220,Himachal Pradesh,Weight Gain,Breakfast,Pahadi Egg Curry (No Oil 171),480,20,55,18,7,Medium,Medium,Medium,,"Local meat, herbs, spices",Non-Vegetarian,Chicken,Prepare using traditional Himachali ingredients adjusted for weight gain. Serve one balanced portion.,45 mins strength training,Watch portion size and allergies.
221,Himachal Pradesh,Weight Gain,Breakfast,Pahadi Egg Curry (Roasted 177),480,20,55,18,7,Medium,Medium,Medium,,"Local meat, herbs, spices",Non-Vegetarian,Chicken,Prepare using traditional Himachali ingredients adjusted for weight gain. Serve one balanced portion.,45 mins strength training,Watch portion size and allergies.
222,Himachal Pradesh,Weight Gain,Breakfast,Pahadi Egg Curry (Salt Controlled 183),480,20,55,18,7,Medium,Medium,Medium,,"Local meat, herbs, spices",Non-Vegetarian,Chicken,Prepare using traditional Himachali ingredients adjusted for weight gain. Serve one balanced portion.,45 mins strength training,Watch portion size and allergies.
223,Himachal Pradesh,Weight Gain,Breakfast,River Fish Curry (Fiber Rich 173),480,20,55,18,7,Medium,Medium,Medium,,"Local meat, herbs, spices",Non-Vegetarian,Fish,Prepare using traditional Himachali ingredients adjusted for weight gain. Serve one balanced portion.,45 mins strength training,Watch portion size and allergies.
224,Himachal Pradesh,Weight Gain,Breakfast,River Fish Curry (No Oil 179),480,20,55,18,7,Medium,Medium,Medium,,"Local meat, herbs, spices",Non-Vegetarian,Fish,Prepare using traditional Himachali ingredients adjusted for weight gain. Serve one balanced portion.,45 mins strength training,Watch portion size and allergies.
225,Himachal Pradesh,Weight Gain,Breakfast,Bhey (Light 192),480,20,55,18,7,Medium,Medium,Medium,,"Local grains, legumes, herbs",Vegan,,Prepare using traditional Himachali ingredients adjusted for weight gain. Serve one balanced portion.,45 mins strength training,Watch portion size and allergies.
226,Himachal Pradesh,Weight Gain,Breakfast,Bhey (Steamed 186),480,20,55,18,7,Medium,Medium,Medium,,"Local grains, legumes, herbs",Vegan,,Prepare using traditional Himachali ingredients adjusted for weight gain. Serve one balanced portion.,45 mins strength training,Watch portion size and allergies.
227,Himachal Pradesh,Weight Gain,Breakfast,Bhey (Traditional 198),480,20,55,18,7,Medium,Medium,Medium,,"Local grains, legumes, herbs",Vegan,,Prepare using traditional Himachali ingredients adjusted for weight gain. Serve one balanced portion.,45 mins strength training,Watch portion size and allergies.
228,Himachal Pradesh,Weight Gain,Breakfast,Jau Khichdi (No Oil 187),480,20,55,18,7,Medium,Medium,Medium,,"Local grains, legumes, herbs",Vegan,,Prepare using traditional Himachali ingredients adjusted for weight gain. Serve one balanced portion.,45 mins strength training,Watch portion size and allergies.
229,Himachal Pradesh,Weight Gain,Breakfast,Jau Khichdi (Roasted 193),480,20,55,18,7,Medium,Medium,Medium,,"Local grains, legumes, herbs",Vegan,,Prepare using traditional Himachali ingredients adjusted for weight gain. Serve one balanced portion.,45 mins strength training,Watch portion size and allergies.
230,Himachal Pradesh,Weight Gain,Breakfast,Jau Khichdi (Salt Controlled 199),480,20,55,18,7,Medium,Medium,Medium,,"Local grains, legumes, herbs",Vegan,,Prepare using traditional Himachali ingredients adjusted for weight gain. Serve one balanced portion.,45 mins strength training,Watch portion size and allergies.
231,Himachal Pradesh,Weight Gain,Breakfast,Lingri Sabzi (Fiber Rich 189),480,20,55,18,7,Medium,Medium,Medium,,"Local grains, legumes, herbs",Vegan,,Prepare using traditional Himachali ingredients adjusted for weight gain. Serve one balanced portion.,45 mins strength training,Watch portion size and allergies.
232,Himachal Pradesh,Weight Gain,Breakfast,Lingri Sabzi (No Oil 195),480,20,55,18,7,Medium,Medium,Medium,,"Local grains, legumes, herbs",Vegan,,Prepare using traditional Himachali ingredients adjusted for weight gain. Serve one balanced portion.,45 mins strength training,Watch portion size and allergies.
233,Himachal Pradesh,Weight Gain,Breakfast,Mah Dal (High Protein 196),480,20,55,18,7,Medium,Medium,Medium,,"Local grains, legumes, herbs",Vegan,,Prepare using traditional Himachali ingredients adjusted for weight gain. Serve one balanced portion.,45 mins strength training,Watch portion size and allergies.
234,Himachal Pradesh,Weight Gain,Breakfast,Mah Dal (Light 184),480,20,55,18,7,Medium,Medium,Medium,,"Local grains, legumes, herbs",Vegan,,Prepare using traditional Himachali ingredients adjusted for weight gain. Serve one balanced portion.,45 mins strength training,Watch portion size and allergies.
235,Himachal Pradesh,Weight Gain,Breakfast,Mah Dal (Traditional 190),480,20,55,18,7,Medium,Medium,Medium,,"Local grains, legumes, herbs",Vegan,,Prepare using traditional Himachali ingredients adjusted for weight gain. Serve one balanced portion.,45 mins strength training,Watch portion size and allergies.
236,Himachal Pradesh,Weight Gain,Breakfast,Makki Roti (Fiber Rich 197),480,20,55,18,7,Medium,Medium,Medium,Gluten,"Local grains, legumes, herbs",Vegan,,Prepare using traditional Himachali ingredients adjusted for weight gain. Serve one balanced portion.,45 mins strength training,Watch portion size and allergies.
237,Himachal Pradesh,Weight Gain,Breakfast,Makki Roti (Roasted 185),480,20,55,18,7,Medium,Medium,Medium,Gluten,"Local grains, legumes, herbs",Vegan,,Prepare using traditional Himachali ingredients adjusted for weight gain. Serve one balanced portion.,45 mins strength training,Watch portion size and allergies.
238,Himachal Pradesh,Weight Gain,Breakfast,Makki Roti (Salt Controlled 191),480,20,55,18,7,Medium,Medium,Medium,Gluten,"Local grains, legumes, herbs",Vegan,,Prepare using traditional Himachali ingredients adjusted for weight gain. Serve one balanced portion.,45 mins strength training,Watch portion size and allergies.
239,Himachal Pradesh,Weight Gain,Breakfast,Rajma Chawal (High Protein 188),480,20,55,18,7,Medium,Medium,Medium,,"Local grains, legumes, herbs",Vegan,,Prepare using traditional Himachali ingredients adjusted for weight gain. Serve one balanced portion.,45 mins strength training,Watch portion size and allergies.
240,Himachal Pradesh,Weight Gain,Breakfast,Rajma Chawal (Steamed 194),480,20,55,18,7,Medium,Medium,Medium,,"Local grains, legumes, herbs",Vegan,,Prepare using traditional Himachali ingredients adjusted for weight gain. Serve one balanced portion.,45 mins strength training,Watch portion size and allergies.
241,Himachal Pradesh,Weight Gain,Lunch,Aktori (Light 200),480,20,55,18,7,Medium,Medium,Medium,,"Local grains, legumes, herbs",Vegetarian,,Prepare using traditional Himachali ingredients adjusted for weight gain. Serve one balanced portion.,45 mins strength training,Watch portion size and allergies.
242,Himachal Pradesh,Weight Gain,Lunch,Aktori (Light 208),480,20,55,18,7,Medium,Medium,Medium,,"Local grains, legumes, herbs",Vegetarian,,Prepare using traditional Himachali ingredients adjusted for weight gain. Serve one balanced portion.,45 mins strength training,Watch portion size and allergies.
243,Himachal Pradesh,Weight Gain,Lunch,Babru (Roasted 201),480,20,55,18,7,Medium,Medium,Medium,Gluten,"Local grains, legumes, herbs",Vegetarian,,Prepare using traditional Himachali ingredients adjusted for weight gain. Serve one balanced portion.,45 mins strength training,Watch portion size and allergies.
244,Himachal Pradesh,Weight Gain,Lunch,Babru (Roasted 209),480,20,55,18,7,Medium,Medium,Medium,Gluten,"Local grains, legumes, herbs",Vegetarian,,Prepare using traditional Himachali ingredients adjusted for weight gain. Serve one balanced portion.,45 mins strength training,Watch portion size and allergies.
245,Himachal Pradesh,Weight Gain,Lunch,Bhey (High Protein 204),480,20,55,18,7,Medium,Medium,Medium,,"Local grains, legumes, herbs",Vegetarian,,Prepare using traditional Himachali ingredients adjusted for weight gain. Serve one balanced portion.,45 mins strength training,Watch portion size and allergies.
246,Himachal Pradesh,Weight Gain,Lunch,Kodra Roti (Salt Controlled 207),480,20,55,18,7,Medium,Medium,Medium,Gluten,"Local grains, legumes, herbs",Vegetarian,,Prepare using traditional Himachali ingredients adjusted for weight gain. Serve one balanced portion.,45 mins strength training,Watch portion size and allergies.
247,Himachal Pradesh,Weight Gain,Lunch,Madra (Fiber Rich 205),480,20,55,18,7,Medium,Medium,Medium,,"Local grains, legumes, herbs",Vegetarian,,Prepare using traditional Himachali ingredients adjusted for weight gain. Serve one balanced portion.,45 mins strength training,Watch portion size and allergies.
248,Himachal Pradesh,Weight Gain,Lunch,Makki Roti + Mah Dal (Ghee Tadka) + Kadoo,800,30,110,26,8,Medium,Medium,Medium,Dairy,"Maize Flour, Urad Dal, Ghee, Pumpkin",Vegetarian,,Apply a heavy ghee tadka to the Urad dal.,60 mins hypertrophy,Avoid if feeling bloated
249,Himachal Pradesh,Weight Gain,Lunch,Makki Roti + Mah Dal + Butter Lingdi,800,30,110,26,8,Medium,Medium,Medium,Dairy,"Maize Flour, Urad Dal, Fiddlehead Fern, Butter",Vegetarian,,Top dal and veggies with generous white butter.,60 hypertrophy,Avoid if feeling bloated
250,Himachal Pradesh,Weight Gain,Lunch,Patande (No Oil 203),480,20,55,18,7,Medium,Medium,Medium,,"Local grains, legumes, herbs",Vegetarian,,Prepare using traditional Himachali ingredients adjusted for weight gain. Serve one balanced portion.,45 mins strength training,Watch portion size and allergies.
251,Himachal Pradesh,Weight Gain,Lunch,Patande (No Oil 211),480,20,55,18,7,Medium,Medium,Medium,,"Local grains, legumes, herbs",Vegetarian,,Prepare using traditional Himachali ingredients adjusted for weight gain. Serve one balanced portion.,45 mins strength training,Watch portion size and allergies.
252,Himachal Pradesh,Weight Gain,Lunch,Sepu Badi (Traditional 206),480,20,55,18,7,Medium,Medium,Medium,,"Local grains, legumes, herbs",Vegetarian,,Prepare using traditional Himachali ingredients adjusted for weight gain. Serve one balanced portion.,45 mins strength training,Watch portion size and allergies.
253,Himachal Pradesh,Weight Gain,Lunch,Siddu (Steamed 202),480,20,55,18,7,Medium,Medium,Medium,Gluten,"Local grains, legumes, herbs",Vegetarian,,Prepare using traditional Himachali ingredients adjusted for weight gain. Serve one balanced portion.,45 mins strength training,Watch portion size and allergies.
254,Himachal Pradesh,Weight Gain,Lunch,Siddu (Steamed 210),480,20,55,18,7,Medium,Medium,Medium,Gluten,"Local grains, legumes, herbs",Vegetarian,,Prepare using traditional Himachali ingredients adjusted for weight gain. Serve one balanced portion.,45 mins strength training,Watch portion size and allergies.
255,Himachal Pradesh,Weight Gain,Lunch,Wheat Roti + Tudkiya Bhath + Fried Bhey,800,30,110,26,8,Medium,Medium,Medium,Gluten,"Wheat, Rice, Mixed Lentils, Lotus Stem, Oil",Vegetarian,,Fry lotus stems and use ghee in the spiced rice.,60 mins hypertrophy,Avoid if feeling bloated
256,Himachal Pradesh,Weight Gain,Lunch,White Rice + Rajma Madra (Ghee) + Aloo Palda,800,30,110,26,8,Medium,Medium,Medium,Dairy,"White Rice, Kidney Beans, Potato, Yogurt, Ghee",Vegetarian,,Prepare both gravies with full-fat yogurt and ghee.,60 mins hypertrophy,Avoid if feeling bloated
257,Himachal Pradesh,Weight Gain,Lunch,Chha Gosht (Light 216),480,20,55,18,7,Medium,Medium,Medium,,"Local meat, herbs, spices",Non-Vegetarian,Chicken,Prepare using traditional Himachali ingredients adjusted for weight gain. Serve one balanced portion.,45 mins strength training,Watch portion size and allergies.
258,Himachal Pradesh,Weight Gain,Lunch,Chha Gosht (Traditional 222),480,20,55,18,7,Medium,Medium,Medium,,"Local meat, herbs, spices",Non-Vegetarian,Chicken,Prepare using traditional Himachali ingredients adjusted for weight gain. Serve one balanced portion.,45 mins strength training,Watch portion size and allergies.
259,Himachal Pradesh,Weight Gain,Lunch,Chicken Anardana (High Protein 212),480,20,55,18,7,Medium,Medium,Medium,,"Local meat, herbs, spices",Non-Vegetarian,Chicken,Prepare using traditional Himachali ingredients adjusted for weight gain. Serve one balanced portion.,45 mins strength training,Watch portion size and allergies.
260,Himachal Pradesh,Weight Gain,Lunch,Chicken Anardana (Steamed 218),480,20,55,18,7,Medium,Medium,Medium,,"Local meat, herbs, spices",Non-Vegetarian,Chicken,Prepare using traditional Himachali ingredients adjusted for weight gain. Serve one balanced portion.,45 mins strength training,Watch portion size and allergies.
261,Himachal Pradesh,Weight Gain,Lunch,Kullu Trout (Roasted 217),480,20,55,18,7,Medium,Medium,Medium,,"Local meat, herbs, spices",Non-Vegetarian,Fish,Prepare using traditional Himachali ingredients adjusted for weight gain. Serve one balanced portion.,45 mins strength training,Watch portion size and allergies.
262,Himachal Pradesh,Weight Gain,Lunch,Kullu Trout (Salt Controlled 223),480,20,55,18,7,Medium,Medium,Medium,,"Local meat, herbs, spices",Non-Vegetarian,Fish,Prepare using traditional Himachali ingredients adjusted for weight gain. Serve one balanced portion.,45 mins strength training,Watch portion size and allergies.
263,Himachal Pradesh,Weight Gain,Lunch,Mutton Madra (High Protein 220),480,20,55,18,7,Medium,Medium,Medium,,"Local meat, herbs, spices",Non-Vegetarian,Chicken,Prepare using traditional Himachali ingredients adjusted for weight gain. Serve one balanced portion.,45 mins strength training,Watch portion size and allergies.
264,Himachal Pradesh,Weight Gain,Lunch,Mutton Madra (Traditional 214),480,20,55,18,7,Medium,Medium,Medium,,"Local meat, herbs, spices",Non-Vegetarian,Chicken,Prepare using traditional Himachali ingredients adjusted for weight gain. Serve one balanced portion.,45 mins strength training,Watch portion size and allergies.
265,Himachal Pradesh,Weight Gain,Lunch,Pahadi Egg Curry (Fiber Rich 213),480,20,55,18,7,Medium,Medium,Medium,,"Local meat, herbs, spices",Non-Vegetarian,Chicken,Prepare using traditional Himachali ingredients adjusted for weight gain. Serve one balanced portion.,45 mins strength training,Watch portion size and allergies.
266,Himachal Pradesh,Weight Gain,Lunch,Pahadi Egg Curry (No Oil 219),480,20,55,18,7,Medium,Medium,Medium,,"Local meat, herbs, spices",Non-Vegetarian,Chicken,Prepare using traditional Himachali ingredients adjusted for weight gain. Serve one balanced portion.,45 mins strength training,Watch portion size and allergies.
267,Himachal Pradesh,Weight Gain,Lunch,Red Rice + Chha Gosht + Kadoo Sabzi,800,30,110,26,8,Medium,Medium,Medium,Dairy,"Red Rice, Mutton, Buttermilk, Pumpkin",Non-Vegetarian,Mutton,Cook mutton in rich yogurt and spices; do not skim fat.,60 mins hypertrophy,Avoid if feeling bloated
268,Himachal Pradesh,Weight Gain,Lunch,Red Rice + Ghee Kullu Trout + Jimikand,800,30,110,26,8,Medium,Medium,Medium,Fish,"Red Rice, Trout Fish, Elephant Foot Yam, Ghee",Non-Vegetarian,Fish,Pan-fry the trout in ghee and fry the yam for mass gain.,60 mins hypertrophy,Avoid if feeling bloated
269,Himachal Pradesh,Weight Gain,Lunch,Red Rice + Mutton Chha Gosht (Fatty) + Aloo,800,30,110,26,8,Medium,Medium,High,Dairy,"Red Rice, Mutton, Buttermilk, Potato",Non-Vegetarian,Mutton,Retain mutton fat and use rich buttermilk gravy.,60 mins hypertrophy,Avoid if feeling bloated
270,Himachal Pradesh,Weight Gain,Lunch,River Fish Curry (Fiber Rich 221),480,20,55,18,7,Medium,Medium,Medium,,"Local meat, herbs, spices",Non-Vegetarian,Fish,Prepare using traditional Himachali ingredients adjusted for weight gain. Serve one balanced portion.,45 mins strength training,Watch portion size and allergies.
271,Himachal Pradesh,Weight Gain,Lunch,River Fish Curry (Salt Controlled 215),480,20,55,18,7,Medium,Medium,Medium,,"Local meat, herbs, spices",Non-Vegetarian,Fish,Prepare using traditional Himachali ingredients adjusted for weight gain. Serve one balanced portion.,45 mins strength training,Watch portion size and allergies.
272,Himachal Pradesh,Weight Gain,Lunch,White Rice + Chha Gosht (Fatty) + Fried Yam,800,30,110,26,8,Medium,Medium,High,Dairy,"White Rice, Mutton, Buttermilk, Elephant Foot Yam, Oil",Non-Vegetarian,Mutton,Deep fry yam and use fattier cuts of mutton.,60 mins hypertrophy,Avoid if feeling bloated
273,Himachal Pradesh,Weight Gain,Lunch,Bhey (High Protein 228),480,20,55,18,7,Medium,Medium,Medium,,"Local grains, legumes, herbs",Vegan,,Prepare using traditional Himachali ingredients adjusted for weight gain. Serve one balanced portion.,45 mins strength training,Watch portion size and allergies.
274,Himachal Pradesh,Weight Gain,Lunch,Bhey (Steamed 234),480,20,55,18,7,Medium,Medium,Medium,,"Local grains, legumes, herbs",Vegan,,Prepare using traditional Himachali ingredients adjusted for weight gain. Serve one balanced portion.,45 mins strength training,Watch portion size and allergies.
275,Himachal Pradesh,Weight Gain,Lunch,Jau Khichdi (Fiber Rich 229),480,20,55,18,7,Medium,Medium,Medium,,"Local grains, legumes, herbs",Vegan,,Prepare using traditional Himachali ingredients adjusted for weight gain. Serve one balanced portion.,45 mins strength training,Watch portion size and allergies.
276,Himachal Pradesh,Weight Gain,Lunch,Jau Khichdi (No Oil 235),480,20,55,18,7,Medium,Medium,Medium,,"Local grains, legumes, herbs",Vegan,,Prepare using traditional Himachali ingredients adjusted for weight gain. Serve one balanced portion.,45 mins strength training,Watch portion size and allergies.
277,Himachal Pradesh,Weight Gain,Lunch,Lingri Sabzi (Fiber Rich 237),480,20,55,18,7,Medium,Medium,Medium,,"Local grains, legumes, herbs",Vegan,,Prepare using traditional Himachali ingredients adjusted for weight gain. Serve one balanced portion.,45 mins strength training,Watch portion size and allergies.
278,Himachal Pradesh,Weight Gain,Lunch,Lingri Sabzi (Roasted 225),480,20,55,18,7,Medium,Medium,Medium,,"Local grains, legumes, herbs",Vegan,,Prepare using traditional Himachali ingredients adjusted for weight gain. Serve one balanced portion.,45 mins strength training,Watch portion size and allergies.
279,Himachal Pradesh,Weight Gain,Lunch,Lingri Sabzi (Salt Controlled 231),480,20,55,18,7,Medium,Medium,Medium,,"Local grains, legumes, herbs",Vegan,,Prepare using traditional Himachali ingredients adjusted for weight gain. Serve one balanced portion.,45 mins strength training,Watch portion size and allergies.
280,Himachal Pradesh,Weight Gain,Lunch,Mah Dal (Light 232),480,20,55,18,7,Medium,Medium,Medium,,"Local grains, legumes, herbs",Vegan,,Prepare using traditional Himachali ingredients adjusted for weight gain. Serve one balanced portion.,45 mins strength training,Watch portion size and allergies.
281,Himachal Pradesh,Weight Gain,Lunch,Mah Dal (Steamed 226),480,20,55,18,7,Medium,Medium,Medium,,"Local grains, legumes, herbs",Vegan,,Prepare using traditional Himachali ingredients adjusted for weight gain. Serve one balanced portion.,45 mins strength training,Watch portion size and allergies.
282,Himachal Pradesh,Weight Gain,Lunch,Mah Dal (Traditional 238),480,20,55,18,7,Medium,Medium,Medium,,"Local grains, legumes, herbs",Vegan,,Prepare using traditional Himachali ingredients adjusted for weight gain. Serve one balanced portion.,45 mins strength training,Watch portion size and allergies.
283,Himachal Pradesh,Weight Gain,Lunch,Makki Roti (No Oil 227),480,20,55,18,7,Medium,Medium,Medium,Gluten,"Local grains, legumes, herbs",Vegan,,Prepare using traditional Himachali ingredients adjusted for weight gain. Serve one balanced portion.,45 mins strength training,Watch portion size and allergies.
284,Himachal Pradesh,Weight Gain,Lunch,Makki Roti (Roasted 233),480,20,55,18,7,Medium,Medium,Medium,Gluten,"Local grains, legumes, herbs",Vegan,,Prepare using traditional Himachali ingredients adjusted for weight gain. Serve one balanced portion.,45 mins strength training,Watch portion size and allergies.
285,Himachal Pradesh,Weight Gain,Lunch,Makki Roti (Salt Controlled 239),480,20,55,18,7,Medium,Medium,Medium,Gluten,"Local grains, legumes, herbs",Vegan,,Prepare using traditional Himachali ingredients adjusted for weight gain. Serve one balanced portion.,45 mins strength training,Watch portion size and allergies.
286,Himachal Pradesh,Weight Gain,Lunch,Rajma Chawal (High Protein 236),480,20,55,18,7,Medium,Medium,Medium,,"Local grains, legumes, herbs",Vegan,,Prepare using traditional Himachali ingredients adjusted for weight gain. Serve one balanced portion.,45 mins strength training,Watch portion size and allergies.
287,Himachal Pradesh,Weight Gain,Lunch,Rajma Chawal (Light 224),480,20,55,18,7,Medium,Medium,Medium,,"Local grains, legumes, herbs",Vegan,,Prepare using traditional Himachali ingredients adjusted for weight gain. Serve one balanced portion.,45 mins strength training,Watch portion size and allergies.
288,Himachal Pradesh,Weight Gain,Lunch,Rajma Chawal (Traditional 230),480,20,55,18,7,Medium,Medium,Medium,,"Local grains, legumes, herbs",Vegan,,Prepare using traditional Himachali ingredients adjusted for weight gain. Serve one balanced portion.,45 mins strength training,Watch portion size and allergies.
289,Himachal Pradesh,Weight Gain,Snack,Aktori (Light 240),480,20,55,18,7,Medium,Medium,Medium,,"Local grains, legumes, herbs",Vegetarian,,Prepare using traditional Himachali ingredients adjusted for weight gain. Serve one balanced portion.,45 mins strength training,Watch portion size and allergies.
290,Himachal Pradesh,Weight Gain,Snack,Babru (Roasted 241),480,20,55,18,7,Medium,Medium,Medium,Gluten,"Local grains, legumes, herbs",Vegetarian,,Prepare using traditional Himachali ingredients adjusted for weight gain. Serve one balanced portion.,45 mins strength training,Watch portion size and allergies.
291,Himachal Pradesh,Weight Gain,Snack,Bhey (High Protein 244),480,20,55,18,7,Medium,Medium,Medium,,"Local grains, legumes, herbs",Vegetarian,,Prepare using traditional Himachali ingredients adjusted for weight gain. Serve one balanced portion.,45 mins strength training,Watch portion size and allergies.
292,Himachal Pradesh,Weight Gain,Snack,Kodra Roti (Salt Controlled 247),480,20,55,18,7,Medium,Medium,Medium,Gluten,"Local grains, legumes, herbs",Vegetarian,,Prepare using traditional Himachali ingredients adjusted for weight gain. Serve one balanced portion.,45 mins strength training,Watch portion size and allergies.
293,Himachal Pradesh,Weight Gain,Snack,Madra (Fiber Rich 245),480,20,55,18,7,Medium,Medium,Medium,,"Local grains, legumes, herbs",Vegetarian,,Prepare using traditional Himachali ingredients adjusted for weight gain. Serve one balanced portion.,45 mins strength training,Watch portion size and allergies.
294,Himachal Pradesh,Weight Gain,Snack,Pahadi Pinni (Large Portion),400,15,50,15,5,Medium,Low,Medium,"Gluten, Nuts, Dairy","Wheat, Ghee, Almonds, Walnuts",Vegetarian,,"Consume a large serving of the dense, ghee-rich sweet.",Rest day,Ensure active lifestyle
295,Himachal Pradesh,Weight Gain,Snack,Pahadi Pinni (Wheat & Nut Ladoo),400,15,50,15,5,Medium,Low,Medium,"Gluten, Nuts, Dairy","Wheat, Ghee, Walnuts, Almonds",Vegetarian,,Bind roasted wheat and nuts with warm ghee.,Rest day,Ensure active lifestyle
296,Himachal Pradesh,Weight Gain,Snack,Patande (No Oil 243),480,20,55,18,7,Medium,Medium,Medium,,"Local grains, legumes, herbs",Vegetarian,,Prepare using traditional Himachali ingredients adjusted for weight gain. Serve one balanced portion.,45 mins strength training,Watch portion size and allergies.
297,Himachal Pradesh,Weight Gain,Snack,Pinni (Urad Dal & Dry Fruits),400,15,50,15,5,Medium,Low,Medium,"Dairy, Nuts","Urad Dal, Ghee, Cashews, Almonds",Vegetarian,,Roast urad dal paste in ghee and form dense balls.,Rest day,Ensure active lifestyle
298,Himachal Pradesh,Weight Gain,Snack,Pinni (Urad Dal & Wheat),400,15,50,15,5,Medium,Low,Medium,"Gluten, Nuts, Dairy","Wheat, Urad Dal, Ghee, Almonds",Vegetarian,,Use ample ghee to bind the dense mixture.,Rest day,Ensure active lifestyle
299,Himachal Pradesh,Weight Gain,Snack,Roasted Foxnuts (Makhana) in Ghee,400,15,50,15,5,Medium,Low,Medium,Dairy,"Foxnuts, Ghee",Vegetarian,,Roast foxnuts generously in ghee until crunchy.,Rest day,Ensure active lifestyle
300,Himachal Pradesh,Weight Gain,Snack,Roasted Wheat Pinni,400,15,50,15,5,Medium,Low,Medium,"Gluten, Nuts, Dairy","Wheat, Ghee, Almonds",Vegetarian,,Use rich ghee to bind the wheat and nuts.,Rest day,Ensure active lifestyle
301,Himachal Pradesh,Weight Gain,Snack,Sepu Badi (Traditional 246),480,20,55,18,7,Medium,Medium,Medium,,"Local grains, legumes, herbs",Vegetarian,,Prepare using traditional Himachali ingredients adjusted for weight gain. Serve one balanced portion.,45 mins strength training,Watch portion size and allergies.
302,Himachal Pradesh,Weight Gain,Snack,Siddu (Steamed 242),480,20,55,18,7,Medium,Medium,Medium,Gluten,"Local grains, legumes, herbs",Vegetarian,,Prepare using traditional Himachali ingredients adjusted for weight gain. Serve one balanced portion.,45 mins strength training,Watch portion size and allergies.
303,Himachal Pradesh,Weight Gain,Snack,Sweet Pinni (Large),400,15,50,15,5,Medium,Medium,Medium,"Gluten, Nuts, Dairy","Wheat, Ghee, Sugar, Almonds",Vegetarian,,Use generous ghee and sugar in the pinni.,Rest day,Ensure active lifestyle
304,Himachal Pradesh,Weight Gain,Snack,Sweet Wheat Babru (Deep Fried),400,15,50,15,5,Medium,Medium,Medium,Gluten,"Wheat, Jaggery, Oil",Vegetarian,,Deep fry the sweetened wheat dough for maximum calories.,Rest day,Ensure active lifestyle
305,Himachal Pradesh,Weight Gain,Snack,Chha Gosht (High Protein 252),480,20,55,18,7,Medium,Medium,Medium,,"Local meat, herbs, spices",Non-Vegetarian,Chicken,Prepare using traditional Himachali ingredients adjusted for weight gain. Serve one balanced portion.,45 mins strength training,Watch portion size and allergies.
306,Himachal Pradesh,Weight Gain,Snack,Chha Gosht (Steamed 258),480,20,55,18,7,Medium,Medium,Medium,,"Local meat, herbs, spices",Non-Vegetarian,Chicken,Prepare using traditional Himachali ingredients adjusted for weight gain. Serve one balanced portion.,45 mins strength training,Watch portion size and allergies.
307,Himachal Pradesh,Weight Gain,Snack,Chicken Anardana (High Protein 260),480,20,55,18,7,Medium,Medium,Medium,,"Local meat, herbs, spices",Non-Vegetarian,Chicken,Prepare using traditional Himachali ingredients adjusted for weight gain. Serve one balanced portion.,45 mins strength training,Watch portion size and allergies.
308,Himachal Pradesh,Weight Gain,Snack,Chicken Anardana (Light 248),480,20,55,18,7,Medium,Medium,Medium,,"Local meat, herbs, spices",Non-Vegetarian,Chicken,Prepare using traditional Himachali ingredients adjusted for weight gain. Serve one balanced portion.,45 mins strength training,Watch portion size and allergies.
309,Himachal Pradesh,Weight Gain,Snack,Chicken Anardana (Traditional 254),480,20,55,18,7,Medium,Medium,Medium,,"Local meat, herbs, spices",Non-Vegetarian,Chicken,Prepare using traditional Himachali ingredients adjusted for weight gain. Serve one balanced portion.,45 mins strength training,Watch portion size and allergies.
310,Himachal Pradesh,Weight Gain,Snack,Kullu Trout (Fiber Rich 253),480,20,55,18,7,Medium,Medium,Medium,,"Local meat, herbs, spices",Non-Vegetarian,Fish,Prepare using traditional Himachali ingredients adjusted for weight gain. Serve one balanced portion.,45 mins strength training,Watch portion size and allergies.
311,Himachal Pradesh,Weight Gain,Snack,Kullu Trout (No Oil 259),480,20,55,18,7,Medium,Medium,Medium,,"Local meat, herbs, spices",Non-Vegetarian,Fish,Prepare using traditional Himachali ingredients adjusted for weight gain. Serve one balanced portion.,45 mins strength training,Watch portion size and allergies.
312,Himachal Pradesh,Weight Gain,Snack,Mutton Madra (Light 256),480,20,55,18,7,Medium,Medium,Medium,,"Local meat, herbs, spices",Non-Vegetarian,Chicken,Prepare using traditional Himachali ingredients adjusted for weight gain. Serve one balanced portion.,45 mins strength training,Watch portion size and allergies.
313,Himachal Pradesh,Weight Gain,Snack,Mutton Madra (Steamed 250),480,20,55,18,7,Medium,Medium,Medium,,"Local meat, herbs, spices",Non-Vegetarian,Chicken,Prepare using traditional Himachali ingredients adjusted for weight gain. Serve one balanced portion.,45 mins strength training,Watch portion size and allergies.
314,Himachal Pradesh,Weight Gain,Snack,Mutton Madra (Traditional 262),480,20,55,18,7,Medium,Medium,Medium,,"Local meat, herbs, spices",Non-Vegetarian,Chicken,Prepare using traditional Himachali ingredients adjusted for weight gain. Serve one balanced portion.,45 mins strength training,Watch portion size and allergies.
315,Himachal Pradesh,Weight Gain,Snack,Pahadi Egg Curry (Fiber Rich 261),480,20,55,18,7,Medium,Medium,Medium,,"Local meat, herbs, spices",Non-Vegetarian,Chicken,Prepare using traditional Himachali ingredients adjusted for weight gain. Serve one balanced portion.,45 mins strength training,Watch portion size and allergies.
316,Himachal Pradesh,Weight Gain,Snack,Pahadi Egg Curry (Roasted 249),480,20,55,18,7,Medium,Medium,Medium,,"Local meat, herbs, spices",Non-Vegetarian,Chicken,Prepare using traditional Himachali ingredients adjusted for weight gain. Serve one balanced portion.,45 mins strength training,Watch portion size and allergies.
317,Himachal Pradesh,Weight Gain,Snack,Pahadi Egg Curry (Salt Controlled 255),480,20,55,18,7,Medium,Medium,Medium,,"Local meat, herbs, spices",Non-Vegetarian,Chicken,Prepare using traditional Himachali ingredients adjusted for weight gain. Serve one balanced portion.,45 mins strength training,Watch portion size and allergies.
318,Himachal Pradesh,Weight Gain,Snack,River Fish Curry (No Oil 251),480,20,55,18,7,Medium,Medium,Medium,,"Local meat, herbs, spices",Non-Vegetarian,Fish,Prepare using traditional Himachali ingredients adjusted for weight gain. Serve one balanced portion.,45 mins strength training,Watch portion size and allergies.
319,Himachal Pradesh,Weight Gain,Snack,River Fish Curry (Roasted 257),480,20,55,18,7,Medium,Medium,Medium,,"Local meat, herbs, spices",Non-Vegetarian,Fish,Prepare using traditional Himachali ingredients adjusted for weight gain. Serve one balanced portion.,45 mins strength training,Watch portion size and allergies.
320,Himachal Pradesh,Weight Gain,Snack,River Fish Curry (Salt Controlled 263),480,20,55,18,7,Medium,Medium,Medium,,"Local meat, herbs, spices",Non-Vegetarian,Fish,Prepare using traditional Himachali ingredients adjusted for weight gain. Serve one balanced portion.,45 mins strength training,Watch portion size and allergies.
321,Himachal Pradesh,Weight Gain,Snack,Bhey (High Protein 276),480,20,55,18,7,Medium,Medium,Medium,,"Local grains, legumes, herbs",Vegan,,Prepare using traditional Himachali ingredients adjusted for weight gain. Serve one balanced portion.,45 mins strength training,Watch portion size and allergies.
322,Himachal Pradesh,Weight Gain,Snack,Bhey (Light 264),480,20,55,18,7,Medium,Medium,Medium,,"Local grains, legumes, herbs",Vegan,,Prepare using traditional Himachali ingredients adjusted for weight gain. Serve one balanced portion.,45 mins strength training,Watch portion size and allergies.
323,Himachal Pradesh,Weight Gain,Snack,Bhey (Traditional 270),480,20,55,18,7,Medium,Medium,Medium,,"Local grains, legumes, herbs",Vegan,,Prepare using traditional Himachali ingredients adjusted for weight gain. Serve one balanced portion.,45 mins strength training,Watch portion size and allergies.
324,Himachal Pradesh,Weight Gain,Snack,Jau Khichdi (Fiber Rich 277),480,20,55,18,7,Medium,Medium,Medium,,"Local grains, legumes, herbs",Vegan,,Prepare using traditional Himachali ingredients adjusted for weight gain. Serve one balanced portion.,45 mins strength training,Watch portion size and allergies.
325,Himachal Pradesh,Weight Gain,Snack,Jau Khichdi (Roasted 265),480,20,55,18,7,Medium,Medium,Medium,,"Local grains, legumes, herbs",Vegan,,Prepare using traditional Himachali ingredients adjusted for weight gain. Serve one balanced portion.,45 mins strength training,Watch portion size and allergies.
326,Himachal Pradesh,Weight Gain,Snack,Jau Khichdi (Salt Controlled 271),480,20,55,18,7,Medium,Medium,Medium,,"Local grains, legumes, herbs",Vegan,,Prepare using traditional Himachali ingredients adjusted for weight gain. Serve one balanced portion.,45 mins strength training,Watch portion size and allergies.
327,Himachal Pradesh,Weight Gain,Snack,Lingri Sabzi (No Oil 267),480,20,55,18,7,Medium,Medium,Medium,,"Local grains, legumes, herbs",Vegan,,Prepare using traditional Himachali ingredients adjusted for weight gain. Serve one balanced portion.,45 mins strength training,Watch portion size and allergies.
328,Himachal Pradesh,Weight Gain,Snack,Lingri Sabzi (Roasted 273),480,20,55,18,7,Medium,Medium,Medium,,"Local grains, legumes, herbs",Vegan,,Prepare using traditional Himachali ingredients adjusted for weight gain. Serve one balanced portion.,45 mins strength training,Watch portion size and allergies.
329,Himachal Pradesh,Weight Gain,Snack,Lingri Sabzi (Salt Controlled 279),480,20,55,18,7,Medium,Medium,Medium,,"Local grains, legumes, herbs",Vegan,,Prepare using traditional Himachali ingredients adjusted for weight gain. Serve one balanced portion.,45 mins strength training,Watch portion size and allergies.
330,Himachal Pradesh,Weight Gain,Snack,Mah Dal (High Protein 268),480,20,55,18,7,Medium,Medium,Medium,,"Local grains, legumes, herbs",Vegan,,Prepare using traditional Himachali ingredients adjusted for weight gain. Serve one balanced portion.,45 mins strength training,Watch portion size and allergies.
331,Himachal Pradesh,Weight Gain,Snack,Mah Dal (Steamed 274),480,20,55,18,7,Medium,Medium,Medium,,"Local grains, legumes, herbs",Vegan,,Prepare using traditional Himachali ingredients adjusted for weight gain. Serve one balanced portion.,45 mins strength training,Watch portion size and allergies.
332,Himachal Pradesh,Weight Gain,Snack,Makki Roti (Fiber Rich 269),480,20,55,18,7,Medium,Medium,Medium,Gluten,"Local grains, legumes, herbs",Vegan,,Prepare using traditional Himachali ingredients adjusted for weight gain. Serve one balanced portion.,45 mins strength training,Watch portion size and allergies.
333,Himachal Pradesh,Weight Gain,Snack,Makki Roti (No Oil 275),480,20,55,18,7,Medium,Medium,Medium,Gluten,"Local grains, legumes, herbs",Vegan,,Prepare using traditional Himachali ingredients adjusted for weight gain. Serve one balanced portion.,45 mins strength training,Watch portion size and allergies.
334,Himachal Pradesh,Weight Gain,Snack,Rajma Chawal (Light 272),480,20,55,18,7,Medium,Medium,Medium,,"Local grains, legumes, herbs",Vegan,,Prepare using traditional Himachali ingredients adjusted for weight gain. Serve one balanced portion.,45 mins strength training,Watch portion size and allergies.
335,Himachal Pradesh,Weight Gain,Snack,Rajma Chawal (Steamed 266),480,20,55,18,7,Medium,Medium,Medium,,"Local grains, legumes, herbs",Vegan,,Prepare using traditional Himachali ingredients adjusted for weight gain. Serve one balanced portion.,45 mins strength training,Watch portion size and allergies.
336,Himachal Pradesh,Weight Gain,Snack,Rajma Chawal (Traditional 278),480,20,55,18,7,Medium,Medium,Medium,,"Local grains, legumes, herbs",Vegan,,Prepare using traditional Himachali ingredients adjusted for weight gain. Serve one balanced portion.,45 mins strength training,Watch portion size and allergies.
337,Himachal Pradesh,Weight Gain,Dinner,Aktori (Light 280),480,20,55,18,7,Medium,Medium,Medium,,"Local grains, legumes, herbs",Vegetarian,,Prepare using traditional Himachali ingredients adjusted for weight gain. Serve one balanced portion.,45 mins strength training,Watch portion size and allergies.
338,Himachal Pradesh,Weight Gain,Dinner,Aktori (Light 288),480,20,55,18,7,Medium,Medium,Medium,,"Local grains, legumes, herbs",Vegetarian,,Prepare using traditional Himachali ingredients adjusted for weight gain. Serve one balanced portion.,45 mins strength training,Watch portion size and allergies.
339,Himachal Pradesh,Weight Gain,Dinner,Babru (Roasted 281),480,20,55,18,7,Medium,Medium,Medium,Gluten,"Local grains, legumes, herbs",Vegetarian,,Prepare using traditional Himachali ingredients adjusted for weight gain. Serve one balanced portion.,45 mins strength training,Watch portion size and allergies.
340,Himachal Pradesh,Weight Gain,Dinner,Babru (Roasted 289),480,20,55,18,7,Medium,Medium,Medium,Gluten,"Local grains, legumes, herbs",Vegetarian,,Prepare using traditional Himachali ingredients adjusted for weight gain. Serve one balanced portion.,45 mins strength training,Watch portion size and allergies.
341,Himachal Pradesh,Weight Gain,Dinner,Bhey (High Protein 284),480,20,55,18,7,Medium,Medium,Medium,,"Local grains, legumes, herbs",Vegetarian,,Prepare using traditional Himachali ingredients adjusted for weight gain. Serve one balanced portion.,45 mins strength training,Watch portion size and allergies.
342,Himachal Pradesh,Weight Gain,Dinner,Kodra Roti (Salt Controlled 287),480,20,55,18,7,Medium,Medium,Medium,Gluten,"Local grains, legumes, herbs",Vegetarian,,Prepare using traditional Himachali ingredients adjusted for weight gain. Serve one balanced portion.,45 mins strength training,Watch portion size and allergies.
343,Himachal Pradesh,Weight Gain,Dinner,Madra (Fiber Rich 285),480,20,55,18,7,Medium,Medium,Medium,,"Local grains, legumes, herbs",Vegetarian,,Prepare using traditional Himachali ingredients adjusted for weight gain. Serve one balanced portion.,45 mins strength training,Watch portion size and allergies.
344,Himachal Pradesh,Weight Gain,Dinner,Makki Roti + Chana Madra,700,30,90,24,7,Medium,Medium,Medium,Dairy,"Maize Flour, Chickpeas, Yogurt, Ghee",Vegetarian,,Use full-fat yogurt and generous ghee for the Madra gravy.,Strength training,Maintain fiber intake
345,Himachal Pradesh,Weight Gain,Dinner,Patande (No Oil 283),480,20,55,18,7,Medium,Medium,Medium,,"Local grains, legumes, herbs",Vegetarian,,Prepare using traditional Himachali ingredients adjusted for weight gain. Serve one balanced portion.,45 mins strength training,Watch portion size and allergies.
346,Himachal Pradesh,Weight Gain,Dinner,Patande (No Oil 291),480,20,55,18,7,Medium,Medium,Medium,,"Local grains, legumes, herbs",Vegetarian,,Prepare using traditional Himachali ingredients adjusted for weight gain. Serve one balanced portion.,45 mins strength training,Watch portion size and allergies.
347,Himachal Pradesh,Weight Gain,Dinner,Sepu Badi (Traditional 286),480,20,55,18,7,Medium,Medium,Medium,,"Local grains, legumes, herbs",Vegetarian,,Prepare using traditional Himachali ingredients adjusted for weight gain. Serve one balanced portion.,45 mins strength training,Watch portion size and allergies.
348,Himachal Pradesh,Weight Gain,Dinner,Siddu (Steamed 282),480,20,55,18,7,Medium,Medium,Medium,Gluten,"Local grains, legumes, herbs",Vegetarian,,Prepare using traditional Himachali ingredients adjusted for weight gain. Serve one balanced portion.,45 mins strength training,Watch portion size and allergies.
349,Himachal Pradesh,Weight Gain,Dinner,Siddu (Steamed 290),480,20,55,18,7,Medium,Medium,Medium,Gluten,"Local grains, legumes, herbs",Vegetarian,,Prepare using traditional Himachali ingredients adjusted for weight gain. Serve one balanced portion.,45 mins strength training,Watch portion size and allergies.
350,Himachal Pradesh,Weight Gain,Dinner,Wheat Roti + Rajma Madra (Ghee) + Kadoo,700,30,90,24,7,Medium,Medium,Medium,"Gluten, Dairy","Wheat, Kidney Beans, Yogurt, Ghee, Pumpkin",Vegetarian,,Use full-fat yogurt and heavy ghee in the Madra.,Strength training,Maintain fiber intake
351,Himachal Pradesh,Weight Gain,Dinner,Wheat Roti + Tudkiya Bhath + Fried Bhey,700,30,90,24,7,Medium,Medium,Medium,Gluten,"Wheat, Rice, Lentils, Lotus Stem, Oil",Vegetarian,,Serve the spiced rice and roti with shallow-fried lotus stems.,Strength training,Maintain fiber intake
352,Himachal Pradesh,Weight Gain,Dinner,White Rice + Rajma Madra + Fried Lingdi,700,30,90,24,7,Medium,Medium,Medium,Dairy,"White Rice, Kidney Beans, Yogurt, Fiddlehead Fern, Ghee",Vegetarian,,Fry the lingdi and use heavy ghee in the madra.,Strength training,Maintain fiber intake
353,Himachal Pradesh,Weight Gain,Dinner,Babru + Chana Dal + Khatta Meat,700,30,90,24,7,Medium,Medium,Medium,Gluten,"Wheat, Black Gram, Bengal Gram, Mutton",Non-Vegetarian,Mutton,Deep fry Babru; slow cook mutton with its fats.,Strength training,Maintain fiber intake
354,Himachal Pradesh,Weight Gain,Dinner,Chha Gosht (High Protein 300),480,20,55,18,7,Medium,Medium,Medium,,"Local meat, herbs, spices",Non-Vegetarian,Chicken,Prepare using traditional Himachali ingredients adjusted for weight gain. Serve one balanced portion.,45 mins strength training,Watch portion size and allergies.
355,Himachal Pradesh,Weight Gain,Dinner,Chha Gosht (Traditional 294),480,20,55,18,7,Medium,Medium,Medium,,"Local meat, herbs, spices",Non-Vegetarian,Chicken,Prepare using traditional Himachali ingredients adjusted for weight gain. Serve one balanced portion.,45 mins strength training,Watch portion size and allergies.
356,Himachal Pradesh,Weight Gain,Dinner,Chicken Anardana (Light 296),480,20,55,18,7,Medium,Medium,Medium,,"Local meat, herbs, spices",Non-Vegetarian,Chicken,Prepare using traditional Himachali ingredients adjusted for weight gain. Serve one balanced portion.,45 mins strength training,Watch portion size and allergies.
357,Himachal Pradesh,Weight Gain,Dinner,Chicken Anardana (Traditional 302),480,20,55,18,7,Medium,Medium,Medium,,"Local meat, herbs, spices",Non-Vegetarian,Chicken,Prepare using traditional Himachali ingredients adjusted for weight gain. Serve one balanced portion.,45 mins strength training,Watch portion size and allergies.
358,Himachal Pradesh,Weight Gain,Dinner,Kullu Trout (Fiber Rich 301),480,20,55,18,7,Medium,Medium,Medium,,"Local meat, herbs, spices",Non-Vegetarian,Fish,Prepare using traditional Himachali ingredients adjusted for weight gain. Serve one balanced portion.,45 mins strength training,Watch portion size and allergies.
359,Himachal Pradesh,Weight Gain,Dinner,Kullu Trout (Salt Controlled 295),480,20,55,18,7,Medium,Medium,Medium,,"Local meat, herbs, spices",Non-Vegetarian,Fish,Prepare using traditional Himachali ingredients adjusted for weight gain. Serve one balanced portion.,45 mins strength training,Watch portion size and allergies.
360,Himachal Pradesh,Weight Gain,Dinner,Mutton Madra (High Protein 292),480,20,55,18,7,Medium,Medium,Medium,,"Local meat, herbs, spices",Non-Vegetarian,Chicken,Prepare using traditional Himachali ingredients adjusted for weight gain. Serve one balanced portion.,45 mins strength training,Watch portion size and allergies.
361,Himachal Pradesh,Weight Gain,Dinner,Mutton Madra (Steamed 298),480,20,55,18,7,Medium,Medium,Medium,,"Local meat, herbs, spices",Non-Vegetarian,Chicken,Prepare using traditional Himachali ingredients adjusted for weight gain. Serve one balanced portion.,45 mins strength training,Watch portion size and allergies.
362,Himachal Pradesh,Weight Gain,Dinner,Pahadi Egg Curry (Roasted 297),480,20,55,18,7,Medium,Medium,Medium,,"Local meat, herbs, spices",Non-Vegetarian,Chicken,Prepare using traditional Himachali ingredients adjusted for weight gain. Serve one balanced portion.,45 mins strength training,Watch portion size and allergies.
363,Himachal Pradesh,Weight Gain,Dinner,Pahadi Egg Curry (Salt Controlled 303),480,20,55,18,7,Medium,Medium,Medium,,"Local meat, herbs, spices",Non-Vegetarian,Chicken,Prepare using traditional Himachali ingredients adjusted for weight gain. Serve one balanced portion.,45 mins strength training,Watch portion size and allergies.
364,Himachal Pradesh,Weight Gain,Dinner,River Fish Curry (Fiber Rich 293),480,20,55,18,7,Medium,Medium,Medium,,"Local meat, herbs, spices",Non-Vegetarian,Fish,Prepare using traditional Himachali ingredients adjusted for weight gain. Serve one balanced portion.,45 mins strength training,Watch portion size and allergies.
365,Himachal Pradesh,Weight Gain,Dinner,River Fish Curry (No Oil 299),480,20,55,18,7,Medium,Medium,Medium,,"Local meat, herbs, spices",Non-Vegetarian,Fish,Prepare using traditional Himachali ingredients adjusted for weight gain. Serve one balanced portion.,45 mins strength training,Watch portion size and allergies.
366,Himachal Pradesh,Weight Gain,Dinner,White Rice + Chicken Anardana + Taro Sabzi,700,30,90,24,7,Medium,Medium,Medium,,"White Rice, Chicken, Taro Root, Pomegranate Seed",Non-Vegetarian,Chicken,"Use a thick, rich gravy for the chicken and fry taro pieces.",Strength training,Maintain fiber intake
367,Himachal Pradesh,Weight Gain,Dinner,White Rice + Khatta Meat (Fatty Cuts) + Kadoo,700,30,90,24,7,Medium,Medium,High,,"White Rice, Mutton, Pumpkin",Non-Vegetarian,Mutton,Use fattier cuts of mutton and slow cook to retain calories.,Strength training,Maintain fiber intake
368,Himachal Pradesh,Weight Gain,Dinner,White Rice + Khatta Meat + Fried Yam,700,30,90,24,7,Medium,Medium,High,,"White Rice, Mutton, Elephant Foot Yam, Oil",Non-Vegetarian,Mutton,Deep fry the yam and use fattier mutton cuts.,Strength training,Maintain fiber intake
369,Himachal Pradesh,Weight Gain,Dinner,Bhey (Light 312),480,20,55,18,7,Medium,Medium,Medium,,"Local grains, legumes, herbs",Vegan,,Prepare using traditional Himachali ingredients adjusted for weight gain. Serve one balanced portion.,45 mins strength training,Watch portion size and allergies.
370,Himachal Pradesh,Weight Gain,Dinner,Bhey (Steamed 306),480,20,55,18,7,Medium,Medium,Medium,,"Local grains, legumes, herbs",Vegan,,Prepare using traditional Himachali ingredients adjusted for weight gain. Serve one balanced portion.,45 mins strength training,Watch portion size and allergies.
371,Himachal Pradesh,Weight Gain,Dinner,Bhey (Traditional 318),480,20,55,18,7,Medium,Medium,Medium,,"Local grains, legumes, herbs",Vegan,,Prepare using traditional Himachali ingredients adjusted for weight gain. Serve one balanced portion.,45 mins strength training,Watch portion size and allergies.
372,Himachal Pradesh,Weight Gain,Dinner,Jau Khichdi (No Oil 307),480,20,55,18,7,Medium,Medium,Medium,,"Local grains, legumes, herbs",Vegan,,Prepare using traditional Himachali ingredients adjusted for weight gain. Serve one balanced portion.,45 mins strength training,Watch portion size and allergies.
373,Himachal Pradesh,Weight Gain,Dinner,Jau Khichdi (Roasted 313),480,20,55,18,7,Medium,Medium,Medium,,"Local grains, legumes, herbs",Vegan,,Prepare using traditional Himachali ingredients adjusted for weight gain. Serve one balanced portion.,45 mins strength training,Watch portion size and allergies.
374,Himachal Pradesh,Weight Gain,Dinner,Jau Khichdi (Salt Controlled 319),480,20,55,18,7,Medium,Medium,Medium,,"Local grains, legumes, herbs",Vegan,,Prepare using traditional Himachali ingredients adjusted for weight gain. Serve one balanced portion.,45 mins strength training,Watch portion size and allergies.
375,Himachal Pradesh,Weight Gain,Dinner,Lingri Sabzi (Fiber Rich 309),480,20,55,18,7,Medium,Medium,Medium,,"Local grains, legumes, herbs",Vegan,,Prepare using traditional Himachali ingredients adjusted for weight gain. Serve one balanced portion.,45 mins strength training,Watch portion size and allergies.
376,Himachal Pradesh,Weight Gain,Dinner,Lingri Sabzi (No Oil 315),480,20,55,18,7,Medium,Medium,Medium,,"Local grains, legumes, herbs",Vegan,,Prepare using traditional Himachali ingredients adjusted for weight gain. Serve one balanced portion.,45 mins strength training,Watch portion size and allergies.
377,Himachal Pradesh,Weight Gain,Dinner,Mah Dal (High Protein 316),480,20,55,18,7,Medium,Medium,Medium,,"Local grains, legumes, herbs",Vegan,,Prepare using traditional Himachali ingredients adjusted for weight gain. Serve one balanced portion.,45 mins strength training,Watch portion size and allergies.
378,Himachal Pradesh,Weight Gain,Dinner,Mah Dal (Light 304),480,20,55,18,7,Medium,Medium,Medium,,"Local grains, legumes, herbs",Vegan,,Prepare using traditional Himachali ingredients adjusted for weight gain. Serve one balanced portion.,45 mins strength training,Watch portion size and allergies.
379,Himachal Pradesh,Weight Gain,Dinner,Mah Dal (Traditional 310),480,20,55,18,7,Medium,Medium,Medium,,"Local grains, legumes, herbs",Vegan,,Prepare using traditional Himachali ingredients adjusted for weight gain. Serve one balanced portion.,45 mins strength training,Watch portion size and allergies.
380,Himachal Pradesh,Weight Gain,Dinner,Makki Roti (Fiber Rich 317),480,20,55,18,7,Medium,Medium,Medium,Gluten,"Local grains, legumes, herbs",Vegan,,Prepare using traditional Himachali ingredients adjusted for weight gain. Serve one balanced portion.,45 mins strength training,Watch portion size and allergies.
381,Himachal Pradesh,Weight Gain,Dinner,Makki Roti (Roasted 305),480,20,55,18,7,Medium,Medium,Medium,Gluten,"Local grains, legumes, herbs",Vegan,,Prepare using traditional Himachali ingredients adjusted for weight gain. Serve one balanced portion.,45 mins strength training,Watch portion size and allergies.
382,Himachal Pradesh,Weight Gain,Dinner,Makki Roti (Salt Controlled 311),480,20,55,18,7,Medium,Medium,Medium,Gluten,"Local grains, legumes, herbs",Vegan,,Prepare using traditional Himachali ingredients adjusted for weight gain. Serve one balanced portion.,45 mins strength training,Watch portion size and allergies.
383,Himachal Pradesh,Weight Gain,Dinner,Rajma Chawal (High Protein 308),480,20,55,18,7,Medium,Medium,Medium,,"Local grains, legumes, herbs",Vegan,,Prepare using traditional Himachali ingredients adjusted for weight gain. Serve one balanced portion.,45 mins strength training,Watch portion size and allergies.
384,Himachal Pradesh,Weight Gain,Dinner,Rajma Chawal (Steamed 314),480,20,55,18,7,Medium,Medium,Medium,,"Local grains, legumes, herbs",Vegan,,Prepare using traditional Himachali ingredients adjusted for weight gain. Serve one balanced portion.,45 mins strength training,Watch portion size and allergies.
385,Himachal Pradesh,Bulking,Breakfast,Aktori (Light 320),520,32,50,16,8,Medium,Medium,Medium,,"Local grains, legumes, herbs",Vegetarian,,Prepare using traditional Himachali ingredients adjusted for bulking. Serve one balanced portion.,45 mins strength training,Watch portion size and allergies.
386,Himachal Pradesh,Bulking,Breakfast,Aktori (Light 328),520,32,50,16,8,Medium,Medium,Medium,,"Local grains, legumes, herbs",Vegetarian,,Prepare using traditional Himachali ingredients adjusted for bulking. Serve one balanced portion.,45 mins strength training,Watch portion size and allergies.
387,Himachal Pradesh,Bulking,Breakfast,Babru (Roasted 321),520,32,50,16,8,Medium,Medium,Medium,Gluten,"Local grains, legumes, herbs",Vegetarian,,Prepare using traditional Himachali ingredients adjusted for bulking. Serve one balanced portion.,45 mins strength training,Watch portion size and allergies.
388,Himachal Pradesh,Bulking,Breakfast,Babru (Roasted 329),520,32,50,16,8,Medium,Medium,Medium,Gluten,"Local grains, legumes, herbs",Vegetarian,,Prepare using traditional Himachali ingredients adjusted for bulking. Serve one balanced portion.,45 mins strength training,Watch portion size and allergies.
389,Himachal Pradesh,Bulking,Breakfast,Bhey (High Protein 324),520,32,50,16,8,Medium,Medium,Medium,,"Local grains, legumes, herbs",Vegetarian,,Prepare using traditional Himachali ingredients adjusted for bulking. Serve one balanced portion.,45 mins strength training,Watch portion size and allergies.
390,Himachal Pradesh,Bulking,Breakfast,Bhey (High Protein 332),520,32,50,16,8,Medium,Medium,Medium,,"Local grains, legumes, herbs",Vegetarian,,Prepare using traditional Himachali ingredients adjusted for bulking. Serve one balanced portion.,45 mins strength training,Watch portion size and allergies.
391,Himachal Pradesh,Bulking,Breakfast,Kodra Roti (Salt Controlled 327),520,32,50,16,8,Medium,Medium,Medium,Gluten,"Local grains, legumes, herbs",Vegetarian,,Prepare using traditional Himachali ingredients adjusted for bulking. Serve one balanced portion.,45 mins strength training,Watch portion size and allergies.
392,Himachal Pradesh,Bulking,Breakfast,Kodra Roti (Salt Controlled 335),520,32,50,16,8,Medium,Medium,Medium,Gluten,"Local grains, legumes, herbs",Vegetarian,,Prepare using traditional Himachali ingredients adjusted for bulking. Serve one balanced portion.,45 mins strength training,Watch portion size and allergies.
393,Himachal Pradesh,Bulking,Breakfast,Madra (Fiber Rich 325),520,32,50,16,8,Medium,Medium,Medium,,"Local grains, legumes, herbs",Vegetarian,,Prepare using traditional Himachali ingredients adjusted for bulking. Serve one balanced portion.,45 mins strength training,Watch portion size and allergies.
394,Himachal Pradesh,Bulking,Breakfast,Madra (Fiber Rich 333),520,32,50,16,8,Medium,Medium,Medium,,"Local grains, legumes, herbs",Vegetarian,,Prepare using traditional Himachali ingredients adjusted for bulking. Serve one balanced portion.,45 mins strength training,Watch portion size and allergies.
395,Himachal Pradesh,Bulking,Breakfast,Patande (No Oil 323),520,32,50,16,8,Medium,Medium,Medium,,"Local grains, legumes, herbs",Vegetarian,,Prepare using traditional Himachali ingredients adjusted for bulking. Serve one balanced portion.,45 mins strength training,Watch portion size and allergies.
396,Himachal Pradesh,Bulking,Breakfast,Patande (No Oil 331),520,32,50,16,8,Medium,Medium,Medium,,"Local grains, legumes, herbs",Vegetarian,,Prepare using traditional Himachali ingredients adjusted for bulking. Serve one balanced portion.,45 mins strength training,Watch portion size and allergies.
397,Himachal Pradesh,Bulking,Breakfast,Sepu Badi (Traditional 326),520,32,50,16,8,Medium,Medium,Medium,,"Local grains, legumes, herbs",Vegetarian,,Prepare using traditional Himachali ingredients adjusted for bulking. Serve one balanced portion.,45 mins strength training,Watch portion size and allergies.
398,Himachal Pradesh,Bulking,Breakfast,Sepu Badi (Traditional 334),520,32,50,16,8,Medium,Medium,Medium,,"Local grains, legumes, herbs",Vegetarian,,Prepare using traditional Himachali ingredients adjusted for bulking. Serve one balanced portion.,45 mins strength training,Watch portion size and allergies.
399,Himachal Pradesh,Bulking,Breakfast,Siddu (Steamed 322),520,32,50,16,8,Medium,Medium,Medium,Gluten,"Local grains, legumes, herbs",Vegetarian,,Prepare using traditional Himachali ingredients adjusted for bulking. Serve one balanced portion.,45 mins strength training,Watch portion size and allergies.
400,Himachal Pradesh,Bulking,Breakfast,Siddu (Steamed 330),520,32,50,16,8,Medium,Medium,Medium,Gluten,"Local grains, legumes, herbs",Vegetarian,,Prepare using traditional Himachali ingredients adjusted for bulking. Serve one balanced portion.,45 mins strength training,Watch portion size and allergies.
401,Himachal Pradesh,Bulking,Breakfast,Chha Gosht (High Protein 348),520,32,50,16,8,Medium,Medium,Medium,,"Local meat, herbs, spices",Non-Vegetarian,Chicken,Prepare using traditional Himachali ingredients adjusted for bulking. Serve one balanced portion.,45 mins strength training,Watch portion size and allergies.
402,Himachal Pradesh,Bulking,Breakfast,Chha Gosht (Light 336),520,32,50,16,8,Medium,Medium,Medium,,"Local meat, herbs, spices",Non-Vegetarian,Chicken,Prepare using traditional Himachali ingredients adjusted for bulking. Serve one balanced portion.,45 mins strength training,Watch portion size and allergies.
403,Himachal Pradesh,Bulking,Breakfast,Chha Gosht (Traditional 342),520,32,50,16,8,Medium,Medium,Medium,,"Local meat, herbs, spices",Non-Vegetarian,Chicken,Prepare using traditional Himachali ingredients adjusted for bulking. Serve one balanced portion.,45 mins strength training,Watch portion size and allergies.
404,Himachal Pradesh,Bulking,Breakfast,Chicken Anardana (Light 344),520,32,50,16,8,Medium,Medium,Medium,,"Local meat, herbs, spices",Non-Vegetarian,Chicken,Prepare using traditional Himachali ingredients adjusted for bulking. Serve one balanced portion.,45 mins strength training,Watch portion size and allergies.
405,Himachal Pradesh,Bulking,Breakfast,Chicken Anardana (Steamed 338),520,32,50,16,8,Medium,Medium,Medium,,"Local meat, herbs, spices",Non-Vegetarian,Chicken,Prepare using traditional Himachali ingredients adjusted for bulking. Serve one balanced portion.,45 mins strength training,Watch portion size and allergies.
406,Himachal Pradesh,Bulking,Breakfast,Chicken Anardana (Traditional 350),520,32,50,16,8,Medium,Medium,Medium,,"Local meat, herbs, spices",Non-Vegetarian,Chicken,Prepare using traditional Himachali ingredients adjusted for bulking. Serve one balanced portion.,45 mins strength training,Watch portion size and allergies.
407,Himachal Pradesh,Bulking,Breakfast,Kullu Trout (Fiber Rich 349),520,32,50,16,8,Medium,Medium,Medium,,"Local meat, herbs, spices",Non-Vegetarian,Fish,Prepare using traditional Himachali ingredients adjusted for bulking. Serve one balanced portion.,45 mins strength training,Watch portion size and allergies.
408,Himachal Pradesh,Bulking,Breakfast,Kullu Trout (Roasted 337),520,32,50,16,8,Medium,Medium,Medium,,"Local meat, herbs, spices",Non-Vegetarian,Fish,Prepare using traditional Himachali ingredients adjusted for bulking. Serve one balanced portion.,45 mins strength training,Watch portion size and allergies.
409,Himachal Pradesh,Bulking,Breakfast,Kullu Trout (Salt Controlled 343),520,32,50,16,8,Medium,Medium,Medium,,"Local meat, herbs, spices",Non-Vegetarian,Fish,Prepare using traditional Himachali ingredients adjusted for bulking. Serve one balanced portion.,45 mins strength training,Watch portion size and allergies.
410,Himachal Pradesh,Bulking,Breakfast,Mutton Madra (High Protein 340),520,32,50,16,8,Medium,Medium,Medium,,"Local meat, herbs, spices",Non-Vegetarian,Chicken,Prepare using traditional Himachali ingredients adjusted for bulking. Serve one balanced portion.,45 mins strength training,Watch portion size and allergies.
411,Himachal Pradesh,Bulking,Breakfast,Mutton Madra (Steamed 346),520,32,50,16,8,Medium,Medium,Medium,,"Local meat, herbs, spices",Non-Vegetarian,Chicken,Prepare using traditional Himachali ingredients adjusted for bulking. Serve one balanced portion.,45 mins strength training,Watch portion size and allergies.
412,Himachal Pradesh,Bulking,Breakfast,Pahadi Egg Curry (No Oil 339),520,32,50,16,8,Medium,Medium,Medium,,"Local meat, herbs, spices",Non-Vegetarian,Chicken,Prepare using traditional Himachali ingredients adjusted for bulking. Serve one balanced portion.,45 mins strength training,Watch portion size and allergies.
413,Himachal Pradesh,Bulking,Breakfast,Pahadi Egg Curry (Roasted 345),520,32,50,16,8,Medium,Medium,Medium,,"Local meat, herbs, spices",Non-Vegetarian,Chicken,Prepare using traditional Himachali ingredients adjusted for bulking. Serve one balanced portion.,45 mins strength training,Watch portion size and allergies.
414,Himachal Pradesh,Bulking,Breakfast,River Fish Curry (Fiber Rich 341),520,32,50,16,8,Medium,Medium,Medium,,"Local meat, herbs, spices",Non-Vegetarian,Fish,Prepare using traditional Himachali ingredients adjusted for bulking. Serve one balanced portion.,45 mins strength training,Watch portion size and allergies.
415,Himachal Pradesh,Bulking,Breakfast,River Fish Curry (No Oil 347),520,32,50,16,8,Medium,Medium,Medium,,"Local meat, herbs, spices",Non-Vegetarian,Fish,Prepare using traditional Himachali ingredients adjusted for bulking. Serve one balanced portion.,45 mins strength training,Watch portion size and allergies.
416,Himachal Pradesh,Bulking,Breakfast,Siddu (Walnut Stuffed) + Chicken Keema,700,40,80,24,6,Medium,Medium,Medium,"Gluten, Nuts","Wheat, Walnuts, Minced Chicken",Non-Vegetarian,Chicken,Pair heavy stuffed bread with lean chicken mince for bulk.,60 mins heavy lifting,Maintain water intake
417,Himachal Pradesh,Bulking,Breakfast,Bhey (Light 360),520,32,50,16,8,Medium,Medium,Medium,,"Local grains, legumes, herbs",Vegan,,Prepare using traditional Himachali ingredients adjusted for bulking. Serve one balanced portion.,45 mins strength training,Watch portion size and allergies.
418,Himachal Pradesh,Bulking,Breakfast,Bhey (Steamed 354),520,32,50,16,8,Medium,Medium,Medium,,"Local grains, legumes, herbs",Vegan,,Prepare using traditional Himachali ingredients adjusted for bulking. Serve one balanced portion.,45 mins strength training,Watch portion size and allergies.
419,Himachal Pradesh,Bulking,Breakfast,Bhey (Traditional 366),520,32,50,16,8,Medium,Medium,Medium,,"Local grains, legumes, herbs",Vegan,,Prepare using traditional Himachali ingredients adjusted for bulking. Serve one balanced portion.,45 mins strength training,Watch portion size and allergies.
420,Himachal Pradesh,Bulking,Breakfast,Jau Khichdi (No Oil 355),520,32,50,16,8,Medium,Medium,Medium,,"Local grains, legumes, herbs",Vegan,,Prepare using traditional Himachali ingredients adjusted for bulking. Serve one balanced portion.,45 mins strength training,Watch portion size and allergies.
421,Himachal Pradesh,Bulking,Breakfast,Jau Khichdi (Roasted 361),520,32,50,16,8,Medium,Medium,Medium,,"Local grains, legumes, herbs",Vegan,,Prepare using traditional Himachali ingredients adjusted for bulking. Serve one balanced portion.,45 mins strength training,Watch portion size and allergies.
422,Himachal Pradesh,Bulking,Breakfast,Lingri Sabzi (Fiber Rich 357),520,32,50,16,8,Medium,Medium,Medium,,"Local grains, legumes, herbs",Vegan,,Prepare using traditional Himachali ingredients adjusted for bulking. Serve one balanced portion.,45 mins strength training,Watch portion size and allergies.
423,Himachal Pradesh,Bulking,Breakfast,Lingri Sabzi (No Oil 363),520,32,50,16,8,Medium,Medium,Medium,,"Local grains, legumes, herbs",Vegan,,Prepare using traditional Himachali ingredients adjusted for bulking. Serve one balanced portion.,45 mins strength training,Watch portion size and allergies.
424,Himachal Pradesh,Bulking,Breakfast,Lingri Sabzi (Salt Controlled 351),520,32,50,16,8,Medium,Medium,Medium,,"Local grains, legumes, herbs",Vegan,,Prepare using traditional Himachali ingredients adjusted for bulking. Serve one balanced portion.,45 mins strength training,Watch portion size and allergies.
425,Himachal Pradesh,Bulking,Breakfast,Mah Dal (High Protein 364),520,32,50,16,8,Medium,Medium,Medium,,"Local grains, legumes, herbs",Vegan,,Prepare using traditional Himachali ingredients adjusted for bulking. Serve one balanced portion.,45 mins strength training,Watch portion size and allergies.
426,Himachal Pradesh,Bulking,Breakfast,Mah Dal (Light 352),520,32,50,16,8,Medium,Medium,Medium,,"Local grains, legumes, herbs",Vegan,,Prepare using traditional Himachali ingredients adjusted for bulking. Serve one balanced portion.,45 mins strength training,Watch portion size and allergies.
427,Himachal Pradesh,Bulking,Breakfast,Mah Dal (Traditional 358),520,32,50,16,8,Medium,Medium,Medium,,"Local grains, legumes, herbs",Vegan,,Prepare using traditional Himachali ingredients adjusted for bulking. Serve one balanced portion.,45 mins strength training,Watch portion size and allergies.
428,Himachal Pradesh,Bulking,Breakfast,Makki Roti (Fiber Rich 365),520,32,50,16,8,Medium,Medium,Medium,Gluten,"Local grains, legumes, herbs",Vegan,,Prepare using traditional Himachali ingredients adjusted for bulking. Serve one balanced portion.,45 mins strength training,Watch portion size and allergies.
429,Himachal Pradesh,Bulking,Breakfast,Makki Roti (Roasted 353),520,32,50,16,8,Medium,Medium,Medium,Gluten,"Local grains, legumes, herbs",Vegan,,Prepare using traditional Himachali ingredients adjusted for bulking. Serve one balanced portion.,45 mins strength training,Watch portion size and allergies.
430,Himachal Pradesh,Bulking,Breakfast,Makki Roti (Salt Controlled 359),520,32,50,16,8,Medium,Medium,Medium,Gluten,"Local grains, legumes, herbs",Vegan,,Prepare using traditional Himachali ingredients adjusted for bulking. Serve one balanced portion.,45 mins strength training,Watch portion size and allergies.
431,Himachal Pradesh,Bulking,Breakfast,Rajma Chawal (High Protein 356),520,32,50,16,8,Medium,Medium,Medium,,"Local grains, legumes, herbs",Vegan,,Prepare using traditional Himachali ingredients adjusted for bulking. Serve one balanced portion.,45 mins strength training,Watch portion size and allergies.
432,Himachal Pradesh,Bulking,Breakfast,Rajma Chawal (Steamed 362),520,32,50,16,8,Medium,Medium,Medium,,"Local grains, legumes, herbs",Vegan,,Prepare using traditional Himachali ingredients adjusted for bulking. Serve one balanced portion.,45 mins strength training,Watch portion size and allergies.
433,Himachal Pradesh,Bulking,Breakfast,Aktori (Buckwheat Pancake) + 4 Boiled Eggs,700,40,80,24,6,Medium,Medium,Medium,Eggs,"Buckwheat, Eggs",,,Serve thick pancakes with whole eggs for a massive protein boost.,60 mins heavy lifting,Maintain water intake
434,Himachal Pradesh,Bulking,Breakfast,Double Patande + 4 Whole Eggs + Milk,700,40,80,24,6,Medium,Medium,High,"Gluten, Eggs, Dairy","Wheat, Eggs, Full Cream Milk",,,Serve thick wheat pancakes with eggs and a large glass of milk.,60 mins heavy lifting,Maintain water intake
435,Himachal Pradesh,Bulking,Breakfast,Kathu Patande + 4 Eggs + Full Cream Milk,700,40,80,24,6,Medium,Medium,High,"Eggs, Dairy","Buckwheat, Eggs, Full Cream Milk",,,Serve dense buckwheat pancakes with whole eggs and milk.,60 mins heavy lifting,Maintain water intake
436,Himachal Pradesh,Bulking,Breakfast,Kathu Patande + Sweetened Milk + 3 Eggs,700,40,80,24,6,Medium,Medium,Medium,"Eggs, Dairy","Buckwheat, Milk, Eggs",,,Serve buckwheat pancakes with whole eggs for dense calories.,60 mins heavy lifting,Maintain water intake
437,Himachal Pradesh,Bulking,Breakfast,Patande + 4 Scrambled Eggs in Ghee,700,40,80,24,6,Medium,Medium,High,"Gluten, Eggs","Wheat, Eggs, Ghee",,,Cook pancakes and scramble eggs in ghee for dense calories.,60 mins heavy lifting,Maintain water intake
438,Himachal Pradesh,Bulking,Breakfast,Siddu (Lentil Stuffed) + 4 Eggs + Milk,700,40,80,24,6,Medium,Medium,Medium,"Gluten, Eggs, Dairy","Wheat, Urad Dal, Eggs, Milk",,,Serve dense lentil Siddu with whole eggs and full milk.,60 mins heavy lifting,Maintain water intake
439,Himachal Pradesh,Bulking,Breakfast,Walnut Stuffed Siddu + 3 Boiled Eggs,700,40,80,24,6,Medium,Medium,Medium,"Gluten, Nuts, Eggs","Wheat, Walnuts, Eggs",,,Serve dense stuffed Siddu with whole eggs for protein and carbs.,60 mins heavy lifting,Maintain water intake
440,Himachal Pradesh,Bulking,Lunch,Aktori (Light 368),520,32,50,16,8,Medium,Medium,Medium,,"Local grains, legumes, herbs",Vegetarian,,Prepare using traditional Himachali ingredients adjusted for bulking. Serve one balanced portion.,45 mins strength training,Watch portion size and allergies.
441,Himachal Pradesh,Bulking,Lunch,Aktori (Light 376),520,32,50,16,8,Medium,Medium,Medium,,"Local grains, legumes, herbs",Vegetarian,,Prepare using traditional Himachali ingredients adjusted for bulking. Serve one balanced portion.,45 mins strength training,Watch portion size and allergies.
442,Himachal Pradesh,Bulking,Lunch,Babru (Roasted 369),520,32,50,16,8,Medium,Medium,Medium,Gluten,"Local grains, legumes, herbs",Vegetarian,,Prepare using traditional Himachali ingredients adjusted for bulking. Serve one balanced portion.,45 mins strength training,Watch portion size and allergies.
443,Himachal Pradesh,Bulking,Lunch,Babru (Roasted 377),520,32,50,16,8,Medium,Medium,Medium,Gluten,"Local grains, legumes, herbs",Vegetarian,,Prepare using traditional Himachali ingredients adjusted for bulking. Serve one balanced portion.,45 mins strength training,Watch portion size and allergies.
444,Himachal Pradesh,Bulking,Lunch,Bhey (High Protein 372),520,32,50,16,8,Medium,Medium,Medium,,"Local grains, legumes, herbs",Vegetarian,,Prepare using traditional Himachali ingredients adjusted for bulking. Serve one balanced portion.,45 mins strength training,Watch portion size and allergies.
445,Himachal Pradesh,Bulking,Lunch,Bhey (High Protein 380),520,32,50,16,8,Medium,Medium,Medium,,"Local grains, legumes, herbs",Vegetarian,,Prepare using traditional Himachali ingredients adjusted for bulking. Serve one balanced portion.,45 mins strength training,Watch portion size and allergies.
446,Himachal Pradesh,Bulking,Lunch,Brown Rice + Double Sepu Badi + Paneer Madra,900,55,100,31,10,Medium,Medium,Medium,"Soy, Dairy","Brown Rice, Urad Dal, Paneer, Yogurt",Vegetarian,,Combine soy/urad dumplings with thick paneer gravy.,45 mins compound lifts,Monitor joint health
447,Himachal Pradesh,Bulking,Lunch,Kodra Roti (Salt Controlled 367),520,32,50,16,8,Medium,Medium,Medium,Gluten,"Local grains, legumes, herbs",Vegetarian,,Prepare using traditional Himachali ingredients adjusted for bulking. Serve one balanced portion.,45 mins strength training,Watch portion size and allergies.
448,Himachal Pradesh,Bulking,Lunch,Kodra Roti (Salt Controlled 375),520,32,50,16,8,Medium,Medium,Medium,Gluten,"Local grains, legumes, herbs",Vegetarian,,Prepare using traditional Himachali ingredients adjusted for bulking. Serve one balanced portion.,45 mins strength training,Watch portion size and allergies.
449,Himachal Pradesh,Bulking,Lunch,Madra (Fiber Rich 373),520,32,50,16,8,Medium,Medium,Medium,,"Local grains, legumes, herbs",Vegetarian,,Prepare using traditional Himachali ingredients adjusted for bulking. Serve one balanced portion.,45 mins strength training,Watch portion size and allergies.
450,Himachal Pradesh,Bulking,Lunch,Madra (Fiber Rich 381),520,32,50,16,8,Medium,Medium,Medium,,"Local grains, legumes, herbs",Vegetarian,,Prepare using traditional Himachali ingredients adjusted for bulking. Serve one balanced portion.,45 mins strength training,Watch portion size and allergies.
451,Himachal Pradesh,Bulking,Lunch,Patande (No Oil 371),520,32,50,16,8,Medium,Medium,Medium,,"Local grains, legumes, herbs",Vegetarian,,Prepare using traditional Himachali ingredients adjusted for bulking. Serve one balanced portion.,45 mins strength training,Watch portion size and allergies.
452,Himachal Pradesh,Bulking,Lunch,Patande (No Oil 379),520,32,50,16,8,Medium,Medium,Medium,,"Local grains, legumes, herbs",Vegetarian,,Prepare using traditional Himachali ingredients adjusted for bulking. Serve one balanced portion.,45 mins strength training,Watch portion size and allergies.
453,Himachal Pradesh,Bulking,Lunch,Sepu Badi (Traditional 374),520,32,50,16,8,Medium,Medium,Medium,,"Local grains, legumes, herbs",Vegetarian,,Prepare using traditional Himachali ingredients adjusted for bulking. Serve one balanced portion.,45 mins strength training,Watch portion size and allergies.
454,Himachal Pradesh,Bulking,Lunch,Siddu (Steamed 370),520,32,50,16,8,Medium,Medium,Medium,Gluten,"Local grains, legumes, herbs",Vegetarian,,Prepare using traditional Himachali ingredients adjusted for bulking. Serve one balanced portion.,45 mins strength training,Watch portion size and allergies.
455,Himachal Pradesh,Bulking,Lunch,Siddu (Steamed 378),520,32,50,16,8,Medium,Medium,Medium,Gluten,"Local grains, legumes, herbs",Vegetarian,,Prepare using traditional Himachali ingredients adjusted for bulking. Serve one balanced portion.,45 mins strength training,Watch portion size and allergies.
456,Himachal Pradesh,Bulking,Lunch,Brown Rice + Rajma + Trout Fry (Large),900,55,100,31,10,Medium,Medium,Medium,Fish,"Brown Rice, Kidney Beans, Trout Fish, Oil",Non-Vegetarian,Fish,Serve a massive portion of Rajma alongside fried trout.,45 mins compound lifts,Monitor joint health
457,Himachal Pradesh,Bulking,Lunch,Chha Gosht (Light 384),520,32,50,16,8,Medium,Medium,Medium,,"Local meat, herbs, spices",Non-Vegetarian,Chicken,Prepare using traditional Himachali ingredients adjusted for bulking. Serve one balanced portion.,45 mins strength training,Watch portion size and allergies.
458,Himachal Pradesh,Bulking,Lunch,Chha Gosht (Traditional 390),520,32,50,16,8,Medium,Medium,Medium,,"Local meat, herbs, spices",Non-Vegetarian,Chicken,Prepare using traditional Himachali ingredients adjusted for bulking. Serve one balanced portion.,45 mins strength training,Watch portion size and allergies.
459,Himachal Pradesh,Bulking,Lunch,Chicken Anardana (Steamed 386),520,32,50,16,8,Medium,Medium,Medium,,"Local meat, herbs, spices",Non-Vegetarian,Chicken,Prepare using traditional Himachali ingredients adjusted for bulking. Serve one balanced portion.,45 mins strength training,Watch portion size and allergies.
460,Himachal Pradesh,Bulking,Lunch,Kullu Trout (Roasted 385),520,32,50,16,8,Medium,Medium,Medium,,"Local meat, herbs, spices",Non-Vegetarian,Fish,Prepare using traditional Himachali ingredients adjusted for bulking. Serve one balanced portion.,45 mins strength training,Watch portion size and allergies.
461,Himachal Pradesh,Bulking,Lunch,Kullu Trout (Salt Controlled 391),520,32,50,16,8,Medium,Medium,Medium,,"Local meat, herbs, spices",Non-Vegetarian,Fish,Prepare using traditional Himachali ingredients adjusted for bulking. Serve one balanced portion.,45 mins strength training,Watch portion size and allergies.
462,Himachal Pradesh,Bulking,Lunch,Mutton Madra (High Protein 388),520,32,50,16,8,Medium,Medium,Medium,,"Local meat, herbs, spices",Non-Vegetarian,Chicken,Prepare using traditional Himachali ingredients adjusted for bulking. Serve one balanced portion.,45 mins strength training,Watch portion size and allergies.
463,Himachal Pradesh,Bulking,Lunch,Mutton Madra (Traditional 382),520,32,50,16,8,Medium,Medium,Medium,,"Local meat, herbs, spices",Non-Vegetarian,Chicken,Prepare using traditional Himachali ingredients adjusted for bulking. Serve one balanced portion.,45 mins strength training,Watch portion size and allergies.
464,Himachal Pradesh,Bulking,Lunch,Pahadi Egg Curry (No Oil 387),520,32,50,16,8,Medium,Medium,Medium,,"Local meat, herbs, spices",Non-Vegetarian,Chicken,Prepare using traditional Himachali ingredients adjusted for bulking. Serve one balanced portion.,45 mins strength training,Watch portion size and allergies.
465,Himachal Pradesh,Bulking,Lunch,Red Rice + Pahadi Chana + Khatta Meat (Double),900,55,100,31,10,Medium,Medium,Medium,,"Red Rice, Brown Chickpeas, Mutton",Non-Vegetarian,Mutton,Double the meat portion and serve with heavy chana.,45 mins compound lifts,Monitor joint health
466,Himachal Pradesh,Bulking,Lunch,Red Rice + Pahadi Rajma + Mutton Chha Gosht,900,55,100,31,10,Medium,Medium,Medium,Dairy,"Red Rice, Kidney Beans, Mutton, Buttermilk",Non-Vegetarian,Mutton,Combine heavy dal and meat for maximum protein assimilation.,45 mins compound lifts,Monitor joint health
467,Himachal Pradesh,Bulking,Lunch,River Fish Curry (Fiber Rich 389),520,32,50,16,8,Medium,Medium,Medium,,"Local meat, herbs, spices",Non-Vegetarian,Fish,Prepare using traditional Himachali ingredients adjusted for bulking. Serve one balanced portion.,45 mins strength training,Watch portion size and allergies.
468,Himachal Pradesh,Bulking,Lunch,River Fish Curry (Salt Controlled 383),520,32,50,16,8,Medium,Medium,Medium,,"Local meat, herbs, spices",Non-Vegetarian,Fish,Prepare using traditional Himachali ingredients adjusted for bulking. Serve one balanced portion.,45 mins strength training,Watch portion size and allergies.
469,Himachal Pradesh,Bulking,Lunch,Wheat Roti + Pahadi Chana + Khatta Meat,900,55,100,31,10,Medium,Medium,Medium,Gluten,"Wheat, Brown Chickpeas, Mutton",Non-Vegetarian,Mutton,Combine heavy meat chunks with dense chickpeas.,45 mins compound lifts,Monitor joint health
470,Himachal Pradesh,Bulking,Lunch,Wheat Roti + Pahadi Chana + Khatta Meat (Double),900,55,100,31,10,Medium,Medium,Medium,Gluten,"Wheat, Brown Chickpeas, Mutton",Non-Vegetarian,Mutton,Double the meat serving and pair with high-carb roti.,45 mins compound lifts,Monitor joint health
471,Himachal Pradesh,Bulking,Lunch,White Rice + Tudkiya Bhath + Fish Fry,900,55,100,31,10,High,Medium,Medium,Fish,"White Rice, Lentils, Trout Fish, Oil",Non-Vegetarian,Fish,Combine spiced rice with a large portion of fried trout.,45 mins compound lifts,Monitor joint health
472,Himachal Pradesh,Bulking,Lunch,Bhey (High Protein 396),520,32,50,16,8,Medium,Medium,Medium,,"Local grains, legumes, herbs",Vegan,,Prepare using traditional Himachali ingredients adjusted for bulking. Serve one balanced portion.,45 mins strength training,Watch portion size and allergies.
473,Himachal Pradesh,Bulking,Lunch,Bhey (Steamed 402),520,32,50,16,8,Medium,Medium,Medium,,"Local grains, legumes, herbs",Vegan,,Prepare using traditional Himachali ingredients adjusted for bulking. Serve one balanced portion.,45 mins strength training,Watch portion size and allergies.
474,Himachal Pradesh,Bulking,Lunch,Jau Khichdi (Fiber Rich 397),520,32,50,16,8,Medium,Medium,Medium,,"Local grains, legumes, herbs",Vegan,,Prepare using traditional Himachali ingredients adjusted for bulking. Serve one balanced portion.,45 mins strength training,Watch portion size and allergies.
475,Himachal Pradesh,Bulking,Lunch,Jau Khichdi (No Oil 403),520,32,50,16,8,Medium,Medium,Medium,,"Local grains, legumes, herbs",Vegan,,Prepare using traditional Himachali ingredients adjusted for bulking. Serve one balanced portion.,45 mins strength training,Watch portion size and allergies.
476,Himachal Pradesh,Bulking,Lunch,Lingri Sabzi (Fiber Rich 405),520,32,50,16,8,Medium,Medium,Medium,,"Local grains, legumes, herbs",Vegan,,Prepare using traditional Himachali ingredients adjusted for bulking. Serve one balanced portion.,45 mins strength training,Watch portion size and allergies.
477,Himachal Pradesh,Bulking,Lunch,Lingri Sabzi (Roasted 393),520,32,50,16,8,Medium,Medium,Medium,,"Local grains, legumes, herbs",Vegan,,Prepare using traditional Himachali ingredients adjusted for bulking. Serve one balanced portion.,45 mins strength training,Watch portion size and allergies.
478,Himachal Pradesh,Bulking,Lunch,Lingri Sabzi (Salt Controlled 399),520,32,50,16,8,Medium,Medium,Medium,,"Local grains, legumes, herbs",Vegan,,Prepare using traditional Himachali ingredients adjusted for bulking. Serve one balanced portion.,45 mins strength training,Watch portion size and allergies.
479,Himachal Pradesh,Bulking,Lunch,Mah Dal (Light 400),520,32,50,16,8,Medium,Medium,Medium,,"Local grains, legumes, herbs",Vegan,,Prepare using traditional Himachali ingredients adjusted for bulking. Serve one balanced portion.,45 mins strength training,Watch portion size and allergies.
480,Himachal Pradesh,Bulking,Lunch,Mah Dal (Steamed 394),520,32,50,16,8,Medium,Medium,Medium,,"Local grains, legumes, herbs",Vegan,,Prepare using traditional Himachali ingredients adjusted for bulking. Serve one balanced portion.,45 mins strength training,Watch portion size and allergies.
481,Himachal Pradesh,Bulking,Lunch,Mah Dal (Traditional 406),520,32,50,16,8,Medium,Medium,Medium,,"Local grains, legumes, herbs",Vegan,,Prepare using traditional Himachali ingredients adjusted for bulking. Serve one balanced portion.,45 mins strength training,Watch portion size and allergies.
482,Himachal Pradesh,Bulking,Lunch,Makki Roti (No Oil 395),520,32,50,16,8,Medium,Medium,Medium,Gluten,"Local grains, legumes, herbs",Vegan,,Prepare using traditional Himachali ingredients adjusted for bulking. Serve one balanced portion.,45 mins strength training,Watch portion size and allergies.
483,Himachal Pradesh,Bulking,Lunch,Makki Roti (Roasted 401),520,32,50,16,8,Medium,Medium,Medium,Gluten,"Local grains, legumes, herbs",Vegan,,Prepare using traditional Himachali ingredients adjusted for bulking. Serve one balanced portion.,45 mins strength training,Watch portion size and allergies.
484,Himachal Pradesh,Bulking,Lunch,Makki Roti (Salt Controlled 407),520,32,50,16,8,Medium,Medium,Medium,Gluten,"Local grains, legumes, herbs",Vegan,,Prepare using traditional Himachali ingredients adjusted for bulking. Serve one balanced portion.,45 mins strength training,Watch portion size and allergies.
485,Himachal Pradesh,Bulking,Lunch,Rajma Chawal (High Protein 404),520,32,50,16,8,Medium,Medium,Medium,,"Local grains, legumes, herbs",Vegan,,Prepare using traditional Himachali ingredients adjusted for bulking. Serve one balanced portion.,45 mins strength training,Watch portion size and allergies.
486,Himachal Pradesh,Bulking,Lunch,Rajma Chawal (Light 392),520,32,50,16,8,Medium,Medium,Medium,,"Local grains, legumes, herbs",Vegan,,Prepare using traditional Himachali ingredients adjusted for bulking. Serve one balanced portion.,45 mins strength training,Watch portion size and allergies.
487,Himachal Pradesh,Bulking,Lunch,Rajma Chawal (Traditional 398),520,32,50,16,8,Medium,Medium,Medium,,"Local grains, legumes, herbs",Vegan,,Prepare using traditional Himachali ingredients adjusted for bulking. Serve one balanced portion.,45 mins strength training,Watch portion size and allergies.
488,Himachal Pradesh,Bulking,Lunch,Makki Roti + Mah Dal + 3 Boiled Eggs + Bhey,900,55,100,31,10,Medium,Medium,Medium,Eggs,"Maize Flour, Urad Dal, Eggs, Lotus Stem",,,Add eggs to the heavy dal-roti combo to maximize protein.,45 mins compound lifts,Monitor joint health
489,Himachal Pradesh,Bulking,Snack,Aktori (Light 408),520,32,50,16,8,Medium,Medium,Medium,,"Local grains, legumes, herbs",Vegetarian,,Prepare using traditional Himachali ingredients adjusted for bulking. Serve one balanced portion.,45 mins strength training,Watch portion size and allergies.
490,Himachal Pradesh,Bulking,Snack,Babru (Roasted 409),520,32,50,16,8,Medium,Medium,Medium,Gluten,"Local grains, legumes, herbs",Vegetarian,,Prepare using traditional Himachali ingredients adjusted for bulking. Serve one balanced portion.,45 mins strength training,Watch portion size and allergies.
491,Himachal Pradesh,Bulking,Snack,Bhangjeera (Hemp Seed) Chutney + 2 Roti,400,25,45,13,8,Medium,Medium,Low,Gluten,"Hemp Seeds, Wheat",Vegetarian,,"Grind hemp seeds into a dense, high-calorie paste.",Powerlifting routine,Ensure adequate sleep
492,Himachal Pradesh,Bulking,Snack,Bhey (High Protein 412),520,32,50,16,8,Medium,Medium,Medium,,"Local grains, legumes, herbs",Vegetarian,,Prepare using traditional Himachali ingredients adjusted for bulking. Serve one balanced portion.,45 mins strength training,Watch portion size and allergies.
493,Himachal Pradesh,Bulking,Snack,Kodra Roti (Salt Controlled 415),520,32,50,16,8,Medium,Medium,Medium,Gluten,"Local grains, legumes, herbs",Vegetarian,,Prepare using traditional Himachali ingredients adjusted for bulking. Serve one balanced portion.,45 mins strength training,Watch portion size and allergies.
494,Himachal Pradesh,Bulking,Snack,Large Bowl Roasted Soybeans & Hemp Seeds,400,25,45,13,8,Medium,Medium,Medium,Soy,"Black Soybeans, Hemp Seeds",Vegetarian,,Mix large portions of seeds and beans.,Powerlifting routine,Ensure adequate sleep
495,Himachal Pradesh,Bulking,Snack,Large Bowl of Pahadi Chana Chaat,400,25,45,13,8,Medium,Medium,Low,,"Black Chickpeas, Onion, Tomato",Vegetarian,,Boil chickpeas thoroughly and toss with veggies.,Powerlifting routine,Ensure adequate sleep
496,Himachal Pradesh,Bulking,Snack,Large Bowl of Roasted Nuts & Hemp Seeds,400,25,45,13,8,Medium,Medium,Medium,Nuts,"Walnuts, Almonds, Hemp Seeds",Vegetarian,,Mix large portions of raw nuts and seeds.,Powerlifting routine,Ensure adequate sleep
497,Himachal Pradesh,Bulking,Snack,Madra (Fiber Rich 413),520,32,50,16,8,Medium,Medium,Medium,,"Local grains, legumes, herbs",Vegetarian,,Prepare using traditional Himachali ingredients adjusted for bulking. Serve one balanced portion.,45 mins strength training,Watch portion size and allergies.
498,Himachal Pradesh,Bulking,Snack,Patande (No Oil 411),520,32,50,16,8,Medium,Medium,Medium,,"Local grains, legumes, herbs",Vegetarian,,Prepare using traditional Himachali ingredients adjusted for bulking. Serve one balanced portion.,45 mins strength training,Watch portion size and allergies.
499,Himachal Pradesh,Bulking,Snack,Roasted Soybeans & Peanuts Bowl,400,25,45,13,8,Medium,Medium,Low,"Soy, Peanuts","Black Soybeans, Peanuts",Vegetarian,,Mix equal parts for a high-calorie protein snack.,Powerlifting routine,Ensure adequate sleep
500,Himachal Pradesh,Bulking,Snack,Roasted Soybeans & Walnuts,400,25,45,13,8,Medium,Medium,Medium,"Soy, Nuts","Black Soybeans, Walnuts",Vegetarian,,Mix large handfuls of beans and nuts.,Powerlifting routine,Ensure adequate sleep
501,Himachal Pradesh,Bulking,Snack,Sepu Badi (Traditional 414),520,32,50,16,8,Medium,Medium,Medium,,"Local grains, legumes, herbs",Vegetarian,,Prepare using traditional Himachali ingredients adjusted for bulking. Serve one balanced portion.,45 mins strength training,Watch portion size and allergies.
502,Himachal Pradesh,Bulking,Snack,Siddu (Steamed 410),520,32,50,16,8,Medium,Medium,Medium,Gluten,"Local grains, legumes, herbs",Vegetarian,,Prepare using traditional Himachali ingredients adjusted for bulking. Serve one balanced portion.,45 mins strength training,Watch portion size and allergies.
503,Himachal Pradesh,Bulking,Snack,Thick Walnut & Hemp Seed Shake,400,25,45,13,8,Medium,Medium,Medium,"Dairy, Nuts","Walnuts, Hemp Seeds, Full Cream Milk",Vegetarian,,Blend nuts and seeds into full-fat milk for a massive calorie shake.,Powerlifting routine,Ensure adequate sleep
504,Himachal Pradesh,Bulking,Snack,Walnut & Hemp Seed Paste + Roti,400,25,45,13,8,Medium,Medium,Low,"Gluten, Nuts","Walnuts, Hemp Seeds, Wheat",Vegetarian,,Use the dense seed/nut paste as a spread on thick roti.,Powerlifting routine,Ensure adequate sleep
505,Himachal Pradesh,Bulking,Snack,Chha Gosht (High Protein 420),520,32,50,16,8,Medium,Medium,Medium,,"Local meat, herbs, spices",Non-Vegetarian,Chicken,Prepare using traditional Himachali ingredients adjusted for bulking. Serve one balanced portion.,45 mins strength training,Watch portion size and allergies.
506,Himachal Pradesh,Bulking,Snack,Chha Gosht (Steamed 426),520,32,50,16,8,Medium,Medium,Medium,,"Local meat, herbs, spices",Non-Vegetarian,Chicken,Prepare using traditional Himachali ingredients adjusted for bulking. Serve one balanced portion.,45 mins strength training,Watch portion size and allergies.
507,Himachal Pradesh,Bulking,Snack,Chicken Anardana (High Protein 428),520,32,50,16,8,Medium,Medium,Medium,,"Local meat, herbs, spices",Non-Vegetarian,Chicken,Prepare using traditional Himachali ingredients adjusted for bulking. Serve one balanced portion.,45 mins strength training,Watch portion size and allergies.
508,Himachal Pradesh,Bulking,Snack,Chicken Anardana (Light 416),520,32,50,16,8,Medium,Medium,Medium,,"Local meat, herbs, spices",Non-Vegetarian,Chicken,Prepare using traditional Himachali ingredients adjusted for bulking. Serve one balanced portion.,45 mins strength training,Watch portion size and allergies.
509,Himachal Pradesh,Bulking,Snack,Chicken Anardana (Traditional 422),520,32,50,16,8,Medium,Medium,Medium,,"Local meat, herbs, spices",Non-Vegetarian,Chicken,Prepare using traditional Himachali ingredients adjusted for bulking. Serve one balanced portion.,45 mins strength training,Watch portion size and allergies.
510,Himachal Pradesh,Bulking,Snack,Kullu Trout (Fiber Rich 421),520,32,50,16,8,Medium,Medium,Medium,,"Local meat, herbs, spices",Non-Vegetarian,Fish,Prepare using traditional Himachali ingredients adjusted for bulking. Serve one balanced portion.,45 mins strength training,Watch portion size and allergies.
511,Himachal Pradesh,Bulking,Snack,Kullu Trout (No Oil 427),520,32,50,16,8,Medium,Medium,Medium,,"Local meat, herbs, spices",Non-Vegetarian,Fish,Prepare using traditional Himachali ingredients adjusted for bulking. Serve one balanced portion.,45 mins strength training,Watch portion size and allergies.
512,Himachal Pradesh,Bulking,Snack,Mutton Madra (Light 424),520,32,50,16,8,Medium,Medium,Medium,,"Local meat, herbs, spices",Non-Vegetarian,Chicken,Prepare using traditional Himachali ingredients adjusted for bulking. Serve one balanced portion.,45 mins strength training,Watch portion size and allergies.
513,Himachal Pradesh,Bulking,Snack,Mutton Madra (Steamed 418),520,32,50,16,8,Medium,Medium,Medium,,"Local meat, herbs, spices",Non-Vegetarian,Chicken,Prepare using traditional Himachali ingredients adjusted for bulking. Serve one balanced portion.,45 mins strength training,Watch portion size and allergies.
514,Himachal Pradesh,Bulking,Snack,Mutton Madra (Traditional 430),520,32,50,16,8,Medium,Medium,Medium,,"Local meat, herbs, spices",Non-Vegetarian,Chicken,Prepare using traditional Himachali ingredients adjusted for bulking. Serve one balanced portion.,45 mins strength training,Watch portion size and allergies.
515,Himachal Pradesh,Bulking,Snack,Pahadi Egg Curry (Fiber Rich 429),520,32,50,16,8,Medium,Medium,Medium,,"Local meat, herbs, spices",Non-Vegetarian,Chicken,Prepare using traditional Himachali ingredients adjusted for bulking. Serve one balanced portion.,45 mins strength training,Watch portion size and allergies.
516,Himachal Pradesh,Bulking,Snack,Pahadi Egg Curry (Roasted 417),520,32,50,16,8,Medium,Medium,Medium,,"Local meat, herbs, spices",Non-Vegetarian,Chicken,Prepare using traditional Himachali ingredients adjusted for bulking. Serve one balanced portion.,45 mins strength training,Watch portion size and allergies.
517,Himachal Pradesh,Bulking,Snack,Pahadi Egg Curry (Salt Controlled 423),520,32,50,16,8,Medium,Medium,Medium,,"Local meat, herbs, spices",Non-Vegetarian,Chicken,Prepare using traditional Himachali ingredients adjusted for bulking. Serve one balanced portion.,45 mins strength training,Watch portion size and allergies.
518,Himachal Pradesh,Bulking,Snack,River Fish Curry (No Oil 419),520,32,50,16,8,Medium,Medium,Medium,,"Local meat, herbs, spices",Non-Vegetarian,Fish,Prepare using traditional Himachali ingredients adjusted for bulking. Serve one balanced portion.,45 mins strength training,Watch portion size and allergies.
519,Himachal Pradesh,Bulking,Snack,River Fish Curry (Roasted 425),520,32,50,16,8,Medium,Medium,Medium,,"Local meat, herbs, spices",Non-Vegetarian,Fish,Prepare using traditional Himachali ingredients adjusted for bulking. Serve one balanced portion.,45 mins strength training,Watch portion size and allergies.
520,Himachal Pradesh,Bulking,Snack,River Fish Curry (Salt Controlled 431),520,32,50,16,8,Medium,Medium,Medium,,"Local meat, herbs, spices",Non-Vegetarian,Fish,Prepare using traditional Himachali ingredients adjusted for bulking. Serve one balanced portion.,45 mins strength training,Watch portion size and allergies.
521,Himachal Pradesh,Bulking,Snack,Bhey (High Protein 444),520,32,50,16,8,Medium,Medium,Medium,,"Local grains, legumes, herbs",Vegan,,Prepare using traditional Himachali ingredients adjusted for bulking. Serve one balanced portion.,45 mins strength training,Watch portion size and allergies.
522,Himachal Pradesh,Bulking,Snack,Bhey (Light 432),520,32,50,16,8,Medium,Medium,Medium,,"Local grains, legumes, herbs",Vegan,,Prepare using traditional Himachali ingredients adjusted for bulking. Serve one balanced portion.,45 mins strength training,Watch portion size and allergies.
523,Himachal Pradesh,Bulking,Snack,Bhey (Traditional 438),520,32,50,16,8,Medium,Medium,Medium,,"Local grains, legumes, herbs",Vegan,,Prepare using traditional Himachali ingredients adjusted for bulking. Serve one balanced portion.,45 mins strength training,Watch portion size and allergies.
524,Himachal Pradesh,Bulking,Snack,Jau Khichdi (Fiber Rich 445),520,32,50,16,8,Medium,Medium,Medium,,"Local grains, legumes, herbs",Vegan,,Prepare using traditional Himachali ingredients adjusted for bulking. Serve one balanced portion.,45 mins strength training,Watch portion size and allergies.
525,Himachal Pradesh,Bulking,Snack,Jau Khichdi (Roasted 433),520,32,50,16,8,Medium,Medium,Medium,,"Local grains, legumes, herbs",Vegan,,Prepare using traditional Himachali ingredients adjusted for bulking. Serve one balanced portion.,45 mins strength training,Watch portion size and allergies.
526,Himachal Pradesh,Bulking,Snack,Jau Khichdi (Salt Controlled 439),520,32,50,16,8,Medium,Medium,Medium,,"Local grains, legumes, herbs",Vegan,,Prepare using traditional Himachali ingredients adjusted for bulking. Serve one balanced portion.,45 mins strength training,Watch portion size and allergies.
527,Himachal Pradesh,Bulking,Snack,Lingri Sabzi (No Oil 435),520,32,50,16,8,Medium,Medium,Medium,,"Local grains, legumes, herbs",Vegan,,Prepare using traditional Himachali ingredients adjusted for bulking. Serve one balanced portion.,45 mins strength training,Watch portion size and allergies.
528,Himachal Pradesh,Bulking,Snack,Lingri Sabzi (Roasted 441),520,32,50,16,8,Medium,Medium,Medium,,"Local grains, legumes, herbs",Vegan,,Prepare using traditional Himachali ingredients adjusted for bulking. Serve one balanced portion.,45 mins strength training,Watch portion size and allergies.
529,Himachal Pradesh,Bulking,Snack,Lingri Sabzi (Salt Controlled 447),520,32,50,16,8,Medium,Medium,Medium,,"Local grains, legumes, herbs",Vegan,,Prepare using traditional Himachali ingredients adjusted for bulking. Serve one balanced portion.,45 mins strength training,Watch portion size and allergies.
530,Himachal Pradesh,Bulking,Snack,Mah Dal (High Protein 436),520,32,50,16,8,Medium,Medium,Medium,,"Local grains, legumes, herbs",Vegan,,Prepare using traditional Himachali ingredients adjusted for bulking. Serve one balanced portion.,45 mins strength training,Watch portion size and allergies.
531,Himachal Pradesh,Bulking,Snack,Mah Dal (Steamed 442),520,32,50,16,8,Medium,Medium,Medium,,"Local grains, legumes, herbs",Vegan,,Prepare using traditional Himachali ingredients adjusted for bulking. Serve one balanced portion.,45 mins strength training,Watch portion size and allergies.
532,Himachal Pradesh,Bulking,Snack,Makki Roti (Fiber Rich 437),520,32,50,16,8,Medium,Medium,Medium,Gluten,"Local grains, legumes, herbs",Vegan,,Prepare using traditional Himachali ingredients adjusted for bulking. Serve one balanced portion.,45 mins strength training,Watch portion size and allergies.
533,Himachal Pradesh,Bulking,Snack,Makki Roti (No Oil 443),520,32,50,16,8,Medium,Medium,Medium,Gluten,"Local grains, legumes, herbs",Vegan,,Prepare using traditional Himachali ingredients adjusted for bulking. Serve one balanced portion.,45 mins strength training,Watch portion size and allergies.
534,Himachal Pradesh,Bulking,Snack,Rajma Chawal (Light 440),520,32,50,16,8,Medium,Medium,Medium,,"Local grains, legumes, herbs",Vegan,,Prepare using traditional Himachali ingredients adjusted for bulking. Serve one balanced portion.,45 mins strength training,Watch portion size and allergies.
535,Himachal Pradesh,Bulking,Snack,Rajma Chawal (Steamed 434),520,32,50,16,8,Medium,Medium,Medium,,"Local grains, legumes, herbs",Vegan,,Prepare using traditional Himachali ingredients adjusted for bulking. Serve one balanced portion.,45 mins strength training,Watch portion size and allergies.
536,Himachal Pradesh,Bulking,Snack,Rajma Chawal (Traditional 446),520,32,50,16,8,Medium,Medium,Medium,,"Local grains, legumes, herbs",Vegan,,Prepare using traditional Himachali ingredients adjusted for bulking. Serve one balanced portion.,45 mins strength training,Watch portion size and allergies.
537,Himachal Pradesh,Bulking,Dinner,Aktori (Light 448),520,32,50,16,8,Medium,Medium,Medium,,"Local grains, legumes, herbs",Vegetarian,,Prepare using traditional Himachali ingredients adjusted for bulking. Serve one balanced portion.,45 mins strength training,Watch portion size and allergies.
538,Himachal Pradesh,Bulking,Dinner,Aktori (Light 456),520,32,50,16,8,Medium,Medium,Medium,,"Local grains, legumes, herbs",Vegetarian,,Prepare using traditional Himachali ingredients adjusted for bulking. Serve one balanced portion.,45 mins strength training,Watch portion size and allergies.
539,Himachal Pradesh,Bulking,Dinner,Babru (Roasted 449),520,32,50,16,8,Medium,Medium,Medium,Gluten,"Local grains, legumes, herbs",Vegetarian,,Prepare using traditional Himachali ingredients adjusted for bulking. Serve one balanced portion.,45 mins strength training,Watch portion size and allergies.
540,Himachal Pradesh,Bulking,Dinner,Babru (Roasted 457),520,32,50,16,8,Medium,Medium,Medium,Gluten,"Local grains, legumes, herbs",Vegetarian,,Prepare using traditional Himachali ingredients adjusted for bulking. Serve one balanced portion.,45 mins strength training,Watch portion size and allergies.
541,Himachal Pradesh,Bulking,Dinner,Bhey (High Protein 452),520,32,50,16,8,Medium,Medium,Medium,,"Local grains, legumes, herbs",Vegetarian,,Prepare using traditional Himachali ingredients adjusted for bulking. Serve one balanced portion.,45 mins strength training,Watch portion size and allergies.
542,Himachal Pradesh,Bulking,Dinner,Bhey (High Protein 460),520,32,50,16,8,Medium,Medium,Medium,,"Local grains, legumes, herbs",Vegetarian,,Prepare using traditional Himachali ingredients adjusted for bulking. Serve one balanced portion.,45 mins strength training,Watch portion size and allergies.
543,Himachal Pradesh,Bulking,Dinner,Kodra Roti (Salt Controlled 455),520,32,50,16,8,Medium,Medium,Medium,Gluten,"Local grains, legumes, herbs",Vegetarian,,Prepare using traditional Himachali ingredients adjusted for bulking. Serve one balanced portion.,45 mins strength training,Watch portion size and allergies.
544,Himachal Pradesh,Bulking,Dinner,Kodra Roti (Salt Controlled 463),520,32,50,16,8,Medium,Medium,Medium,Gluten,"Local grains, legumes, herbs",Vegetarian,,Prepare using traditional Himachali ingredients adjusted for bulking. Serve one balanced portion.,45 mins strength training,Watch portion size and allergies.
545,Himachal Pradesh,Bulking,Dinner,Madra (Fiber Rich 453),520,32,50,16,8,Medium,Medium,Medium,,"Local grains, legumes, herbs",Vegetarian,,Prepare using traditional Himachali ingredients adjusted for bulking. Serve one balanced portion.,45 mins strength training,Watch portion size and allergies.
546,Himachal Pradesh,Bulking,Dinner,Madra (Fiber Rich 461),520,32,50,16,8,Medium,Medium,Medium,,"Local grains, legumes, herbs",Vegetarian,,Prepare using traditional Himachali ingredients adjusted for bulking. Serve one balanced portion.,45 mins strength training,Watch portion size and allergies.
547,Himachal Pradesh,Bulking,Dinner,Patande (No Oil 451),520,32,50,16,8,Medium,Medium,Medium,,"Local grains, legumes, herbs",Vegetarian,,Prepare using traditional Himachali ingredients adjusted for bulking. Serve one balanced portion.,45 mins strength training,Watch portion size and allergies.
548,Himachal Pradesh,Bulking,Dinner,Patande (No Oil 459),520,32,50,16,8,Medium,Medium,Medium,,"Local grains, legumes, herbs",Vegetarian,,Prepare using traditional Himachali ingredients adjusted for bulking. Serve one balanced portion.,45 mins strength training,Watch portion size and allergies.
549,Himachal Pradesh,Bulking,Dinner,Sepu Badi (Traditional 454),520,32,50,16,8,Medium,Medium,Medium,,"Local grains, legumes, herbs",Vegetarian,,Prepare using traditional Himachali ingredients adjusted for bulking. Serve one balanced portion.,45 mins strength training,Watch portion size and allergies.
550,Himachal Pradesh,Bulking,Dinner,Sepu Badi (Traditional 462),520,32,50,16,8,Medium,Medium,Medium,,"Local grains, legumes, herbs",Vegetarian,,Prepare using traditional Himachali ingredients adjusted for bulking. Serve one balanced portion.,45 mins strength training,Watch portion size and allergies.
551,Himachal Pradesh,Bulking,Dinner,Siddu (Steamed 450),520,32,50,16,8,Medium,Medium,Medium,Gluten,"Local grains, legumes, herbs",Vegetarian,,Prepare using traditional Himachali ingredients adjusted for bulking. Serve one balanced portion.,45 mins strength training,Watch portion size and allergies.
552,Himachal Pradesh,Bulking,Dinner,Siddu (Steamed 458),520,32,50,16,8,Medium,Medium,Medium,Gluten,"Local grains, legumes, herbs",Vegetarian,,Prepare using traditional Himachali ingredients adjusted for bulking. Serve one balanced portion.,45 mins strength training,Watch portion size and allergies.
553,Himachal Pradesh,Bulking,Dinner,Chha Gosht (High Protein 468),520,32,50,16,8,Medium,Medium,Medium,,"Local meat, herbs, spices",Non-Vegetarian,Chicken,Prepare using traditional Himachali ingredients adjusted for bulking. Serve one balanced portion.,45 mins strength training,Watch portion size and allergies.
554,Himachal Pradesh,Bulking,Dinner,Chicken Anardana (Light 464),520,32,50,16,8,Medium,Medium,Medium,,"Local meat, herbs, spices",Non-Vegetarian,Chicken,Prepare using traditional Himachali ingredients adjusted for bulking. Serve one balanced portion.,45 mins strength training,Watch portion size and allergies.
555,Himachal Pradesh,Bulking,Dinner,Chicken Anardana (Traditional 470),520,32,50,16,8,Medium,Medium,Medium,,"Local meat, herbs, spices",Non-Vegetarian,Chicken,Prepare using traditional Himachali ingredients adjusted for bulking. Serve one balanced portion.,45 mins strength training,Watch portion size and allergies.
556,Himachal Pradesh,Bulking,Dinner,Heavy Mah Dal + Chicken Anardana + Roti,850,50,90,32,12,Medium,Medium,Medium,Gluten,"Urad Dal, Chicken, Pomegranate Seed, Wheat",Non-Vegetarian,Chicken,Slow-cook dal to a thick consistency; use large chicken portions.,Active recovery,Chew food thoroughly
557,Himachal Pradesh,Bulking,Dinner,Kodra Roti + Heavy Chicken Tari + Lingdi,850,50,90,32,12,Medium,Medium,Medium,,"Finger Millet, Chicken, Fiddlehead Fern",Non-Vegetarian,Chicken,"Use a heavy, spice-rich gravy for the chicken with thick millet rotis.",Active recovery,Chew food thoroughly
558,Himachal Pradesh,Bulking,Dinner,Kullu Trout (Fiber Rich 469),520,32,50,16,8,Medium,Medium,Medium,,"Local meat, herbs, spices",Non-Vegetarian,Fish,Prepare using traditional Himachali ingredients adjusted for bulking. Serve one balanced portion.,45 mins strength training,Watch portion size and allergies.
559,Himachal Pradesh,Bulking,Dinner,Makki Roti + Mah Dal + Double Chicken Curry,850,50,90,32,12,Medium,Medium,Medium,,"Maize Flour, Urad Dal, Chicken",Non-Vegetarian,Chicken,Double the chicken portion and pair with heavy urad dal.,Active recovery,Chew food thoroughly
560,Himachal Pradesh,Bulking,Dinner,Makki Roti + Mah Dal + Double Chicken Tari,850,50,90,32,12,Medium,Medium,Medium,,"Maize Flour, Urad Dal, Chicken",Non-Vegetarian,Chicken,Use a heavy chicken portion with dense urad dal.,Active recovery,Chew food thoroughly
561,Himachal Pradesh,Bulking,Dinner,Mutton Madra (Steamed 466),520,32,50,16,8,Medium,Medium,Medium,,"Local meat, herbs, spices",Non-Vegetarian,Chicken,Prepare using traditional Himachali ingredients adjusted for bulking. Serve one balanced portion.,45 mins strength training,Watch portion size and allergies.
562,Himachal Pradesh,Bulking,Dinner,Pahadi Egg Curry (Roasted 465),520,32,50,16,8,Medium,Medium,Medium,,"Local meat, herbs, spices",Non-Vegetarian,Chicken,Prepare using traditional Himachali ingredients adjusted for bulking. Serve one balanced portion.,45 mins strength training,Watch portion size and allergies.
563,Himachal Pradesh,Bulking,Dinner,Pahadi Egg Curry (Salt Controlled 471),520,32,50,16,8,Medium,Medium,Medium,,"Local meat, herbs, spices",Non-Vegetarian,Chicken,Prepare using traditional Himachali ingredients adjusted for bulking. Serve one balanced portion.,45 mins strength training,Watch portion size and allergies.
564,Himachal Pradesh,Bulking,Dinner,Red Rice + Kulthi Dal + Double Chicken Anardana,850,50,90,32,12,Medium,Medium,Medium,,"Red Rice, Horsegram, Chicken, Pomegranate Seed",Non-Vegetarian,Chicken,Double the meat portion and use rich anardana gravy.,Active recovery,Chew food thoroughly
565,Himachal Pradesh,Bulking,Dinner,Red Rice + Kulthi Dal + Double Chicken Roast,850,50,90,32,12,Medium,Medium,Medium,,"Red Rice, Horsegram, Chicken",Non-Vegetarian,Chicken,Roast a large chicken portion and serve with heavy dal.,Active recovery,Chew food thoroughly
566,Himachal Pradesh,Bulking,Dinner,River Fish Curry (No Oil 467),520,32,50,16,8,Medium,Medium,Medium,,"Local meat, herbs, spices",Non-Vegetarian,Fish,Prepare using traditional Himachali ingredients adjusted for bulking. Serve one balanced portion.,45 mins strength training,Watch portion size and allergies.
567,Himachal Pradesh,Bulking,Dinner,Wheat Roti + Heavy Chicken Anardana + Bhey,850,50,90,32,12,Medium,Medium,Medium,Gluten,"Wheat, Chicken, Pomegranate Seed, Lotus Stem",Non-Vegetarian,Chicken,"Use a very thick, spice-dense gravy with double chicken.",Active recovery,Chew food thoroughly
568,Himachal Pradesh,Bulking,Dinner,White Rice + Tudkiya Bhath + Fish Fry (Trout),850,50,90,32,12,High,Medium,Medium,Fish,"White Rice, Mixed Lentils, Trout Fish, Oil",Non-Vegetarian,Fish,Pan-fry the trout and serve with heavily spiced rice.,Active recovery,Chew food thoroughly
569,Himachal Pradesh,Bulking,Dinner,Bhey (Light 480),520,32,50,16,8,Medium,Medium,Medium,,"Local grains, legumes, herbs",Vegan,,Prepare using traditional Himachali ingredients adjusted for bulking. Serve one balanced portion.,45 mins strength training,Watch portion size and allergies.
570,Himachal Pradesh,Bulking,Dinner,Bhey (Steamed 474),520,32,50,16,8,Medium,Medium,Medium,,"Local grains, legumes, herbs",Vegan,,Prepare using traditional Himachali ingredients adjusted for bulking. Serve one balanced portion.,45 mins strength training,Watch portion size and allergies.
571,Himachal Pradesh,Bulking,Dinner,Bhey (Traditional 486),520,32,50,16,8,Medium,Medium,Medium,,"Local grains, legumes, herbs",Vegan,,Prepare using traditional Himachali ingredients adjusted for bulking. Serve one balanced portion.,45 mins strength training,Watch portion size and allergies.
572,Himachal Pradesh,Bulking,Dinner,Jau Khichdi (No Oil 475),520,32,50,16,8,Medium,Medium,Medium,,"Local grains, legumes, herbs",Vegan,,Prepare using traditional Himachali ingredients adjusted for bulking. Serve one balanced portion.,45 mins strength training,Watch portion size and allergies.
573,Himachal Pradesh,Bulking,Dinner,Jau Khichdi (Roasted 481),520,32,50,16,8,Medium,Medium,Medium,,"Local grains, legumes, herbs",Vegan,,Prepare using traditional Himachali ingredients adjusted for bulking. Serve one balanced portion.,45 mins strength training,Watch portion size and allergies.
574,Himachal Pradesh,Bulking,Dinner,Jau Khichdi (Salt Controlled 487),520,32,50,16,8,Medium,Medium,Medium,,"Local grains, legumes, herbs",Vegan,,Prepare using traditional Himachali ingredients adjusted for bulking. Serve one balanced portion.,45 mins strength training,Watch portion size and allergies.
575,Himachal Pradesh,Bulking,Dinner,Lingri Sabzi (Fiber Rich 477),520,32,50,16,8,Medium,Medium,Medium,,"Local grains, legumes, herbs",Vegan,,Prepare using traditional Himachali ingredients adjusted for bulking. Serve one balanced portion.,45 mins strength training,Watch portion size and allergies.
576,Himachal Pradesh,Bulking,Dinner,Lingri Sabzi (No Oil 483),520,32,50,16,8,Medium,Medium,Medium,,"Local grains, legumes, herbs",Vegan,,Prepare using traditional Himachali ingredients adjusted for bulking. Serve one balanced portion.,45 mins strength training,Watch portion size and allergies.
577,Himachal Pradesh,Bulking,Dinner,Mah Dal (High Protein 484),520,32,50,16,8,Medium,Medium,Medium,,"Local grains, legumes, herbs",Vegan,,Prepare using traditional Himachali ingredients adjusted for bulking. Serve one balanced portion.,45 mins strength training,Watch portion size and allergies.
578,Himachal Pradesh,Bulking,Dinner,Mah Dal (Light 472),520,32,50,16,8,Medium,Medium,Medium,,"Local grains, legumes, herbs",Vegan,,Prepare using traditional Himachali ingredients adjusted for bulking. Serve one balanced portion.,45 mins strength training,Watch portion size and allergies.
579,Himachal Pradesh,Bulking,Dinner,Mah Dal (Traditional 478),520,32,50,16,8,Medium,Medium,Medium,,"Local grains, legumes, herbs",Vegan,,Prepare using traditional Himachali ingredients adjusted for bulking. Serve one balanced portion.,45 mins strength training,Watch portion size and allergies.
580,Himachal Pradesh,Bulking,Dinner,Makki Roti (Fiber Rich 485),520,32,50,16,8,Medium,Medium,Medium,Gluten,"Local grains, legumes, herbs",Vegan,,Prepare using traditional Himachali ingredients adjusted for bulking. Serve one balanced portion.,45 mins strength training,Watch portion size and allergies.
581,Himachal Pradesh,Bulking,Dinner,Makki Roti (Roasted 473),520,32,50,16,8,Medium,Medium,Medium,Gluten,"Local grains, legumes, herbs",Vegan,,Prepare using traditional Himachali ingredients adjusted for bulking. Serve one balanced portion.,45 mins strength training,Watch portion size and allergies.
582,Himachal Pradesh,Bulking,Dinner,Makki Roti (Salt Controlled 479),520,32,50,16,8,Medium,Medium,Medium,Gluten,"Local grains, legumes, herbs",Vegan,,Prepare using traditional Himachali ingredients adjusted for bulking. Serve one balanced portion.,45 mins strength training,Watch portion size and allergies.
583,Himachal Pradesh,Bulking,Dinner,Rajma Chawal (High Protein 476),520,32,50,16,8,Medium,Medium,Medium,,"Local grains, legumes, herbs",Vegan,,Prepare using traditional Himachali ingredients adjusted for bulking. Serve one balanced portion.,45 mins strength training,Watch portion size and allergies.
584,Himachal Pradesh,Bulking,Dinner,Rajma Chawal (Steamed 482),520,32,50,16,8,Medium,Medium,Medium,,"Local grains, legumes, herbs",Vegan,,Prepare using traditional Himachali ingredients adjusted for bulking. Serve one balanced portion.,45 mins strength training,Watch portion size and allergies.
585,Himachal Pradesh,Maintaining Balanced Diet,Breakfast,Aktori (Buckwheat Pancake) + Mint Chutney,400,15,60,11,5,Low,Medium,Low,,"Buckwheat Flour, Mint",Vegetarian,,Cook pancake with a moderate brush of oil.,30 mins yoga,Maintain portion control
586,Himachal Pradesh,Maintaining Balanced Diet,Breakfast,Aktori (Light 488),400,22,45,12,8,Medium,Low,Low,,"Local grains, legumes, herbs",Vegetarian,,Prepare using traditional Himachali ingredients adjusted for maintaining balanced diet. Serve one balanced portion.,45 mins strength training,Watch portion size and allergies.
587,Himachal Pradesh,Maintaining Balanced Diet,Breakfast,Babru (Pan-roasted) + Fresh Curd,400,15,60,11,5,Medium,Medium,Low,"Gluten, Dairy","Wheat, Black Gram, Yogurt",Vegetarian,,Pan-roast the stuffed bread with minimal oil.,30 mins yoga,Maintain portion control
588,Himachal Pradesh,Maintaining Balanced Diet,Breakfast,Babru (Pan-roasted) + Yogurt,400,15,60,11,5,Medium,Medium,Low,"Gluten, Dairy","Wheat, Black Gram, Yogurt",Vegetarian,,Pan roast to maintain balanced fat levels.,30 mins yoga,Maintain portion control
589,Himachal Pradesh,Maintaining Balanced Diet,Breakfast,Babru (Roasted 489),400,22,45,12,8,Medium,Low,Low,Gluten,"Local grains, legumes, herbs",Vegetarian,,Prepare using traditional Himachali ingredients adjusted for maintaining balanced diet. Serve one balanced portion.,45 mins strength training,Watch portion size and allergies.
590,Himachal Pradesh,Maintaining Balanced Diet,Breakfast,Barley Babru (Dry Roasted) + Mint Chutney,400,15,60,11,5,Low,Medium,Low,Gluten,"Barley, Black Gram, Mint",Vegetarian,,Dry roast to keep the fat levels balanced.,30 mins yoga,Maintain portion control
591,Himachal Pradesh,Maintaining Balanced Diet,Breakfast,Barley Roti + Fresh Yogurt,400,15,60,11,5,Low,Medium,Low,"Gluten, Dairy","Barley, Yogurt",Vegetarian,,Serve dry roasted barley roti with fresh local yogurt.,30 mins yoga,Maintain portion control
592,Himachal Pradesh,Maintaining Balanced Diet,Breakfast,Bhey (High Protein 492),400,22,45,12,8,Medium,Low,Low,,"Local grains, legumes, herbs",Vegetarian,,Prepare using traditional Himachali ingredients adjusted for maintaining balanced diet. Serve one balanced portion.,45 mins strength training,Watch portion size and allergies.
593,Himachal Pradesh,Maintaining Balanced Diet,Breakfast,Kathu Roti + Fresh Mint Chutney,400,15,60,11,5,Low,Medium,Low,,"Buckwheat, Mint",Vegetarian,,Dry roast the buckwheat roti.,30 mins yoga,Maintain portion control
594,Himachal Pradesh,Maintaining Balanced Diet,Breakfast,Kodra Roti (Salt Controlled 495),400,22,45,12,8,Medium,Low,Low,Gluten,"Local grains, legumes, herbs",Vegetarian,,Prepare using traditional Himachali ingredients adjusted for maintaining balanced diet. Serve one balanced portion.,45 mins strength training,Watch portion size and allergies.
595,Himachal Pradesh,Maintaining Balanced Diet,Breakfast,Madra (Fiber Rich 493),400,22,45,12,8,Medium,Low,Low,,"Local grains, legumes, herbs",Vegetarian,,Prepare using traditional Himachali ingredients adjusted for maintaining balanced diet. Serve one balanced portion.,45 mins strength training,Watch portion size and allergies.
596,Himachal Pradesh,Maintaining Balanced Diet,Breakfast,Makki Roti + Fresh White Butter (1 tsp) + Chha,400,15,60,11,5,Medium,Medium,Medium,Dairy,"Maize Flour, Butter, Buttermilk",Vegetarian,,Limit butter to a small dollop for flavor.,30 mins yoga,Maintain portion control
597,Himachal Pradesh,Maintaining Balanced Diet,Breakfast,Patande (No Oil 491),400,22,45,12,8,Medium,Low,Low,,"Local grains, legumes, herbs",Vegetarian,,Prepare using traditional Himachali ingredients adjusted for maintaining balanced diet. Serve one balanced portion.,45 mins strength training,Watch portion size and allergies.
598,Himachal Pradesh,Maintaining Balanced Diet,Breakfast,Sepu Badi (Traditional 494),400,22,45,12,8,Medium,Low,Low,,"Local grains, legumes, herbs",Vegetarian,,Prepare using traditional Himachali ingredients adjusted for maintaining balanced diet. Serve one balanced portion.,45 mins strength training,Watch portion size and allergies.
599,Himachal Pradesh,Maintaining Balanced Diet,Breakfast,Siddu (Steamed 490),400,22,45,12,8,Medium,Low,Low,Gluten,"Local grains, legumes, herbs",Vegetarian,,Prepare using traditional Himachali ingredients adjusted for maintaining balanced diet. Serve one balanced portion.,45 mins strength training,Watch portion size and allergies.
600,Himachal Pradesh,Maintaining Balanced Diet,Breakfast,Steamed Kathu Siddu + Mint Chutney,400,15,60,11,5,Low,Medium,Low,,"Buckwheat, Mint",Vegetarian,,Steam perfectly; use minimal oil in stuffing.,30 mins yoga,Maintain portion control
601,Himachal Pradesh,Maintaining Balanced Diet,Breakfast,Chha Gosht (Light 504),400,22,45,12,8,Medium,Low,Low,,"Local meat, herbs, spices",Non-Vegetarian,Chicken,Prepare using traditional Himachali ingredients adjusted for maintaining balanced diet. Serve one balanced portion.,45 mins strength training,Watch portion size and allergies.
602,Himachal Pradesh,Maintaining Balanced Diet,Breakfast,Chha Gosht (Steamed 498),400,22,45,12,8,Medium,Low,Low,,"Local meat, herbs, spices",Non-Vegetarian,Chicken,Prepare using traditional Himachali ingredients adjusted for maintaining balanced diet. Serve one balanced portion.,45 mins strength training,Watch portion size and allergies.
603,Himachal Pradesh,Maintaining Balanced Diet,Breakfast,Chha Gosht (Traditional 510),400,22,45,12,8,Medium,Low,Low,,"Local meat, herbs, spices",Non-Vegetarian,Chicken,Prepare using traditional Himachali ingredients adjusted for maintaining balanced diet. Serve one balanced portion.,45 mins strength training,Watch portion size and allergies.
604,Himachal Pradesh,Maintaining Balanced Diet,Breakfast,Chicken Anardana (High Protein 500),400,22,45,12,8,Medium,Low,Low,,"Local meat, herbs, spices",Non-Vegetarian,Chicken,Prepare using traditional Himachali ingredients adjusted for maintaining balanced diet. Serve one balanced portion.,45 mins strength training,Watch portion size and allergies.
605,Himachal Pradesh,Maintaining Balanced Diet,Breakfast,Chicken Anardana (Steamed 506),400,22,45,12,8,Medium,Low,Low,,"Local meat, herbs, spices",Non-Vegetarian,Chicken,Prepare using traditional Himachali ingredients adjusted for maintaining balanced diet. Serve one balanced portion.,45 mins strength training,Watch portion size and allergies.
606,Himachal Pradesh,Maintaining Balanced Diet,Breakfast,Kullu Trout (No Oil 499),400,22,45,12,8,Medium,Low,Low,,"Local meat, herbs, spices",Non-Vegetarian,Fish,Prepare using traditional Himachali ingredients adjusted for maintaining balanced diet. Serve one balanced portion.,45 mins strength training,Watch portion size and allergies.
607,Himachal Pradesh,Maintaining Balanced Diet,Breakfast,Kullu Trout (Roasted 505),400,22,45,12,8,Medium,Low,Low,,"Local meat, herbs, spices",Non-Vegetarian,Fish,Prepare using traditional Himachali ingredients adjusted for maintaining balanced diet. Serve one balanced portion.,45 mins strength training,Watch portion size and allergies.
608,Himachal Pradesh,Maintaining Balanced Diet,Breakfast,Kullu Trout (Salt Controlled 511),400,22,45,12,8,Medium,Low,Low,,"Local meat, herbs, spices",Non-Vegetarian,Fish,Prepare using traditional Himachali ingredients adjusted for maintaining balanced diet. Serve one balanced portion.,45 mins strength training,Watch portion size and allergies.
609,Himachal Pradesh,Maintaining Balanced Diet,Breakfast,Mutton Madra (High Protein 508),400,22,45,12,8,Medium,Low,Low,,"Local meat, herbs, spices",Non-Vegetarian,Chicken,Prepare using traditional Himachali ingredients adjusted for maintaining balanced diet. Serve one balanced portion.,45 mins strength training,Watch portion size and allergies.
610,Himachal Pradesh,Maintaining Balanced Diet,Breakfast,Mutton Madra (Light 496),400,22,45,12,8,Medium,Low,Low,,"Local meat, herbs, spices",Non-Vegetarian,Chicken,Prepare using traditional Himachali ingredients adjusted for maintaining balanced diet. Serve one balanced portion.,45 mins strength training,Watch portion size and allergies.
611,Himachal Pradesh,Maintaining Balanced Diet,Breakfast,Mutton Madra (Traditional 502),400,22,45,12,8,Medium,Low,Low,,"Local meat, herbs, spices",Non-Vegetarian,Chicken,Prepare using traditional Himachali ingredients adjusted for maintaining balanced diet. Serve one balanced portion.,45 mins strength training,Watch portion size and allergies.
612,Himachal Pradesh,Maintaining Balanced Diet,Breakfast,Pahadi Egg Curry (Fiber Rich 501),400,22,45,12,8,Medium,Low,Low,,"Local meat, herbs, spices",Non-Vegetarian,Chicken,Prepare using traditional Himachali ingredients adjusted for maintaining balanced diet. Serve one balanced portion.,45 mins strength training,Watch portion size and allergies.
613,Himachal Pradesh,Maintaining Balanced Diet,Breakfast,Pahadi Egg Curry (No Oil 507),400,22,45,12,8,Medium,Low,Low,,"Local meat, herbs, spices",Non-Vegetarian,Chicken,Prepare using traditional Himachali ingredients adjusted for maintaining balanced diet. Serve one balanced portion.,45 mins strength training,Watch portion size and allergies.
614,Himachal Pradesh,Maintaining Balanced Diet,Breakfast,River Fish Curry (Fiber Rich 509),400,22,45,12,8,Medium,Low,Low,,"Local meat, herbs, spices",Non-Vegetarian,Fish,Prepare using traditional Himachali ingredients adjusted for maintaining balanced diet. Serve one balanced portion.,45 mins strength training,Watch portion size and allergies.
615,Himachal Pradesh,Maintaining Balanced Diet,Breakfast,River Fish Curry (Roasted 497),400,22,45,12,8,Medium,Low,Low,,"Local meat, herbs, spices",Non-Vegetarian,Fish,Prepare using traditional Himachali ingredients adjusted for maintaining balanced diet. Serve one balanced portion.,45 mins strength training,Watch portion size and allergies.
616,Himachal Pradesh,Maintaining Balanced Diet,Breakfast,River Fish Curry (Salt Controlled 503),400,22,45,12,8,Medium,Low,Low,,"Local meat, herbs, spices",Non-Vegetarian,Fish,Prepare using traditional Himachali ingredients adjusted for maintaining balanced diet. Serve one balanced portion.,45 mins strength training,Watch portion size and allergies.
617,Himachal Pradesh,Maintaining Balanced Diet,Breakfast,Bhey (High Protein 516),400,22,45,12,8,Medium,Low,Low,,"Local grains, legumes, herbs",Vegan,,Prepare using traditional Himachali ingredients adjusted for maintaining balanced diet. Serve one balanced portion.,45 mins strength training,Watch portion size and allergies.
618,Himachal Pradesh,Maintaining Balanced Diet,Breakfast,Bhey (Steamed 522),400,22,45,12,8,Medium,Low,Low,,"Local grains, legumes, herbs",Vegan,,Prepare using traditional Himachali ingredients adjusted for maintaining balanced diet. Serve one balanced portion.,45 mins strength training,Watch portion size and allergies.
619,Himachal Pradesh,Maintaining Balanced Diet,Breakfast,Jau Khichdi (Fiber Rich 517),400,22,45,12,8,Medium,Low,Low,,"Local grains, legumes, herbs",Vegan,,Prepare using traditional Himachali ingredients adjusted for maintaining balanced diet. Serve one balanced portion.,45 mins strength training,Watch portion size and allergies.
620,Himachal Pradesh,Maintaining Balanced Diet,Breakfast,Jau Khichdi (No Oil 523),400,22,45,12,8,Medium,Low,Low,,"Local grains, legumes, herbs",Vegan,,Prepare using traditional Himachali ingredients adjusted for maintaining balanced diet. Serve one balanced portion.,45 mins strength training,Watch portion size and allergies.
621,Himachal Pradesh,Maintaining Balanced Diet,Breakfast,Lingri Sabzi (Fiber Rich 525),400,22,45,12,8,Medium,Low,Low,,"Local grains, legumes, herbs",Vegan,,Prepare using traditional Himachali ingredients adjusted for maintaining balanced diet. Serve one balanced portion.,45 mins strength training,Watch portion size and allergies.
622,Himachal Pradesh,Maintaining Balanced Diet,Breakfast,Lingri Sabzi (Roasted 513),400,22,45,12,8,Medium,Low,Low,,"Local grains, legumes, herbs",Vegan,,Prepare using traditional Himachali ingredients adjusted for maintaining balanced diet. Serve one balanced portion.,45 mins strength training,Watch portion size and allergies.
623,Himachal Pradesh,Maintaining Balanced Diet,Breakfast,Lingri Sabzi (Salt Controlled 519),400,22,45,12,8,Medium,Low,Low,,"Local grains, legumes, herbs",Vegan,,Prepare using traditional Himachali ingredients adjusted for maintaining balanced diet. Serve one balanced portion.,45 mins strength training,Watch portion size and allergies.
624,Himachal Pradesh,Maintaining Balanced Diet,Breakfast,Mah Dal (Light 520),400,22,45,12,8,Medium,Low,Low,,"Local grains, legumes, herbs",Vegan,,Prepare using traditional Himachali ingredients adjusted for maintaining balanced diet. Serve one balanced portion.,45 mins strength training,Watch portion size and allergies.
625,Himachal Pradesh,Maintaining Balanced Diet,Breakfast,Mah Dal (Steamed 514),400,22,45,12,8,Medium,Low,Low,,"Local grains, legumes, herbs",Vegan,,Prepare using traditional Himachali ingredients adjusted for maintaining balanced diet. Serve one balanced portion.,45 mins strength training,Watch portion size and allergies.
626,Himachal Pradesh,Maintaining Balanced Diet,Breakfast,Mah Dal (Traditional 526),400,22,45,12,8,Medium,Low,Low,,"Local grains, legumes, herbs",Vegan,,Prepare using traditional Himachali ingredients adjusted for maintaining balanced diet. Serve one balanced portion.,45 mins strength training,Watch portion size and allergies.
627,Himachal Pradesh,Maintaining Balanced Diet,Breakfast,Makki Roti (No Oil 515),400,22,45,12,8,Medium,Low,Low,Gluten,"Local grains, legumes, herbs",Vegan,,Prepare using traditional Himachali ingredients adjusted for maintaining balanced diet. Serve one balanced portion.,45 mins strength training,Watch portion size and allergies.
628,Himachal Pradesh,Maintaining Balanced Diet,Breakfast,Makki Roti (Roasted 521),400,22,45,12,8,Medium,Low,Low,Gluten,"Local grains, legumes, herbs",Vegan,,Prepare using traditional Himachali ingredients adjusted for maintaining balanced diet. Serve one balanced portion.,45 mins strength training,Watch portion size and allergies.
629,Himachal Pradesh,Maintaining Balanced Diet,Breakfast,Makki Roti (Salt Controlled 527),400,22,45,12,8,Medium,Low,Low,Gluten,"Local grains, legumes, herbs",Vegan,,Prepare using traditional Himachali ingredients adjusted for maintaining balanced diet. Serve one balanced portion.,45 mins strength training,Watch portion size and allergies.
630,Himachal Pradesh,Maintaining Balanced Diet,Breakfast,Rajma Chawal (High Protein 524),400,22,45,12,8,Medium,Low,Low,,"Local grains, legumes, herbs",Vegan,,Prepare using traditional Himachali ingredients adjusted for maintaining balanced diet. Serve one balanced portion.,45 mins strength training,Watch portion size and allergies.
631,Himachal Pradesh,Maintaining Balanced Diet,Breakfast,Rajma Chawal (Light 512),400,22,45,12,8,Medium,Low,Low,,"Local grains, legumes, herbs",Vegan,,Prepare using traditional Himachali ingredients adjusted for maintaining balanced diet. Serve one balanced portion.,45 mins strength training,Watch portion size and allergies.
632,Himachal Pradesh,Maintaining Balanced Diet,Breakfast,Rajma Chawal (Traditional 518),400,22,45,12,8,Medium,Low,Low,,"Local grains, legumes, herbs",Vegan,,Prepare using traditional Himachali ingredients adjusted for maintaining balanced diet. Serve one balanced portion.,45 mins strength training,Watch portion size and allergies.
633,Himachal Pradesh,Maintaining Balanced Diet,Lunch,Aktori (Light 528),400,22,45,12,8,Medium,Low,Low,,"Local grains, legumes, herbs",Vegetarian,,Prepare using traditional Himachali ingredients adjusted for maintaining balanced diet. Serve one balanced portion.,45 mins strength training,Watch portion size and allergies.
634,Himachal Pradesh,Maintaining Balanced Diet,Lunch,Aktori (Light 536),400,22,45,12,8,Medium,Low,Low,,"Local grains, legumes, herbs",Vegetarian,,Prepare using traditional Himachali ingredients adjusted for maintaining balanced diet. Serve one balanced portion.,45 mins strength training,Watch portion size and allergies.
635,Himachal Pradesh,Maintaining Balanced Diet,Lunch,Babru (Roasted 529),400,22,45,12,8,Medium,Low,Low,Gluten,"Local grains, legumes, herbs",Vegetarian,,Prepare using traditional Himachali ingredients adjusted for maintaining balanced diet. Serve one balanced portion.,45 mins strength training,Watch portion size and allergies.
636,Himachal Pradesh,Maintaining Balanced Diet,Lunch,Babru (Roasted 537),400,22,45,12,8,Medium,Low,Low,Gluten,"Local grains, legumes, herbs",Vegetarian,,Prepare using traditional Himachali ingredients adjusted for maintaining balanced diet. Serve one balanced portion.,45 mins strength training,Watch portion size and allergies.
637,Himachal Pradesh,Maintaining Balanced Diet,Lunch,Bhey (High Protein 532),400,22,45,12,8,Medium,Low,Low,,"Local grains, legumes, herbs",Vegetarian,,Prepare using traditional Himachali ingredients adjusted for maintaining balanced diet. Serve one balanced portion.,45 mins strength training,Watch portion size and allergies.
638,Himachal Pradesh,Maintaining Balanced Diet,Lunch,Brown Rice + Chana Madra + Steamed Spinach,600,25,85,17,10,Medium,Medium,Medium,Dairy,"Brown Rice, Chickpeas, Yogurt, Spinach",Vegetarian,,Balance the rich Madra with plain steamed spinach.,45 mins walking,Stay hydrated
639,Himachal Pradesh,Maintaining Balanced Diet,Lunch,Brown Rice + Mah Dal + Butter Lingdi (Moderate),600,25,85,17,10,Medium,Medium,Low,Dairy,"Brown Rice, Urad Dal, Fiddlehead Fern, Butter",Vegetarian,,Use a strictly moderate amount of butter for the lingdi.,45 mins walking,Stay hydrated
640,Himachal Pradesh,Maintaining Balanced Diet,Lunch,Kodra Roti (Salt Controlled 535),400,22,45,12,8,Medium,Low,Low,Gluten,"Local grains, legumes, herbs",Vegetarian,,Prepare using traditional Himachali ingredients adjusted for maintaining balanced diet. Serve one balanced portion.,45 mins strength training,Watch portion size and allergies.
641,Himachal Pradesh,Maintaining Balanced Diet,Lunch,Madra (Fiber Rich 533),400,22,45,12,8,Medium,Low,Low,,"Local grains, legumes, herbs",Vegetarian,,Prepare using traditional Himachali ingredients adjusted for maintaining balanced diet. Serve one balanced portion.,45 mins strength training,Watch portion size and allergies.
642,Himachal Pradesh,Maintaining Balanced Diet,Lunch,Patande (No Oil 531),400,22,45,12,8,Medium,Low,Low,,"Local grains, legumes, herbs",Vegetarian,,Prepare using traditional Himachali ingredients adjusted for maintaining balanced diet. Serve one balanced portion.,45 mins strength training,Watch portion size and allergies.
643,Himachal Pradesh,Maintaining Balanced Diet,Lunch,Red Rice + Pahadi Rajma + Jimikand (Yam) Sabzi,600,25,85,17,10,Medium,Medium,Low,,"Red Rice, Kidney Beans, Elephant Foot Yam",Vegetarian,,Balance the starch of yam with high-protein Rajma.,45 mins walking,Stay hydrated
644,Himachal Pradesh,Maintaining Balanced Diet,Lunch,Sepu Badi (Traditional 534),400,22,45,12,8,Medium,Low,Low,,"Local grains, legumes, herbs",Vegetarian,,Prepare using traditional Himachali ingredients adjusted for maintaining balanced diet. Serve one balanced portion.,45 mins strength training,Watch portion size and allergies.
645,Himachal Pradesh,Maintaining Balanced Diet,Lunch,Siddu (Steamed 530),400,22,45,12,8,Medium,Low,Low,Gluten,"Local grains, legumes, herbs",Vegetarian,,Prepare using traditional Himachali ingredients adjusted for maintaining balanced diet. Serve one balanced portion.,45 mins strength training,Watch portion size and allergies.
646,Himachal Pradesh,Maintaining Balanced Diet,Lunch,Wheat Roti + Chana Madra + Steamed Spinach,600,25,85,17,10,Medium,Medium,Medium,"Gluten, Dairy","Wheat, Chickpeas, Yogurt, Spinach",Vegetarian,,Balance the rich yogurt Madra with plain steamed spinach.,45 mins walking,Stay hydrated
647,Himachal Pradesh,Maintaining Balanced Diet,Lunch,White Rice + Chana Madra + Kadoo,600,25,85,17,10,Medium,Medium,Medium,Dairy,"White Rice, Chickpeas, Yogurt, Pumpkin",Vegetarian,,Balance the heavy yogurt Madra with light pumpkin.,45 mins walking,Stay hydrated
648,Himachal Pradesh,Maintaining Balanced Diet,Lunch,White Rice + Mah Dal + Bhey Sabzi,600,25,85,17,10,Medium,Medium,Low,,"White Rice, Urad Dal, Lotus Stem",Vegetarian,,Balance the heavy Urad dal with a light Lotus stem stir-fry.,45 mins walking,Stay hydrated
649,Himachal Pradesh,Maintaining Balanced Diet,Lunch,Brown Rice + Pahadi Chicken Curry (Lean) + Beans,600,25,85,17,10,Medium,Medium,Low,,"Brown Rice, Chicken, French Beans",Non-Vegetarian,Chicken,Use lean chicken breast in the traditional gravy.,45 mins walking,Stay hydrated
650,Himachal Pradesh,Maintaining Balanced Diet,Lunch,Chha Gosht (High Protein 540),400,22,45,12,8,Medium,Low,Low,,"Local meat, herbs, spices",Non-Vegetarian,Chicken,Prepare using traditional Himachali ingredients adjusted for maintaining balanced diet. Serve one balanced portion.,45 mins strength training,Watch portion size and allergies.
651,Himachal Pradesh,Maintaining Balanced Diet,Lunch,Chha Gosht (Steamed 546),400,22,45,12,8,Medium,Low,Low,,"Local meat, herbs, spices",Non-Vegetarian,Chicken,Prepare using traditional Himachali ingredients adjusted for maintaining balanced diet. Serve one balanced portion.,45 mins strength training,Watch portion size and allergies.
652,Himachal Pradesh,Maintaining Balanced Diet,Lunch,Chicken Anardana (High Protein 548),400,22,45,12,8,Medium,Low,Low,,"Local meat, herbs, spices",Non-Vegetarian,Chicken,Prepare using traditional Himachali ingredients adjusted for maintaining balanced diet. Serve one balanced portion.,45 mins strength training,Watch portion size and allergies.
653,Himachal Pradesh,Maintaining Balanced Diet,Lunch,Chicken Anardana (Traditional 542),400,22,45,12,8,Medium,Low,Low,,"Local meat, herbs, spices",Non-Vegetarian,Chicken,Prepare using traditional Himachali ingredients adjusted for maintaining balanced diet. Serve one balanced portion.,45 mins strength training,Watch portion size and allergies.
654,Himachal Pradesh,Maintaining Balanced Diet,Lunch,Kullu Trout (Fiber Rich 541),400,22,45,12,8,Medium,Low,Low,,"Local meat, herbs, spices",Non-Vegetarian,Fish,Prepare using traditional Himachali ingredients adjusted for maintaining balanced diet. Serve one balanced portion.,45 mins strength training,Watch portion size and allergies.
655,Himachal Pradesh,Maintaining Balanced Diet,Lunch,Kullu Trout (No Oil 547),400,22,45,12,8,Medium,Low,Low,,"Local meat, herbs, spices",Non-Vegetarian,Fish,Prepare using traditional Himachali ingredients adjusted for maintaining balanced diet. Serve one balanced portion.,45 mins strength training,Watch portion size and allergies.
656,Himachal Pradesh,Maintaining Balanced Diet,Lunch,Mutton Madra (Light 544),400,22,45,12,8,Medium,Low,Low,,"Local meat, herbs, spices",Non-Vegetarian,Chicken,Prepare using traditional Himachali ingredients adjusted for maintaining balanced diet. Serve one balanced portion.,45 mins strength training,Watch portion size and allergies.
657,Himachal Pradesh,Maintaining Balanced Diet,Lunch,Mutton Madra (Steamed 538),400,22,45,12,8,Medium,Low,Low,,"Local meat, herbs, spices",Non-Vegetarian,Chicken,Prepare using traditional Himachali ingredients adjusted for maintaining balanced diet. Serve one balanced portion.,45 mins strength training,Watch portion size and allergies.
658,Himachal Pradesh,Maintaining Balanced Diet,Lunch,Mutton Madra (Traditional 550),400,22,45,12,8,Medium,Low,Low,,"Local meat, herbs, spices",Non-Vegetarian,Chicken,Prepare using traditional Himachali ingredients adjusted for maintaining balanced diet. Serve one balanced portion.,45 mins strength training,Watch portion size and allergies.
659,Himachal Pradesh,Maintaining Balanced Diet,Lunch,Pahadi Egg Curry (Fiber Rich 549),400,22,45,12,8,Medium,Low,Low,,"Local meat, herbs, spices",Non-Vegetarian,Chicken,Prepare using traditional Himachali ingredients adjusted for maintaining balanced diet. Serve one balanced portion.,45 mins strength training,Watch portion size and allergies.
660,Himachal Pradesh,Maintaining Balanced Diet,Lunch,Pahadi Egg Curry (Salt Controlled 543),400,22,45,12,8,Medium,Low,Low,,"Local meat, herbs, spices",Non-Vegetarian,Chicken,Prepare using traditional Himachali ingredients adjusted for maintaining balanced diet. Serve one balanced portion.,45 mins strength training,Watch portion size and allergies.
661,Himachal Pradesh,Maintaining Balanced Diet,Lunch,Red Rice + Kullu Trout (Grilled) + Beans Sabzi,600,25,85,17,10,Medium,Medium,Low,Fish,"Red Rice, Trout Fish, French Beans",Non-Vegetarian,Fish,Grill the fish with local herbs; balanced oil for beans.,45 mins walking,Stay hydrated
662,Himachal Pradesh,Maintaining Balanced Diet,Lunch,River Fish Curry (No Oil 539),400,22,45,12,8,Medium,Low,Low,,"Local meat, herbs, spices",Non-Vegetarian,Fish,Prepare using traditional Himachali ingredients adjusted for maintaining balanced diet. Serve one balanced portion.,45 mins strength training,Watch portion size and allergies.
663,Himachal Pradesh,Maintaining Balanced Diet,Lunch,River Fish Curry (Roasted 545),400,22,45,12,8,Medium,Low,Low,,"Local meat, herbs, spices",Non-Vegetarian,Fish,Prepare using traditional Himachali ingredients adjusted for maintaining balanced diet. Serve one balanced portion.,45 mins strength training,Watch portion size and allergies.
664,Himachal Pradesh,Maintaining Balanced Diet,Lunch,River Fish Curry (Salt Controlled 551),400,22,45,12,8,Medium,Low,Low,,"Local meat, herbs, spices",Non-Vegetarian,Fish,Prepare using traditional Himachali ingredients adjusted for maintaining balanced diet. Serve one balanced portion.,45 mins strength training,Watch portion size and allergies.
665,Himachal Pradesh,Maintaining Balanced Diet,Lunch,Bhey (High Protein 564),400,22,45,12,8,Medium,Low,Low,,"Local grains, legumes, herbs",Vegan,,Prepare using traditional Himachali ingredients adjusted for maintaining balanced diet. Serve one balanced portion.,45 mins strength training,Watch portion size and allergies.
666,Himachal Pradesh,Maintaining Balanced Diet,Lunch,Bhey (Light 552),400,22,45,12,8,Medium,Low,Low,,"Local grains, legumes, herbs",Vegan,,Prepare using traditional Himachali ingredients adjusted for maintaining balanced diet. Serve one balanced portion.,45 mins strength training,Watch portion size and allergies.
667,Himachal Pradesh,Maintaining Balanced Diet,Lunch,Bhey (Traditional 558),400,22,45,12,8,Medium,Low,Low,,"Local grains, legumes, herbs",Vegan,,Prepare using traditional Himachali ingredients adjusted for maintaining balanced diet. Serve one balanced portion.,45 mins strength training,Watch portion size and allergies.
668,Himachal Pradesh,Maintaining Balanced Diet,Lunch,Jau Khichdi (Fiber Rich 565),400,22,45,12,8,Medium,Low,Low,,"Local grains, legumes, herbs",Vegan,,Prepare using traditional Himachali ingredients adjusted for maintaining balanced diet. Serve one balanced portion.,45 mins strength training,Watch portion size and allergies.
669,Himachal Pradesh,Maintaining Balanced Diet,Lunch,Jau Khichdi (Roasted 553),400,22,45,12,8,Medium,Low,Low,,"Local grains, legumes, herbs",Vegan,,Prepare using traditional Himachali ingredients adjusted for maintaining balanced diet. Serve one balanced portion.,45 mins strength training,Watch portion size and allergies.
670,Himachal Pradesh,Maintaining Balanced Diet,Lunch,Jau Khichdi (Salt Controlled 559),400,22,45,12,8,Medium,Low,Low,,"Local grains, legumes, herbs",Vegan,,Prepare using traditional Himachali ingredients adjusted for maintaining balanced diet. Serve one balanced portion.,45 mins strength training,Watch portion size and allergies.
671,Himachal Pradesh,Maintaining Balanced Diet,Lunch,Lingri Sabzi (No Oil 555),400,22,45,12,8,Medium,Low,Low,,"Local grains, legumes, herbs",Vegan,,Prepare using traditional Himachali ingredients adjusted for maintaining balanced diet. Serve one balanced portion.,45 mins strength training,Watch portion size and allergies.
672,Himachal Pradesh,Maintaining Balanced Diet,Lunch,Lingri Sabzi (Roasted 561),400,22,45,12,8,Medium,Low,Low,,"Local grains, legumes, herbs",Vegan,,Prepare using traditional Himachali ingredients adjusted for maintaining balanced diet. Serve one balanced portion.,45 mins strength training,Watch portion size and allergies.
673,Himachal Pradesh,Maintaining Balanced Diet,Lunch,Lingri Sabzi (Salt Controlled 567),400,22,45,12,8,Medium,Low,Low,,"Local grains, legumes, herbs",Vegan,,Prepare using traditional Himachali ingredients adjusted for maintaining balanced diet. Serve one balanced portion.,45 mins strength training,Watch portion size and allergies.
674,Himachal Pradesh,Maintaining Balanced Diet,Lunch,Mah Dal (High Protein 556),400,22,45,12,8,Medium,Low,Low,,"Local grains, legumes, herbs",Vegan,,Prepare using traditional Himachali ingredients adjusted for maintaining balanced diet. Serve one balanced portion.,45 mins strength training,Watch portion size and allergies.
675,Himachal Pradesh,Maintaining Balanced Diet,Lunch,Mah Dal (Steamed 562),400,22,45,12,8,Medium,Low,Low,,"Local grains, legumes, herbs",Vegan,,Prepare using traditional Himachali ingredients adjusted for maintaining balanced diet. Serve one balanced portion.,45 mins strength training,Watch portion size and allergies.
676,Himachal Pradesh,Maintaining Balanced Diet,Lunch,Makki Roti (Fiber Rich 557),400,22,45,12,8,Medium,Low,Low,Gluten,"Local grains, legumes, herbs",Vegan,,Prepare using traditional Himachali ingredients adjusted for maintaining balanced diet. Serve one balanced portion.,45 mins strength training,Watch portion size and allergies.
677,Himachal Pradesh,Maintaining Balanced Diet,Lunch,Makki Roti (No Oil 563),400,22,45,12,8,Medium,Low,Low,Gluten,"Local grains, legumes, herbs",Vegan,,Prepare using traditional Himachali ingredients adjusted for maintaining balanced diet. Serve one balanced portion.,45 mins strength training,Watch portion size and allergies.
678,Himachal Pradesh,Maintaining Balanced Diet,Lunch,Rajma Chawal (Light 560),400,22,45,12,8,Medium,Low,Low,,"Local grains, legumes, herbs",Vegan,,Prepare using traditional Himachali ingredients adjusted for maintaining balanced diet. Serve one balanced portion.,45 mins strength training,Watch portion size and allergies.
679,Himachal Pradesh,Maintaining Balanced Diet,Lunch,Rajma Chawal (Steamed 554),400,22,45,12,8,Medium,Low,Low,,"Local grains, legumes, herbs",Vegan,,Prepare using traditional Himachali ingredients adjusted for maintaining balanced diet. Serve one balanced portion.,45 mins strength training,Watch portion size and allergies.
680,Himachal Pradesh,Maintaining Balanced Diet,Lunch,Rajma Chawal (Traditional 566),400,22,45,12,8,Medium,Low,Low,,"Local grains, legumes, herbs",Vegan,,Prepare using traditional Himachali ingredients adjusted for maintaining balanced diet. Serve one balanced portion.,45 mins strength training,Watch portion size and allergies.
681,Himachal Pradesh,Maintaining Balanced Diet,Snack,Aktori (Light 568),400,22,45,12,8,Medium,Low,Low,,"Local grains, legumes, herbs",Vegetarian,,Prepare using traditional Himachali ingredients adjusted for maintaining balanced diet. Serve one balanced portion.,45 mins strength training,Watch portion size and allergies.
682,Himachal Pradesh,Maintaining Balanced Diet,Snack,Babru (Roasted 569),400,22,45,12,8,Medium,Low,Low,Gluten,"Local grains, legumes, herbs",Vegetarian,,Prepare using traditional Himachali ingredients adjusted for maintaining balanced diet. Serve one balanced portion.,45 mins strength training,Watch portion size and allergies.
683,Himachal Pradesh,Maintaining Balanced Diet,Snack,Bhey (High Protein 572),400,22,45,12,8,Medium,Low,Low,,"Local grains, legumes, herbs",Vegetarian,,Prepare using traditional Himachali ingredients adjusted for maintaining balanced diet. Serve one balanced portion.,45 mins strength training,Watch portion size and allergies.
684,Himachal Pradesh,Maintaining Balanced Diet,Snack,Fresh Apricots,200,8,30,5,4,Low,Low,Low,,Apricots,Vegetarian,,Serve fresh local fruit.,30 mins cycling,No specific warning
685,Himachal Pradesh,Maintaining Balanced Diet,Snack,Fresh Apricots (Chulli),200,8,30,5,4,Low,Low,Low,,Apricots,Vegetarian,,Serve fresh local apricots.,30 mins cycling,No specific warning
686,Himachal Pradesh,Maintaining Balanced Diet,Snack,Fresh Pear Slices,200,8,30,5,4,Low,Low,Low,,Pear,Vegetarian,,Serve fresh local pears.,30 mins cycling,No specific warning
687,Himachal Pradesh,Maintaining Balanced Diet,Snack,Fresh Plums,200,8,30,5,4,Low,Low,Low,,Plums,Vegetarian,,Serve fresh local plums.,30 mins cycling,No specific warning
688,Himachal Pradesh,Maintaining Balanced Diet,Snack,Kinnaur Apple Slices + Walnuts,200,8,30,5,4,Low,Low,Low,Nuts,"Apple, Walnuts",Vegetarian,,Serve fresh apple with raw local walnuts.,30 mins cycling,No specific warning
689,Himachal Pradesh,Maintaining Balanced Diet,Snack,Kodra Roti (Salt Controlled 575),400,22,45,12,8,Medium,Low,Low,Gluten,"Local grains, legumes, herbs",Vegetarian,,Prepare using traditional Himachali ingredients adjusted for maintaining balanced diet. Serve one balanced portion.,45 mins strength training,Watch portion size and allergies.
690,Himachal Pradesh,Maintaining Balanced Diet,Snack,Local Peach (Aadoo) Slices,200,8,30,5,4,Low,Low,Low,,Peach,Vegetarian,,Serve fresh local peaches.,30 mins cycling,No specific warning
691,Himachal Pradesh,Maintaining Balanced Diet,Snack,Madra (Fiber Rich 573),400,22,45,12,8,Medium,Low,Low,,"Local grains, legumes, herbs",Vegetarian,,Prepare using traditional Himachali ingredients adjusted for maintaining balanced diet. Serve one balanced portion.,45 mins strength training,Watch portion size and allergies.
692,Himachal Pradesh,Maintaining Balanced Diet,Snack,Patande (No Oil 571),400,22,45,12,8,Medium,Low,Low,,"Local grains, legumes, herbs",Vegetarian,,Prepare using traditional Himachali ingredients adjusted for maintaining balanced diet. Serve one balanced portion.,45 mins strength training,Watch portion size and allergies.
693,Himachal Pradesh,Maintaining Balanced Diet,Snack,Roasted Black Soybeans (Bhatt),200,8,30,5,4,Low,Medium,Low,Soy,Black Soybeans,Vegetarian,,"Dry roast for a crunchy, balanced snack.",30 mins cycling,No specific warning
694,Himachal Pradesh,Maintaining Balanced Diet,Snack,Roasted Pahadi Chana (Brown Chickpeas),200,8,30,5,4,Low,Medium,Low,,Brown Chickpeas,Vegetarian,,"Dry roast perfectly for a crunchy, balanced snack.",30 mins cycling,No specific warning
695,Himachal Pradesh,Maintaining Balanced Diet,Snack,Sepu Badi (Traditional 574),400,22,45,12,8,Medium,Low,Low,,"Local grains, legumes, herbs",Vegetarian,,Prepare using traditional Himachali ingredients adjusted for maintaining balanced diet. Serve one balanced portion.,45 mins strength training,Watch portion size and allergies.
696,Himachal Pradesh,Maintaining Balanced Diet,Snack,Siddu (Steamed 570),400,22,45,12,8,Medium,Low,Low,Gluten,"Local grains, legumes, herbs",Vegetarian,,Prepare using traditional Himachali ingredients adjusted for maintaining balanced diet. Serve one balanced portion.,45 mins strength training,Watch portion size and allergies.
697,Himachal Pradesh,Maintaining Balanced Diet,Snack,Chha Gosht (High Protein 588),400,22,45,12,8,Medium,Low,Low,,"Local meat, herbs, spices",Non-Vegetarian,Chicken,Prepare using traditional Himachali ingredients adjusted for maintaining balanced diet. Serve one balanced portion.,45 mins strength training,Watch portion size and allergies.
698,Himachal Pradesh,Maintaining Balanced Diet,Snack,Chha Gosht (Light 576),400,22,45,12,8,Medium,Low,Low,,"Local meat, herbs, spices",Non-Vegetarian,Chicken,Prepare using traditional Himachali ingredients adjusted for maintaining balanced diet. Serve one balanced portion.,45 mins strength training,Watch portion size and allergies.
699,Himachal Pradesh,Maintaining Balanced Diet,Snack,Chha Gosht (Traditional 582),400,22,45,12,8,Medium,Low,Low,,"Local meat, herbs, spices",Non-Vegetarian,Chicken,Prepare using traditional Himachali ingredients adjusted for maintaining balanced diet. Serve one balanced portion.,45 mins strength training,Watch portion size and allergies.
700,Himachal Pradesh,Maintaining Balanced Diet,Snack,Chicken Anardana (Light 584),400,22,45,12,8,Medium,Low,Low,,"Local meat, herbs, spices",Non-Vegetarian,Chicken,Prepare using traditional Himachali ingredients adjusted for maintaining balanced diet. Serve one balanced portion.,45 mins strength training,Watch portion size and allergies.
701,Himachal Pradesh,Maintaining Balanced Diet,Snack,Chicken Anardana (Steamed 578),400,22,45,12,8,Medium,Low,Low,,"Local meat, herbs, spices",Non-Vegetarian,Chicken,Prepare using traditional Himachali ingredients adjusted for maintaining balanced diet. Serve one balanced portion.,45 mins strength training,Watch portion size and allergies.
702,Himachal Pradesh,Maintaining Balanced Diet,Snack,Chicken Anardana (Traditional 590),400,22,45,12,8,Medium,Low,Low,,"Local meat, herbs, spices",Non-Vegetarian,Chicken,Prepare using traditional Himachali ingredients adjusted for maintaining balanced diet. Serve one balanced portion.,45 mins strength training,Watch portion size and allergies.
703,Himachal Pradesh,Maintaining Balanced Diet,Snack,Kullu Trout (Fiber Rich 589),400,22,45,12,8,Medium,Low,Low,,"Local meat, herbs, spices",Non-Vegetarian,Fish,Prepare using traditional Himachali ingredients adjusted for maintaining balanced diet. Serve one balanced portion.,45 mins strength training,Watch portion size and allergies.
704,Himachal Pradesh,Maintaining Balanced Diet,Snack,Kullu Trout (Roasted 577),400,22,45,12,8,Medium,Low,Low,,"Local meat, herbs, spices",Non-Vegetarian,Fish,Prepare using traditional Himachali ingredients adjusted for maintaining balanced diet. Serve one balanced portion.,45 mins strength training,Watch portion size and allergies.
705,Himachal Pradesh,Maintaining Balanced Diet,Snack,Kullu Trout (Salt Controlled 583),400,22,45,12,8,Medium,Low,Low,,"Local meat, herbs, spices",Non-Vegetarian,Fish,Prepare using traditional Himachali ingredients adjusted for maintaining balanced diet. Serve one balanced portion.,45 mins strength training,Watch portion size and allergies.
706,Himachal Pradesh,Maintaining Balanced Diet,Snack,Mutton Madra (High Protein 580),400,22,45,12,8,Medium,Low,Low,,"Local meat, herbs, spices",Non-Vegetarian,Chicken,Prepare using traditional Himachali ingredients adjusted for maintaining balanced diet. Serve one balanced portion.,45 mins strength training,Watch portion size and allergies.
707,Himachal Pradesh,Maintaining Balanced Diet,Snack,Mutton Madra (Steamed 586),400,22,45,12,8,Medium,Low,Low,,"Local meat, herbs, spices",Non-Vegetarian,Chicken,Prepare using traditional Himachali ingredients adjusted for maintaining balanced diet. Serve one balanced portion.,45 mins strength training,Watch portion size and allergies.
708,Himachal Pradesh,Maintaining Balanced Diet,Snack,Pahadi Egg Curry (No Oil 579),400,22,45,12,8,Medium,Low,Low,,"Local meat, herbs, spices",Non-Vegetarian,Chicken,Prepare using traditional Himachali ingredients adjusted for maintaining balanced diet. Serve one balanced portion.,45 mins strength training,Watch portion size and allergies.
709,Himachal Pradesh,Maintaining Balanced Diet,Snack,Pahadi Egg Curry (Roasted 585),400,22,45,12,8,Medium,Low,Low,,"Local meat, herbs, spices",Non-Vegetarian,Chicken,Prepare using traditional Himachali ingredients adjusted for maintaining balanced diet. Serve one balanced portion.,45 mins strength training,Watch portion size and allergies.
710,Himachal Pradesh,Maintaining Balanced Diet,Snack,Pahadi Egg Curry (Salt Controlled 591),400,22,45,12,8,Medium,Low,Low,,"Local meat, herbs, spices",Non-Vegetarian,Chicken,Prepare using traditional Himachali ingredients adjusted for maintaining balanced diet. Serve one balanced portion.,45 mins strength training,Watch portion size and allergies.
711,Himachal Pradesh,Maintaining Balanced Diet,Snack,River Fish Curry (Fiber Rich 581),400,22,45,12,8,Medium,Low,Low,,"Local meat, herbs, spices",Non-Vegetarian,Fish,Prepare using traditional Himachali ingredients adjusted for maintaining balanced diet. Serve one balanced portion.,45 mins strength training,Watch portion size and allergies.
712,Himachal Pradesh,Maintaining Balanced Diet,Snack,River Fish Curry (No Oil 587),400,22,45,12,8,Medium,Low,Low,,"Local meat, herbs, spices",Non-Vegetarian,Fish,Prepare using traditional Himachali ingredients adjusted for maintaining balanced diet. Serve one balanced portion.,45 mins strength training,Watch portion size and allergies.
713,Himachal Pradesh,Maintaining Balanced Diet,Snack,Bhey (Light 600),400,22,45,12,8,Medium,Low,Low,,"Local grains, legumes, herbs",Vegan,,Prepare using traditional Himachali ingredients adjusted for maintaining balanced diet. Serve one balanced portion.,45 mins strength training,Watch portion size and allergies.
714,Himachal Pradesh,Maintaining Balanced Diet,Snack,Bhey (Steamed 594),400,22,45,12,8,Medium,Low,Low,,"Local grains, legumes, herbs",Vegan,,Prepare using traditional Himachali ingredients adjusted for maintaining balanced diet. Serve one balanced portion.,45 mins strength training,Watch portion size and allergies.
715,Himachal Pradesh,Maintaining Balanced Diet,Snack,Bhey (Traditional 606),400,22,45,12,8,Medium,Low,Low,,"Local grains, legumes, herbs",Vegan,,Prepare using traditional Himachali ingredients adjusted for maintaining balanced diet. Serve one balanced portion.,45 mins strength training,Watch portion size and allergies.
716,Himachal Pradesh,Maintaining Balanced Diet,Snack,Jau Khichdi (No Oil 595),400,22,45,12,8,Medium,Low,Low,,"Local grains, legumes, herbs",Vegan,,Prepare using traditional Himachali ingredients adjusted for maintaining balanced diet. Serve one balanced portion.,45 mins strength training,Watch portion size and allergies.
717,Himachal Pradesh,Maintaining Balanced Diet,Snack,Jau Khichdi (Roasted 601),400,22,45,12,8,Medium,Low,Low,,"Local grains, legumes, herbs",Vegan,,Prepare using traditional Himachali ingredients adjusted for maintaining balanced diet. Serve one balanced portion.,45 mins strength training,Watch portion size and allergies.
718,Himachal Pradesh,Maintaining Balanced Diet,Snack,Jau Khichdi (Salt Controlled 607),400,22,45,12,8,Medium,Low,Low,,"Local grains, legumes, herbs",Vegan,,Prepare using traditional Himachali ingredients adjusted for maintaining balanced diet. Serve one balanced portion.,45 mins strength training,Watch portion size and allergies.
719,Himachal Pradesh,Maintaining Balanced Diet,Snack,Lingri Sabzi (Fiber Rich 597),400,22,45,12,8,Medium,Low,Low,,"Local grains, legumes, herbs",Vegan,,Prepare using traditional Himachali ingredients adjusted for maintaining balanced diet. Serve one balanced portion.,45 mins strength training,Watch portion size and allergies.
720,Himachal Pradesh,Maintaining Balanced Diet,Snack,Lingri Sabzi (No Oil 603),400,22,45,12,8,Medium,Low,Low,,"Local grains, legumes, herbs",Vegan,,Prepare using traditional Himachali ingredients adjusted for maintaining balanced diet. Serve one balanced portion.,45 mins strength training,Watch portion size and allergies.
721,Himachal Pradesh,Maintaining Balanced Diet,Snack,Mah Dal (High Protein 604),400,22,45,12,8,Medium,Low,Low,,"Local grains, legumes, herbs",Vegan,,Prepare using traditional Himachali ingredients adjusted for maintaining balanced diet. Serve one balanced portion.,45 mins strength training,Watch portion size and allergies.
722,Himachal Pradesh,Maintaining Balanced Diet,Snack,Mah Dal (Light 592),400,22,45,12,8,Medium,Low,Low,,"Local grains, legumes, herbs",Vegan,,Prepare using traditional Himachali ingredients adjusted for maintaining balanced diet. Serve one balanced portion.,45 mins strength training,Watch portion size and allergies.
723,Himachal Pradesh,Maintaining Balanced Diet,Snack,Mah Dal (Traditional 598),400,22,45,12,8,Medium,Low,Low,,"Local grains, legumes, herbs",Vegan,,Prepare using traditional Himachali ingredients adjusted for maintaining balanced diet. Serve one balanced portion.,45 mins strength training,Watch portion size and allergies.
724,Himachal Pradesh,Maintaining Balanced Diet,Snack,Makki Roti (Fiber Rich 605),400,22,45,12,8,Medium,Low,Low,Gluten,"Local grains, legumes, herbs",Vegan,,Prepare using traditional Himachali ingredients adjusted for maintaining balanced diet. Serve one balanced portion.,45 mins strength training,Watch portion size and allergies.
725,Himachal Pradesh,Maintaining Balanced Diet,Snack,Makki Roti (Roasted 593),400,22,45,12,8,Medium,Low,Low,Gluten,"Local grains, legumes, herbs",Vegan,,Prepare using traditional Himachali ingredients adjusted for maintaining balanced diet. Serve one balanced portion.,45 mins strength training,Watch portion size and allergies.
726,Himachal Pradesh,Maintaining Balanced Diet,Snack,Makki Roti (Salt Controlled 599),400,22,45,12,8,Medium,Low,Low,Gluten,"Local grains, legumes, herbs",Vegan,,Prepare using traditional Himachali ingredients adjusted for maintaining balanced diet. Serve one balanced portion.,45 mins strength training,Watch portion size and allergies.
727,Himachal Pradesh,Maintaining Balanced Diet,Snack,Rajma Chawal (High Protein 596),400,22,45,12,8,Medium,Low,Low,,"Local grains, legumes, herbs",Vegan,,Prepare using traditional Himachali ingredients adjusted for maintaining balanced diet. Serve one balanced portion.,45 mins strength training,Watch portion size and allergies.
728,Himachal Pradesh,Maintaining Balanced Diet,Snack,Rajma Chawal (Steamed 602),400,22,45,12,8,Medium,Low,Low,,"Local grains, legumes, herbs",Vegan,,Prepare using traditional Himachali ingredients adjusted for maintaining balanced diet. Serve one balanced portion.,45 mins strength training,Watch portion size and allergies.
729,Himachal Pradesh,Maintaining Balanced Diet,Dinner,Aktori (Light 608),400,22,45,12,8,Medium,Low,Low,,"Local grains, legumes, herbs",Vegetarian,,Prepare using traditional Himachali ingredients adjusted for maintaining balanced diet. Serve one balanced portion.,45 mins strength training,Watch portion size and allergies.
730,Himachal Pradesh,Maintaining Balanced Diet,Dinner,Aktori (Light 616),400,22,45,12,8,Medium,Low,Low,,"Local grains, legumes, herbs",Vegetarian,,Prepare using traditional Himachali ingredients adjusted for maintaining balanced diet. Serve one balanced portion.,45 mins strength training,Watch portion size and allergies.
731,Himachal Pradesh,Maintaining Balanced Diet,Dinner,Babru (Roasted 609),400,22,45,12,8,Medium,Low,Low,Gluten,"Local grains, legumes, herbs",Vegetarian,,Prepare using traditional Himachali ingredients adjusted for maintaining balanced diet. Serve one balanced portion.,45 mins strength training,Watch portion size and allergies.
732,Himachal Pradesh,Maintaining Balanced Diet,Dinner,Babru (Roasted 617),400,22,45,12,8,Medium,Low,Low,Gluten,"Local grains, legumes, herbs",Vegetarian,,Prepare using traditional Himachali ingredients adjusted for maintaining balanced diet. Serve one balanced portion.,45 mins strength training,Watch portion size and allergies.
733,Himachal Pradesh,Maintaining Balanced Diet,Dinner,Bhey (High Protein 612),400,22,45,12,8,Medium,Low,Low,,"Local grains, legumes, herbs",Vegetarian,,Prepare using traditional Himachali ingredients adjusted for maintaining balanced diet. Serve one balanced portion.,45 mins strength training,Watch portion size and allergies.
734,Himachal Pradesh,Maintaining Balanced Diet,Dinner,Bhey (High Protein 620),400,22,45,12,8,Medium,Low,Low,,"Local grains, legumes, herbs",Vegetarian,,Prepare using traditional Himachali ingredients adjusted for maintaining balanced diet. Serve one balanced portion.,45 mins strength training,Watch portion size and allergies.
735,Himachal Pradesh,Maintaining Balanced Diet,Dinner,Kodra Roti (Salt Controlled 615),400,22,45,12,8,Medium,Low,Low,Gluten,"Local grains, legumes, herbs",Vegetarian,,Prepare using traditional Himachali ingredients adjusted for maintaining balanced diet. Serve one balanced portion.,45 mins strength training,Watch portion size and allergies.
736,Himachal Pradesh,Maintaining Balanced Diet,Dinner,Kodra Roti + Sepu Badi (Light Gravy),500,25,60,17,11,Low,Medium,Low,Soy,"Finger Millet, Urad Dal, Spinach",Vegetarian,,"Cook Sepu Badi in a light, low-oil spinach gravy.",Daily stretching,No specific warning
737,Himachal Pradesh,Maintaining Balanced Diet,Dinner,Madra (Fiber Rich 613),400,22,45,12,8,Medium,Low,Low,,"Local grains, legumes, herbs",Vegetarian,,Prepare using traditional Himachali ingredients adjusted for maintaining balanced diet. Serve one balanced portion.,45 mins strength training,Watch portion size and allergies.
738,Himachal Pradesh,Maintaining Balanced Diet,Dinner,Makki Roti + Sarson Ka Saag (Moderate Ghee),500,25,60,17,11,Medium,Medium,Low,Dairy,"Maize Flour, Mustard Greens, Ghee",Vegetarian,,Use a moderate 1 tsp ghee per serving of saag.,Daily stretching,No specific warning
739,Himachal Pradesh,Maintaining Balanced Diet,Dinner,Patande (No Oil 611),400,22,45,12,8,Medium,Low,Low,,"Local grains, legumes, herbs",Vegetarian,,Prepare using traditional Himachali ingredients adjusted for maintaining balanced diet. Serve one balanced portion.,45 mins strength training,Watch portion size and allergies.
740,Himachal Pradesh,Maintaining Balanced Diet,Dinner,Patande (No Oil 619),400,22,45,12,8,Medium,Low,Low,,"Local grains, legumes, herbs",Vegetarian,,Prepare using traditional Himachali ingredients adjusted for maintaining balanced diet. Serve one balanced portion.,45 mins strength training,Watch portion size and allergies.
741,Himachal Pradesh,Maintaining Balanced Diet,Dinner,Sepu Badi (Traditional 614),400,22,45,12,8,Medium,Low,Low,,"Local grains, legumes, herbs",Vegetarian,,Prepare using traditional Himachali ingredients adjusted for maintaining balanced diet. Serve one balanced portion.,45 mins strength training,Watch portion size and allergies.
742,Himachal Pradesh,Maintaining Balanced Diet,Dinner,Siddu (Steamed 610),400,22,45,12,8,Medium,Low,Low,Gluten,"Local grains, legumes, herbs",Vegetarian,,Prepare using traditional Himachali ingredients adjusted for maintaining balanced diet. Serve one balanced portion.,45 mins strength training,Watch portion size and allergies.
743,Himachal Pradesh,Maintaining Balanced Diet,Dinner,Siddu (Steamed 618),400,22,45,12,8,Medium,Low,Low,Gluten,"Local grains, legumes, herbs",Vegetarian,,Prepare using traditional Himachali ingredients adjusted for maintaining balanced diet. Serve one balanced portion.,45 mins strength training,Watch portion size and allergies.
744,Himachal Pradesh,Maintaining Balanced Diet,Dinner,Wheat Roti + Kadoo (Pumpkin) Sabzi + Mash Dal,500,25,60,17,11,Medium,Medium,Low,Gluten,"Wheat, Pumpkin, Urad Dal",Vegetarian,,Balance the light pumpkin with the hearty urad dal.,Daily stretching,No specific warning
745,Himachal Pradesh,Maintaining Balanced Diet,Dinner,Brown Rice + Chicken Curry + Steamed Spinach,500,25,60,17,11,Medium,Medium,Low,,"Brown Rice, Chicken, Spinach",Non-Vegetarian,Chicken,Use standard balanced portions for rice and lean chicken.,Daily stretching,No specific warning
746,Himachal Pradesh,Maintaining Balanced Diet,Dinner,Chha Gosht (Light 624),400,22,45,12,8,Medium,Low,Low,,"Local meat, herbs, spices",Non-Vegetarian,Chicken,Prepare using traditional Himachali ingredients adjusted for maintaining balanced diet. Serve one balanced portion.,45 mins strength training,Watch portion size and allergies.
747,Himachal Pradesh,Maintaining Balanced Diet,Dinner,Chha Gosht (Traditional 630),400,22,45,12,8,Medium,Low,Low,,"Local meat, herbs, spices",Non-Vegetarian,Chicken,Prepare using traditional Himachali ingredients adjusted for maintaining balanced diet. Serve one balanced portion.,45 mins strength training,Watch portion size and allergies.
748,Himachal Pradesh,Maintaining Balanced Diet,Dinner,Chicken Anardana (Steamed 626),400,22,45,12,8,Medium,Low,Low,,"Local meat, herbs, spices",Non-Vegetarian,Chicken,Prepare using traditional Himachali ingredients adjusted for maintaining balanced diet. Serve one balanced portion.,45 mins strength training,Watch portion size and allergies.
749,Himachal Pradesh,Maintaining Balanced Diet,Dinner,Kodra Roti + Chicken Tari (Lean) + Spinach,500,25,60,17,11,Medium,Medium,Low,,"Finger Millet, Chicken, Spinach",Non-Vegetarian,Chicken,Use lean chicken and serve with a moderate portion of spinach.,Daily stretching,No specific warning
750,Himachal Pradesh,Maintaining Balanced Diet,Dinner,Kullu Trout (Roasted 625),400,22,45,12,8,Medium,Low,Low,,"Local meat, herbs, spices",Non-Vegetarian,Fish,Prepare using traditional Himachali ingredients adjusted for maintaining balanced diet. Serve one balanced portion.,45 mins strength training,Watch portion size and allergies.
751,Himachal Pradesh,Maintaining Balanced Diet,Dinner,Kullu Trout (Salt Controlled 631),400,22,45,12,8,Medium,Low,Low,,"Local meat, herbs, spices",Non-Vegetarian,Fish,Prepare using traditional Himachali ingredients adjusted for maintaining balanced diet. Serve one balanced portion.,45 mins strength training,Watch portion size and allergies.
752,Himachal Pradesh,Maintaining Balanced Diet,Dinner,Mutton Madra (High Protein 628),400,22,45,12,8,Medium,Low,Low,,"Local meat, herbs, spices",Non-Vegetarian,Chicken,Prepare using traditional Himachali ingredients adjusted for maintaining balanced diet. Serve one balanced portion.,45 mins strength training,Watch portion size and allergies.
753,Himachal Pradesh,Maintaining Balanced Diet,Dinner,Mutton Madra (Traditional 622),400,22,45,12,8,Medium,Low,Low,,"Local meat, herbs, spices",Non-Vegetarian,Chicken,Prepare using traditional Himachali ingredients adjusted for maintaining balanced diet. Serve one balanced portion.,45 mins strength training,Watch portion size and allergies.
754,Himachal Pradesh,Maintaining Balanced Diet,Dinner,Pahadi Egg Curry (Fiber Rich 621),400,22,45,12,8,Medium,Low,Low,,"Local meat, herbs, spices",Non-Vegetarian,Chicken,Prepare using traditional Himachali ingredients adjusted for maintaining balanced diet. Serve one balanced portion.,45 mins strength training,Watch portion size and allergies.
755,Himachal Pradesh,Maintaining Balanced Diet,Dinner,Pahadi Egg Curry (No Oil 627),400,22,45,12,8,Medium,Low,Low,,"Local meat, herbs, spices",Non-Vegetarian,Chicken,Prepare using traditional Himachali ingredients adjusted for maintaining balanced diet. Serve one balanced portion.,45 mins strength training,Watch portion size and allergies.
756,Himachal Pradesh,Maintaining Balanced Diet,Dinner,River Fish Curry (Fiber Rich 629),400,22,45,12,8,Medium,Low,Low,,"Local meat, herbs, spices",Non-Vegetarian,Fish,Prepare using traditional Himachali ingredients adjusted for maintaining balanced diet. Serve one balanced portion.,45 mins strength training,Watch portion size and allergies.
757,Himachal Pradesh,Maintaining Balanced Diet,Dinner,River Fish Curry (Salt Controlled 623),400,22,45,12,8,Medium,Low,Low,,"Local meat, herbs, spices",Non-Vegetarian,Fish,Prepare using traditional Himachali ingredients adjusted for maintaining balanced diet. Serve one balanced portion.,45 mins strength training,Watch portion size and allergies.
758,Himachal Pradesh,Maintaining Balanced Diet,Dinner,Wheat Roti + Chicken Tari (Balanced) + Kadoo,500,25,60,17,11,Medium,Medium,Low,Gluten,"Wheat, Chicken, Pumpkin",Non-Vegetarian,Chicken,Use balanced portions of chicken and light pumpkin sabzi.,Daily stretching,No specific warning
759,Himachal Pradesh,Maintaining Balanced Diet,Dinner,Wheat Roti + Chicken Tari (Lean) + Kadoo,500,25,60,17,11,Medium,Medium,Low,Gluten,"Wheat, Lean Chicken, Pumpkin",Non-Vegetarian,Chicken,Use lean chicken and balanced portions of light pumpkin.,Daily stretching,No specific warning
760,Himachal Pradesh,Maintaining Balanced Diet,Dinner,Wheat Roti + Khatta Meat (Lean) + Spinach,500,25,60,17,11,Medium,Medium,Low,Gluten,"Wheat, Mutton, Spinach, Dry Mango Powder",Non-Vegetarian,Mutton,Use lean mutton cuts and balance with leafy greens.,Daily stretching,No specific warning
761,Himachal Pradesh,Maintaining Balanced Diet,Dinner,Bhey (High Protein 636),400,22,45,12,8,Medium,Low,Low,,"Local grains, legumes, herbs",Vegan,,Prepare using traditional Himachali ingredients adjusted for maintaining balanced diet. Serve one balanced portion.,45 mins strength training,Watch portion size and allergies.
762,Himachal Pradesh,Maintaining Balanced Diet,Dinner,Bhey (Steamed 642),400,22,45,12,8,Medium,Low,Low,,"Local grains, legumes, herbs",Vegan,,Prepare using traditional Himachali ingredients adjusted for maintaining balanced diet. Serve one balanced portion.,45 mins strength training,Watch portion size and allergies.
763,Himachal Pradesh,Maintaining Balanced Diet,Dinner,Jau Khichdi (Fiber Rich 637),400,22,45,12,8,Medium,Low,Low,,"Local grains, legumes, herbs",Vegan,,Prepare using traditional Himachali ingredients adjusted for maintaining balanced diet. Serve one balanced portion.,45 mins strength training,Watch portion size and allergies.
764,Himachal Pradesh,Maintaining Balanced Diet,Dinner,Jau Khichdi (No Oil 643),400,22,45,12,8,Medium,Low,Low,,"Local grains, legumes, herbs",Vegan,,Prepare using traditional Himachali ingredients adjusted for maintaining balanced diet. Serve one balanced portion.,45 mins strength training,Watch portion size and allergies.
765,Himachal Pradesh,Maintaining Balanced Diet,Dinner,Lingri Sabzi (Fiber Rich 645),400,22,45,12,8,Medium,Low,Low,,"Local grains, legumes, herbs",Vegan,,Prepare using traditional Himachali ingredients adjusted for maintaining balanced diet. Serve one balanced portion.,45 mins strength training,Watch portion size and allergies.
766,Himachal Pradesh,Maintaining Balanced Diet,Dinner,Lingri Sabzi (Roasted 633),400,22,45,12,8,Medium,Low,Low,,"Local grains, legumes, herbs",Vegan,,Prepare using traditional Himachali ingredients adjusted for maintaining balanced diet. Serve one balanced portion.,45 mins strength training,Watch portion size and allergies.
767,Himachal Pradesh,Maintaining Balanced Diet,Dinner,Lingri Sabzi (Salt Controlled 639),400,22,45,12,8,Medium,Low,Low,,"Local grains, legumes, herbs",Vegan,,Prepare using traditional Himachali ingredients adjusted for maintaining balanced diet. Serve one balanced portion.,45 mins strength training,Watch portion size and allergies.
768,Himachal Pradesh,Maintaining Balanced Diet,Dinner,Mah Dal (Light 640),400,22,45,12,8,Medium,Low,Low,,"Local grains, legumes, herbs",Vegan,,Prepare using traditional Himachali ingredients adjusted for maintaining balanced diet. Serve one balanced portion.,45 mins strength training,Watch portion size and allergies.
769,Himachal Pradesh,Maintaining Balanced Diet,Dinner,Mah Dal (Steamed 634),400,22,45,12,8,Medium,Low,Low,,"Local grains, legumes, herbs",Vegan,,Prepare using traditional Himachali ingredients adjusted for maintaining balanced diet. Serve one balanced portion.,45 mins strength training,Watch portion size and allergies.
770,Himachal Pradesh,Maintaining Balanced Diet,Dinner,Mah Dal (Traditional 646),400,22,45,12,8,Medium,Low,Low,,"Local grains, legumes, herbs",Vegan,,Prepare using traditional Himachali ingredients adjusted for maintaining balanced diet. Serve one balanced portion.,45 mins strength training,Watch portion size and allergies.
771,Himachal Pradesh,Maintaining Balanced Diet,Dinner,Makki Roti (No Oil 635),400,22,45,12,8,Medium,Low,Low,Gluten,"Local grains, legumes, herbs",Vegan,,Prepare using traditional Himachali ingredients adjusted for maintaining balanced diet. Serve one balanced portion.,45 mins strength training,Watch portion size and allergies.
772,Himachal Pradesh,Maintaining Balanced Diet,Dinner,Makki Roti (Roasted 641),400,22,45,12,8,Medium,Low,Low,Gluten,"Local grains, legumes, herbs",Vegan,,Prepare using traditional Himachali ingredients adjusted for maintaining balanced diet. Serve one balanced portion.,45 mins strength training,Watch portion size and allergies.
773,Himachal Pradesh,Maintaining Balanced Diet,Dinner,Makki Roti (Salt Controlled 647),400,22,45,12,8,Medium,Low,Low,Gluten,"Local grains, legumes, herbs",Vegan,,Prepare using traditional Himachali ingredients adjusted for maintaining balanced diet. Serve one balanced portion.,45 mins strength training,Watch portion size and allergies.
774,Himachal Pradesh,Maintaining Balanced Diet,Dinner,Rajma Chawal (High Protein 644),400,22,45,12,8,Medium,Low,Low,,"Local grains, legumes, herbs",Vegan,,Prepare using traditional Himachali ingredients adjusted for maintaining balanced diet. Serve one balanced portion.,45 mins strength training,Watch portion size and allergies.
775,Himachal Pradesh,Maintaining Balanced Diet,Dinner,Rajma Chawal (Light 632),400,22,45,12,8,Medium,Low,Low,,"Local grains, legumes, herbs",Vegan,,Prepare using traditional Himachali ingredients adjusted for maintaining balanced diet. Serve one balanced portion.,45 mins strength training,Watch portion size and allergies.
776,Himachal Pradesh,Maintaining Balanced Diet,Dinner,Rajma Chawal (Traditional 638),400,22,45,12,8,Medium,Low,Low,,"Local grains, legumes, herbs",Vegan,,Prepare using traditional Himachali ingredients adjusted for maintaining balanced diet. Serve one balanced portion.,45 mins strength training,Watch portion size and allergies.
777,Himachal Pradesh,Diabetes,Breakfast,Aktori (Buckwheat) + Mint & Coriander Chutney,300,15,35,11,9,Low,Medium,Low,,"Buckwheat, Mint, Coriander",Vegetarian,,Cook without oil; buckwheat is excellent for glucose control.,20 mins post-meal walk,Check fasting glucose regularly
778,Himachal Pradesh,Diabetes,Breakfast,Aktori (Buckwheat) + Mint Chutney,300,15,35,11,9,Low,Medium,Low,,"Buckwheat, Mint",Vegetarian,,Cook without oil; use low GI buckwheat.,20 mins post-meal walk,Check fasting glucose regularly
779,Himachal Pradesh,Diabetes,Breakfast,Aktori (Light 648),330,22,34,8,10,Low,Low,Low,,"Local grains, legumes, herbs",Vegetarian,,Prepare using traditional Himachali ingredients adjusted for diabetes. Serve one balanced portion.,45 mins brisk walk,Watch portion size and allergies.
780,Himachal Pradesh,Diabetes,Breakfast,Babru (Roasted 649),330,22,34,8,10,Low,Low,Low,Gluten,"Local grains, legumes, herbs",Vegetarian,,Prepare using traditional Himachali ingredients adjusted for diabetes. Serve one balanced portion.,45 mins brisk walk,Watch portion size and allergies.
781,Himachal Pradesh,Diabetes,Breakfast,Barley Babru (Pan-roasted) + Pudina Chutney,300,15,35,11,9,Low,Medium,Low,Gluten,"Barley, Black Gram, Mint",Vegetarian,,Roast Babru on a tawa instead of deep frying to maintain low GI.,20 mins post-meal walk,Check fasting glucose regularly
782,Himachal Pradesh,Diabetes,Breakfast,Barley Roti + Unsweetened Buttermilk,300,15,35,11,9,Low,Medium,Low,"Gluten, Dairy","Barley, Buttermilk",Vegetarian,,Serve the low GI barley roti with completely plain buttermilk.,20 mins post-meal walk,Check fasting glucose regularly
783,Himachal Pradesh,Diabetes,Breakfast,Bhey (High Protein 652),330,22,34,8,10,Low,Low,Low,,"Local grains, legumes, herbs",Vegetarian,,Prepare using traditional Himachali ingredients adjusted for diabetes. Serve one balanced portion.,45 mins brisk walk,Watch portion size and allergies.
784,Himachal Pradesh,Diabetes,Breakfast,Kathu (Buckwheat) Roti + Unsweetened Curd,300,15,35,11,9,Low,Medium,Low,Dairy,"Buckwheat, Yogurt",Vegetarian,,Serve the low-GI buckwheat roti with plain curd.,20 mins post-meal walk,Check fasting glucose regularly
785,Himachal Pradesh,Diabetes,Breakfast,Kathu (Buckwheat) Siddu + Plain Yogurt,300,15,35,11,9,Low,Medium,Low,Dairy,"Buckwheat, Yogurt",Vegetarian,,"Steam the buckwheat siddu and serve with plain, unsweetened yogurt.",20 mins post-meal walk,Check fasting glucose regularly
786,Himachal Pradesh,Diabetes,Breakfast,Kodra Roti (Salt Controlled 655),330,22,34,8,10,Low,Low,Low,Gluten,"Local grains, legumes, herbs",Vegetarian,,Prepare using traditional Himachali ingredients adjusted for diabetes. Serve one balanced portion.,45 mins brisk walk,Watch portion size and allergies.
787,Himachal Pradesh,Diabetes,Breakfast,Madra (Fiber Rich 653),330,22,34,8,10,Low,Low,Low,,"Local grains, legumes, herbs",Vegetarian,,Prepare using traditional Himachali ingredients adjusted for diabetes. Serve one balanced portion.,45 mins brisk walk,Watch portion size and allergies.
788,Himachal Pradesh,Diabetes,Breakfast,Patande (No Oil 651),330,22,34,8,10,Low,Low,Low,,"Local grains, legumes, herbs",Vegetarian,,Prepare using traditional Himachali ingredients adjusted for diabetes. Serve one balanced portion.,45 mins brisk walk,Watch portion size and allergies.
789,Himachal Pradesh,Diabetes,Breakfast,Sepu Badi (Traditional 654),330,22,34,8,10,Low,Low,Low,,"Local grains, legumes, herbs",Vegetarian,,Prepare using traditional Himachali ingredients adjusted for diabetes. Serve one balanced portion.,45 mins brisk walk,Watch portion size and allergies.
790,Himachal Pradesh,Diabetes,Breakfast,Siddu (Steamed 650),330,22,34,8,10,Low,Low,Low,Gluten,"Local grains, legumes, herbs",Vegetarian,,Prepare using traditional Himachali ingredients adjusted for diabetes. Serve one balanced portion.,45 mins brisk walk,Watch portion size and allergies.
791,Himachal Pradesh,Diabetes,Breakfast,Sprouted Kala Chana Bowl,300,15,35,11,9,Low,Medium,Low,,"Black Chickpeas, Tomato, Onion",Vegetarian,,Steam the sprouts to aid digestion without adding GI.,20 mins post-meal walk,Check fasting glucose regularly
792,Himachal Pradesh,Diabetes,Breakfast,Steamed Babru + Mint Chutney,300,15,35,11,9,Low,Medium,Low,Gluten,"Wheat, Black Gram, Mint",Vegetarian,,Steam to maintain a very low GI and zero added fats.,20 mins post-meal walk,Check fasting glucose regularly
793,Himachal Pradesh,Diabetes,Breakfast,Chha Gosht (High Protein 660),330,22,34,8,10,Low,Low,Low,,"Local meat, herbs, spices",Non-Vegetarian,Chicken,Prepare using traditional Himachali ingredients adjusted for diabetes. Serve one balanced portion.,45 mins brisk walk,Watch portion size and allergies.
794,Himachal Pradesh,Diabetes,Breakfast,Chha Gosht (Steamed 666),330,22,34,8,10,Low,Low,Low,,"Local meat, herbs, spices",Non-Vegetarian,Chicken,Prepare using traditional Himachali ingredients adjusted for diabetes. Serve one balanced portion.,45 mins brisk walk,Watch portion size and allergies.
795,Himachal Pradesh,Diabetes,Breakfast,Chicken Anardana (High Protein 668),330,22,34,8,10,Low,Low,Low,,"Local meat, herbs, spices",Non-Vegetarian,Chicken,Prepare using traditional Himachali ingredients adjusted for diabetes. Serve one balanced portion.,45 mins brisk walk,Watch portion size and allergies.
796,Himachal Pradesh,Diabetes,Breakfast,Chicken Anardana (Light 656),330,22,34,8,10,Low,Low,Low,,"Local meat, herbs, spices",Non-Vegetarian,Chicken,Prepare using traditional Himachali ingredients adjusted for diabetes. Serve one balanced portion.,45 mins brisk walk,Watch portion size and allergies.
797,Himachal Pradesh,Diabetes,Breakfast,Chicken Anardana (Traditional 662),330,22,34,8,10,Low,Low,Low,,"Local meat, herbs, spices",Non-Vegetarian,Chicken,Prepare using traditional Himachali ingredients adjusted for diabetes. Serve one balanced portion.,45 mins brisk walk,Watch portion size and allergies.
798,Himachal Pradesh,Diabetes,Breakfast,Kullu Trout (Fiber Rich 661),330,22,34,8,10,Low,Low,Low,,"Local meat, herbs, spices",Non-Vegetarian,Fish,Prepare using traditional Himachali ingredients adjusted for diabetes. Serve one balanced portion.,45 mins brisk walk,Watch portion size and allergies.
799,Himachal Pradesh,Diabetes,Breakfast,Kullu Trout (No Oil 667),330,22,34,8,10,Low,Low,Low,,"Local meat, herbs, spices",Non-Vegetarian,Fish,Prepare using traditional Himachali ingredients adjusted for diabetes. Serve one balanced portion.,45 mins brisk walk,Watch portion size and allergies.
800,Himachal Pradesh,Diabetes,Breakfast,Mutton Madra (Light 664),330,22,34,8,10,Low,Low,Low,,"Local meat, herbs, spices",Non-Vegetarian,Chicken,Prepare using traditional Himachali ingredients adjusted for diabetes. Serve one balanced portion.,45 mins brisk walk,Watch portion size and allergies.
801,Himachal Pradesh,Diabetes,Breakfast,Mutton Madra (Steamed 658),330,22,34,8,10,Low,Low,Low,,"Local meat, herbs, spices",Non-Vegetarian,Chicken,Prepare using traditional Himachali ingredients adjusted for diabetes. Serve one balanced portion.,45 mins brisk walk,Watch portion size and allergies.
802,Himachal Pradesh,Diabetes,Breakfast,Mutton Madra (Traditional 670),330,22,34,8,10,Low,Low,Low,,"Local meat, herbs, spices",Non-Vegetarian,Chicken,Prepare using traditional Himachali ingredients adjusted for diabetes. Serve one balanced portion.,45 mins brisk walk,Watch portion size and allergies.
803,Himachal Pradesh,Diabetes,Breakfast,Pahadi Egg Curry (Fiber Rich 669),330,22,34,8,10,Low,Low,Low,,"Local meat, herbs, spices",Non-Vegetarian,Chicken,Prepare using traditional Himachali ingredients adjusted for diabetes. Serve one balanced portion.,45 mins brisk walk,Watch portion size and allergies.
804,Himachal Pradesh,Diabetes,Breakfast,Pahadi Egg Curry (Roasted 657),330,22,34,8,10,Low,Low,Low,,"Local meat, herbs, spices",Non-Vegetarian,Chicken,Prepare using traditional Himachali ingredients adjusted for diabetes. Serve one balanced portion.,45 mins brisk walk,Watch portion size and allergies.
805,Himachal Pradesh,Diabetes,Breakfast,Pahadi Egg Curry (Salt Controlled 663),330,22,34,8,10,Low,Low,Low,,"Local meat, herbs, spices",Non-Vegetarian,Chicken,Prepare using traditional Himachali ingredients adjusted for diabetes. Serve one balanced portion.,45 mins brisk walk,Watch portion size and allergies.
806,Himachal Pradesh,Diabetes,Breakfast,River Fish Curry (No Oil 659),330,22,34,8,10,Low,Low,Low,,"Local meat, herbs, spices",Non-Vegetarian,Fish,Prepare using traditional Himachali ingredients adjusted for diabetes. Serve one balanced portion.,45 mins brisk walk,Watch portion size and allergies.
807,Himachal Pradesh,Diabetes,Breakfast,River Fish Curry (Roasted 665),330,22,34,8,10,Low,Low,Low,,"Local meat, herbs, spices",Non-Vegetarian,Fish,Prepare using traditional Himachali ingredients adjusted for diabetes. Serve one balanced portion.,45 mins brisk walk,Watch portion size and allergies.
808,Himachal Pradesh,Diabetes,Breakfast,River Fish Curry (Salt Controlled 671),330,22,34,8,10,Low,Low,Low,,"Local meat, herbs, spices",Non-Vegetarian,Fish,Prepare using traditional Himachali ingredients adjusted for diabetes. Serve one balanced portion.,45 mins brisk walk,Watch portion size and allergies.
809,Himachal Pradesh,Diabetes,Breakfast,Bhey (High Protein 684),330,22,34,8,10,Low,Low,Low,,"Local grains, legumes, herbs",Vegan,,Prepare using traditional Himachali ingredients adjusted for diabetes. Serve one balanced portion.,45 mins brisk walk,Watch portion size and allergies.
810,Himachal Pradesh,Diabetes,Breakfast,Bhey (Light 672),330,22,34,8,10,Low,Low,Low,,"Local grains, legumes, herbs",Vegan,,Prepare using traditional Himachali ingredients adjusted for diabetes. Serve one balanced portion.,45 mins brisk walk,Watch portion size and allergies.
811,Himachal Pradesh,Diabetes,Breakfast,Bhey (Traditional 678),330,22,34,8,10,Low,Low,Low,,"Local grains, legumes, herbs",Vegan,,Prepare using traditional Himachali ingredients adjusted for diabetes. Serve one balanced portion.,45 mins brisk walk,Watch portion size and allergies.
812,Himachal Pradesh,Diabetes,Breakfast,Jau Khichdi (Fiber Rich 685),330,22,34,8,10,Low,Low,Low,,"Local grains, legumes, herbs",Vegan,,Prepare using traditional Himachali ingredients adjusted for diabetes. Serve one balanced portion.,45 mins brisk walk,Watch portion size and allergies.
813,Himachal Pradesh,Diabetes,Breakfast,Jau Khichdi (Roasted 673),330,22,34,8,10,Low,Low,Low,,"Local grains, legumes, herbs",Vegan,,Prepare using traditional Himachali ingredients adjusted for diabetes. Serve one balanced portion.,45 mins brisk walk,Watch portion size and allergies.
814,Himachal Pradesh,Diabetes,Breakfast,Jau Khichdi (Salt Controlled 679),330,22,34,8,10,Low,Low,Low,,"Local grains, legumes, herbs",Vegan,,Prepare using traditional Himachali ingredients adjusted for diabetes. Serve one balanced portion.,45 mins brisk walk,Watch portion size and allergies.
815,Himachal Pradesh,Diabetes,Breakfast,Lingri Sabzi (No Oil 675),330,22,34,8,10,Low,Low,Low,,"Local grains, legumes, herbs",Vegan,,Prepare using traditional Himachali ingredients adjusted for diabetes. Serve one balanced portion.,45 mins brisk walk,Watch portion size and allergies.
816,Himachal Pradesh,Diabetes,Breakfast,Lingri Sabzi (Roasted 681),330,22,34,8,10,Low,Low,Low,,"Local grains, legumes, herbs",Vegan,,Prepare using traditional Himachali ingredients adjusted for diabetes. Serve one balanced portion.,45 mins brisk walk,Watch portion size and allergies.
817,Himachal Pradesh,Diabetes,Breakfast,Lingri Sabzi (Salt Controlled 687),330,22,34,8,10,Low,Low,Low,,"Local grains, legumes, herbs",Vegan,,Prepare using traditional Himachali ingredients adjusted for diabetes. Serve one balanced portion.,45 mins brisk walk,Watch portion size and allergies.
818,Himachal Pradesh,Diabetes,Breakfast,Mah Dal (High Protein 676),330,22,34,8,10,Low,Low,Low,,"Local grains, legumes, herbs",Vegan,,Prepare using traditional Himachali ingredients adjusted for diabetes. Serve one balanced portion.,45 mins brisk walk,Watch portion size and allergies.
819,Himachal Pradesh,Diabetes,Breakfast,Mah Dal (Steamed 682),330,22,34,8,10,Low,Low,Low,,"Local grains, legumes, herbs",Vegan,,Prepare using traditional Himachali ingredients adjusted for diabetes. Serve one balanced portion.,45 mins brisk walk,Watch portion size and allergies.
820,Himachal Pradesh,Diabetes,Breakfast,Makki Roti (Fiber Rich 677),330,22,34,8,10,Low,Low,Low,Gluten,"Local grains, legumes, herbs",Vegan,,Prepare using traditional Himachali ingredients adjusted for diabetes. Serve one balanced portion.,45 mins brisk walk,Watch portion size and allergies.
821,Himachal Pradesh,Diabetes,Breakfast,Makki Roti (No Oil 683),330,22,34,8,10,Low,Low,Low,Gluten,"Local grains, legumes, herbs",Vegan,,Prepare using traditional Himachali ingredients adjusted for diabetes. Serve one balanced portion.,45 mins brisk walk,Watch portion size and allergies.
822,Himachal Pradesh,Diabetes,Breakfast,Rajma Chawal (Light 680),330,22,34,8,10,Low,Low,Low,,"Local grains, legumes, herbs",Vegan,,Prepare using traditional Himachali ingredients adjusted for diabetes. Serve one balanced portion.,45 mins brisk walk,Watch portion size and allergies.
823,Himachal Pradesh,Diabetes,Breakfast,Rajma Chawal (Steamed 674),330,22,34,8,10,Low,Low,Low,,"Local grains, legumes, herbs",Vegan,,Prepare using traditional Himachali ingredients adjusted for diabetes. Serve one balanced portion.,45 mins brisk walk,Watch portion size and allergies.
824,Himachal Pradesh,Diabetes,Breakfast,Rajma Chawal (Traditional 686),330,22,34,8,10,Low,Low,Low,,"Local grains, legumes, herbs",Vegan,,Prepare using traditional Himachali ingredients adjusted for diabetes. Serve one balanced portion.,45 mins brisk walk,Watch portion size and allergies.
825,Himachal Pradesh,Diabetes,Lunch,Aktori (Light 688),330,22,34,8,10,Low,Low,Low,,"Local grains, legumes, herbs",Vegetarian,,Prepare using traditional Himachali ingredients adjusted for diabetes. Serve one balanced portion.,45 mins brisk walk,Watch portion size and allergies.
826,Himachal Pradesh,Diabetes,Lunch,Aktori (Light 696),330,22,34,8,10,Low,Low,Low,,"Local grains, legumes, herbs",Vegetarian,,Prepare using traditional Himachali ingredients adjusted for diabetes. Serve one balanced portion.,45 mins brisk walk,Watch portion size and allergies.
827,Himachal Pradesh,Diabetes,Lunch,Babru (Roasted 689),330,22,34,8,10,Low,Low,Low,Gluten,"Local grains, legumes, herbs",Vegetarian,,Prepare using traditional Himachali ingredients adjusted for diabetes. Serve one balanced portion.,45 mins brisk walk,Watch portion size and allergies.
828,Himachal Pradesh,Diabetes,Lunch,Barley Roti + Kulthi Dal + Bhey Palda (No sugar),450,25,50,16,14,Low,Medium,Low,"Gluten, Dairy","Barley, Horsegram, Lotus Stem, Yogurt",Vegetarian,,Use sour yogurt for Palda without any added sweeteners.,30 mins moderate walk,Avoid if post-meal exceeds 180 mg/dL
829,Himachal Pradesh,Diabetes,Lunch,Barley Roti + Mahni (Sour Urad) + Beans Sabzi,450,25,50,16,14,Low,Medium,Low,Gluten,"Barley, Urad Dal, French Beans",Vegetarian,,Ensure Mahni is completely free of any jaggery.,30 mins moderate walk,Avoid if post-meal exceeds 180 mg/dL
830,Himachal Pradesh,Diabetes,Lunch,Barley Roti + Mahni (Sour Urad) + Beans Sabzi,450,25,50,16,14,Low,Medium,Low,Gluten,"Barley, Urad Dal, French Beans",Vegetarian,,Ensure Mahni has zero jaggery.,30 mins moderate walk,Avoid if post-meal exceeds 180 mg/dL
831,Himachal Pradesh,Diabetes,Lunch,Bhey (High Protein 692),330,22,34,8,10,Low,Low,Low,,"Local grains, legumes, herbs",Vegetarian,,Prepare using traditional Himachali ingredients adjusted for diabetes. Serve one balanced portion.,45 mins brisk walk,Watch portion size and allergies.
832,Himachal Pradesh,Diabetes,Lunch,Brown Rice + Chana Khatta (Zero Sugar) + Saag,450,25,50,16,14,Low,Medium,Low,,"Brown Rice, Black Chickpeas, Mustard Greens, Tamarind",Vegetarian,,"Use tamarind for sourness, strictly avoid any jaggery.",30 mins moderate walk,Avoid if post-meal exceeds 180 mg/dL
833,Himachal Pradesh,Diabetes,Lunch,Brown Rice + Mahni (Sour Urad) + Beans Sabzi,450,25,50,16,14,Low,Medium,Low,,"Brown Rice, Urad Dal, French Beans",Vegetarian,,"Ensure the Mahni gravy is soured with amchur, no sugar.",30 mins moderate walk,Avoid if post-meal exceeds 180 mg/dL
834,Himachal Pradesh,Diabetes,Lunch,Kathu Roti + Rong Dal + Kadoo (Unsweetened),450,25,50,16,14,Low,Medium,Low,,"Buckwheat, Black-eyed Peas, Pumpkin",Vegetarian,,"Ensure the pumpkin is savory, absolutely no sugar or jaggery.",30 mins moderate walk,Avoid if post-meal exceeds 180 mg/dL
835,Himachal Pradesh,Diabetes,Lunch,Kodra Roti (Salt Controlled 695),330,22,34,8,10,Low,Low,Low,Gluten,"Local grains, legumes, herbs",Vegetarian,,Prepare using traditional Himachali ingredients adjusted for diabetes. Serve one balanced portion.,45 mins brisk walk,Watch portion size and allergies.
836,Himachal Pradesh,Diabetes,Lunch,Kodra Roti + Sepu Badi (Steamed) + Spinach,450,25,50,16,14,Low,Medium,Low,Soy,"Finger Millet, Urad Dal, Spinach",Vegetarian,,"Ensure Badi is boiled/steamed, not fried; no sugar in gravy.",30 mins moderate walk,Avoid if post-meal exceeds 180 mg/dL
837,Himachal Pradesh,Diabetes,Lunch,Madra (Fiber Rich 693),330,22,34,8,10,Low,Low,Low,,"Local grains, legumes, herbs",Vegetarian,,Prepare using traditional Himachali ingredients adjusted for diabetes. Serve one balanced portion.,45 mins brisk walk,Watch portion size and allergies.
838,Himachal Pradesh,Diabetes,Lunch,Patande (No Oil 691),330,22,34,8,10,Low,Low,Low,,"Local grains, legumes, herbs",Vegetarian,,Prepare using traditional Himachali ingredients adjusted for diabetes. Serve one balanced portion.,45 mins brisk walk,Watch portion size and allergies.
839,Himachal Pradesh,Diabetes,Lunch,Sepu Badi (Traditional 694),330,22,34,8,10,Low,Low,Low,,"Local grains, legumes, herbs",Vegetarian,,Prepare using traditional Himachali ingredients adjusted for diabetes. Serve one balanced portion.,45 mins brisk walk,Watch portion size and allergies.
840,Himachal Pradesh,Diabetes,Lunch,Siddu (Steamed 690),330,22,34,8,10,Low,Low,Low,Gluten,"Local grains, legumes, herbs",Vegetarian,,Prepare using traditional Himachali ingredients adjusted for diabetes. Serve one balanced portion.,45 mins brisk walk,Watch portion size and allergies.
841,Himachal Pradesh,Diabetes,Lunch,Chha Gosht (High Protein 708),330,22,34,8,10,Low,Low,Low,,"Local meat, herbs, spices",Non-Vegetarian,Chicken,Prepare using traditional Himachali ingredients adjusted for diabetes. Serve one balanced portion.,45 mins brisk walk,Watch portion size and allergies.
842,Himachal Pradesh,Diabetes,Lunch,Chha Gosht (Traditional 702),330,22,34,8,10,Low,Low,Low,,"Local meat, herbs, spices",Non-Vegetarian,Chicken,Prepare using traditional Himachali ingredients adjusted for diabetes. Serve one balanced portion.,45 mins brisk walk,Watch portion size and allergies.
843,Himachal Pradesh,Diabetes,Lunch,Chicken Anardana (Light 704),330,22,34,8,10,Low,Low,Low,,"Local meat, herbs, spices",Non-Vegetarian,Chicken,Prepare using traditional Himachali ingredients adjusted for diabetes. Serve one balanced portion.,45 mins brisk walk,Watch portion size and allergies.
844,Himachal Pradesh,Diabetes,Lunch,Chicken Anardana (Steamed 698),330,22,34,8,10,Low,Low,Low,,"Local meat, herbs, spices",Non-Vegetarian,Chicken,Prepare using traditional Himachali ingredients adjusted for diabetes. Serve one balanced portion.,45 mins brisk walk,Watch portion size and allergies.
845,Himachal Pradesh,Diabetes,Lunch,Chicken Anardana (Traditional 710),330,22,34,8,10,Low,Low,Low,,"Local meat, herbs, spices",Non-Vegetarian,Chicken,Prepare using traditional Himachali ingredients adjusted for diabetes. Serve one balanced portion.,45 mins brisk walk,Watch portion size and allergies.
846,Himachal Pradesh,Diabetes,Lunch,Kullu Trout (Fiber Rich 709),330,22,34,8,10,Low,Low,Low,,"Local meat, herbs, spices",Non-Vegetarian,Fish,Prepare using traditional Himachali ingredients adjusted for diabetes. Serve one balanced portion.,45 mins brisk walk,Watch portion size and allergies.
847,Himachal Pradesh,Diabetes,Lunch,Kullu Trout (Roasted 697),330,22,34,8,10,Low,Low,Low,,"Local meat, herbs, spices",Non-Vegetarian,Fish,Prepare using traditional Himachali ingredients adjusted for diabetes. Serve one balanced portion.,45 mins brisk walk,Watch portion size and allergies.
848,Himachal Pradesh,Diabetes,Lunch,Kullu Trout (Salt Controlled 703),330,22,34,8,10,Low,Low,Low,,"Local meat, herbs, spices",Non-Vegetarian,Fish,Prepare using traditional Himachali ingredients adjusted for diabetes. Serve one balanced portion.,45 mins brisk walk,Watch portion size and allergies.
849,Himachal Pradesh,Diabetes,Lunch,Mutton Madra (High Protein 700),330,22,34,8,10,Low,Low,Low,,"Local meat, herbs, spices",Non-Vegetarian,Chicken,Prepare using traditional Himachali ingredients adjusted for diabetes. Serve one balanced portion.,45 mins brisk walk,Watch portion size and allergies.
850,Himachal Pradesh,Diabetes,Lunch,Mutton Madra (Steamed 706),330,22,34,8,10,Low,Low,Low,,"Local meat, herbs, spices",Non-Vegetarian,Chicken,Prepare using traditional Himachali ingredients adjusted for diabetes. Serve one balanced portion.,45 mins brisk walk,Watch portion size and allergies.
851,Himachal Pradesh,Diabetes,Lunch,Pahadi Egg Curry (No Oil 699),330,22,34,8,10,Low,Low,Low,,"Local meat, herbs, spices",Non-Vegetarian,Chicken,Prepare using traditional Himachali ingredients adjusted for diabetes. Serve one balanced portion.,45 mins brisk walk,Watch portion size and allergies.
852,Himachal Pradesh,Diabetes,Lunch,Pahadi Egg Curry (Roasted 705),330,22,34,8,10,Low,Low,Low,,"Local meat, herbs, spices",Non-Vegetarian,Chicken,Prepare using traditional Himachali ingredients adjusted for diabetes. Serve one balanced portion.,45 mins brisk walk,Watch portion size and allergies.
853,Himachal Pradesh,Diabetes,Lunch,Pahadi Egg Curry (Salt Controlled 711),330,22,34,8,10,Low,Low,Low,,"Local meat, herbs, spices",Non-Vegetarian,Chicken,Prepare using traditional Himachali ingredients adjusted for diabetes. Serve one balanced portion.,45 mins brisk walk,Watch portion size and allergies.
854,Himachal Pradesh,Diabetes,Lunch,Red Rice (Small) + Lean Chha Gosht + Lingdi,450,25,50,16,14,Low,Medium,Low,Dairy,"Red Rice, Lean Mutton, Buttermilk, Fiddlehead Fern",Non-Vegetarian,Mutton,Control the rice portion stringently; use lean mutton.,30 mins moderate walk,Avoid if post-meal exceeds 180 mg/dL
855,Himachal Pradesh,Diabetes,Lunch,River Fish Curry (Fiber Rich 701),330,22,34,8,10,Low,Low,Low,,"Local meat, herbs, spices",Non-Vegetarian,Fish,Prepare using traditional Himachali ingredients adjusted for diabetes. Serve one balanced portion.,45 mins brisk walk,Watch portion size and allergies.
856,Himachal Pradesh,Diabetes,Lunch,River Fish Curry (No Oil 707),330,22,34,8,10,Low,Low,Low,,"Local meat, herbs, spices",Non-Vegetarian,Fish,Prepare using traditional Himachali ingredients adjusted for diabetes. Serve one balanced portion.,45 mins brisk walk,Watch portion size and allergies.
857,Himachal Pradesh,Diabetes,Lunch,Bhey (Light 720),330,22,34,8,10,Low,Low,Low,,"Local grains, legumes, herbs",Vegan,,Prepare using traditional Himachali ingredients adjusted for diabetes. Serve one balanced portion.,45 mins brisk walk,Watch portion size and allergies.
858,Himachal Pradesh,Diabetes,Lunch,Bhey (Steamed 714),330,22,34,8,10,Low,Low,Low,,"Local grains, legumes, herbs",Vegan,,Prepare using traditional Himachali ingredients adjusted for diabetes. Serve one balanced portion.,45 mins brisk walk,Watch portion size and allergies.
859,Himachal Pradesh,Diabetes,Lunch,Bhey (Traditional 726),330,22,34,8,10,Low,Low,Low,,"Local grains, legumes, herbs",Vegan,,Prepare using traditional Himachali ingredients adjusted for diabetes. Serve one balanced portion.,45 mins brisk walk,Watch portion size and allergies.
860,Himachal Pradesh,Diabetes,Lunch,Jau Khichdi (No Oil 715),330,22,34,8,10,Low,Low,Low,,"Local grains, legumes, herbs",Vegan,,Prepare using traditional Himachali ingredients adjusted for diabetes. Serve one balanced portion.,45 mins brisk walk,Watch portion size and allergies.
861,Himachal Pradesh,Diabetes,Lunch,Jau Khichdi (Roasted 721),330,22,34,8,10,Low,Low,Low,,"Local grains, legumes, herbs",Vegan,,Prepare using traditional Himachali ingredients adjusted for diabetes. Serve one balanced portion.,45 mins brisk walk,Watch portion size and allergies.
862,Himachal Pradesh,Diabetes,Lunch,Jau Khichdi (Salt Controlled 727),330,22,34,8,10,Low,Low,Low,,"Local grains, legumes, herbs",Vegan,,Prepare using traditional Himachali ingredients adjusted for diabetes. Serve one balanced portion.,45 mins brisk walk,Watch portion size and allergies.
863,Himachal Pradesh,Diabetes,Lunch,Lingri Sabzi (Fiber Rich 717),330,22,34,8,10,Low,Low,Low,,"Local grains, legumes, herbs",Vegan,,Prepare using traditional Himachali ingredients adjusted for diabetes. Serve one balanced portion.,45 mins brisk walk,Watch portion size and allergies.
864,Himachal Pradesh,Diabetes,Lunch,Lingri Sabzi (No Oil 723),330,22,34,8,10,Low,Low,Low,,"Local grains, legumes, herbs",Vegan,,Prepare using traditional Himachali ingredients adjusted for diabetes. Serve one balanced portion.,45 mins brisk walk,Watch portion size and allergies.
865,Himachal Pradesh,Diabetes,Lunch,Mah Dal (High Protein 724),330,22,34,8,10,Low,Low,Low,,"Local grains, legumes, herbs",Vegan,,Prepare using traditional Himachali ingredients adjusted for diabetes. Serve one balanced portion.,45 mins brisk walk,Watch portion size and allergies.
866,Himachal Pradesh,Diabetes,Lunch,Mah Dal (Light 712),330,22,34,8,10,Low,Low,Low,,"Local grains, legumes, herbs",Vegan,,Prepare using traditional Himachali ingredients adjusted for diabetes. Serve one balanced portion.,45 mins brisk walk,Watch portion size and allergies.
867,Himachal Pradesh,Diabetes,Lunch,Mah Dal (Traditional 718),330,22,34,8,10,Low,Low,Low,,"Local grains, legumes, herbs",Vegan,,Prepare using traditional Himachali ingredients adjusted for diabetes. Serve one balanced portion.,45 mins brisk walk,Watch portion size and allergies.
868,Himachal Pradesh,Diabetes,Lunch,Makki Roti (Fiber Rich 725),330,22,34,8,10,Low,Low,Low,Gluten,"Local grains, legumes, herbs",Vegan,,Prepare using traditional Himachali ingredients adjusted for diabetes. Serve one balanced portion.,45 mins brisk walk,Watch portion size and allergies.
869,Himachal Pradesh,Diabetes,Lunch,Makki Roti (Roasted 713),330,22,34,8,10,Low,Low,Low,Gluten,"Local grains, legumes, herbs",Vegan,,Prepare using traditional Himachali ingredients adjusted for diabetes. Serve one balanced portion.,45 mins brisk walk,Watch portion size and allergies.
870,Himachal Pradesh,Diabetes,Lunch,Makki Roti (Salt Controlled 719),330,22,34,8,10,Low,Low,Low,Gluten,"Local grains, legumes, herbs",Vegan,,Prepare using traditional Himachali ingredients adjusted for diabetes. Serve one balanced portion.,45 mins brisk walk,Watch portion size and allergies.
871,Himachal Pradesh,Diabetes,Lunch,Rajma Chawal (High Protein 716),330,22,34,8,10,Low,Low,Low,,"Local grains, legumes, herbs",Vegan,,Prepare using traditional Himachali ingredients adjusted for diabetes. Serve one balanced portion.,45 mins brisk walk,Watch portion size and allergies.
872,Himachal Pradesh,Diabetes,Lunch,Rajma Chawal (Steamed 722),330,22,34,8,10,Low,Low,Low,,"Local grains, legumes, herbs",Vegan,,Prepare using traditional Himachali ingredients adjusted for diabetes. Serve one balanced portion.,45 mins brisk walk,Watch portion size and allergies.
873,Himachal Pradesh,Diabetes,Snack,Aktori (Light 728),330,22,34,8,10,Low,Low,Low,,"Local grains, legumes, herbs",Vegetarian,,Prepare using traditional Himachali ingredients adjusted for diabetes. Serve one balanced portion.,45 mins brisk walk,Watch portion size and allergies.
874,Himachal Pradesh,Diabetes,Snack,Aktori (Light 736),330,22,34,8,10,Low,Low,Low,,"Local grains, legumes, herbs",Vegetarian,,Prepare using traditional Himachali ingredients adjusted for diabetes. Serve one balanced portion.,45 mins brisk walk,Watch portion size and allergies.
875,Himachal Pradesh,Diabetes,Snack,Babru (Roasted 729),330,22,34,8,10,Low,Low,Low,Gluten,"Local grains, legumes, herbs",Vegetarian,,Prepare using traditional Himachali ingredients adjusted for diabetes. Serve one balanced portion.,45 mins brisk walk,Watch portion size and allergies.
876,Himachal Pradesh,Diabetes,Snack,Bhey (High Protein 732),330,22,34,8,10,Low,Low,Low,,"Local grains, legumes, herbs",Vegetarian,,Prepare using traditional Himachali ingredients adjusted for diabetes. Serve one balanced portion.,45 mins brisk walk,Watch portion size and allergies.
877,Himachal Pradesh,Diabetes,Snack,Dry Roasted Foxnuts (Makhana),150,8,15,6,3,Low,Low,Low,,Foxnuts,Vegetarian,,Dry roast; low GI and high satiety.,Light yoga,Monitor blood sugar
878,Himachal Pradesh,Diabetes,Snack,Kodra Roti (Salt Controlled 735),330,22,34,8,10,Low,Low,Low,Gluten,"Local grains, legumes, herbs",Vegetarian,,Prepare using traditional Himachali ingredients adjusted for diabetes. Serve one balanced portion.,45 mins brisk walk,Watch portion size and allergies.
879,Himachal Pradesh,Diabetes,Snack,Madra (Fiber Rich 733),330,22,34,8,10,Low,Low,Low,,"Local grains, legumes, herbs",Vegetarian,,Prepare using traditional Himachali ingredients adjusted for diabetes. Serve one balanced portion.,45 mins brisk walk,Watch portion size and allergies.
880,Himachal Pradesh,Diabetes,Snack,Patande (No Oil 731),330,22,34,8,10,Low,Low,Low,,"Local grains, legumes, herbs",Vegetarian,,Prepare using traditional Himachali ingredients adjusted for diabetes. Serve one balanced portion.,45 mins brisk walk,Watch portion size and allergies.
881,Himachal Pradesh,Diabetes,Snack,Raw Local Walnuts,150,8,15,6,3,Low,Low,Low,Nuts,Walnuts,Vegetarian,,Consume raw walnuts for healthy fats and zero sugar spike.,Light yoga,Monitor blood sugar
882,Himachal Pradesh,Diabetes,Snack,Roasted Black Soybeans (Bhatt),150,8,15,6,3,Low,Low,Low,Soy,Black Soybeans,Vegetarian,,Dry roast completely to provide crunchy fiber.,Light yoga,Monitor blood sugar
883,Himachal Pradesh,Diabetes,Snack,Roasted Local Almonds,150,8,15,6,3,Low,Low,Low,Nuts,Almonds,Vegetarian,,Dry roast raw almonds without salt or oil.,Light yoga,Monitor blood sugar
884,Himachal Pradesh,Diabetes,Snack,Roasted Local Almonds,150,8,15,6,3,Low,Low,Low,Nuts,Almonds,Vegetarian,,Dry roast plain almonds.,Light yoga,Monitor blood sugar
885,Himachal Pradesh,Diabetes,Snack,Roasted Peanuts,150,8,15,6,3,Low,Low,Low,Peanuts,Peanuts,Vegetarian,,Dry roast raw peanuts plain.,Light yoga,Monitor blood sugar
886,Himachal Pradesh,Diabetes,Snack,Roasted Pumpkin Seeds,150,8,15,6,3,Low,Low,Low,,Pumpkin Seeds,Vegetarian,,Dry roast seeds; excellent fiber and low GI.,Light yoga,Monitor blood sugar
887,Himachal Pradesh,Diabetes,Snack,Sepu Badi (Traditional 734),330,22,34,8,10,Low,Low,Low,,"Local grains, legumes, herbs",Vegetarian,,Prepare using traditional Himachali ingredients adjusted for diabetes. Serve one balanced portion.,45 mins brisk walk,Watch portion size and allergies.
888,Himachal Pradesh,Diabetes,Snack,Siddu (Steamed 730),330,22,34,8,10,Low,Low,Low,Gluten,"Local grains, legumes, herbs",Vegetarian,,Prepare using traditional Himachali ingredients adjusted for diabetes. Serve one balanced portion.,45 mins brisk walk,Watch portion size and allergies.
889,Himachal Pradesh,Diabetes,Snack,Chha Gosht (Light 744),330,22,34,8,10,Low,Low,Low,,"Local meat, herbs, spices",Non-Vegetarian,Chicken,Prepare using traditional Himachali ingredients adjusted for diabetes. Serve one balanced portion.,45 mins brisk walk,Watch portion size and allergies.
890,Himachal Pradesh,Diabetes,Snack,Chha Gosht (Steamed 738),330,22,34,8,10,Low,Low,Low,,"Local meat, herbs, spices",Non-Vegetarian,Chicken,Prepare using traditional Himachali ingredients adjusted for diabetes. Serve one balanced portion.,45 mins brisk walk,Watch portion size and allergies.
891,Himachal Pradesh,Diabetes,Snack,Chha Gosht (Traditional 750),330,22,34,8,10,Low,Low,Low,,"Local meat, herbs, spices",Non-Vegetarian,Chicken,Prepare using traditional Himachali ingredients adjusted for diabetes. Serve one balanced portion.,45 mins brisk walk,Watch portion size and allergies.
892,Himachal Pradesh,Diabetes,Snack,Chicken Anardana (High Protein 740),330,22,34,8,10,Low,Low,Low,,"Local meat, herbs, spices",Non-Vegetarian,Chicken,Prepare using traditional Himachali ingredients adjusted for diabetes. Serve one balanced portion.,45 mins brisk walk,Watch portion size and allergies.
893,Himachal Pradesh,Diabetes,Snack,Chicken Anardana (Light 752),330,22,34,8,10,Low,Low,Low,,"Local meat, herbs, spices",Non-Vegetarian,Chicken,Prepare using traditional Himachali ingredients adjusted for diabetes. Serve one balanced portion.,45 mins brisk walk,Watch portion size and allergies.
894,Himachal Pradesh,Diabetes,Snack,Chicken Anardana (Steamed 746),330,22,34,8,10,Low,Low,Low,,"Local meat, herbs, spices",Non-Vegetarian,Chicken,Prepare using traditional Himachali ingredients adjusted for diabetes. Serve one balanced portion.,45 mins brisk walk,Watch portion size and allergies.
895,Himachal Pradesh,Diabetes,Snack,Kullu Trout (No Oil 739),330,22,34,8,10,Low,Low,Low,,"Local meat, herbs, spices",Non-Vegetarian,Fish,Prepare using traditional Himachali ingredients adjusted for diabetes. Serve one balanced portion.,45 mins brisk walk,Watch portion size and allergies.
896,Himachal Pradesh,Diabetes,Snack,Kullu Trout (Roasted 745),330,22,34,8,10,Low,Low,Low,,"Local meat, herbs, spices",Non-Vegetarian,Fish,Prepare using traditional Himachali ingredients adjusted for diabetes. Serve one balanced portion.,45 mins brisk walk,Watch portion size and allergies.
897,Himachal Pradesh,Diabetes,Snack,Kullu Trout (Salt Controlled 751),330,22,34,8,10,Low,Low,Low,,"Local meat, herbs, spices",Non-Vegetarian,Fish,Prepare using traditional Himachali ingredients adjusted for diabetes. Serve one balanced portion.,45 mins brisk walk,Watch portion size and allergies.
898,Himachal Pradesh,Diabetes,Snack,Mutton Madra (High Protein 748),330,22,34,8,10,Low,Low,Low,,"Local meat, herbs, spices",Non-Vegetarian,Chicken,Prepare using traditional Himachali ingredients adjusted for diabetes. Serve one balanced portion.,45 mins brisk walk,Watch portion size and allergies.
899,Himachal Pradesh,Diabetes,Snack,Mutton Madra (Traditional 742),330,22,34,8,10,Low,Low,Low,,"Local meat, herbs, spices",Non-Vegetarian,Chicken,Prepare using traditional Himachali ingredients adjusted for diabetes. Serve one balanced portion.,45 mins brisk walk,Watch portion size and allergies.
900,Himachal Pradesh,Diabetes,Snack,Pahadi Egg Curry (Fiber Rich 741),330,22,34,8,10,Low,Low,Low,,"Local meat, herbs, spices",Non-Vegetarian,Chicken,Prepare using traditional Himachali ingredients adjusted for diabetes. Serve one balanced portion.,45 mins brisk walk,Watch portion size and allergies.
901,Himachal Pradesh,Diabetes,Snack,Pahadi Egg Curry (No Oil 747),330,22,34,8,10,Low,Low,Low,,"Local meat, herbs, spices",Non-Vegetarian,Chicken,Prepare using traditional Himachali ingredients adjusted for diabetes. Serve one balanced portion.,45 mins brisk walk,Watch portion size and allergies.
902,Himachal Pradesh,Diabetes,Snack,River Fish Curry (Fiber Rich 749),330,22,34,8,10,Low,Low,Low,,"Local meat, herbs, spices",Non-Vegetarian,Fish,Prepare using traditional Himachali ingredients adjusted for diabetes. Serve one balanced portion.,45 mins brisk walk,Watch portion size and allergies.
903,Himachal Pradesh,Diabetes,Snack,River Fish Curry (Roasted 737),330,22,34,8,10,Low,Low,Low,,"Local meat, herbs, spices",Non-Vegetarian,Fish,Prepare using traditional Himachali ingredients adjusted for diabetes. Serve one balanced portion.,45 mins brisk walk,Watch portion size and allergies.
904,Himachal Pradesh,Diabetes,Snack,River Fish Curry (Salt Controlled 743),330,22,34,8,10,Low,Low,Low,,"Local meat, herbs, spices",Non-Vegetarian,Fish,Prepare using traditional Himachali ingredients adjusted for diabetes. Serve one balanced portion.,45 mins brisk walk,Watch portion size and allergies.
905,Himachal Pradesh,Diabetes,Snack,Bhey (High Protein 756),330,22,34,8,10,Low,Low,Low,,"Local grains, legumes, herbs",Vegan,,Prepare using traditional Himachali ingredients adjusted for diabetes. Serve one balanced portion.,45 mins brisk walk,Watch portion size and allergies.
906,Himachal Pradesh,Diabetes,Snack,Bhey (Light 768),330,22,34,8,10,Low,Low,Low,,"Local grains, legumes, herbs",Vegan,,Prepare using traditional Himachali ingredients adjusted for diabetes. Serve one balanced portion.,45 mins brisk walk,Watch portion size and allergies.
907,Himachal Pradesh,Diabetes,Snack,Bhey (Steamed 762),330,22,34,8,10,Low,Low,Low,,"Local grains, legumes, herbs",Vegan,,Prepare using traditional Himachali ingredients adjusted for diabetes. Serve one balanced portion.,45 mins brisk walk,Watch portion size and allergies.
908,Himachal Pradesh,Diabetes,Snack,Jau Khichdi (Fiber Rich 757),330,22,34,8,10,Low,Low,Low,,"Local grains, legumes, herbs",Vegan,,Prepare using traditional Himachali ingredients adjusted for diabetes. Serve one balanced portion.,45 mins brisk walk,Watch portion size and allergies.
909,Himachal Pradesh,Diabetes,Snack,Jau Khichdi (No Oil 763),330,22,34,8,10,Low,Low,Low,,"Local grains, legumes, herbs",Vegan,,Prepare using traditional Himachali ingredients adjusted for diabetes. Serve one balanced portion.,45 mins brisk walk,Watch portion size and allergies.
910,Himachal Pradesh,Diabetes,Snack,Lingri Sabzi (Fiber Rich 765),330,22,34,8,10,Low,Low,Low,,"Local grains, legumes, herbs",Vegan,,Prepare using traditional Himachali ingredients adjusted for diabetes. Serve one balanced portion.,45 mins brisk walk,Watch portion size and allergies.
911,Himachal Pradesh,Diabetes,Snack,Lingri Sabzi (Roasted 753),330,22,34,8,10,Low,Low,Low,,"Local grains, legumes, herbs",Vegan,,Prepare using traditional Himachali ingredients adjusted for diabetes. Serve one balanced portion.,45 mins brisk walk,Watch portion size and allergies.
912,Himachal Pradesh,Diabetes,Snack,Lingri Sabzi (Salt Controlled 759),330,22,34,8,10,Low,Low,Low,,"Local grains, legumes, herbs",Vegan,,Prepare using traditional Himachali ingredients adjusted for diabetes. Serve one balanced portion.,45 mins brisk walk,Watch portion size and allergies.
913,Himachal Pradesh,Diabetes,Snack,Mah Dal (Light 760),330,22,34,8,10,Low,Low,Low,,"Local grains, legumes, herbs",Vegan,,Prepare using traditional Himachali ingredients adjusted for diabetes. Serve one balanced portion.,45 mins brisk walk,Watch portion size and allergies.
914,Himachal Pradesh,Diabetes,Snack,Mah Dal (Steamed 754),330,22,34,8,10,Low,Low,Low,,"Local grains, legumes, herbs",Vegan,,Prepare using traditional Himachali ingredients adjusted for diabetes. Serve one balanced portion.,45 mins brisk walk,Watch portion size and allergies.
915,Himachal Pradesh,Diabetes,Snack,Mah Dal (Traditional 766),330,22,34,8,10,Low,Low,Low,,"Local grains, legumes, herbs",Vegan,,Prepare using traditional Himachali ingredients adjusted for diabetes. Serve one balanced portion.,45 mins brisk walk,Watch portion size and allergies.
916,Himachal Pradesh,Diabetes,Snack,Makki Roti (No Oil 755),330,22,34,8,10,Low,Low,Low,Gluten,"Local grains, legumes, herbs",Vegan,,Prepare using traditional Himachali ingredients adjusted for diabetes. Serve one balanced portion.,45 mins brisk walk,Watch portion size and allergies.
917,Himachal Pradesh,Diabetes,Snack,Makki Roti (Roasted 761),330,22,34,8,10,Low,Low,Low,Gluten,"Local grains, legumes, herbs",Vegan,,Prepare using traditional Himachali ingredients adjusted for diabetes. Serve one balanced portion.,45 mins brisk walk,Watch portion size and allergies.
918,Himachal Pradesh,Diabetes,Snack,Makki Roti (Salt Controlled 767),330,22,34,8,10,Low,Low,Low,Gluten,"Local grains, legumes, herbs",Vegan,,Prepare using traditional Himachali ingredients adjusted for diabetes. Serve one balanced portion.,45 mins brisk walk,Watch portion size and allergies.
919,Himachal Pradesh,Diabetes,Snack,Rajma Chawal (High Protein 764),330,22,34,8,10,Low,Low,Low,,"Local grains, legumes, herbs",Vegan,,Prepare using traditional Himachali ingredients adjusted for diabetes. Serve one balanced portion.,45 mins brisk walk,Watch portion size and allergies.
920,Himachal Pradesh,Diabetes,Snack,Rajma Chawal (Traditional 758),330,22,34,8,10,Low,Low,Low,,"Local grains, legumes, herbs",Vegan,,Prepare using traditional Himachali ingredients adjusted for diabetes. Serve one balanced portion.,45 mins brisk walk,Watch portion size and allergies.
921,Himachal Pradesh,Diabetes,Dinner,Aktori (Light 776),330,22,34,8,10,Low,Low,Low,,"Local grains, legumes, herbs",Vegetarian,,Prepare using traditional Himachali ingredients adjusted for diabetes. Serve one balanced portion.,45 mins brisk walk,Watch portion size and allergies.
922,Himachal Pradesh,Diabetes,Dinner,Babru (Roasted 769),330,22,34,8,10,Low,Low,Low,Gluten,"Local grains, legumes, herbs",Vegetarian,,Prepare using traditional Himachali ingredients adjusted for diabetes. Serve one balanced portion.,45 mins brisk walk,Watch portion size and allergies.
923,Himachal Pradesh,Diabetes,Dinner,Babru (Roasted 777),330,22,34,8,10,Low,Low,Low,Gluten,"Local grains, legumes, herbs",Vegetarian,,Prepare using traditional Himachali ingredients adjusted for diabetes. Serve one balanced portion.,45 mins brisk walk,Watch portion size and allergies.
924,Himachal Pradesh,Diabetes,Dinner,Bhey (High Protein 772),330,22,34,8,10,Low,Low,Low,,"Local grains, legumes, herbs",Vegetarian,,Prepare using traditional Himachali ingredients adjusted for diabetes. Serve one balanced portion.,45 mins brisk walk,Watch portion size and allergies.
925,Himachal Pradesh,Diabetes,Dinner,Brown Rice (Small) + Sepu Badi (No Sugar/Oil),350,25,35,12,12,Low,Medium,Low,Soy,"Brown Rice, Urad Dal, Spinach",Vegetarian,,Cook badi in a plain spinach gravy.,Evening stroll,Ensure gap before sleep
926,Himachal Pradesh,Diabetes,Dinner,Brown Rice (Small) + Sepu Badi (No Sugar/Oil),350,25,35,12,12,Low,Medium,Low,Soy,"Brown Rice, Urad Dal, Spinach",Vegetarian,,Cook badi in a plain spinach gravy without frying.,Evening stroll,Ensure gap before sleep
927,Himachal Pradesh,Diabetes,Dinner,Kodra (Finger Millet) Roti + Sepu Badi,350,25,35,12,12,Low,Medium,Low,Soy,"Finger Millet, Urad Dal, Spinach",Vegetarian,,Cook Sepu Badi in a spinach gravy without added fats.,Evening stroll,Ensure gap before sleep
928,Himachal Pradesh,Diabetes,Dinner,Kodra Roti (Salt Controlled 775),330,22,34,8,10,Low,Low,Low,Gluten,"Local grains, legumes, herbs",Vegetarian,,Prepare using traditional Himachali ingredients adjusted for diabetes. Serve one balanced portion.,45 mins brisk walk,Watch portion size and allergies.
929,Himachal Pradesh,Diabetes,Dinner,Kodra Roti + Sepu Badi (No Sugar/Ghee),350,25,35,12,12,Low,Medium,Low,Soy,"Finger Millet, Urad Dal, Spinach",Vegetarian,,Steam the badi and use a plain spinach gravy.,Evening stroll,Ensure gap before sleep
930,Himachal Pradesh,Diabetes,Dinner,Madra (Fiber Rich 773),330,22,34,8,10,Low,Low,Low,,"Local grains, legumes, herbs",Vegetarian,,Prepare using traditional Himachali ingredients adjusted for diabetes. Serve one balanced portion.,45 mins brisk walk,Watch portion size and allergies.
931,Himachal Pradesh,Diabetes,Dinner,Makki Roti + Chana Khatta (Zero Sugar) + Saag,350,25,35,12,12,Low,Medium,Low,,"Maize Flour, Black Chickpeas, Mustard Greens",Vegetarian,,"Use tamarind for Khatta, strictly zero jaggery.",Evening stroll,Ensure gap before sleep
932,Himachal Pradesh,Diabetes,Dinner,Patande (No Oil 771),330,22,34,8,10,Low,Low,Low,,"Local grains, legumes, herbs",Vegetarian,,Prepare using traditional Himachali ingredients adjusted for diabetes. Serve one balanced portion.,45 mins brisk walk,Watch portion size and allergies.
933,Himachal Pradesh,Diabetes,Dinner,Patande (No Oil 779),330,22,34,8,10,Low,Low,Low,,"Local grains, legumes, herbs",Vegetarian,,Prepare using traditional Himachali ingredients adjusted for diabetes. Serve one balanced portion.,45 mins brisk walk,Watch portion size and allergies.
934,Himachal Pradesh,Diabetes,Dinner,Sepu Badi (Traditional 774),330,22,34,8,10,Low,Low,Low,,"Local grains, legumes, herbs",Vegetarian,,Prepare using traditional Himachali ingredients adjusted for diabetes. Serve one balanced portion.,45 mins brisk walk,Watch portion size and allergies.
935,Himachal Pradesh,Diabetes,Dinner,Siddu (Steamed 770),330,22,34,8,10,Low,Low,Low,Gluten,"Local grains, legumes, herbs",Vegetarian,,Prepare using traditional Himachali ingredients adjusted for diabetes. Serve one balanced portion.,45 mins brisk walk,Watch portion size and allergies.
936,Himachal Pradesh,Diabetes,Dinner,Siddu (Steamed 778),330,22,34,8,10,Low,Low,Low,Gluten,"Local grains, legumes, herbs",Vegetarian,,Prepare using traditional Himachali ingredients adjusted for diabetes. Serve one balanced portion.,45 mins brisk walk,Watch portion size and allergies.
937,Himachal Pradesh,Diabetes,Dinner,Barley Roti + Lean Chicken Palda (No Sugar),350,25,35,12,12,Low,Medium,Low,"Gluten, Dairy","Barley, Lean Chicken, Yogurt",Non-Vegetarian,Chicken,Use sour yogurt and lean chicken; keep gravy unsweetened.,Evening stroll,Ensure gap before sleep
938,Himachal Pradesh,Diabetes,Dinner,Brown Rice + Trout (Poached) + Radish Leaves,350,25,35,12,12,Low,Medium,Low,Fish,"Brown Rice, Trout Fish, Radish Greens",Non-Vegetarian,Fish,Poach the fish; sauté greens in zero oil.,Evening stroll,Ensure gap before sleep
939,Himachal Pradesh,Diabetes,Dinner,Chha Gosht (High Protein 780),330,22,34,8,10,Low,Low,Low,,"Local meat, herbs, spices",Non-Vegetarian,Chicken,Prepare using traditional Himachali ingredients adjusted for diabetes. Serve one balanced portion.,45 mins brisk walk,Watch portion size and allergies.
940,Himachal Pradesh,Diabetes,Dinner,Chha Gosht (Light 792),330,22,34,8,10,Low,Low,Low,,"Local meat, herbs, spices",Non-Vegetarian,Chicken,Prepare using traditional Himachali ingredients adjusted for diabetes. Serve one balanced portion.,45 mins brisk walk,Watch portion size and allergies.
941,Himachal Pradesh,Diabetes,Dinner,Chha Gosht (Steamed 786),330,22,34,8,10,Low,Low,Low,,"Local meat, herbs, spices",Non-Vegetarian,Chicken,Prepare using traditional Himachali ingredients adjusted for diabetes. Serve one balanced portion.,45 mins brisk walk,Watch portion size and allergies.
942,Himachal Pradesh,Diabetes,Dinner,Chicken Anardana (High Protein 788),330,22,34,8,10,Low,Low,Low,,"Local meat, herbs, spices",Non-Vegetarian,Chicken,Prepare using traditional Himachali ingredients adjusted for diabetes. Serve one balanced portion.,45 mins brisk walk,Watch portion size and allergies.
943,Himachal Pradesh,Diabetes,Dinner,Chicken Anardana (Traditional 782),330,22,34,8,10,Low,Low,Low,,"Local meat, herbs, spices",Non-Vegetarian,Chicken,Prepare using traditional Himachali ingredients adjusted for diabetes. Serve one balanced portion.,45 mins brisk walk,Watch portion size and allergies.
944,Himachal Pradesh,Diabetes,Dinner,Kullu Trout (Fiber Rich 781),330,22,34,8,10,Low,Low,Low,,"Local meat, herbs, spices",Non-Vegetarian,Fish,Prepare using traditional Himachali ingredients adjusted for diabetes. Serve one balanced portion.,45 mins brisk walk,Watch portion size and allergies.
945,Himachal Pradesh,Diabetes,Dinner,Kullu Trout (No Oil 787),330,22,34,8,10,Low,Low,Low,,"Local meat, herbs, spices",Non-Vegetarian,Fish,Prepare using traditional Himachali ingredients adjusted for diabetes. Serve one balanced portion.,45 mins brisk walk,Watch portion size and allergies.
946,Himachal Pradesh,Diabetes,Dinner,Mutton Madra (Light 784),330,22,34,8,10,Low,Low,Low,,"Local meat, herbs, spices",Non-Vegetarian,Chicken,Prepare using traditional Himachali ingredients adjusted for diabetes. Serve one balanced portion.,45 mins brisk walk,Watch portion size and allergies.
947,Himachal Pradesh,Diabetes,Dinner,Mutton Madra (Traditional 790),330,22,34,8,10,Low,Low,Low,,"Local meat, herbs, spices",Non-Vegetarian,Chicken,Prepare using traditional Himachali ingredients adjusted for diabetes. Serve one balanced portion.,45 mins brisk walk,Watch portion size and allergies.
948,Himachal Pradesh,Diabetes,Dinner,Pahadi Egg Curry (Fiber Rich 789),330,22,34,8,10,Low,Low,Low,,"Local meat, herbs, spices",Non-Vegetarian,Chicken,Prepare using traditional Himachali ingredients adjusted for diabetes. Serve one balanced portion.,45 mins brisk walk,Watch portion size and allergies.
949,Himachal Pradesh,Diabetes,Dinner,Pahadi Egg Curry (Salt Controlled 783),330,22,34,8,10,Low,Low,Low,,"Local meat, herbs, spices",Non-Vegetarian,Chicken,Prepare using traditional Himachali ingredients adjusted for diabetes. Serve one balanced portion.,45 mins brisk walk,Watch portion size and allergies.
950,Himachal Pradesh,Diabetes,Dinner,Red Rice (Small Portion) + Lean Chha Gosht + Lingdi,350,25,35,12,12,Low,Medium,Low,Dairy,"Red Rice, Lean Mutton, Buttermilk, Fiddlehead Fern",Non-Vegetarian,Mutton,Trim all fat from mutton; control rice portion strictly.,Evening stroll,Ensure gap before sleep
951,Himachal Pradesh,Diabetes,Dinner,River Fish Curry (Roasted 785),330,22,34,8,10,Low,Low,Low,,"Local meat, herbs, spices",Non-Vegetarian,Fish,Prepare using traditional Himachali ingredients adjusted for diabetes. Serve one balanced portion.,45 mins brisk walk,Watch portion size and allergies.
952,Himachal Pradesh,Diabetes,Dinner,River Fish Curry (Salt Controlled 791),330,22,34,8,10,Low,Low,Low,,"Local meat, herbs, spices",Non-Vegetarian,Fish,Prepare using traditional Himachali ingredients adjusted for diabetes. Serve one balanced portion.,45 mins brisk walk,Watch portion size and allergies.
953,Himachal Pradesh,Diabetes,Dinner,Bhey (High Protein 804),330,22,34,8,10,Low,Low,Low,,"Local grains, legumes, herbs",Vegan,,Prepare using traditional Himachali ingredients adjusted for diabetes. Serve one balanced portion.,45 mins brisk walk,Watch portion size and allergies.
954,Himachal Pradesh,Diabetes,Dinner,Bhey (Traditional 798),330,22,34,8,10,Low,Low,Low,,"Local grains, legumes, herbs",Vegan,,Prepare using traditional Himachali ingredients adjusted for diabetes. Serve one balanced portion.,45 mins brisk walk,Watch portion size and allergies.
955,Himachal Pradesh,Diabetes,Dinner,Jau Khichdi (Fiber Rich 805),330,22,34,8,10,Low,Low,Low,,"Local grains, legumes, herbs",Vegan,,Prepare using traditional Himachali ingredients adjusted for diabetes. Serve one balanced portion.,45 mins brisk walk,Watch portion size and allergies.
956,Himachal Pradesh,Diabetes,Dinner,Jau Khichdi (Roasted 793),330,22,34,8,10,Low,Low,Low,,"Local grains, legumes, herbs",Vegan,,Prepare using traditional Himachali ingredients adjusted for diabetes. Serve one balanced portion.,45 mins brisk walk,Watch portion size and allergies.
957,Himachal Pradesh,Diabetes,Dinner,Jau Khichdi (Salt Controlled 799),330,22,34,8,10,Low,Low,Low,,"Local grains, legumes, herbs",Vegan,,Prepare using traditional Himachali ingredients adjusted for diabetes. Serve one balanced portion.,45 mins brisk walk,Watch portion size and allergies.
958,Himachal Pradesh,Diabetes,Dinner,Lingri Sabzi (No Oil 795),330,22,34,8,10,Low,Low,Low,,"Local grains, legumes, herbs",Vegan,,Prepare using traditional Himachali ingredients adjusted for diabetes. Serve one balanced portion.,45 mins brisk walk,Watch portion size and allergies.
959,Himachal Pradesh,Diabetes,Dinner,Lingri Sabzi (Roasted 801),330,22,34,8,10,Low,Low,Low,,"Local grains, legumes, herbs",Vegan,,Prepare using traditional Himachali ingredients adjusted for diabetes. Serve one balanced portion.,45 mins brisk walk,Watch portion size and allergies.
960,Himachal Pradesh,Diabetes,Dinner,Lingri Sabzi (Salt Controlled 807),330,22,34,8,10,Low,Low,Low,,"Local grains, legumes, herbs",Vegan,,Prepare using traditional Himachali ingredients adjusted for diabetes. Serve one balanced portion.,45 mins brisk walk,Watch portion size and allergies.
961,Himachal Pradesh,Diabetes,Dinner,Mah Dal (High Protein 796),330,22,34,8,10,Low,Low,Low,,"Local grains, legumes, herbs",Vegan,,Prepare using traditional Himachali ingredients adjusted for diabetes. Serve one balanced portion.,45 mins brisk walk,Watch portion size and allergies.
962,Himachal Pradesh,Diabetes,Dinner,Mah Dal (Light 808),330,22,34,8,10,Low,Low,Low,,"Local grains, legumes, herbs",Vegan,,Prepare using traditional Himachali ingredients adjusted for diabetes. Serve one balanced portion.,45 mins brisk walk,Watch portion size and allergies.
963,Himachal Pradesh,Diabetes,Dinner,Mah Dal (Steamed 802),330,22,34,8,10,Low,Low,Low,,"Local grains, legumes, herbs",Vegan,,Prepare using traditional Himachali ingredients adjusted for diabetes. Serve one balanced portion.,45 mins brisk walk,Watch portion size and allergies.
964,Himachal Pradesh,Diabetes,Dinner,Makki Roti (Fiber Rich 797),330,22,34,8,10,Low,Low,Low,Gluten,"Local grains, legumes, herbs",Vegan,,Prepare using traditional Himachali ingredients adjusted for diabetes. Serve one balanced portion.,45 mins brisk walk,Watch portion size and allergies.
965,Himachal Pradesh,Diabetes,Dinner,Makki Roti (No Oil 803),330,22,34,8,10,Low,Low,Low,Gluten,"Local grains, legumes, herbs",Vegan,,Prepare using traditional Himachali ingredients adjusted for diabetes. Serve one balanced portion.,45 mins brisk walk,Watch portion size and allergies.
966,Himachal Pradesh,Diabetes,Dinner,Rajma Chawal (Light 800),330,22,34,8,10,Low,Low,Low,,"Local grains, legumes, herbs",Vegan,,Prepare using traditional Himachali ingredients adjusted for diabetes. Serve one balanced portion.,45 mins brisk walk,Watch portion size and allergies.
967,Himachal Pradesh,Diabetes,Dinner,Rajma Chawal (Steamed 794),330,22,34,8,10,Low,Low,Low,,"Local grains, legumes, herbs",Vegan,,Prepare using traditional Himachali ingredients adjusted for diabetes. Serve one balanced portion.,45 mins brisk walk,Watch portion size and allergies.
968,Himachal Pradesh,Diabetes,Dinner,Rajma Chawal (Traditional 806),330,22,34,8,10,Low,Low,Low,,"Local grains, legumes, herbs",Vegan,,Prepare using traditional Himachali ingredients adjusted for diabetes. Serve one balanced portion.,45 mins brisk walk,Watch portion size and allergies.
969,Himachal Pradesh,High Bp,Breakfast,Aktori (Light 816),330,22,34,8,10,Low,Low,Low,,"Local grains, legumes, herbs",Vegetarian,,Prepare using traditional Himachali ingredients adjusted for high bp. Serve one balanced portion.,45 mins brisk walk,Watch portion size and allergies.
970,Himachal Pradesh,High Bp,Breakfast,Babru (Roasted 809),330,22,34,8,10,Low,Low,Low,Gluten,"Local grains, legumes, herbs",Vegetarian,,Prepare using traditional Himachali ingredients adjusted for high bp. Serve one balanced portion.,45 mins brisk walk,Watch portion size and allergies.
971,Himachal Pradesh,High Bp,Breakfast,Bhey (High Protein 812),330,22,34,8,10,Low,Low,Low,,"Local grains, legumes, herbs",Vegetarian,,Prepare using traditional Himachali ingredients adjusted for high bp. Serve one balanced portion.,45 mins brisk walk,Watch portion size and allergies.
972,Himachal Pradesh,High Bp,Breakfast,Kodra Roti (Salt Controlled 815),330,22,34,8,10,Low,Low,Low,Gluten,"Local grains, legumes, herbs",Vegetarian,,Prepare using traditional Himachali ingredients adjusted for high bp. Serve one balanced portion.,45 mins brisk walk,Watch portion size and allergies.
973,Himachal Pradesh,High Bp,Breakfast,Madra (Fiber Rich 813),330,22,34,8,10,Low,Low,Low,,"Local grains, legumes, herbs",Vegetarian,,Prepare using traditional Himachali ingredients adjusted for high bp. Serve one balanced portion.,45 mins brisk walk,Watch portion size and allergies.
974,Himachal Pradesh,High Bp,Breakfast,Patande (No Oil 811),330,22,34,8,10,Low,Low,Low,,"Local grains, legumes, herbs",Vegetarian,,Prepare using traditional Himachali ingredients adjusted for high bp. Serve one balanced portion.,45 mins brisk walk,Watch portion size and allergies.
975,Himachal Pradesh,High Bp,Breakfast,Sepu Badi (Traditional 814),330,22,34,8,10,Low,Low,Low,,"Local grains, legumes, herbs",Vegetarian,,Prepare using traditional Himachali ingredients adjusted for high bp. Serve one balanced portion.,45 mins brisk walk,Watch portion size and allergies.
976,Himachal Pradesh,High Bp,Breakfast,Siddu (Steamed 810),330,22,34,8,10,Low,Low,Low,Gluten,"Local grains, legumes, herbs",Vegetarian,,Prepare using traditional Himachali ingredients adjusted for high bp. Serve one balanced portion.,45 mins brisk walk,Watch portion size and allergies.
977,Himachal Pradesh,High Bp,Breakfast,Unsalted Aktori + Unsalted Mint Dip,350,12,55,9,8,Low,Low,Low,,"Buckwheat, Mint",Vegetarian,,Prepare batter and dip with absolutely zero salt.,20 mins light cardio,Monitor BP daily
978,Himachal Pradesh,High Bp,Breakfast,Unsalted Aktori + Unsalted Tomato Chutney,350,12,55,9,8,Medium,Low,Low,,"Buckwheat Flour, Tomato",Vegetarian,,Do not add any salt to the batter or the chutney.,20 mins light cardio,Monitor BP daily
979,Himachal Pradesh,High Bp,Breakfast,Unsalted Barley Babru + Plain Mint Chutney,350,12,55,9,8,Low,Low,Low,Gluten,"Barley, Black Gram, Mint",Vegetarian,,Make the dough and chutney with absolutely zero salt.,20 mins light cardio,Monitor BP daily
980,Himachal Pradesh,High Bp,Breakfast,Unsalted Barley Babru + Plain Yogurt,350,12,55,9,8,Medium,Low,Low,"Gluten, Dairy","Barley, Black Gram, Yogurt",Vegetarian,,Prepare without salt; use yogurt for natural tang.,20 mins light cardio,Monitor BP daily
981,Himachal Pradesh,High Bp,Breakfast,Unsalted Kathu Roti + Skimmed Buttermilk,350,12,55,9,8,Low,Low,Low,Dairy,"Buckwheat, Skimmed Milk",Vegetarian,,Knead dough with zero salt; use unsalted buttermilk.,20 mins light cardio,Monitor BP daily
982,Himachal Pradesh,High Bp,Breakfast,Unsalted Kathu Siddu + Mint Chutney,350,12,55,9,8,Low,Low,Low,,"Buckwheat, Mint",Vegetarian,,Knead dough and blend chutney with absolutely zero salt.,20 mins light cardio,Monitor BP daily
983,Himachal Pradesh,High Bp,Breakfast,Unsalted Kodra Roti + Unsalted Mint Dip,350,12,55,9,8,Low,Low,Low,,"Finger Millet, Mint",Vegetarian,,Knead dough with zero salt; dip must be plain.,20 mins light cardio,Monitor BP daily
984,Himachal Pradesh,High Bp,Breakfast,Unsalted Wheat Roti + Mint & Coriander Dip,350,12,55,9,8,Medium,Low,Low,Gluten,"Wheat, Mint, Coriander",Vegetarian,,Knead dough and blend dip with absolutely zero salt.,20 mins light cardio,Monitor BP daily
985,Himachal Pradesh,High Bp,Breakfast,Chha Gosht (High Protein 828),330,22,34,8,10,Low,Low,Low,,"Local meat, herbs, spices",Non-Vegetarian,Chicken,Prepare using traditional Himachali ingredients adjusted for high bp. Serve one balanced portion.,45 mins brisk walk,Watch portion size and allergies.
986,Himachal Pradesh,High Bp,Breakfast,Chha Gosht (Traditional 822),330,22,34,8,10,Low,Low,Low,,"Local meat, herbs, spices",Non-Vegetarian,Chicken,Prepare using traditional Himachali ingredients adjusted for high bp. Serve one balanced portion.,45 mins brisk walk,Watch portion size and allergies.
987,Himachal Pradesh,High Bp,Breakfast,Chicken Anardana (Light 824),330,22,34,8,10,Low,Low,Low,,"Local meat, herbs, spices",Non-Vegetarian,Chicken,Prepare using traditional Himachali ingredients adjusted for high bp. Serve one balanced portion.,45 mins brisk walk,Watch portion size and allergies.
988,Himachal Pradesh,High Bp,Breakfast,Chicken Anardana (Steamed 818),330,22,34,8,10,Low,Low,Low,,"Local meat, herbs, spices",Non-Vegetarian,Chicken,Prepare using traditional Himachali ingredients adjusted for high bp. Serve one balanced portion.,45 mins brisk walk,Watch portion size and allergies.
989,Himachal Pradesh,High Bp,Breakfast,Chicken Anardana (Traditional 830),330,22,34,8,10,Low,Low,Low,,"Local meat, herbs, spices",Non-Vegetarian,Chicken,Prepare using traditional Himachali ingredients adjusted for high bp. Serve one balanced portion.,45 mins brisk walk,Watch portion size and allergies.
990,Himachal Pradesh,High Bp,Breakfast,Kullu Trout (Fiber Rich 829),330,22,34,8,10,Low,Low,Low,,"Local meat, herbs, spices",Non-Vegetarian,Fish,Prepare using traditional Himachali ingredients adjusted for high bp. Serve one balanced portion.,45 mins brisk walk,Watch portion size and allergies.
991,Himachal Pradesh,High Bp,Breakfast,Kullu Trout (Roasted 817),330,22,34,8,10,Low,Low,Low,,"Local meat, herbs, spices",Non-Vegetarian,Fish,Prepare using traditional Himachali ingredients adjusted for high bp. Serve one balanced portion.,45 mins brisk walk,Watch portion size and allergies.
992,Himachal Pradesh,High Bp,Breakfast,Kullu Trout (Salt Controlled 823),330,22,34,8,10,Low,Low,Low,,"Local meat, herbs, spices",Non-Vegetarian,Fish,Prepare using traditional Himachali ingredients adjusted for high bp. Serve one balanced portion.,45 mins brisk walk,Watch portion size and allergies.
993,Himachal Pradesh,High Bp,Breakfast,Mutton Madra (High Protein 820),330,22,34,8,10,Low,Low,Low,,"Local meat, herbs, spices",Non-Vegetarian,Chicken,Prepare using traditional Himachali ingredients adjusted for high bp. Serve one balanced portion.,45 mins brisk walk,Watch portion size and allergies.
994,Himachal Pradesh,High Bp,Breakfast,Mutton Madra (Light 832),330,22,34,8,10,Low,Low,Low,,"Local meat, herbs, spices",Non-Vegetarian,Chicken,Prepare using traditional Himachali ingredients adjusted for high bp. Serve one balanced portion.,45 mins brisk walk,Watch portion size and allergies.
995,Himachal Pradesh,High Bp,Breakfast,Mutton Madra (Steamed 826),330,22,34,8,10,Low,Low,Low,,"Local meat, herbs, spices",Non-Vegetarian,Chicken,Prepare using traditional Himachali ingredients adjusted for high bp. Serve one balanced portion.,45 mins brisk walk,Watch portion size and allergies.
996,Himachal Pradesh,High Bp,Breakfast,Pahadi Egg Curry (No Oil 819),330,22,34,8,10,Low,Low,Low,,"Local meat, herbs, spices",Non-Vegetarian,Chicken,Prepare using traditional Himachali ingredients adjusted for high bp. Serve one balanced portion.,45 mins brisk walk,Watch portion size and allergies.
997,Himachal Pradesh,High Bp,Breakfast,Pahadi Egg Curry (Roasted 825),330,22,34,8,10,Low,Low,Low,,"Local meat, herbs, spices",Non-Vegetarian,Chicken,Prepare using traditional Himachali ingredients adjusted for high bp. Serve one balanced portion.,45 mins brisk walk,Watch portion size and allergies.
998,Himachal Pradesh,High Bp,Breakfast,Pahadi Egg Curry (Salt Controlled 831),330,22,34,8,10,Low,Low,Low,,"Local meat, herbs, spices",Non-Vegetarian,Chicken,Prepare using traditional Himachali ingredients adjusted for high bp. Serve one balanced portion.,45 mins brisk walk,Watch portion size and allergies.
999,Himachal Pradesh,High Bp,Breakfast,River Fish Curry (Fiber Rich 821),330,22,34,8,10,Low,Low,Low,,"Local meat, herbs, spices",Non-Vegetarian,Fish,Prepare using traditional Himachali ingredients adjusted for high bp. Serve one balanced portion.,45 mins brisk walk,Watch portion size and allergies.
1000,Himachal Pradesh,High Bp,Breakfast,River Fish Curry (No Oil 827),330,22,34,8,10,Low,Low,Low,,"Local meat, herbs, spices",Non-Vegetarian,Fish,Prepare using traditional Himachali ingredients adjusted for high bp. Serve one balanced portion.,45 mins brisk walk,Watch portion size and allergies.
1001,Himachal Pradesh,High Bp,Breakfast,Bhey (Light 840),330,22,34,8,10,Low,Low,Low,,"Local grains, legumes, herbs",Vegan,,Prepare using traditional Himachali ingredients adjusted for high bp. Serve one balanced portion.,45 mins brisk walk,Watch portion size and allergies.
1002,Himachal Pradesh,High Bp,Breakfast,Bhey (Steamed 834),330,22,34,8,10,Low,Low,Low,,"Local grains, legumes, herbs",Vegan,,Prepare using traditional Himachali ingredients adjusted for high bp. Serve one balanced portion.,45 mins brisk walk,Watch portion size and allergies.
1003,Himachal Pradesh,High Bp,Breakfast,Bhey (Traditional 846),330,22,34,8,10,Low,Low,Low,,"Local grains, legumes, herbs",Vegan,,Prepare using traditional Himachali ingredients adjusted for high bp. Serve one balanced portion.,45 mins brisk walk,Watch portion size and allergies.
1004,Himachal Pradesh,High Bp,Breakfast,Jau Khichdi (No Oil 835),330,22,34,8,10,Low,Low,Low,,"Local grains, legumes, herbs",Vegan,,Prepare using traditional Himachali ingredients adjusted for high bp. Serve one balanced portion.,45 mins brisk walk,Watch portion size and allergies.
1005,Himachal Pradesh,High Bp,Breakfast,Jau Khichdi (Roasted 841),330,22,34,8,10,Low,Low,Low,,"Local grains, legumes, herbs",Vegan,,Prepare using traditional Himachali ingredients adjusted for high bp. Serve one balanced portion.,45 mins brisk walk,Watch portion size and allergies.
1006,Himachal Pradesh,High Bp,Breakfast,Jau Khichdi (Salt Controlled 847),330,22,34,8,10,Low,Low,Low,,"Local grains, legumes, herbs",Vegan,,Prepare using traditional Himachali ingredients adjusted for high bp. Serve one balanced portion.,45 mins brisk walk,Watch portion size and allergies.
1007,Himachal Pradesh,High Bp,Breakfast,Lingri Sabzi (Fiber Rich 837),330,22,34,8,10,Low,Low,Low,,"Local grains, legumes, herbs",Vegan,,Prepare using traditional Himachali ingredients adjusted for high bp. Serve one balanced portion.,45 mins brisk walk,Watch portion size and allergies.
1008,Himachal Pradesh,High Bp,Breakfast,Lingri Sabzi (No Oil 843),330,22,34,8,10,Low,Low,Low,,"Local grains, legumes, herbs",Vegan,,Prepare using traditional Himachali ingredients adjusted for high bp. Serve one balanced portion.,45 mins brisk walk,Watch portion size and allergies.
1009,Himachal Pradesh,High Bp,Breakfast,Mah Dal (High Protein 844),330,22,34,8,10,Low,Low,Low,,"Local grains, legumes, herbs",Vegan,,Prepare using traditional Himachali ingredients adjusted for high bp. Serve one balanced portion.,45 mins brisk walk,Watch portion size and allergies.
1010,Himachal Pradesh,High Bp,Breakfast,Mah Dal (Traditional 838),330,22,34,8,10,Low,Low,Low,,"Local grains, legumes, herbs",Vegan,,Prepare using traditional Himachali ingredients adjusted for high bp. Serve one balanced portion.,45 mins brisk walk,Watch portion size and allergies.
1011,Himachal Pradesh,High Bp,Breakfast,Makki Roti (Fiber Rich 845),330,22,34,8,10,Low,Low,Low,Gluten,"Local grains, legumes, herbs",Vegan,,Prepare using traditional Himachali ingredients adjusted for high bp. Serve one balanced portion.,45 mins brisk walk,Watch portion size and allergies.
1012,Himachal Pradesh,High Bp,Breakfast,Makki Roti (Roasted 833),330,22,34,8,10,Low,Low,Low,Gluten,"Local grains, legumes, herbs",Vegan,,Prepare using traditional Himachali ingredients adjusted for high bp. Serve one balanced portion.,45 mins brisk walk,Watch portion size and allergies.
1013,Himachal Pradesh,High Bp,Breakfast,Makki Roti (Salt Controlled 839),330,22,34,8,10,Low,Low,Low,Gluten,"Local grains, legumes, herbs",Vegan,,Prepare using traditional Himachali ingredients adjusted for high bp. Serve one balanced portion.,45 mins brisk walk,Watch portion size and allergies.
1014,Himachal Pradesh,High Bp,Breakfast,Rajma Chawal (High Protein 836),330,22,34,8,10,Low,Low,Low,,"Local grains, legumes, herbs",Vegan,,Prepare using traditional Himachali ingredients adjusted for high bp. Serve one balanced portion.,45 mins brisk walk,Watch portion size and allergies.
1015,Himachal Pradesh,High Bp,Breakfast,Rajma Chawal (Light 848),330,22,34,8,10,Low,Low,Low,,"Local grains, legumes, herbs",Vegan,,Prepare using traditional Himachali ingredients adjusted for high bp. Serve one balanced portion.,45 mins brisk walk,Watch portion size and allergies.
1016,Himachal Pradesh,High Bp,Breakfast,Rajma Chawal (Steamed 842),330,22,34,8,10,Low,Low,Low,,"Local grains, legumes, herbs",Vegan,,Prepare using traditional Himachali ingredients adjusted for high bp. Serve one balanced portion.,45 mins brisk walk,Watch portion size and allergies.
1017,Himachal Pradesh,High Bp,Lunch,Aktori (Light 856),330,22,34,8,10,Low,Low,Low,,"Local grains, legumes, herbs",Vegetarian,,Prepare using traditional Himachali ingredients adjusted for high bp. Serve one balanced portion.,45 mins brisk walk,Watch portion size and allergies.
1018,Himachal Pradesh,High Bp,Lunch,Babru (Roasted 849),330,22,34,8,10,Low,Low,Low,Gluten,"Local grains, legumes, herbs",Vegetarian,,Prepare using traditional Himachali ingredients adjusted for high bp. Serve one balanced portion.,45 mins brisk walk,Watch portion size and allergies.
1019,Himachal Pradesh,High Bp,Lunch,Babru (Roasted 857),330,22,34,8,10,Low,Low,Low,Gluten,"Local grains, legumes, herbs",Vegetarian,,Prepare using traditional Himachali ingredients adjusted for high bp. Serve one balanced portion.,45 mins brisk walk,Watch portion size and allergies.
1020,Himachal Pradesh,High Bp,Lunch,Bhey (High Protein 852),330,22,34,8,10,Low,Low,Low,,"Local grains, legumes, herbs",Vegetarian,,Prepare using traditional Himachali ingredients adjusted for high bp. Serve one balanced portion.,45 mins brisk walk,Watch portion size and allergies.
1021,Himachal Pradesh,High Bp,Lunch,Brown Rice + Unsalted Kulthi + Spinach,550,20,80,16,10,Medium,Low,Low,,"Brown Rice, Horsegram, Spinach",Vegetarian,,Boil dal and spinach plainly without any salt.,Breathing exercises,Stop if feeling dizzy
1022,Himachal Pradesh,High Bp,Lunch,Brown Rice + Unsalted Pahadi Rajma + Lingdi,550,20,80,16,10,Medium,Low,Low,,"Brown Rice, Kidney Beans, Fiddlehead Fern",Vegetarian,,Use aromatic herbs instead of salt for flavor.,Breathing exercises,Stop if feeling dizzy
1023,Himachal Pradesh,High Bp,Lunch,Brown Rice + Unsalted Rajma + Steamed Lingdi,550,20,80,16,10,Medium,Low,Low,,"Brown Rice, Kidney Beans, Fiddlehead Fern",Vegetarian,,"Flavor Rajma with cumin and local herbs, strictly no salt.",Breathing exercises,Stop if feeling dizzy
1024,Himachal Pradesh,High Bp,Lunch,Brown Rice + Unsalted Rajma Madra + Lingdi,550,20,80,16,10,Medium,Low,Low,Dairy,"Brown Rice, Kidney Beans, Yogurt, Fiddlehead Fern",Vegetarian,,Use yogurt and local herbs for flavor to replace salt.,Breathing exercises,Stop if feeling dizzy
1025,Himachal Pradesh,High Bp,Lunch,Kodra Roti (Salt Controlled 855),330,22,34,8,10,Low,Low,Low,Gluten,"Local grains, legumes, herbs",Vegetarian,,Prepare using traditional Himachali ingredients adjusted for high bp. Serve one balanced portion.,45 mins brisk walk,Watch portion size and allergies.
1026,Himachal Pradesh,High Bp,Lunch,Madra (Fiber Rich 853),330,22,34,8,10,Low,Low,Low,,"Local grains, legumes, herbs",Vegetarian,,Prepare using traditional Himachali ingredients adjusted for high bp. Serve one balanced portion.,45 mins brisk walk,Watch portion size and allergies.
1027,Himachal Pradesh,High Bp,Lunch,Patande (No Oil 851),330,22,34,8,10,Low,Low,Low,,"Local grains, legumes, herbs",Vegetarian,,Prepare using traditional Himachali ingredients adjusted for high bp. Serve one balanced portion.,45 mins brisk walk,Watch portion size and allergies.
1028,Himachal Pradesh,High Bp,Lunch,Red Rice + Unsalted Mah Dal + Kadoo,550,20,80,16,10,Medium,Low,Low,,"Red Rice, Urad Dal, Pumpkin",Vegetarian,,Cook dal and pumpkin with zero salt; use ginger/garlic.,Breathing exercises,Stop if feeling dizzy
1029,Himachal Pradesh,High Bp,Lunch,Sepu Badi (Traditional 854),330,22,34,8,10,Low,Low,Low,,"Local grains, legumes, herbs",Vegetarian,,Prepare using traditional Himachali ingredients adjusted for high bp. Serve one balanced portion.,45 mins brisk walk,Watch portion size and allergies.
1030,Himachal Pradesh,High Bp,Lunch,Siddu (Steamed 850),330,22,34,8,10,Low,Low,Low,Gluten,"Local grains, legumes, herbs",Vegetarian,,Prepare using traditional Himachali ingredients adjusted for high bp. Serve one balanced portion.,45 mins brisk walk,Watch portion size and allergies.
1031,Himachal Pradesh,High Bp,Lunch,Siddu (Steamed 858),330,22,34,8,10,Low,Low,Low,Gluten,"Local grains, legumes, herbs",Vegetarian,,Prepare using traditional Himachali ingredients adjusted for high bp. Serve one balanced portion.,45 mins brisk walk,Watch portion size and allergies.
1032,Himachal Pradesh,High Bp,Lunch,Wheat Roti + Unsalted Sepu Badi + Bhey Sabzi,550,20,80,16,10,Medium,Low,Low,"Gluten, Soy","Wheat, Urad Dal, Lotus Stem",Vegetarian,,Steam the dumplings and use lemon for flavor instead of salt.,Breathing exercises,Stop if feeling dizzy
1033,Himachal Pradesh,High Bp,Lunch,Chha Gosht (Light 864),330,22,34,8,10,Low,Low,Low,,"Local meat, herbs, spices",Non-Vegetarian,Chicken,Prepare using traditional Himachali ingredients adjusted for high bp. Serve one balanced portion.,45 mins brisk walk,Watch portion size and allergies.
1034,Himachal Pradesh,High Bp,Lunch,Chha Gosht (Traditional 870),330,22,34,8,10,Low,Low,Low,,"Local meat, herbs, spices",Non-Vegetarian,Chicken,Prepare using traditional Himachali ingredients adjusted for high bp. Serve one balanced portion.,45 mins brisk walk,Watch portion size and allergies.
1035,Himachal Pradesh,High Bp,Lunch,Chicken Anardana (High Protein 860),330,22,34,8,10,Low,Low,Low,,"Local meat, herbs, spices",Non-Vegetarian,Chicken,Prepare using traditional Himachali ingredients adjusted for high bp. Serve one balanced portion.,45 mins brisk walk,Watch portion size and allergies.
1036,Himachal Pradesh,High Bp,Lunch,Chicken Anardana (Light 872),330,22,34,8,10,Low,Low,Low,,"Local meat, herbs, spices",Non-Vegetarian,Chicken,Prepare using traditional Himachali ingredients adjusted for high bp. Serve one balanced portion.,45 mins brisk walk,Watch portion size and allergies.
1037,Himachal Pradesh,High Bp,Lunch,Chicken Anardana (Steamed 866),330,22,34,8,10,Low,Low,Low,,"Local meat, herbs, spices",Non-Vegetarian,Chicken,Prepare using traditional Himachali ingredients adjusted for high bp. Serve one balanced portion.,45 mins brisk walk,Watch portion size and allergies.
1038,Himachal Pradesh,High Bp,Lunch,Kathu Roti + Unsalted Trout + Taro Root,550,20,80,16,10,Medium,Low,Low,Fish,"Buckwheat, Trout Fish, Taro Root",Non-Vegetarian,Fish,Grill trout with lemon and herbs; completely omit salt.,Breathing exercises,Stop if feeling dizzy
1039,Himachal Pradesh,High Bp,Lunch,Kodra Roti + Unsalted Chicken Curry + Beans,550,20,80,16,10,Medium,Low,Low,,"Finger Millet, Chicken, French Beans",Non-Vegetarian,Chicken,Use lemon and herbs to flavor chicken; zero salt.,Breathing exercises,Stop if feeling dizzy
1040,Himachal Pradesh,High Bp,Lunch,Kullu Trout (No Oil 859),330,22,34,8,10,Low,Low,Low,,"Local meat, herbs, spices",Non-Vegetarian,Fish,Prepare using traditional Himachali ingredients adjusted for high bp. Serve one balanced portion.,45 mins brisk walk,Watch portion size and allergies.
1041,Himachal Pradesh,High Bp,Lunch,Kullu Trout (Roasted 865),330,22,34,8,10,Low,Low,Low,,"Local meat, herbs, spices",Non-Vegetarian,Fish,Prepare using traditional Himachali ingredients adjusted for high bp. Serve one balanced portion.,45 mins brisk walk,Watch portion size and allergies.
1042,Himachal Pradesh,High Bp,Lunch,Kullu Trout (Salt Controlled 871),330,22,34,8,10,Low,Low,Low,,"Local meat, herbs, spices",Non-Vegetarian,Fish,Prepare using traditional Himachali ingredients adjusted for high bp. Serve one balanced portion.,45 mins brisk walk,Watch portion size and allergies.
1043,Himachal Pradesh,High Bp,Lunch,Mutton Madra (High Protein 868),330,22,34,8,10,Low,Low,Low,,"Local meat, herbs, spices",Non-Vegetarian,Chicken,Prepare using traditional Himachali ingredients adjusted for high bp. Serve one balanced portion.,45 mins brisk walk,Watch portion size and allergies.
1044,Himachal Pradesh,High Bp,Lunch,Mutton Madra (Traditional 862),330,22,34,8,10,Low,Low,Low,,"Local meat, herbs, spices",Non-Vegetarian,Chicken,Prepare using traditional Himachali ingredients adjusted for high bp. Serve one balanced portion.,45 mins brisk walk,Watch portion size and allergies.
1045,Himachal Pradesh,High Bp,Lunch,Pahadi Egg Curry (Fiber Rich 861),330,22,34,8,10,Low,Low,Low,,"Local meat, herbs, spices",Non-Vegetarian,Chicken,Prepare using traditional Himachali ingredients adjusted for high bp. Serve one balanced portion.,45 mins brisk walk,Watch portion size and allergies.
1046,Himachal Pradesh,High Bp,Lunch,Pahadi Egg Curry (No Oil 867),330,22,34,8,10,Low,Low,Low,,"Local meat, herbs, spices",Non-Vegetarian,Chicken,Prepare using traditional Himachali ingredients adjusted for high bp. Serve one balanced portion.,45 mins brisk walk,Watch portion size and allergies.
1047,Himachal Pradesh,High Bp,Lunch,River Fish Curry (Fiber Rich 869),330,22,34,8,10,Low,Low,Low,,"Local meat, herbs, spices",Non-Vegetarian,Fish,Prepare using traditional Himachali ingredients adjusted for high bp. Serve one balanced portion.,45 mins brisk walk,Watch portion size and allergies.
1048,Himachal Pradesh,High Bp,Lunch,River Fish Curry (Salt Controlled 863),330,22,34,8,10,Low,Low,Low,,"Local meat, herbs, spices",Non-Vegetarian,Fish,Prepare using traditional Himachali ingredients adjusted for high bp. Serve one balanced portion.,45 mins brisk walk,Watch portion size and allergies.
1049,Himachal Pradesh,High Bp,Lunch,Bhey (High Protein 876),330,22,34,8,10,Low,Low,Low,,"Local grains, legumes, herbs",Vegan,,Prepare using traditional Himachali ingredients adjusted for high bp. Serve one balanced portion.,45 mins brisk walk,Watch portion size and allergies.
1050,Himachal Pradesh,High Bp,Lunch,Bhey (Light 888),330,22,34,8,10,Low,Low,Low,,"Local grains, legumes, herbs",Vegan,,Prepare using traditional Himachali ingredients adjusted for high bp. Serve one balanced portion.,45 mins brisk walk,Watch portion size and allergies.
1051,Himachal Pradesh,High Bp,Lunch,Bhey (Steamed 882),330,22,34,8,10,Low,Low,Low,,"Local grains, legumes, herbs",Vegan,,Prepare using traditional Himachali ingredients adjusted for high bp. Serve one balanced portion.,45 mins brisk walk,Watch portion size and allergies.
1052,Himachal Pradesh,High Bp,Lunch,Jau Khichdi (Fiber Rich 877),330,22,34,8,10,Low,Low,Low,,"Local grains, legumes, herbs",Vegan,,Prepare using traditional Himachali ingredients adjusted for high bp. Serve one balanced portion.,45 mins brisk walk,Watch portion size and allergies.
1053,Himachal Pradesh,High Bp,Lunch,Jau Khichdi (No Oil 883),330,22,34,8,10,Low,Low,Low,,"Local grains, legumes, herbs",Vegan,,Prepare using traditional Himachali ingredients adjusted for high bp. Serve one balanced portion.,45 mins brisk walk,Watch portion size and allergies.
1054,Himachal Pradesh,High Bp,Lunch,Lingri Sabzi (Fiber Rich 885),330,22,34,8,10,Low,Low,Low,,"Local grains, legumes, herbs",Vegan,,Prepare using traditional Himachali ingredients adjusted for high bp. Serve one balanced portion.,45 mins brisk walk,Watch portion size and allergies.
1055,Himachal Pradesh,High Bp,Lunch,Lingri Sabzi (Roasted 873),330,22,34,8,10,Low,Low,Low,,"Local grains, legumes, herbs",Vegan,,Prepare using traditional Himachali ingredients adjusted for high bp. Serve one balanced portion.,45 mins brisk walk,Watch portion size and allergies.
1056,Himachal Pradesh,High Bp,Lunch,Lingri Sabzi (Salt Controlled 879),330,22,34,8,10,Low,Low,Low,,"Local grains, legumes, herbs",Vegan,,Prepare using traditional Himachali ingredients adjusted for high bp. Serve one balanced portion.,45 mins brisk walk,Watch portion size and allergies.
1057,Himachal Pradesh,High Bp,Lunch,Mah Dal (Light 880),330,22,34,8,10,Low,Low,Low,,"Local grains, legumes, herbs",Vegan,,Prepare using traditional Himachali ingredients adjusted for high bp. Serve one balanced portion.,45 mins brisk walk,Watch portion size and allergies.
1058,Himachal Pradesh,High Bp,Lunch,Mah Dal (Steamed 874),330,22,34,8,10,Low,Low,Low,,"Local grains, legumes, herbs",Vegan,,Prepare using traditional Himachali ingredients adjusted for high bp. Serve one balanced portion.,45 mins brisk walk,Watch portion size and allergies.
1059,Himachal Pradesh,High Bp,Lunch,Mah Dal (Traditional 886),330,22,34,8,10,Low,Low,Low,,"Local grains, legumes, herbs",Vegan,,Prepare using traditional Himachali ingredients adjusted for high bp. Serve one balanced portion.,45 mins brisk walk,Watch portion size and allergies.
1060,Himachal Pradesh,High Bp,Lunch,Makki Roti (No Oil 875),330,22,34,8,10,Low,Low,Low,Gluten,"Local grains, legumes, herbs",Vegan,,Prepare using traditional Himachali ingredients adjusted for high bp. Serve one balanced portion.,45 mins brisk walk,Watch portion size and allergies.
1061,Himachal Pradesh,High Bp,Lunch,Makki Roti (Roasted 881),330,22,34,8,10,Low,Low,Low,Gluten,"Local grains, legumes, herbs",Vegan,,Prepare using traditional Himachali ingredients adjusted for high bp. Serve one balanced portion.,45 mins brisk walk,Watch portion size and allergies.
1062,Himachal Pradesh,High Bp,Lunch,Makki Roti (Salt Controlled 887),330,22,34,8,10,Low,Low,Low,Gluten,"Local grains, legumes, herbs",Vegan,,Prepare using traditional Himachali ingredients adjusted for high bp. Serve one balanced portion.,45 mins brisk walk,Watch portion size and allergies.
1063,Himachal Pradesh,High Bp,Lunch,Rajma Chawal (High Protein 884),330,22,34,8,10,Low,Low,Low,,"Local grains, legumes, herbs",Vegan,,Prepare using traditional Himachali ingredients adjusted for high bp. Serve one balanced portion.,45 mins brisk walk,Watch portion size and allergies.
1064,Himachal Pradesh,High Bp,Lunch,Rajma Chawal (Traditional 878),330,22,34,8,10,Low,Low,Low,,"Local grains, legumes, herbs",Vegan,,Prepare using traditional Himachali ingredients adjusted for high bp. Serve one balanced portion.,45 mins brisk walk,Watch portion size and allergies.
1065,Himachal Pradesh,High Bp,Snack,Aktori (Light 896),330,22,34,8,10,Low,Low,Low,,"Local grains, legumes, herbs",Vegetarian,,Prepare using traditional Himachali ingredients adjusted for high bp. Serve one balanced portion.,45 mins brisk walk,Watch portion size and allergies.
1066,Himachal Pradesh,High Bp,Snack,Babru (Roasted 889),330,22,34,8,10,Low,Low,Low,Gluten,"Local grains, legumes, herbs",Vegetarian,,Prepare using traditional Himachali ingredients adjusted for high bp. Serve one balanced portion.,45 mins brisk walk,Watch portion size and allergies.
1067,Himachal Pradesh,High Bp,Snack,Bhey (High Protein 892),330,22,34,8,10,Low,Low,Low,,"Local grains, legumes, herbs",Vegetarian,,Prepare using traditional Himachali ingredients adjusted for high bp. Serve one balanced portion.,45 mins brisk walk,Watch portion size and allergies.
1068,Himachal Pradesh,High Bp,Snack,Fresh Plum/Peach Bowl (Zero Salt),150,5,25,3,4,Low,Low,Low,,"Plum, Peach",Vegetarian,,Serve fresh local fruits without any chaat masala or salt.,30 mins walk,Avoid any added salt
1069,Himachal Pradesh,High Bp,Snack,Kodra Roti (Salt Controlled 895),330,22,34,8,10,Low,Low,Low,Gluten,"Local grains, legumes, herbs",Vegetarian,,Prepare using traditional Himachali ingredients adjusted for high bp. Serve one balanced portion.,45 mins brisk walk,Watch portion size and allergies.
1070,Himachal Pradesh,High Bp,Snack,Madra (Fiber Rich 893),330,22,34,8,10,Low,Low,Low,,"Local grains, legumes, herbs",Vegetarian,,Prepare using traditional Himachali ingredients adjusted for high bp. Serve one balanced portion.,45 mins brisk walk,Watch portion size and allergies.
1071,Himachal Pradesh,High Bp,Snack,Patande (No Oil 891),330,22,34,8,10,Low,Low,Low,,"Local grains, legumes, herbs",Vegetarian,,Prepare using traditional Himachali ingredients adjusted for high bp. Serve one balanced portion.,45 mins brisk walk,Watch portion size and allergies.
1072,Himachal Pradesh,High Bp,Snack,Sepu Badi (Traditional 894),330,22,34,8,10,Low,Low,Low,,"Local grains, legumes, herbs",Vegetarian,,Prepare using traditional Himachali ingredients adjusted for high bp. Serve one balanced portion.,45 mins brisk walk,Watch portion size and allergies.
1073,Himachal Pradesh,High Bp,Snack,Siddu (Steamed 890),330,22,34,8,10,Low,Low,Low,Gluten,"Local grains, legumes, herbs",Vegetarian,,Prepare using traditional Himachali ingredients adjusted for high bp. Serve one balanced portion.,45 mins brisk walk,Watch portion size and allergies.
1074,Himachal Pradesh,High Bp,Snack,Unsalted Fresh Apricots,150,5,25,3,4,Low,Low,Low,,Apricots,Vegetarian,,Serve fresh without chaat masala.,30 mins walk,Avoid any added salt
1075,Himachal Pradesh,High Bp,Snack,Unsalted Fresh Peach Slices,150,5,25,3,4,Low,Low,Low,,Peach,Vegetarian,,Serve fresh local peaches plain.,30 mins walk,Avoid any added salt
1076,Himachal Pradesh,High Bp,Snack,Unsalted Fresh Pear,150,5,25,3,4,Low,Low,Low,,Pear,Vegetarian,,Serve fresh fruit without any seasoning.,30 mins walk,Avoid any added salt
1077,Himachal Pradesh,High Bp,Snack,Unsalted Fresh Plum,150,5,25,3,4,Low,Low,Low,,Plum,Vegetarian,,Serve fresh without any added salt.,30 mins walk,Avoid any added salt
1078,Himachal Pradesh,High Bp,Snack,Unsalted Fresh Plums,150,5,25,3,4,Low,Low,Low,,Plums,Vegetarian,,Serve entirely plain.,30 mins walk,Avoid any added salt
1079,Himachal Pradesh,High Bp,Snack,Unsalted Roasted Walnuts,150,5,25,3,4,Low,Low,Low,Nuts,Walnuts,Vegetarian,,Serve raw or dry roasted.,30 mins walk,Avoid any added salt
1080,Himachal Pradesh,High Bp,Snack,Unsalted Steamed Corn,150,5,25,3,4,Medium,Low,Low,,Corn,Vegetarian,,Steam plain corn without any seasonings.,30 mins walk,Avoid any added salt
1081,Himachal Pradesh,High Bp,Snack,Chha Gosht (High Protein 900),330,22,34,8,10,Low,Low,Low,,"Local meat, herbs, spices",Non-Vegetarian,Chicken,Prepare using traditional Himachali ingredients adjusted for high bp. Serve one balanced portion.,45 mins brisk walk,Watch portion size and allergies.
1082,Himachal Pradesh,High Bp,Snack,Chha Gosht (Light 912),330,22,34,8,10,Low,Low,Low,,"Local meat, herbs, spices",Non-Vegetarian,Chicken,Prepare using traditional Himachali ingredients adjusted for high bp. Serve one balanced portion.,45 mins brisk walk,Watch portion size and allergies.
1083,Himachal Pradesh,High Bp,Snack,Chha Gosht (Steamed 906),330,22,34,8,10,Low,Low,Low,,"Local meat, herbs, spices",Non-Vegetarian,Chicken,Prepare using traditional Himachali ingredients adjusted for high bp. Serve one balanced portion.,45 mins brisk walk,Watch portion size and allergies.
1084,Himachal Pradesh,High Bp,Snack,Chicken Anardana (High Protein 908),330,22,34,8,10,Low,Low,Low,,"Local meat, herbs, spices",Non-Vegetarian,Chicken,Prepare using traditional Himachali ingredients adjusted for high bp. Serve one balanced portion.,45 mins brisk walk,Watch portion size and allergies.
1085,Himachal Pradesh,High Bp,Snack,Chicken Anardana (Traditional 902),330,22,34,8,10,Low,Low,Low,,"Local meat, herbs, spices",Non-Vegetarian,Chicken,Prepare using traditional Himachali ingredients adjusted for high bp. Serve one balanced portion.,45 mins brisk walk,Watch portion size and allergies.
1086,Himachal Pradesh,High Bp,Snack,Kullu Trout (Fiber Rich 901),330,22,34,8,10,Low,Low,Low,,"Local meat, herbs, spices",Non-Vegetarian,Fish,Prepare using traditional Himachali ingredients adjusted for high bp. Serve one balanced portion.,45 mins brisk walk,Watch portion size and allergies.
1087,Himachal Pradesh,High Bp,Snack,Kullu Trout (No Oil 907),330,22,34,8,10,Low,Low,Low,,"Local meat, herbs, spices",Non-Vegetarian,Fish,Prepare using traditional Himachali ingredients adjusted for high bp. Serve one balanced portion.,45 mins brisk walk,Watch portion size and allergies.
1088,Himachal Pradesh,High Bp,Snack,Mutton Madra (Light 904),330,22,34,8,10,Low,Low,Low,,"Local meat, herbs, spices",Non-Vegetarian,Chicken,Prepare using traditional Himachali ingredients adjusted for high bp. Serve one balanced portion.,45 mins brisk walk,Watch portion size and allergies.
1089,Himachal Pradesh,High Bp,Snack,Mutton Madra (Steamed 898),330,22,34,8,10,Low,Low,Low,,"Local meat, herbs, spices",Non-Vegetarian,Chicken,Prepare using traditional Himachali ingredients adjusted for high bp. Serve one balanced portion.,45 mins brisk walk,Watch portion size and allergies.
1090,Himachal Pradesh,High Bp,Snack,Mutton Madra (Traditional 910),330,22,34,8,10,Low,Low,Low,,"Local meat, herbs, spices",Non-Vegetarian,Chicken,Prepare using traditional Himachali ingredients adjusted for high bp. Serve one balanced portion.,45 mins brisk walk,Watch portion size and allergies.
1091,Himachal Pradesh,High Bp,Snack,Pahadi Egg Curry (Fiber Rich 909),330,22,34,8,10,Low,Low,Low,,"Local meat, herbs, spices",Non-Vegetarian,Chicken,Prepare using traditional Himachali ingredients adjusted for high bp. Serve one balanced portion.,45 mins brisk walk,Watch portion size and allergies.
1092,Himachal Pradesh,High Bp,Snack,Pahadi Egg Curry (Roasted 897),330,22,34,8,10,Low,Low,Low,,"Local meat, herbs, spices",Non-Vegetarian,Chicken,Prepare using traditional Himachali ingredients adjusted for high bp. Serve one balanced portion.,45 mins brisk walk,Watch portion size and allergies.
1093,Himachal Pradesh,High Bp,Snack,Pahadi Egg Curry (Salt Controlled 903),330,22,34,8,10,Low,Low,Low,,"Local meat, herbs, spices",Non-Vegetarian,Chicken,Prepare using traditional Himachali ingredients adjusted for high bp. Serve one balanced portion.,45 mins brisk walk,Watch portion size and allergies.
1094,Himachal Pradesh,High Bp,Snack,River Fish Curry (No Oil 899),330,22,34,8,10,Low,Low,Low,,"Local meat, herbs, spices",Non-Vegetarian,Fish,Prepare using traditional Himachali ingredients adjusted for high bp. Serve one balanced portion.,45 mins brisk walk,Watch portion size and allergies.
1095,Himachal Pradesh,High Bp,Snack,River Fish Curry (Roasted 905),330,22,34,8,10,Low,Low,Low,,"Local meat, herbs, spices",Non-Vegetarian,Fish,Prepare using traditional Himachali ingredients adjusted for high bp. Serve one balanced portion.,45 mins brisk walk,Watch portion size and allergies.
1096,Himachal Pradesh,High Bp,Snack,River Fish Curry (Salt Controlled 911),330,22,34,8,10,Low,Low,Low,,"Local meat, herbs, spices",Non-Vegetarian,Fish,Prepare using traditional Himachali ingredients adjusted for high bp. Serve one balanced portion.,45 mins brisk walk,Watch portion size and allergies.
1097,Himachal Pradesh,High Bp,Snack,Bhey (High Protein 924),330,22,34,8,10,Low,Low,Low,,"Local grains, legumes, herbs",Vegan,,Prepare using traditional Himachali ingredients adjusted for high bp. Serve one balanced portion.,45 mins brisk walk,Watch portion size and allergies.
1098,Himachal Pradesh,High Bp,Snack,Bhey (Traditional 918),330,22,34,8,10,Low,Low,Low,,"Local grains, legumes, herbs",Vegan,,Prepare using traditional Himachali ingredients adjusted for high bp. Serve one balanced portion.,45 mins brisk walk,Watch portion size and allergies.
1099,Himachal Pradesh,High Bp,Snack,Jau Khichdi (Fiber Rich 925),330,22,34,8,10,Low,Low,Low,,"Local grains, legumes, herbs",Vegan,,Prepare using traditional Himachali ingredients adjusted for high bp. Serve one balanced portion.,45 mins brisk walk,Watch portion size and allergies.
1100,Himachal Pradesh,High Bp,Snack,Jau Khichdi (Roasted 913),330,22,34,8,10,Low,Low,Low,,"Local grains, legumes, herbs",Vegan,,Prepare using traditional Himachali ingredients adjusted for high bp. Serve one balanced portion.,45 mins brisk walk,Watch portion size and allergies.
1101,Himachal Pradesh,High Bp,Snack,Jau Khichdi (Salt Controlled 919),330,22,34,8,10,Low,Low,Low,,"Local grains, legumes, herbs",Vegan,,Prepare using traditional Himachali ingredients adjusted for high bp. Serve one balanced portion.,45 mins brisk walk,Watch portion size and allergies.
1102,Himachal Pradesh,High Bp,Snack,Lingri Sabzi (No Oil 915),330,22,34,8,10,Low,Low,Low,,"Local grains, legumes, herbs",Vegan,,Prepare using traditional Himachali ingredients adjusted for high bp. Serve one balanced portion.,45 mins brisk walk,Watch portion size and allergies.
1103,Himachal Pradesh,High Bp,Snack,Lingri Sabzi (Roasted 921),330,22,34,8,10,Low,Low,Low,,"Local grains, legumes, herbs",Vegan,,Prepare using traditional Himachali ingredients adjusted for high bp. Serve one balanced portion.,45 mins brisk walk,Watch portion size and allergies.
1104,Himachal Pradesh,High Bp,Snack,Lingri Sabzi (Salt Controlled 927),330,22,34,8,10,Low,Low,Low,,"Local grains, legumes, herbs",Vegan,,Prepare using traditional Himachali ingredients adjusted for high bp. Serve one balanced portion.,45 mins brisk walk,Watch portion size and allergies.
1105,Himachal Pradesh,High Bp,Snack,Mah Dal (High Protein 916),330,22,34,8,10,Low,Low,Low,,"Local grains, legumes, herbs",Vegan,,Prepare using traditional Himachali ingredients adjusted for high bp. Serve one balanced portion.,45 mins brisk walk,Watch portion size and allergies.
1106,Himachal Pradesh,High Bp,Snack,Mah Dal (Light 928),330,22,34,8,10,Low,Low,Low,,"Local grains, legumes, herbs",Vegan,,Prepare using traditional Himachali ingredients adjusted for high bp. Serve one balanced portion.,45 mins brisk walk,Watch portion size and allergies.
1107,Himachal Pradesh,High Bp,Snack,Mah Dal (Steamed 922),330,22,34,8,10,Low,Low,Low,,"Local grains, legumes, herbs",Vegan,,Prepare using traditional Himachali ingredients adjusted for high bp. Serve one balanced portion.,45 mins brisk walk,Watch portion size and allergies.
1108,Himachal Pradesh,High Bp,Snack,Makki Roti (Fiber Rich 917),330,22,34,8,10,Low,Low,Low,Gluten,"Local grains, legumes, herbs",Vegan,,Prepare using traditional Himachali ingredients adjusted for high bp. Serve one balanced portion.,45 mins brisk walk,Watch portion size and allergies.
1109,Himachal Pradesh,High Bp,Snack,Makki Roti (No Oil 923),330,22,34,8,10,Low,Low,Low,Gluten,"Local grains, legumes, herbs",Vegan,,Prepare using traditional Himachali ingredients adjusted for high bp. Serve one balanced portion.,45 mins brisk walk,Watch portion size and allergies.
1110,Himachal Pradesh,High Bp,Snack,Rajma Chawal (Light 920),330,22,34,8,10,Low,Low,Low,,"Local grains, legumes, herbs",Vegan,,Prepare using traditional Himachali ingredients adjusted for high bp. Serve one balanced portion.,45 mins brisk walk,Watch portion size and allergies.
1111,Himachal Pradesh,High Bp,Snack,Rajma Chawal (Steamed 914),330,22,34,8,10,Low,Low,Low,,"Local grains, legumes, herbs",Vegan,,Prepare using traditional Himachali ingredients adjusted for high bp. Serve one balanced portion.,45 mins brisk walk,Watch portion size and allergies.
1112,Himachal Pradesh,High Bp,Snack,Rajma Chawal (Traditional 926),330,22,34,8,10,Low,Low,Low,,"Local grains, legumes, herbs",Vegan,,Prepare using traditional Himachali ingredients adjusted for high bp. Serve one balanced portion.,45 mins brisk walk,Watch portion size and allergies.
1113,Himachal Pradesh,High Bp,Dinner,Aktori (Light 936),330,22,34,8,10,Low,Low,Low,,"Local grains, legumes, herbs",Vegetarian,,Prepare using traditional Himachali ingredients adjusted for high bp. Serve one balanced portion.,45 mins brisk walk,Watch portion size and allergies.
1114,Himachal Pradesh,High Bp,Dinner,Babru (Roasted 929),330,22,34,8,10,Low,Low,Low,Gluten,"Local grains, legumes, herbs",Vegetarian,,Prepare using traditional Himachali ingredients adjusted for high bp. Serve one balanced portion.,45 mins brisk walk,Watch portion size and allergies.
1115,Himachal Pradesh,High Bp,Dinner,Bhey (High Protein 932),330,22,34,8,10,Low,Low,Low,,"Local grains, legumes, herbs",Vegetarian,,Prepare using traditional Himachali ingredients adjusted for high bp. Serve one balanced portion.,45 mins brisk walk,Watch portion size and allergies.
1116,Himachal Pradesh,High Bp,Dinner,Brown Rice + Unsalted Kulthi + Spinach,450,20,65,12,9,Medium,Low,Low,,"Brown Rice, Horsegram, Spinach",Vegetarian,,Boil dal and spinach together with zero salt.,Relaxation yoga,Check BP reading
1117,Himachal Pradesh,High Bp,Dinner,Kodra Roti (Salt Controlled 935),330,22,34,8,10,Low,Low,Low,Gluten,"Local grains, legumes, herbs",Vegetarian,,Prepare using traditional Himachali ingredients adjusted for high bp. Serve one balanced portion.,45 mins brisk walk,Watch portion size and allergies.
1118,Himachal Pradesh,High Bp,Dinner,Madra (Fiber Rich 933),330,22,34,8,10,Low,Low,Low,,"Local grains, legumes, herbs",Vegetarian,,Prepare using traditional Himachali ingredients adjusted for high bp. Serve one balanced portion.,45 mins brisk walk,Watch portion size and allergies.
1119,Himachal Pradesh,High Bp,Dinner,Makki Roti + Unsalted Chana + Sarson Saag,450,20,65,12,9,Medium,Low,Low,,"Maize Flour, Black Chickpeas, Mustard Greens",Vegetarian,,Use ginger and garlic heavily to compensate for lack of salt.,Relaxation yoga,Check BP reading
1120,Himachal Pradesh,High Bp,Dinner,Makki Roti + Unsalted Sarson Saag,450,20,65,12,9,Medium,Low,Low,,"Maize Flour, Mustard Greens",Vegetarian,,"Cook the saag using ginger and garlic for flavor, zero salt.",Relaxation yoga,Check BP reading
1121,Himachal Pradesh,High Bp,Dinner,Makki Roti + Unsalted Sarson Saag,450,20,65,12,9,Medium,Low,Low,,"Maize Flour, Mustard Greens",Vegetarian,,Use extra garlic/ginger to compensate for lack of salt.,Relaxation yoga,Check BP reading
1122,Himachal Pradesh,High Bp,Dinner,Makki Roti + Unsalted Sarson Saag,450,20,65,12,9,Medium,Low,Low,,"Maize Flour, Mustard Greens",Vegetarian,,Compensate for lack of salt with extra ginger/garlic.,Relaxation yoga,Check BP reading
1123,Himachal Pradesh,High Bp,Dinner,Patande (No Oil 931),330,22,34,8,10,Low,Low,Low,,"Local grains, legumes, herbs",Vegetarian,,Prepare using traditional Himachali ingredients adjusted for high bp. Serve one balanced portion.,45 mins brisk walk,Watch portion size and allergies.
1124,Himachal Pradesh,High Bp,Dinner,Red Rice + Unsalted Mah Dal + Kadoo,450,20,65,12,9,Medium,Low,Low,,"Red Rice, Urad Dal, Pumpkin",Vegetarian,,"Flavor the dal with garlic and ginger, zero salt.",Relaxation yoga,Check BP reading
1125,Himachal Pradesh,High Bp,Dinner,Sepu Badi (Traditional 934),330,22,34,8,10,Low,Low,Low,,"Local grains, legumes, herbs",Vegetarian,,Prepare using traditional Himachali ingredients adjusted for high bp. Serve one balanced portion.,45 mins brisk walk,Watch portion size and allergies.
1126,Himachal Pradesh,High Bp,Dinner,Siddu (Steamed 930),330,22,34,8,10,Low,Low,Low,Gluten,"Local grains, legumes, herbs",Vegetarian,,Prepare using traditional Himachali ingredients adjusted for high bp. Serve one balanced portion.,45 mins brisk walk,Watch portion size and allergies.
1127,Himachal Pradesh,High Bp,Dinner,Unsalted Makki Roti + Palda (No salt),450,20,65,12,9,Medium,Low,Low,Dairy,"Maize Flour, Yogurt, Potato",Vegetarian,,"Flavor the Palda with cumin and coriander, strictly no salt.",Relaxation yoga,Check BP reading
1128,Himachal Pradesh,High Bp,Dinner,Unsalted Makki Roti + Unsalted Chana Khatta,450,20,65,12,9,Medium,Low,Low,,"Maize Flour, Black Chickpeas, Tamarind",Vegetarian,,"Use tamarind to create sourness, strictly omitting salt.",Relaxation yoga,Check BP reading
1129,Himachal Pradesh,High Bp,Dinner,Chha Gosht (High Protein 948),330,22,34,8,10,Low,Low,Low,,"Local meat, herbs, spices",Non-Vegetarian,Chicken,Prepare using traditional Himachali ingredients adjusted for high bp. Serve one balanced portion.,45 mins brisk walk,Watch portion size and allergies.
1130,Himachal Pradesh,High Bp,Dinner,Chha Gosht (Traditional 942),330,22,34,8,10,Low,Low,Low,,"Local meat, herbs, spices",Non-Vegetarian,Chicken,Prepare using traditional Himachali ingredients adjusted for high bp. Serve one balanced portion.,45 mins brisk walk,Watch portion size and allergies.
1131,Himachal Pradesh,High Bp,Dinner,Chicken Anardana (Light 944),330,22,34,8,10,Low,Low,Low,,"Local meat, herbs, spices",Non-Vegetarian,Chicken,Prepare using traditional Himachali ingredients adjusted for high bp. Serve one balanced portion.,45 mins brisk walk,Watch portion size and allergies.
1132,Himachal Pradesh,High Bp,Dinner,Chicken Anardana (Steamed 938),330,22,34,8,10,Low,Low,Low,,"Local meat, herbs, spices",Non-Vegetarian,Chicken,Prepare using traditional Himachali ingredients adjusted for high bp. Serve one balanced portion.,45 mins brisk walk,Watch portion size and allergies.
1133,Himachal Pradesh,High Bp,Dinner,Chicken Anardana (Traditional 950),330,22,34,8,10,Low,Low,Low,,"Local meat, herbs, spices",Non-Vegetarian,Chicken,Prepare using traditional Himachali ingredients adjusted for high bp. Serve one balanced portion.,45 mins brisk walk,Watch portion size and allergies.
1134,Himachal Pradesh,High Bp,Dinner,Kullu Trout (Fiber Rich 949),330,22,34,8,10,Low,Low,Low,,"Local meat, herbs, spices",Non-Vegetarian,Fish,Prepare using traditional Himachali ingredients adjusted for high bp. Serve one balanced portion.,45 mins brisk walk,Watch portion size and allergies.
1135,Himachal Pradesh,High Bp,Dinner,Kullu Trout (Roasted 937),330,22,34,8,10,Low,Low,Low,,"Local meat, herbs, spices",Non-Vegetarian,Fish,Prepare using traditional Himachali ingredients adjusted for high bp. Serve one balanced portion.,45 mins brisk walk,Watch portion size and allergies.
1136,Himachal Pradesh,High Bp,Dinner,Kullu Trout (Salt Controlled 943),330,22,34,8,10,Low,Low,Low,,"Local meat, herbs, spices",Non-Vegetarian,Fish,Prepare using traditional Himachali ingredients adjusted for high bp. Serve one balanced portion.,45 mins brisk walk,Watch portion size and allergies.
1137,Himachal Pradesh,High Bp,Dinner,Mutton Madra (High Protein 940),330,22,34,8,10,Low,Low,Low,,"Local meat, herbs, spices",Non-Vegetarian,Chicken,Prepare using traditional Himachali ingredients adjusted for high bp. Serve one balanced portion.,45 mins brisk walk,Watch portion size and allergies.
1138,Himachal Pradesh,High Bp,Dinner,Mutton Madra (Light 952),330,22,34,8,10,Low,Low,Low,,"Local meat, herbs, spices",Non-Vegetarian,Chicken,Prepare using traditional Himachali ingredients adjusted for high bp. Serve one balanced portion.,45 mins brisk walk,Watch portion size and allergies.
1139,Himachal Pradesh,High Bp,Dinner,Mutton Madra (Steamed 946),330,22,34,8,10,Low,Low,Low,,"Local meat, herbs, spices",Non-Vegetarian,Chicken,Prepare using traditional Himachali ingredients adjusted for high bp. Serve one balanced portion.,45 mins brisk walk,Watch portion size and allergies.
1140,Himachal Pradesh,High Bp,Dinner,Pahadi Egg Curry (No Oil 939),330,22,34,8,10,Low,Low,Low,,"Local meat, herbs, spices",Non-Vegetarian,Chicken,Prepare using traditional Himachali ingredients adjusted for high bp. Serve one balanced portion.,45 mins brisk walk,Watch portion size and allergies.
1141,Himachal Pradesh,High Bp,Dinner,Pahadi Egg Curry (Roasted 945),330,22,34,8,10,Low,Low,Low,,"Local meat, herbs, spices",Non-Vegetarian,Chicken,Prepare using traditional Himachali ingredients adjusted for high bp. Serve one balanced portion.,45 mins brisk walk,Watch portion size and allergies.
1142,Himachal Pradesh,High Bp,Dinner,Pahadi Egg Curry (Salt Controlled 951),330,22,34,8,10,Low,Low,Low,,"Local meat, herbs, spices",Non-Vegetarian,Chicken,Prepare using traditional Himachali ingredients adjusted for high bp. Serve one balanced portion.,45 mins brisk walk,Watch portion size and allergies.
1143,Himachal Pradesh,High Bp,Dinner,River Fish Curry (Fiber Rich 941),330,22,34,8,10,Low,Low,Low,,"Local meat, herbs, spices",Non-Vegetarian,Fish,Prepare using traditional Himachali ingredients adjusted for high bp. Serve one balanced portion.,45 mins brisk walk,Watch portion size and allergies.
1144,Himachal Pradesh,High Bp,Dinner,River Fish Curry (No Oil 947),330,22,34,8,10,Low,Low,Low,,"Local meat, herbs, spices",Non-Vegetarian,Fish,Prepare using traditional Himachali ingredients adjusted for high bp. Serve one balanced portion.,45 mins brisk walk,Watch portion size and allergies.
1145,Himachal Pradesh,High Bp,Dinner,Bhey (Light 960),330,22,34,8,10,Low,Low,Low,,"Local grains, legumes, herbs",Vegan,,Prepare using traditional Himachali ingredients adjusted for high bp. Serve one balanced portion.,45 mins brisk walk,Watch portion size and allergies.
1146,Himachal Pradesh,High Bp,Dinner,Bhey (Steamed 954),330,22,34,8,10,Low,Low,Low,,"Local grains, legumes, herbs",Vegan,,Prepare using traditional Himachali ingredients adjusted for high bp. Serve one balanced portion.,45 mins brisk walk,Watch portion size and allergies.
1147,Himachal Pradesh,High Bp,Dinner,Bhey (Traditional 966),330,22,34,8,10,Low,Low,Low,,"Local grains, legumes, herbs",Vegan,,Prepare using traditional Himachali ingredients adjusted for high bp. Serve one balanced portion.,45 mins brisk walk,Watch portion size and allergies.
1148,Himachal Pradesh,High Bp,Dinner,Jau Khichdi (No Oil 955),330,22,34,8,10,Low,Low,Low,,"Local grains, legumes, herbs",Vegan,,Prepare using traditional Himachali ingredients adjusted for high bp. Serve one balanced portion.,45 mins brisk walk,Watch portion size and allergies.
1149,Himachal Pradesh,High Bp,Dinner,Jau Khichdi (Roasted 961),330,22,34,8,10,Low,Low,Low,,"Local grains, legumes, herbs",Vegan,,Prepare using traditional Himachali ingredients adjusted for high bp. Serve one balanced portion.,45 mins brisk walk,Watch portion size and allergies.
1150,Himachal Pradesh,High Bp,Dinner,Jau Khichdi (Salt Controlled 967),330,22,34,8,10,Low,Low,Low,,"Local grains, legumes, herbs",Vegan,,Prepare using traditional Himachali ingredients adjusted for high bp. Serve one balanced portion.,45 mins brisk walk,Watch portion size and allergies.
1151,Himachal Pradesh,High Bp,Dinner,Lingri Sabzi (Fiber Rich 957),330,22,34,8,10,Low,Low,Low,,"Local grains, legumes, herbs",Vegan,,Prepare using traditional Himachali ingredients adjusted for high bp. Serve one balanced portion.,45 mins brisk walk,Watch portion size and allergies.
1152,Himachal Pradesh,High Bp,Dinner,Lingri Sabzi (No Oil 963),330,22,34,8,10,Low,Low,Low,,"Local grains, legumes, herbs",Vegan,,Prepare using traditional Himachali ingredients adjusted for high bp. Serve one balanced portion.,45 mins brisk walk,Watch portion size and allergies.
1153,Himachal Pradesh,High Bp,Dinner,Mah Dal (High Protein 964),330,22,34,8,10,Low,Low,Low,,"Local grains, legumes, herbs",Vegan,,Prepare using traditional Himachali ingredients adjusted for high bp. Serve one balanced portion.,45 mins brisk walk,Watch portion size and allergies.
1154,Himachal Pradesh,High Bp,Dinner,Mah Dal (Traditional 958),330,22,34,8,10,Low,Low,Low,,"Local grains, legumes, herbs",Vegan,,Prepare using traditional Himachali ingredients adjusted for high bp. Serve one balanced portion.,45 mins brisk walk,Watch portion size and allergies.
1155,Himachal Pradesh,High Bp,Dinner,Makki Roti (Fiber Rich 965),330,22,34,8,10,Low,Low,Low,Gluten,"Local grains, legumes, herbs",Vegan,,Prepare using traditional Himachali ingredients adjusted for high bp. Serve one balanced portion.,45 mins brisk walk,Watch portion size and allergies.
1156,Himachal Pradesh,High Bp,Dinner,Makki Roti (Roasted 953),330,22,34,8,10,Low,Low,Low,Gluten,"Local grains, legumes, herbs",Vegan,,Prepare using traditional Himachali ingredients adjusted for high bp. Serve one balanced portion.,45 mins brisk walk,Watch portion size and allergies.
1157,Himachal Pradesh,High Bp,Dinner,Makki Roti (Salt Controlled 959),330,22,34,8,10,Low,Low,Low,Gluten,"Local grains, legumes, herbs",Vegan,,Prepare using traditional Himachali ingredients adjusted for high bp. Serve one balanced portion.,45 mins brisk walk,Watch portion size and allergies.
1158,Himachal Pradesh,High Bp,Dinner,Rajma Chawal (High Protein 956),330,22,34,8,10,Low,Low,Low,,"Local grains, legumes, herbs",Vegan,,Prepare using traditional Himachali ingredients adjusted for high bp. Serve one balanced portion.,45 mins brisk walk,Watch portion size and allergies.
1159,Himachal Pradesh,High Bp,Dinner,Rajma Chawal (Light 968),330,22,34,8,10,Low,Low,Low,,"Local grains, legumes, herbs",Vegan,,Prepare using traditional Himachali ingredients adjusted for high bp. Serve one balanced portion.,45 mins brisk walk,Watch portion size and allergies.
1160,Himachal Pradesh,High Bp,Dinner,Rajma Chawal (Steamed 962),330,22,34,8,10,Low,Low,Low,,"Local grains, legumes, herbs",Vegan,,Prepare using traditional Himachali ingredients adjusted for high bp. Serve one balanced portion.,45 mins brisk walk,Watch portion size and allergies.
1161,Himachal Pradesh,High Cholesterol,Breakfast,"Aktori (Buckwheat Pancake, Zero Oil)",300,15,45,6,7,Low,Medium,Low,,Buckwheat Flour,Vegetarian,,Cook on a non-stick pan without any butter or oil.,40 mins steady cardio,Check lipid profile quarterly
1162,Himachal Pradesh,High Cholesterol,Breakfast,Aktori (Light 976),330,22,34,8,10,Low,Low,Low,,"Local grains, legumes, herbs",Vegetarian,,Prepare using traditional Himachali ingredients adjusted for high cholesterol. Serve one balanced portion.,45 mins brisk walk,Watch portion size and allergies.
1163,Himachal Pradesh,High Cholesterol,Breakfast,"Babru (Dry-Roasted, No Oil) + Mint Chutney",300,15,45,6,7,Low,Medium,Low,Gluten,"Wheat, Black Gram, Mint",Vegetarian,,Roast dry on a pan without oil instead of traditional deep frying.,40 mins steady cardio,Check lipid profile quarterly
1164,Himachal Pradesh,High Cholesterol,Breakfast,Babru (Roasted 969),330,22,34,8,10,Low,Low,Low,Gluten,"Local grains, legumes, herbs",Vegetarian,,Prepare using traditional Himachali ingredients adjusted for high cholesterol. Serve one balanced portion.,45 mins brisk walk,Watch portion size and allergies.
1165,Himachal Pradesh,High Cholesterol,Breakfast,Barley Roti + Skimmed Buttermilk,300,15,45,6,7,Low,Medium,Low,"Gluten, Dairy","Barley, Skimmed Milk",Vegetarian,,Dry roast roti; ensure buttermilk is fully skimmed.,40 mins steady cardio,Check lipid profile quarterly
1166,Himachal Pradesh,High Cholesterol,Breakfast,Bhey (High Protein 972),330,22,34,8,10,Low,Low,Low,,"Local grains, legumes, herbs",Vegetarian,,Prepare using traditional Himachali ingredients adjusted for high cholesterol. Serve one balanced portion.,45 mins brisk walk,Watch portion size and allergies.
1167,Himachal Pradesh,High Cholesterol,Breakfast,Kodra Roti (Salt Controlled 975),330,22,34,8,10,Low,Low,Low,Gluten,"Local grains, legumes, herbs",Vegetarian,,Prepare using traditional Himachali ingredients adjusted for high cholesterol. Serve one balanced portion.,45 mins brisk walk,Watch portion size and allergies.
1168,Himachal Pradesh,High Cholesterol,Breakfast,Madra (Fiber Rich 973),330,22,34,8,10,Low,Low,Low,,"Local grains, legumes, herbs",Vegetarian,,Prepare using traditional Himachali ingredients adjusted for high cholesterol. Serve one balanced portion.,45 mins brisk walk,Watch portion size and allergies.
1169,Himachal Pradesh,High Cholesterol,Breakfast,Patande (No Oil 971),330,22,34,8,10,Low,Low,Low,,"Local grains, legumes, herbs",Vegetarian,,Prepare using traditional Himachali ingredients adjusted for high cholesterol. Serve one balanced portion.,45 mins brisk walk,Watch portion size and allergies.
1170,Himachal Pradesh,High Cholesterol,Breakfast,Sepu Badi (Traditional 974),330,22,34,8,10,Low,Low,Low,,"Local grains, legumes, herbs",Vegetarian,,Prepare using traditional Himachali ingredients adjusted for high cholesterol. Serve one balanced portion.,45 mins brisk walk,Watch portion size and allergies.
1171,Himachal Pradesh,High Cholesterol,Breakfast,Siddu (Steamed 970),330,22,34,8,10,Low,Low,Low,Gluten,"Local grains, legumes, herbs",Vegetarian,,Prepare using traditional Himachali ingredients adjusted for high cholesterol. Serve one balanced portion.,45 mins brisk walk,Watch portion size and allergies.
1172,Himachal Pradesh,High Cholesterol,Breakfast,Steamed Aktori (Buckwheat) + Skimmed Yogurt,300,15,45,6,7,Low,Medium,Low,Dairy,"Buckwheat, Skimmed Yogurt",Vegetarian,,Steam the pancake; use fully skimmed yogurt.,40 mins steady cardio,Check lipid profile quarterly
1173,Himachal Pradesh,High Cholesterol,Breakfast,Steamed Babru (Zero Oil) + Mint Chutney,300,15,45,6,7,Low,Medium,Low,Gluten,"Wheat, Black Gram, Mint",Vegetarian,,Steam the stuffed bread to completely eliminate frying oils.,40 mins steady cardio,Check lipid profile quarterly
1174,Himachal Pradesh,High Cholesterol,Breakfast,Steamed Barley Babru + Plain Yogurt,300,15,45,6,7,Low,Medium,Low,"Gluten, Dairy","Barley, Black Gram, Yogurt",Vegetarian,,Steam instead of pan-roasting to eliminate oil.,40 mins steady cardio,Check lipid profile quarterly
1175,Himachal Pradesh,High Cholesterol,Breakfast,Steamed Kathu Siddu (Zero Ghee),300,15,45,6,7,Low,Medium,Low,,"Buckwheat, Urad Dal",Vegetarian,,Steam perfectly and serve plain without any ghee dipping.,40 mins steady cardio,Check lipid profile quarterly
1176,Himachal Pradesh,High Cholesterol,Breakfast,"Steamed Siddu (Poppy Seed Stuffing, No Ghee)",300,15,45,6,7,Low,Medium,Low,Gluten,"Wheat, Poppy Seeds",Vegetarian,,Steam completely and serve without the traditional ghee topping.,40 mins steady cardio,Check lipid profile quarterly
1177,Himachal Pradesh,High Cholesterol,Breakfast,Chha Gosht (Light 984),330,22,34,8,10,Low,Low,Low,,"Local meat, herbs, spices",Non-Vegetarian,Chicken,Prepare using traditional Himachali ingredients adjusted for high cholesterol. Serve one balanced portion.,45 mins brisk walk,Watch portion size and allergies.
1178,Himachal Pradesh,High Cholesterol,Breakfast,Chha Gosht (Steamed 978),330,22,34,8,10,Low,Low,Low,,"Local meat, herbs, spices",Non-Vegetarian,Chicken,Prepare using traditional Himachali ingredients adjusted for high cholesterol. Serve one balanced portion.,45 mins brisk walk,Watch portion size and allergies.
1179,Himachal Pradesh,High Cholesterol,Breakfast,Chha Gosht (Traditional 990),330,22,34,8,10,Low,Low,Low,,"Local meat, herbs, spices",Non-Vegetarian,Chicken,Prepare using traditional Himachali ingredients adjusted for high cholesterol. Serve one balanced portion.,45 mins brisk walk,Watch portion size and allergies.
1180,Himachal Pradesh,High Cholesterol,Breakfast,Chicken Anardana (High Protein 980),330,22,34,8,10,Low,Low,Low,,"Local meat, herbs, spices",Non-Vegetarian,Chicken,Prepare using traditional Himachali ingredients adjusted for high cholesterol. Serve one balanced portion.,45 mins brisk walk,Watch portion size and allergies.
1181,Himachal Pradesh,High Cholesterol,Breakfast,Chicken Anardana (Light 992),330,22,34,8,10,Low,Low,Low,,"Local meat, herbs, spices",Non-Vegetarian,Chicken,Prepare using traditional Himachali ingredients adjusted for high cholesterol. Serve one balanced portion.,45 mins brisk walk,Watch portion size and allergies.
1182,Himachal Pradesh,High Cholesterol,Breakfast,Chicken Anardana (Steamed 986),330,22,34,8,10,Low,Low,Low,,"Local meat, herbs, spices",Non-Vegetarian,Chicken,Prepare using traditional Himachali ingredients adjusted for high cholesterol. Serve one balanced portion.,45 mins brisk walk,Watch portion size and allergies.
1183,Himachal Pradesh,High Cholesterol,Breakfast,Kullu Trout (No Oil 979),330,22,34,8,10,Low,Low,Low,,"Local meat, herbs, spices",Non-Vegetarian,Fish,Prepare using traditional Himachali ingredients adjusted for high cholesterol. Serve one balanced portion.,45 mins brisk walk,Watch portion size and allergies.
1184,Himachal Pradesh,High Cholesterol,Breakfast,Kullu Trout (Roasted 985),330,22,34,8,10,Low,Low,Low,,"Local meat, herbs, spices",Non-Vegetarian,Fish,Prepare using traditional Himachali ingredients adjusted for high cholesterol. Serve one balanced portion.,45 mins brisk walk,Watch portion size and allergies.
1185,Himachal Pradesh,High Cholesterol,Breakfast,Kullu Trout (Salt Controlled 991),330,22,34,8,10,Low,Low,Low,,"Local meat, herbs, spices",Non-Vegetarian,Fish,Prepare using traditional Himachali ingredients adjusted for high cholesterol. Serve one balanced portion.,45 mins brisk walk,Watch portion size and allergies.
1186,Himachal Pradesh,High Cholesterol,Breakfast,Mutton Madra (High Protein 988),330,22,34,8,10,Low,Low,Low,,"Local meat, herbs, spices",Non-Vegetarian,Chicken,Prepare using traditional Himachali ingredients adjusted for high cholesterol. Serve one balanced portion.,45 mins brisk walk,Watch portion size and allergies.
1187,Himachal Pradesh,High Cholesterol,Breakfast,Mutton Madra (Traditional 982),330,22,34,8,10,Low,Low,Low,,"Local meat, herbs, spices",Non-Vegetarian,Chicken,Prepare using traditional Himachali ingredients adjusted for high cholesterol. Serve one balanced portion.,45 mins brisk walk,Watch portion size and allergies.
1188,Himachal Pradesh,High Cholesterol,Breakfast,Pahadi Egg Curry (Fiber Rich 981),330,22,34,8,10,Low,Low,Low,,"Local meat, herbs, spices",Non-Vegetarian,Chicken,Prepare using traditional Himachali ingredients adjusted for high cholesterol. Serve one balanced portion.,45 mins brisk walk,Watch portion size and allergies.
1189,Himachal Pradesh,High Cholesterol,Breakfast,Pahadi Egg Curry (No Oil 987),330,22,34,8,10,Low,Low,Low,,"Local meat, herbs, spices",Non-Vegetarian,Chicken,Prepare using traditional Himachali ingredients adjusted for high cholesterol. Serve one balanced portion.,45 mins brisk walk,Watch portion size and allergies.
1190,Himachal Pradesh,High Cholesterol,Breakfast,River Fish Curry (Fiber Rich 989),330,22,34,8,10,Low,Low,Low,,"Local meat, herbs, spices",Non-Vegetarian,Fish,Prepare using traditional Himachali ingredients adjusted for high cholesterol. Serve one balanced portion.,45 mins brisk walk,Watch portion size and allergies.
1191,Himachal Pradesh,High Cholesterol,Breakfast,River Fish Curry (Roasted 977),330,22,34,8,10,Low,Low,Low,,"Local meat, herbs, spices",Non-Vegetarian,Fish,Prepare using traditional Himachali ingredients adjusted for high cholesterol. Serve one balanced portion.,45 mins brisk walk,Watch portion size and allergies.
1192,Himachal Pradesh,High Cholesterol,Breakfast,River Fish Curry (Salt Controlled 983),330,22,34,8,10,Low,Low,Low,,"Local meat, herbs, spices",Non-Vegetarian,Fish,Prepare using traditional Himachali ingredients adjusted for high cholesterol. Serve one balanced portion.,45 mins brisk walk,Watch portion size and allergies.
1193,Himachal Pradesh,High Cholesterol,Breakfast,Bhey (High Protein 996),330,22,34,8,10,Low,Low,Low,,"Local grains, legumes, herbs",Vegan,,Prepare using traditional Himachali ingredients adjusted for high cholesterol. Serve one balanced portion.,45 mins brisk walk,Watch portion size and allergies.
1194,Himachal Pradesh,High Cholesterol,Breakfast,Bhey (Light 1008),330,22,34,8,10,Low,Low,Low,,"Local grains, legumes, herbs",Vegan,,Prepare using traditional Himachali ingredients adjusted for high cholesterol. Serve one balanced portion.,45 mins brisk walk,Watch portion size and allergies.
1195,Himachal Pradesh,High Cholesterol,Breakfast,Bhey (Steamed 1002),330,22,34,8,10,Low,Low,Low,,"Local grains, legumes, herbs",Vegan,,Prepare using traditional Himachali ingredients adjusted for high cholesterol. Serve one balanced portion.,45 mins brisk walk,Watch portion size and allergies.
1196,Himachal Pradesh,High Cholesterol,Breakfast,Jau Khichdi (Fiber Rich 997),330,22,34,8,10,Low,Low,Low,,"Local grains, legumes, herbs",Vegan,,Prepare using traditional Himachali ingredients adjusted for high cholesterol. Serve one balanced portion.,45 mins brisk walk,Watch portion size and allergies.
1197,Himachal Pradesh,High Cholesterol,Breakfast,Jau Khichdi (No Oil 1003),330,22,34,8,10,Low,Low,Low,,"Local grains, legumes, herbs",Vegan,,Prepare using traditional Himachali ingredients adjusted for high cholesterol. Serve one balanced portion.,45 mins brisk walk,Watch portion size and allergies.
1198,Himachal Pradesh,High Cholesterol,Breakfast,Lingri Sabzi (Fiber Rich 1005),330,22,34,8,10,Low,Low,Low,,"Local grains, legumes, herbs",Vegan,,Prepare using traditional Himachali ingredients adjusted for high cholesterol. Serve one balanced portion.,45 mins brisk walk,Watch portion size and allergies.
1199,Himachal Pradesh,High Cholesterol,Breakfast,Lingri Sabzi (Roasted 993),330,22,34,8,10,Low,Low,Low,,"Local grains, legumes, herbs",Vegan,,Prepare using traditional Himachali ingredients adjusted for high cholesterol. Serve one balanced portion.,45 mins brisk walk,Watch portion size and allergies.
1200,Himachal Pradesh,High Cholesterol,Breakfast,Lingri Sabzi (Salt Controlled 999),330,22,34,8,10,Low,Low,Low,,"Local grains, legumes, herbs",Vegan,,Prepare using traditional Himachali ingredients adjusted for high cholesterol. Serve one balanced portion.,45 mins brisk walk,Watch portion size and allergies.
1201,Himachal Pradesh,High Cholesterol,Breakfast,Mah Dal (Light 1000),330,22,34,8,10,Low,Low,Low,,"Local grains, legumes, herbs",Vegan,,Prepare using traditional Himachali ingredients adjusted for high cholesterol. Serve one balanced portion.,45 mins brisk walk,Watch portion size and allergies.
1202,Himachal Pradesh,High Cholesterol,Breakfast,Mah Dal (Steamed 994),330,22,34,8,10,Low,Low,Low,,"Local grains, legumes, herbs",Vegan,,Prepare using traditional Himachali ingredients adjusted for high cholesterol. Serve one balanced portion.,45 mins brisk walk,Watch portion size and allergies.
1203,Himachal Pradesh,High Cholesterol,Breakfast,Mah Dal (Traditional 1006),330,22,34,8,10,Low,Low,Low,,"Local grains, legumes, herbs",Vegan,,Prepare using traditional Himachali ingredients adjusted for high cholesterol. Serve one balanced portion.,45 mins brisk walk,Watch portion size and allergies.
1204,Himachal Pradesh,High Cholesterol,Breakfast,Makki Roti (No Oil 995),330,22,34,8,10,Low,Low,Low,Gluten,"Local grains, legumes, herbs",Vegan,,Prepare using traditional Himachali ingredients adjusted for high cholesterol. Serve one balanced portion.,45 mins brisk walk,Watch portion size and allergies.
1205,Himachal Pradesh,High Cholesterol,Breakfast,Makki Roti (Roasted 1001),330,22,34,8,10,Low,Low,Low,Gluten,"Local grains, legumes, herbs",Vegan,,Prepare using traditional Himachali ingredients adjusted for high cholesterol. Serve one balanced portion.,45 mins brisk walk,Watch portion size and allergies.
1206,Himachal Pradesh,High Cholesterol,Breakfast,Makki Roti (Salt Controlled 1007),330,22,34,8,10,Low,Low,Low,Gluten,"Local grains, legumes, herbs",Vegan,,Prepare using traditional Himachali ingredients adjusted for high cholesterol. Serve one balanced portion.,45 mins brisk walk,Watch portion size and allergies.
1207,Himachal Pradesh,High Cholesterol,Breakfast,Rajma Chawal (High Protein 1004),330,22,34,8,10,Low,Low,Low,,"Local grains, legumes, herbs",Vegan,,Prepare using traditional Himachali ingredients adjusted for high cholesterol. Serve one balanced portion.,45 mins brisk walk,Watch portion size and allergies.
1208,Himachal Pradesh,High Cholesterol,Breakfast,Rajma Chawal (Traditional 998),330,22,34,8,10,Low,Low,Low,,"Local grains, legumes, herbs",Vegan,,Prepare using traditional Himachali ingredients adjusted for high cholesterol. Serve one balanced portion.,45 mins brisk walk,Watch portion size and allergies.
1209,Himachal Pradesh,High Cholesterol,Lunch,Aktori (Light 1016),330,22,34,8,10,Low,Low,Low,,"Local grains, legumes, herbs",Vegetarian,,Prepare using traditional Himachali ingredients adjusted for high cholesterol. Serve one balanced portion.,45 mins brisk walk,Watch portion size and allergies.
1210,Himachal Pradesh,High Cholesterol,Lunch,Babru (Roasted 1009),330,22,34,8,10,Low,Low,Low,Gluten,"Local grains, legumes, herbs",Vegetarian,,Prepare using traditional Himachali ingredients adjusted for high cholesterol. Serve one balanced portion.,45 mins brisk walk,Watch portion size and allergies.
1211,Himachal Pradesh,High Cholesterol,Lunch,Babru (Roasted 1017),330,22,34,8,10,Low,Low,Low,Gluten,"Local grains, legumes, herbs",Vegetarian,,Prepare using traditional Himachali ingredients adjusted for high cholesterol. Serve one balanced portion.,45 mins brisk walk,Watch portion size and allergies.
1212,Himachal Pradesh,High Cholesterol,Lunch,Bhey (High Protein 1012),330,22,34,8,10,Low,Low,Low,,"Local grains, legumes, herbs",Vegetarian,,Prepare using traditional Himachali ingredients adjusted for high cholesterol. Serve one balanced portion.,45 mins brisk walk,Watch portion size and allergies.
1213,Himachal Pradesh,High Cholesterol,Lunch,Bhey (High Protein 1020),330,22,34,8,10,Low,Low,Low,,"Local grains, legumes, herbs",Vegetarian,,Prepare using traditional Himachali ingredients adjusted for high cholesterol. Serve one balanced portion.,45 mins brisk walk,Watch portion size and allergies.
1214,Himachal Pradesh,High Cholesterol,Lunch,Brown Rice + Rong Dal + Steamed Spinach,500,25,75,11,10,Low,Medium,Low,,"Brown Rice, Black-eyed Peas, Spinach",Vegetarian,,Boil the dal and spinach completely free of oil or tadka.,30 mins brisk walk,Avoid trans fats
1215,Himachal Pradesh,High Cholesterol,Lunch,Brown Rice + Zero Oil Sepu Badi + Bhey Sabzi,500,25,75,11,10,Low,Medium,Low,Soy,"Brown Rice, Urad Dal, Lotus Stem",Vegetarian,,Steam the Badi; stir-fry Bhey in water and spices.,30 mins brisk walk,Avoid trans fats
1216,Himachal Pradesh,High Cholesterol,Lunch,Kathu Roti + Mahni (Zero Ghee) + Radish Greens,500,25,75,11,10,Low,Medium,Low,,"Buckwheat, Urad Dal, Radish Greens",Vegetarian,,Cook the sour urad dal without the ghee tadka.,30 mins brisk walk,Avoid trans fats
1217,Himachal Pradesh,High Cholesterol,Lunch,Kodra Roti (Salt Controlled 1015),330,22,34,8,10,Low,Low,Low,Gluten,"Local grains, legumes, herbs",Vegetarian,,Prepare using traditional Himachali ingredients adjusted for high cholesterol. Serve one balanced portion.,45 mins brisk walk,Watch portion size and allergies.
1218,Himachal Pradesh,High Cholesterol,Lunch,Madra (Fiber Rich 1013),330,22,34,8,10,Low,Low,Low,,"Local grains, legumes, herbs",Vegetarian,,Prepare using traditional Himachali ingredients adjusted for high cholesterol. Serve one balanced portion.,45 mins brisk walk,Watch portion size and allergies.
1219,Himachal Pradesh,High Cholesterol,Lunch,Madra (Fiber Rich 1021),330,22,34,8,10,Low,Low,Low,,"Local grains, legumes, herbs",Vegetarian,,Prepare using traditional Himachali ingredients adjusted for high cholesterol. Serve one balanced portion.,45 mins brisk walk,Watch portion size and allergies.
1220,Himachal Pradesh,High Cholesterol,Lunch,Patande (No Oil 1011),330,22,34,8,10,Low,Low,Low,,"Local grains, legumes, herbs",Vegetarian,,Prepare using traditional Himachali ingredients adjusted for high cholesterol. Serve one balanced portion.,45 mins brisk walk,Watch portion size and allergies.
1221,Himachal Pradesh,High Cholesterol,Lunch,Patande (No Oil 1019),330,22,34,8,10,Low,Low,Low,,"Local grains, legumes, herbs",Vegetarian,,Prepare using traditional Himachali ingredients adjusted for high cholesterol. Serve one balanced portion.,45 mins brisk walk,Watch portion size and allergies.
1222,Himachal Pradesh,High Cholesterol,Lunch,Sepu Badi (Traditional 1014),330,22,34,8,10,Low,Low,Low,,"Local grains, legumes, herbs",Vegetarian,,Prepare using traditional Himachali ingredients adjusted for high cholesterol. Serve one balanced portion.,45 mins brisk walk,Watch portion size and allergies.
1223,Himachal Pradesh,High Cholesterol,Lunch,Siddu (Steamed 1010),330,22,34,8,10,Low,Low,Low,Gluten,"Local grains, legumes, herbs",Vegetarian,,Prepare using traditional Himachali ingredients adjusted for high cholesterol. Serve one balanced portion.,45 mins brisk walk,Watch portion size and allergies.
1224,Himachal Pradesh,High Cholesterol,Lunch,Siddu (Steamed 1018),330,22,34,8,10,Low,Low,Low,Gluten,"Local grains, legumes, herbs",Vegetarian,,Prepare using traditional Himachali ingredients adjusted for high cholesterol. Serve one balanced portion.,45 mins brisk walk,Watch portion size and allergies.
1225,Himachal Pradesh,High Cholesterol,Lunch,Brown Rice + Poached Kullu Trout + Steamed Bhey,500,25,75,11,10,Low,Medium,Low,Fish,"Brown Rice, Trout Fish, Lotus Stem",Non-Vegetarian,Fish,Gently poach the fish in water and herbs; steam the Bhey.,30 mins brisk walk,Avoid trans fats
1226,Himachal Pradesh,High Cholesterol,Lunch,Brown Rice + Poached Trout + Bhey Sabzi,500,25,75,11,10,Low,Medium,Low,Fish,"Brown Rice, Trout Fish, Lotus Stem",Non-Vegetarian,Fish,Poach the fish gently in water; steam the lotus stem.,30 mins brisk walk,Avoid trans fats
1227,Himachal Pradesh,High Cholesterol,Lunch,Chha Gosht (Light 1032),330,22,34,8,10,Low,Low,Low,,"Local meat, herbs, spices",Non-Vegetarian,Chicken,Prepare using traditional Himachali ingredients adjusted for high cholesterol. Serve one balanced portion.,45 mins brisk walk,Watch portion size and allergies.
1228,Himachal Pradesh,High Cholesterol,Lunch,Chha Gosht (Steamed 1026),330,22,34,8,10,Low,Low,Low,,"Local meat, herbs, spices",Non-Vegetarian,Chicken,Prepare using traditional Himachali ingredients adjusted for high cholesterol. Serve one balanced portion.,45 mins brisk walk,Watch portion size and allergies.
1229,Himachal Pradesh,High Cholesterol,Lunch,Chicken Anardana (High Protein 1028),330,22,34,8,10,Low,Low,Low,,"Local meat, herbs, spices",Non-Vegetarian,Chicken,Prepare using traditional Himachali ingredients adjusted for high cholesterol. Serve one balanced portion.,45 mins brisk walk,Watch portion size and allergies.
1230,Himachal Pradesh,High Cholesterol,Lunch,Chicken Anardana (Traditional 1022),330,22,34,8,10,Low,Low,Low,,"Local meat, herbs, spices",Non-Vegetarian,Chicken,Prepare using traditional Himachali ingredients adjusted for high cholesterol. Serve one balanced portion.,45 mins brisk walk,Watch portion size and allergies.
1231,Himachal Pradesh,High Cholesterol,Lunch,Kathu Roti + Lean Chicken Palda + Beans,500,25,75,11,10,Low,Medium,Low,Dairy,"Buckwheat, Lean Chicken, Skim Yogurt, French Beans",Non-Vegetarian,Chicken,Use skim yogurt for Palda and skinless lean chicken.,30 mins brisk walk,Avoid trans fats
1232,Himachal Pradesh,High Cholesterol,Lunch,Kodra Roti + Lean Chicken Palda + Beans,500,25,75,11,10,Low,Medium,Low,Dairy,"Finger Millet, Lean Chicken, Skim Yogurt, French Beans",Non-Vegetarian,Chicken,Use skim yogurt for Palda; skinless lean chicken breast.,30 mins brisk walk,Avoid trans fats
1233,Himachal Pradesh,High Cholesterol,Lunch,Kullu Trout (No Oil 1027),330,22,34,8,10,Low,Low,Low,,"Local meat, herbs, spices",Non-Vegetarian,Fish,Prepare using traditional Himachali ingredients adjusted for high cholesterol. Serve one balanced portion.,45 mins brisk walk,Watch portion size and allergies.
1234,Himachal Pradesh,High Cholesterol,Lunch,Mutton Madra (Light 1024),330,22,34,8,10,Low,Low,Low,,"Local meat, herbs, spices",Non-Vegetarian,Chicken,Prepare using traditional Himachali ingredients adjusted for high cholesterol. Serve one balanced portion.,45 mins brisk walk,Watch portion size and allergies.
1235,Himachal Pradesh,High Cholesterol,Lunch,Mutton Madra (Traditional 1030),330,22,34,8,10,Low,Low,Low,,"Local meat, herbs, spices",Non-Vegetarian,Chicken,Prepare using traditional Himachali ingredients adjusted for high cholesterol. Serve one balanced portion.,45 mins brisk walk,Watch portion size and allergies.
1236,Himachal Pradesh,High Cholesterol,Lunch,Pahadi Egg Curry (Fiber Rich 1029),330,22,34,8,10,Low,Low,Low,,"Local meat, herbs, spices",Non-Vegetarian,Chicken,Prepare using traditional Himachali ingredients adjusted for high cholesterol. Serve one balanced portion.,45 mins brisk walk,Watch portion size and allergies.
1237,Himachal Pradesh,High Cholesterol,Lunch,Pahadi Egg Curry (Salt Controlled 1023),330,22,34,8,10,Low,Low,Low,,"Local meat, herbs, spices",Non-Vegetarian,Chicken,Prepare using traditional Himachali ingredients adjusted for high cholesterol. Serve one balanced portion.,45 mins brisk walk,Watch portion size and allergies.
1238,Himachal Pradesh,High Cholesterol,Lunch,Red Rice + Boiled Kullu Trout + Steamed Lingdi,500,25,75,11,10,Low,Medium,Low,Fish,"Red Rice, Trout Fish, Fiddlehead Fern",Non-Vegetarian,Fish,Poach the trout in water and herbs; strictly avoid pan-frying.,30 mins brisk walk,Avoid trans fats
1239,Himachal Pradesh,High Cholesterol,Lunch,River Fish Curry (Roasted 1025),330,22,34,8,10,Low,Low,Low,,"Local meat, herbs, spices",Non-Vegetarian,Fish,Prepare using traditional Himachali ingredients adjusted for high cholesterol. Serve one balanced portion.,45 mins brisk walk,Watch portion size and allergies.
1240,Himachal Pradesh,High Cholesterol,Lunch,River Fish Curry (Salt Controlled 1031),330,22,34,8,10,Low,Low,Low,,"Local meat, herbs, spices",Non-Vegetarian,Fish,Prepare using traditional Himachali ingredients adjusted for high cholesterol. Serve one balanced portion.,45 mins brisk walk,Watch portion size and allergies.
1241,Himachal Pradesh,High Cholesterol,Lunch,Bhey (High Protein 1044),330,22,34,8,10,Low,Low,Low,,"Local grains, legumes, herbs",Vegan,,Prepare using traditional Himachali ingredients adjusted for high cholesterol. Serve one balanced portion.,45 mins brisk walk,Watch portion size and allergies.
1242,Himachal Pradesh,High Cholesterol,Lunch,Bhey (Traditional 1038),330,22,34,8,10,Low,Low,Low,,"Local grains, legumes, herbs",Vegan,,Prepare using traditional Himachali ingredients adjusted for high cholesterol. Serve one balanced portion.,45 mins brisk walk,Watch portion size and allergies.
1243,Himachal Pradesh,High Cholesterol,Lunch,Jau Khichdi (Fiber Rich 1045),330,22,34,8,10,Low,Low,Low,,"Local grains, legumes, herbs",Vegan,,Prepare using traditional Himachali ingredients adjusted for high cholesterol. Serve one balanced portion.,45 mins brisk walk,Watch portion size and allergies.
1244,Himachal Pradesh,High Cholesterol,Lunch,Jau Khichdi (Roasted 1033),330,22,34,8,10,Low,Low,Low,,"Local grains, legumes, herbs",Vegan,,Prepare using traditional Himachali ingredients adjusted for high cholesterol. Serve one balanced portion.,45 mins brisk walk,Watch portion size and allergies.
1245,Himachal Pradesh,High Cholesterol,Lunch,Jau Khichdi (Salt Controlled 1039),330,22,34,8,10,Low,Low,Low,,"Local grains, legumes, herbs",Vegan,,Prepare using traditional Himachali ingredients adjusted for high cholesterol. Serve one balanced portion.,45 mins brisk walk,Watch portion size and allergies.
1246,Himachal Pradesh,High Cholesterol,Lunch,Lingri Sabzi (No Oil 1035),330,22,34,8,10,Low,Low,Low,,"Local grains, legumes, herbs",Vegan,,Prepare using traditional Himachali ingredients adjusted for high cholesterol. Serve one balanced portion.,45 mins brisk walk,Watch portion size and allergies.
1247,Himachal Pradesh,High Cholesterol,Lunch,Lingri Sabzi (Roasted 1041),330,22,34,8,10,Low,Low,Low,,"Local grains, legumes, herbs",Vegan,,Prepare using traditional Himachali ingredients adjusted for high cholesterol. Serve one balanced portion.,45 mins brisk walk,Watch portion size and allergies.
1248,Himachal Pradesh,High Cholesterol,Lunch,Lingri Sabzi (Salt Controlled 1047),330,22,34,8,10,Low,Low,Low,,"Local grains, legumes, herbs",Vegan,,Prepare using traditional Himachali ingredients adjusted for high cholesterol. Serve one balanced portion.,45 mins brisk walk,Watch portion size and allergies.
1249,Himachal Pradesh,High Cholesterol,Lunch,Mah Dal (High Protein 1036),330,22,34,8,10,Low,Low,Low,,"Local grains, legumes, herbs",Vegan,,Prepare using traditional Himachali ingredients adjusted for high cholesterol. Serve one balanced portion.,45 mins brisk walk,Watch portion size and allergies.
1250,Himachal Pradesh,High Cholesterol,Lunch,Mah Dal (Light 1048),330,22,34,8,10,Low,Low,Low,,"Local grains, legumes, herbs",Vegan,,Prepare using traditional Himachali ingredients adjusted for high cholesterol. Serve one balanced portion.,45 mins brisk walk,Watch portion size and allergies.
1251,Himachal Pradesh,High Cholesterol,Lunch,Mah Dal (Steamed 1042),330,22,34,8,10,Low,Low,Low,,"Local grains, legumes, herbs",Vegan,,Prepare using traditional Himachali ingredients adjusted for high cholesterol. Serve one balanced portion.,45 mins brisk walk,Watch portion size and allergies.
1252,Himachal Pradesh,High Cholesterol,Lunch,Makki Roti (Fiber Rich 1037),330,22,34,8,10,Low,Low,Low,Gluten,"Local grains, legumes, herbs",Vegan,,Prepare using traditional Himachali ingredients adjusted for high cholesterol. Serve one balanced portion.,45 mins brisk walk,Watch portion size and allergies.
1253,Himachal Pradesh,High Cholesterol,Lunch,Makki Roti (No Oil 1043),330,22,34,8,10,Low,Low,Low,Gluten,"Local grains, legumes, herbs",Vegan,,Prepare using traditional Himachali ingredients adjusted for high cholesterol. Serve one balanced portion.,45 mins brisk walk,Watch portion size and allergies.
1254,Himachal Pradesh,High Cholesterol,Lunch,Rajma Chawal (Light 1040),330,22,34,8,10,Low,Low,Low,,"Local grains, legumes, herbs",Vegan,,Prepare using traditional Himachali ingredients adjusted for high cholesterol. Serve one balanced portion.,45 mins brisk walk,Watch portion size and allergies.
1255,Himachal Pradesh,High Cholesterol,Lunch,Rajma Chawal (Steamed 1034),330,22,34,8,10,Low,Low,Low,,"Local grains, legumes, herbs",Vegan,,Prepare using traditional Himachali ingredients adjusted for high cholesterol. Serve one balanced portion.,45 mins brisk walk,Watch portion size and allergies.
1256,Himachal Pradesh,High Cholesterol,Lunch,Rajma Chawal (Traditional 1046),330,22,34,8,10,Low,Low,Low,,"Local grains, legumes, herbs",Vegan,,Prepare using traditional Himachali ingredients adjusted for high cholesterol. Serve one balanced portion.,45 mins brisk walk,Watch portion size and allergies.
1257,Himachal Pradesh,High Cholesterol,Snack,Aktori (Light 1056),330,22,34,8,10,Low,Low,Low,,"Local grains, legumes, herbs",Vegetarian,,Prepare using traditional Himachali ingredients adjusted for high cholesterol. Serve one balanced portion.,45 mins brisk walk,Watch portion size and allergies.
1258,Himachal Pradesh,High Cholesterol,Snack,Apple Slices (No Dips),150,6,25,2,6,Low,Low,Low,,Apple,Vegetarian,,Serve plain and raw.,Aerobics,Ensure zero saturated fat
1259,Himachal Pradesh,High Cholesterol,Snack,Babru (Roasted 1049),330,22,34,8,10,Low,Low,Low,Gluten,"Local grains, legumes, herbs",Vegetarian,,Prepare using traditional Himachali ingredients adjusted for high cholesterol. Serve one balanced portion.,45 mins brisk walk,Watch portion size and allergies.
1260,Himachal Pradesh,High Cholesterol,Snack,Bhey (High Protein 1052),330,22,34,8,10,Low,Low,Low,,"Local grains, legumes, herbs",Vegetarian,,Prepare using traditional Himachali ingredients adjusted for high cholesterol. Serve one balanced portion.,45 mins brisk walk,Watch portion size and allergies.
1261,Himachal Pradesh,High Cholesterol,Snack,Carrot & Celery Sticks,150,6,25,2,6,Low,Low,Low,,"Carrot, Celery",Vegetarian,,Serve completely raw.,Aerobics,Ensure zero saturated fat
1262,Himachal Pradesh,High Cholesterol,Snack,Cucumber & Radish Sticks,150,6,25,2,6,Low,Low,Low,,"Cucumber, Radish",Vegetarian,,Serve raw for maximum fiber and zero fat.,Aerobics,Ensure zero saturated fat
1263,Himachal Pradesh,High Cholesterol,Snack,Fresh Plum Slices,150,6,25,2,6,Low,Low,Low,,Plum,Vegetarian,,Serve fresh and raw.,Aerobics,Ensure zero saturated fat
1264,Himachal Pradesh,High Cholesterol,Snack,Kodra Roti (Salt Controlled 1055),330,22,34,8,10,Low,Low,Low,Gluten,"Local grains, legumes, herbs",Vegetarian,,Prepare using traditional Himachali ingredients adjusted for high cholesterol. Serve one balanced portion.,45 mins brisk walk,Watch portion size and allergies.
1265,Himachal Pradesh,High Cholesterol,Snack,Madra (Fiber Rich 1053),330,22,34,8,10,Low,Low,Low,,"Local grains, legumes, herbs",Vegetarian,,Prepare using traditional Himachali ingredients adjusted for high cholesterol. Serve one balanced portion.,45 mins brisk walk,Watch portion size and allergies.
1266,Himachal Pradesh,High Cholesterol,Snack,Patande (No Oil 1051),330,22,34,8,10,Low,Low,Low,,"Local grains, legumes, herbs",Vegetarian,,Prepare using traditional Himachali ingredients adjusted for high cholesterol. Serve one balanced portion.,45 mins brisk walk,Watch portion size and allergies.
1267,Himachal Pradesh,High Cholesterol,Snack,Radish Slices (Plain),150,6,25,2,6,Low,Low,Low,,Radish,Vegetarian,,Serve completely raw without any salt or dips.,Aerobics,Ensure zero saturated fat
1268,Himachal Pradesh,High Cholesterol,Snack,Radish Slices (Plain),150,6,25,2,6,Low,Low,Low,,Radish,Vegetarian,,Serve completely raw.,Aerobics,Ensure zero saturated fat
1269,Himachal Pradesh,High Cholesterol,Snack,Sepu Badi (Traditional 1054),330,22,34,8,10,Low,Low,Low,,"Local grains, legumes, herbs",Vegetarian,,Prepare using traditional Himachali ingredients adjusted for high cholesterol. Serve one balanced portion.,45 mins brisk walk,Watch portion size and allergies.
1270,Himachal Pradesh,High Cholesterol,Snack,Siddu (Steamed 1050),330,22,34,8,10,Low,Low,Low,Gluten,"Local grains, legumes, herbs",Vegetarian,,Prepare using traditional Himachali ingredients adjusted for high cholesterol. Serve one balanced portion.,45 mins brisk walk,Watch portion size and allergies.
1271,Himachal Pradesh,High Cholesterol,Snack,Tomato & Cucumber Slices,150,6,25,2,6,Low,Low,Low,,"Tomato, Cucumber",Vegetarian,,Serve entirely raw.,Aerobics,Ensure zero saturated fat
1272,Himachal Pradesh,High Cholesterol,Snack,Tomato & Radish Slices,150,6,25,2,6,Low,Low,Low,,"Tomato, Radish",Vegetarian,,Serve completely raw.,Aerobics,Ensure zero saturated fat
1273,Himachal Pradesh,High Cholesterol,Snack,Chha Gosht (High Protein 1068),330,22,34,8,10,Low,Low,Low,,"Local meat, herbs, spices",Non-Vegetarian,Chicken,Prepare using traditional Himachali ingredients adjusted for high cholesterol. Serve one balanced portion.,45 mins brisk walk,Watch portion size and allergies.
1274,Himachal Pradesh,High Cholesterol,Snack,Chha Gosht (Traditional 1062),330,22,34,8,10,Low,Low,Low,,"Local meat, herbs, spices",Non-Vegetarian,Chicken,Prepare using traditional Himachali ingredients adjusted for high cholesterol. Serve one balanced portion.,45 mins brisk walk,Watch portion size and allergies.
1275,Himachal Pradesh,High Cholesterol,Snack,Chicken Anardana (Light 1064),330,22,34,8,10,Low,Low,Low,,"Local meat, herbs, spices",Non-Vegetarian,Chicken,Prepare using traditional Himachali ingredients adjusted for high cholesterol. Serve one balanced portion.,45 mins brisk walk,Watch portion size and allergies.
1276,Himachal Pradesh,High Cholesterol,Snack,Chicken Anardana (Steamed 1058),330,22,34,8,10,Low,Low,Low,,"Local meat, herbs, spices",Non-Vegetarian,Chicken,Prepare using traditional Himachali ingredients adjusted for high cholesterol. Serve one balanced portion.,45 mins brisk walk,Watch portion size and allergies.
1277,Himachal Pradesh,High Cholesterol,Snack,Chicken Anardana (Traditional 1070),330,22,34,8,10,Low,Low,Low,,"Local meat, herbs, spices",Non-Vegetarian,Chicken,Prepare using traditional Himachali ingredients adjusted for high cholesterol. Serve one balanced portion.,45 mins brisk walk,Watch portion size and allergies.
1278,Himachal Pradesh,High Cholesterol,Snack,Kullu Trout (Fiber Rich 1069),330,22,34,8,10,Low,Low,Low,,"Local meat, herbs, spices",Non-Vegetarian,Fish,Prepare using traditional Himachali ingredients adjusted for high cholesterol. Serve one balanced portion.,45 mins brisk walk,Watch portion size and allergies.
1279,Himachal Pradesh,High Cholesterol,Snack,Kullu Trout (Roasted 1057),330,22,34,8,10,Low,Low,Low,,"Local meat, herbs, spices",Non-Vegetarian,Fish,Prepare using traditional Himachali ingredients adjusted for high cholesterol. Serve one balanced portion.,45 mins brisk walk,Watch portion size and allergies.
1280,Himachal Pradesh,High Cholesterol,Snack,Kullu Trout (Salt Controlled 1063),330,22,34,8,10,Low,Low,Low,,"Local meat, herbs, spices",Non-Vegetarian,Fish,Prepare using traditional Himachali ingredients adjusted for high cholesterol. Serve one balanced portion.,45 mins brisk walk,Watch portion size and allergies.
1281,Himachal Pradesh,High Cholesterol,Snack,Mutton Madra (High Protein 1060),330,22,34,8,10,Low,Low,Low,,"Local meat, herbs, spices",Non-Vegetarian,Chicken,Prepare using traditional Himachali ingredients adjusted for high cholesterol. Serve one balanced portion.,45 mins brisk walk,Watch portion size and allergies.
1282,Himachal Pradesh,High Cholesterol,Snack,Mutton Madra (Light 1072),330,22,34,8,10,Low,Low,Low,,"Local meat, herbs, spices",Non-Vegetarian,Chicken,Prepare using traditional Himachali ingredients adjusted for high cholesterol. Serve one balanced portion.,45 mins brisk walk,Watch portion size and allergies.
1283,Himachal Pradesh,High Cholesterol,Snack,Mutton Madra (Steamed 1066),330,22,34,8,10,Low,Low,Low,,"Local meat, herbs, spices",Non-Vegetarian,Chicken,Prepare using traditional Himachali ingredients adjusted for high cholesterol. Serve one balanced portion.,45 mins brisk walk,Watch portion size and allergies.
1284,Himachal Pradesh,High Cholesterol,Snack,Pahadi Egg Curry (No Oil 1059),330,22,34,8,10,Low,Low,Low,,"Local meat, herbs, spices",Non-Vegetarian,Chicken,Prepare using traditional Himachali ingredients adjusted for high cholesterol. Serve one balanced portion.,45 mins brisk walk,Watch portion size and allergies.
1285,Himachal Pradesh,High Cholesterol,Snack,Pahadi Egg Curry (Roasted 1065),330,22,34,8,10,Low,Low,Low,,"Local meat, herbs, spices",Non-Vegetarian,Chicken,Prepare using traditional Himachali ingredients adjusted for high cholesterol. Serve one balanced portion.,45 mins brisk walk,Watch portion size and allergies.
1286,Himachal Pradesh,High Cholesterol,Snack,Pahadi Egg Curry (Salt Controlled 1071),330,22,34,8,10,Low,Low,Low,,"Local meat, herbs, spices",Non-Vegetarian,Chicken,Prepare using traditional Himachali ingredients adjusted for high cholesterol. Serve one balanced portion.,45 mins brisk walk,Watch portion size and allergies.
1287,Himachal Pradesh,High Cholesterol,Snack,River Fish Curry (Fiber Rich 1061),330,22,34,8,10,Low,Low,Low,,"Local meat, herbs, spices",Non-Vegetarian,Fish,Prepare using traditional Himachali ingredients adjusted for high cholesterol. Serve one balanced portion.,45 mins brisk walk,Watch portion size and allergies.
1288,Himachal Pradesh,High Cholesterol,Snack,River Fish Curry (No Oil 1067),330,22,34,8,10,Low,Low,Low,,"Local meat, herbs, spices",Non-Vegetarian,Fish,Prepare using traditional Himachali ingredients adjusted for high cholesterol. Serve one balanced portion.,45 mins brisk walk,Watch portion size and allergies.
1289,Himachal Pradesh,High Cholesterol,Snack,Bhey (Light 1080),330,22,34,8,10,Low,Low,Low,,"Local grains, legumes, herbs",Vegan,,Prepare using traditional Himachali ingredients adjusted for high cholesterol. Serve one balanced portion.,45 mins brisk walk,Watch portion size and allergies.
1290,Himachal Pradesh,High Cholesterol,Snack,Bhey (Steamed 1074),330,22,34,8,10,Low,Low,Low,,"Local grains, legumes, herbs",Vegan,,Prepare using traditional Himachali ingredients adjusted for high cholesterol. Serve one balanced portion.,45 mins brisk walk,Watch portion size and allergies.
1291,Himachal Pradesh,High Cholesterol,Snack,Bhey (Traditional 1086),330,22,34,8,10,Low,Low,Low,,"Local grains, legumes, herbs",Vegan,,Prepare using traditional Himachali ingredients adjusted for high cholesterol. Serve one balanced portion.,45 mins brisk walk,Watch portion size and allergies.
1292,Himachal Pradesh,High Cholesterol,Snack,Jau Khichdi (No Oil 1075),330,22,34,8,10,Low,Low,Low,,"Local grains, legumes, herbs",Vegan,,Prepare using traditional Himachali ingredients adjusted for high cholesterol. Serve one balanced portion.,45 mins brisk walk,Watch portion size and allergies.
1293,Himachal Pradesh,High Cholesterol,Snack,Jau Khichdi (Roasted 1081),330,22,34,8,10,Low,Low,Low,,"Local grains, legumes, herbs",Vegan,,Prepare using traditional Himachali ingredients adjusted for high cholesterol. Serve one balanced portion.,45 mins brisk walk,Watch portion size and allergies.
1294,Himachal Pradesh,High Cholesterol,Snack,Jau Khichdi (Salt Controlled 1087),330,22,34,8,10,Low,Low,Low,,"Local grains, legumes, herbs",Vegan,,Prepare using traditional Himachali ingredients adjusted for high cholesterol. Serve one balanced portion.,45 mins brisk walk,Watch portion size and allergies.
1295,Himachal Pradesh,High Cholesterol,Snack,Lingri Sabzi (Fiber Rich 1077),330,22,34,8,10,Low,Low,Low,,"Local grains, legumes, herbs",Vegan,,Prepare using traditional Himachali ingredients adjusted for high cholesterol. Serve one balanced portion.,45 mins brisk walk,Watch portion size and allergies.
1296,Himachal Pradesh,High Cholesterol,Snack,Lingri Sabzi (No Oil 1083),330,22,34,8,10,Low,Low,Low,,"Local grains, legumes, herbs",Vegan,,Prepare using traditional Himachali ingredients adjusted for high cholesterol. Serve one balanced portion.,45 mins brisk walk,Watch portion size and allergies.
1297,Himachal Pradesh,High Cholesterol,Snack,Mah Dal (High Protein 1084),330,22,34,8,10,Low,Low,Low,,"Local grains, legumes, herbs",Vegan,,Prepare using traditional Himachali ingredients adjusted for high cholesterol. Serve one balanced portion.,45 mins brisk walk,Watch portion size and allergies.
1298,Himachal Pradesh,High Cholesterol,Snack,Mah Dal (Traditional 1078),330,22,34,8,10,Low,Low,Low,,"Local grains, legumes, herbs",Vegan,,Prepare using traditional Himachali ingredients adjusted for high cholesterol. Serve one balanced portion.,45 mins brisk walk,Watch portion size and allergies.
1299,Himachal Pradesh,High Cholesterol,Snack,Makki Roti (Fiber Rich 1085),330,22,34,8,10,Low,Low,Low,Gluten,"Local grains, legumes, herbs",Vegan,,Prepare using traditional Himachali ingredients adjusted for high cholesterol. Serve one balanced portion.,45 mins brisk walk,Watch portion size and allergies.
1300,Himachal Pradesh,High Cholesterol,Snack,Makki Roti (Roasted 1073),330,22,34,8,10,Low,Low,Low,Gluten,"Local grains, legumes, herbs",Vegan,,Prepare using traditional Himachali ingredients adjusted for high cholesterol. Serve one balanced portion.,45 mins brisk walk,Watch portion size and allergies.
1301,Himachal Pradesh,High Cholesterol,Snack,Makki Roti (Salt Controlled 1079),330,22,34,8,10,Low,Low,Low,Gluten,"Local grains, legumes, herbs",Vegan,,Prepare using traditional Himachali ingredients adjusted for high cholesterol. Serve one balanced portion.,45 mins brisk walk,Watch portion size and allergies.
1302,Himachal Pradesh,High Cholesterol,Snack,Rajma Chawal (High Protein 1076),330,22,34,8,10,Low,Low,Low,,"Local grains, legumes, herbs",Vegan,,Prepare using traditional Himachali ingredients adjusted for high cholesterol. Serve one balanced portion.,45 mins brisk walk,Watch portion size and allergies.
1303,Himachal Pradesh,High Cholesterol,Snack,Rajma Chawal (Light 1088),330,22,34,8,10,Low,Low,Low,,"Local grains, legumes, herbs",Vegan,,Prepare using traditional Himachali ingredients adjusted for high cholesterol. Serve one balanced portion.,45 mins brisk walk,Watch portion size and allergies.
1304,Himachal Pradesh,High Cholesterol,Snack,Rajma Chawal (Steamed 1082),330,22,34,8,10,Low,Low,Low,,"Local grains, legumes, herbs",Vegan,,Prepare using traditional Himachali ingredients adjusted for high cholesterol. Serve one balanced portion.,45 mins brisk walk,Watch portion size and allergies.
1305,Himachal Pradesh,High Cholesterol,Dinner,Aktori (Light 1096),330,22,34,8,10,Low,Low,Low,,"Local grains, legumes, herbs",Vegetarian,,Prepare using traditional Himachali ingredients adjusted for high cholesterol. Serve one balanced portion.,45 mins brisk walk,Watch portion size and allergies.
1306,Himachal Pradesh,High Cholesterol,Dinner,Babru (Roasted 1089),330,22,34,8,10,Low,Low,Low,Gluten,"Local grains, legumes, herbs",Vegetarian,,Prepare using traditional Himachali ingredients adjusted for high cholesterol. Serve one balanced portion.,45 mins brisk walk,Watch portion size and allergies.
1307,Himachal Pradesh,High Cholesterol,Dinner,Babru (Roasted 1097),330,22,34,8,10,Low,Low,Low,Gluten,"Local grains, legumes, herbs",Vegetarian,,Prepare using traditional Himachali ingredients adjusted for high cholesterol. Serve one balanced portion.,45 mins brisk walk,Watch portion size and allergies.
1308,Himachal Pradesh,High Cholesterol,Dinner,Bhey (High Protein 1092),330,22,34,8,10,Low,Low,Low,,"Local grains, legumes, herbs",Vegetarian,,Prepare using traditional Himachali ingredients adjusted for high cholesterol. Serve one balanced portion.,45 mins brisk walk,Watch portion size and allergies.
1309,Himachal Pradesh,High Cholesterol,Dinner,Brown Rice + Rong Dal (No Tadka) + Steamed Spinach,400,25,55,8,7,Low,Medium,Low,,"Brown Rice, Black-eyed Peas, Spinach",Vegetarian,,Boil dal and spinach plainly without any oil tempering.,Swimming,Maintain diet strictness
1310,Himachal Pradesh,High Cholesterol,Dinner,Brown Rice + Rong Dal + Steamed Spinach,400,25,55,8,7,Low,Medium,Low,,"Brown Rice, Black-eyed Peas, Spinach",Vegetarian,,Boil dal without any ghee or oil tadka.,Swimming,Maintain diet strictness
1311,Himachal Pradesh,High Cholesterol,Dinner,Kodra Roti (Salt Controlled 1095),330,22,34,8,10,Low,Low,Low,Gluten,"Local grains, legumes, herbs",Vegetarian,,Prepare using traditional Himachali ingredients adjusted for high cholesterol. Serve one balanced portion.,45 mins brisk walk,Watch portion size and allergies.
1312,Himachal Pradesh,High Cholesterol,Dinner,Madra (Fiber Rich 1093),330,22,34,8,10,Low,Low,Low,,"Local grains, legumes, herbs",Vegetarian,,Prepare using traditional Himachali ingredients adjusted for high cholesterol. Serve one balanced portion.,45 mins brisk walk,Watch portion size and allergies.
1313,Himachal Pradesh,High Cholesterol,Dinner,Patande (No Oil 1091),330,22,34,8,10,Low,Low,Low,,"Local grains, legumes, herbs",Vegetarian,,Prepare using traditional Himachali ingredients adjusted for high cholesterol. Serve one balanced portion.,45 mins brisk walk,Watch portion size and allergies.
1314,Himachal Pradesh,High Cholesterol,Dinner,Red Rice + Chana Khatta (No Oil) + Steamed Yam,400,25,55,8,7,Low,Medium,Low,,"Red Rice, Black Chickpeas, Tamarind, Elephant Foot Yam",Vegetarian,,Boil yam and chana; use zero oil in the sour broth.,Swimming,Maintain diet strictness
1315,Himachal Pradesh,High Cholesterol,Dinner,Sepu Badi (Traditional 1094),330,22,34,8,10,Low,Low,Low,,"Local grains, legumes, herbs",Vegetarian,,Prepare using traditional Himachali ingredients adjusted for high cholesterol. Serve one balanced portion.,45 mins brisk walk,Watch portion size and allergies.
1316,Himachal Pradesh,High Cholesterol,Dinner,Siddu (Steamed 1090),330,22,34,8,10,Low,Low,Low,Gluten,"Local grains, legumes, herbs",Vegetarian,,Prepare using traditional Himachali ingredients adjusted for high cholesterol. Serve one balanced portion.,45 mins brisk walk,Watch portion size and allergies.
1317,Himachal Pradesh,High Cholesterol,Dinner,Siddu (Steamed 1098),330,22,34,8,10,Low,Low,Low,Gluten,"Local grains, legumes, herbs",Vegetarian,,Prepare using traditional Himachali ingredients adjusted for high cholesterol. Serve one balanced portion.,45 mins brisk walk,Watch portion size and allergies.
1318,Himachal Pradesh,High Cholesterol,Dinner,Wheat Roti + Black Chana (Zero Oil),400,25,55,8,7,Low,Medium,Low,Gluten,"Wheat, Black Chickpeas",Vegetarian,,"Boil the black chana plain with spices, skipping tadka.",Swimming,Maintain diet strictness
1319,Himachal Pradesh,High Cholesterol,Dinner,Wheat Roti + Black Chana Khatta (Zero Oil),400,25,55,8,7,Low,Medium,Low,Gluten,"Wheat, Black Chickpeas, Tamarind",Vegetarian,,Boil the chana and simmer in a sour tamarind broth without tadka.,Swimming,Maintain diet strictness
1320,Himachal Pradesh,High Cholesterol,Dinner,Wheat Roti + Kulthi Dal (No Tadka) + Kadoo,400,25,55,8,7,Low,Medium,Low,Gluten,"Wheat, Horsegram, Pumpkin",Vegetarian,,Boil the dal with spices and skip the oil tempering step.,Swimming,Maintain diet strictness
1321,Himachal Pradesh,High Cholesterol,Dinner,Chha Gosht (Light 1104),330,22,34,8,10,Low,Low,Low,,"Local meat, herbs, spices",Non-Vegetarian,Chicken,Prepare using traditional Himachali ingredients adjusted for high cholesterol. Serve one balanced portion.,45 mins brisk walk,Watch portion size and allergies.
1322,Himachal Pradesh,High Cholesterol,Dinner,Chha Gosht (Traditional 1110),330,22,34,8,10,Low,Low,Low,,"Local meat, herbs, spices",Non-Vegetarian,Chicken,Prepare using traditional Himachali ingredients adjusted for high cholesterol. Serve one balanced portion.,45 mins brisk walk,Watch portion size and allergies.
1323,Himachal Pradesh,High Cholesterol,Dinner,Chicken Anardana (High Protein 1100),330,22,34,8,10,Low,Low,Low,,"Local meat, herbs, spices",Non-Vegetarian,Chicken,Prepare using traditional Himachali ingredients adjusted for high cholesterol. Serve one balanced portion.,45 mins brisk walk,Watch portion size and allergies.
1324,Himachal Pradesh,High Cholesterol,Dinner,Chicken Anardana (Light 1112),330,22,34,8,10,Low,Low,Low,,"Local meat, herbs, spices",Non-Vegetarian,Chicken,Prepare using traditional Himachali ingredients adjusted for high cholesterol. Serve one balanced portion.,45 mins brisk walk,Watch portion size and allergies.
1325,Himachal Pradesh,High Cholesterol,Dinner,Chicken Anardana (Steamed 1106),330,22,34,8,10,Low,Low,Low,,"Local meat, herbs, spices",Non-Vegetarian,Chicken,Prepare using traditional Himachali ingredients adjusted for high cholesterol. Serve one balanced portion.,45 mins brisk walk,Watch portion size and allergies.
1326,Himachal Pradesh,High Cholesterol,Dinner,Kullu Trout (No Oil 1099),330,22,34,8,10,Low,Low,Low,,"Local meat, herbs, spices",Non-Vegetarian,Fish,Prepare using traditional Himachali ingredients adjusted for high cholesterol. Serve one balanced portion.,45 mins brisk walk,Watch portion size and allergies.
1327,Himachal Pradesh,High Cholesterol,Dinner,Kullu Trout (Roasted 1105),330,22,34,8,10,Low,Low,Low,,"Local meat, herbs, spices",Non-Vegetarian,Fish,Prepare using traditional Himachali ingredients adjusted for high cholesterol. Serve one balanced portion.,45 mins brisk walk,Watch portion size and allergies.
1328,Himachal Pradesh,High Cholesterol,Dinner,Kullu Trout (Salt Controlled 1111),330,22,34,8,10,Low,Low,Low,,"Local meat, herbs, spices",Non-Vegetarian,Fish,Prepare using traditional Himachali ingredients adjusted for high cholesterol. Serve one balanced portion.,45 mins brisk walk,Watch portion size and allergies.
1329,Himachal Pradesh,High Cholesterol,Dinner,Mutton Madra (High Protein 1108),330,22,34,8,10,Low,Low,Low,,"Local meat, herbs, spices",Non-Vegetarian,Chicken,Prepare using traditional Himachali ingredients adjusted for high cholesterol. Serve one balanced portion.,45 mins brisk walk,Watch portion size and allergies.
1330,Himachal Pradesh,High Cholesterol,Dinner,Mutton Madra (Traditional 1102),330,22,34,8,10,Low,Low,Low,,"Local meat, herbs, spices",Non-Vegetarian,Chicken,Prepare using traditional Himachali ingredients adjusted for high cholesterol. Serve one balanced portion.,45 mins brisk walk,Watch portion size and allergies.
1331,Himachal Pradesh,High Cholesterol,Dinner,Pahadi Egg Curry (Fiber Rich 1101),330,22,34,8,10,Low,Low,Low,,"Local meat, herbs, spices",Non-Vegetarian,Chicken,Prepare using traditional Himachali ingredients adjusted for high cholesterol. Serve one balanced portion.,45 mins brisk walk,Watch portion size and allergies.
1332,Himachal Pradesh,High Cholesterol,Dinner,Pahadi Egg Curry (No Oil 1107),330,22,34,8,10,Low,Low,Low,,"Local meat, herbs, spices",Non-Vegetarian,Chicken,Prepare using traditional Himachali ingredients adjusted for high cholesterol. Serve one balanced portion.,45 mins brisk walk,Watch portion size and allergies.
1333,Himachal Pradesh,High Cholesterol,Dinner,River Fish Curry (Fiber Rich 1109),330,22,34,8,10,Low,Low,Low,,"Local meat, herbs, spices",Non-Vegetarian,Fish,Prepare using traditional Himachali ingredients adjusted for high cholesterol. Serve one balanced portion.,45 mins brisk walk,Watch portion size and allergies.
1334,Himachal Pradesh,High Cholesterol,Dinner,River Fish Curry (Salt Controlled 1103),330,22,34,8,10,Low,Low,Low,,"Local meat, herbs, spices",Non-Vegetarian,Fish,Prepare using traditional Himachali ingredients adjusted for high cholesterol. Serve one balanced portion.,45 mins brisk walk,Watch portion size and allergies.
1335,Himachal Pradesh,High Cholesterol,Dinner,Wheat Roti + Boiled Chicken + Steamed Kadoo,400,25,55,8,7,Low,Medium,Low,Gluten,"Wheat, Chicken, Pumpkin",Non-Vegetarian,Chicken,Poach the chicken and steam the pumpkin plain.,Swimming,Maintain diet strictness
1336,Himachal Pradesh,High Cholesterol,Dinner,Wheat Roti + Boiled Chicken + Steamed Kadoo,400,25,55,8,7,Low,Medium,Low,Gluten,"Wheat, Chicken, Pumpkin",Non-Vegetarian,Chicken,Poach the chicken and serve with plain steamed pumpkin.,Swimming,Maintain diet strictness
1337,Himachal Pradesh,High Cholesterol,Dinner,Bhey (High Protein 1116),330,22,34,8,10,Low,Low,Low,,"Local grains, legumes, herbs",Vegan,,Prepare using traditional Himachali ingredients adjusted for high cholesterol. Serve one balanced portion.,45 mins brisk walk,Watch portion size and allergies.
1338,Himachal Pradesh,High Cholesterol,Dinner,Bhey (Light 1128),330,22,34,8,10,Low,Low,Low,,"Local grains, legumes, herbs",Vegan,,Prepare using traditional Himachali ingredients adjusted for high cholesterol. Serve one balanced portion.,45 mins brisk walk,Watch portion size and allergies.
1339,Himachal Pradesh,High Cholesterol,Dinner,Bhey (Steamed 1122),330,22,34,8,10,Low,Low,Low,,"Local grains, legumes, herbs",Vegan,,Prepare using traditional Himachali ingredients adjusted for high cholesterol. Serve one balanced portion.,45 mins brisk walk,Watch portion size and allergies.
1340,Himachal Pradesh,High Cholesterol,Dinner,Jau Khichdi (Fiber Rich 1117),330,22,34,8,10,Low,Low,Low,,"Local grains, legumes, herbs",Vegan,,Prepare using traditional Himachali ingredients adjusted for high cholesterol. Serve one balanced portion.,45 mins brisk walk,Watch portion size and allergies.
1341,Himachal Pradesh,High Cholesterol,Dinner,Jau Khichdi (No Oil 1123),330,22,34,8,10,Low,Low,Low,,"Local grains, legumes, herbs",Vegan,,Prepare using traditional Himachali ingredients adjusted for high cholesterol. Serve one balanced portion.,45 mins brisk walk,Watch portion size and allergies.
1342,Himachal Pradesh,High Cholesterol,Dinner,Lingri Sabzi (Fiber Rich 1125),330,22,34,8,10,Low,Low,Low,,"Local grains, legumes, herbs",Vegan,,Prepare using traditional Himachali ingredients adjusted for high cholesterol. Serve one balanced portion.,45 mins brisk walk,Watch portion size and allergies.
1343,Himachal Pradesh,High Cholesterol,Dinner,Lingri Sabzi (Roasted 1113),330,22,34,8,10,Low,Low,Low,,"Local grains, legumes, herbs",Vegan,,Prepare using traditional Himachali ingredients adjusted for high cholesterol. Serve one balanced portion.,45 mins brisk walk,Watch portion size and allergies.
1344,Himachal Pradesh,High Cholesterol,Dinner,Lingri Sabzi (Salt Controlled 1119),330,22,34,8,10,Low,Low,Low,,"Local grains, legumes, herbs",Vegan,,Prepare using traditional Himachali ingredients adjusted for high cholesterol. Serve one balanced portion.,45 mins brisk walk,Watch portion size and allergies.
1345,Himachal Pradesh,High Cholesterol,Dinner,Mah Dal (Light 1120),330,22,34,8,10,Low,Low,Low,,"Local grains, legumes, herbs",Vegan,,Prepare using traditional Himachali ingredients adjusted for high cholesterol. Serve one balanced portion.,45 mins brisk walk,Watch portion size and allergies.
1346,Himachal Pradesh,High Cholesterol,Dinner,Mah Dal (Steamed 1114),330,22,34,8,10,Low,Low,Low,,"Local grains, legumes, herbs",Vegan,,Prepare using traditional Himachali ingredients adjusted for high cholesterol. Serve one balanced portion.,45 mins brisk walk,Watch portion size and allergies.
1347,Himachal Pradesh,High Cholesterol,Dinner,Mah Dal (Traditional 1126),330,22,34,8,10,Low,Low,Low,,"Local grains, legumes, herbs",Vegan,,Prepare using traditional Himachali ingredients adjusted for high cholesterol. Serve one balanced portion.,45 mins brisk walk,Watch portion size and allergies.
1348,Himachal Pradesh,High Cholesterol,Dinner,Makki Roti (No Oil 1115),330,22,34,8,10,Low,Low,Low,Gluten,"Local grains, legumes, herbs",Vegan,,Prepare using traditional Himachali ingredients adjusted for high cholesterol. Serve one balanced portion.,45 mins brisk walk,Watch portion size and allergies.
1349,Himachal Pradesh,High Cholesterol,Dinner,Makki Roti (Roasted 1121),330,22,34,8,10,Low,Low,Low,Gluten,"Local grains, legumes, herbs",Vegan,,Prepare using traditional Himachali ingredients adjusted for high cholesterol. Serve one balanced portion.,45 mins brisk walk,Watch portion size and allergies.
1350,Himachal Pradesh,High Cholesterol,Dinner,Makki Roti (Salt Controlled 1127),330,22,34,8,10,Low,Low,Low,Gluten,"Local grains, legumes, herbs",Vegan,,Prepare using traditional Himachali ingredients adjusted for high cholesterol. Serve one balanced portion.,45 mins brisk walk,Watch portion size and allergies.
1351,Himachal Pradesh,High Cholesterol,Dinner,Rajma Chawal (High Protein 1124),330,22,34,8,10,Low,Low,Low,,"Local grains, legumes, herbs",Vegan,,Prepare using traditional Himachali ingredients adjusted for high cholesterol. Serve one balanced portion.,45 mins brisk walk,Watch portion size and allergies.
1352,Himachal Pradesh,High Cholesterol,Dinner,Rajma Chawal (Traditional 1118),330,22,34,8,10,Low,Low,Low,,"Local grains, legumes, herbs",Vegan,,Prepare using traditional Himachali ingredients adjusted for high cholesterol. Serve one balanced portion.,45 mins brisk walk,Watch portion size and allergies.
