id,state,diet_need,meal_type,meal_name,calories,protein_g,carbs_g,fat_g,fiber_g,glycemic_index,sodium_level,cholesterol_impact,allergens,base_ingredients,diet_type,meat_type,instructions,exercise_recommendation,medical_warning
1,Jharkhand,Weight Loss,Breakfast,"Arsa (No Oil, Half Plate)",135,3,24,3,1,High,Low,Low,"Mustard, Rice, Sesame","rice flour,jaggery,sesame,mustard oil",Vegetarian,,Prepare the arsa with minimal oil and keep the portion small. Pair it with fresh chutney or lightly cooked greens instead of fried sides.,30–40 min brisk walk or cycling,Keep portions controlled and avoid extra ghee or fried sides. Common allergens: rice.
2,Jharkhand,Weight Loss,Breakfast,"Chana Dal Puri (No Oil, Small Portion)",146,7,24,5,5,Low,Low,Low,"Gluten, Legumes, Mustard","whole wheat flour,chana dal,spices,mustard oil",Vegetarian,,Prepare the chana dal puri with minimal oil and keep the portion small. Pair it with fresh chutney or lightly cooked greens instead of fried sides.,30–40 min brisk walk or cycling,"Keep portions controlled and avoid extra ghee or fried sides. Common allergens: gluten,legumes."
3,Jharkhand,Weight Loss,Breakfast,"Chilka Roti (Steamed, Portion Controlled)",107,5,19,3,3,High,Low,Low,"Legumes, Mustard","rice flour,besan,spices,mustard oil",Vegetarian,,Prepare the chilka roti with minimal oil and keep the portion small. Pair it with fresh chutney or lightly cooked greens instead of fried sides.,30–40 min brisk walk or cycling,Keep portions controlled and avoid extra ghee or fried sides. Common allergens: legumes.
4,Jharkhand,Weight Loss,Breakfast,Chilka Roti (Zero Oil) with Garlic Chutney,300,15,40,8,6,Medium,Medium,Low,Safe,"Rice, Chana Dal",Vegetarian,,Spread batter thinly on a non-stick pan without ghee or oil.,30 mins HIIT,Avoid if bloated
5,Jharkhand,Weight Loss,Breakfast,"Dhuska (Steamed, Small Portion)",127,6,20,5,3,High,Low,Low,"Legumes, Mustard, Rice","rice flour,urad dal,spices,mustard oil",Vegetarian,,Prepare the dhuska with minimal oil and keep the portion small. Pair it with fresh chutney or lightly cooked greens instead of fried sides.,30–40 min brisk walk or cycling,"Keep portions controlled and avoid extra ghee or fried sides. Common allergens: rice,legumes."
6,Jharkhand,Weight Loss,Breakfast,Gondli (Little Millet) Upma,300,15,40,8,7,Low,Medium,Low,Egg,"Little Millet, Mixed Veggies",Vegetarian,,Cook millet with vegetables using a zero-oil cooking spray.,30 mins HIIT,Monitor hydration
7,Jharkhand,Weight Loss,Breakfast,"Litti-Chokha (Steamed, Half Plate)",160,8,26,5,6,Low,Low,Low,"Gluten, Mustard","whole wheat flour,sattu,mustard oil,brinjal,tomato,potato,spices",Vegetarian,,Prepare the litti-chokha with minimal oil and keep the portion small. Pair it with fresh chutney or lightly cooked greens instead of fried sides.,30–40 min brisk walk or cycling,Keep portions controlled and avoid extra ghee or fried sides. Common allergens: gluten.
8,Jharkhand,Weight Loss,Breakfast,Marua (Ragi) Roti with Tomato Chokha,300,15,40,8,8,Low,Medium,Low,Safe,"Finger Millet, Tomato, Garlic",Vegetarian,,Dry roast the roti without oil. Mash roasted tomatoes with zero oil.,30 mins HIIT,Drink water to process fiber
9,Jharkhand,Weight Loss,Breakfast,"Mitha Pitha (No Oil, Light Serve)",127,4,26,3,2,Medium,Low,Low,"Rice, Sesame","rice flour,jaggery,coconut,sesame",Vegetarian,,Prepare the mitha pitha with minimal oil and keep the portion small. Pair it with fresh chutney or lightly cooked greens instead of fried sides.,30–40 min brisk walk or cycling,Keep portions controlled and avoid extra ghee or fried sides. Common allergens: rice.
10,Jharkhand,Weight Loss,Breakfast,Moong Dal Charpa (Leaf Steamed),300,15,40,8,6,Low,Medium,Low,Safe,"Moong Dal, Sal Leaves",Vegetarian,,Wrap the dal paste in Sal leaves and steam it. Zero added oil.,30 mins HIIT,Ensure leaves are clean
11,Jharkhand,Weight Loss,Breakfast,Sattu Drink with Roasted Jeera,300,15,40,8,7,Low,Medium,Low,Safe,"Roasted Gram Flour, Cumin",Vegetarian,,Mix sattu in water with roasted cumin. Skip the salt if prone to retention.,30 mins HIIT,Sip slowly to avoid bloating
12,Jharkhand,Weight Loss,Breakfast,"Sattu Paratha (Steamed, Light Serve)",153,8,24,5,6,Low,Low,Low,"Gluten, Legumes, Mustard","whole wheat flour,sattu,spices,mustard oil",Vegetarian,,Prepare the sattu paratha with minimal oil and keep the portion small. Pair it with fresh chutney or lightly cooked greens instead of fried sides.,30–40 min brisk walk or cycling,"Keep portions controlled and avoid extra ghee or fried sides. Common allergens: gluten,legumes."
13,Jharkhand,Weight Loss,Breakfast,Steamed Dal Pitha,300,15,40,8,6,High,Medium,Low,Safe,"Rice Flour, Chana Dal",Vegetarian,,Steam the rice flour dumplings completely; do not pan fry post-steaming.,30 mins HIIT,Chew thoroughly
14,Jharkhand,Weight Loss,Breakfast,Steamed Dhuska with Pudina Chutney,300,15,40,8,6,Medium,Medium,Low,Safe,"Rice, Chana Dal, Urad Dal",Vegetarian,,Steam the batter in a mold instead of deep frying to drastically cut calories.,30 mins HIIT,Monitor energy levels
15,Jharkhand,Weight Loss,Breakfast,Steamed Pitha (Chana Dal Stuffed),300,15,40,8,6,High,Medium,Low,Safe,"Rice Flour, Chana Dal",Vegetarian,,Steam the pitha to keep calories minimal.,30 mins HIIT,Monitor energy levels
16,Jharkhand,Weight Loss,Breakfast,"Thekua (No Oil, Portion Controlled)",120,3,20,5,2,High,Low,Low,"Gluten, Mustard, Sesame","whole wheat flour,jaggery,sesame,mustard oil",Vegetarian,,Prepare the thekua with minimal oil and keep the portion small. Pair it with fresh chutney or lightly cooked greens instead of fried sides.,30–40 min brisk walk or cycling,Keep portions controlled and avoid extra ghee or fried sides. Common allergens: gluten.
17,Jharkhand,Weight Loss,Breakfast,"Chilka Roti (Minimal Oil, Half Plate)",132,5,19,4,3,Medium,Medium,Medium,"Legumes, Mustard","rice flour,besan,spices,mustard oil,chicken,spices",Non-Vegetarian,Chicken,Cook the chilka roti with lean chicken and keep the tempering light. Serve a small portion with fresh chokha or salad and avoid extra oil.,30–40 min brisk walk or cycling,Keep portions controlled and avoid extra ghee or fried sides. Trim visible fat and keep portions moderate. Common allergens: legumes.
18,Jharkhand,Weight Loss,Breakfast,"Chilka Roti (No Oil, Portion Controlled)",107,5,19,3,3,High,Low,Low,"Legumes, Mustard","rice flour,besan,spices,mustard oil,chicken,spices",Non-Vegetarian,Chicken,Cook the chilka roti with lean chicken and keep the tempering light. Serve a small portion with fresh chokha or salad and avoid extra oil.,30–40 min brisk walk or cycling,Keep portions controlled and avoid extra ghee or fried sides. Trim visible fat and keep portions moderate. Common allergens: legumes.
19,Jharkhand,Weight Loss,Breakfast,"Chilka Roti (Roasted, Light Serve)",107,5,19,3,3,High,High,High,"Legumes, Mustard","rice flour,besan,spices,mustard oil,chicken,spices",Non-Vegetarian,Chicken,Cook the chilka roti with lean chicken and keep the tempering light. Serve a small portion with fresh chokha or salad and avoid extra oil.,30–40 min brisk walk or cycling,Keep portions controlled and avoid extra ghee or fried sides. Trim visible fat and keep portions moderate. Common allergens: legumes.
20,Jharkhand,Weight Loss,Breakfast,"Chilka Roti (Steamed, Small Portion)",107,5,19,3,3,High,Low,Low,"Legumes, Mustard","rice flour,besan,spices,mustard oil,chicken,spices",Non-Vegetarian,Chicken,Cook the chilka roti with lean chicken and keep the tempering light. Serve a small portion with fresh chokha or salad and avoid extra oil.,30–40 min brisk walk or cycling,Keep portions controlled and avoid extra ghee or fried sides. Trim visible fat and keep portions moderate. Common allergens: legumes.
21,Jharkhand,Weight Loss,Breakfast,"Dhuska (Minimal Oil, Light Serve)",158,6,20,6,3,Medium,Medium,Medium,"Legumes, Mustard, Rice","rice flour,urad dal,spices,mustard oil,chicken,spices",Non-Vegetarian,Chicken,Cook the dhuska with lean chicken and keep the tempering light. Serve a small portion with fresh chokha or salad and avoid extra oil.,30–40 min brisk walk or cycling,"Keep portions controlled and avoid extra ghee or fried sides. Trim visible fat and keep portions moderate. Common allergens: rice,legumes."
22,Jharkhand,Weight Loss,Breakfast,"Dhuska (No Oil, Half Plate)",127,6,20,5,3,High,Low,Low,"Legumes, Mustard, Rice","rice flour,urad dal,spices,mustard oil,chicken,spices",Non-Vegetarian,Chicken,Cook the dhuska with lean chicken and keep the tempering light. Serve a small portion with fresh chokha or salad and avoid extra oil.,30–40 min brisk walk or cycling,"Keep portions controlled and avoid extra ghee or fried sides. Trim visible fat and keep portions moderate. Common allergens: rice,legumes."
23,Jharkhand,Weight Loss,Breakfast,"Dhuska (Steamed, Portion Controlled)",127,6,20,5,3,High,Low,Low,"Legumes, Mustard, Rice","rice flour,urad dal,spices,mustard oil,chicken,spices",Non-Vegetarian,Chicken,Cook the dhuska with lean chicken and keep the tempering light. Serve a small portion with fresh chokha or salad and avoid extra oil.,30–40 min brisk walk or cycling,"Keep portions controlled and avoid extra ghee or fried sides. Trim visible fat and keep portions moderate. Common allergens: rice,legumes."
24,Jharkhand,Weight Loss,Breakfast,"Khapada Roti (No Oil, Light Serve)",143,5,24,3,5,Medium,Low,Low,"Gluten, Mustard","whole wheat flour,mustard oil,water,spices,goat meat,spices",Non-Vegetarian,Mutton,Cook the khapada roti with trimmed mutton and keep the tempering light. Serve a small portion with fresh chokha or salad and avoid extra oil.,30–40 min brisk walk or cycling,Keep portions controlled and avoid extra ghee or fried sides. Trim visible fat and keep portions moderate. Common allergens: gluten.
25,Jharkhand,Weight Loss,Breakfast,"Khapada Roti (Roasted, Small Portion)",143,5,24,3,5,High,Medium,Medium,"Gluten, Mustard","whole wheat flour,mustard oil,water,spices,goat meat,spices",Non-Vegetarian,Mutton,Cook the khapada roti with trimmed mutton and keep the tempering light. Serve a small portion with fresh chokha or salad and avoid extra oil.,30–40 min brisk walk or cycling,Keep portions controlled and avoid extra ghee or fried sides. Trim visible fat and keep portions moderate. Common allergens: gluten.
26,Jharkhand,Weight Loss,Breakfast,"Khapada Roti (Steamed, Half Plate)",143,5,24,3,5,Low,Low,Low,"Gluten, Mustard","whole wheat flour,mustard oil,water,spices,goat meat,spices",Non-Vegetarian,Mutton,Cook the khapada roti with trimmed mutton and keep the tempering light. Serve a small portion with fresh chokha or salad and avoid extra oil.,30–40 min brisk walk or cycling,Keep portions controlled and avoid extra ghee or fried sides. Trim visible fat and keep portions moderate. Common allergens: gluten.
27,Jharkhand,Weight Loss,Breakfast,"Litti-Chokha (Minimal Oil, Portion Controlled)",166,8,26,6,6,Medium,Medium,Medium,"Gluten, Mustard","whole wheat flour,sattu,mustard oil,brinjal,tomato,potato,spices,chicken,spices",Non-Vegetarian,Chicken,Cook the litti-chokha with lean chicken and keep the tempering light. Serve a small portion with fresh chokha or salad and avoid extra oil.,30–40 min brisk walk or cycling,Keep portions controlled and avoid extra ghee or fried sides. Trim visible fat and keep portions moderate. Common allergens: gluten.
28,Jharkhand,Weight Loss,Breakfast,"Litti-Chokha (No Oil, Small Portion)",160,8,26,5,6,Low,Low,Low,"Gluten, Mustard","whole wheat flour,sattu,mustard oil,brinjal,tomato,potato,spices,chicken,spices",Non-Vegetarian,Chicken,Cook the litti-chokha with lean chicken and keep the tempering light. Serve a small portion with fresh chokha or salad and avoid extra oil.,30–40 min brisk walk or cycling,Keep portions controlled and avoid extra ghee or fried sides. Trim visible fat and keep portions moderate. Common allergens: gluten.
29,Jharkhand,Weight Loss,Breakfast,"Litti-Chokha (Roasted, Half Plate)",160,8,26,5,6,High,High,High,"Gluten, Mustard","whole wheat flour,sattu,mustard oil,brinjal,tomato,potato,spices,chicken,spices",Non-Vegetarian,Chicken,Cook the litti-chokha with lean chicken and keep the tempering light. Serve a small portion with fresh chokha or salad and avoid extra oil.,30–40 min brisk walk or cycling,Keep portions controlled and avoid extra ghee or fried sides. Trim visible fat and keep portions moderate. Common allergens: gluten.
30,Jharkhand,Weight Loss,Breakfast,"Sattu Paratha (Classic, Local Style)",153,8,24,5,6,Low,Low,Low,"Gluten, Legumes, Mustard","whole wheat flour,sattu,spices,mustard oil,chicken,spices",Non-Vegetarian,Chicken,Cook the sattu paratha with lean chicken and keep the tempering light. Serve a small portion with fresh chokha or salad and avoid extra oil.,30–40 min brisk walk or cycling,"Keep portions controlled and avoid extra ghee or fried sides. Trim visible fat and keep portions moderate. Common allergens: gluten,legumes."
31,Jharkhand,Weight Loss,Breakfast,"Sattu Paratha (Minimal Oil, Small Portion)",160,8,24,6,6,Medium,Medium,Medium,"Gluten, Legumes, Mustard","whole wheat flour,sattu,spices,mustard oil,chicken,spices",Non-Vegetarian,Chicken,Cook the sattu paratha with lean chicken and keep the tempering light. Serve a small portion with fresh chokha or salad and avoid extra oil.,30–40 min brisk walk or cycling,"Keep portions controlled and avoid extra ghee or fried sides. Trim visible fat and keep portions moderate. Common allergens: gluten,legumes."
32,Jharkhand,Weight Loss,Breakfast,"Sattu Paratha (Roasted, Portion Controlled)",153,8,24,5,6,High,Medium,Medium,"Gluten, Legumes, Mustard","whole wheat flour,sattu,spices,mustard oil,chicken,spices",Non-Vegetarian,Chicken,Cook the sattu paratha with lean chicken and keep the tempering light. Serve a small portion with fresh chokha or salad and avoid extra oil.,30–40 min brisk walk or cycling,"Keep portions controlled and avoid extra ghee or fried sides. Trim visible fat and keep portions moderate. Common allergens: gluten,legumes."
33,Jharkhand,Weight Loss,Breakfast,"Arsa (No Oil, Small Portion)",135,3,24,3,1,High,Low,Low,"Mustard, Rice, Sesame","rice flour,jaggery,sesame,mustard oil",Vegan,,Prepare the arsa with minimal oil and keep the portion small. Pair it with fresh chutney or lightly cooked greens instead of fried sides.,30–40 min brisk walk or cycling,Keep portions controlled and avoid extra ghee or fried sides. Keep the recipe fully plant-based and avoid ghee or dairy. Common allergens: rice.
34,Jharkhand,Weight Loss,Breakfast,"Arsa (Roasted, Half Plate)",135,3,24,3,1,High,High,High,"Mustard, Rice, Sesame","rice flour,jaggery,sesame,mustard oil",Vegan,,Prepare the arsa with minimal oil and keep the portion small. Pair it with fresh chutney or lightly cooked greens instead of fried sides.,30–40 min brisk walk or cycling,Keep portions controlled and avoid extra ghee or fried sides. Keep the recipe fully plant-based and avoid ghee or dairy. Common allergens: rice.
35,Jharkhand,Weight Loss,Breakfast,"Chana Dal Puri (Roasted, Small Portion)",146,7,24,5,5,Low,Medium,Medium,"Gluten, Legumes, Mustard","whole wheat flour,chana dal,spices,mustard oil",Vegan,,Prepare the chana dal puri with minimal oil and keep the portion small. Pair it with fresh chutney or lightly cooked greens instead of fried sides.,30–40 min brisk walk or cycling,"Keep portions controlled and avoid extra ghee or fried sides. Keep the recipe fully plant-based and avoid ghee or dairy. Common allergens: gluten,legumes."
36,Jharkhand,Weight Loss,Breakfast,"Chana Dal Puri (Steamed, Half Plate)",146,7,24,5,5,Low,Low,Low,"Gluten, Legumes, Mustard","whole wheat flour,chana dal,spices,mustard oil",Vegan,,Prepare the chana dal puri with minimal oil and keep the portion small. Pair it with fresh chutney or lightly cooked greens instead of fried sides.,30–40 min brisk walk or cycling,"Keep portions controlled and avoid extra ghee or fried sides. Keep the recipe fully plant-based and avoid ghee or dairy. Common allergens: gluten,legumes."
37,Jharkhand,Weight Loss,Breakfast,"Chilka Roti (Minimal Oil, Portion Controlled)",132,5,19,4,3,Medium,Medium,Medium,"Legumes, Mustard","rice flour,besan,spices,mustard oil",Vegan,,Prepare the chilka roti with minimal oil and keep the portion small. Pair it with fresh chutney or lightly cooked greens instead of fried sides.,30–40 min brisk walk or cycling,Keep portions controlled and avoid extra ghee or fried sides. Keep the recipe fully plant-based and avoid ghee or dairy. Common allergens: legumes.
38,Jharkhand,Weight Loss,Breakfast,"Dhuska (Minimal Oil, Small Portion)",158,6,20,6,3,Medium,Medium,Medium,"Legumes, Mustard, Rice","rice flour,urad dal,spices,mustard oil",Vegan,,Prepare the dhuska with minimal oil and keep the portion small. Pair it with fresh chutney or lightly cooked greens instead of fried sides.,30–40 min brisk walk or cycling,"Keep portions controlled and avoid extra ghee or fried sides. Keep the recipe fully plant-based and avoid ghee or dairy. Common allergens: rice,legumes."
39,Jharkhand,Weight Loss,Breakfast,"Khaja (No Oil, Half Plate)",161,3,26,5,1,High,Low,Low,"Gluten, Mustard, Sesame","refined flour,jaggery,sugar,sesame,mustard oil",Vegan,,Prepare the khaja with minimal oil and keep the portion small. Pair it with fresh chutney or lightly cooked greens instead of fried sides.,30–40 min brisk walk or cycling,Keep portions controlled and avoid extra ghee or fried sides. Keep the recipe fully plant-based and avoid ghee or dairy. Common allergens: gluten.
40,Jharkhand,Weight Loss,Breakfast,"Litti-Chokha (Minimal Oil, Half Plate)",166,7,26,6,6,Medium,Medium,Medium,"Gluten, Mustard","whole wheat flour,sattu,mustard oil,brinjal,tomato,potato,spices",Vegan,,Prepare the litti-chokha with minimal oil and keep the portion small. Pair it with fresh chutney or lightly cooked greens instead of fried sides.,30–40 min brisk walk or cycling,Keep portions controlled and avoid extra ghee or fried sides. Keep the recipe fully plant-based and avoid ghee or dairy. Common allergens: gluten.
41,Jharkhand,Weight Loss,Breakfast,"Litti-Chokha (Steamed, Small Portion)",160,7,26,5,6,Low,Low,Low,"Gluten, Mustard","whole wheat flour,sattu,mustard oil,brinjal,tomato,potato,spices",Vegan,,Prepare the litti-chokha with minimal oil and keep the portion small. Pair it with fresh chutney or lightly cooked greens instead of fried sides.,30–40 min brisk walk or cycling,Keep portions controlled and avoid extra ghee or fried sides. Keep the recipe fully plant-based and avoid ghee or dairy. Common allergens: gluten.
42,Jharkhand,Weight Loss,Breakfast,"Mitha Pitha (No Oil, Portion Controlled)",127,4,26,3,2,High,Low,Low,"Rice, Sesame","rice flour,jaggery,sesame",Vegan,,Prepare the mitha pitha with minimal oil and keep the portion small. Pair it with fresh chutney or lightly cooked greens instead of fried sides.,30–40 min brisk walk or cycling,Keep portions controlled and avoid extra ghee or fried sides. Keep the recipe fully plant-based and avoid ghee or dairy. Common allergens: rice.
43,Jharkhand,Weight Loss,Breakfast,"Mitha Pitha (Roasted, Light Serve)",127,4,26,3,2,High,High,High,"Rice, Sesame","rice flour,jaggery,sesame",Vegan,,Prepare the mitha pitha with minimal oil and keep the portion small. Pair it with fresh chutney or lightly cooked greens instead of fried sides.,30–40 min brisk walk or cycling,Keep portions controlled and avoid extra ghee or fried sides. Keep the recipe fully plant-based and avoid ghee or dairy. Common allergens: rice.
44,Jharkhand,Weight Loss,Breakfast,"Sattu Paratha (Minimal Oil, Light Serve)",160,7,24,6,6,Medium,Medium,Medium,"Gluten, Legumes, Mustard","whole wheat flour,sattu,spices,mustard oil",Vegan,,Prepare the sattu paratha with minimal oil and keep the portion small. Pair it with fresh chutney or lightly cooked greens instead of fried sides.,30–40 min brisk walk or cycling,"Keep portions controlled and avoid extra ghee or fried sides. Keep the recipe fully plant-based and avoid ghee or dairy. Common allergens: gluten,legumes."
45,Jharkhand,Weight Loss,Breakfast,"Sattu Paratha (Steamed, Portion Controlled)",153,7,24,5,6,Low,Low,Low,"Gluten, Legumes, Mustard","whole wheat flour,sattu,spices,mustard oil",Vegan,,Prepare the sattu paratha with minimal oil and keep the portion small. Pair it with fresh chutney or lightly cooked greens instead of fried sides.,30–40 min brisk walk or cycling,"Keep portions controlled and avoid extra ghee or fried sides. Keep the recipe fully plant-based and avoid ghee or dairy. Common allergens: gluten,legumes."
46,Jharkhand,Weight Loss,Breakfast,"Thekua (Roasted, Portion Controlled)",120,3,20,5,2,High,Medium,Medium,"Gluten, Mustard, Sesame","whole wheat flour,jaggery,sesame,mustard oil",Vegan,,Prepare the thekua with minimal oil and keep the portion small. Pair it with fresh chutney or lightly cooked greens instead of fried sides.,30–40 min brisk walk or cycling,Keep portions controlled and avoid extra ghee or fried sides. Keep the recipe fully plant-based and avoid ghee or dairy. Common allergens: gluten.
47,Jharkhand,Weight Loss,Breakfast,"Thekua (Steamed, Light Serve)",120,3,20,5,2,High,Low,Low,"Gluten, Mustard, Sesame","whole wheat flour,jaggery,sesame,mustard oil",Vegan,,Prepare the thekua with minimal oil and keep the portion small. Pair it with fresh chutney or lightly cooked greens instead of fried sides.,30–40 min brisk walk or cycling,Keep portions controlled and avoid extra ghee or fried sides. Keep the recipe fully plant-based and avoid ghee or dairy. Common allergens: gluten.
48,Jharkhand,Weight Loss,Breakfast,"Til Barfi (No Oil, Light Serve)",120,4,15,7,2,Medium,Low,Low,"Mustard, Nuts, Sesame","sesame,jaggery,mustard oil",Vegan,,Prepare the til barfi with minimal oil and keep the portion small. Pair it with fresh chutney or lightly cooked greens instead of fried sides.,30–40 min brisk walk or cycling,"Keep portions controlled and avoid extra ghee or fried sides. Keep the recipe fully plant-based and avoid ghee or dairy. Common allergens: sesame,nuts."
49,Jharkhand,Weight Loss,Lunch,"Aloo Chokha (No Oil, Small Portion)",99,3,15,3,3,Low,Low,Low,Mustard,"potato,onion,green chilli,mustard oil,spices",Vegetarian,,Prepare the aloo chokha with minimal oil and keep the portion small. Pair it with fresh chutney or lightly cooked greens instead of fried sides.,30–40 min brisk walk or cycling,Keep portions controlled and avoid extra ghee or fried sides.
50,Jharkhand,Weight Loss,Lunch,"Bamboo Shoot Sabzi (Steamed, Light Serve)",59,3,8,2,5,Low,Low,Low,Mustard,"bamboo shoot,onion,garlic,mustard oil,spices",Vegetarian,,Prepare the bamboo shoot sabzi with minimal oil and keep the portion small. Pair it with fresh chutney or lightly cooked greens instead of fried sides.,30–40 min brisk walk or cycling,Keep portions controlled and avoid extra ghee or fried sides.
51,Jharkhand,Weight Loss,Lunch,"Bhaji Sag (No Oil, Portion Controlled)",69,4,10,2,5,Low,Low,Low,Mustard,"leafy greens,onion,garlic,mustard oil,spices",Vegetarian,,Prepare the bhaji sag with minimal oil and keep the portion small. Pair it with fresh chutney or lightly cooked greens instead of fried sides.,30–40 min brisk walk or cycling,Keep portions controlled and avoid extra ghee or fried sides.
52,Jharkhand,Weight Loss,Lunch,"Dal Pitha (Minimal Oil, Small Portion)",152,8,24,4,5,Medium,Medium,Medium,"Gluten, Legumes, Mustard","rice flour,urad dal,chana dal,spices,mustard oil",Vegetarian,,Prepare the dal pitha with minimal oil and keep the portion small. Pair it with fresh chutney or lightly cooked greens instead of fried sides.,30–40 min brisk walk or cycling,"Keep portions controlled and avoid extra ghee or fried sides. Common allergens: gluten,legumes."
53,Jharkhand,Weight Loss,Lunch,"Dubki (Minimal Oil, Half Plate)",108,6,15,3,6,Medium,Medium,Medium,"Legumes, Mustard","chana dal/urad dal,spices,mustard oil,garlic",Vegetarian,,Prepare the dubki with minimal oil and keep the portion small. Pair it with fresh chutney or lightly cooked greens instead of fried sides.,30–40 min brisk walk or cycling,Keep portions controlled and avoid extra ghee or fried sides. Common allergens: legumes.
54,Jharkhand,Weight Loss,Lunch,Gondli Rice + Urad Dal + Ol (Yam) Sabzi,450,25,50,16,13,Low,Medium,Low,Safe,"Little Millet, Black Gram, Elephant Foot Yam",Vegetarian,,Boil the yam to reduce starch; cook Urad dal without ghee tadka.,40 mins brisk walking,Boil yam with lemon to prevent itch
55,Jharkhand,Weight Loss,Lunch,"Khapada Roti (No Oil, Half Plate)",143,5,24,3,5,Low,Low,Low,"Gluten, Mustard","whole wheat flour,mustard oil,water,spices",Vegetarian,,Prepare the khapada roti with minimal oil and keep the portion small. Pair it with fresh chutney or lightly cooked greens instead of fried sides.,30–40 min brisk walk or cycling,Keep portions controlled and avoid extra ghee or fried sides. Common allergens: gluten.
56,Jharkhand,Weight Loss,Lunch,"Koinar Sag (Minimal Oil, Portion Controlled)",65,4,8,2,5,Medium,Medium,Medium,Mustard,"koinar leaves,onion,garlic,mustard oil,spices",Vegetarian,,Prepare the koinar sag with minimal oil and keep the portion small. Pair it with fresh chutney or lightly cooked greens instead of fried sides.,30–40 min brisk walk or cycling,Keep portions controlled and avoid extra ghee or fried sides.
57,Jharkhand,Weight Loss,Lunch,"Kudurum Ki Chatni (No Oil, Light Serve)",35,1,5,1,2,Medium,Low,Low,Mustard,"kudurum berries,green chilli,garlic,salt,mustard oil",Vegetarian,,Prepare the kudurum ki chatni with minimal oil and keep the portion small. Pair it with fresh chutney or lightly cooked greens instead of fried sides.,30–40 min brisk walk or cycling,Keep portions controlled and avoid extra ghee or fried sides.
58,Jharkhand,Weight Loss,Lunch,"Kurthi Dal (Steamed, Portion Controlled)",121,9,17,3,8,Low,Low,Low,"Legumes, Mustard","kurthi dal,garlic,ginger,cumin,mustard oil",Vegetarian,,Prepare the kurthi dal with minimal oil and keep the portion small. Pair it with fresh chutney or lightly cooked greens instead of fried sides.,30–40 min brisk walk or cycling,Keep portions controlled and avoid extra ghee or fried sides. Common allergens: legumes.
59,Jharkhand,Weight Loss,Lunch,Marua Roti + Chana Dal + Koinar Saag,450,25,50,16,14,Low,Medium,Low,Safe,"Finger Millet, Bengal Gram, Koinar Leaves",Vegetarian,,Dry roast Ragi roti. Steam Koinar leaves to retain fiber and nutrients.,40 mins brisk walking,Monitor digestion
60,Jharkhand,Weight Loss,Lunch,"Rugdha (Steamed, Half Plate)",66,5,7,3,3,Low,Low,Low,Mustard,"rugdha mushroom,onion,garlic,mustard oil,spices",Vegetarian,,Prepare the rugdha with minimal oil and keep the portion small. Pair it with fresh chutney or lightly cooked greens instead of fried sides.,30–40 min brisk walk or cycling,Keep portions controlled and avoid extra ghee or fried sides.
61,Jharkhand,Weight Loss,Lunch,"Udad Dal (Minimal Oil, Light Serve)",130,10,15,4,7,Medium,Medium,Medium,"Legumes, Mustard","urad dal,ginger,garlic,cumin,mustard oil",Vegetarian,,Prepare the udad dal with minimal oil and keep the portion small. Pair it with fresh chutney or lightly cooked greens instead of fried sides.,30–40 min brisk walk or cycling,Keep portions controlled and avoid extra ghee or fried sides. Common allergens: legumes.
62,Jharkhand,Weight Loss,Lunch,"Udad Dal (Steamed, Small Portion)",125,10,15,4,7,Low,Low,Low,"Legumes, Mustard","urad dal,ginger,garlic,cumin,mustard oil",Vegetarian,,Prepare the udad dal with minimal oil and keep the portion small. Pair it with fresh chutney or lightly cooked greens instead of fried sides.,30–40 min brisk walk or cycling,Keep portions controlled and avoid extra ghee or fried sides. Common allergens: legumes.
63,Jharkhand,Weight Loss,Lunch,Usna Rice + Kurthi Dal + Munga Saag,450,25,50,16,12,High,Medium,Low,Safe,"Parboiled Rice, Horsegram, Drumstick Leaves",Vegetarian,,Boil dal without tadka. Lightly steam the Munga saag with garlic.,40 mins brisk walking,Avoid if uric acid is high
64,Jharkhand,Weight Loss,Lunch,Wheat Roti + Rugra (Mushroom) Curry + Kohnda,450,25,50,16,11,Low,Medium,Low,Gluten,"Wheat, Indigenous Mushroom, Pumpkin",Vegetarian,,Sauté Rugra in minimal oil. Boil the pumpkin without sugar.,40 mins brisk walking,Clean Rugra thoroughly
65,Jharkhand,Weight Loss,Lunch,"Aloo Chokha (No Oil, Light Serve)",99,3,15,3,3,Medium,Low,Low,Mustard,"potato,onion,green chilli,mustard oil,spices,chicken,spices",Non-Vegetarian,Chicken,Cook the aloo chokha with lean chicken and keep the tempering light. Serve a small portion with fresh chokha or salad and avoid extra oil.,30–40 min brisk walk or cycling,Keep portions controlled and avoid extra ghee or fried sides. Trim visible fat and keep portions moderate.
66,Jharkhand,Weight Loss,Lunch,"Aloo Chokha (Steamed, Portion Controlled)",99,3,15,3,3,Low,Low,Low,Mustard,"potato,onion,green chilli,mustard oil,spices,chicken,spices",Non-Vegetarian,Chicken,Cook the aloo chokha with lean chicken and keep the tempering light. Serve a small portion with fresh chokha or salad and avoid extra oil.,30–40 min brisk walk or cycling,Keep portions controlled and avoid extra ghee or fried sides. Trim visible fat and keep portions moderate.
67,Jharkhand,Weight Loss,Lunch,Brown Rice + Rohu Fish Broth + Beng Saag,450,25,50,16,10,High,Medium,Low,Fish,"Brown Rice, Rohu Fish, Beng Leaves",Non-Vegetarian,Fish,Poach the fish in a light broth instead of frying. Steam the Beng saag.,40 mins brisk walking,Check for fish bones carefully
68,Jharkhand,Weight Loss,Lunch,"Chilka Roti (Fresh, Daily Serve)",111,5,19,3,3,High,Low,Low,"Legumes, Mustard","rice flour,besan,spices,mustard oil,chicken,spices",Non-Vegetarian,Chicken,Cook the chilka roti with lean chicken and keep the tempering light. Serve a small portion with fresh chokha or salad and avoid extra oil.,30–40 min brisk walk or cycling,Keep portions controlled and avoid extra ghee or fried sides. Trim visible fat and keep portions moderate. Common allergens: legumes.
69,Jharkhand,Weight Loss,Lunch,"Chilka Roti (Minimal Oil, Light Serve)",116,5,19,4,3,Medium,Medium,Medium,"Legumes, Mustard","rice flour,besan,spices,mustard oil,chicken,spices",Non-Vegetarian,Chicken,Cook the chilka roti with lean chicken and keep the tempering light. Serve a small portion with fresh chokha or salad and avoid extra oil.,30–40 min brisk walk or cycling,Keep portions controlled and avoid extra ghee or fried sides. Trim visible fat and keep portions moderate. Common allergens: legumes.
70,Jharkhand,Weight Loss,Lunch,"Desi Chicken Curry (Minimal Oil, Small Portion)",181,24,4,10,0,Medium,Medium,Medium,Mustard,"chicken,onion,garlic,ginger,spices,mustard oil",Non-Vegetarian,Chicken,Cook the desi chicken curry with lean chicken and keep the tempering light. Serve a small portion with fresh chokha or salad and avoid extra oil.,30–40 min brisk walk or cycling,Keep portions controlled and avoid extra ghee or fried sides. Trim visible fat and keep portions moderate.
71,Jharkhand,Weight Loss,Lunch,"Desi Chicken Curry (Steamed, Half Plate)",173,24,4,9,0,Low,Low,Low,Mustard,"chicken,onion,garlic,ginger,spices,mustard oil",Non-Vegetarian,Chicken,Cook the desi chicken curry with lean chicken and keep the tempering light. Serve a small portion with fresh chokha or salad and avoid extra oil.,30–40 min brisk walk or cycling,Keep portions controlled and avoid extra ghee or fried sides. Trim visible fat and keep portions moderate.
72,Jharkhand,Weight Loss,Lunch,"Goat Meat Gravy (Minimal Oil, Portion Controlled)",217,24,3,15,0,Medium,Medium,Medium,Mustard,"goat meat,onion,garlic,ginger,spices,mustard oil",Non-Vegetarian,Mutton,Cook the goat meat gravy with trimmed mutton and keep the tempering light. Serve a small portion with fresh chokha or salad and avoid extra oil.,30–40 min brisk walk or cycling,Keep portions controlled and avoid extra ghee or fried sides. Trim visible fat and keep portions moderate.
73,Jharkhand,Weight Loss,Lunch,"Goat Meat Gravy (Steamed, Light Serve)",208,24,3,13,0,Low,Low,Low,Mustard,"goat meat,onion,garlic,ginger,spices,mustard oil",Non-Vegetarian,Mutton,Cook the goat meat gravy with trimmed mutton and keep the tempering light. Serve a small portion with fresh chokha or salad and avoid extra oil.,30–40 min brisk walk or cycling,Keep portions controlled and avoid extra ghee or fried sides. Trim visible fat and keep portions moderate.
74,Jharkhand,Weight Loss,Lunch,"Khapada Roti (Light, House Style)",143,5,24,3,5,High,Medium,Medium,"Gluten, Mustard","whole wheat flour,mustard oil,water,spices,goat meat,spices",Non-Vegetarian,Mutton,Cook the khapada roti with trimmed mutton and keep the tempering light. Serve a small portion with fresh chokha or salad and avoid extra oil.,30–40 min brisk walk or cycling,Keep portions controlled and avoid extra ghee or fried sides. Trim visible fat and keep portions moderate. Common allergens: gluten.
75,Jharkhand,Weight Loss,Lunch,"Khapada Roti (Rustic, House Style)",143,5,24,3,5,Low,Low,Low,"Gluten, Mustard","whole wheat flour,mustard oil,water,spices,goat meat,spices",Non-Vegetarian,Mutton,Cook the khapada roti with trimmed mutton and keep the tempering light. Serve a small portion with fresh chokha or salad and avoid extra oil.,30–40 min brisk walk or cycling,Keep portions controlled and avoid extra ghee or fried sides. Trim visible fat and keep portions moderate. Common allergens: gluten.
76,Jharkhand,Weight Loss,Lunch,"Khapada Roti (Steamed, Small Portion)",143,5,24,3,5,Low,Low,Low,"Gluten, Mustard","whole wheat flour,mustard oil,water,spices,goat meat,spices",Non-Vegetarian,Mutton,Cook the khapada roti with trimmed mutton and keep the tempering light. Serve a small portion with fresh chokha or salad and avoid extra oil.,30–40 min brisk walk or cycling,Keep portions controlled and avoid extra ghee or fried sides. Trim visible fat and keep portions moderate. Common allergens: gluten.
77,Jharkhand,Weight Loss,Lunch,"Litti-Chokha (Light, House Style)",166,8,26,5,6,Low,Low,Low,"Gluten, Mustard","whole wheat flour,sattu,mustard oil,brinjal,tomato,potato,spices,chicken,spices",Non-Vegetarian,Chicken,Cook the litti-chokha with lean chicken and keep the tempering light. Serve a small portion with fresh chokha or salad and avoid extra oil.,30–40 min brisk walk or cycling,Keep portions controlled and avoid extra ghee or fried sides. Trim visible fat and keep portions moderate. Common allergens: gluten.
78,Jharkhand,Weight Loss,Lunch,"Litti-Chokha (Mild, House Style)",173,8,26,6,6,Medium,Medium,Medium,"Gluten, Mustard","whole wheat flour,sattu,mustard oil,brinjal,tomato,potato,spices,chicken,spices",Non-Vegetarian,Chicken,Cook the litti-chokha with lean chicken and keep the tempering light. Serve a small portion with fresh chokha or salad and avoid extra oil.,30–40 min brisk walk or cycling,Keep portions controlled and avoid extra ghee or fried sides. Trim visible fat and keep portions moderate. Common allergens: gluten.
79,Jharkhand,Weight Loss,Lunch,Makai Roti + Mutton Jhor (Lean) + Putu,450,25,50,16,10,Medium,Medium,Low,Safe,"Cornmeal, Lean Mutton, Putu Mushroom",Non-Vegetarian,Mutton,Trim all visible fat from mutton. Stew slowly. Serve with dry roasted corn roti.,40 mins brisk walking,Portion control the mutton
80,Jharkhand,Weight Loss,Lunch,Usna Rice + Desi Murgh Jhor + Gandhari Saag,450,25,50,16,9,Medium,Medium,Low,Safe,"Parboiled Rice, Local Chicken, Gandhari Leaves",Non-Vegetarian,Chicken,Use skinless lean local chicken in a watery jhor (broth). Skim off fat.,40 mins brisk walking,Cook meat thoroughly
81,Jharkhand,Weight Loss,Lunch,"Aloo Chokha (Roasted, Portion Controlled)",99,3,15,3,3,High,Medium,Medium,Mustard,"potato,onion,green chilli,mustard oil,spices",Vegan,,Prepare the aloo chokha with minimal oil and keep the portion small. Pair it with fresh chutney or lightly cooked greens instead of fried sides.,30–40 min brisk walk or cycling,Keep portions controlled and avoid extra ghee or fried sides. Keep the recipe fully plant-based and avoid ghee or dairy.
82,Jharkhand,Weight Loss,Lunch,"Aloo Chokha (Steamed, Half Plate)",99,3,15,3,3,Low,Low,Low,Mustard,"potato,onion,green chilli,mustard oil,spices",Vegan,,Prepare the aloo chokha with minimal oil and keep the portion small. Pair it with fresh chutney or lightly cooked greens instead of fried sides.,30–40 min brisk walk or cycling,Keep portions controlled and avoid extra ghee or fried sides. Keep the recipe fully plant-based and avoid ghee or dairy.
83,Jharkhand,Weight Loss,Lunch,"Bamboo Shoot Sabzi (Roasted, Small Portion)",59,3,8,2,5,High,Medium,Medium,Mustard,"bamboo shoot,onion,garlic,mustard oil,spices",Vegan,,Prepare the bamboo shoot sabzi with minimal oil and keep the portion small. Pair it with fresh chutney or lightly cooked greens instead of fried sides.,30–40 min brisk walk or cycling,Keep portions controlled and avoid extra ghee or fried sides. Keep the recipe fully plant-based and avoid ghee or dairy.
84,Jharkhand,Weight Loss,Lunch,"Bamboo Shoot Sabzi (Steamed, Portion Controlled)",59,3,8,2,5,Low,Low,Low,Mustard,"bamboo shoot,onion,garlic,mustard oil,spices",Vegan,,Prepare the bamboo shoot sabzi with minimal oil and keep the portion small. Pair it with fresh chutney or lightly cooked greens instead of fried sides.,30–40 min brisk walk or cycling,Keep portions controlled and avoid extra ghee or fried sides. Keep the recipe fully plant-based and avoid ghee or dairy.
85,Jharkhand,Weight Loss,Lunch,"Bhaji Sag (Roasted, Half Plate)",69,4,10,2,5,High,High,High,Mustard,"leafy greens,onion,garlic,mustard oil,spices",Vegan,,Prepare the bhaji sag with minimal oil and keep the portion small. Pair it with fresh chutney or lightly cooked greens instead of fried sides.,30–40 min brisk walk or cycling,Keep portions controlled and avoid extra ghee or fried sides. Keep the recipe fully plant-based and avoid ghee or dairy.
86,Jharkhand,Weight Loss,Lunch,"Bhaji Sag (Steamed, Light Serve)",69,4,10,2,5,Low,Low,Low,Mustard,"leafy greens,onion,garlic,mustard oil,spices",Vegan,,Prepare the bhaji sag with minimal oil and keep the portion small. Pair it with fresh chutney or lightly cooked greens instead of fried sides.,30–40 min brisk walk or cycling,Keep portions controlled and avoid extra ghee or fried sides. Keep the recipe fully plant-based and avoid ghee or dairy.
87,Jharkhand,Weight Loss,Lunch,"Dal Pitha (No Oil, Half Plate)",146,7,24,3,5,High,Low,Low,"Gluten, Legumes, Mustard","rice flour,urad dal,chana dal,spices,mustard oil",Vegan,,Prepare the dal pitha with minimal oil and keep the portion small. Pair it with fresh chutney or lightly cooked greens instead of fried sides.,30–40 min brisk walk or cycling,"Keep portions controlled and avoid extra ghee or fried sides. Keep the recipe fully plant-based and avoid ghee or dairy. Common allergens: gluten,legumes."
88,Jharkhand,Weight Loss,Lunch,"Dubki (Minimal Oil, Small Portion)",108,6,15,3,6,Medium,Medium,Medium,"Legumes, Mustard","chana dal/urad dal,spices,mustard oil,garlic",Vegan,,Prepare the dubki with minimal oil and keep the portion small. Pair it with fresh chutney or lightly cooked greens instead of fried sides.,30–40 min brisk walk or cycling,Keep portions controlled and avoid extra ghee or fried sides. Keep the recipe fully plant-based and avoid ghee or dairy. Common allergens: legumes.
89,Jharkhand,Weight Loss,Lunch,"Khapada Roti (No Oil, Small Portion)",143,5,24,3,5,Low,Low,Low,"Gluten, Mustard","whole wheat flour,mustard oil,water,spices",Vegan,,Prepare the khapada roti with minimal oil and keep the portion small. Pair it with fresh chutney or lightly cooked greens instead of fried sides.,30–40 min brisk walk or cycling,Keep portions controlled and avoid extra ghee or fried sides. Keep the recipe fully plant-based and avoid ghee or dairy. Common allergens: gluten.
90,Jharkhand,Weight Loss,Lunch,"Khapada Roti (Roasted, Light Serve)",143,5,24,3,5,High,High,High,"Gluten, Mustard","whole wheat flour,mustard oil,water,spices",Vegan,,Prepare the khapada roti with minimal oil and keep the portion small. Pair it with fresh chutney or lightly cooked greens instead of fried sides.,30–40 min brisk walk or cycling,Keep portions controlled and avoid extra ghee or fried sides. Keep the recipe fully plant-based and avoid ghee or dairy. Common allergens: gluten.
91,Jharkhand,Weight Loss,Lunch,"Koinar Sag (No Oil, Light Serve)",62,4,8,2,5,Medium,Low,Low,Mustard,"koinar leaves,onion,garlic,mustard oil,spices",Vegan,,Prepare the koinar sag with minimal oil and keep the portion small. Pair it with fresh chutney or lightly cooked greens instead of fried sides.,30–40 min brisk walk or cycling,Keep portions controlled and avoid extra ghee or fried sides. Keep the recipe fully plant-based and avoid ghee or dairy.
92,Jharkhand,Weight Loss,Lunch,"Kudurum Ki Chatni (No Oil, Portion Controlled)",35,1,5,1,2,Low,Low,Low,Mustard,"kudurum berries,green chilli,garlic,salt,mustard oil",Vegan,,Prepare the kudurum ki chatni with minimal oil and keep the portion small. Pair it with fresh chutney or lightly cooked greens instead of fried sides.,30–40 min brisk walk or cycling,Keep portions controlled and avoid extra ghee or fried sides. Keep the recipe fully plant-based and avoid ghee or dairy.
93,Jharkhand,Weight Loss,Lunch,"Kurthi Dal (Minimal Oil, Half Plate)",126,8,17,4,8,Medium,Medium,Medium,"Legumes, Mustard","kurthi dal,garlic,ginger,cumin,mustard oil",Vegan,,Prepare the kurthi dal with minimal oil and keep the portion small. Pair it with fresh chutney or lightly cooked greens instead of fried sides.,30–40 min brisk walk or cycling,Keep portions controlled and avoid extra ghee or fried sides. Keep the recipe fully plant-based and avoid ghee or dairy. Common allergens: legumes.
94,Jharkhand,Weight Loss,Lunch,"Rugdha (Minimal Oil, Light Serve)",69,5,7,3,3,Medium,Medium,Medium,Mustard,"rugdha mushroom,onion,garlic,mustard oil,spices",Vegan,,Prepare the rugdha with minimal oil and keep the portion small. Pair it with fresh chutney or lightly cooked greens instead of fried sides.,30–40 min brisk walk or cycling,Keep portions controlled and avoid extra ghee or fried sides. Keep the recipe fully plant-based and avoid ghee or dairy.
95,Jharkhand,Weight Loss,Lunch,"Rugdha (Steamed, Small Portion)",66,5,7,3,3,Low,Low,Low,Mustard,"rugdha mushroom,onion,garlic,mustard oil,spices",Vegan,,Prepare the rugdha with minimal oil and keep the portion small. Pair it with fresh chutney or lightly cooked greens instead of fried sides.,30–40 min brisk walk or cycling,Keep portions controlled and avoid extra ghee or fried sides. Keep the recipe fully plant-based and avoid ghee or dairy.
96,Jharkhand,Weight Loss,Lunch,"Udad Dal (Minimal Oil, Portion Controlled)",130,9,15,4,7,Medium,Medium,Medium,"Legumes, Mustard","urad dal,ginger,garlic,cumin,mustard oil",Vegan,,Prepare the udad dal with minimal oil and keep the portion small. Pair it with fresh chutney or lightly cooked greens instead of fried sides.,30–40 min brisk walk or cycling,Keep portions controlled and avoid extra ghee or fried sides. Keep the recipe fully plant-based and avoid ghee or dairy. Common allergens: legumes.
97,Jharkhand,Weight Loss,Snack,"Arsa (Rustic, Daily Serve)",135,3,24,3,1,High,Low,Low,"Mustard, Rice, Sesame","rice flour,jaggery,sesame,mustard oil",Vegetarian,,Prepare the arsa with minimal oil and keep the portion small. Pair it with fresh chutney or lightly cooked greens instead of fried sides.,30–40 min brisk walk or cycling,Keep portions controlled and avoid extra ghee or fried sides. Common allergens: rice.
98,Jharkhand,Weight Loss,Snack,Boiled Kanda (Sweet Potato),150,5,20,5,4,Medium,Medium,Low,Safe,Sweet Potato,Vegetarian,,Boil perfectly and serve plain without any sugar or butter.,15 mins light yoga,Eat with skin for fiber
99,Jharkhand,Weight Loss,Snack,"Chana Dal Puri (Minimal Oil, Small Portion)",178,7,24,6,5,Medium,Medium,Medium,"Gluten, Legumes, Mustard","whole wheat flour,chana dal,spices,mustard oil",Vegetarian,,Prepare the chana dal puri with minimal oil and keep the portion small. Pair it with fresh chutney or lightly cooked greens instead of fried sides.,30–40 min brisk walk or cycling,"Keep portions controlled and avoid extra ghee or fried sides. Common allergens: gluten,legumes."
100,Jharkhand,Weight Loss,Snack,"Chana Dal Puri (Steamed, Small Portion)",169,7,24,5,5,Low,Low,Low,"Gluten, Legumes, Mustard","whole wheat flour,chana dal,spices,mustard oil",Vegetarian,,Prepare the chana dal puri with minimal oil and keep the portion small. Pair it with fresh chutney or lightly cooked greens instead of fried sides.,30–40 min brisk walk or cycling,"Keep portions controlled and avoid extra ghee or fried sides. Common allergens: gluten,legumes."
101,Jharkhand,Weight Loss,Snack,"Dhuska (Classic, Daily Serve)",149,6,20,5,3,High,Low,Low,"Legumes, Mustard, Rice","rice flour,urad dal,spices,mustard oil",Vegetarian,,Prepare the dhuska with minimal oil and keep the portion small. Pair it with fresh chutney or lightly cooked greens instead of fried sides.,30–40 min brisk walk or cycling,"Keep portions controlled and avoid extra ghee or fried sides. Common allergens: rice,legumes."
102,Jharkhand,Weight Loss,Snack,"Khaja (Steamed, Light Serve)",161,3,26,5,1,High,Low,Low,"Gluten, Mustard, Sesame","refined flour,jaggery,sugar,sesame,mustard oil",Vegetarian,,Prepare the khaja with minimal oil and keep the portion small. Pair it with fresh chutney or lightly cooked greens instead of fried sides.,30–40 min brisk walk or cycling,Keep portions controlled and avoid extra ghee or fried sides. Common allergens: gluten.
103,Jharkhand,Weight Loss,Snack,"Litti-Chokha (Steamed, Portion Controlled)",181,8,26,5,6,Low,Low,Low,"Gluten, Mustard","whole wheat flour,sattu,mustard oil,brinjal,tomato,potato,spices",Vegetarian,,Prepare the litti-chokha with minimal oil and keep the portion small. Pair it with fresh chutney or lightly cooked greens instead of fried sides.,30–40 min brisk walk or cycling,Keep portions controlled and avoid extra ghee or fried sides. Common allergens: gluten.
104,Jharkhand,Weight Loss,Snack,"Mitha Pitha (Simple, House Style)",147,4,26,3,2,High,Low,Low,"Rice, Sesame","rice flour,jaggery,coconut,sesame",Vegetarian,,Prepare the mitha pitha with minimal oil and keep the portion small. Pair it with fresh chutney or lightly cooked greens instead of fried sides.,30–40 min brisk walk or cycling,Keep portions controlled and avoid extra ghee or fried sides. Common allergens: rice.
105,Jharkhand,Weight Loss,Snack,Mudhi (Puffed Rice) with Cucumber,150,5,20,5,3,Medium,Medium,Low,Safe,"Puffed Rice, Cucumber",Vegetarian,,Mix puffed rice with freshly diced cucumber. No oil or peanuts.,15 mins light yoga,Consume immediately to retain crunch
106,Jharkhand,Weight Loss,Snack,Roasted Chana (Bhunja),150,5,20,5,6,Low,Medium,Low,Safe,Black Chickpeas,Vegetarian,,"Dry roast the chana with sand/salt natively, then sift it well.",15 mins light yoga,Drink water afterwards
107,Jharkhand,Weight Loss,Snack,Roasted Makai (Corn on Cob),150,5,20,5,4,Medium,Medium,Low,Safe,"Corn, Lemon",Vegetarian,,Roast over an open flame and rub with lemon. No butter.,15 mins light yoga,Chew thoroughly
108,Jharkhand,Weight Loss,Snack,Sattu Sherbet (Unsweetened),150,5,20,5,4,Low,Medium,Low,Safe,"Sattu, Water, Lemon",Vegetarian,,"Mix plain sattu with water, lemon, and a pinch of black salt.",15 mins light yoga,Avoid if feeling too full
109,Jharkhand,Weight Loss,Snack,Steamed Charpa (Dal Paste),150,5,20,5,5,Low,Medium,Low,Safe,"Chana Dal, Herbs",Vegetarian,,Steam dal paste wrapped in indigenous leaves to avoid any oil.,15 mins light yoga,Remove leaves before eating
110,Jharkhand,Weight Loss,Snack,"Thekua (Steamed, Half Plate)",137,3,20,5,2,High,Low,Low,"Gluten, Mustard, Sesame","whole wheat flour,jaggery,sesame,mustard oil",Vegetarian,,Prepare the thekua with minimal oil and keep the portion small. Pair it with fresh chutney or lightly cooked greens instead of fried sides.,30–40 min brisk walk or cycling,Keep portions controlled and avoid extra ghee or fried sides. Common allergens: gluten.
111,Jharkhand,Weight Loss,Snack,"Til Barfi (Tender, House Style)",139,4,15,7,2,Medium,Low,Low,"Dairy, Nuts, Sesame","sesame,jaggery,ghee",Vegetarian,,Prepare the til barfi with minimal oil and keep the portion small. Pair it with fresh chutney or lightly cooked greens instead of fried sides.,30–40 min brisk walk or cycling,"Keep portions controlled and avoid extra ghee or fried sides. Common allergens: sesame,nuts."
112,Jharkhand,Weight Loss,Snack,Watermelon Chunks (Morning Snack),150,5,20,5,3,High,Low,Low,Safe,Watermelon,Vegetarian,,Serve fresh. Strict adherence to morning/snack fruit rule.,15 mins light yoga,Do not eat with meals
113,Jharkhand,Weight Loss,Snack,"Chilka Roti (Mild, Single Plate)",123,5,19,3,3,High,High,High,"Legumes, Mustard","rice flour,besan,spices,mustard oil,chicken,spices",Non-Vegetarian,Chicken,Cook the chilka roti with lean chicken and keep the tempering light. Serve a small portion with fresh chokha or salad and avoid extra oil.,30–40 min brisk walk or cycling,Keep portions controlled and avoid extra ghee or fried sides. Trim visible fat and keep portions moderate. Common allergens: legumes.
114,Jharkhand,Weight Loss,Snack,"Chilka Roti (No Oil, Light Serve)",123,5,19,3,3,Medium,Low,Low,"Legumes, Mustard","rice flour,besan,spices,mustard oil,chicken,spices",Non-Vegetarian,Chicken,Cook the chilka roti with lean chicken and keep the tempering light. Serve a small portion with fresh chokha or salad and avoid extra oil.,30–40 min brisk walk or cycling,Keep portions controlled and avoid extra ghee or fried sides. Trim visible fat and keep portions moderate. Common allergens: legumes.
115,Jharkhand,Weight Loss,Snack,"Chilka Roti (Rustic, Single Plate)",132,5,19,4,3,Medium,Medium,Medium,"Legumes, Mustard","rice flour,besan,spices,mustard oil,chicken,spices",Non-Vegetarian,Chicken,Cook the chilka roti with lean chicken and keep the tempering light. Serve a small portion with fresh chokha or salad and avoid extra oil.,30–40 min brisk walk or cycling,Keep portions controlled and avoid extra ghee or fried sides. Trim visible fat and keep portions moderate. Common allergens: legumes.
116,Jharkhand,Weight Loss,Snack,"Chilka Roti (Steamed, Light Serve)",123,5,19,3,3,High,Low,Low,"Legumes, Mustard","rice flour,besan,spices,mustard oil,chicken,spices",Non-Vegetarian,Chicken,Cook the chilka roti with lean chicken and keep the tempering light. Serve a small portion with fresh chokha or salad and avoid extra oil.,30–40 min brisk walk or cycling,Keep portions controlled and avoid extra ghee or fried sides. Trim visible fat and keep portions moderate. Common allergens: legumes.
117,Jharkhand,Weight Loss,Snack,"Dhuska (Minimal Oil, Half Plate)",158,6,20,6,3,Medium,Medium,Medium,"Legumes, Mustard, Rice","rice flour,urad dal,spices,mustard oil,chicken,spices",Non-Vegetarian,Chicken,Cook the dhuska with lean chicken and keep the tempering light. Serve a small portion with fresh chokha or salad and avoid extra oil.,30–40 min brisk walk or cycling,"Keep portions controlled and avoid extra ghee or fried sides. Trim visible fat and keep portions moderate. Common allergens: rice,legumes."
118,Jharkhand,Weight Loss,Snack,"Dhuska (Roasted, Half Plate)",149,6,20,5,3,Low,High,High,"Legumes, Mustard, Rice","rice flour,urad dal,spices,mustard oil,chicken,spices",Non-Vegetarian,Chicken,Cook the dhuska with lean chicken and keep the tempering light. Serve a small portion with fresh chokha or salad and avoid extra oil.,30–40 min brisk walk or cycling,"Keep portions controlled and avoid extra ghee or fried sides. Trim visible fat and keep portions moderate. Common allergens: rice,legumes."
119,Jharkhand,Weight Loss,Snack,"Dhuska (Steamed, Half Plate)",149,6,20,5,3,High,Low,Low,"Legumes, Mustard, Rice","rice flour,urad dal,spices,mustard oil,chicken,spices",Non-Vegetarian,Chicken,Cook the dhuska with lean chicken and keep the tempering light. Serve a small portion with fresh chokha or salad and avoid extra oil.,30–40 min brisk walk or cycling,"Keep portions controlled and avoid extra ghee or fried sides. Trim visible fat and keep portions moderate. Common allergens: rice,legumes."
120,Jharkhand,Weight Loss,Snack,"Dhuska (Tender, Local Style)",149,6,20,5,3,High,Low,Low,"Legumes, Mustard, Rice","rice flour,urad dal,spices,mustard oil,chicken,spices",Non-Vegetarian,Chicken,Cook the dhuska with lean chicken and keep the tempering light. Serve a small portion with fresh chokha or salad and avoid extra oil.,30–40 min brisk walk or cycling,"Keep portions controlled and avoid extra ghee or fried sides. Trim visible fat and keep portions moderate. Common allergens: rice,legumes."
121,Jharkhand,Weight Loss,Snack,"Khapada Roti (Minimal Oil, Small Portion)",143,5,24,3,5,Medium,Medium,Medium,"Gluten, Mustard","whole wheat flour,mustard oil,water,spices,goat meat,spices",Non-Vegetarian,Mutton,Cook the khapada roti with trimmed mutton and keep the tempering light. Serve a small portion with fresh chokha or salad and avoid extra oil.,30–40 min brisk walk or cycling,Keep portions controlled and avoid extra ghee or fried sides. Trim visible fat and keep portions moderate. Common allergens: gluten.
122,Jharkhand,Weight Loss,Snack,"Khapada Roti (Seasonal, Local Style)",143,5,24,3,5,Low,Low,Low,"Gluten, Mustard","whole wheat flour,mustard oil,water,spices,goat meat,spices",Non-Vegetarian,Mutton,Cook the khapada roti with trimmed mutton and keep the tempering light. Serve a small portion with fresh chokha or salad and avoid extra oil.,30–40 min brisk walk or cycling,Keep portions controlled and avoid extra ghee or fried sides. Trim visible fat and keep portions moderate. Common allergens: gluten.
123,Jharkhand,Weight Loss,Snack,"Khapada Roti (Simple, Local Style)",143,5,24,3,5,Low,Low,Low,"Gluten, Mustard","whole wheat flour,mustard oil,water,spices,goat meat,spices",Non-Vegetarian,Mutton,Cook the khapada roti with trimmed mutton and keep the tempering light. Serve a small portion with fresh chokha or salad and avoid extra oil.,30–40 min brisk walk or cycling,Keep portions controlled and avoid extra ghee or fried sides. Trim visible fat and keep portions moderate. Common allergens: gluten.
124,Jharkhand,Weight Loss,Snack,"Khapada Roti (Simple, Local Style)",143,5,24,3,5,High,Medium,Medium,"Gluten, Mustard","whole wheat flour,mustard oil,water,spices,goat meat,spices",Non-Vegetarian,Mutton,Cook the khapada roti with trimmed mutton and keep the tempering light. Serve a small portion with fresh chokha or salad and avoid extra oil.,30–40 min brisk walk or cycling,Keep portions controlled and avoid extra ghee or fried sides. Trim visible fat and keep portions moderate. Common allergens: gluten.
125,Jharkhand,Weight Loss,Snack,"Litti-Chokha (Light, Single Plate)",181,8,26,5,6,Low,Low,Low,"Gluten, Mustard","whole wheat flour,sattu,mustard oil,brinjal,tomato,potato,spices,chicken,spices",Non-Vegetarian,Chicken,Cook the litti-chokha with lean chicken and keep the tempering light. Serve a small portion with fresh chokha or salad and avoid extra oil.,30–40 min brisk walk or cycling,Keep portions controlled and avoid extra ghee or fried sides. Trim visible fat and keep portions moderate. Common allergens: gluten.
126,Jharkhand,Weight Loss,Snack,"Litti-Chokha (Light, Single Plate)",190,8,26,6,6,Medium,Medium,Medium,"Gluten, Mustard","whole wheat flour,sattu,mustard oil,brinjal,tomato,potato,spices,chicken,spices",Non-Vegetarian,Chicken,Cook the litti-chokha with lean chicken and keep the tempering light. Serve a small portion with fresh chokha or salad and avoid extra oil.,30–40 min brisk walk or cycling,Keep portions controlled and avoid extra ghee or fried sides. Trim visible fat and keep portions moderate. Common allergens: gluten.
127,Jharkhand,Weight Loss,Snack,"Litti-Chokha (No Oil, Portion Controlled)",181,8,26,5,6,Low,Low,Low,"Gluten, Mustard","whole wheat flour,sattu,mustard oil,brinjal,tomato,potato,spices,chicken,spices",Non-Vegetarian,Chicken,Cook the litti-chokha with lean chicken and keep the tempering light. Serve a small portion with fresh chokha or salad and avoid extra oil.,30–40 min brisk walk or cycling,Keep portions controlled and avoid extra ghee or fried sides. Trim visible fat and keep portions moderate. Common allergens: gluten.
128,Jharkhand,Weight Loss,Snack,"Litti-Chokha (Roasted, Portion Controlled)",181,8,26,5,6,High,Medium,Medium,"Gluten, Mustard","whole wheat flour,sattu,mustard oil,brinjal,tomato,potato,spices,chicken,spices",Non-Vegetarian,Chicken,Cook the litti-chokha with lean chicken and keep the tempering light. Serve a small portion with fresh chokha or salad and avoid extra oil.,30–40 min brisk walk or cycling,Keep portions controlled and avoid extra ghee or fried sides. Trim visible fat and keep portions moderate. Common allergens: gluten.
129,Jharkhand,Weight Loss,Snack,"Arsa (Minimal Oil, Half Plate)",144,3,24,4,1,Medium,Medium,Medium,"Mustard, Rice, Sesame","rice flour,jaggery,sesame,mustard oil",Vegan,,Prepare the arsa with minimal oil and keep the portion small. Pair it with fresh chutney or lightly cooked greens instead of fried sides.,30–40 min brisk walk or cycling,Keep portions controlled and avoid extra ghee or fried sides. Keep the recipe fully plant-based and avoid ghee or dairy. Common allergens: rice.
130,Jharkhand,Weight Loss,Snack,"Arsa (Steamed, Half Plate)",135,3,24,3,1,High,Low,Low,"Mustard, Rice, Sesame","rice flour,jaggery,sesame,mustard oil",Vegan,,Prepare the arsa with minimal oil and keep the portion small. Pair it with fresh chutney or lightly cooked greens instead of fried sides.,30–40 min brisk walk or cycling,Keep portions controlled and avoid extra ghee or fried sides. Keep the recipe fully plant-based and avoid ghee or dairy. Common allergens: rice.
131,Jharkhand,Weight Loss,Snack,"Chana Dal Puri (No Oil, Half Plate)",169,7,24,5,5,Low,Low,Low,"Gluten, Legumes, Mustard","whole wheat flour,chana dal,spices,mustard oil",Vegan,,Prepare the chana dal puri with minimal oil and keep the portion small. Pair it with fresh chutney or lightly cooked greens instead of fried sides.,30–40 min brisk walk or cycling,"Keep portions controlled and avoid extra ghee or fried sides. Keep the recipe fully plant-based and avoid ghee or dairy. Common allergens: gluten,legumes."
132,Jharkhand,Weight Loss,Snack,"Chana Dal Puri (Roasted, Half Plate)",169,7,24,5,5,Low,High,High,"Gluten, Legumes, Mustard","whole wheat flour,chana dal,spices,mustard oil",Vegan,,Prepare the chana dal puri with minimal oil and keep the portion small. Pair it with fresh chutney or lightly cooked greens instead of fried sides.,30–40 min brisk walk or cycling,"Keep portions controlled and avoid extra ghee or fried sides. Keep the recipe fully plant-based and avoid ghee or dairy. Common allergens: gluten,legumes."
133,Jharkhand,Weight Loss,Snack,"Dhuska (No Oil, Small Portion)",149,6,20,5,3,High,Low,Low,"Legumes, Mustard, Rice","rice flour,urad dal,spices,mustard oil",Vegan,,Prepare the dhuska with minimal oil and keep the portion small. Pair it with fresh chutney or lightly cooked greens instead of fried sides.,30–40 min brisk walk or cycling,"Keep portions controlled and avoid extra ghee or fried sides. Keep the recipe fully plant-based and avoid ghee or dairy. Common allergens: rice,legumes."
134,Jharkhand,Weight Loss,Snack,"Dhuska (Roasted, Small Portion)",149,6,20,5,3,Low,Medium,Medium,"Legumes, Mustard, Rice","rice flour,urad dal,spices,mustard oil",Vegan,,Prepare the dhuska with minimal oil and keep the portion small. Pair it with fresh chutney or lightly cooked greens instead of fried sides.,30–40 min brisk walk or cycling,"Keep portions controlled and avoid extra ghee or fried sides. Keep the recipe fully plant-based and avoid ghee or dairy. Common allergens: rice,legumes."
135,Jharkhand,Weight Loss,Snack,"Khaja (Minimal Oil, Portion Controlled)",170,3,26,6,1,Medium,Medium,Medium,"Gluten, Mustard, Sesame","refined flour,jaggery,sugar,sesame,mustard oil",Vegan,,Prepare the khaja with minimal oil and keep the portion small. Pair it with fresh chutney or lightly cooked greens instead of fried sides.,30–40 min brisk walk or cycling,Keep portions controlled and avoid extra ghee or fried sides. Keep the recipe fully plant-based and avoid ghee or dairy. Common allergens: gluten.
136,Jharkhand,Weight Loss,Snack,"Khaja (Steamed, Portion Controlled)",161,3,26,5,1,High,Low,Low,"Gluten, Mustard, Sesame","refined flour,jaggery,sugar,sesame,mustard oil",Vegan,,Prepare the khaja with minimal oil and keep the portion small. Pair it with fresh chutney or lightly cooked greens instead of fried sides.,30–40 min brisk walk or cycling,Keep portions controlled and avoid extra ghee or fried sides. Keep the recipe fully plant-based and avoid ghee or dairy. Common allergens: gluten.
137,Jharkhand,Weight Loss,Snack,"Litti-Chokha (No Oil, Light Serve)",177,7,26,5,6,Medium,Low,Low,"Gluten, Mustard","whole wheat flour,sattu,mustard oil,brinjal,tomato,potato,spices",Vegan,,Prepare the litti-chokha with minimal oil and keep the portion small. Pair it with fresh chutney or lightly cooked greens instead of fried sides.,30–40 min brisk walk or cycling,Keep portions controlled and avoid extra ghee or fried sides. Keep the recipe fully plant-based and avoid ghee or dairy. Common allergens: gluten.
138,Jharkhand,Weight Loss,Snack,"Litti-Chokha (Roasted, Light Serve)",177,7,26,5,6,High,High,High,"Gluten, Mustard","whole wheat flour,sattu,mustard oil,brinjal,tomato,potato,spices",Vegan,,Prepare the litti-chokha with minimal oil and keep the portion small. Pair it with fresh chutney or lightly cooked greens instead of fried sides.,30–40 min brisk walk or cycling,Keep portions controlled and avoid extra ghee or fried sides. Keep the recipe fully plant-based and avoid ghee or dairy. Common allergens: gluten.
139,Jharkhand,Weight Loss,Snack,"Mitha Pitha (Minimal Oil, Light Serve)",156,4,26,4,2,Medium,Medium,Medium,"Rice, Sesame","rice flour,jaggery,sesame",Vegan,,Prepare the mitha pitha with minimal oil and keep the portion small. Pair it with fresh chutney or lightly cooked greens instead of fried sides.,30–40 min brisk walk or cycling,Keep portions controlled and avoid extra ghee or fried sides. Keep the recipe fully plant-based and avoid ghee or dairy. Common allergens: rice.
140,Jharkhand,Weight Loss,Snack,"Mitha Pitha (Steamed, Light Serve)",147,4,26,3,2,High,Low,Low,"Rice, Sesame","rice flour,jaggery,sesame",Vegan,,Prepare the mitha pitha with minimal oil and keep the portion small. Pair it with fresh chutney or lightly cooked greens instead of fried sides.,30–40 min brisk walk or cycling,Keep portions controlled and avoid extra ghee or fried sides. Keep the recipe fully plant-based and avoid ghee or dairy. Common allergens: rice.
141,Jharkhand,Weight Loss,Snack,"Thekua (Minimal Oil, Small Portion)",146,3,20,6,2,Medium,Medium,Medium,"Gluten, Mustard, Sesame","whole wheat flour,jaggery,sesame,mustard oil",Vegan,,Prepare the thekua with minimal oil and keep the portion small. Pair it with fresh chutney or lightly cooked greens instead of fried sides.,30–40 min brisk walk or cycling,Keep portions controlled and avoid extra ghee or fried sides. Keep the recipe fully plant-based and avoid ghee or dairy. Common allergens: gluten.
142,Jharkhand,Weight Loss,Snack,"Thekua (Steamed, Small Portion)",137,3,20,5,2,High,Low,Low,"Gluten, Mustard, Sesame","whole wheat flour,jaggery,sesame,mustard oil",Vegan,,Prepare the thekua with minimal oil and keep the portion small. Pair it with fresh chutney or lightly cooked greens instead of fried sides.,30–40 min brisk walk or cycling,Keep portions controlled and avoid extra ghee or fried sides. Keep the recipe fully plant-based and avoid ghee or dairy. Common allergens: gluten.
143,Jharkhand,Weight Loss,Snack,"Til Barfi (No Oil, Portion Controlled)",139,4,15,7,2,High,Low,Low,"Mustard, Nuts, Sesame","sesame,jaggery,mustard oil",Vegan,,Prepare the til barfi with minimal oil and keep the portion small. Pair it with fresh chutney or lightly cooked greens instead of fried sides.,30–40 min brisk walk or cycling,"Keep portions controlled and avoid extra ghee or fried sides. Keep the recipe fully plant-based and avoid ghee or dairy. Common allergens: sesame,nuts."
144,Jharkhand,Weight Loss,Snack,"Til Barfi (Roasted, Portion Controlled)",139,4,15,7,2,High,Medium,Medium,"Mustard, Nuts, Sesame","sesame,jaggery,mustard oil",Vegan,,Prepare the til barfi with minimal oil and keep the portion small. Pair it with fresh chutney or lightly cooked greens instead of fried sides.,30–40 min brisk walk or cycling,"Keep portions controlled and avoid extra ghee or fried sides. Keep the recipe fully plant-based and avoid ghee or dairy. Common allergens: sesame,nuts."
145,Jharkhand,Weight Loss,Dinner,"Bamboo Shoot Sabzi (Minimal Oil, Small Portion)",61,3,8,2,5,Medium,Medium,Medium,Mustard,"bamboo shoot,onion,garlic,mustard oil,spices",Vegetarian,,Prepare the bamboo shoot sabzi with minimal oil and keep the portion small. Pair it with fresh chutney or lightly cooked greens instead of fried sides.,30–40 min brisk walk or cycling,Keep portions controlled and avoid extra ghee or fried sides.
146,Jharkhand,Weight Loss,Dinner,Chilka Roti + Ghugni (Black Chana),350,20,40,12,12,High,Medium,Low,Safe,"Rice, Black Chickpeas",Vegetarian,,Make Chilka roti oil-free. Boil Ghugni with minimal spices and no oil.,20 mins walk,Soak chana overnight
147,Jharkhand,Weight Loss,Dinner,"Dal Pitha (Steamed, Half Plate)",146,8,24,3,5,High,Low,Low,"Gluten, Legumes, Mustard","rice flour,urad dal,chana dal,spices,mustard oil",Vegetarian,,Prepare the dal pitha with minimal oil and keep the portion small. Pair it with fresh chutney or lightly cooked greens instead of fried sides.,30–40 min brisk walk or cycling,"Keep portions controlled and avoid extra ghee or fried sides. Common allergens: gluten,legumes."
148,Jharkhand,Weight Loss,Dinner,"Dubki (No Oil, Small Portion)",104,6,15,3,6,Low,Low,Low,"Legumes, Mustard","chana dal/urad dal,spices,mustard oil,garlic",Vegetarian,,Prepare the dubki with minimal oil and keep the portion small. Pair it with fresh chutney or lightly cooked greens instead of fried sides.,30–40 min brisk walk or cycling,Keep portions controlled and avoid extra ghee or fried sides. Common allergens: legumes.
149,Jharkhand,Weight Loss,Dinner,Gondli Rice + Kurthi Dal,350,20,40,12,10,Low,Medium,Low,Safe,"Little Millet, Horsegram",Vegetarian,,Boil the dal until soft without adding any ghee.,20 mins walk,Horsegram generates heat in body
150,Jharkhand,Weight Loss,Dinner,"Khapada Roti (Fresh, Single Plate)",143,5,24,3,5,Low,Low,Low,"Gluten, Mustard","whole wheat flour,mustard oil,water,spices",Vegetarian,,Prepare the khapada roti with minimal oil and keep the portion small. Pair it with fresh chutney or lightly cooked greens instead of fried sides.,30–40 min brisk walk or cycling,Keep portions controlled and avoid extra ghee or fried sides. Common allergens: gluten.
151,Jharkhand,Weight Loss,Dinner,"Koinar Sag (Steamed, Light Serve)",62,4,8,2,5,Low,Low,Low,Mustard,"koinar leaves,onion,garlic,mustard oil,spices",Vegetarian,,Prepare the koinar sag with minimal oil and keep the portion small. Pair it with fresh chutney or lightly cooked greens instead of fried sides.,30–40 min brisk walk or cycling,Keep portions controlled and avoid extra ghee or fried sides.
152,Jharkhand,Weight Loss,Dinner,"Kurthi Dal (No Oil, Half Plate)",121,9,17,3,8,Low,Low,Low,"Legumes, Mustard","kurthi dal,garlic,ginger,cumin,mustard oil",Vegetarian,,Prepare the kurthi dal with minimal oil and keep the portion small. Pair it with fresh chutney or lightly cooked greens instead of fried sides.,30–40 min brisk walk or cycling,Keep portions controlled and avoid extra ghee or fried sides. Common allergens: legumes.
153,Jharkhand,Weight Loss,Dinner,"Litti-Chokha (Rustic, Local Style)",166,8,26,5,6,Low,Low,Low,"Gluten, Mustard","whole wheat flour,sattu,mustard oil,brinjal,tomato,potato,spices",Vegetarian,,Prepare the litti-chokha with minimal oil and keep the portion small. Pair it with fresh chutney or lightly cooked greens instead of fried sides.,30–40 min brisk walk or cycling,Keep portions controlled and avoid extra ghee or fried sides. Common allergens: gluten.
154,Jharkhand,Weight Loss,Dinner,Marua Roti + Lal Saag,350,20,40,12,10,Low,Medium,Low,Safe,"Finger Millet, Red Amaranth",Vegetarian,,Dry roast Ragi roti. Cook Lal Saag with zero oil and garlic tempering.,20 mins walk,Ensure saag is washed well
155,Jharkhand,Weight Loss,Dinner,"Rugdha (No Oil, Light Serve)",66,5,7,3,3,Medium,Low,Low,Mustard,"rugdha mushroom,onion,garlic,mustard oil,spices",Vegetarian,,Prepare the rugdha with minimal oil and keep the portion small. Pair it with fresh chutney or lightly cooked greens instead of fried sides.,30–40 min brisk walk or cycling,Keep portions controlled and avoid extra ghee or fried sides.
156,Jharkhand,Weight Loss,Dinner,Steamed Pitha (Urad Dal Stuffed),350,20,40,12,8,High,Medium,Low,Safe,"Rice Flour, Urad Dal",Vegetarian,,Steam the pitha thoroughly to ensure dal is cooked without any fat.,20 mins walk,Chew well
157,Jharkhand,Weight Loss,Dinner,"Udad Dal (No Oil, Portion Controlled)",125,10,15,4,7,Low,Low,Low,"Legumes, Mustard","urad dal,ginger,garlic,cumin,mustard oil",Vegetarian,,Prepare the udad dal with minimal oil and keep the portion small. Pair it with fresh chutney or lightly cooked greens instead of fried sides.,30–40 min brisk walk or cycling,Keep portions controlled and avoid extra ghee or fried sides. Common allergens: legumes.
158,Jharkhand,Weight Loss,Dinner,"Usna Rice + Aloo Chokha (Boiled, No Oil)",350,20,40,12,8,Medium,Medium,Low,Safe,"Parboiled Rice, Potato, Onion",Vegetarian,,Mash boiled potatoes with raw onion and green chilies. Strictly no mustard oil.,20 mins walk,Watch portion size of potato
159,Jharkhand,Weight Loss,Dinner,Wheat Roti + Parwal Sabzi (Dry),350,20,40,12,9,Low,Medium,Low,Gluten,"Wheat, Pointed Gourd",Vegetarian,,Sauté Parwal with a light water spray instead of oil.,20 mins walk,Do not overcook vegetable
160,Jharkhand,Weight Loss,Dinner,Wheat Roti + Sanai Phool Sabzi,350,20,40,12,8,Low,Medium,Low,Gluten,"Wheat, Jute Flowers",Vegetarian,,Cook the indigenous Sanai flowers with minimal oil spray.,20 mins walk,Wash flowers thoroughly
161,Jharkhand,Weight Loss,Dinner,"Aloo Chokha (Fresh, House Style)",99,3,15,3,3,Medium,Low,Low,Mustard,"potato,onion,green chilli,mustard oil,spices,chicken,spices",Non-Vegetarian,Chicken,Cook the aloo chokha with lean chicken and keep the tempering light. Serve a small portion with fresh chokha or salad and avoid extra oil.,30–40 min brisk walk or cycling,Keep portions controlled and avoid extra ghee or fried sides. Trim visible fat and keep portions moderate.
162,Jharkhand,Weight Loss,Dinner,"Aloo Chokha (Seasonal, House Style)",99,3,15,3,3,High,Medium,Medium,Mustard,"potato,onion,green chilli,mustard oil,spices,chicken,spices",Non-Vegetarian,Chicken,Cook the aloo chokha with lean chicken and keep the tempering light. Serve a small portion with fresh chokha or salad and avoid extra oil.,30–40 min brisk walk or cycling,Keep portions controlled and avoid extra ghee or fried sides. Trim visible fat and keep portions moderate.
163,Jharkhand,Weight Loss,Dinner,"Aloo Chokha (Simple, House Style)",99,3,15,3,3,Low,Low,Low,Mustard,"potato,onion,green chilli,mustard oil,spices,chicken,spices",Non-Vegetarian,Chicken,Cook the aloo chokha with lean chicken and keep the tempering light. Serve a small portion with fresh chokha or salad and avoid extra oil.,30–40 min brisk walk or cycling,Keep portions controlled and avoid extra ghee or fried sides. Trim visible fat and keep portions moderate.
164,Jharkhand,Weight Loss,Dinner,"Chilka Roti (Seasonal, House Style)",111,5,19,3,3,High,Low,Low,"Legumes, Mustard","rice flour,besan,spices,mustard oil,chicken,spices",Non-Vegetarian,Chicken,Cook the chilka roti with lean chicken and keep the tempering light. Serve a small portion with fresh chokha or salad and avoid extra oil.,30–40 min brisk walk or cycling,Keep portions controlled and avoid extra ghee or fried sides. Trim visible fat and keep portions moderate. Common allergens: legumes.
165,Jharkhand,Weight Loss,Dinner,"Chilka Roti (Tender, House Style)",116,5,19,4,3,Medium,Medium,Medium,"Legumes, Mustard","rice flour,besan,spices,mustard oil,chicken,spices",Non-Vegetarian,Chicken,Cook the chilka roti with lean chicken and keep the tempering light. Serve a small portion with fresh chokha or salad and avoid extra oil.,30–40 min brisk walk or cycling,Keep portions controlled and avoid extra ghee or fried sides. Trim visible fat and keep portions moderate. Common allergens: legumes.
166,Jharkhand,Weight Loss,Dinner,"Desi Chicken Curry (Classic, Daily Serve)",173,24,4,9,0,Low,Low,Low,Mustard,"chicken,onion,garlic,ginger,spices,mustard oil",Non-Vegetarian,Chicken,Cook the desi chicken curry with lean chicken and keep the tempering light. Serve a small portion with fresh chokha or salad and avoid extra oil.,30–40 min brisk walk or cycling,Keep portions controlled and avoid extra ghee or fried sides. Trim visible fat and keep portions moderate.
167,Jharkhand,Weight Loss,Dinner,"Desi Chicken Curry (Roasted, Half Plate)",173,24,4,9,0,High,High,High,Mustard,"chicken,onion,garlic,ginger,spices,mustard oil",Non-Vegetarian,Chicken,Cook the desi chicken curry with lean chicken and keep the tempering light. Serve a small portion with fresh chokha or salad and avoid extra oil.,30–40 min brisk walk or cycling,Keep portions controlled and avoid extra ghee or fried sides. Trim visible fat and keep portions moderate.
168,Jharkhand,Weight Loss,Dinner,"Desi Chicken Curry (Rustic, Daily Serve)",181,24,4,10,0,Medium,Medium,Medium,Mustard,"chicken,onion,garlic,ginger,spices,mustard oil",Non-Vegetarian,Chicken,Cook the desi chicken curry with lean chicken and keep the tempering light. Serve a small portion with fresh chokha or salad and avoid extra oil.,30–40 min brisk walk or cycling,Keep portions controlled and avoid extra ghee or fried sides. Trim visible fat and keep portions moderate.
169,Jharkhand,Weight Loss,Dinner,"Goat Meat Gravy (Roasted, Light Serve)",208,24,3,13,0,High,High,High,Mustard,"goat meat,onion,garlic,ginger,spices,mustard oil",Non-Vegetarian,Mutton,Cook the goat meat gravy with trimmed mutton and keep the tempering light. Serve a small portion with fresh chokha or salad and avoid extra oil.,30–40 min brisk walk or cycling,Keep portions controlled and avoid extra ghee or fried sides. Trim visible fat and keep portions moderate.
170,Jharkhand,Weight Loss,Dinner,"Goat Meat Gravy (Simple, House Style)",217,24,3,15,0,Medium,Medium,Medium,Mustard,"goat meat,onion,garlic,ginger,spices,mustard oil",Non-Vegetarian,Mutton,Cook the goat meat gravy with trimmed mutton and keep the tempering light. Serve a small portion with fresh chokha or salad and avoid extra oil.,30–40 min brisk walk or cycling,Keep portions controlled and avoid extra ghee or fried sides. Trim visible fat and keep portions moderate.
171,Jharkhand,Weight Loss,Dinner,"Goat Meat Gravy (Tender, House Style)",208,24,3,13,0,Low,Low,Low,Mustard,"goat meat,onion,garlic,ginger,spices,mustard oil",Non-Vegetarian,Mutton,Cook the goat meat gravy with trimmed mutton and keep the tempering light. Serve a small portion with fresh chokha or salad and avoid extra oil.,30–40 min brisk walk or cycling,Keep portions controlled and avoid extra ghee or fried sides. Trim visible fat and keep portions moderate.
172,Jharkhand,Weight Loss,Dinner,"Khapada Roti (Light, Daily Serve)",143,5,24,3,5,Low,Low,Low,"Gluten, Mustard","whole wheat flour,mustard oil,water,spices,goat meat,spices",Non-Vegetarian,Mutton,Cook the khapada roti with trimmed mutton and keep the tempering light. Serve a small portion with fresh chokha or salad and avoid extra oil.,30–40 min brisk walk or cycling,Keep portions controlled and avoid extra ghee or fried sides. Trim visible fat and keep portions moderate. Common allergens: gluten.
173,Jharkhand,Weight Loss,Dinner,"Khapada Roti (Mild, Daily Serve)",143,5,24,3,5,High,Medium,Medium,"Gluten, Mustard","whole wheat flour,mustard oil,water,spices,goat meat,spices",Non-Vegetarian,Mutton,Cook the khapada roti with trimmed mutton and keep the tempering light. Serve a small portion with fresh chokha or salad and avoid extra oil.,30–40 min brisk walk or cycling,Keep portions controlled and avoid extra ghee or fried sides. Trim visible fat and keep portions moderate. Common allergens: gluten.
174,Jharkhand,Weight Loss,Dinner,"Khapada Roti (Rustic, Daily Serve)",143,5,24,3,5,Low,Low,Low,"Gluten, Mustard","whole wheat flour,mustard oil,water,spices,goat meat,spices",Non-Vegetarian,Mutton,Cook the khapada roti with trimmed mutton and keep the tempering light. Serve a small portion with fresh chokha or salad and avoid extra oil.,30–40 min brisk walk or cycling,Keep portions controlled and avoid extra ghee or fried sides. Trim visible fat and keep portions moderate. Common allergens: gluten.
175,Jharkhand,Weight Loss,Dinner,"Litti-Chokha (Classic, Daily Serve)",173,8,26,6,6,Medium,Medium,Medium,"Gluten, Mustard","whole wheat flour,sattu,mustard oil,brinjal,tomato,potato,spices,chicken,spices",Non-Vegetarian,Chicken,Cook the litti-chokha with lean chicken and keep the tempering light. Serve a small portion with fresh chokha or salad and avoid extra oil.,30–40 min brisk walk or cycling,Keep portions controlled and avoid extra ghee or fried sides. Trim visible fat and keep portions moderate. Common allergens: gluten.
176,Jharkhand,Weight Loss,Dinner,"Litti-Chokha (Mild, Daily Serve)",166,8,26,5,6,Low,Low,Low,"Gluten, Mustard","whole wheat flour,sattu,mustard oil,brinjal,tomato,potato,spices,chicken,spices",Non-Vegetarian,Chicken,Cook the litti-chokha with lean chicken and keep the tempering light. Serve a small portion with fresh chokha or salad and avoid extra oil.,30–40 min brisk walk or cycling,Keep portions controlled and avoid extra ghee or fried sides. Trim visible fat and keep portions moderate. Common allergens: gluten.
177,Jharkhand,Weight Loss,Dinner,"Aloo Chokha (Rustic, Single Plate)",99,3,15,3,3,Medium,Low,Low,Mustard,"potato,onion,green chilli,mustard oil,spices",Vegan,,Prepare the aloo chokha with minimal oil and keep the portion small. Pair it with fresh chutney or lightly cooked greens instead of fried sides.,30–40 min brisk walk or cycling,Keep portions controlled and avoid extra ghee or fried sides. Keep the recipe fully plant-based and avoid ghee or dairy.
178,Jharkhand,Weight Loss,Dinner,"Bamboo Shoot Sabzi (No Oil, Half Plate)",59,3,8,2,5,Low,Low,Low,Mustard,"bamboo shoot,onion,garlic,mustard oil,spices",Vegan,,Prepare the bamboo shoot sabzi with minimal oil and keep the portion small. Pair it with fresh chutney or lightly cooked greens instead of fried sides.,30–40 min brisk walk or cycling,Keep portions controlled and avoid extra ghee or fried sides. Keep the recipe fully plant-based and avoid ghee or dairy.
179,Jharkhand,Weight Loss,Dinner,"Bhaji Sag (Minimal Oil, Small Portion)",72,4,10,2,5,Medium,Medium,Medium,Mustard,"leafy greens,onion,garlic,mustard oil,spices",Vegan,,Prepare the bhaji sag with minimal oil and keep the portion small. Pair it with fresh chutney or lightly cooked greens instead of fried sides.,30–40 min brisk walk or cycling,Keep portions controlled and avoid extra ghee or fried sides. Keep the recipe fully plant-based and avoid ghee or dairy.
180,Jharkhand,Weight Loss,Dinner,"Dal Pitha (Minimal Oil, Light Serve)",152,7,24,4,5,Medium,Medium,Medium,"Gluten, Legumes, Mustard","rice flour,urad dal,chana dal,spices,mustard oil",Vegan,,Prepare the dal pitha with minimal oil and keep the portion small. Pair it with fresh chutney or lightly cooked greens instead of fried sides.,30–40 min brisk walk or cycling,"Keep portions controlled and avoid extra ghee or fried sides. Keep the recipe fully plant-based and avoid ghee or dairy. Common allergens: gluten,legumes."
181,Jharkhand,Weight Loss,Dinner,"Dal Pitha (Steamed, Small Portion)",146,7,24,3,5,High,Low,Low,"Gluten, Legumes, Mustard","rice flour,urad dal,chana dal,spices,mustard oil",Vegan,,Prepare the dal pitha with minimal oil and keep the portion small. Pair it with fresh chutney or lightly cooked greens instead of fried sides.,30–40 min brisk walk or cycling,"Keep portions controlled and avoid extra ghee or fried sides. Keep the recipe fully plant-based and avoid ghee or dairy. Common allergens: gluten,legumes."
182,Jharkhand,Weight Loss,Dinner,"Dubki (Roasted, Portion Controlled)",104,6,15,3,6,Low,Medium,Medium,"Legumes, Mustard","chana dal/urad dal,spices,mustard oil,garlic",Vegan,,Prepare the dubki with minimal oil and keep the portion small. Pair it with fresh chutney or lightly cooked greens instead of fried sides.,30–40 min brisk walk or cycling,Keep portions controlled and avoid extra ghee or fried sides. Keep the recipe fully plant-based and avoid ghee or dairy. Common allergens: legumes.
183,Jharkhand,Weight Loss,Dinner,"Dubki (Steamed, Half Plate)",104,6,15,3,6,Low,Low,Low,"Legumes, Mustard","chana dal/urad dal,spices,mustard oil,garlic",Vegan,,Prepare the dubki with minimal oil and keep the portion small. Pair it with fresh chutney or lightly cooked greens instead of fried sides.,30–40 min brisk walk or cycling,Keep portions controlled and avoid extra ghee or fried sides. Keep the recipe fully plant-based and avoid ghee or dairy. Common allergens: legumes.
184,Jharkhand,Weight Loss,Dinner,"Khapada Roti (Minimal Oil, Portion Controlled)",123,5,24,3,5,Medium,Medium,Medium,"Gluten, Mustard","whole wheat flour,mustard oil,water,spices",Vegan,,Prepare the khapada roti with minimal oil and keep the portion small. Pair it with fresh chutney or lightly cooked greens instead of fried sides.,30–40 min brisk walk or cycling,Keep portions controlled and avoid extra ghee or fried sides. Keep the recipe fully plant-based and avoid ghee or dairy. Common allergens: gluten.
185,Jharkhand,Weight Loss,Dinner,"Koinar Sag (Roasted, Small Portion)",62,4,8,2,5,High,Medium,Medium,Mustard,"koinar leaves,onion,garlic,mustard oil,spices",Vegan,,Prepare the koinar sag with minimal oil and keep the portion small. Pair it with fresh chutney or lightly cooked greens instead of fried sides.,30–40 min brisk walk or cycling,Keep portions controlled and avoid extra ghee or fried sides. Keep the recipe fully plant-based and avoid ghee or dairy.
186,Jharkhand,Weight Loss,Dinner,"Koinar Sag (Steamed, Portion Controlled)",62,4,8,2,5,Low,Low,Low,Mustard,"koinar leaves,onion,garlic,mustard oil,spices",Vegan,,Prepare the koinar sag with minimal oil and keep the portion small. Pair it with fresh chutney or lightly cooked greens instead of fried sides.,30–40 min brisk walk or cycling,Keep portions controlled and avoid extra ghee or fried sides. Keep the recipe fully plant-based and avoid ghee or dairy.
187,Jharkhand,Weight Loss,Dinner,"Kurthi Dal (No Oil, Small Portion)",121,8,17,3,8,Low,Low,Low,"Legumes, Mustard","kurthi dal,garlic,ginger,cumin,mustard oil",Vegan,,Prepare the kurthi dal with minimal oil and keep the portion small. Pair it with fresh chutney or lightly cooked greens instead of fried sides.,30–40 min brisk walk or cycling,Keep portions controlled and avoid extra ghee or fried sides. Keep the recipe fully plant-based and avoid ghee or dairy. Common allergens: legumes.
188,Jharkhand,Weight Loss,Dinner,"Kurthi Dal (Roasted, Light Serve)",121,8,17,3,8,Low,High,High,"Legumes, Mustard","kurthi dal,garlic,ginger,cumin,mustard oil",Vegan,,Prepare the kurthi dal with minimal oil and keep the portion small. Pair it with fresh chutney or lightly cooked greens instead of fried sides.,30–40 min brisk walk or cycling,Keep portions controlled and avoid extra ghee or fried sides. Keep the recipe fully plant-based and avoid ghee or dairy. Common allergens: legumes.
189,Jharkhand,Weight Loss,Dinner,"Litti-Chokha (Tender, Local Style)",173,7,26,6,6,Medium,Medium,Medium,"Gluten, Mustard","whole wheat flour,sattu,mustard oil,brinjal,tomato,potato,spices",Vegan,,Prepare the litti-chokha with minimal oil and keep the portion small. Pair it with fresh chutney or lightly cooked greens instead of fried sides.,30–40 min brisk walk or cycling,Keep portions controlled and avoid extra ghee or fried sides. Keep the recipe fully plant-based and avoid ghee or dairy. Common allergens: gluten.
190,Jharkhand,Weight Loss,Dinner,"Rugdha (No Oil, Portion Controlled)",66,5,7,3,3,Low,Low,Low,Mustard,"rugdha mushroom,onion,garlic,mustard oil,spices",Vegan,,Prepare the rugdha with minimal oil and keep the portion small. Pair it with fresh chutney or lightly cooked greens instead of fried sides.,30–40 min brisk walk or cycling,Keep portions controlled and avoid extra ghee or fried sides. Keep the recipe fully plant-based and avoid ghee or dairy.
191,Jharkhand,Weight Loss,Dinner,"Udad Dal (Roasted, Half Plate)",125,9,15,4,7,Low,High,High,"Legumes, Mustard","urad dal,ginger,garlic,cumin,mustard oil",Vegan,,Prepare the udad dal with minimal oil and keep the portion small. Pair it with fresh chutney or lightly cooked greens instead of fried sides.,30–40 min brisk walk or cycling,Keep portions controlled and avoid extra ghee or fried sides. Keep the recipe fully plant-based and avoid ghee or dairy. Common allergens: legumes.
192,Jharkhand,Weight Loss,Dinner,"Udad Dal (Steamed, Light Serve)",125,9,15,4,7,Low,Low,Low,"Legumes, Mustard","urad dal,ginger,garlic,cumin,mustard oil",Vegan,,Prepare the udad dal with minimal oil and keep the portion small. Pair it with fresh chutney or lightly cooked greens instead of fried sides.,30–40 min brisk walk or cycling,Keep portions controlled and avoid extra ghee or fried sides. Keep the recipe fully plant-based and avoid ghee or dairy. Common allergens: legumes.
193,Jharkhand,Weight Gain,Breakfast,"Arsa (Stuffed, Full Portion)",224,3,34,6,1,Medium,Medium,Medium,"Mustard, Rice, Sesame","rice flour,jaggery,sesame,mustard oil",Vegetarian,,"Cook the arsa in a richer traditional style and serve a fuller portion. Add a complementary side such as chokha, dal, or jaggery-based accompaniment where suitable.",20–30 min light strength training,Increase portions only if overall activity is adequate. Common allergens: rice.
194,Jharkhand,Weight Gain,Breakfast,Arsa Pitha (Deep Fried Rice/Jaggery Sweet),600,20,85,20,4,High,Low,Medium,Safe,"Rice Flour, Jaggery, Oil",Vegetarian,,Deep fry the sweet rice patties to ensure dense calorie delivery.,30 mins weight lifting,Eat in moderation if diabetic
195,Jharkhand,Weight Gain,Breakfast,"Chana Dal Puri (Rich, Extra Serving)",290,8,34,10,4,Low,Low,Low,"Gluten, Legumes, Mustard","whole wheat flour,chana dal,spices,mustard oil",Vegetarian,,"Cook the chana dal puri in a richer traditional style and serve a fuller portion. Add a complementary side such as chokha, dal, or jaggery-based accompaniment where suitable.",20–30 min light strength training,"Increase portions only if overall activity is adequate. Common allergens: gluten,legumes."
196,Jharkhand,Weight Gain,Breakfast,"Chilka Roti (Hearty, Generous Serve)",182,6,26,6,3,High,High,High,"Legumes, Mustard","rice flour,besan,spices,mustard oil",Vegetarian,,"Cook the chilka roti in a richer traditional style and serve a fuller portion. Add a complementary side such as chokha, dal, or jaggery-based accompaniment where suitable.",20–30 min light strength training,Increase portions only if overall activity is adequate. Common allergens: legumes.
197,Jharkhand,Weight Gain,Breakfast,Deep Fried Dhuska + Aloo Chana Sabzi,600,20,85,20,8,Low,Medium,Medium,Safe,"Rice, Chana Dal, Potato",Vegetarian,,Deep fry the Dhuska in mustard oil for traditional high-calorie intake.,30 mins weight lifting,Avoid if cholesterol is high
198,Jharkhand,Weight Gain,Breakfast,"Dhuska (Hearty, Full Portion)",251,7,29,10,3,Medium,Medium,Medium,"Legumes, Mustard, Rice","rice flour,urad dal,spices,mustard oil",Vegetarian,,"Cook the dhuska in a richer traditional style and serve a fuller portion. Add a complementary side such as chokha, dal, or jaggery-based accompaniment where suitable.",20–30 min light strength training,"Increase portions only if overall activity is adequate. Common allergens: rice,legumes."
199,Jharkhand,Weight Gain,Breakfast,Dudhauri (Rice Fried in Milk/Ghee),600,20,85,20,5,High,Low,Medium,Dairy,"Rice, Milk, Ghee, Sugar",Vegetarian,,"Cook rice in milk, form patties, and deep fry in ghee for maximum mass.",30 mins weight lifting,High sugar and fat content
200,Jharkhand,Weight Gain,Breakfast,Ghee Marua Roti + Gud (Jaggery),600,20,85,20,7,Medium,Medium,Medium,Dairy,"Finger Millet, Ghee, Jaggery",Vegetarian,,Slather Ragi roti with pure desi ghee and consume with jaggery.,30 mins weight lifting,Monitor blood sugar
201,Jharkhand,Weight Gain,Breakfast,"Khaja (Stuffed, Extra Serving)",264,3,36,10,1,Medium,Medium,Medium,"Gluten, Mustard, Sesame","refined flour,jaggery,sugar,sesame,mustard oil",Vegetarian,,"Cook the khaja in a richer traditional style and serve a fuller portion. Add a complementary side such as chokha, dal, or jaggery-based accompaniment where suitable.",20–30 min light strength training,Increase portions only if overall activity is adequate. Common allergens: gluten.
202,Jharkhand,Weight Gain,Breakfast,"Litti-Chokha (Rich, Full Portion)",270,9,36,10,5,Low,Low,Low,"Gluten, Mustard","whole wheat flour,sattu,mustard oil,brinjal,tomato,potato,spices",Vegetarian,,"Cook the litti-chokha in a richer traditional style and serve a fuller portion. Add a complementary side such as chokha, dal, or jaggery-based accompaniment where suitable.",20–30 min light strength training,Increase portions only if overall activity is adequate. Common allergens: gluten.
203,Jharkhand,Weight Gain,Breakfast,Makai Ghat (Corn Porridge) with Ghee,600,20,85,20,6,High,Low,Medium,Dairy,"Cornmeal, Ghee, Jaggery",Vegetarian,,Cook the corn porridge thick and top with a large dollop of ghee.,30 mins weight lifting,Slow to digest
204,Jharkhand,Weight Gain,Breakfast,"Mitha Pitha (Stuffed, Generous Serve)",218,5,36,6,2,Medium,Medium,Medium,"Rice, Sesame","rice flour,jaggery,coconut,sesame",Vegetarian,,"Cook the mitha pitha in a richer traditional style and serve a fuller portion. Add a complementary side such as chokha, dal, or jaggery-based accompaniment where suitable.",20–30 min light strength training,Increase portions only if overall activity is adequate. Common allergens: rice.
205,Jharkhand,Weight Gain,Breakfast,"Sattu Paratha (Rich, Generous Serve)",262,9,34,10,5,Low,Low,Low,"Gluten, Legumes, Mustard","whole wheat flour,sattu,spices,mustard oil",Vegetarian,,"Cook the sattu paratha in a richer traditional style and serve a fuller portion. Add a complementary side such as chokha, dal, or jaggery-based accompaniment where suitable.",20–30 min light strength training,"Increase portions only if overall activity is adequate. Common allergens: gluten,legumes."
206,Jharkhand,Weight Gain,Breakfast,Sattu Paratha cooked in Ghee + Curd,600,20,85,20,8,Medium,Medium,Medium,"Dairy, Gluten","Wheat, Sattu, Ghee, Yogurt",Vegetarian,,Generously use ghee to cook the stuffed paratha for caloric surplus.,30 mins weight lifting,"Heavy meal, rest after eating"
207,Jharkhand,Weight Gain,Breakfast,"Thekua (Rich, Hearty Plate)",238,3,29,10,2,High,Medium,Medium,"Gluten, Mustard, Sesame","whole wheat flour,jaggery,sesame,mustard oil",Vegetarian,,"Cook the thekua in a richer traditional style and serve a fuller portion. Add a complementary side such as chokha, dal, or jaggery-based accompaniment where suitable.",20–30 min light strength training,Increase portions only if overall activity is adequate. Common allergens: gluten.
208,Jharkhand,Weight Gain,Breakfast,"Til Barfi (Stuffed, Hearty Plate)",238,5,22,13,2,Medium,Medium,Medium,"Dairy, Nuts, Sesame","sesame,jaggery,ghee",Vegetarian,,"Cook the til barfi in a richer traditional style and serve a fuller portion. Add a complementary side such as chokha, dal, or jaggery-based accompaniment where suitable.",20–30 min light strength training,"Increase portions only if overall activity is adequate. Common allergens: sesame,nuts."
209,Jharkhand,Weight Gain,Breakfast,"Chilka Roti (Hearty, Full Portion)",182,6,26,6,3,Medium,Medium,Medium,"Legumes, Mustard","rice flour,besan,spices,mustard oil,chicken,spices",Non-Vegetarian,Chicken,Prepare the chilka roti in a richer traditional style and serve a full portion with roti or chokha. Use enough cooking fat for calorie density while keeping the dish balanced.,20–30 min light strength training,Increase portions only if overall activity is adequate. Trim visible fat and keep portions moderate. Common allergens: legumes.
210,Jharkhand,Weight Gain,Breakfast,"Chilka Roti (Rich, Hearty Plate)",182,6,26,6,3,High,Medium,Medium,"Legumes, Mustard","rice flour,besan,spices,mustard oil,chicken,spices",Non-Vegetarian,Chicken,Prepare the chilka roti in a richer traditional style and serve a full portion with roti or chokha. Use enough cooking fat for calorie density while keeping the dish balanced.,20–30 min light strength training,Increase portions only if overall activity is adequate. Trim visible fat and keep portions moderate. Common allergens: legumes.
211,Jharkhand,Weight Gain,Breakfast,"Chilka Roti (Traditional, Generous Serve)",182,6,26,6,3,High,High,High,"Legumes, Mustard","rice flour,besan,spices,mustard oil,chicken,spices",Non-Vegetarian,Chicken,Prepare the chilka roti in a richer traditional style and serve a full portion with roti or chokha. Use enough cooking fat for calorie density while keeping the dish balanced.,20–30 min light strength training,Increase portions only if overall activity is adequate. Trim visible fat and keep portions moderate. Common allergens: legumes.
212,Jharkhand,Weight Gain,Breakfast,Chilka Roti + Mutton Liver Fry,600,20,85,20,5,Medium,Medium,High,Safe,"Rice, Chana Dal, Mutton Liver",Non-Vegetarian,Mutton,Pan-fry the liver in mustard oil and serve with rice crepes.,30 mins weight lifting,High in cholesterol
213,Jharkhand,Weight Gain,Breakfast,"Dhuska (Hearty, Generous Serve)",251,7,29,10,3,Low,High,High,"Legumes, Mustard, Rice","rice flour,urad dal,spices,mustard oil,chicken,spices",Non-Vegetarian,Chicken,Prepare the dhuska in a richer traditional style and serve a full portion with roti or chokha. Use enough cooking fat for calorie density while keeping the dish balanced.,20–30 min light strength training,"Increase portions only if overall activity is adequate. Trim visible fat and keep portions moderate. Common allergens: rice,legumes."
214,Jharkhand,Weight Gain,Breakfast,"Dhuska (Stuffed, Full Portion)",251,7,29,10,3,Medium,Medium,Medium,"Legumes, Mustard, Rice","rice flour,urad dal,spices,mustard oil,chicken,spices",Non-Vegetarian,Chicken,Prepare the dhuska in a richer traditional style and serve a full portion with roti or chokha. Use enough cooking fat for calorie density while keeping the dish balanced.,20–30 min light strength training,"Increase portions only if overall activity is adequate. Trim visible fat and keep portions moderate. Common allergens: rice,legumes."
215,Jharkhand,Weight Gain,Breakfast,"Dhuska (Traditional, Extra Serving)",251,7,29,10,3,Low,High,High,"Legumes, Mustard, Rice","rice flour,urad dal,spices,mustard oil,chicken,spices",Non-Vegetarian,Chicken,Prepare the dhuska in a richer traditional style and serve a full portion with roti or chokha. Use enough cooking fat for calorie density while keeping the dish balanced.,20–30 min light strength training,"Increase portions only if overall activity is adequate. Trim visible fat and keep portions moderate. Common allergens: rice,legumes."
216,Jharkhand,Weight Gain,Breakfast,"Khapada Roti (Hearty, Extra Serving)",224,6,34,5,4,High,High,High,"Gluten, Mustard","whole wheat flour,mustard oil,water,spices,goat meat,spices",Non-Vegetarian,Mutton,Prepare the khapada roti in a richer traditional style and serve a full portion with roti or chokha. Use enough cooking fat for calorie density while keeping the dish balanced.,20–30 min light strength training,Increase portions only if overall activity is adequate. Trim visible fat and keep portions moderate. Common allergens: gluten.
217,Jharkhand,Weight Gain,Breakfast,"Khapada Roti (Rich, Full Portion)",224,6,34,5,4,Low,Low,Low,"Gluten, Mustard","whole wheat flour,mustard oil,water,spices,goat meat,spices",Non-Vegetarian,Mutton,Prepare the khapada roti in a richer traditional style and serve a full portion with roti or chokha. Use enough cooking fat for calorie density while keeping the dish balanced.,20–30 min light strength training,Increase portions only if overall activity is adequate. Trim visible fat and keep portions moderate. Common allergens: gluten.
218,Jharkhand,Weight Gain,Breakfast,"Khapada Roti (Stuffed, Generous Serve)",224,6,34,5,4,Medium,Medium,Medium,"Gluten, Mustard","whole wheat flour,mustard oil,water,spices,goat meat,spices",Non-Vegetarian,Mutton,Prepare the khapada roti in a richer traditional style and serve a full portion with roti or chokha. Use enough cooking fat for calorie density while keeping the dish balanced.,20–30 min light strength training,Increase portions only if overall activity is adequate. Trim visible fat and keep portions moderate. Common allergens: gluten.
219,Jharkhand,Weight Gain,Breakfast,"Litti-Chokha (Rich, Extra Serving)",274,10,36,10,5,Low,Low,Low,"Gluten, Mustard","whole wheat flour,sattu,mustard oil,brinjal,tomato,potato,spices,chicken,spices",Non-Vegetarian,Chicken,Prepare the litti-chokha in a richer traditional style and serve a full portion with roti or chokha. Use enough cooking fat for calorie density while keeping the dish balanced.,20–30 min light strength training,Increase portions only if overall activity is adequate. Trim visible fat and keep portions moderate. Common allergens: gluten.
220,Jharkhand,Weight Gain,Breakfast,"Litti-Chokha (Stuffed, Hearty Plate)",274,10,36,10,5,Medium,Medium,Medium,"Gluten, Mustard","whole wheat flour,sattu,mustard oil,brinjal,tomato,potato,spices,chicken,spices",Non-Vegetarian,Chicken,Prepare the litti-chokha in a richer traditional style and serve a full portion with roti or chokha. Use enough cooking fat for calorie density while keeping the dish balanced.,20–30 min light strength training,Increase portions only if overall activity is adequate. Trim visible fat and keep portions moderate. Common allergens: gluten.
221,Jharkhand,Weight Gain,Breakfast,"Litti-Chokha (Traditional, Full Portion)",274,10,36,10,5,High,High,High,"Gluten, Mustard","whole wheat flour,sattu,mustard oil,brinjal,tomato,potato,spices,chicken,spices",Non-Vegetarian,Chicken,Prepare the litti-chokha in a richer traditional style and serve a full portion with roti or chokha. Use enough cooking fat for calorie density while keeping the dish balanced.,20–30 min light strength training,Increase portions only if overall activity is adequate. Trim visible fat and keep portions moderate. Common allergens: gluten.
222,Jharkhand,Weight Gain,Breakfast,"Sattu Paratha (Hearty, Hearty Plate)",304,10,34,10,5,High,High,High,"Gluten, Legumes, Mustard","whole wheat flour,sattu,spices,mustard oil,chicken,spices",Non-Vegetarian,Chicken,Prepare the sattu paratha in a richer traditional style and serve a full portion with roti or chokha. Use enough cooking fat for calorie density while keeping the dish balanced.,20–30 min light strength training,"Increase portions only if overall activity is adequate. Trim visible fat and keep portions moderate. Common allergens: gluten,legumes."
223,Jharkhand,Weight Gain,Breakfast,"Sattu Paratha (Mild, Local Style)",304,10,34,10,5,Low,Low,Low,"Gluten, Legumes, Mustard","whole wheat flour,sattu,spices,mustard oil,chicken,spices",Non-Vegetarian,Chicken,Prepare the sattu paratha in a richer traditional style and serve a full portion with roti or chokha. Use enough cooking fat for calorie density while keeping the dish balanced.,20–30 min light strength training,"Increase portions only if overall activity is adequate. Trim visible fat and keep portions moderate. Common allergens: gluten,legumes."
224,Jharkhand,Weight Gain,Breakfast,"Sattu Paratha (Stuffed, Extra Serving)",304,10,34,10,5,Medium,Medium,Medium,"Gluten, Legumes, Mustard","whole wheat flour,sattu,spices,mustard oil,chicken,spices",Non-Vegetarian,Chicken,Prepare the sattu paratha in a richer traditional style and serve a full portion with roti or chokha. Use enough cooking fat for calorie density while keeping the dish balanced.,20–30 min light strength training,"Increase portions only if overall activity is adequate. Trim visible fat and keep portions moderate. Common allergens: gluten,legumes."
225,Jharkhand,Weight Gain,Breakfast,"Arsa (Rich, Extra Serving)",224,3,34,6,1,High,Low,Low,"Mustard, Rice, Sesame","rice flour,jaggery,sesame,mustard oil",Vegan,,"Cook the arsa in a richer traditional style and serve a fuller portion. Add a complementary side such as chokha, dal, or jaggery-based accompaniment where suitable.",20–30 min light strength training,Increase portions only if overall activity is adequate. Keep the recipe fully plant-based and avoid ghee or dairy. Common allergens: rice.
226,Jharkhand,Weight Gain,Breakfast,"Arsa (Traditional, Full Portion)",224,3,34,6,1,High,High,High,"Mustard, Rice, Sesame","rice flour,jaggery,sesame,mustard oil",Vegan,,"Cook the arsa in a richer traditional style and serve a fuller portion. Add a complementary side such as chokha, dal, or jaggery-based accompaniment where suitable.",20–30 min light strength training,Increase portions only if overall activity is adequate. Keep the recipe fully plant-based and avoid ghee or dairy. Common allergens: rice.
227,Jharkhand,Weight Gain,Breakfast,"Chana Dal Puri (Hearty, Extra Serving)",290,8,34,10,4,Low,High,High,"Gluten, Legumes, Mustard","whole wheat flour,chana dal,spices,mustard oil",Vegan,,"Cook the chana dal puri in a richer traditional style and serve a fuller portion. Add a complementary side such as chokha, dal, or jaggery-based accompaniment where suitable.",20–30 min light strength training,"Increase portions only if overall activity is adequate. Keep the recipe fully plant-based and avoid ghee or dairy. Common allergens: gluten,legumes."
228,Jharkhand,Weight Gain,Breakfast,"Chana Dal Puri (Rich, Full Portion)",290,8,34,10,4,Low,Low,Low,"Gluten, Legumes, Mustard","whole wheat flour,chana dal,spices,mustard oil",Vegan,,"Cook the chana dal puri in a richer traditional style and serve a fuller portion. Add a complementary side such as chokha, dal, or jaggery-based accompaniment where suitable.",20–30 min light strength training,"Increase portions only if overall activity is adequate. Keep the recipe fully plant-based and avoid ghee or dairy. Common allergens: gluten,legumes."
229,Jharkhand,Weight Gain,Breakfast,"Chilka Roti (Stuffed, Hearty Plate)",182,6,26,6,3,Medium,Medium,Medium,"Legumes, Mustard","rice flour,besan,spices,mustard oil",Vegan,,"Cook the chilka roti in a richer traditional style and serve a fuller portion. Add a complementary side such as chokha, dal, or jaggery-based accompaniment where suitable.",20–30 min light strength training,Increase portions only if overall activity is adequate. Keep the recipe fully plant-based and avoid ghee or dairy. Common allergens: legumes.
230,Jharkhand,Weight Gain,Breakfast,"Dhuska (Stuffed, Extra Serving)",251,7,29,10,3,Medium,Medium,Medium,"Legumes, Mustard, Rice","rice flour,urad dal,spices,mustard oil",Vegan,,"Cook the dhuska in a richer traditional style and serve a fuller portion. Add a complementary side such as chokha, dal, or jaggery-based accompaniment where suitable.",20–30 min light strength training,"Increase portions only if overall activity is adequate. Keep the recipe fully plant-based and avoid ghee or dairy. Common allergens: rice,legumes."
231,Jharkhand,Weight Gain,Breakfast,"Khaja (Stuffed, Full Portion)",264,3,36,10,1,Medium,Medium,Medium,"Gluten, Mustard, Sesame","refined flour,jaggery,sugar,sesame,mustard oil",Vegan,,"Cook the khaja in a richer traditional style and serve a fuller portion. Add a complementary side such as chokha, dal, or jaggery-based accompaniment where suitable.",20–30 min light strength training,Increase portions only if overall activity is adequate. Keep the recipe fully plant-based and avoid ghee or dairy. Common allergens: gluten.
232,Jharkhand,Weight Gain,Breakfast,"Khaja (Traditional, Extra Serving)",264,3,36,10,1,High,High,High,"Gluten, Mustard, Sesame","refined flour,jaggery,sugar,sesame,mustard oil",Vegan,,"Cook the khaja in a richer traditional style and serve a fuller portion. Add a complementary side such as chokha, dal, or jaggery-based accompaniment where suitable.",20–30 min light strength training,Increase portions only if overall activity is adequate. Keep the recipe fully plant-based and avoid ghee or dairy. Common allergens: gluten.
233,Jharkhand,Weight Gain,Breakfast,"Litti-Chokha (Hearty, Full Portion)",270,9,36,10,5,Medium,Medium,Medium,"Gluten, Mustard","whole wheat flour,sattu,mustard oil,brinjal,tomato,potato,spices",Vegan,,"Cook the litti-chokha in a richer traditional style and serve a fuller portion. Add a complementary side such as chokha, dal, or jaggery-based accompaniment where suitable.",20–30 min light strength training,Increase portions only if overall activity is adequate. Keep the recipe fully plant-based and avoid ghee or dairy. Common allergens: gluten.
234,Jharkhand,Weight Gain,Breakfast,"Mitha Pitha (Rich, Hearty Plate)",218,5,36,6,2,High,Medium,Medium,"Rice, Sesame","rice flour,jaggery,sesame",Vegan,,"Cook the mitha pitha in a richer traditional style and serve a fuller portion. Add a complementary side such as chokha, dal, or jaggery-based accompaniment where suitable.",20–30 min light strength training,Increase portions only if overall activity is adequate. Keep the recipe fully plant-based and avoid ghee or dairy. Common allergens: rice.
235,Jharkhand,Weight Gain,Breakfast,"Mitha Pitha (Traditional, Generous Serve)",218,5,36,6,2,High,High,High,"Rice, Sesame","rice flour,jaggery,sesame",Vegan,,"Cook the mitha pitha in a richer traditional style and serve a fuller portion. Add a complementary side such as chokha, dal, or jaggery-based accompaniment where suitable.",20–30 min light strength training,Increase portions only if overall activity is adequate. Keep the recipe fully plant-based and avoid ghee or dairy. Common allergens: rice.
236,Jharkhand,Weight Gain,Breakfast,"Sattu Paratha (Hearty, Generous Serve)",262,9,34,10,5,High,High,High,"Gluten, Legumes, Mustard","whole wheat flour,sattu,spices,mustard oil",Vegan,,"Cook the sattu paratha in a richer traditional style and serve a fuller portion. Add a complementary side such as chokha, dal, or jaggery-based accompaniment where suitable.",20–30 min light strength training,"Increase portions only if overall activity is adequate. Keep the recipe fully plant-based and avoid ghee or dairy. Common allergens: gluten,legumes."
237,Jharkhand,Weight Gain,Breakfast,"Thekua (Hearty, Hearty Plate)",238,3,29,10,2,High,High,High,"Gluten, Mustard, Sesame","whole wheat flour,jaggery,sesame,mustard oil",Vegan,,"Cook the thekua in a richer traditional style and serve a fuller portion. Add a complementary side such as chokha, dal, or jaggery-based accompaniment where suitable.",20–30 min light strength training,Increase portions only if overall activity is adequate. Keep the recipe fully plant-based and avoid ghee or dairy. Common allergens: gluten.
238,Jharkhand,Weight Gain,Breakfast,"Thekua (Rich, Generous Serve)",238,3,29,10,2,High,Low,Low,"Gluten, Mustard, Sesame","whole wheat flour,jaggery,sesame,mustard oil",Vegan,,"Cook the thekua in a richer traditional style and serve a fuller portion. Add a complementary side such as chokha, dal, or jaggery-based accompaniment where suitable.",20–30 min light strength training,Increase portions only if overall activity is adequate. Keep the recipe fully plant-based and avoid ghee or dairy. Common allergens: gluten.
239,Jharkhand,Weight Gain,Breakfast,"Til Barfi (Stuffed, Generous Serve)",238,5,22,13,2,Medium,Medium,Medium,"Mustard, Nuts, Sesame","sesame,jaggery,mustard oil",Vegan,,"Cook the til barfi in a richer traditional style and serve a fuller portion. Add a complementary side such as chokha, dal, or jaggery-based accompaniment where suitable.",20–30 min light strength training,"Increase portions only if overall activity is adequate. Keep the recipe fully plant-based and avoid ghee or dairy. Common allergens: sesame,nuts."
240,Jharkhand,Weight Gain,Breakfast,"Til Barfi (Traditional, Hearty Plate)",238,5,22,13,2,High,High,High,"Mustard, Nuts, Sesame","sesame,jaggery,mustard oil",Vegan,,"Cook the til barfi in a richer traditional style and serve a fuller portion. Add a complementary side such as chokha, dal, or jaggery-based accompaniment where suitable.",20–30 min light strength training,"Increase portions only if overall activity is adequate. Keep the recipe fully plant-based and avoid ghee or dairy. Common allergens: sesame,nuts."
241,Jharkhand,Weight Gain,Lunch,"Aloo Chokha (Rich, Hearty Plate)",165,3,22,5,3,Low,Medium,Medium,Mustard,"potato,onion,green chilli,mustard oil,spices",Vegetarian,,"Cook the aloo chokha in a richer traditional style and serve a fuller portion. Add a complementary side such as chokha, dal, or jaggery-based accompaniment where suitable.",20–30 min light strength training,Increase portions only if overall activity is adequate.
242,Jharkhand,Weight Gain,Lunch,"Bamboo Shoot Sabzi (Rich, Extra Serving)",92,3,11,4,4,Low,Low,Low,Mustard,"bamboo shoot,onion,garlic,mustard oil,spices",Vegetarian,,"Cook the bamboo shoot sabzi in a richer traditional style and serve a fuller portion. Add a complementary side such as chokha, dal, or jaggery-based accompaniment where suitable.",20–30 min light strength training,Increase portions only if overall activity is adequate.
243,Jharkhand,Weight Gain,Lunch,"Bhaji Sag (Stuffed, Full Portion)",112,5,14,4,4,Medium,Medium,Medium,Mustard,"leafy greens,onion,garlic,mustard oil,spices",Vegetarian,,"Cook the bhaji sag in a richer traditional style and serve a fuller portion. Add a complementary side such as chokha, dal, or jaggery-based accompaniment where suitable.",20–30 min light strength training,Increase portions only if overall activity is adequate.
244,Jharkhand,Weight Gain,Lunch,Brown Rice + Urad Dal (Ghee Tadka) + Rugra Curry,800,30,110,26,12,Medium,Medium,Medium,Dairy,"Brown Rice, Black Gram, Mushroom, Ghee",Vegetarian,,Add a heavy ghee and cumin tadka to the Urad dal.,45 mins strength training,Heavy to digest
245,Jharkhand,Weight Gain,Lunch,"Dal Pitha (Stuffed, Hearty Plate)",226,9,34,6,4,Medium,Medium,Medium,"Gluten, Legumes, Mustard","rice flour,urad dal,chana dal,spices,mustard oil",Vegetarian,,"Cook the dal pitha in a richer traditional style and serve a fuller portion. Add a complementary side such as chokha, dal, or jaggery-based accompaniment where suitable.",20–30 min light strength training,"Increase portions only if overall activity is adequate. Common allergens: gluten,legumes."
246,Jharkhand,Weight Gain,Lunch,"Dubki (Hearty, Generous Serve)",161,7,22,5,5,Low,High,High,"Legumes, Mustard","chana dal/urad dal,spices,mustard oil,garlic",Vegetarian,,"Cook the dubki in a richer traditional style and serve a fuller portion. Add a complementary side such as chokha, dal, or jaggery-based accompaniment where suitable.",20–30 min light strength training,Increase portions only if overall activity is adequate. Common allergens: legumes.
247,Jharkhand,Weight Gain,Lunch,"Khapada Roti (Classic, Single Plate)",234,6,34,5,4,Medium,Medium,Medium,"Gluten, Mustard","whole wheat flour,mustard oil,water,spices",Vegetarian,,"Cook the khapada roti in a richer traditional style and serve a fuller portion. Add a complementary side such as chokha, dal, or jaggery-based accompaniment where suitable.",20–30 min light strength training,Increase portions only if overall activity is adequate. Common allergens: gluten.
248,Jharkhand,Weight Gain,Lunch,"Koinar Sag (Hearty, Full Portion)",104,5,12,4,4,Medium,Medium,Medium,Mustard,"koinar leaves,onion,garlic,mustard oil,spices",Vegetarian,,"Cook the koinar sag in a richer traditional style and serve a fuller portion. Add a complementary side such as chokha, dal, or jaggery-based accompaniment where suitable.",20–30 min light strength training,Increase portions only if overall activity is adequate.
249,Jharkhand,Weight Gain,Lunch,"Kudurum Ki Chatni (Stuffed, Extra Serving)",41,1,7,1,2,Medium,Medium,Medium,Mustard,"kudurum berries,green chilli,garlic,salt,mustard oil",Vegetarian,,"Cook the kudurum ki chatni in a richer traditional style and serve a fuller portion. Add a complementary side such as chokha, dal, or jaggery-based accompaniment where suitable.",20–30 min light strength training,Increase portions only if overall activity is adequate.
250,Jharkhand,Weight Gain,Lunch,"Kurthi Dal (Hearty, Hearty Plate)",190,10,24,6,7,Low,High,High,"Legumes, Mustard","kurthi dal,garlic,ginger,cumin,mustard oil",Vegetarian,,"Cook the kurthi dal in a richer traditional style and serve a fuller portion. Add a complementary side such as chokha, dal, or jaggery-based accompaniment where suitable.",20–30 min light strength training,Increase portions only if overall activity is adequate. Common allergens: legumes.
251,Jharkhand,Weight Gain,Lunch,"Kurthi Dal (Rich, Full Portion)",190,10,24,6,7,Low,Low,Low,"Legumes, Mustard","kurthi dal,garlic,ginger,cumin,mustard oil",Vegetarian,,"Cook the kurthi dal in a richer traditional style and serve a fuller portion. Add a complementary side such as chokha, dal, or jaggery-based accompaniment where suitable.",20–30 min light strength training,Increase portions only if overall activity is adequate. Common allergens: legumes.
252,Jharkhand,Weight Gain,Lunch,"Rugdha (Rich, Generous Serve)",109,6,10,5,3,Low,Low,Low,Mustard,"rugdha mushroom,onion,garlic,mustard oil,spices",Vegetarian,,"Cook the rugdha in a richer traditional style and serve a fuller portion. Add a complementary side such as chokha, dal, or jaggery-based accompaniment where suitable.",20–30 min light strength training,Increase portions only if overall activity is adequate.
253,Jharkhand,Weight Gain,Lunch,"Rugdha (Traditional, Full Portion)",109,6,10,5,3,High,High,High,Mustard,"rugdha mushroom,onion,garlic,mustard oil,spices",Vegetarian,,"Cook the rugdha in a richer traditional style and serve a fuller portion. Add a complementary side such as chokha, dal, or jaggery-based accompaniment where suitable.",20–30 min light strength training,Increase portions only if overall activity is adequate.
254,Jharkhand,Weight Gain,Lunch,"Udad Dal (Hearty, Extra Serving)",208,12,22,8,6,Low,High,High,"Legumes, Mustard","urad dal,ginger,garlic,cumin,mustard oil",Vegetarian,,"Cook the udad dal in a richer traditional style and serve a fuller portion. Add a complementary side such as chokha, dal, or jaggery-based accompaniment where suitable.",20–30 min light strength training,Increase portions only if overall activity is adequate. Common allergens: legumes.
255,Jharkhand,Weight Gain,Lunch,Usna Rice + Kurthi Dal + Fried Eggplant (Baigan Bhaja),800,30,110,26,12,High,Medium,Medium,Egg,"Parboiled Rice, Horsegram, Eggplant, Oil",Vegetarian,,Slice and shallow fry the eggplant in abundant mustard oil.,45 mins strength training,Eggplant absorbs high oil
256,Jharkhand,Weight Gain,Lunch,Wheat Roti + Chana Dal + Paneer/Putu Curry,800,30,110,26,10,Medium,Medium,Medium,"Dairy, Gluten","Wheat, Bengal Gram, Paneer, Mushroom",Vegetarian,,Cook the mushroom/paneer in a rich cashew and oil gravy.,45 mins strength training,No specific warning
257,Jharkhand,Weight Gain,Lunch,"Aloo Chokha (Rich, Generous Serve)",165,4,22,5,3,Low,Low,Low,Mustard,"potato,onion,green chilli,mustard oil,spices,chicken,spices",Non-Vegetarian,Chicken,Prepare the aloo chokha in a richer traditional style and serve a full portion with roti or chokha. Use enough cooking fat for calorie density while keeping the dish balanced.,20–30 min light strength training,Increase portions only if overall activity is adequate. Trim visible fat and keep portions moderate.
258,Jharkhand,Weight Gain,Lunch,"Aloo Chokha (Stuffed, Hearty Plate)",165,4,22,5,3,Medium,Medium,Medium,Mustard,"potato,onion,green chilli,mustard oil,spices,chicken,spices",Non-Vegetarian,Chicken,Prepare the aloo chokha in a richer traditional style and serve a full portion with roti or chokha. Use enough cooking fat for calorie density while keeping the dish balanced.,20–30 min light strength training,Increase portions only if overall activity is adequate. Trim visible fat and keep portions moderate.
259,Jharkhand,Weight Gain,Lunch,"Chilka Roti (Stuffed, Generous Serve)",182,6,26,6,3,Medium,Medium,Medium,"Legumes, Mustard","rice flour,besan,spices,mustard oil,chicken,spices",Non-Vegetarian,Chicken,Prepare the chilka roti in a richer traditional style and serve a full portion with roti or chokha. Use enough cooking fat for calorie density while keeping the dish balanced.,20–30 min light strength training,Increase portions only if overall activity is adequate. Trim visible fat and keep portions moderate. Common allergens: legumes.
260,Jharkhand,Weight Gain,Lunch,"Desi Chicken Curry (Hearty, Full Portion)",344,29,6,18,0,Medium,Medium,Medium,Mustard,"chicken,onion,garlic,ginger,spices,mustard oil",Non-Vegetarian,Chicken,Prepare the desi chicken curry in a richer traditional style and serve a full portion with roti or chokha. Use enough cooking fat for calorie density while keeping the dish balanced.,20–30 min light strength training,Increase portions only if overall activity is adequate. Trim visible fat and keep portions moderate.
261,Jharkhand,Weight Gain,Lunch,"Desi Chicken Curry (Rich, Extra Serving)",344,29,6,18,0,Low,Low,Low,Mustard,"chicken,onion,garlic,ginger,spices,mustard oil",Non-Vegetarian,Chicken,Prepare the desi chicken curry in a richer traditional style and serve a full portion with roti or chokha. Use enough cooking fat for calorie density while keeping the dish balanced.,20–30 min light strength training,Increase portions only if overall activity is adequate. Trim visible fat and keep portions moderate.
262,Jharkhand,Weight Gain,Lunch,"Goat Meat Gravy (Hearty, Generous Serve)",413,29,5,25,0,High,High,High,Mustard,"goat meat,onion,garlic,ginger,spices,mustard oil",Non-Vegetarian,Mutton,Prepare the goat meat gravy in a richer traditional style and serve a full portion with roti or chokha. Use enough cooking fat for calorie density while keeping the dish balanced.,20–30 min light strength training,Increase portions only if overall activity is adequate. Trim visible fat and keep portions moderate.
263,Jharkhand,Weight Gain,Lunch,"Goat Meat Gravy (Rich, Hearty Plate)",413,29,5,25,0,Low,Medium,Medium,Mustard,"goat meat,onion,garlic,ginger,spices,mustard oil",Non-Vegetarian,Mutton,Prepare the goat meat gravy in a richer traditional style and serve a full portion with roti or chokha. Use enough cooking fat for calorie density while keeping the dish balanced.,20–30 min light strength training,Increase portions only if overall activity is adequate. Trim visible fat and keep portions moderate.
264,Jharkhand,Weight Gain,Lunch,Gondli Rice + Mangur Fish Curry + Beng Saag,800,30,110,26,9,Medium,Medium,Medium,Fish,"Little Millet, Mangur Fish, Beng Leaves",Non-Vegetarian,Fish,Use fatty Mangur fish cooked in mustard paste and oil.,45 mins strength training,Ensure fish is sourced clean
265,Jharkhand,Weight Gain,Lunch,"Khapada Roti (Light, House Style)",234,6,34,5,4,Low,Low,Low,"Gluten, Mustard","whole wheat flour,mustard oil,water,spices,goat meat,spices",Non-Vegetarian,Mutton,Prepare the khapada roti in a richer traditional style and serve a full portion with roti or chokha. Use enough cooking fat for calorie density while keeping the dish balanced.,20–30 min light strength training,Increase portions only if overall activity is adequate. Trim visible fat and keep portions moderate. Common allergens: gluten.
266,Jharkhand,Weight Gain,Lunch,"Khapada Roti (Stuffed, Extra Serving)",234,6,34,5,4,Medium,Medium,Medium,"Gluten, Mustard","whole wheat flour,mustard oil,water,spices,goat meat,spices",Non-Vegetarian,Mutton,Prepare the khapada roti in a richer traditional style and serve a full portion with roti or chokha. Use enough cooking fat for calorie density while keeping the dish balanced.,20–30 min light strength training,Increase portions only if overall activity is adequate. Trim visible fat and keep portions moderate. Common allergens: gluten.
267,Jharkhand,Weight Gain,Lunch,"Litti-Chokha (Hearty, Extra Serving)",274,10,36,10,5,High,High,High,"Gluten, Mustard","whole wheat flour,sattu,mustard oil,brinjal,tomato,potato,spices,chicken,spices",Non-Vegetarian,Chicken,Prepare the litti-chokha in a richer traditional style and serve a full portion with roti or chokha. Use enough cooking fat for calorie density while keeping the dish balanced.,20–30 min light strength training,Increase portions only if overall activity is adequate. Trim visible fat and keep portions moderate. Common allergens: gluten.
268,Jharkhand,Weight Gain,Lunch,"Litti-Chokha (Stuffed, Full Portion)",274,10,36,10,5,Medium,Medium,Medium,"Gluten, Mustard","whole wheat flour,sattu,mustard oil,brinjal,tomato,potato,spices,chicken,spices",Non-Vegetarian,Chicken,Prepare the litti-chokha in a richer traditional style and serve a full portion with roti or chokha. Use enough cooking fat for calorie density while keeping the dish balanced.,20–30 min light strength training,Increase portions only if overall activity is adequate. Trim visible fat and keep portions moderate. Common allergens: gluten.
269,Jharkhand,Weight Gain,Lunch,Makai Roti + Khashi (Mutton) Curry + Kohnda,800,30,110,26,10,Medium,Medium,High,Safe,"Cornmeal, Mutton, Pumpkin",Non-Vegetarian,Mutton,"Slow cook the mutton with its fat intact for a heavy, mass-gaining meal.",45 mins strength training,High saturated fat
270,Jharkhand,Weight Gain,Lunch,Usna Rice + Desi Murgh + Koinar Saag (Ghee),800,30,110,26,9,Medium,Medium,Medium,Dairy,"Parboiled Rice, Chicken, Koinar Leaves, Ghee",Non-Vegetarian,Chicken,Add generous ghee to the saag and chicken broth.,45 mins strength training,Monitor lipid profile
271,Jharkhand,Weight Gain,Lunch,Usna Rice + Desi Murgh Jhor (With Skin) + Aloo Bhujia,800,30,110,26,9,High,Medium,Medium,Mustard,"Parboiled Rice, Chicken, Potato, Mustard Oil",Non-Vegetarian,Chicken,Keep the skin on the local chicken for extra fat. Deep fry the Aloo Bhujia.,45 mins strength training,Monitor lipid profile
272,Jharkhand,Weight Gain,Lunch,Usna Rice + Rohu Fish Fry + Koinar Saag,800,30,110,26,11,Medium,Medium,Medium,"Fish, Mustard","Parboiled Rice, Rohu Fish, Mustard Oil, Koinar Leaves",Non-Vegetarian,Fish,Deep fry the Rohu fish steaks in mustard oil before adding to the meal.,45 mins strength training,Watch for bones
273,Jharkhand,Weight Gain,Lunch,"Aloo Chokha (Rustic, Local Style)",165,3,22,5,3,Low,Low,Low,Mustard,"potato,onion,green chilli,mustard oil,spices",Vegan,,"Cook the aloo chokha in a richer traditional style and serve a fuller portion. Add a complementary side such as chokha, dal, or jaggery-based accompaniment where suitable.",20–30 min light strength training,Increase portions only if overall activity is adequate. Keep the recipe fully plant-based and avoid ghee or dairy.
274,Jharkhand,Weight Gain,Lunch,"Aloo Chokha (Traditional, Full Portion)",165,3,22,5,3,High,High,High,Mustard,"potato,onion,green chilli,mustard oil,spices",Vegan,,"Cook the aloo chokha in a richer traditional style and serve a fuller portion. Add a complementary side such as chokha, dal, or jaggery-based accompaniment where suitable.",20–30 min light strength training,Increase portions only if overall activity is adequate. Keep the recipe fully plant-based and avoid ghee or dairy.
275,Jharkhand,Weight Gain,Lunch,"Bamboo Shoot Sabzi (Hearty, Hearty Plate)",92,3,11,4,4,High,High,High,Mustard,"bamboo shoot,onion,garlic,mustard oil,spices",Vegan,,"Cook the bamboo shoot sabzi in a richer traditional style and serve a fuller portion. Add a complementary side such as chokha, dal, or jaggery-based accompaniment where suitable.",20–30 min light strength training,Increase portions only if overall activity is adequate. Keep the recipe fully plant-based and avoid ghee or dairy.
276,Jharkhand,Weight Gain,Lunch,"Bamboo Shoot Sabzi (Rich, Full Portion)",92,3,11,4,4,Low,Low,Low,Mustard,"bamboo shoot,onion,garlic,mustard oil,spices",Vegan,,"Cook the bamboo shoot sabzi in a richer traditional style and serve a fuller portion. Add a complementary side such as chokha, dal, or jaggery-based accompaniment where suitable.",20–30 min light strength training,Increase portions only if overall activity is adequate. Keep the recipe fully plant-based and avoid ghee or dairy.
277,Jharkhand,Weight Gain,Lunch,"Bhaji Sag (Rich, Extra Serving)",112,5,14,4,4,Low,Low,Low,Mustard,"leafy greens,onion,garlic,mustard oil,spices",Vegan,,"Cook the bhaji sag in a richer traditional style and serve a fuller portion. Add a complementary side such as chokha, dal, or jaggery-based accompaniment where suitable.",20–30 min light strength training,Increase portions only if overall activity is adequate. Keep the recipe fully plant-based and avoid ghee or dairy.
278,Jharkhand,Weight Gain,Lunch,"Bhaji Sag (Traditional, Generous Serve)",112,5,14,4,4,High,High,High,Mustard,"leafy greens,onion,garlic,mustard oil,spices",Vegan,,"Cook the bhaji sag in a richer traditional style and serve a fuller portion. Add a complementary side such as chokha, dal, or jaggery-based accompaniment where suitable.",20–30 min light strength training,Increase portions only if overall activity is adequate. Keep the recipe fully plant-based and avoid ghee or dairy.
279,Jharkhand,Weight Gain,Lunch,"Dal Pitha (Stuffed, Generous Serve)",226,9,34,6,4,Medium,Medium,Medium,"Gluten, Legumes, Mustard","rice flour,urad dal,chana dal,spices,mustard oil",Vegan,,"Cook the dal pitha in a richer traditional style and serve a fuller portion. Add a complementary side such as chokha, dal, or jaggery-based accompaniment where suitable.",20–30 min light strength training,"Increase portions only if overall activity is adequate. Keep the recipe fully plant-based and avoid ghee or dairy. Common allergens: gluten,legumes."
280,Jharkhand,Weight Gain,Lunch,"Dubki (Stuffed, Hearty Plate)",161,7,22,5,5,Medium,Medium,Medium,"Legumes, Mustard","chana dal/urad dal,spices,mustard oil,garlic",Vegan,,"Cook the dubki in a richer traditional style and serve a fuller portion. Add a complementary side such as chokha, dal, or jaggery-based accompaniment where suitable.",20–30 min light strength training,Increase portions only if overall activity is adequate. Keep the recipe fully plant-based and avoid ghee or dairy. Common allergens: legumes.
281,Jharkhand,Weight Gain,Lunch,"Khapada Roti (Rich, Hearty Plate)",234,6,34,5,4,Low,Medium,Medium,"Gluten, Mustard","whole wheat flour,mustard oil,water,spices",Vegan,,"Cook the khapada roti in a richer traditional style and serve a fuller portion. Add a complementary side such as chokha, dal, or jaggery-based accompaniment where suitable.",20–30 min light strength training,Increase portions only if overall activity is adequate. Keep the recipe fully plant-based and avoid ghee or dairy. Common allergens: gluten.
282,Jharkhand,Weight Gain,Lunch,"Khapada Roti (Traditional, Extra Serving)",234,6,34,5,4,High,High,High,"Gluten, Mustard","whole wheat flour,mustard oil,water,spices",Vegan,,"Cook the khapada roti in a richer traditional style and serve a fuller portion. Add a complementary side such as chokha, dal, or jaggery-based accompaniment where suitable.",20–30 min light strength training,Increase portions only if overall activity is adequate. Keep the recipe fully plant-based and avoid ghee or dairy. Common allergens: gluten.
283,Jharkhand,Weight Gain,Lunch,"Koinar Sag (Stuffed, Extra Serving)",104,5,12,4,4,Medium,Medium,Medium,Mustard,"koinar leaves,onion,garlic,mustard oil,spices",Vegan,,"Cook the koinar sag in a richer traditional style and serve a fuller portion. Add a complementary side such as chokha, dal, or jaggery-based accompaniment where suitable.",20–30 min light strength training,Increase portions only if overall activity is adequate. Keep the recipe fully plant-based and avoid ghee or dairy.
284,Jharkhand,Weight Gain,Lunch,"Kudurum Ki Chatni (Stuffed, Full Portion)",41,1,7,1,2,Medium,Medium,Medium,Mustard,"kudurum berries,green chilli,garlic,salt,mustard oil",Vegan,,"Cook the kudurum ki chatni in a richer traditional style and serve a fuller portion. Add a complementary side such as chokha, dal, or jaggery-based accompaniment where suitable.",20–30 min light strength training,Increase portions only if overall activity is adequate. Keep the recipe fully plant-based and avoid ghee or dairy.
285,Jharkhand,Weight Gain,Lunch,"Kudurum Ki Chatni (Traditional, Hearty Plate)",41,1,7,1,2,High,High,High,Mustard,"kudurum berries,green chilli,garlic,salt,mustard oil",Vegan,,"Cook the kudurum ki chatni in a richer traditional style and serve a fuller portion. Add a complementary side such as chokha, dal, or jaggery-based accompaniment where suitable.",20–30 min light strength training,Increase portions only if overall activity is adequate. Keep the recipe fully plant-based and avoid ghee or dairy.
286,Jharkhand,Weight Gain,Lunch,"Kurthi Dal (Hearty, Generous Serve)",190,10,24,6,7,Low,High,High,"Legumes, Mustard","kurthi dal,garlic,ginger,cumin,mustard oil",Vegan,,"Cook the kurthi dal in a richer traditional style and serve a fuller portion. Add a complementary side such as chokha, dal, or jaggery-based accompaniment where suitable.",20–30 min light strength training,Increase portions only if overall activity is adequate. Keep the recipe fully plant-based and avoid ghee or dairy. Common allergens: legumes.
287,Jharkhand,Weight Gain,Lunch,"Rugdha (Hearty, Extra Serving)",109,6,10,5,3,High,High,High,Mustard,"rugdha mushroom,onion,garlic,mustard oil,spices",Vegan,,"Cook the rugdha in a richer traditional style and serve a fuller portion. Add a complementary side such as chokha, dal, or jaggery-based accompaniment where suitable.",20–30 min light strength training,Increase portions only if overall activity is adequate. Keep the recipe fully plant-based and avoid ghee or dairy.
288,Jharkhand,Weight Gain,Lunch,"Udad Dal (Hearty, Full Portion)",204,11,22,8,6,Medium,Medium,Medium,"Legumes, Mustard","urad dal,ginger,garlic,cumin,mustard oil",Vegan,,"Cook the udad dal in a richer traditional style and serve a fuller portion. Add a complementary side such as chokha, dal, or jaggery-based accompaniment where suitable.",20–30 min light strength training,Increase portions only if overall activity is adequate. Keep the recipe fully plant-based and avoid ghee or dairy. Common allergens: legumes.
289,Jharkhand,Weight Gain,Snack,"Arsa (Hearty, Full Portion)",199,3,34,6,1,Medium,Medium,Medium,"Mustard, Rice, Sesame","rice flour,jaggery,sesame,mustard oil",Vegetarian,,"Cook the arsa in a richer traditional style and serve a fuller portion. Add a complementary side such as chokha, dal, or jaggery-based accompaniment where suitable.",20–30 min light strength training,Increase portions only if overall activity is adequate. Common allergens: rice.
290,Jharkhand,Weight Gain,Snack,"Arsa (Rich, Full Portion)",199,3,34,6,1,High,Low,Low,"Mustard, Rice, Sesame","rice flour,jaggery,sesame,mustard oil",Vegetarian,,"Cook the arsa in a richer traditional style and serve a fuller portion. Add a complementary side such as chokha, dal, or jaggery-based accompaniment where suitable.",20–30 min light strength training,Increase portions only if overall activity is adequate. Common allergens: rice.
291,Jharkhand,Weight Gain,Snack,"Chana Dal Puri (Stuffed, Full Portion)",257,8,34,10,4,Medium,Medium,Medium,"Gluten, Legumes, Mustard","whole wheat flour,chana dal,spices,mustard oil",Vegetarian,,"Cook the chana dal puri in a richer traditional style and serve a fuller portion. Add a complementary side such as chokha, dal, or jaggery-based accompaniment where suitable.",20–30 min light strength training,"Increase portions only if overall activity is adequate. Common allergens: gluten,legumes."
292,Jharkhand,Weight Gain,Snack,"Dhuska (Rich, Extra Serving)",222,7,29,10,3,High,Low,Low,"Legumes, Mustard, Rice","rice flour,urad dal,spices,mustard oil",Vegetarian,,"Cook the dhuska in a richer traditional style and serve a fuller portion. Add a complementary side such as chokha, dal, or jaggery-based accompaniment where suitable.",20–30 min light strength training,"Increase portions only if overall activity is adequate. Common allergens: rice,legumes."
293,Jharkhand,Weight Gain,Snack,Dudhauri (Rice Milk Sweet),400,15,50,15,2,High,Low,Medium,Dairy,"Rice, Milk, Ghee, Sugar",Vegetarian,,Fry the milk-soaked rice balls in ghee.,Rest or light stretching,Very rich
294,Jharkhand,Weight Gain,Snack,Fried Charpa (Dal Fritters),400,15,50,15,5,Medium,Medium,Medium,Safe,"Chana Dal, Oil",Vegetarian,,Deep fry the dal paste instead of steaming it.,Rest or light stretching,Oily
295,Jharkhand,Weight Gain,Snack,Gulgula (Sweet Wheat Fritters),400,15,50,15,4,High,Medium,Medium,Gluten,"Wheat, Jaggery, Oil",Vegetarian,,Deep fry the sweetened wheat dough balls.,Rest or light stretching,Eat in moderation
296,Jharkhand,Weight Gain,Snack,"Khaja (Stuffed, Hearty Plate)",234,3,36,10,1,Medium,Medium,Medium,"Gluten, Mustard, Sesame","refined flour,jaggery,sugar,sesame,mustard oil",Vegetarian,,"Cook the khaja in a richer traditional style and serve a fuller portion. Add a complementary side such as chokha, dal, or jaggery-based accompaniment where suitable.",20–30 min light strength training,Increase portions only if overall activity is adequate. Common allergens: gluten.
297,Jharkhand,Weight Gain,Snack,"Litti-Chokha (Stuffed, Generous Serve)",280,9,36,10,5,Medium,Medium,Medium,"Gluten, Mustard","whole wheat flour,sattu,mustard oil,brinjal,tomato,potato,spices",Vegetarian,,"Cook the litti-chokha in a richer traditional style and serve a fuller portion. Add a complementary side such as chokha, dal, or jaggery-based accompaniment where suitable.",20–30 min light strength training,Increase portions only if overall activity is adequate. Common allergens: gluten.
298,Jharkhand,Weight Gain,Snack,Malpua (Jharkhand Style),400,15,50,15,2,High,Low,Medium,"Dairy, Gluten","Wheat, Milk, Sugar, Ghee",Vegetarian,,Deep fry the wheat batter in ghee and dip in syrup.,Rest or light stretching,High sugar warning
299,Jharkhand,Weight Gain,Snack,"Mitha Pitha (Rich, Generous Serve)",222,5,36,6,2,High,Low,Low,"Rice, Sesame","rice flour,jaggery,coconut,sesame",Vegetarian,,"Cook the mitha pitha in a richer traditional style and serve a fuller portion. Add a complementary side such as chokha, dal, or jaggery-based accompaniment where suitable.",20–30 min light strength training,Increase portions only if overall activity is adequate. Common allergens: rice.
300,Jharkhand,Weight Gain,Snack,Roasted Peanuts & Chana with Mustard Oil,400,15,50,15,6,Low,Medium,Medium,"Mustard, Peanut, Peanuts","Peanuts, Black Chickpeas, Mustard Oil",Vegetarian,,Toss the roasted mix in raw mustard oil and chopped onions.,Rest or light stretching,Strong mustard flavor
301,Jharkhand,Weight Gain,Snack,Sattu with Milk and Banana,400,15,50,15,6,Medium,Low,Medium,Dairy,"Sattu, Milk, Banana",Vegetarian,,Blend roasted gram flour with full-fat milk and a banana.,Rest or light stretching,Fulfilling snack
302,Jharkhand,Weight Gain,Snack,Sweet Arsa Pitha (2 pieces),400,15,50,15,3,High,Low,Medium,Safe,"Rice Flour, Jaggery, Oil",Vegetarian,,Deep fry the sweet patties for a dense caloric hit.,Rest or light stretching,Spikes blood sugar
303,Jharkhand,Weight Gain,Snack,"Thekua (Stuffed, Extra Serving)",210,3,29,10,2,Medium,Medium,Medium,"Gluten, Mustard, Sesame","whole wheat flour,jaggery,sesame,mustard oil",Vegetarian,,"Cook the thekua in a richer traditional style and serve a fuller portion. Add a complementary side such as chokha, dal, or jaggery-based accompaniment where suitable.",20–30 min light strength training,Increase portions only if overall activity is adequate. Common allergens: gluten.
304,Jharkhand,Weight Gain,Snack,"Til Barfi (Rich, Hearty Plate)",210,5,22,13,2,High,Medium,Medium,"Dairy, Nuts, Sesame","sesame,jaggery,ghee",Vegetarian,,"Cook the til barfi in a richer traditional style and serve a fuller portion. Add a complementary side such as chokha, dal, or jaggery-based accompaniment where suitable.",20–30 min light strength training,"Increase portions only if overall activity is adequate. Common allergens: sesame,nuts."
305,Jharkhand,Weight Gain,Snack,"Chilka Roti (Hearty, Hearty Plate)",187,6,26,6,3,High,High,High,"Legumes, Mustard","rice flour,besan,spices,mustard oil,chicken,spices",Non-Vegetarian,Chicken,Prepare the chilka roti in a richer traditional style and serve a full portion with roti or chokha. Use enough cooking fat for calorie density while keeping the dish balanced.,20–30 min light strength training,Increase portions only if overall activity is adequate. Trim visible fat and keep portions moderate. Common allergens: legumes.
306,Jharkhand,Weight Gain,Snack,"Chilka Roti (Mild, Single Plate)",187,6,26,6,3,High,Medium,Medium,"Legumes, Mustard","rice flour,besan,spices,mustard oil,chicken,spices",Non-Vegetarian,Chicken,Prepare the chilka roti in a richer traditional style and serve a full portion with roti or chokha. Use enough cooking fat for calorie density while keeping the dish balanced.,20–30 min light strength training,Increase portions only if overall activity is adequate. Trim visible fat and keep portions moderate. Common allergens: legumes.
307,Jharkhand,Weight Gain,Snack,"Chilka Roti (Rustic, Single Plate)",187,6,26,6,3,Medium,Medium,Medium,"Legumes, Mustard","rice flour,besan,spices,mustard oil,chicken,spices",Non-Vegetarian,Chicken,Prepare the chilka roti in a richer traditional style and serve a full portion with roti or chokha. Use enough cooking fat for calorie density while keeping the dish balanced.,20–30 min light strength training,Increase portions only if overall activity is adequate. Trim visible fat and keep portions moderate. Common allergens: legumes.
308,Jharkhand,Weight Gain,Snack,"Chilka Roti (Traditional, Hearty Plate)",187,6,26,6,3,High,High,High,"Legumes, Mustard","rice flour,besan,spices,mustard oil,chicken,spices",Non-Vegetarian,Chicken,Prepare the chilka roti in a richer traditional style and serve a full portion with roti or chokha. Use enough cooking fat for calorie density while keeping the dish balanced.,20–30 min light strength training,Increase portions only if overall activity is adequate. Trim visible fat and keep portions moderate. Common allergens: legumes.
309,Jharkhand,Weight Gain,Snack,"Dhuska (Fresh, Local Style)",222,7,29,10,3,Medium,Medium,Medium,"Legumes, Mustard, Rice","rice flour,urad dal,spices,mustard oil,chicken,spices",Non-Vegetarian,Chicken,Prepare the dhuska in a richer traditional style and serve a full portion with roti or chokha. Use enough cooking fat for calorie density while keeping the dish balanced.,20–30 min light strength training,"Increase portions only if overall activity is adequate. Trim visible fat and keep portions moderate. Common allergens: rice,legumes."
310,Jharkhand,Weight Gain,Snack,"Dhuska (Fresh, Local Style)",222,7,29,10,3,Low,High,High,"Legumes, Mustard, Rice","rice flour,urad dal,spices,mustard oil,chicken,spices",Non-Vegetarian,Chicken,Prepare the dhuska in a richer traditional style and serve a full portion with roti or chokha. Use enough cooking fat for calorie density while keeping the dish balanced.,20–30 min light strength training,"Increase portions only if overall activity is adequate. Trim visible fat and keep portions moderate. Common allergens: rice,legumes."
311,Jharkhand,Weight Gain,Snack,"Dhuska (Hearty, Extra Serving)",222,7,29,10,3,Low,High,High,"Legumes, Mustard, Rice","rice flour,urad dal,spices,mustard oil,chicken,spices",Non-Vegetarian,Chicken,Prepare the dhuska in a richer traditional style and serve a full portion with roti or chokha. Use enough cooking fat for calorie density while keeping the dish balanced.,20–30 min light strength training,"Increase portions only if overall activity is adequate. Trim visible fat and keep portions moderate. Common allergens: rice,legumes."
312,Jharkhand,Weight Gain,Snack,"Dhuska (Tender, Local Style)",222,7,29,10,3,High,Low,Low,"Legumes, Mustard, Rice","rice flour,urad dal,spices,mustard oil,chicken,spices",Non-Vegetarian,Chicken,Prepare the dhuska in a richer traditional style and serve a full portion with roti or chokha. Use enough cooking fat for calorie density while keeping the dish balanced.,20–30 min light strength training,"Increase portions only if overall activity is adequate. Trim visible fat and keep portions moderate. Common allergens: rice,legumes."
313,Jharkhand,Weight Gain,Snack,"Khapada Roti (Hearty, Full Portion)",199,6,34,5,4,Medium,Medium,Medium,"Gluten, Mustard","whole wheat flour,mustard oil,water,spices,goat meat,spices",Non-Vegetarian,Mutton,Prepare the khapada roti in a richer traditional style and serve a full portion with roti or chokha. Use enough cooking fat for calorie density while keeping the dish balanced.,20–30 min light strength training,Increase portions only if overall activity is adequate. Trim visible fat and keep portions moderate. Common allergens: gluten.
314,Jharkhand,Weight Gain,Snack,"Khapada Roti (Simple, Local Style)",199,6,34,5,4,Low,Low,Low,"Gluten, Mustard","whole wheat flour,mustard oil,water,spices,goat meat,spices",Non-Vegetarian,Mutton,Prepare the khapada roti in a richer traditional style and serve a full portion with roti or chokha. Use enough cooking fat for calorie density while keeping the dish balanced.,20–30 min light strength training,Increase portions only if overall activity is adequate. Trim visible fat and keep portions moderate. Common allergens: gluten.
315,Jharkhand,Weight Gain,Snack,"Khapada Roti (Stuffed, Full Portion)",199,6,34,5,4,Medium,Medium,Medium,"Gluten, Mustard","whole wheat flour,mustard oil,water,spices,goat meat,spices",Non-Vegetarian,Mutton,Prepare the khapada roti in a richer traditional style and serve a full portion with roti or chokha. Use enough cooking fat for calorie density while keeping the dish balanced.,20–30 min light strength training,Increase portions only if overall activity is adequate. Trim visible fat and keep portions moderate. Common allergens: gluten.
316,Jharkhand,Weight Gain,Snack,"Khapada Roti (Traditional, Full Portion)",199,6,34,5,4,High,High,High,"Gluten, Mustard","whole wheat flour,mustard oil,water,spices,goat meat,spices",Non-Vegetarian,Mutton,Prepare the khapada roti in a richer traditional style and serve a full portion with roti or chokha. Use enough cooking fat for calorie density while keeping the dish balanced.,20–30 min light strength training,Increase portions only if overall activity is adequate. Trim visible fat and keep portions moderate. Common allergens: gluten.
317,Jharkhand,Weight Gain,Snack,"Litti-Chokha (Hearty, Generous Serve)",280,10,36,10,5,High,High,High,"Gluten, Mustard","whole wheat flour,sattu,mustard oil,brinjal,tomato,potato,spices,chicken,spices",Non-Vegetarian,Chicken,Prepare the litti-chokha in a richer traditional style and serve a full portion with roti or chokha. Use enough cooking fat for calorie density while keeping the dish balanced.,20–30 min light strength training,Increase portions only if overall activity is adequate. Trim visible fat and keep portions moderate. Common allergens: gluten.
318,Jharkhand,Weight Gain,Snack,"Litti-Chokha (Light, Single Plate)",280,10,36,10,5,Medium,Medium,Medium,"Gluten, Mustard","whole wheat flour,sattu,mustard oil,brinjal,tomato,potato,spices,chicken,spices",Non-Vegetarian,Chicken,Prepare the litti-chokha in a richer traditional style and serve a full portion with roti or chokha. Use enough cooking fat for calorie density while keeping the dish balanced.,20–30 min light strength training,Increase portions only if overall activity is adequate. Trim visible fat and keep portions moderate. Common allergens: gluten.
319,Jharkhand,Weight Gain,Snack,"Litti-Chokha (Rich, Generous Serve)",280,10,36,10,5,Low,Low,Low,"Gluten, Mustard","whole wheat flour,sattu,mustard oil,brinjal,tomato,potato,spices,chicken,spices",Non-Vegetarian,Chicken,Prepare the litti-chokha in a richer traditional style and serve a full portion with roti or chokha. Use enough cooking fat for calorie density while keeping the dish balanced.,20–30 min light strength training,Increase portions only if overall activity is adequate. Trim visible fat and keep portions moderate. Common allergens: gluten.
320,Jharkhand,Weight Gain,Snack,"Litti-Chokha (Traditional, Generous Serve)",280,10,36,10,5,High,High,High,"Gluten, Mustard","whole wheat flour,sattu,mustard oil,brinjal,tomato,potato,spices,chicken,spices",Non-Vegetarian,Chicken,Prepare the litti-chokha in a richer traditional style and serve a full portion with roti or chokha. Use enough cooking fat for calorie density while keeping the dish balanced.,20–30 min light strength training,Increase portions only if overall activity is adequate. Trim visible fat and keep portions moderate. Common allergens: gluten.
321,Jharkhand,Weight Gain,Snack,"Arsa (Stuffed, Extra Serving)",199,3,34,6,1,Medium,Medium,Medium,"Mustard, Rice, Sesame","rice flour,jaggery,sesame,mustard oil",Vegan,,"Cook the arsa in a richer traditional style and serve a fuller portion. Add a complementary side such as chokha, dal, or jaggery-based accompaniment where suitable.",20–30 min light strength training,Increase portions only if overall activity is adequate. Keep the recipe fully plant-based and avoid ghee or dairy. Common allergens: rice.
322,Jharkhand,Weight Gain,Snack,"Arsa (Traditional, Extra Serving)",199,3,34,6,1,High,High,High,"Mustard, Rice, Sesame","rice flour,jaggery,sesame,mustard oil",Vegan,,"Cook the arsa in a richer traditional style and serve a fuller portion. Add a complementary side such as chokha, dal, or jaggery-based accompaniment where suitable.",20–30 min light strength training,Increase portions only if overall activity is adequate. Keep the recipe fully plant-based and avoid ghee or dairy. Common allergens: rice.
323,Jharkhand,Weight Gain,Snack,"Chana Dal Puri (Mild, House Style)",257,8,34,10,4,Low,Low,Low,"Gluten, Legumes, Mustard","whole wheat flour,chana dal,spices,mustard oil",Vegan,,"Cook the chana dal puri in a richer traditional style and serve a fuller portion. Add a complementary side such as chokha, dal, or jaggery-based accompaniment where suitable.",20–30 min light strength training,"Increase portions only if overall activity is adequate. Keep the recipe fully plant-based and avoid ghee or dairy. Common allergens: gluten,legumes."
324,Jharkhand,Weight Gain,Snack,"Chana Dal Puri (Mild, House Style)",257,8,34,10,4,Low,High,High,"Gluten, Legumes, Mustard","whole wheat flour,chana dal,spices,mustard oil",Vegan,,"Cook the chana dal puri in a richer traditional style and serve a fuller portion. Add a complementary side such as chokha, dal, or jaggery-based accompaniment where suitable.",20–30 min light strength training,"Increase portions only if overall activity is adequate. Keep the recipe fully plant-based and avoid ghee or dairy. Common allergens: gluten,legumes."
325,Jharkhand,Weight Gain,Snack,"Dhuska (Classic, House Style)",222,7,29,10,3,Medium,Medium,Medium,"Legumes, Mustard, Rice","rice flour,urad dal,spices,mustard oil",Vegan,,"Cook the dhuska in a richer traditional style and serve a fuller portion. Add a complementary side such as chokha, dal, or jaggery-based accompaniment where suitable.",20–30 min light strength training,"Increase portions only if overall activity is adequate. Keep the recipe fully plant-based and avoid ghee or dairy. Common allergens: rice,legumes."
326,Jharkhand,Weight Gain,Snack,"Dhuska (Rich, Full Portion)",222,7,29,10,3,High,Low,Low,"Legumes, Mustard, Rice","rice flour,urad dal,spices,mustard oil",Vegan,,"Cook the dhuska in a richer traditional style and serve a fuller portion. Add a complementary side such as chokha, dal, or jaggery-based accompaniment where suitable.",20–30 min light strength training,"Increase portions only if overall activity is adequate. Keep the recipe fully plant-based and avoid ghee or dairy. Common allergens: rice,legumes."
327,Jharkhand,Weight Gain,Snack,"Khaja (Stuffed, Generous Serve)",234,3,36,10,1,Medium,Medium,Medium,"Gluten, Mustard, Sesame","refined flour,jaggery,sugar,sesame,mustard oil",Vegan,,"Cook the khaja in a richer traditional style and serve a fuller portion. Add a complementary side such as chokha, dal, or jaggery-based accompaniment where suitable.",20–30 min light strength training,Increase portions only if overall activity is adequate. Keep the recipe fully plant-based and avoid ghee or dairy. Common allergens: gluten.
328,Jharkhand,Weight Gain,Snack,"Khaja (Traditional, Generous Serve)",234,3,36,10,1,High,High,High,"Gluten, Mustard, Sesame","refined flour,jaggery,sugar,sesame,mustard oil",Vegan,,"Cook the khaja in a richer traditional style and serve a fuller portion. Add a complementary side such as chokha, dal, or jaggery-based accompaniment where suitable.",20–30 min light strength training,Increase portions only if overall activity is adequate. Keep the recipe fully plant-based and avoid ghee or dairy. Common allergens: gluten.
329,Jharkhand,Weight Gain,Snack,"Litti-Chokha (Hearty, Hearty Plate)",280,9,36,10,5,High,High,High,"Gluten, Mustard","whole wheat flour,sattu,mustard oil,brinjal,tomato,potato,spices",Vegan,,"Cook the litti-chokha in a richer traditional style and serve a fuller portion. Add a complementary side such as chokha, dal, or jaggery-based accompaniment where suitable.",20–30 min light strength training,Increase portions only if overall activity is adequate. Keep the recipe fully plant-based and avoid ghee or dairy. Common allergens: gluten.
330,Jharkhand,Weight Gain,Snack,"Litti-Chokha (Rich, Hearty Plate)",280,9,36,10,5,Low,Medium,Medium,"Gluten, Mustard","whole wheat flour,sattu,mustard oil,brinjal,tomato,potato,spices",Vegan,,"Cook the litti-chokha in a richer traditional style and serve a fuller portion. Add a complementary side such as chokha, dal, or jaggery-based accompaniment where suitable.",20–30 min light strength training,Increase portions only if overall activity is adequate. Keep the recipe fully plant-based and avoid ghee or dairy. Common allergens: gluten.
331,Jharkhand,Weight Gain,Snack,"Mitha Pitha (Stuffed, Hearty Plate)",222,5,36,6,2,Medium,Medium,Medium,"Rice, Sesame","rice flour,jaggery,sesame",Vegan,,"Cook the mitha pitha in a richer traditional style and serve a fuller portion. Add a complementary side such as chokha, dal, or jaggery-based accompaniment where suitable.",20–30 min light strength training,Increase portions only if overall activity is adequate. Keep the recipe fully plant-based and avoid ghee or dairy. Common allergens: rice.
332,Jharkhand,Weight Gain,Snack,"Mitha Pitha (Traditional, Hearty Plate)",222,5,36,6,2,High,High,High,"Rice, Sesame","rice flour,jaggery,sesame",Vegan,,"Cook the mitha pitha in a richer traditional style and serve a fuller portion. Add a complementary side such as chokha, dal, or jaggery-based accompaniment where suitable.",20–30 min light strength training,Increase portions only if overall activity is adequate. Keep the recipe fully plant-based and avoid ghee or dairy. Common allergens: rice.
333,Jharkhand,Weight Gain,Snack,"Thekua (Stuffed, Full Portion)",210,3,29,10,2,Medium,Medium,Medium,"Gluten, Mustard, Sesame","whole wheat flour,jaggery,sesame,mustard oil",Vegan,,"Cook the thekua in a richer traditional style and serve a fuller portion. Add a complementary side such as chokha, dal, or jaggery-based accompaniment where suitable.",20–30 min light strength training,Increase portions only if overall activity is adequate. Keep the recipe fully plant-based and avoid ghee or dairy. Common allergens: gluten.
334,Jharkhand,Weight Gain,Snack,"Thekua (Traditional, Full Portion)",210,3,29,10,2,High,High,High,"Gluten, Mustard, Sesame","whole wheat flour,jaggery,sesame,mustard oil",Vegan,,"Cook the thekua in a richer traditional style and serve a fuller portion. Add a complementary side such as chokha, dal, or jaggery-based accompaniment where suitable.",20–30 min light strength training,Increase portions only if overall activity is adequate. Keep the recipe fully plant-based and avoid ghee or dairy. Common allergens: gluten.
335,Jharkhand,Weight Gain,Snack,"Til Barfi (Hearty, Generous Serve)",210,5,22,13,2,High,High,High,"Mustard, Nuts, Sesame","sesame,jaggery,mustard oil",Vegan,,"Cook the til barfi in a richer traditional style and serve a fuller portion. Add a complementary side such as chokha, dal, or jaggery-based accompaniment where suitable.",20–30 min light strength training,"Increase portions only if overall activity is adequate. Keep the recipe fully plant-based and avoid ghee or dairy. Common allergens: sesame,nuts."
336,Jharkhand,Weight Gain,Snack,"Til Barfi (Rich, Generous Serve)",210,5,22,13,2,High,Low,Low,"Mustard, Nuts, Sesame","sesame,jaggery,mustard oil",Vegan,,"Cook the til barfi in a richer traditional style and serve a fuller portion. Add a complementary side such as chokha, dal, or jaggery-based accompaniment where suitable.",20–30 min light strength training,"Increase portions only if overall activity is adequate. Keep the recipe fully plant-based and avoid ghee or dairy. Common allergens: sesame,nuts."
337,Jharkhand,Weight Gain,Dinner,"Aloo Chokha (Hearty, Full Portion)",165,3,22,5,3,Medium,Medium,Medium,Mustard,"potato,onion,green chilli,mustard oil,spices",Vegetarian,,"Cook the aloo chokha in a richer traditional style and serve a fuller portion. Add a complementary side such as chokha, dal, or jaggery-based accompaniment where suitable.",20–30 min light strength training,Increase portions only if overall activity is adequate.
338,Jharkhand,Weight Gain,Dinner,"Bamboo Shoot Sabzi (Stuffed, Hearty Plate)",92,3,11,4,4,Medium,Medium,Medium,Mustard,"bamboo shoot,onion,garlic,mustard oil,spices",Vegetarian,,"Cook the bamboo shoot sabzi in a richer traditional style and serve a fuller portion. Add a complementary side such as chokha, dal, or jaggery-based accompaniment where suitable.",20–30 min light strength training,Increase portions only if overall activity is adequate.
339,Jharkhand,Weight Gain,Dinner,"Bhaji Sag (Hearty, Generous Serve)",112,5,14,4,4,High,High,High,Mustard,"leafy greens,onion,garlic,mustard oil,spices",Vegetarian,,"Cook the bhaji sag in a richer traditional style and serve a fuller portion. Add a complementary side such as chokha, dal, or jaggery-based accompaniment where suitable.",20–30 min light strength training,Increase portions only if overall activity is adequate.
340,Jharkhand,Weight Gain,Dinner,"Dal Pitha (Rich, Generous Serve)",226,9,34,6,4,High,Low,Low,"Gluten, Legumes, Mustard","rice flour,urad dal,chana dal,spices,mustard oil",Vegetarian,,"Cook the dal pitha in a richer traditional style and serve a fuller portion. Add a complementary side such as chokha, dal, or jaggery-based accompaniment where suitable.",20–30 min light strength training,"Increase portions only if overall activity is adequate. Common allergens: gluten,legumes."
341,Jharkhand,Weight Gain,Dinner,"Dal Pitha (Traditional, Full Portion)",226,9,34,6,4,Low,High,High,"Gluten, Legumes, Mustard","rice flour,urad dal,chana dal,spices,mustard oil",Vegetarian,,"Cook the dal pitha in a richer traditional style and serve a fuller portion. Add a complementary side such as chokha, dal, or jaggery-based accompaniment where suitable.",20–30 min light strength training,"Increase portions only if overall activity is adequate. Common allergens: gluten,legumes."
342,Jharkhand,Weight Gain,Dinner,Dal Pitha + Fried Eggplant,700,30,90,24,10,Medium,Medium,Medium,Egg,"Rice Flour, Chana Dal, Eggplant, Oil",Vegetarian,,Serve the steamed pitha with heavily oiled fried eggplant.,Rest,No specific warning
343,Jharkhand,Weight Gain,Dinner,"Dubki (Rich, Hearty Plate)",161,7,22,5,5,Low,Medium,Medium,"Legumes, Mustard","chana dal/urad dal,spices,mustard oil,garlic",Vegetarian,,"Cook the dubki in a richer traditional style and serve a fuller portion. Add a complementary side such as chokha, dal, or jaggery-based accompaniment where suitable.",20–30 min light strength training,Increase portions only if overall activity is adequate. Common allergens: legumes.
344,Jharkhand,Weight Gain,Dinner,"Khapada Roti (Seasonal, Single Plate)",234,6,34,5,4,High,High,High,"Gluten, Mustard","whole wheat flour,mustard oil,water,spices",Vegetarian,,"Cook the khapada roti in a richer traditional style and serve a fuller portion. Add a complementary side such as chokha, dal, or jaggery-based accompaniment where suitable.",20–30 min light strength training,Increase portions only if overall activity is adequate. Common allergens: gluten.
345,Jharkhand,Weight Gain,Dinner,"Koinar Sag (Rich, Extra Serving)",104,5,12,4,4,Low,Low,Low,Mustard,"koinar leaves,onion,garlic,mustard oil,spices",Vegetarian,,"Cook the koinar sag in a richer traditional style and serve a fuller portion. Add a complementary side such as chokha, dal, or jaggery-based accompaniment where suitable.",20–30 min light strength training,Increase portions only if overall activity is adequate.
346,Jharkhand,Weight Gain,Dinner,"Koinar Sag (Traditional, Generous Serve)",104,5,12,4,4,High,High,High,Mustard,"koinar leaves,onion,garlic,mustard oil,spices",Vegetarian,,"Cook the koinar sag in a richer traditional style and serve a fuller portion. Add a complementary side such as chokha, dal, or jaggery-based accompaniment where suitable.",20–30 min light strength training,Increase portions only if overall activity is adequate.
347,Jharkhand,Weight Gain,Dinner,"Kurthi Dal (Stuffed, Generous Serve)",190,10,24,6,7,Medium,Medium,Medium,"Legumes, Mustard","kurthi dal,garlic,ginger,cumin,mustard oil",Vegetarian,,"Cook the kurthi dal in a richer traditional style and serve a fuller portion. Add a complementary side such as chokha, dal, or jaggery-based accompaniment where suitable.",20–30 min light strength training,Increase portions only if overall activity is adequate. Common allergens: legumes.
348,Jharkhand,Weight Gain,Dinner,"Litti-Chokha (Light, Local Style)",270,9,36,10,5,High,High,High,"Gluten, Mustard","whole wheat flour,sattu,mustard oil,brinjal,tomato,potato,spices",Vegetarian,,"Cook the litti-chokha in a richer traditional style and serve a fuller portion. Add a complementary side such as chokha, dal, or jaggery-based accompaniment where suitable.",20–30 min light strength training,Increase portions only if overall activity is adequate. Common allergens: gluten.
349,Jharkhand,Weight Gain,Dinner,"Litti-Chokha (Tender, Single Plate)",270,9,36,10,5,Low,Low,Low,"Gluten, Mustard","whole wheat flour,sattu,mustard oil,brinjal,tomato,potato,spices",Vegetarian,,"Cook the litti-chokha in a richer traditional style and serve a fuller portion. Add a complementary side such as chokha, dal, or jaggery-based accompaniment where suitable.",20–30 min light strength training,Increase portions only if overall activity is adequate. Common allergens: gluten.
350,Jharkhand,Weight Gain,Dinner,"Rugdha (Stuffed, Extra Serving)",109,6,10,5,3,Medium,Medium,Medium,Mustard,"rugdha mushroom,onion,garlic,mustard oil,spices",Vegetarian,,"Cook the rugdha in a richer traditional style and serve a fuller portion. Add a complementary side such as chokha, dal, or jaggery-based accompaniment where suitable.",20–30 min light strength training,Increase portions only if overall activity is adequate.
351,Jharkhand,Weight Gain,Dinner,"Udad Dal (Stuffed, Full Portion)",208,12,22,8,6,Medium,Medium,Medium,"Legumes, Mustard","urad dal,ginger,garlic,cumin,mustard oil",Vegetarian,,"Cook the udad dal in a richer traditional style and serve a fuller portion. Add a complementary side such as chokha, dal, or jaggery-based accompaniment where suitable.",20–30 min light strength training,Increase portions only if overall activity is adequate. Common allergens: legumes.
352,Jharkhand,Weight Gain,Dinner,Usna Rice + Urad Dal (Ghee) + Fried Parwal,700,30,90,24,9,High,Medium,Medium,Dairy,"Parboiled Rice, Black Gram, Pointed Gourd, Ghee",Vegetarian,,Temper the dal with generous ghee and fry the gourd.,Rest,Heavy to digest
353,Jharkhand,Weight Gain,Dinner,"Aloo Chokha (Seasonal, House Style)",165,4,22,5,3,Low,Low,Low,Mustard,"potato,onion,green chilli,mustard oil,spices,chicken,spices",Non-Vegetarian,Chicken,Prepare the aloo chokha in a richer traditional style and serve a full portion with roti or chokha. Use enough cooking fat for calorie density while keeping the dish balanced.,20–30 min light strength training,Increase portions only if overall activity is adequate. Trim visible fat and keep portions moderate.
354,Jharkhand,Weight Gain,Dinner,"Aloo Chokha (Tender, House Style)",165,4,22,5,3,Medium,Medium,Medium,Mustard,"potato,onion,green chilli,mustard oil,spices,chicken,spices",Non-Vegetarian,Chicken,Prepare the aloo chokha in a richer traditional style and serve a full portion with roti or chokha. Use enough cooking fat for calorie density while keeping the dish balanced.,20–30 min light strength training,Increase portions only if overall activity is adequate. Trim visible fat and keep portions moderate.
355,Jharkhand,Weight Gain,Dinner,"Chilka Roti (Simple, House Style)",182,6,26,6,3,Medium,Medium,Medium,"Legumes, Mustard","rice flour,besan,spices,mustard oil,chicken,spices",Non-Vegetarian,Chicken,Prepare the chilka roti in a richer traditional style and serve a full portion with roti or chokha. Use enough cooking fat for calorie density while keeping the dish balanced.,20–30 min light strength training,Increase portions only if overall activity is adequate. Trim visible fat and keep portions moderate. Common allergens: legumes.
356,Jharkhand,Weight Gain,Dinner,Chilka Roti + Desi Murgh Jhor (Rich),700,30,90,24,6,Medium,Medium,Medium,Safe,"Rice, Chana Dal, Chicken",Non-Vegetarian,Chicken,Use generous mustard oil for the chicken broth base.,Rest,Spicy
357,Jharkhand,Weight Gain,Dinner,"Desi Chicken Curry (Light, Daily Serve)",344,29,6,18,0,Low,Low,Low,Mustard,"chicken,onion,garlic,ginger,spices,mustard oil",Non-Vegetarian,Chicken,Prepare the desi chicken curry in a richer traditional style and serve a full portion with roti or chokha. Use enough cooking fat for calorie density while keeping the dish balanced.,20–30 min light strength training,Increase portions only if overall activity is adequate. Trim visible fat and keep portions moderate.
358,Jharkhand,Weight Gain,Dinner,"Desi Chicken Curry (Mild, Daily Serve)",344,29,6,18,0,Medium,Medium,Medium,Mustard,"chicken,onion,garlic,ginger,spices,mustard oil",Non-Vegetarian,Chicken,Prepare the desi chicken curry in a richer traditional style and serve a full portion with roti or chokha. Use enough cooking fat for calorie density while keeping the dish balanced.,20–30 min light strength training,Increase portions only if overall activity is adequate. Trim visible fat and keep portions moderate.
359,Jharkhand,Weight Gain,Dinner,"Goat Meat Gravy (Fresh, House Style)",413,29,5,25,0,Low,Medium,Medium,Mustard,"goat meat,onion,garlic,ginger,spices,mustard oil",Non-Vegetarian,Mutton,Prepare the goat meat gravy in a richer traditional style and serve a full portion with roti or chokha. Use enough cooking fat for calorie density while keeping the dish balanced.,20–30 min light strength training,Increase portions only if overall activity is adequate. Trim visible fat and keep portions moderate.
360,Jharkhand,Weight Gain,Dinner,"Goat Meat Gravy (Seasonal, House Style)",413,29,5,25,0,High,High,High,Mustard,"goat meat,onion,garlic,ginger,spices,mustard oil",Non-Vegetarian,Mutton,Prepare the goat meat gravy in a richer traditional style and serve a full portion with roti or chokha. Use enough cooking fat for calorie density while keeping the dish balanced.,20–30 min light strength training,Increase portions only if overall activity is adequate. Trim visible fat and keep portions moderate.
361,Jharkhand,Weight Gain,Dinner,Gondli Rice + Fish Curry (Rohu),700,30,90,24,7,Medium,Medium,Medium,"Fish, Mustard","Little Millet, Rohu Fish, Mustard Oil",Non-Vegetarian,Fish,Fry the fish steaks heavily before adding to the mustard gravy.,Rest,Watch for bones
362,Jharkhand,Weight Gain,Dinner,"Khapada Roti (Classic, Daily Serve)",234,6,34,5,4,Medium,Medium,Medium,"Gluten, Mustard","whole wheat flour,mustard oil,water,spices,goat meat,spices",Non-Vegetarian,Mutton,Prepare the khapada roti in a richer traditional style and serve a full portion with roti or chokha. Use enough cooking fat for calorie density while keeping the dish balanced.,20–30 min light strength training,Increase portions only if overall activity is adequate. Trim visible fat and keep portions moderate. Common allergens: gluten.
363,Jharkhand,Weight Gain,Dinner,"Khapada Roti (Mild, Daily Serve)",234,6,34,5,4,Low,Low,Low,"Gluten, Mustard","whole wheat flour,mustard oil,water,spices,goat meat,spices",Non-Vegetarian,Mutton,Prepare the khapada roti in a richer traditional style and serve a full portion with roti or chokha. Use enough cooking fat for calorie density while keeping the dish balanced.,20–30 min light strength training,Increase portions only if overall activity is adequate. Trim visible fat and keep portions moderate. Common allergens: gluten.
364,Jharkhand,Weight Gain,Dinner,"Litti-Chokha (Light, Daily Serve)",274,10,36,10,5,High,High,High,"Gluten, Mustard","whole wheat flour,sattu,mustard oil,brinjal,tomato,potato,spices,chicken,spices",Non-Vegetarian,Chicken,Prepare the litti-chokha in a richer traditional style and serve a full portion with roti or chokha. Use enough cooking fat for calorie density while keeping the dish balanced.,20–30 min light strength training,Increase portions only if overall activity is adequate. Trim visible fat and keep portions moderate. Common allergens: gluten.
365,Jharkhand,Weight Gain,Dinner,"Litti-Chokha (Rustic, Daily Serve)",274,10,36,10,5,Medium,Medium,Medium,"Gluten, Mustard","whole wheat flour,sattu,mustard oil,brinjal,tomato,potato,spices,chicken,spices",Non-Vegetarian,Chicken,Prepare the litti-chokha in a richer traditional style and serve a full portion with roti or chokha. Use enough cooking fat for calorie density while keeping the dish balanced.,20–30 min light strength training,Increase portions only if overall activity is adequate. Trim visible fat and keep portions moderate. Common allergens: gluten.
366,Jharkhand,Weight Gain,Dinner,Marua Roti + Ghee + Chicken Bhuna,700,30,90,24,8,Medium,Medium,Medium,Dairy,"Finger Millet, Chicken, Ghee",Non-Vegetarian,Chicken,Roast the chicken heavily in ghee and spices until dry.,Rest,Rich meal
367,Jharkhand,Weight Gain,Dinner,Usna Rice + Heavy Mutton Curry,700,30,90,24,6,High,Medium,High,Mustard,"Parboiled Rice, Mutton, Mustard Oil",Non-Vegetarian,Mutton,Slow cook mutton with its fat in mustard oil. Serve with heavy rice portion.,Rest,Avoid if prone to heartburn
368,Jharkhand,Weight Gain,Dinner,Wheat Roti + Egg Curry (3 eggs) + Aloo,700,30,90,24,7,Medium,Medium,High,"Egg, Eggs, Gluten","Wheat, Eggs, Potato, Oil",Non-Vegetarian,,Fry the boiled eggs before adding to the rich potato gravy.,Rest,High cholesterol from yolks
369,Jharkhand,Weight Gain,Dinner,"Aloo Chokha (Stuffed, Extra Serving)",165,3,22,5,3,Medium,Medium,Medium,Mustard,"potato,onion,green chilli,mustard oil,spices",Vegan,,"Cook the aloo chokha in a richer traditional style and serve a fuller portion. Add a complementary side such as chokha, dal, or jaggery-based accompaniment where suitable.",20–30 min light strength training,Increase portions only if overall activity is adequate. Keep the recipe fully plant-based and avoid ghee or dairy.
370,Jharkhand,Weight Gain,Dinner,"Bamboo Shoot Sabzi (Stuffed, Generous Serve)",92,3,11,4,4,Medium,Medium,Medium,Mustard,"bamboo shoot,onion,garlic,mustard oil,spices",Vegan,,"Cook the bamboo shoot sabzi in a richer traditional style and serve a fuller portion. Add a complementary side such as chokha, dal, or jaggery-based accompaniment where suitable.",20–30 min light strength training,Increase portions only if overall activity is adequate. Keep the recipe fully plant-based and avoid ghee or dairy.
371,Jharkhand,Weight Gain,Dinner,"Bhaji Sag (Stuffed, Hearty Plate)",112,5,14,4,4,Medium,Medium,Medium,Mustard,"leafy greens,onion,garlic,mustard oil,spices",Vegan,,"Cook the bhaji sag in a richer traditional style and serve a fuller portion. Add a complementary side such as chokha, dal, or jaggery-based accompaniment where suitable.",20–30 min light strength training,Increase portions only if overall activity is adequate. Keep the recipe fully plant-based and avoid ghee or dairy.
372,Jharkhand,Weight Gain,Dinner,"Dal Pitha (Hearty, Extra Serving)",226,9,34,6,4,Low,High,High,"Gluten, Legumes, Mustard","rice flour,urad dal,chana dal,spices,mustard oil",Vegan,,"Cook the dal pitha in a richer traditional style and serve a fuller portion. Add a complementary side such as chokha, dal, or jaggery-based accompaniment where suitable.",20–30 min light strength training,"Increase portions only if overall activity is adequate. Keep the recipe fully plant-based and avoid ghee or dairy. Common allergens: gluten,legumes."
373,Jharkhand,Weight Gain,Dinner,"Dubki (Rich, Generous Serve)",161,7,22,5,5,Low,Low,Low,"Legumes, Mustard","chana dal/urad dal,spices,mustard oil,garlic",Vegan,,"Cook the dubki in a richer traditional style and serve a fuller portion. Add a complementary side such as chokha, dal, or jaggery-based accompaniment where suitable.",20–30 min light strength training,Increase portions only if overall activity is adequate. Keep the recipe fully plant-based and avoid ghee or dairy. Common allergens: legumes.
374,Jharkhand,Weight Gain,Dinner,"Dubki (Traditional, Full Portion)",161,7,22,5,5,Low,High,High,"Legumes, Mustard","chana dal/urad dal,spices,mustard oil,garlic",Vegan,,"Cook the dubki in a richer traditional style and serve a fuller portion. Add a complementary side such as chokha, dal, or jaggery-based accompaniment where suitable.",20–30 min light strength training,Increase portions only if overall activity is adequate. Keep the recipe fully plant-based and avoid ghee or dairy. Common allergens: legumes.
375,Jharkhand,Weight Gain,Dinner,"Khapada Roti (Seasonal, Local Style)",234,6,34,5,4,Medium,Medium,Medium,"Gluten, Mustard","whole wheat flour,mustard oil,water,spices",Vegan,,"Cook the khapada roti in a richer traditional style and serve a fuller portion. Add a complementary side such as chokha, dal, or jaggery-based accompaniment where suitable.",20–30 min light strength training,Increase portions only if overall activity is adequate. Keep the recipe fully plant-based and avoid ghee or dairy. Common allergens: gluten.
376,Jharkhand,Weight Gain,Dinner,"Koinar Sag (Hearty, Hearty Plate)",104,5,12,4,4,High,High,High,Mustard,"koinar leaves,onion,garlic,mustard oil,spices",Vegan,,"Cook the koinar sag in a richer traditional style and serve a fuller portion. Add a complementary side such as chokha, dal, or jaggery-based accompaniment where suitable.",20–30 min light strength training,Increase portions only if overall activity is adequate. Keep the recipe fully plant-based and avoid ghee or dairy.
377,Jharkhand,Weight Gain,Dinner,"Koinar Sag (Rich, Full Portion)",104,5,12,4,4,Low,Low,Low,Mustard,"koinar leaves,onion,garlic,mustard oil,spices",Vegan,,"Cook the koinar sag in a richer traditional style and serve a fuller portion. Add a complementary side such as chokha, dal, or jaggery-based accompaniment where suitable.",20–30 min light strength training,Increase portions only if overall activity is adequate. Keep the recipe fully plant-based and avoid ghee or dairy.
378,Jharkhand,Weight Gain,Dinner,"Kurthi Dal (Rich, Hearty Plate)",190,10,24,6,7,Low,Medium,Medium,"Legumes, Mustard","kurthi dal,garlic,ginger,cumin,mustard oil",Vegan,,"Cook the kurthi dal in a richer traditional style and serve a fuller portion. Add a complementary side such as chokha, dal, or jaggery-based accompaniment where suitable.",20–30 min light strength training,Increase portions only if overall activity is adequate. Keep the recipe fully plant-based and avoid ghee or dairy. Common allergens: legumes.
379,Jharkhand,Weight Gain,Dinner,"Kurthi Dal (Traditional, Extra Serving)",190,10,24,6,7,Low,High,High,"Legumes, Mustard","kurthi dal,garlic,ginger,cumin,mustard oil",Vegan,,"Cook the kurthi dal in a richer traditional style and serve a fuller portion. Add a complementary side such as chokha, dal, or jaggery-based accompaniment where suitable.",20–30 min light strength training,Increase portions only if overall activity is adequate. Keep the recipe fully plant-based and avoid ghee or dairy. Common allergens: legumes.
380,Jharkhand,Weight Gain,Dinner,"Litti-Chokha (Light, Single Plate)",270,9,36,10,5,High,High,High,"Gluten, Mustard","whole wheat flour,sattu,mustard oil,brinjal,tomato,potato,spices",Vegan,,"Cook the litti-chokha in a richer traditional style and serve a fuller portion. Add a complementary side such as chokha, dal, or jaggery-based accompaniment where suitable.",20–30 min light strength training,Increase portions only if overall activity is adequate. Keep the recipe fully plant-based and avoid ghee or dairy. Common allergens: gluten.
381,Jharkhand,Weight Gain,Dinner,"Rugdha (Stuffed, Full Portion)",109,6,10,5,3,Medium,Medium,Medium,Mustard,"rugdha mushroom,onion,garlic,mustard oil,spices",Vegan,,"Cook the rugdha in a richer traditional style and serve a fuller portion. Add a complementary side such as chokha, dal, or jaggery-based accompaniment where suitable.",20–30 min light strength training,Increase portions only if overall activity is adequate. Keep the recipe fully plant-based and avoid ghee or dairy.
382,Jharkhand,Weight Gain,Dinner,"Rugdha (Traditional, Hearty Plate)",109,6,10,5,3,High,High,High,Mustard,"rugdha mushroom,onion,garlic,mustard oil,spices",Vegan,,"Cook the rugdha in a richer traditional style and serve a fuller portion. Add a complementary side such as chokha, dal, or jaggery-based accompaniment where suitable.",20–30 min light strength training,Increase portions only if overall activity is adequate. Keep the recipe fully plant-based and avoid ghee or dairy.
383,Jharkhand,Weight Gain,Dinner,"Udad Dal (Rich, Extra Serving)",204,11,22,8,6,Low,Low,Low,"Legumes, Mustard","urad dal,ginger,garlic,cumin,mustard oil",Vegan,,"Cook the udad dal in a richer traditional style and serve a fuller portion. Add a complementary side such as chokha, dal, or jaggery-based accompaniment where suitable.",20–30 min light strength training,Increase portions only if overall activity is adequate. Keep the recipe fully plant-based and avoid ghee or dairy. Common allergens: legumes.
384,Jharkhand,Weight Gain,Dinner,"Udad Dal (Traditional, Generous Serve)",204,11,22,8,6,Low,High,High,"Legumes, Mustard","urad dal,ginger,garlic,cumin,mustard oil",Vegan,,"Cook the udad dal in a richer traditional style and serve a fuller portion. Add a complementary side such as chokha, dal, or jaggery-based accompaniment where suitable.",20–30 min light strength training,Increase portions only if overall activity is adequate. Keep the recipe fully plant-based and avoid ghee or dairy. Common allergens: legumes.
385,Jharkhand,Bulking,Breakfast,"Arsa (Protein Rich, Protein Rich Plate)",193,4,31,6,1,High,Low,Low,"Mustard, Rice, Sesame","rice flour,jaggery,sesame,mustard oil",Vegetarian,,"Increase the sattu, dal, or legume content where applicable and serve the arsa with an extra protein-rich side. Keep the meal substantial for training days.",Resistance training session with progressive overload,Pair with strength training and stay well hydrated. Common allergens: rice.
386,Jharkhand,Bulking,Breakfast,"Chana Dal Puri (Dal Heavy, Protein Rich Plate)",249,10,31,9,4,Low,High,High,"Gluten, Legumes, Mustard","whole wheat flour,chana dal,spices,mustard oil",Vegetarian,,"Increase the sattu, dal, or legume content where applicable and serve the chana dal puri with an extra protein-rich side. Keep the meal substantial for training days.",Resistance training session with progressive overload,"Pair with strength training and stay well hydrated. Common allergens: gluten,legumes."
387,Jharkhand,Bulking,Breakfast,"Chana Dal Puri (Protein Rich, Double Portion)",274,11,31,9,4,Low,Low,Low,"Gluten, Legumes, Mustard","whole wheat flour,chana dal,spices,mustard oil",Vegetarian,,"Increase the sattu, dal, or legume content where applicable and serve the chana dal puri with an extra protein-rich side. Keep the meal substantial for training days.",Resistance training session with progressive overload,"Pair with strength training and stay well hydrated. Common allergens: gluten,legumes."
388,Jharkhand,Bulking,Breakfast,"Chilka Roti (Double Sattu, Extra Serving)",199,7,24,6,3,Medium,Medium,Medium,"Legumes, Mustard","rice flour,besan,spices,mustard oil",Vegetarian,,"Increase the sattu, dal, or legume content where applicable and serve the chilka roti with an extra protein-rich side. Keep the meal substantial for training days.",Resistance training session with progressive overload,Pair with strength training and stay well hydrated. Common allergens: legumes.
389,Jharkhand,Bulking,Breakfast,Dal Pitha (Heavy Urad Stuffing) + Protein Shake,700,40,80,24,8,High,Medium,Low,Dairy,"Rice Flour, Urad Dal, Whey Protein",Vegetarian,,Stuff pithas heavily with dal. Supplement with a clean protein shake.,60 mins heavy lifting,Chew the pitha well
390,Jharkhand,Bulking,Breakfast,"Dhuska (Double Sattu, Protein Rich Plate)",215,9,26,9,3,Medium,Medium,Medium,"Legumes, Mustard, Rice","rice flour,urad dal,spices,mustard oil",Vegetarian,,"Increase the sattu, dal, or legume content where applicable and serve the dhuska with an extra protein-rich side. Keep the meal substantial for training days.",Resistance training session with progressive overload,"Pair with strength training and stay well hydrated. Common allergens: rice,legumes."
391,Jharkhand,Bulking,Breakfast,Double Dhuska + Thick Ghugni (Black Chana),700,40,80,24,12,Medium,Medium,Medium,Safe,"Rice, Chana Dal, Black Chickpeas",Vegetarian,,Consume large portions of Dhuska and protein-dense black chana.,60 mins heavy lifting,High carb load
392,Jharkhand,Bulking,Breakfast,Gondli Upma + 200g Paneer Bhurji,700,40,80,24,7,Medium,Medium,High,Dairy,"Little Millet, Paneer, Ghee",Vegetarian,,Toss paneer bhurji in ghee to pair with the millet upma.,60 mins heavy lifting,Lactose warning
393,Jharkhand,Bulking,Breakfast,"Khaja (Double Sattu, Double Portion)",249,4,33,9,1,Medium,Medium,Medium,"Gluten, Mustard, Sesame","refined flour,jaggery,sugar,sesame,mustard oil",Vegetarian,,"Increase the sattu, dal, or legume content where applicable and serve the khaja with an extra protein-rich side. Keep the meal substantial for training days.",Resistance training session with progressive overload,Pair with strength training and stay well hydrated. Common allergens: gluten.
394,Jharkhand,Bulking,Breakfast,"Litti-Chokha (Dal Heavy, Double Portion)",257,11,33,9,5,High,High,High,"Gluten, Mustard","whole wheat flour,sattu,mustard oil,brinjal,tomato,potato,spices",Vegetarian,,"Increase the sattu, dal, or legume content where applicable and serve the litti-chokha with an extra protein-rich side. Keep the meal substantial for training days.",Resistance training session with progressive overload,Pair with strength training and stay well hydrated. Common allergens: gluten.
395,Jharkhand,Bulking,Breakfast,Marua Roti + Soya Chunks Curry,700,40,80,24,14,Low,Medium,Low,Soy,"Finger Millet, Soya Chunks",Vegetarian,,"Cook a heavy, thick gravy of soya chunks for maximum plant protein.",60 mins heavy lifting,Hydrate well
396,Jharkhand,Bulking,Breakfast,"Mitha Pitha (Protein Rich, Extra Serving)",237,6,33,6,2,Medium,Medium,Medium,"Rice, Sesame","rice flour,jaggery,coconut,sesame",Vegetarian,,"Increase the sattu, dal, or legume content where applicable and serve the mitha pitha with an extra protein-rich side. Keep the meal substantial for training days.",Resistance training session with progressive overload,Pair with strength training and stay well hydrated. Common allergens: rice.
397,Jharkhand,Bulking,Breakfast,"Sattu Paratha (Dal Heavy, Large Bowl)",261,11,31,9,5,High,High,High,"Gluten, Legumes, Mustard","whole wheat flour,sattu,spices,mustard oil",Vegetarian,,"Increase the sattu, dal, or legume content where applicable and serve the sattu paratha with an extra protein-rich side. Keep the meal substantial for training days.",Resistance training session with progressive overload,"Pair with strength training and stay well hydrated. Common allergens: gluten,legumes."
398,Jharkhand,Bulking,Breakfast,"Thekua (Dal Heavy, Extra Serving)",224,4,26,9,2,High,High,High,"Gluten, Mustard, Sesame","whole wheat flour,jaggery,sesame,mustard oil",Vegetarian,,"Increase the sattu, dal, or legume content where applicable and serve the thekua with an extra protein-rich side. Keep the meal substantial for training days.",Resistance training session with progressive overload,Pair with strength training and stay well hydrated. Common allergens: gluten.
399,Jharkhand,Bulking,Breakfast,"Thekua (Protein Rich, Large Bowl)",204,4,26,9,2,High,Low,Low,"Gluten, Mustard, Sesame","whole wheat flour,jaggery,sesame,mustard oil",Vegetarian,,"Increase the sattu, dal, or legume content where applicable and serve the thekua with an extra protein-rich side. Keep the meal substantial for training days.",Resistance training session with progressive overload,Pair with strength training and stay well hydrated. Common allergens: gluten.
400,Jharkhand,Bulking,Breakfast,"Til Barfi (Double Sattu, Large Bowl)",204,5,20,11,2,Medium,Medium,Medium,"Dairy, Nuts, Sesame","sesame,jaggery,ghee",Vegetarian,,"Increase the sattu, dal, or legume content where applicable and serve the til barfi with an extra protein-rich side. Keep the meal substantial for training days.",Resistance training session with progressive overload,"Pair with strength training and stay well hydrated. Common allergens: sesame,nuts."
401,Jharkhand,Bulking,Breakfast,Chicken Charpa (Minced Meat Steamed) + Rice,700,40,80,24,6,Medium,Medium,Medium,Safe,"Minced Chicken, Rice, Sal Leaves",Non-Vegetarian,Chicken,"Mix minced chicken with rice flour, wrap in leaves, and steam.",60 mins heavy lifting,Ensure chicken is cooked
402,Jharkhand,Bulking,Breakfast,"Chilka Roti (Dal Heavy, Extra Serving)",199,8,24,6,3,High,High,High,"Legumes, Mustard","rice flour,besan,spices,mustard oil,chicken,spices",Non-Vegetarian,Chicken,Use lean chicken generously and pair the dish with extra roti or pitha for more protein and calories. Keep seasoning bold but not overly salty.,Resistance training session with progressive overload,Pair with strength training and stay well hydrated. Trim visible fat and keep portions moderate. Common allergens: legumes.
403,Jharkhand,Bulking,Breakfast,"Chilka Roti (Double Sattu, Protein Rich Plate)",181,8,24,6,3,Medium,Medium,Medium,"Legumes, Mustard","rice flour,besan,spices,mustard oil,chicken,spices",Non-Vegetarian,Chicken,Use lean chicken generously and pair the dish with extra roti or pitha for more protein and calories. Keep seasoning bold but not overly salty.,Resistance training session with progressive overload,Pair with strength training and stay well hydrated. Trim visible fat and keep portions moderate. Common allergens: legumes.
404,Jharkhand,Bulking,Breakfast,"Chilka Roti (Protein Rich, Large Bowl)",181,8,24,6,3,High,Low,Low,"Legumes, Mustard","rice flour,besan,spices,mustard oil,chicken,spices",Non-Vegetarian,Chicken,Use lean chicken generously and pair the dish with extra roti or pitha for more protein and calories. Keep seasoning bold but not overly salty.,Resistance training session with progressive overload,Pair with strength training and stay well hydrated. Trim visible fat and keep portions moderate. Common allergens: legumes.
405,Jharkhand,Bulking,Breakfast,"Dhuska (Double Sattu, Extra Serving)",237,9,26,9,3,Medium,Medium,Medium,"Legumes, Mustard, Rice","rice flour,urad dal,spices,mustard oil,chicken,spices",Non-Vegetarian,Chicken,Use lean chicken generously and pair the dish with extra roti or pitha for more protein and calories. Keep seasoning bold but not overly salty.,Resistance training session with progressive overload,"Pair with strength training and stay well hydrated. Trim visible fat and keep portions moderate. Common allergens: rice,legumes."
406,Jharkhand,Bulking,Breakfast,"Dhuska (Hearty, Double Portion)",237,9,26,9,3,Low,High,High,"Legumes, Mustard, Rice","rice flour,urad dal,spices,mustard oil,chicken,spices",Non-Vegetarian,Chicken,Use lean chicken generously and pair the dish with extra roti or pitha for more protein and calories. Keep seasoning bold but not overly salty.,Resistance training session with progressive overload,"Pair with strength training and stay well hydrated. Trim visible fat and keep portions moderate. Common allergens: rice,legumes."
407,Jharkhand,Bulking,Breakfast,"Dhuska (Protein Rich, Protein Rich Plate)",215,9,26,9,3,High,Low,Low,"Legumes, Mustard, Rice","rice flour,urad dal,spices,mustard oil,chicken,spices",Non-Vegetarian,Chicken,Use lean chicken generously and pair the dish with extra roti or pitha for more protein and calories. Keep seasoning bold but not overly salty.,Resistance training session with progressive overload,"Pair with strength training and stay well hydrated. Trim visible fat and keep portions moderate. Common allergens: rice,legumes."
408,Jharkhand,Bulking,Breakfast,"Khapada Roti (Dal Heavy, Double Portion)",212,8,31,5,4,High,High,High,"Gluten, Mustard","whole wheat flour,mustard oil,water,spices,goat meat,spices",Non-Vegetarian,Mutton,Use trimmed mutton generously and pair the dish with extra roti or pitha for more protein and calories. Keep seasoning bold but not overly salty.,Resistance training session with progressive overload,Pair with strength training and stay well hydrated. Trim visible fat and keep portions moderate. Common allergens: gluten.
409,Jharkhand,Bulking,Breakfast,"Khapada Roti (Protein Rich, Extra Serving)",212,8,31,5,4,Medium,Medium,Medium,"Gluten, Mustard","whole wheat flour,mustard oil,water,spices,goat meat,spices",Non-Vegetarian,Mutton,Use trimmed mutton generously and pair the dish with extra roti or pitha for more protein and calories. Keep seasoning bold but not overly salty.,Resistance training session with progressive overload,Pair with strength training and stay well hydrated. Trim visible fat and keep portions moderate. Common allergens: gluten.
410,Jharkhand,Bulking,Breakfast,"Litti-Chokha (Dal Heavy, Protein Rich Plate)",272,13,33,9,5,High,High,High,"Gluten, Mustard","whole wheat flour,sattu,mustard oil,brinjal,tomato,potato,spices,chicken,spices",Non-Vegetarian,Chicken,Use lean chicken generously and pair the dish with extra roti or pitha for more protein and calories. Keep seasoning bold but not overly salty.,Resistance training session with progressive overload,Pair with strength training and stay well hydrated. Trim visible fat and keep portions moderate. Common allergens: gluten.
411,Jharkhand,Bulking,Breakfast,"Litti-Chokha (Double Sattu, Large Bowl)",272,11,33,9,5,Medium,Medium,Medium,"Gluten, Mustard","whole wheat flour,sattu,mustard oil,brinjal,tomato,potato,spices,chicken,spices",Non-Vegetarian,Chicken,Use lean chicken generously and pair the dish with extra roti or pitha for more protein and calories. Keep seasoning bold but not overly salty.,Resistance training session with progressive overload,Pair with strength training and stay well hydrated. Trim visible fat and keep portions moderate. Common allergens: gluten.
412,Jharkhand,Bulking,Breakfast,"Litti-Chokha (Protein Rich, Double Portion)",299,13,33,9,5,Low,Low,Low,"Gluten, Mustard","whole wheat flour,sattu,mustard oil,brinjal,tomato,potato,spices,chicken,spices",Non-Vegetarian,Chicken,Use lean chicken generously and pair the dish with extra roti or pitha for more protein and calories. Keep seasoning bold but not overly salty.,Resistance training session with progressive overload,Pair with strength training and stay well hydrated. Trim visible fat and keep portions moderate. Common allergens: gluten.
413,Jharkhand,Bulking,Breakfast,Mutton Liver Charpa + Chilka Roti,700,40,80,24,5,Medium,Medium,High,Safe,"Mutton Liver, Rice, Chana Dal",Non-Vegetarian,Mutton,Steam minced mutton liver in leaves for intense protein/iron.,60 mins heavy lifting,Extremely high cholesterol
414,Jharkhand,Bulking,Breakfast,"Sattu Paratha (Double Sattu, Double Portion)",287,12,31,9,5,Medium,Medium,Medium,"Gluten, Legumes, Mustard","whole wheat flour,sattu,spices,mustard oil,chicken,spices",Non-Vegetarian,Chicken,Use lean chicken generously and pair the dish with extra roti or pitha for more protein and calories. Keep seasoning bold but not overly salty.,Resistance training session with progressive overload,"Pair with strength training and stay well hydrated. Trim visible fat and keep portions moderate. Common allergens: gluten,legumes."
415,Jharkhand,Bulking,Breakfast,Sattu Paratha (Double Stuffed) + 4 Boiled Eggs,700,40,80,24,10,Medium,Medium,High,"Dairy, Egg, Eggs, Gluten","Wheat, Sattu, Eggs, Ghee",Non-Vegetarian,,Stuff paratha heavily with sattu; cook in ghee. Consume 4 whole eggs.,60 mins heavy lifting,High protein and fat
416,Jharkhand,Bulking,Breakfast,"Sattu Paratha (Rustic, Local Style)",261,11,31,9,5,High,High,High,"Gluten, Legumes, Mustard","whole wheat flour,sattu,spices,mustard oil,chicken,spices",Non-Vegetarian,Chicken,Use lean chicken generously and pair the dish with extra roti or pitha for more protein and calories. Keep seasoning bold but not overly salty.,Resistance training session with progressive overload,"Pair with strength training and stay well hydrated. Trim visible fat and keep portions moderate. Common allergens: gluten,legumes."
417,Jharkhand,Bulking,Breakfast,"Arsa (Dal Heavy, Protein Rich Plate)",193,4,31,6,1,High,High,High,"Mustard, Rice, Sesame","rice flour,jaggery,sesame,mustard oil",Vegan,,"Increase the sattu, dal, or legume content where applicable and serve the arsa with an extra protein-rich side. Keep the meal substantial for training days.",Resistance training session with progressive overload,Pair with strength training and stay well hydrated. Keep the recipe fully plant-based and avoid ghee or dairy. Common allergens: rice.
418,Jharkhand,Bulking,Breakfast,"Arsa (Protein Rich, Double Portion)",212,5,31,6,1,High,Low,Low,"Mustard, Rice, Sesame","rice flour,jaggery,sesame,mustard oil",Vegan,,"Increase the sattu, dal, or legume content where applicable and serve the arsa with an extra protein-rich side. Keep the meal substantial for training days.",Resistance training session with progressive overload,Pair with strength training and stay well hydrated. Keep the recipe fully plant-based and avoid ghee or dairy. Common allergens: rice.
419,Jharkhand,Bulking,Breakfast,"Chana Dal Puri (Dal Heavy, Double Portion)",274,10,31,9,4,Low,High,High,"Gluten, Legumes, Mustard","whole wheat flour,chana dal,spices,mustard oil",Vegan,,"Increase the sattu, dal, or legume content where applicable and serve the chana dal puri with an extra protein-rich side. Keep the meal substantial for training days.",Resistance training session with progressive overload,"Pair with strength training and stay well hydrated. Keep the recipe fully plant-based and avoid ghee or dairy. Common allergens: gluten,legumes."
420,Jharkhand,Bulking,Breakfast,"Chilka Roti (Double Sattu, Large Bowl)",181,7,24,6,3,Medium,Medium,Medium,"Legumes, Mustard","rice flour,besan,spices,mustard oil",Vegan,,"Increase the sattu, dal, or legume content where applicable and serve the chilka roti with an extra protein-rich side. Keep the meal substantial for training days.",Resistance training session with progressive overload,Pair with strength training and stay well hydrated. Keep the recipe fully plant-based and avoid ghee or dairy. Common allergens: legumes.
421,Jharkhand,Bulking,Breakfast,"Chilka Roti (Hearty, Extra Serving)",199,7,24,6,3,High,High,High,"Legumes, Mustard","rice flour,besan,spices,mustard oil",Vegan,,"Increase the sattu, dal, or legume content where applicable and serve the chilka roti with an extra protein-rich side. Keep the meal substantial for training days.",Resistance training session with progressive overload,Pair with strength training and stay well hydrated. Keep the recipe fully plant-based and avoid ghee or dairy. Common allergens: legumes.
422,Jharkhand,Bulking,Breakfast,"Dhuska (Double Sattu, Double Portion)",237,8,26,9,3,Medium,Medium,Medium,"Legumes, Mustard, Rice","rice flour,urad dal,spices,mustard oil",Vegan,,"Increase the sattu, dal, or legume content where applicable and serve the dhuska with an extra protein-rich side. Keep the meal substantial for training days.",Resistance training session with progressive overload,"Pair with strength training and stay well hydrated. Keep the recipe fully plant-based and avoid ghee or dairy. Common allergens: rice,legumes."
423,Jharkhand,Bulking,Breakfast,"Dhuska (Hearty, Protein Rich Plate)",215,9,26,9,3,Low,High,High,"Legumes, Mustard, Rice","rice flour,urad dal,spices,mustard oil",Vegan,,"Increase the sattu, dal, or legume content where applicable and serve the dhuska with an extra protein-rich side. Keep the meal substantial for training days.",Resistance training session with progressive overload,"Pair with strength training and stay well hydrated. Keep the recipe fully plant-based and avoid ghee or dairy. Common allergens: rice,legumes."
424,Jharkhand,Bulking,Breakfast,"Khaja (Hearty, Double Portion)",249,4,33,9,1,High,High,High,"Gluten, Mustard, Sesame","refined flour,jaggery,sugar,sesame,mustard oil",Vegan,,"Increase the sattu, dal, or legume content where applicable and serve the khaja with an extra protein-rich side. Keep the meal substantial for training days.",Resistance training session with progressive overload,Pair with strength training and stay well hydrated. Keep the recipe fully plant-based and avoid ghee or dairy. Common allergens: gluten.
425,Jharkhand,Bulking,Breakfast,"Khaja (Protein Rich, Protein Rich Plate)",227,4,33,9,1,High,Low,Low,"Gluten, Mustard, Sesame","refined flour,jaggery,sugar,sesame,mustard oil",Vegan,,"Increase the sattu, dal, or legume content where applicable and serve the khaja with an extra protein-rich side. Keep the meal substantial for training days.",Resistance training session with progressive overload,Pair with strength training and stay well hydrated. Keep the recipe fully plant-based and avoid ghee or dairy. Common allergens: gluten.
426,Jharkhand,Bulking,Breakfast,"Litti-Chokha (Double Sattu, Protein Rich Plate)",272,12,33,9,5,Medium,Medium,Medium,"Gluten, Mustard","whole wheat flour,sattu,mustard oil,brinjal,tomato,potato,spices",Vegan,,"Increase the sattu, dal, or legume content where applicable and serve the litti-chokha with an extra protein-rich side. Keep the meal substantial for training days.",Resistance training session with progressive overload,Pair with strength training and stay well hydrated. Keep the recipe fully plant-based and avoid ghee or dairy. Common allergens: gluten.
427,Jharkhand,Bulking,Breakfast,"Mitha Pitha (Dal Heavy, Extra Serving)",237,6,33,6,2,High,High,High,"Rice, Sesame","rice flour,jaggery,sesame",Vegan,,"Increase the sattu, dal, or legume content where applicable and serve the mitha pitha with an extra protein-rich side. Keep the meal substantial for training days.",Resistance training session with progressive overload,Pair with strength training and stay well hydrated. Keep the recipe fully plant-based and avoid ghee or dairy. Common allergens: rice.
428,Jharkhand,Bulking,Breakfast,"Mitha Pitha (Protein Rich, Large Bowl)",215,6,33,6,2,High,Low,Low,"Rice, Sesame","rice flour,jaggery,sesame",Vegan,,"Increase the sattu, dal, or legume content where applicable and serve the mitha pitha with an extra protein-rich side. Keep the meal substantial for training days.",Resistance training session with progressive overload,Pair with strength training and stay well hydrated. Keep the recipe fully plant-based and avoid ghee or dairy. Common allergens: rice.
429,Jharkhand,Bulking,Breakfast,"Sattu Paratha (Double Sattu, Extra Serving)",249,11,31,9,5,Medium,Medium,Medium,"Gluten, Legumes, Mustard","whole wheat flour,sattu,spices,mustard oil",Vegan,,"Increase the sattu, dal, or legume content where applicable and serve the sattu paratha with an extra protein-rich side. Keep the meal substantial for training days.",Resistance training session with progressive overload,"Pair with strength training and stay well hydrated. Keep the recipe fully plant-based and avoid ghee or dairy. Common allergens: gluten,legumes."
430,Jharkhand,Bulking,Breakfast,"Thekua (Dal Heavy, Large Bowl)",204,4,26,9,2,High,High,High,"Gluten, Mustard, Sesame","whole wheat flour,jaggery,sesame,mustard oil",Vegan,,"Increase the sattu, dal, or legume content where applicable and serve the thekua with an extra protein-rich side. Keep the meal substantial for training days.",Resistance training session with progressive overload,Pair with strength training and stay well hydrated. Keep the recipe fully plant-based and avoid ghee or dairy. Common allergens: gluten.
431,Jharkhand,Bulking,Breakfast,"Til Barfi (Hearty, Large Bowl)",204,5,20,11,2,High,High,High,"Mustard, Nuts, Sesame","sesame,jaggery,mustard oil",Vegan,,"Increase the sattu, dal, or legume content where applicable and serve the til barfi with an extra protein-rich side. Keep the meal substantial for training days.",Resistance training session with progressive overload,"Pair with strength training and stay well hydrated. Keep the recipe fully plant-based and avoid ghee or dairy. Common allergens: sesame,nuts."
432,Jharkhand,Bulking,Breakfast,"Til Barfi (Protein Rich, Extra Serving)",224,6,20,12,2,Medium,Medium,Medium,"Mustard, Nuts, Sesame","sesame,jaggery,mustard oil",Vegan,,"Increase the sattu, dal, or legume content where applicable and serve the til barfi with an extra protein-rich side. Keep the meal substantial for training days.",Resistance training session with progressive overload,"Pair with strength training and stay well hydrated. Keep the recipe fully plant-based and avoid ghee or dairy. Common allergens: sesame,nuts."
433,Jharkhand,Bulking,Lunch,"Aloo Chokha (Hearty, Large Bowl)",142,4,20,4,3,High,High,High,Mustard,"potato,onion,green chilli,mustard oil,spices",Vegetarian,,"Increase the sattu, dal, or legume content where applicable and serve the aloo chokha with an extra protein-rich side. Keep the meal substantial for training days.",Resistance training session with progressive overload,Pair with strength training and stay well hydrated.
434,Jharkhand,Bulking,Lunch,"Aloo Chokha (Protein Rich, Protein Rich Plate)",142,4,20,4,3,Low,Low,Low,Mustard,"potato,onion,green chilli,mustard oil,spices",Vegetarian,,"Increase the sattu, dal, or legume content where applicable and serve the aloo chokha with an extra protein-rich side. Keep the meal substantial for training days.",Resistance training session with progressive overload,Pair with strength training and stay well hydrated.
435,Jharkhand,Bulking,Lunch,"Bamboo Shoot Sabzi (Hearty, Double Portion)",83,4,10,3,4,High,High,High,Mustard,"bamboo shoot,onion,garlic,mustard oil,spices",Vegetarian,,"Increase the sattu, dal, or legume content where applicable and serve the bamboo shoot sabzi with an extra protein-rich side. Keep the meal substantial for training days.",Resistance training session with progressive overload,Pair with strength training and stay well hydrated.
436,Jharkhand,Bulking,Lunch,"Bamboo Shoot Sabzi (Protein Rich, Large Bowl)",83,4,10,3,4,Low,Low,Low,Mustard,"bamboo shoot,onion,garlic,mustard oil,spices",Vegetarian,,"Increase the sattu, dal, or legume content where applicable and serve the bamboo shoot sabzi with an extra protein-rich side. Keep the meal substantial for training days.",Resistance training session with progressive overload,Pair with strength training and stay well hydrated.
437,Jharkhand,Bulking,Lunch,"Bhaji Sag (Protein Rich, Extra Serving)",103,6,13,3,4,Medium,Medium,Medium,Mustard,"leafy greens,onion,garlic,mustard oil,spices",Vegetarian,,"Increase the sattu, dal, or legume content where applicable and serve the bhaji sag with an extra protein-rich side. Keep the meal substantial for training days.",Resistance training session with progressive overload,Pair with strength training and stay well hydrated.
438,Jharkhand,Bulking,Lunch,Brown Rice + Thick Urad Dal + Soya Sabzi,900,55,100,31,16,Medium,Medium,Low,Soy,"Brown Rice, Black Gram, Soya Chunks",Vegetarian,,Combine thick Urad dal and soya chunks for extreme plant protein.,45 mins hypertrophy training,Drink plenty of water
439,Jharkhand,Bulking,Lunch,"Dal Pitha (Double Sattu, Protein Rich Plate)",248,12,31,6,4,Medium,Medium,Medium,"Gluten, Legumes, Mustard","rice flour,urad dal,chana dal,spices,mustard oil",Vegetarian,,"Increase the sattu, dal, or legume content where applicable and serve the dal pitha with an extra protein-rich side. Keep the meal substantial for training days.",Resistance training session with progressive overload,"Pair with strength training and stay well hydrated. Common allergens: gluten,legumes."
440,Jharkhand,Bulking,Lunch,"Dubki (Dal Heavy, Double Portion)",161,9,20,5,5,Low,High,High,"Legumes, Mustard","chana dal/urad dal,spices,mustard oil,garlic",Vegetarian,,"Increase the sattu, dal, or legume content where applicable and serve the dubki with an extra protein-rich side. Keep the meal substantial for training days.",Resistance training session with progressive overload,Pair with strength training and stay well hydrated. Common allergens: legumes.
441,Jharkhand,Bulking,Lunch,"Khapada Roti (Double Sattu, Double Portion)",221,7,31,5,4,Medium,Medium,Medium,"Gluten, Mustard","whole wheat flour,mustard oil,water,spices",Vegetarian,,"Increase the sattu, dal, or legume content where applicable and serve the khapada roti with an extra protein-rich side. Keep the meal substantial for training days.",Resistance training session with progressive overload,Pair with strength training and stay well hydrated. Common allergens: gluten.
442,Jharkhand,Bulking,Lunch,"Koinar Sag (Double Sattu, Extra Serving)",95,6,11,3,4,Medium,Medium,Medium,Mustard,"koinar leaves,onion,garlic,mustard oil,spices",Vegetarian,,"Increase the sattu, dal, or legume content where applicable and serve the koinar sag with an extra protein-rich side. Keep the meal substantial for training days.",Resistance training session with progressive overload,Pair with strength training and stay well hydrated.
443,Jharkhand,Bulking,Lunch,"Kudurum Ki Chatni (Double Sattu, Large Bowl)",41,1,7,1,2,Medium,Medium,Medium,Mustard,"kudurum berries,green chilli,garlic,salt,mustard oil",Vegetarian,,"Increase the sattu, dal, or legume content where applicable and serve the kudurum ki chatni with an extra protein-rich side. Keep the meal substantial for training days.",Resistance training session with progressive overload,Pair with strength training and stay well hydrated.
444,Jharkhand,Bulking,Lunch,"Kurthi Dal (Dal Heavy, Protein Rich Plate)",206,13,22,6,7,Low,High,High,"Legumes, Mustard","kurthi dal,garlic,ginger,cumin,mustard oil",Vegetarian,,"Increase the sattu, dal, or legume content where applicable and serve the kurthi dal with an extra protein-rich side. Keep the meal substantial for training days.",Resistance training session with progressive overload,Pair with strength training and stay well hydrated. Common allergens: legumes.
445,Jharkhand,Bulking,Lunch,Marua Roti + Rajma + Aloo Bhujia,900,55,100,31,14,Medium,Medium,Medium,Safe,"Finger Millet, Kidney Beans, Potato",Vegetarian,,"Thick rajma curry for protein, potato bhujia for carb/fat calories.",45 mins hypertrophy training,No specific warning
446,Jharkhand,Bulking,Lunch,"Rugdha (Dal Heavy, Extra Serving)",123,7,9,5,3,High,High,High,Mustard,"rugdha mushroom,onion,garlic,mustard oil,spices",Vegetarian,,"Increase the sattu, dal, or legume content where applicable and serve the rugdha with an extra protein-rich side. Keep the meal substantial for training days.",Resistance training session with progressive overload,Pair with strength training and stay well hydrated.
447,Jharkhand,Bulking,Lunch,"Rugdha (Protein Rich, Double Portion)",123,8,9,5,3,Low,Low,Low,Mustard,"rugdha mushroom,onion,garlic,mustard oil,spices",Vegetarian,,"Increase the sattu, dal, or legume content where applicable and serve the rugdha with an extra protein-rich side. Keep the meal substantial for training days.",Resistance training session with progressive overload,Pair with strength training and stay well hydrated.
448,Jharkhand,Bulking,Lunch,"Udad Dal (Dal Heavy, Large Bowl)",212,14,20,7,6,Low,High,High,"Legumes, Mustard","urad dal,ginger,garlic,cumin,mustard oil",Vegetarian,,"Increase the sattu, dal, or legume content where applicable and serve the udad dal with an extra protein-rich side. Keep the meal substantial for training days.",Resistance training session with progressive overload,Pair with strength training and stay well hydrated. Common allergens: legumes.
449,Jharkhand,Bulking,Lunch,"Aloo Chokha (Double Sattu, Extra Serving)",156,5,20,5,3,Medium,Medium,Medium,Mustard,"potato,onion,green chilli,mustard oil,spices,chicken,spices",Non-Vegetarian,Chicken,Use lean chicken generously and pair the dish with extra roti or pitha for more protein and calories. Keep seasoning bold but not overly salty.,Resistance training session with progressive overload,Pair with strength training and stay well hydrated. Trim visible fat and keep portions moderate.
450,Jharkhand,Bulking,Lunch,"Aloo Chokha (Protein Rich, Large Bowl)",142,5,20,4,3,Low,Low,Low,Mustard,"potato,onion,green chilli,mustard oil,spices,chicken,spices",Non-Vegetarian,Chicken,Use lean chicken generously and pair the dish with extra roti or pitha for more protein and calories. Keep seasoning bold but not overly salty.,Resistance training session with progressive overload,Pair with strength training and stay well hydrated. Trim visible fat and keep portions moderate.
451,Jharkhand,Bulking,Lunch,"Chilka Roti (Fresh, Daily Serve)",189,7,24,6,3,Medium,Medium,Medium,"Legumes, Mustard","rice flour,besan,spices,mustard oil,chicken,spices",Non-Vegetarian,Chicken,Use lean chicken generously and pair the dish with extra roti or pitha for more protein and calories. Keep seasoning bold but not overly salty.,Resistance training session with progressive overload,Pair with strength training and stay well hydrated. Trim visible fat and keep portions moderate. Common allergens: legumes.
452,Jharkhand,Bulking,Lunch,"Desi Chicken Curry (Dal Heavy, Double Portion)",324,36,6,16,0,High,High,High,Mustard,"chicken,onion,garlic,ginger,spices,mustard oil",Non-Vegetarian,Chicken,Use lean chicken generously and pair the dish with extra roti or pitha for more protein and calories. Keep seasoning bold but not overly salty.,Resistance training session with progressive overload,Pair with strength training and stay well hydrated. Trim visible fat and keep portions moderate.
453,Jharkhand,Bulking,Lunch,"Desi Chicken Curry (Protein Rich, Protein Rich Plate)",295,38,6,15,0,Low,Low,Low,Mustard,"chicken,onion,garlic,ginger,spices,mustard oil",Non-Vegetarian,Chicken,Use lean chicken generously and pair the dish with extra roti or pitha for more protein and calories. Keep seasoning bold but not overly salty.,Resistance training session with progressive overload,Pair with strength training and stay well hydrated. Trim visible fat and keep portions moderate.
454,Jharkhand,Bulking,Lunch,"Goat Meat Gravy (Dal Heavy, Large Bowl)",354,34,4,22,0,High,High,High,Mustard,"goat meat,onion,garlic,ginger,spices,mustard oil",Non-Vegetarian,Mutton,Use trimmed mutton generously and pair the dish with extra roti or pitha for more protein and calories. Keep seasoning bold but not overly salty.,Resistance training session with progressive overload,Pair with strength training and stay well hydrated. Trim visible fat and keep portions moderate.
455,Jharkhand,Bulking,Lunch,"Goat Meat Gravy (Protein Rich, Extra Serving)",389,40,4,23,0,Medium,Medium,Medium,Mustard,"goat meat,onion,garlic,ginger,spices,mustard oil",Non-Vegetarian,Mutton,Use trimmed mutton generously and pair the dish with extra roti or pitha for more protein and calories. Keep seasoning bold but not overly salty.,Resistance training session with progressive overload,Pair with strength training and stay well hydrated. Trim visible fat and keep portions moderate.
456,Jharkhand,Bulking,Lunch,Gondli Rice + Chicken Jhor + Fried Putu,900,55,100,31,12,Medium,Medium,Medium,Safe,"Little Millet, Chicken, Putu Mushroom",Non-Vegetarian,Chicken,Fry the protein-rich Putu mushroom and serve with massive chicken broth.,45 mins hypertrophy training,Ensure mushrooms are cleaned well
457,Jharkhand,Bulking,Lunch,"Khapada Roti (Double Sattu, Protein Rich Plate)",201,8,31,4,4,Medium,Medium,Medium,"Gluten, Mustard","whole wheat flour,mustard oil,water,spices,goat meat,spices",Non-Vegetarian,Mutton,Use trimmed mutton generously and pair the dish with extra roti or pitha for more protein and calories. Keep seasoning bold but not overly salty.,Resistance training session with progressive overload,Pair with strength training and stay well hydrated. Trim visible fat and keep portions moderate. Common allergens: gluten.
458,Jharkhand,Bulking,Lunch,"Khapada Roti (Protein Rich, Double Portion)",221,8,31,5,4,Low,Low,Low,"Gluten, Mustard","whole wheat flour,mustard oil,water,spices,goat meat,spices",Non-Vegetarian,Mutton,Use trimmed mutton generously and pair the dish with extra roti or pitha for more protein and calories. Keep seasoning bold but not overly salty.,Resistance training session with progressive overload,Pair with strength training and stay well hydrated. Trim visible fat and keep portions moderate. Common allergens: gluten.
459,Jharkhand,Bulking,Lunch,"Litti-Chokha (Double Sattu, Double Portion)",261,12,33,9,5,Medium,Medium,Medium,"Gluten, Mustard","whole wheat flour,sattu,mustard oil,brinjal,tomato,potato,spices,chicken,spices",Non-Vegetarian,Chicken,Use lean chicken generously and pair the dish with extra roti or pitha for more protein and calories. Keep seasoning bold but not overly salty.,Resistance training session with progressive overload,Pair with strength training and stay well hydrated. Trim visible fat and keep portions moderate. Common allergens: gluten.
460,Jharkhand,Bulking,Lunch,"Litti-Chokha (Mild, House Style)",283,13,33,9,5,High,High,High,"Gluten, Mustard","whole wheat flour,sattu,mustard oil,brinjal,tomato,potato,spices,chicken,spices",Non-Vegetarian,Chicken,Use lean chicken generously and pair the dish with extra roti or pitha for more protein and calories. Keep seasoning bold but not overly salty.,Resistance training session with progressive overload,Pair with strength training and stay well hydrated. Trim visible fat and keep portions moderate. Common allergens: gluten.
461,Jharkhand,Bulking,Lunch,Makai Roti + Desi Murgh + Koinar Saag,900,55,100,31,12,Medium,Medium,Medium,Safe,"Cornmeal, Chicken, Koinar Leaves",Non-Vegetarian,Chicken,Consume a whole small local chicken stewed in native spices.,45 mins hypertrophy training,Watch for small bones
462,Jharkhand,Bulking,Lunch,Usna Rice + Chana Dal + Mutton Keema Sabzi,900,55,100,31,10,High,Medium,Medium,Safe,"Parboiled Rice, Bengal Gram, Minced Mutton",Non-Vegetarian,Mutton,Mix minced mutton into a thick sabzi.,45 mins hypertrophy training,Eat slowly
463,Jharkhand,Bulking,Lunch,Usna Rice + Double Khashi (Mutton) + Rugra,900,55,100,31,10,High,Medium,High,Safe,"Parboiled Rice, Mutton, Indigenous Mushroom",Non-Vegetarian,Mutton,Serve a double portion of mutton and protein-rich Rugra.,45 mins hypertrophy training,Heavy load on digestion
464,Jharkhand,Bulking,Lunch,Wheat Roti + Rohu Fish (Double) + Munga Saag,900,55,100,31,11,Low,Medium,Medium,"Fish, Gluten","Wheat, Rohu Fish, Drumstick Leaves",Non-Vegetarian,Fish,Pan-fry two large steaks of Rohu to pair with nutrient-dense saag.,45 mins hypertrophy training,Beware of fish bones
465,Jharkhand,Bulking,Lunch,"Aloo Chokha (Dal Heavy, Extra Serving)",156,4,20,5,3,High,High,High,Mustard,"potato,onion,green chilli,mustard oil,spices",Vegan,,"Increase the sattu, dal, or legume content where applicable and serve the aloo chokha with an extra protein-rich side. Keep the meal substantial for training days.",Resistance training session with progressive overload,Pair with strength training and stay well hydrated. Keep the recipe fully plant-based and avoid ghee or dairy.
466,Jharkhand,Bulking,Lunch,"Aloo Chokha (Protein Rich, Double Portion)",156,5,20,5,3,Low,Low,Low,Mustard,"potato,onion,green chilli,mustard oil,spices",Vegan,,"Increase the sattu, dal, or legume content where applicable and serve the aloo chokha with an extra protein-rich side. Keep the meal substantial for training days.",Resistance training session with progressive overload,Pair with strength training and stay well hydrated. Keep the recipe fully plant-based and avoid ghee or dairy.
467,Jharkhand,Bulking,Lunch,"Bamboo Shoot Sabzi (Dal Heavy, Protein Rich Plate)",83,4,10,3,4,High,High,High,Mustard,"bamboo shoot,onion,garlic,mustard oil,spices",Vegan,,"Increase the sattu, dal, or legume content where applicable and serve the bamboo shoot sabzi with an extra protein-rich side. Keep the meal substantial for training days.",Resistance training session with progressive overload,Pair with strength training and stay well hydrated. Keep the recipe fully plant-based and avoid ghee or dairy.
468,Jharkhand,Bulking,Lunch,"Bhaji Sag (Hearty, Double Portion)",103,6,13,3,4,High,High,High,Mustard,"leafy greens,onion,garlic,mustard oil,spices",Vegan,,"Increase the sattu, dal, or legume content where applicable and serve the bhaji sag with an extra protein-rich side. Keep the meal substantial for training days.",Resistance training session with progressive overload,Pair with strength training and stay well hydrated. Keep the recipe fully plant-based and avoid ghee or dairy.
469,Jharkhand,Bulking,Lunch,"Bhaji Sag (Protein Rich, Large Bowl)",118,6,13,3,4,Low,Low,Low,Mustard,"leafy greens,onion,garlic,mustard oil,spices",Vegan,,"Increase the sattu, dal, or legume content where applicable and serve the bhaji sag with an extra protein-rich side. Keep the meal substantial for training days.",Resistance training session with progressive overload,Pair with strength training and stay well hydrated. Keep the recipe fully plant-based and avoid ghee or dairy.
470,Jharkhand,Bulking,Lunch,"Dal Pitha (Classic, Local Style)",222,11,31,6,4,Low,High,High,"Gluten, Legumes, Mustard","rice flour,urad dal,chana dal,spices,mustard oil",Vegan,,"Increase the sattu, dal, or legume content where applicable and serve the dal pitha with an extra protein-rich side. Keep the meal substantial for training days.",Resistance training session with progressive overload,"Pair with strength training and stay well hydrated. Keep the recipe fully plant-based and avoid ghee or dairy. Common allergens: gluten,legumes."
471,Jharkhand,Bulking,Lunch,"Dal Pitha (Double Sattu, Double Portion)",222,11,31,6,4,Medium,Medium,Medium,"Gluten, Legumes, Mustard","rice flour,urad dal,chana dal,spices,mustard oil",Vegan,,"Increase the sattu, dal, or legume content where applicable and serve the dal pitha with an extra protein-rich side. Keep the meal substantial for training days.",Resistance training session with progressive overload,"Pair with strength training and stay well hydrated. Keep the recipe fully plant-based and avoid ghee or dairy. Common allergens: gluten,legumes."
472,Jharkhand,Bulking,Lunch,"Dubki (Double Sattu, Protein Rich Plate)",152,9,20,4,5,Medium,Medium,Medium,"Legumes, Mustard","chana dal/urad dal,spices,mustard oil,garlic",Vegan,,"Increase the sattu, dal, or legume content where applicable and serve the dubki with an extra protein-rich side. Keep the meal substantial for training days.",Resistance training session with progressive overload,Pair with strength training and stay well hydrated. Keep the recipe fully plant-based and avoid ghee or dairy. Common allergens: legumes.
473,Jharkhand,Bulking,Lunch,"Khapada Roti (Hearty, Large Bowl)",201,7,31,4,4,High,High,High,"Gluten, Mustard","whole wheat flour,mustard oil,water,spices",Vegan,,"Increase the sattu, dal, or legume content where applicable and serve the khapada roti with an extra protein-rich side. Keep the meal substantial for training days.",Resistance training session with progressive overload,Pair with strength training and stay well hydrated. Keep the recipe fully plant-based and avoid ghee or dairy. Common allergens: gluten.
474,Jharkhand,Bulking,Lunch,"Khapada Roti (Protein Rich, Protein Rich Plate)",201,7,31,4,4,Low,Low,Low,"Gluten, Mustard","whole wheat flour,mustard oil,water,spices",Vegan,,"Increase the sattu, dal, or legume content where applicable and serve the khapada roti with an extra protein-rich side. Keep the meal substantial for training days.",Resistance training session with progressive overload,Pair with strength training and stay well hydrated. Keep the recipe fully plant-based and avoid ghee or dairy. Common allergens: gluten.
475,Jharkhand,Bulking,Lunch,"Koinar Sag (Double Sattu, Large Bowl)",91,5,11,3,4,Medium,Medium,Medium,Mustard,"koinar leaves,onion,garlic,mustard oil,spices",Vegan,,"Increase the sattu, dal, or legume content where applicable and serve the koinar sag with an extra protein-rich side. Keep the meal substantial for training days.",Resistance training session with progressive overload,Pair with strength training and stay well hydrated. Keep the recipe fully plant-based and avoid ghee or dairy.
476,Jharkhand,Bulking,Lunch,"Kudurum Ki Chatni (Hearty, Protein Rich Plate)",41,1,7,1,2,High,High,High,Mustard,"kudurum berries,green chilli,garlic,salt,mustard oil",Vegan,,"Increase the sattu, dal, or legume content where applicable and serve the kudurum ki chatni with an extra protein-rich side. Keep the meal substantial for training days.",Resistance training session with progressive overload,Pair with strength training and stay well hydrated. Keep the recipe fully plant-based and avoid ghee or dairy.
477,Jharkhand,Bulking,Lunch,"Kudurum Ki Chatni (Protein Rich, Extra Serving)",45,2,7,1,2,Medium,Medium,Medium,Mustard,"kudurum berries,green chilli,garlic,salt,mustard oil",Vegan,,"Increase the sattu, dal, or legume content where applicable and serve the kudurum ki chatni with an extra protein-rich side. Keep the meal substantial for training days.",Resistance training session with progressive overload,Pair with strength training and stay well hydrated. Keep the recipe fully plant-based and avoid ghee or dairy.
478,Jharkhand,Bulking,Lunch,"Kurthi Dal (Dal Heavy, Double Portion)",194,13,22,6,7,Low,High,High,"Legumes, Mustard","kurthi dal,garlic,ginger,cumin,mustard oil",Vegan,,"Increase the sattu, dal, or legume content where applicable and serve the kurthi dal with an extra protein-rich side. Keep the meal substantial for training days.",Resistance training session with progressive overload,Pair with strength training and stay well hydrated. Keep the recipe fully plant-based and avoid ghee or dairy. Common allergens: legumes.
479,Jharkhand,Bulking,Lunch,"Rugdha (Dal Heavy, Large Bowl)",112,7,9,4,3,High,High,High,Mustard,"rugdha mushroom,onion,garlic,mustard oil,spices",Vegan,,"Increase the sattu, dal, or legume content where applicable and serve the rugdha with an extra protein-rich side. Keep the meal substantial for training days.",Resistance training session with progressive overload,Pair with strength training and stay well hydrated. Keep the recipe fully plant-based and avoid ghee or dairy.
480,Jharkhand,Bulking,Lunch,"Udad Dal (Double Sattu, Extra Serving)",199,14,20,7,6,Medium,Medium,Medium,"Legumes, Mustard","urad dal,ginger,garlic,cumin,mustard oil",Vegan,,"Increase the sattu, dal, or legume content where applicable and serve the udad dal with an extra protein-rich side. Keep the meal substantial for training days.",Resistance training session with progressive overload,Pair with strength training and stay well hydrated. Keep the recipe fully plant-based and avoid ghee or dairy. Common allergens: legumes.
481,Jharkhand,Bulking,Snack,"Arsa (Double Sattu, Double Portion)",188,4,31,6,1,Medium,Medium,Medium,"Mustard, Rice, Sesame","rice flour,jaggery,sesame,mustard oil",Vegetarian,,"Increase the sattu, dal, or legume content where applicable and serve the arsa with an extra protein-rich side. Keep the meal substantial for training days.",Resistance training session with progressive overload,Pair with strength training and stay well hydrated. Common allergens: rice.
482,Jharkhand,Bulking,Snack,"Chana Dal Puri (Mild, Daily Serve)",243,11,31,9,4,Low,Low,Low,"Gluten, Legumes, Mustard","whole wheat flour,chana dal,spices,mustard oil",Vegetarian,,"Increase the sattu, dal, or legume content where applicable and serve the chana dal puri with an extra protein-rich side. Keep the meal substantial for training days.",Resistance training session with progressive overload,"Pair with strength training and stay well hydrated. Common allergens: gluten,legumes."
483,Jharkhand,Bulking,Snack,"Chana Dal Puri (Mild, Daily Serve)",243,10,31,9,4,Low,High,High,"Gluten, Legumes, Mustard","whole wheat flour,chana dal,spices,mustard oil",Vegetarian,,"Increase the sattu, dal, or legume content where applicable and serve the chana dal puri with an extra protein-rich side. Keep the meal substantial for training days.",Resistance training session with progressive overload,"Pair with strength training and stay well hydrated. Common allergens: gluten,legumes."
484,Jharkhand,Bulking,Snack,"Dhuska (Classic, Daily Serve)",191,9,26,9,3,Medium,Medium,Medium,"Legumes, Mustard, Rice","rice flour,urad dal,spices,mustard oil",Vegetarian,,"Increase the sattu, dal, or legume content where applicable and serve the dhuska with an extra protein-rich side. Keep the meal substantial for training days.",Resistance training session with progressive overload,"Pair with strength training and stay well hydrated. Common allergens: rice,legumes."
485,Jharkhand,Bulking,Snack,"Khaja (Dal Heavy, Extra Serving)",221,4,33,9,1,High,High,High,"Gluten, Mustard, Sesame","refined flour,jaggery,sugar,sesame,mustard oil",Vegetarian,,"Increase the sattu, dal, or legume content where applicable and serve the khaja with an extra protein-rich side. Keep the meal substantial for training days.",Resistance training session with progressive overload,Pair with strength training and stay well hydrated. Common allergens: gluten.
486,Jharkhand,Bulking,Snack,"Khaja (Protein Rich, Extra Serving)",221,5,33,9,1,Medium,Medium,Medium,"Gluten, Mustard, Sesame","refined flour,jaggery,sugar,sesame,mustard oil",Vegetarian,,"Increase the sattu, dal, or legume content where applicable and serve the khaja with an extra protein-rich side. Keep the meal substantial for training days.",Resistance training session with progressive overload,Pair with strength training and stay well hydrated. Common allergens: gluten.
487,Jharkhand,Bulking,Snack,"Litti-Chokha (Dal Heavy, Large Bowl)",241,11,33,9,5,High,High,High,"Gluten, Mustard","whole wheat flour,sattu,mustard oil,brinjal,tomato,potato,spices",Vegetarian,,"Increase the sattu, dal, or legume content where applicable and serve the litti-chokha with an extra protein-rich side. Keep the meal substantial for training days.",Resistance training session with progressive overload,Pair with strength training and stay well hydrated. Common allergens: gluten.
488,Jharkhand,Bulking,Snack,"Litti-Chokha (Protein Rich, Large Bowl)",241,12,33,9,5,Low,Low,Low,"Gluten, Mustard","whole wheat flour,sattu,mustard oil,brinjal,tomato,potato,spices",Vegetarian,,"Increase the sattu, dal, or legume content where applicable and serve the litti-chokha with an extra protein-rich side. Keep the meal substantial for training days.",Resistance training session with progressive overload,Pair with strength training and stay well hydrated. Common allergens: gluten.
489,Jharkhand,Bulking,Snack,"Mitha Pitha (Double Sattu, Large Bowl)",191,5,33,6,2,Medium,Medium,Medium,"Rice, Sesame","rice flour,jaggery,coconut,sesame",Vegetarian,,"Increase the sattu, dal, or legume content where applicable and serve the mitha pitha with an extra protein-rich side. Keep the meal substantial for training days.",Resistance training session with progressive overload,Pair with strength training and stay well hydrated. Common allergens: rice.
490,Jharkhand,Bulking,Snack,Paneer Tikka (Jharkhand Spices),400,25,45,13,2,Low,Medium,High,"Dairy, Mustard","Paneer, Mustard Oil, Spices",Vegetarian,,Roast thick paneer cubes marinated in pungent mustard oil.,Active recovery,Lactose warning
491,Jharkhand,Bulking,Snack,Roasted Soya Beans & Chana,400,25,45,13,10,Low,Medium,Low,Soy,"Soya Beans, Black Chickpeas",Vegetarian,,Mix equal parts of dry roasted soya and chana for dense protein.,Active recovery,Chew thoroughly
492,Jharkhand,Bulking,Snack,Sattu Protein Shake (Double Scoop Sattu),400,25,45,13,8,Low,Medium,Low,Dairy,"Sattu, Milk, Nuts",Vegetarian,,Blend a massive amount of Sattu with milk and local nuts.,Active recovery,Very filling
493,Jharkhand,Bulking,Snack,"Thekua (Dal Heavy, Protein Rich Plate)",181,4,26,9,2,High,High,High,"Gluten, Mustard, Sesame","whole wheat flour,jaggery,sesame,mustard oil",Vegetarian,,"Increase the sattu, dal, or legume content where applicable and serve the thekua with an extra protein-rich side. Keep the meal substantial for training days.",Resistance training session with progressive overload,Pair with strength training and stay well hydrated. Common allergens: gluten.
494,Jharkhand,Bulking,Snack,"Thekua (Protein Rich, Protein Rich Plate)",181,4,26,9,2,High,Low,Low,"Gluten, Mustard, Sesame","whole wheat flour,jaggery,sesame,mustard oil",Vegetarian,,"Increase the sattu, dal, or legume content where applicable and serve the thekua with an extra protein-rich side. Keep the meal substantial for training days.",Resistance training session with progressive overload,Pair with strength training and stay well hydrated. Common allergens: gluten.
495,Jharkhand,Bulking,Snack,Thick Ghugni (Black Chana Bowl),400,25,45,13,12,Low,Medium,Low,Safe,Black Chickpeas,Vegetarian,,Eat a large bowl of semi-dry spiced black chickpeas.,Active recovery,"High fiber, hydrate"
496,Jharkhand,Bulking,Snack,"Til Barfi (Double Sattu, Extra Serving)",199,6,20,12,2,Medium,Medium,Medium,"Dairy, Nuts, Sesame","sesame,jaggery,ghee",Vegetarian,,"Increase the sattu, dal, or legume content where applicable and serve the til barfi with an extra protein-rich side. Keep the meal substantial for training days.",Resistance training session with progressive overload,"Pair with strength training and stay well hydrated. Common allergens: sesame,nuts."
497,Jharkhand,Bulking,Snack,Boiled Eggs (5) + Sweet Potato,400,25,45,13,5,Medium,Medium,High,"Egg, Eggs","Eggs, Sweet Potato",Non-Vegetarian,,Consume 5 whole boiled eggs with boiled sweet potato chunks.,Active recovery,High cholesterol
498,Jharkhand,Bulking,Snack,Chicken Charpa (Steamed Meat Snack),400,25,45,13,4,Low,Medium,Low,Safe,"Minced Chicken, Leaves",Non-Vegetarian,Chicken,Eat steamed minced chicken patties.,Active recovery,No specific warning
499,Jharkhand,Bulking,Snack,"Chilka Roti (Mild, Single Plate)",177,8,24,6,3,Medium,Medium,Medium,"Legumes, Mustard","rice flour,besan,spices,mustard oil,chicken,spices",Non-Vegetarian,Chicken,Use lean chicken generously and pair the dish with extra roti or pitha for more protein and calories. Keep seasoning bold but not overly salty.,Resistance training session with progressive overload,Pair with strength training and stay well hydrated. Trim visible fat and keep portions moderate. Common allergens: legumes.
500,Jharkhand,Bulking,Snack,"Chilka Roti (Protein Rich, Extra Serving)",177,8,24,6,3,Medium,Medium,Medium,"Legumes, Mustard","rice flour,besan,spices,mustard oil,chicken,spices",Non-Vegetarian,Chicken,Use lean chicken generously and pair the dish with extra roti or pitha for more protein and calories. Keep seasoning bold but not overly salty.,Resistance training session with progressive overload,Pair with strength training and stay well hydrated. Trim visible fat and keep portions moderate. Common allergens: legumes.
501,Jharkhand,Bulking,Snack,"Chilka Roti (Rustic, Single Plate)",177,8,24,6,3,High,High,High,"Legumes, Mustard","rice flour,besan,spices,mustard oil,chicken,spices",Non-Vegetarian,Chicken,Use lean chicken generously and pair the dish with extra roti or pitha for more protein and calories. Keep seasoning bold but not overly salty.,Resistance training session with progressive overload,Pair with strength training and stay well hydrated. Trim visible fat and keep portions moderate. Common allergens: legumes.
502,Jharkhand,Bulking,Snack,"Dhuska (Dal Heavy, Protein Rich Plate)",191,9,26,9,3,Low,High,High,"Legumes, Mustard, Rice","rice flour,urad dal,spices,mustard oil,chicken,spices",Non-Vegetarian,Chicken,Use lean chicken generously and pair the dish with extra roti or pitha for more protein and calories. Keep seasoning bold but not overly salty.,Resistance training session with progressive overload,"Pair with strength training and stay well hydrated. Trim visible fat and keep portions moderate. Common allergens: rice,legumes."
503,Jharkhand,Bulking,Snack,"Dhuska (Fresh, Local Style)",191,9,26,9,3,High,Low,Low,"Legumes, Mustard, Rice","rice flour,urad dal,spices,mustard oil,chicken,spices",Non-Vegetarian,Chicken,Use lean chicken generously and pair the dish with extra roti or pitha for more protein and calories. Keep seasoning bold but not overly salty.,Resistance training session with progressive overload,"Pair with strength training and stay well hydrated. Trim visible fat and keep portions moderate. Common allergens: rice,legumes."
504,Jharkhand,Bulking,Snack,"Dhuska (Tender, Local Style)",191,9,26,9,3,Medium,Medium,Medium,"Legumes, Mustard, Rice","rice flour,urad dal,spices,mustard oil,chicken,spices",Non-Vegetarian,Chicken,Use lean chicken generously and pair the dish with extra roti or pitha for more protein and calories. Keep seasoning bold but not overly salty.,Resistance training session with progressive overload,"Pair with strength training and stay well hydrated. Trim visible fat and keep portions moderate. Common allergens: rice,legumes."
505,Jharkhand,Bulking,Snack,Fish Pakora (Mangur/Rohu),400,25,45,13,3,Medium,Medium,Medium,Fish,"Fish, Rice Flour, Oil",Non-Vegetarian,Fish,Shallow fry fish chunks coated in rice flour.,Active recovery,Check for bones
506,Jharkhand,Bulking,Snack,"Khapada Roti (Hearty, Double Portion)",188,8,31,5,4,High,High,High,"Gluten, Mustard","whole wheat flour,mustard oil,water,spices,goat meat,spices",Non-Vegetarian,Mutton,Use trimmed mutton generously and pair the dish with extra roti or pitha for more protein and calories. Keep seasoning bold but not overly salty.,Resistance training session with progressive overload,Pair with strength training and stay well hydrated. Trim visible fat and keep portions moderate. Common allergens: gluten.
507,Jharkhand,Bulking,Snack,"Khapada Roti (Seasonal, Local Style)",188,8,31,5,4,Low,Low,Low,"Gluten, Mustard","whole wheat flour,mustard oil,water,spices,goat meat,spices",Non-Vegetarian,Mutton,Use trimmed mutton generously and pair the dish with extra roti or pitha for more protein and calories. Keep seasoning bold but not overly salty.,Resistance training session with progressive overload,Pair with strength training and stay well hydrated. Trim visible fat and keep portions moderate. Common allergens: gluten.
508,Jharkhand,Bulking,Snack,"Khapada Roti (Seasonal, Local Style)",188,8,31,5,4,High,High,High,"Gluten, Mustard","whole wheat flour,mustard oil,water,spices,goat meat,spices",Non-Vegetarian,Mutton,Use trimmed mutton generously and pair the dish with extra roti or pitha for more protein and calories. Keep seasoning bold but not overly salty.,Resistance training session with progressive overload,Pair with strength training and stay well hydrated. Trim visible fat and keep portions moderate. Common allergens: gluten.
509,Jharkhand,Bulking,Snack,"Khapada Roti (Simple, Local Style)",188,8,31,5,4,Medium,Medium,Medium,"Gluten, Mustard","whole wheat flour,mustard oil,water,spices,goat meat,spices",Non-Vegetarian,Mutton,Use trimmed mutton generously and pair the dish with extra roti or pitha for more protein and calories. Keep seasoning bold but not overly salty.,Resistance training session with progressive overload,Pair with strength training and stay well hydrated. Trim visible fat and keep portions moderate. Common allergens: gluten.
510,Jharkhand,Bulking,Snack,"Litti-Chokha (Classic, Single Plate)",241,11,33,9,5,Medium,Medium,Medium,"Gluten, Mustard","whole wheat flour,sattu,mustard oil,brinjal,tomato,potato,spices,chicken,spices",Non-Vegetarian,Chicken,Use lean chicken generously and pair the dish with extra roti or pitha for more protein and calories. Keep seasoning bold but not overly salty.,Resistance training session with progressive overload,Pair with strength training and stay well hydrated. Trim visible fat and keep portions moderate. Common allergens: gluten.
511,Jharkhand,Bulking,Snack,"Litti-Chokha (Light, Single Plate)",241,13,33,9,5,Low,Low,Low,"Gluten, Mustard","whole wheat flour,sattu,mustard oil,brinjal,tomato,potato,spices,chicken,spices",Non-Vegetarian,Chicken,Use lean chicken generously and pair the dish with extra roti or pitha for more protein and calories. Keep seasoning bold but not overly salty.,Resistance training session with progressive overload,Pair with strength training and stay well hydrated. Trim visible fat and keep portions moderate. Common allergens: gluten.
512,Jharkhand,Bulking,Snack,"Litti-Chokha (Light, Single Plate)",241,11,33,9,5,High,High,High,"Gluten, Mustard","whole wheat flour,sattu,mustard oil,brinjal,tomato,potato,spices,chicken,spices",Non-Vegetarian,Chicken,Use lean chicken generously and pair the dish with extra roti or pitha for more protein and calories. Keep seasoning bold but not overly salty.,Resistance training session with progressive overload,Pair with strength training and stay well hydrated. Trim visible fat and keep portions moderate. Common allergens: gluten.
513,Jharkhand,Bulking,Snack,"Arsa (Rustic, House Style)",171,4,31,6,1,High,Low,Low,"Mustard, Rice, Sesame","rice flour,jaggery,sesame,mustard oil",Vegan,,"Increase the sattu, dal, or legume content where applicable and serve the arsa with an extra protein-rich side. Keep the meal substantial for training days.",Resistance training session with progressive overload,Pair with strength training and stay well hydrated. Keep the recipe fully plant-based and avoid ghee or dairy. Common allergens: rice.
514,Jharkhand,Bulking,Snack,"Arsa (Rustic, House Style)",171,4,31,6,1,High,High,High,"Mustard, Rice, Sesame","rice flour,jaggery,sesame,mustard oil",Vegan,,"Increase the sattu, dal, or legume content where applicable and serve the arsa with an extra protein-rich side. Keep the meal substantial for training days.",Resistance training session with progressive overload,Pair with strength training and stay well hydrated. Keep the recipe fully plant-based and avoid ghee or dairy. Common allergens: rice.
515,Jharkhand,Bulking,Snack,"Chana Dal Puri (Double Sattu, Protein Rich Plate)",221,10,31,9,4,Medium,Medium,Medium,"Gluten, Legumes, Mustard","whole wheat flour,chana dal,spices,mustard oil",Vegan,,"Increase the sattu, dal, or legume content where applicable and serve the chana dal puri with an extra protein-rich side. Keep the meal substantial for training days.",Resistance training session with progressive overload,"Pair with strength training and stay well hydrated. Keep the recipe fully plant-based and avoid ghee or dairy. Common allergens: gluten,legumes."
516,Jharkhand,Bulking,Snack,"Chana Dal Puri (Hearty, Protein Rich Plate)",221,10,31,9,4,Low,High,High,"Gluten, Legumes, Mustard","whole wheat flour,chana dal,spices,mustard oil",Vegan,,"Increase the sattu, dal, or legume content where applicable and serve the chana dal puri with an extra protein-rich side. Keep the meal substantial for training days.",Resistance training session with progressive overload,"Pair with strength training and stay well hydrated. Keep the recipe fully plant-based and avoid ghee or dairy. Common allergens: gluten,legumes."
517,Jharkhand,Bulking,Snack,"Dhuska (Classic, House Style)",210,8,26,9,3,Medium,Medium,Medium,"Legumes, Mustard, Rice","rice flour,urad dal,spices,mustard oil",Vegan,,"Increase the sattu, dal, or legume content where applicable and serve the dhuska with an extra protein-rich side. Keep the meal substantial for training days.",Resistance training session with progressive overload,"Pair with strength training and stay well hydrated. Keep the recipe fully plant-based and avoid ghee or dairy. Common allergens: rice,legumes."
518,Jharkhand,Bulking,Snack,"Dhuska (Classic, House Style)",210,8,26,9,3,Low,High,High,"Legumes, Mustard, Rice","rice flour,urad dal,spices,mustard oil",Vegan,,"Increase the sattu, dal, or legume content where applicable and serve the dhuska with an extra protein-rich side. Keep the meal substantial for training days.",Resistance training session with progressive overload,"Pair with strength training and stay well hydrated. Keep the recipe fully plant-based and avoid ghee or dairy. Common allergens: rice,legumes."
519,Jharkhand,Bulking,Snack,"Khaja (Dal Heavy, Large Bowl)",201,4,33,9,1,High,High,High,"Gluten, Mustard, Sesame","refined flour,jaggery,sugar,sesame,mustard oil",Vegan,,"Increase the sattu, dal, or legume content where applicable and serve the khaja with an extra protein-rich side. Keep the meal substantial for training days.",Resistance training session with progressive overload,Pair with strength training and stay well hydrated. Keep the recipe fully plant-based and avoid ghee or dairy. Common allergens: gluten.
520,Jharkhand,Bulking,Snack,"Khaja (Protein Rich, Large Bowl)",201,4,33,9,1,High,Low,Low,"Gluten, Mustard, Sesame","refined flour,jaggery,sugar,sesame,mustard oil",Vegan,,"Increase the sattu, dal, or legume content where applicable and serve the khaja with an extra protein-rich side. Keep the meal substantial for training days.",Resistance training session with progressive overload,Pair with strength training and stay well hydrated. Keep the recipe fully plant-based and avoid ghee or dairy. Common allergens: gluten.
521,Jharkhand,Bulking,Snack,"Litti-Chokha (Double Sattu, Extra Serving)",265,11,33,9,5,Medium,Medium,Medium,"Gluten, Mustard","whole wheat flour,sattu,mustard oil,brinjal,tomato,potato,spices",Vegan,,"Increase the sattu, dal, or legume content where applicable and serve the litti-chokha with an extra protein-rich side. Keep the meal substantial for training days.",Resistance training session with progressive overload,Pair with strength training and stay well hydrated. Keep the recipe fully plant-based and avoid ghee or dairy. Common allergens: gluten.
522,Jharkhand,Bulking,Snack,"Litti-Chokha (Seasonal, Daily Serve)",265,11,33,9,5,High,High,High,"Gluten, Mustard","whole wheat flour,sattu,mustard oil,brinjal,tomato,potato,spices",Vegan,,"Increase the sattu, dal, or legume content where applicable and serve the litti-chokha with an extra protein-rich side. Keep the meal substantial for training days.",Resistance training session with progressive overload,Pair with strength training and stay well hydrated. Keep the recipe fully plant-based and avoid ghee or dairy. Common allergens: gluten.
523,Jharkhand,Bulking,Snack,"Mitha Pitha (Simple, Daily Serve)",210,6,33,6,2,Medium,Medium,Medium,"Rice, Sesame","rice flour,jaggery,sesame",Vegan,,"Increase the sattu, dal, or legume content where applicable and serve the mitha pitha with an extra protein-rich side. Keep the meal substantial for training days.",Resistance training session with progressive overload,Pair with strength training and stay well hydrated. Keep the recipe fully plant-based and avoid ghee or dairy. Common allergens: rice.
524,Jharkhand,Bulking,Snack,"Mitha Pitha (Simple, Daily Serve)",210,6,33,6,2,High,High,High,"Rice, Sesame","rice flour,jaggery,sesame",Vegan,,"Increase the sattu, dal, or legume content where applicable and serve the mitha pitha with an extra protein-rich side. Keep the meal substantial for training days.",Resistance training session with progressive overload,Pair with strength training and stay well hydrated. Keep the recipe fully plant-based and avoid ghee or dairy. Common allergens: rice.
525,Jharkhand,Bulking,Snack,"Thekua (Dal Heavy, Double Portion)",199,4,26,9,2,High,High,High,"Gluten, Mustard, Sesame","whole wheat flour,jaggery,sesame,mustard oil",Vegan,,"Increase the sattu, dal, or legume content where applicable and serve the thekua with an extra protein-rich side. Keep the meal substantial for training days.",Resistance training session with progressive overload,Pair with strength training and stay well hydrated. Keep the recipe fully plant-based and avoid ghee or dairy. Common allergens: gluten.
526,Jharkhand,Bulking,Snack,"Thekua (Protein Rich, Double Portion)",199,5,26,9,2,High,Low,Low,"Gluten, Mustard, Sesame","whole wheat flour,jaggery,sesame,mustard oil",Vegan,,"Increase the sattu, dal, or legume content where applicable and serve the thekua with an extra protein-rich side. Keep the meal substantial for training days.",Resistance training session with progressive overload,Pair with strength training and stay well hydrated. Keep the recipe fully plant-based and avoid ghee or dairy. Common allergens: gluten.
527,Jharkhand,Bulking,Snack,"Til Barfi (Tender, Daily Serve)",181,5,20,11,2,Medium,Medium,Medium,"Mustard, Nuts, Sesame","sesame,jaggery,mustard oil",Vegan,,"Increase the sattu, dal, or legume content where applicable and serve the til barfi with an extra protein-rich side. Keep the meal substantial for training days.",Resistance training session with progressive overload,"Pair with strength training and stay well hydrated. Keep the recipe fully plant-based and avoid ghee or dairy. Common allergens: sesame,nuts."
528,Jharkhand,Bulking,Snack,"Til Barfi (Tender, Daily Serve)",181,5,20,11,2,High,High,High,"Mustard, Nuts, Sesame","sesame,jaggery,mustard oil",Vegan,,"Increase the sattu, dal, or legume content where applicable and serve the til barfi with an extra protein-rich side. Keep the meal substantial for training days.",Resistance training session with progressive overload,"Pair with strength training and stay well hydrated. Keep the recipe fully plant-based and avoid ghee or dairy. Common allergens: sesame,nuts."
529,Jharkhand,Bulking,Dinner,"Aloo Chokha (Light, Local Style)",156,4,20,5,3,Medium,Medium,Medium,Mustard,"potato,onion,green chilli,mustard oil,spices",Vegetarian,,"Increase the sattu, dal, or legume content where applicable and serve the aloo chokha with an extra protein-rich side. Keep the meal substantial for training days.",Resistance training session with progressive overload,Pair with strength training and stay well hydrated.
530,Jharkhand,Bulking,Dinner,"Bamboo Shoot Sabzi (Double Sattu, Protein Rich Plate)",83,4,10,3,4,Medium,Medium,Medium,Mustard,"bamboo shoot,onion,garlic,mustard oil,spices",Vegetarian,,"Increase the sattu, dal, or legume content where applicable and serve the bamboo shoot sabzi with an extra protein-rich side. Keep the meal substantial for training days.",Resistance training session with progressive overload,Pair with strength training and stay well hydrated.
531,Jharkhand,Bulking,Dinner,"Bhaji Sag (Dal Heavy, Double Portion)",103,6,13,3,4,High,High,High,Mustard,"leafy greens,onion,garlic,mustard oil,spices",Vegetarian,,"Increase the sattu, dal, or legume content where applicable and serve the bhaji sag with an extra protein-rich side. Keep the meal substantial for training days.",Resistance training session with progressive overload,Pair with strength training and stay well hydrated.
532,Jharkhand,Bulking,Dinner,"Dal Pitha (Dal Heavy, Extra Serving)",222,11,31,6,4,Low,High,High,"Gluten, Legumes, Mustard","rice flour,urad dal,chana dal,spices,mustard oil",Vegetarian,,"Increase the sattu, dal, or legume content where applicable and serve the dal pitha with an extra protein-rich side. Keep the meal substantial for training days.",Resistance training session with progressive overload,"Pair with strength training and stay well hydrated. Common allergens: gluten,legumes."
533,Jharkhand,Bulking,Dinner,"Dal Pitha (Protein Rich, Double Portion)",226,12,31,6,4,High,Low,Low,"Gluten, Legumes, Mustard","rice flour,urad dal,chana dal,spices,mustard oil",Vegetarian,,"Increase the sattu, dal, or legume content where applicable and serve the dal pitha with an extra protein-rich side. Keep the meal substantial for training days.",Resistance training session with progressive overload,"Pair with strength training and stay well hydrated. Common allergens: gluten,legumes."
534,Jharkhand,Bulking,Dinner,"Dubki (Hearty, Large Bowl)",148,8,20,4,5,Low,High,High,"Legumes, Mustard","chana dal/urad dal,spices,mustard oil,garlic",Vegetarian,,"Increase the sattu, dal, or legume content where applicable and serve the dubki with an extra protein-rich side. Keep the meal substantial for training days.",Resistance training session with progressive overload,Pair with strength training and stay well hydrated. Common allergens: legumes.
535,Jharkhand,Bulking,Dinner,"Dubki (Protein Rich, Protein Rich Plate)",152,9,20,4,5,Low,Low,Low,"Legumes, Mustard","chana dal/urad dal,spices,mustard oil,garlic",Vegetarian,,"Increase the sattu, dal, or legume content where applicable and serve the dubki with an extra protein-rich side. Keep the meal substantial for training days.",Resistance training session with progressive overload,Pair with strength training and stay well hydrated. Common allergens: legumes.
536,Jharkhand,Bulking,Dinner,"Khapada Roti (Dal Heavy, Large Bowl)",201,7,31,4,4,High,High,High,"Gluten, Mustard","whole wheat flour,mustard oil,water,spices",Vegetarian,,"Increase the sattu, dal, or legume content where applicable and serve the khapada roti with an extra protein-rich side. Keep the meal substantial for training days.",Resistance training session with progressive overload,Pair with strength training and stay well hydrated. Common allergens: gluten.
537,Jharkhand,Bulking,Dinner,"Koinar Sag (Hearty, Double Portion)",95,6,11,3,4,High,High,High,Mustard,"koinar leaves,onion,garlic,mustard oil,spices",Vegetarian,,"Increase the sattu, dal, or legume content where applicable and serve the koinar sag with an extra protein-rich side. Keep the meal substantial for training days.",Resistance training session with progressive overload,Pair with strength training and stay well hydrated.
538,Jharkhand,Bulking,Dinner,"Koinar Sag (Protein Rich, Large Bowl)",106,6,11,3,4,Low,Low,Low,Mustard,"koinar leaves,onion,garlic,mustard oil,spices",Vegetarian,,"Increase the sattu, dal, or legume content where applicable and serve the koinar sag with an extra protein-rich side. Keep the meal substantial for training days.",Resistance training session with progressive overload,Pair with strength training and stay well hydrated.
539,Jharkhand,Bulking,Dinner,"Kurthi Dal (Double Sattu, Double Portion)",194,13,22,6,7,Medium,Medium,Medium,"Legumes, Mustard","kurthi dal,garlic,ginger,cumin,mustard oil",Vegetarian,,"Increase the sattu, dal, or legume content where applicable and serve the kurthi dal with an extra protein-rich side. Keep the meal substantial for training days.",Resistance training session with progressive overload,Pair with strength training and stay well hydrated. Common allergens: legumes.
540,Jharkhand,Bulking,Dinner,"Litti-Chokha (Simple, Single Plate)",283,12,33,9,5,High,High,High,"Gluten, Mustard","whole wheat flour,sattu,mustard oil,brinjal,tomato,potato,spices",Vegetarian,,"Increase the sattu, dal, or legume content where applicable and serve the litti-chokha with an extra protein-rich side. Keep the meal substantial for training days.",Resistance training session with progressive overload,Pair with strength training and stay well hydrated. Common allergens: gluten.
541,Jharkhand,Bulking,Dinner,Marua Roti + Soya & Rugra Sabzi,850,50,90,32,15,Low,Medium,Low,Soy,"Finger Millet, Soya Chunks, Indigenous Mushroom",Vegetarian,,Combine two high plant-protein sources in a thick gravy.,Rest,No specific warning
542,Jharkhand,Bulking,Dinner,"Rugdha (Double Sattu, Large Bowl)",112,7,9,4,3,Medium,Medium,Medium,Mustard,"rugdha mushroom,onion,garlic,mustard oil,spices",Vegetarian,,"Increase the sattu, dal, or legume content where applicable and serve the rugdha with an extra protein-rich side. Keep the meal substantial for training days.",Resistance training session with progressive overload,Pair with strength training and stay well hydrated.
543,Jharkhand,Bulking,Dinner,"Udad Dal (Hearty, Protein Rich Plate)",212,15,20,7,6,Low,High,High,"Legumes, Mustard","urad dal,ginger,garlic,cumin,mustard oil",Vegetarian,,"Increase the sattu, dal, or legume content where applicable and serve the udad dal with an extra protein-rich side. Keep the meal substantial for training days.",Resistance training session with progressive overload,Pair with strength training and stay well hydrated. Common allergens: legumes.
544,Jharkhand,Bulking,Dinner,"Udad Dal (Protein Rich, Extra Serving)",234,16,20,7,6,Medium,Medium,Medium,"Legumes, Mustard","urad dal,ginger,garlic,cumin,mustard oil",Vegetarian,,"Increase the sattu, dal, or legume content where applicable and serve the udad dal with an extra protein-rich side. Keep the meal substantial for training days.",Resistance training session with progressive overload,Pair with strength training and stay well hydrated. Common allergens: legumes.
545,Jharkhand,Bulking,Dinner,"Aloo Chokha (Fresh, House Style)",156,5,20,5,3,Medium,Medium,Medium,Mustard,"potato,onion,green chilli,mustard oil,spices,chicken,spices",Non-Vegetarian,Chicken,Use lean chicken generously and pair the dish with extra roti or pitha for more protein and calories. Keep seasoning bold but not overly salty.,Resistance training session with progressive overload,Pair with strength training and stay well hydrated. Trim visible fat and keep portions moderate.
546,Jharkhand,Bulking,Dinner,"Aloo Chokha (Simple, House Style)",142,5,20,4,3,Low,Low,Low,Mustard,"potato,onion,green chilli,mustard oil,spices,chicken,spices",Non-Vegetarian,Chicken,Use lean chicken generously and pair the dish with extra roti or pitha for more protein and calories. Keep seasoning bold but not overly salty.,Resistance training session with progressive overload,Pair with strength training and stay well hydrated. Trim visible fat and keep portions moderate.
547,Jharkhand,Bulking,Dinner,"Chilka Roti (Seasonal, House Style)",189,7,24,6,3,Medium,Medium,Medium,"Legumes, Mustard","rice flour,besan,spices,mustard oil,chicken,spices",Non-Vegetarian,Chicken,Use lean chicken generously and pair the dish with extra roti or pitha for more protein and calories. Keep seasoning bold but not overly salty.,Resistance training session with progressive overload,Pair with strength training and stay well hydrated. Trim visible fat and keep portions moderate. Common allergens: legumes.
548,Jharkhand,Bulking,Dinner,Chilka Roti + 6 Egg Curry,850,50,90,32,6,Medium,Medium,High,"Egg, Eggs","Rice, Chana Dal, Eggs",Non-Vegetarian,,Consume a massive egg curry (leave some yolks out if cholesterol is a concern).,Rest,High cholesterol
549,Jharkhand,Bulking,Dinner,Dal Pitha + Chicken Jhor,850,50,90,32,8,Medium,Medium,Medium,Safe,"Rice Flour, Chana Dal, Chicken",Non-Vegetarian,Chicken,Dip the protein-stuffed pithas into a rich chicken broth.,Rest,No specific warning
550,Jharkhand,Bulking,Dinner,"Desi Chicken Curry (Classic, Daily Serve)",295,38,6,15,0,Low,Low,Low,Mustard,"chicken,onion,garlic,ginger,spices,mustard oil",Non-Vegetarian,Chicken,Use lean chicken generously and pair the dish with extra roti or pitha for more protein and calories. Keep seasoning bold but not overly salty.,Resistance training session with progressive overload,Pair with strength training and stay well hydrated. Trim visible fat and keep portions moderate.
551,Jharkhand,Bulking,Dinner,"Desi Chicken Curry (Rustic, Daily Serve)",324,36,6,16,0,High,High,High,Mustard,"chicken,onion,garlic,ginger,spices,mustard oil",Non-Vegetarian,Chicken,Use lean chicken generously and pair the dish with extra roti or pitha for more protein and calories. Keep seasoning bold but not overly salty.,Resistance training session with progressive overload,Pair with strength training and stay well hydrated. Trim visible fat and keep portions moderate.
552,Jharkhand,Bulking,Dinner,"Goat Meat Gravy (Tender, House Style)",389,40,4,23,0,Medium,Medium,Medium,Mustard,"goat meat,onion,garlic,ginger,spices,mustard oil",Non-Vegetarian,Mutton,Use trimmed mutton generously and pair the dish with extra roti or pitha for more protein and calories. Keep seasoning bold but not overly salty.,Resistance training session with progressive overload,Pair with strength training and stay well hydrated. Trim visible fat and keep portions moderate.
553,Jharkhand,Bulking,Dinner,Gondli Rice + Mutton Liver Curry,850,50,90,32,9,Medium,Medium,High,Safe,"Little Millet, Mutton Liver",Non-Vegetarian,Mutton,Liver provides massive iron and protein spikes for recovery.,Rest,Extremely high cholesterol
554,Jharkhand,Bulking,Dinner,"Khapada Roti (Light, Daily Serve)",201,8,31,4,4,Medium,Medium,Medium,"Gluten, Mustard","whole wheat flour,mustard oil,water,spices,goat meat,spices",Non-Vegetarian,Mutton,Use trimmed mutton generously and pair the dish with extra roti or pitha for more protein and calories. Keep seasoning bold but not overly salty.,Resistance training session with progressive overload,Pair with strength training and stay well hydrated. Trim visible fat and keep portions moderate. Common allergens: gluten.
555,Jharkhand,Bulking,Dinner,"Khapada Roti (Rustic, Daily Serve)",221,8,31,5,4,Low,Low,Low,"Gluten, Mustard","whole wheat flour,mustard oil,water,spices,goat meat,spices",Non-Vegetarian,Mutton,Use trimmed mutton generously and pair the dish with extra roti or pitha for more protein and calories. Keep seasoning bold but not overly salty.,Resistance training session with progressive overload,Pair with strength training and stay well hydrated. Trim visible fat and keep portions moderate. Common allergens: gluten.
556,Jharkhand,Bulking,Dinner,"Litti-Chokha (Mild, Daily Serve)",261,12,33,9,5,Medium,Medium,Medium,"Gluten, Mustard","whole wheat flour,sattu,mustard oil,brinjal,tomato,potato,spices,chicken,spices",Non-Vegetarian,Chicken,Use lean chicken generously and pair the dish with extra roti or pitha for more protein and calories. Keep seasoning bold but not overly salty.,Resistance training session with progressive overload,Pair with strength training and stay well hydrated. Trim visible fat and keep portions moderate. Common allergens: gluten.
557,Jharkhand,Bulking,Dinner,Usna Rice + Double Khashi (Mutton) Curry,850,50,90,32,8,High,Medium,High,Safe,"Parboiled Rice, Mutton",Non-Vegetarian,Mutton,Heavy portion of mutton for maximum overnight recovery.,Rest,Takes long to digest
558,Jharkhand,Bulking,Dinner,Usna Rice + Double Mutton Curry,850,50,90,32,8,High,Medium,High,Safe,"Parboiled Rice, Mutton",Non-Vegetarian,Mutton,Heavy portion of mutton to fuel muscle recovery overnight.,Rest,Takes long to digest
559,Jharkhand,Bulking,Dinner,Usna Rice + Thick Kurthi Dal + Fried Fish,850,50,90,32,10,High,Medium,Medium,Fish,"Parboiled Rice, Horsegram, Fish",Non-Vegetarian,Fish,Heavy horsegram dal paired with protein-rich fried fish.,Rest,No specific warning
560,Jharkhand,Bulking,Dinner,Wheat Roti + Chicken Keema,850,50,90,32,10,Medium,Medium,Medium,Gluten,"Wheat, Minced Chicken",Non-Vegetarian,Chicken,Sauté minced chicken with onions and consume with thick rotis.,Rest,No specific warning
561,Jharkhand,Bulking,Dinner,"Aloo Chokha (Double Sattu, Large Bowl)",142,4,20,4,3,Medium,Medium,Medium,Mustard,"potato,onion,green chilli,mustard oil,spices",Vegan,,"Increase the sattu, dal, or legume content where applicable and serve the aloo chokha with an extra protein-rich side. Keep the meal substantial for training days.",Resistance training session with progressive overload,Pair with strength training and stay well hydrated. Keep the recipe fully plant-based and avoid ghee or dairy.
562,Jharkhand,Bulking,Dinner,"Bamboo Shoot Sabzi (Double Sattu, Double Portion)",83,4,10,3,4,Medium,Medium,Medium,Mustard,"bamboo shoot,onion,garlic,mustard oil,spices",Vegan,,"Increase the sattu, dal, or legume content where applicable and serve the bamboo shoot sabzi with an extra protein-rich side. Keep the meal substantial for training days.",Resistance training session with progressive overload,Pair with strength training and stay well hydrated. Keep the recipe fully plant-based and avoid ghee or dairy.
563,Jharkhand,Bulking,Dinner,"Bamboo Shoot Sabzi (Hearty, Extra Serving)",83,4,10,3,4,High,High,High,Mustard,"bamboo shoot,onion,garlic,mustard oil,spices",Vegan,,"Increase the sattu, dal, or legume content where applicable and serve the bamboo shoot sabzi with an extra protein-rich side. Keep the meal substantial for training days.",Resistance training session with progressive overload,Pair with strength training and stay well hydrated. Keep the recipe fully plant-based and avoid ghee or dairy.
564,Jharkhand,Bulking,Dinner,"Bhaji Sag (Double Sattu, Protein Rich Plate)",118,6,13,3,4,Medium,Medium,Medium,Mustard,"leafy greens,onion,garlic,mustard oil,spices",Vegan,,"Increase the sattu, dal, or legume content where applicable and serve the bhaji sag with an extra protein-rich side. Keep the meal substantial for training days.",Resistance training session with progressive overload,Pair with strength training and stay well hydrated. Keep the recipe fully plant-based and avoid ghee or dairy.
565,Jharkhand,Bulking,Dinner,"Dal Pitha (Dal Heavy, Large Bowl)",248,11,31,6,4,Low,High,High,"Gluten, Legumes, Mustard","rice flour,urad dal,chana dal,spices,mustard oil",Vegan,,"Increase the sattu, dal, or legume content where applicable and serve the dal pitha with an extra protein-rich side. Keep the meal substantial for training days.",Resistance training session with progressive overload,"Pair with strength training and stay well hydrated. Keep the recipe fully plant-based and avoid ghee or dairy. Common allergens: gluten,legumes."
566,Jharkhand,Bulking,Dinner,"Dubki (Dal Heavy, Extra Serving)",157,8,20,5,5,Low,High,High,"Legumes, Mustard","chana dal/urad dal,spices,mustard oil,garlic",Vegan,,"Increase the sattu, dal, or legume content where applicable and serve the dubki with an extra protein-rich side. Keep the meal substantial for training days.",Resistance training session with progressive overload,Pair with strength training and stay well hydrated. Keep the recipe fully plant-based and avoid ghee or dairy. Common allergens: legumes.
567,Jharkhand,Bulking,Dinner,"Dubki (Protein Rich, Double Portion)",161,9,20,5,5,Low,Low,Low,"Legumes, Mustard","chana dal/urad dal,spices,mustard oil,garlic",Vegan,,"Increase the sattu, dal, or legume content where applicable and serve the dubki with an extra protein-rich side. Keep the meal substantial for training days.",Resistance training session with progressive overload,Pair with strength training and stay well hydrated. Keep the recipe fully plant-based and avoid ghee or dairy. Common allergens: legumes.
568,Jharkhand,Bulking,Dinner,"Khapada Roti (Double Sattu, Extra Serving)",221,7,31,5,4,Medium,Medium,Medium,"Gluten, Mustard","whole wheat flour,mustard oil,water,spices",Vegan,,"Increase the sattu, dal, or legume content where applicable and serve the khapada roti with an extra protein-rich side. Keep the meal substantial for training days.",Resistance training session with progressive overload,Pair with strength training and stay well hydrated. Keep the recipe fully plant-based and avoid ghee or dairy. Common allergens: gluten.
569,Jharkhand,Bulking,Dinner,"Koinar Sag (Dal Heavy, Protein Rich Plate)",106,6,11,3,4,High,High,High,Mustard,"koinar leaves,onion,garlic,mustard oil,spices",Vegan,,"Increase the sattu, dal, or legume content where applicable and serve the koinar sag with an extra protein-rich side. Keep the meal substantial for training days.",Resistance training session with progressive overload,Pair with strength training and stay well hydrated. Keep the recipe fully plant-based and avoid ghee or dairy.
570,Jharkhand,Bulking,Dinner,"Kurthi Dal (Hearty, Large Bowl)",206,12,22,6,7,Low,High,High,"Legumes, Mustard","kurthi dal,garlic,ginger,cumin,mustard oil",Vegan,,"Increase the sattu, dal, or legume content where applicable and serve the kurthi dal with an extra protein-rich side. Keep the meal substantial for training days.",Resistance training session with progressive overload,Pair with strength training and stay well hydrated. Keep the recipe fully plant-based and avoid ghee or dairy. Common allergens: legumes.
571,Jharkhand,Bulking,Dinner,"Kurthi Dal (Protein Rich, Protein Rich Plate)",206,13,22,6,7,Low,Low,Low,"Legumes, Mustard","kurthi dal,garlic,ginger,cumin,mustard oil",Vegan,,"Increase the sattu, dal, or legume content where applicable and serve the kurthi dal with an extra protein-rich side. Keep the meal substantial for training days.",Resistance training session with progressive overload,Pair with strength training and stay well hydrated. Keep the recipe fully plant-based and avoid ghee or dairy. Common allergens: legumes.
572,Jharkhand,Bulking,Dinner,"Litti-Chokha (Simple, Local Style)",257,11,33,9,5,High,High,High,"Gluten, Mustard","whole wheat flour,sattu,mustard oil,brinjal,tomato,potato,spices",Vegan,,"Increase the sattu, dal, or legume content where applicable and serve the litti-chokha with an extra protein-rich side. Keep the meal substantial for training days.",Resistance training session with progressive overload,Pair with strength training and stay well hydrated. Keep the recipe fully plant-based and avoid ghee or dairy. Common allergens: gluten.
573,Jharkhand,Bulking,Dinner,"Rugdha (Hearty, Protein Rich Plate)",112,7,9,4,3,High,High,High,Mustard,"rugdha mushroom,onion,garlic,mustard oil,spices",Vegan,,"Increase the sattu, dal, or legume content where applicable and serve the rugdha with an extra protein-rich side. Keep the meal substantial for training days.",Resistance training session with progressive overload,Pair with strength training and stay well hydrated. Keep the recipe fully plant-based and avoid ghee or dairy.
574,Jharkhand,Bulking,Dinner,"Rugdha (Protein Rich, Extra Serving)",123,8,9,5,3,Medium,Medium,Medium,Mustard,"rugdha mushroom,onion,garlic,mustard oil,spices",Vegan,,"Increase the sattu, dal, or legume content where applicable and serve the rugdha with an extra protein-rich side. Keep the meal substantial for training days.",Resistance training session with progressive overload,Pair with strength training and stay well hydrated. Keep the recipe fully plant-based and avoid ghee or dairy.
575,Jharkhand,Bulking,Dinner,"Udad Dal (Hearty, Double Portion)",199,14,20,7,6,Low,High,High,"Legumes, Mustard","urad dal,ginger,garlic,cumin,mustard oil",Vegan,,"Increase the sattu, dal, or legume content where applicable and serve the udad dal with an extra protein-rich side. Keep the meal substantial for training days.",Resistance training session with progressive overload,Pair with strength training and stay well hydrated. Keep the recipe fully plant-based and avoid ghee or dairy. Common allergens: legumes.
576,Jharkhand,Bulking,Dinner,"Udad Dal (Protein Rich, Large Bowl)",212,15,20,7,6,Low,Low,Low,"Legumes, Mustard","urad dal,ginger,garlic,cumin,mustard oil",Vegan,,"Increase the sattu, dal, or legume content where applicable and serve the udad dal with an extra protein-rich side. Keep the meal substantial for training days.",Resistance training session with progressive overload,Pair with strength training and stay well hydrated. Keep the recipe fully plant-based and avoid ghee or dairy. Common allergens: legumes.
577,Jharkhand,Maintaining Balanced Diet,Breakfast,"Arsa (Homestyle, Standard Portion)",163,3,28,5,1,High,Low,Low,"Mustard, Rice, Sesame","rice flour,jaggery,sesame,mustard oil",Vegetarian,,"Cook the arsa in a traditional home style with moderate oil and balanced spices. Serve it with local saag, dal, or chokha for a wholesome plate.",45 min walk or yoga flow,Use moderate portions and fresh ingredients. Common allergens: rice.
578,Jharkhand,Maintaining Balanced Diet,Breakfast,"Chana Dal Puri (Seasonal, Standard Portion)",211,7,28,8,4,Medium,Medium,Medium,"Gluten, Legumes, Mustard","whole wheat flour,chana dal,spices,mustard oil",Vegetarian,,"Cook the chana dal puri in a traditional home style with moderate oil and balanced spices. Serve it with local saag, dal, or chokha for a wholesome plate.",45 min walk or yoga flow,"Use moderate portions and fresh ingredients. Common allergens: gluten,legumes."
579,Jharkhand,Maintaining Balanced Diet,Breakfast,"Chilka Roti (Traditional, Balanced Plate)",154,5,22,5,3,Medium,Medium,Medium,"Legumes, Mustard","rice flour,besan,spices,mustard oil",Vegetarian,,"Cook the chilka roti in a traditional home style with moderate oil and balanced spices. Serve it with local saag, dal, or chokha for a wholesome plate.",45 min walk or yoga flow,Use moderate portions and fresh ingredients. Common allergens: legumes.
580,Jharkhand,Maintaining Balanced Diet,Breakfast,Chilka Roti + Tomato Chutney,400,15,60,11,7,Medium,Medium,Low,Safe,"Rice, Chana Dal, Tomato",Vegetarian,,Cook the crepe with minimal oil. Serve with roasted tomato chutney.,30 mins jogging,No specific warning
581,Jharkhand,Maintaining Balanced Diet,Breakfast,Dal Pitha + Dhaniya Chutney,400,15,60,11,6,High,Medium,Low,Safe,"Rice Flour, Urad Dal, Coriander",Vegetarian,,Steam dumplings perfectly.,30 mins jogging,No specific warning
582,Jharkhand,Maintaining Balanced Diet,Breakfast,"Dhuska (Traditional, Standard Portion)",182,6,24,8,3,High,Low,Low,"Legumes, Mustard, Rice","rice flour,urad dal,spices,mustard oil",Vegetarian,,"Cook the dhuska in a traditional home style with moderate oil and balanced spices. Serve it with local saag, dal, or chokha for a wholesome plate.",45 min walk or yoga flow,"Use moderate portions and fresh ingredients. Common allergens: rice,legumes."
583,Jharkhand,Maintaining Balanced Diet,Breakfast,Gondli Upma with Veggies,400,15,60,11,8,Medium,Medium,Low,Egg,"Little Millet, Veggies",Vegetarian,,Sauté local veggies and cook with the millet perfectly.,30 mins jogging,No specific warning
584,Jharkhand,Maintaining Balanced Diet,Breakfast,"Khaja (Homestyle, Normal Serve)",192,3,30,8,1,High,Low,Low,"Gluten, Mustard, Sesame","refined flour,jaggery,sugar,sesame,mustard oil",Vegetarian,,"Cook the khaja in a traditional home style with moderate oil and balanced spices. Serve it with local saag, dal, or chokha for a wholesome plate.",45 min walk or yoga flow,Use moderate portions and fresh ingredients. Common allergens: gluten.
585,Jharkhand,Maintaining Balanced Diet,Breakfast,"Litti-Chokha (Traditional, Normal Serve)",230,8,30,8,5,Medium,Medium,Medium,"Gluten, Mustard","whole wheat flour,sattu,mustard oil,brinjal,tomato,potato,spices",Vegetarian,,"Cook the litti-chokha in a traditional home style with moderate oil and balanced spices. Serve it with local saag, dal, or chokha for a wholesome plate.",45 min walk or yoga flow,Use moderate portions and fresh ingredients. Common allergens: gluten.
586,Jharkhand,Maintaining Balanced Diet,Breakfast,Makai Roti + Saag,400,15,60,11,9,Medium,Medium,Low,Mustard,"Cornmeal, Mustard Greens",Vegetarian,,Cook saag with a balanced 1 tsp oil/ghee.,30 mins jogging,No specific warning
587,Jharkhand,Maintaining Balanced Diet,Breakfast,Marua Roti + Ghiya (Bottle Gourd) Sabzi,400,15,60,11,9,Low,Medium,Low,Safe,"Finger Millet, Bottle Gourd",Vegetarian,,Dry roast the roti. Cook the ghiya lightly.,30 mins jogging,No specific warning
588,Jharkhand,Maintaining Balanced Diet,Breakfast,"Mitha Pitha (Homestyle, Balanced Plate)",182,4,30,5,2,High,Low,Low,"Rice, Sesame","rice flour,jaggery,coconut,sesame",Vegetarian,,"Cook the mitha pitha in a traditional home style with moderate oil and balanced spices. Serve it with local saag, dal, or chokha for a wholesome plate.",45 min walk or yoga flow,Use moderate portions and fresh ingredients. Common allergens: rice.
589,Jharkhand,Maintaining Balanced Diet,Breakfast,"Sattu Paratha (Traditional, Everyday Portion)",221,8,28,8,5,Medium,Medium,Medium,"Gluten, Legumes, Mustard","whole wheat flour,sattu,spices,mustard oil",Vegetarian,,"Cook the sattu paratha in a traditional home style with moderate oil and balanced spices. Serve it with local saag, dal, or chokha for a wholesome plate.",45 min walk or yoga flow,"Use moderate portions and fresh ingredients. Common allergens: gluten,legumes."
590,Jharkhand,Maintaining Balanced Diet,Breakfast,Sattu Paratha + Plain Curd,400,15,60,11,8,Medium,Medium,Low,"Dairy, Gluten","Wheat, Sattu, Yogurt",Vegetarian,,Use just a dab of ghee for the paratha. Balance with probiotics.,30 mins jogging,No specific warning
591,Jharkhand,Maintaining Balanced Diet,Breakfast,Steamed Dhuska + Ghugni,400,15,60,11,10,Medium,Medium,Low,Safe,"Rice, Chana Dal, Black Chickpeas",Vegetarian,,Steam the dhuska to keep fats balanced.,30 mins jogging,No specific warning
592,Jharkhand,Maintaining Balanced Diet,Breakfast,"Til Barfi (Homestyle, Everyday Portion)",173,4,18,10,2,High,Low,Low,"Dairy, Nuts, Sesame","sesame,jaggery,ghee",Vegetarian,,"Cook the til barfi in a traditional home style with moderate oil and balanced spices. Serve it with local saag, dal, or chokha for a wholesome plate.",45 min walk or yoga flow,"Use moderate portions and fresh ingredients. Common allergens: sesame,nuts."
593,Jharkhand,Maintaining Balanced Diet,Breakfast,"Chilka Roti (Mild, Normal Serve)",154,5,22,5,3,High,High,High,"Legumes, Mustard","rice flour,besan,spices,mustard oil,chicken,spices",Non-Vegetarian,Chicken,Cook the chilka roti in a home-style way with moderate oil and serve with a balanced side of greens or roti. Keep the portion wholesome.,45 min walk or yoga flow,Use moderate portions and fresh ingredients. Trim visible fat and keep portions moderate. Common allergens: legumes.
594,Jharkhand,Maintaining Balanced Diet,Breakfast,"Chilka Roti (Seasonal, Balanced Plate)",154,5,22,5,3,Medium,Medium,Medium,"Legumes, Mustard","rice flour,besan,spices,mustard oil,chicken,spices",Non-Vegetarian,Chicken,Cook the chilka roti in a home-style way with moderate oil and serve with a balanced side of greens or roti. Keep the portion wholesome.,45 min walk or yoga flow,Use moderate portions and fresh ingredients. Trim visible fat and keep portions moderate. Common allergens: legumes.
595,Jharkhand,Maintaining Balanced Diet,Breakfast,"Chilka Roti (Traditional, Standard Portion)",154,5,22,5,3,High,Low,Low,"Legumes, Mustard","rice flour,besan,spices,mustard oil,chicken,spices",Non-Vegetarian,Chicken,Cook the chilka roti in a home-style way with moderate oil and serve with a balanced side of greens or roti. Keep the portion wholesome.,45 min walk or yoga flow,Use moderate portions and fresh ingredients. Trim visible fat and keep portions moderate. Common allergens: legumes.
596,Jharkhand,Maintaining Balanced Diet,Breakfast,"Dhuska (Homestyle, Standard Portion)",182,6,24,8,3,High,Low,Low,"Legumes, Mustard, Rice","rice flour,urad dal,spices,mustard oil,chicken,spices",Non-Vegetarian,Chicken,Cook the dhuska in a home-style way with moderate oil and serve with a balanced side of greens or roti. Keep the portion wholesome.,45 min walk or yoga flow,"Use moderate portions and fresh ingredients. Trim visible fat and keep portions moderate. Common allergens: rice,legumes."
597,Jharkhand,Maintaining Balanced Diet,Breakfast,"Dhuska (Mild, Everyday Portion)",182,6,24,8,3,Low,High,High,"Legumes, Mustard, Rice","rice flour,urad dal,spices,mustard oil,chicken,spices",Non-Vegetarian,Chicken,Cook the dhuska in a home-style way with moderate oil and serve with a balanced side of greens or roti. Keep the portion wholesome.,45 min walk or yoga flow,"Use moderate portions and fresh ingredients. Trim visible fat and keep portions moderate. Common allergens: rice,legumes."
598,Jharkhand,Maintaining Balanced Diet,Breakfast,"Dhuska (Seasonal, Normal Serve)",182,6,24,8,3,Medium,Medium,Medium,"Legumes, Mustard, Rice","rice flour,urad dal,spices,mustard oil,chicken,spices",Non-Vegetarian,Chicken,Cook the dhuska in a home-style way with moderate oil and serve with a balanced side of greens or roti. Keep the portion wholesome.,45 min walk or yoga flow,"Use moderate portions and fresh ingredients. Trim visible fat and keep portions moderate. Common allergens: rice,legumes."
599,Jharkhand,Maintaining Balanced Diet,Breakfast,"Dhuska (Traditional, Balanced Plate)",182,6,24,8,3,Medium,Medium,Medium,"Legumes, Mustard, Rice","rice flour,urad dal,spices,mustard oil,chicken,spices",Non-Vegetarian,Chicken,Cook the dhuska in a home-style way with moderate oil and serve with a balanced side of greens or roti. Keep the portion wholesome.,45 min walk or yoga flow,"Use moderate portions and fresh ingredients. Trim visible fat and keep portions moderate. Common allergens: rice,legumes."
600,Jharkhand,Maintaining Balanced Diet,Breakfast,"Khapada Roti (Homestyle, Balanced Plate)",163,5,28,4,4,Low,Low,Low,"Gluten, Mustard","whole wheat flour,mustard oil,water,spices,goat meat,spices",Non-Vegetarian,Mutton,Cook the khapada roti in a home-style way with moderate oil and serve with a balanced side of greens or roti. Keep the portion wholesome.,45 min walk or yoga flow,Use moderate portions and fresh ingredients. Trim visible fat and keep portions moderate. Common allergens: gluten.
601,Jharkhand,Maintaining Balanced Diet,Breakfast,"Khapada Roti (Seasonal, Everyday Portion)",163,5,28,4,4,High,High,High,"Gluten, Mustard","whole wheat flour,mustard oil,water,spices,goat meat,spices",Non-Vegetarian,Mutton,Cook the khapada roti in a home-style way with moderate oil and serve with a balanced side of greens or roti. Keep the portion wholesome.,45 min walk or yoga flow,Use moderate portions and fresh ingredients. Trim visible fat and keep portions moderate. Common allergens: gluten.
602,Jharkhand,Maintaining Balanced Diet,Breakfast,"Khapada Roti (Traditional, Normal Serve)",163,5,28,4,4,Medium,Medium,Medium,"Gluten, Mustard","whole wheat flour,mustard oil,water,spices,goat meat,spices",Non-Vegetarian,Mutton,Cook the khapada roti in a home-style way with moderate oil and serve with a balanced side of greens or roti. Keep the portion wholesome.,45 min walk or yoga flow,Use moderate portions and fresh ingredients. Trim visible fat and keep portions moderate. Common allergens: gluten.
603,Jharkhand,Maintaining Balanced Diet,Breakfast,"Litti-Chokha (Homestyle, Everyday Portion)",230,8,30,8,5,Low,Low,Low,"Gluten, Mustard","whole wheat flour,sattu,mustard oil,brinjal,tomato,potato,spices,chicken,spices",Non-Vegetarian,Chicken,Cook the litti-chokha in a home-style way with moderate oil and serve with a balanced side of greens or roti. Keep the portion wholesome.,45 min walk or yoga flow,Use moderate portions and fresh ingredients. Trim visible fat and keep portions moderate. Common allergens: gluten.
604,Jharkhand,Maintaining Balanced Diet,Breakfast,"Litti-Chokha (Mild, Balanced Plate)",230,8,30,8,5,High,High,High,"Gluten, Mustard","whole wheat flour,sattu,mustard oil,brinjal,tomato,potato,spices,chicken,spices",Non-Vegetarian,Chicken,Cook the litti-chokha in a home-style way with moderate oil and serve with a balanced side of greens or roti. Keep the portion wholesome.,45 min walk or yoga flow,Use moderate portions and fresh ingredients. Trim visible fat and keep portions moderate. Common allergens: gluten.
605,Jharkhand,Maintaining Balanced Diet,Breakfast,"Litti-Chokha (Seasonal, Standard Portion)",230,8,30,8,5,Medium,Medium,Medium,"Gluten, Mustard","whole wheat flour,sattu,mustard oil,brinjal,tomato,potato,spices,chicken,spices",Non-Vegetarian,Chicken,Cook the litti-chokha in a home-style way with moderate oil and serve with a balanced side of greens or roti. Keep the portion wholesome.,45 min walk or yoga flow,Use moderate portions and fresh ingredients. Trim visible fat and keep portions moderate. Common allergens: gluten.
606,Jharkhand,Maintaining Balanced Diet,Breakfast,"Sattu Paratha (Classic, Local Style)",221,8,28,8,5,Medium,Medium,Medium,"Gluten, Legumes, Mustard","whole wheat flour,sattu,spices,mustard oil,chicken,spices",Non-Vegetarian,Chicken,Cook the sattu paratha in a home-style way with moderate oil and serve with a balanced side of greens or roti. Keep the portion wholesome.,45 min walk or yoga flow,"Use moderate portions and fresh ingredients. Trim visible fat and keep portions moderate. Common allergens: gluten,legumes."
607,Jharkhand,Maintaining Balanced Diet,Breakfast,"Sattu Paratha (Homestyle, Normal Serve)",221,8,28,8,5,Low,Low,Low,"Gluten, Legumes, Mustard","whole wheat flour,sattu,spices,mustard oil,chicken,spices",Non-Vegetarian,Chicken,Cook the sattu paratha in a home-style way with moderate oil and serve with a balanced side of greens or roti. Keep the portion wholesome.,45 min walk or yoga flow,"Use moderate portions and fresh ingredients. Trim visible fat and keep portions moderate. Common allergens: gluten,legumes."
608,Jharkhand,Maintaining Balanced Diet,Breakfast,"Sattu Paratha (Mild, Standard Portion)",221,8,28,8,5,High,High,High,"Gluten, Legumes, Mustard","whole wheat flour,sattu,spices,mustard oil,chicken,spices",Non-Vegetarian,Chicken,Cook the sattu paratha in a home-style way with moderate oil and serve with a balanced side of greens or roti. Keep the portion wholesome.,45 min walk or yoga flow,"Use moderate portions and fresh ingredients. Trim visible fat and keep portions moderate. Common allergens: gluten,legumes."
609,Jharkhand,Maintaining Balanced Diet,Breakfast,"Arsa (Seasonal, Standard Portion)",163,3,28,5,1,Medium,Medium,Medium,"Mustard, Rice, Sesame","rice flour,jaggery,sesame,mustard oil",Vegan,,"Cook the arsa in a traditional home style with moderate oil and balanced spices. Serve it with local saag, dal, or chokha for a wholesome plate.",45 min walk or yoga flow,Use moderate portions and fresh ingredients. Keep the recipe fully plant-based and avoid ghee or dairy. Common allergens: rice.
610,Jharkhand,Maintaining Balanced Diet,Breakfast,"Chana Dal Puri (Traditional, Normal Serve)",211,7,28,8,4,Medium,Medium,Medium,"Gluten, Legumes, Mustard","whole wheat flour,chana dal,spices,mustard oil",Vegan,,"Cook the chana dal puri in a traditional home style with moderate oil and balanced spices. Serve it with local saag, dal, or chokha for a wholesome plate.",45 min walk or yoga flow,"Use moderate portions and fresh ingredients. Keep the recipe fully plant-based and avoid ghee or dairy. Common allergens: gluten,legumes."
611,Jharkhand,Maintaining Balanced Diet,Breakfast,"Chilka Roti (Homestyle, Everyday Portion)",154,5,22,5,3,High,Low,Low,"Legumes, Mustard","rice flour,besan,spices,mustard oil",Vegan,,"Cook the chilka roti in a traditional home style with moderate oil and balanced spices. Serve it with local saag, dal, or chokha for a wholesome plate.",45 min walk or yoga flow,Use moderate portions and fresh ingredients. Keep the recipe fully plant-based and avoid ghee or dairy. Common allergens: legumes.
612,Jharkhand,Maintaining Balanced Diet,Breakfast,"Chilka Roti (Mild, Balanced Plate)",154,5,22,5,3,High,High,High,"Legumes, Mustard","rice flour,besan,spices,mustard oil",Vegan,,"Cook the chilka roti in a traditional home style with moderate oil and balanced spices. Serve it with local saag, dal, or chokha for a wholesome plate.",45 min walk or yoga flow,Use moderate portions and fresh ingredients. Keep the recipe fully plant-based and avoid ghee or dairy. Common allergens: legumes.
613,Jharkhand,Maintaining Balanced Diet,Breakfast,"Dhuska (Homestyle, Normal Serve)",182,6,24,8,3,High,Low,Low,"Legumes, Mustard, Rice","rice flour,urad dal,spices,mustard oil",Vegan,,"Cook the dhuska in a traditional home style with moderate oil and balanced spices. Serve it with local saag, dal, or chokha for a wholesome plate.",45 min walk or yoga flow,"Use moderate portions and fresh ingredients. Keep the recipe fully plant-based and avoid ghee or dairy. Common allergens: rice,legumes."
614,Jharkhand,Maintaining Balanced Diet,Breakfast,"Dhuska (Mild, Standard Portion)",182,6,24,8,3,Low,High,High,"Legumes, Mustard, Rice","rice flour,urad dal,spices,mustard oil",Vegan,,"Cook the dhuska in a traditional home style with moderate oil and balanced spices. Serve it with local saag, dal, or chokha for a wholesome plate.",45 min walk or yoga flow,"Use moderate portions and fresh ingredients. Keep the recipe fully plant-based and avoid ghee or dairy. Common allergens: rice,legumes."
615,Jharkhand,Maintaining Balanced Diet,Breakfast,"Khaja (Homestyle, Standard Portion)",192,3,30,8,1,High,Low,Low,"Gluten, Mustard, Sesame","refined flour,jaggery,sugar,sesame,mustard oil",Vegan,,"Cook the khaja in a traditional home style with moderate oil and balanced spices. Serve it with local saag, dal, or chokha for a wholesome plate.",45 min walk or yoga flow,Use moderate portions and fresh ingredients. Keep the recipe fully plant-based and avoid ghee or dairy. Common allergens: gluten.
616,Jharkhand,Maintaining Balanced Diet,Breakfast,"Khaja (Seasonal, Normal Serve)",192,3,30,8,1,Medium,Medium,Medium,"Gluten, Mustard, Sesame","refined flour,jaggery,sugar,sesame,mustard oil",Vegan,,"Cook the khaja in a traditional home style with moderate oil and balanced spices. Serve it with local saag, dal, or chokha for a wholesome plate.",45 min walk or yoga flow,Use moderate portions and fresh ingredients. Keep the recipe fully plant-based and avoid ghee or dairy. Common allergens: gluten.
617,Jharkhand,Maintaining Balanced Diet,Breakfast,"Litti-Chokha (Mild, Normal Serve)",230,8,30,8,5,High,High,High,"Gluten, Mustard","whole wheat flour,sattu,mustard oil,brinjal,tomato,potato,spices",Vegan,,"Cook the litti-chokha in a traditional home style with moderate oil and balanced spices. Serve it with local saag, dal, or chokha for a wholesome plate.",45 min walk or yoga flow,Use moderate portions and fresh ingredients. Keep the recipe fully plant-based and avoid ghee or dairy. Common allergens: gluten.
618,Jharkhand,Maintaining Balanced Diet,Breakfast,"Litti-Chokha (Traditional, Standard Portion)",230,8,30,8,5,Low,Low,Low,"Gluten, Mustard","whole wheat flour,sattu,mustard oil,brinjal,tomato,potato,spices",Vegan,,"Cook the litti-chokha in a traditional home style with moderate oil and balanced spices. Serve it with local saag, dal, or chokha for a wholesome plate.",45 min walk or yoga flow,Use moderate portions and fresh ingredients. Keep the recipe fully plant-based and avoid ghee or dairy. Common allergens: gluten.
619,Jharkhand,Maintaining Balanced Diet,Breakfast,"Mitha Pitha (Seasonal, Balanced Plate)",182,4,30,5,2,Medium,Medium,Medium,"Rice, Sesame","rice flour,jaggery,sesame",Vegan,,"Cook the mitha pitha in a traditional home style with moderate oil and balanced spices. Serve it with local saag, dal, or chokha for a wholesome plate.",45 min walk or yoga flow,Use moderate portions and fresh ingredients. Keep the recipe fully plant-based and avoid ghee or dairy. Common allergens: rice.
620,Jharkhand,Maintaining Balanced Diet,Breakfast,"Sattu Paratha (Mild, Everyday Portion)",221,8,28,8,5,High,High,High,"Gluten, Legumes, Mustard","whole wheat flour,sattu,spices,mustard oil",Vegan,,"Cook the sattu paratha in a traditional home style with moderate oil and balanced spices. Serve it with local saag, dal, or chokha for a wholesome plate.",45 min walk or yoga flow,"Use moderate portions and fresh ingredients. Keep the recipe fully plant-based and avoid ghee or dairy. Common allergens: gluten,legumes."
621,Jharkhand,Maintaining Balanced Diet,Breakfast,"Sattu Paratha (Traditional, Balanced Plate)",221,8,28,8,5,Medium,Medium,Medium,"Gluten, Legumes, Mustard","whole wheat flour,sattu,spices,mustard oil",Vegan,,"Cook the sattu paratha in a traditional home style with moderate oil and balanced spices. Serve it with local saag, dal, or chokha for a wholesome plate.",45 min walk or yoga flow,"Use moderate portions and fresh ingredients. Keep the recipe fully plant-based and avoid ghee or dairy. Common allergens: gluten,legumes."
622,Jharkhand,Maintaining Balanced Diet,Breakfast,"Thekua (Traditional, Everyday Portion)",173,3,24,8,2,Medium,Medium,Medium,"Gluten, Mustard, Sesame","whole wheat flour,jaggery,sesame,mustard oil",Vegan,,"Cook the thekua in a traditional home style with moderate oil and balanced spices. Serve it with local saag, dal, or chokha for a wholesome plate.",45 min walk or yoga flow,Use moderate portions and fresh ingredients. Keep the recipe fully plant-based and avoid ghee or dairy. Common allergens: gluten.
623,Jharkhand,Maintaining Balanced Diet,Breakfast,"Til Barfi (Homestyle, Balanced Plate)",173,4,18,10,2,High,Low,Low,"Mustard, Nuts, Sesame","sesame,jaggery,mustard oil",Vegan,,"Cook the til barfi in a traditional home style with moderate oil and balanced spices. Serve it with local saag, dal, or chokha for a wholesome plate.",45 min walk or yoga flow,"Use moderate portions and fresh ingredients. Keep the recipe fully plant-based and avoid ghee or dairy. Common allergens: sesame,nuts."
624,Jharkhand,Maintaining Balanced Diet,Breakfast,"Til Barfi (Seasonal, Everyday Portion)",173,4,18,10,2,High,High,High,"Mustard, Nuts, Sesame","sesame,jaggery,mustard oil",Vegan,,"Cook the til barfi in a traditional home style with moderate oil and balanced spices. Serve it with local saag, dal, or chokha for a wholesome plate.",45 min walk or yoga flow,"Use moderate portions and fresh ingredients. Keep the recipe fully plant-based and avoid ghee or dairy. Common allergens: sesame,nuts."
625,Jharkhand,Maintaining Balanced Diet,Lunch,"Aloo Chokha (Homestyle, Balanced Plate)",120,3,18,4,3,Low,Low,Low,Mustard,"potato,onion,green chilli,mustard oil,spices",Vegetarian,,"Cook the aloo chokha in a traditional home style with moderate oil and balanced spices. Serve it with local saag, dal, or chokha for a wholesome plate.",45 min walk or yoga flow,Use moderate portions and fresh ingredients.
626,Jharkhand,Maintaining Balanced Diet,Lunch,"Bamboo Shoot Sabzi (Homestyle, Standard Portion)",85,3,9,3,4,Low,Low,Low,Mustard,"bamboo shoot,onion,garlic,mustard oil,spices",Vegetarian,,"Cook the bamboo shoot sabzi in a traditional home style with moderate oil and balanced spices. Serve it with local saag, dal, or chokha for a wholesome plate.",45 min walk or yoga flow,Use moderate portions and fresh ingredients.
627,Jharkhand,Maintaining Balanced Diet,Lunch,"Bamboo Shoot Sabzi (Seasonal, Everyday Portion)",85,3,9,3,4,High,High,High,Mustard,"bamboo shoot,onion,garlic,mustard oil,spices",Vegetarian,,"Cook the bamboo shoot sabzi in a traditional home style with moderate oil and balanced spices. Serve it with local saag, dal, or chokha for a wholesome plate.",45 min walk or yoga flow,Use moderate portions and fresh ingredients.
628,Jharkhand,Maintaining Balanced Diet,Lunch,"Bhaji Sag (Homestyle, Normal Serve)",100,4,12,3,4,Low,Low,Low,Mustard,"leafy greens,onion,garlic,mustard oil,spices",Vegetarian,,"Cook the bhaji sag in a traditional home style with moderate oil and balanced spices. Serve it with local saag, dal, or chokha for a wholesome plate.",45 min walk or yoga flow,Use moderate portions and fresh ingredients.
629,Jharkhand,Maintaining Balanced Diet,Lunch,"Dal Pitha (Traditional, Balanced Plate)",210,8,28,5,4,Medium,Medium,Medium,"Gluten, Legumes, Mustard","rice flour,urad dal,chana dal,spices,mustard oil",Vegetarian,,"Cook the dal pitha in a traditional home style with moderate oil and balanced spices. Serve it with local saag, dal, or chokha for a wholesome plate.",45 min walk or yoga flow,"Use moderate portions and fresh ingredients. Common allergens: gluten,legumes."
630,Jharkhand,Maintaining Balanced Diet,Lunch,"Dubki (Traditional, Everyday Portion)",150,6,18,4,5,Medium,Medium,Medium,"Legumes, Mustard","chana dal/urad dal,spices,mustard oil,garlic",Vegetarian,,"Cook the dubki in a traditional home style with moderate oil and balanced spices. Serve it with local saag, dal, or chokha for a wholesome plate.",45 min walk or yoga flow,Use moderate portions and fresh ingredients. Common allergens: legumes.
631,Jharkhand,Maintaining Balanced Diet,Lunch,Gondli Rice + Chana Dal + Koinar Saag,600,25,85,17,14,Low,Medium,Low,Safe,"Little Millet, Bengal Gram, Koinar Leaves",Vegetarian,,Excellent balance of complex carbs and plant protein.,30 mins cycling,No specific warning
632,Jharkhand,Maintaining Balanced Diet,Lunch,"Khapada Roti (Homestyle, Everyday Portion)",170,5,28,4,4,Low,Low,Low,"Gluten, Mustard","whole wheat flour,mustard oil,water,spices",Vegetarian,,"Cook the khapada roti in a traditional home style with moderate oil and balanced spices. Serve it with local saag, dal, or chokha for a wholesome plate.",45 min walk or yoga flow,Use moderate portions and fresh ingredients. Common allergens: gluten.
633,Jharkhand,Maintaining Balanced Diet,Lunch,"Koinar Sag (Traditional, Normal Serve)",90,4,10,3,4,Medium,Medium,Medium,Mustard,"koinar leaves,onion,garlic,mustard oil,spices",Vegetarian,,"Cook the koinar sag in a traditional home style with moderate oil and balanced spices. Serve it with local saag, dal, or chokha for a wholesome plate.",45 min walk or yoga flow,Use moderate portions and fresh ingredients.
634,Jharkhand,Maintaining Balanced Diet,Lunch,"Kudurum Ki Chatni (Traditional, Standard Portion)",35,1,6,1,2,Low,Low,Low,Mustard,"kudurum berries,green chilli,garlic,salt,mustard oil",Vegetarian,,"Cook the kudurum ki chatni in a traditional home style with moderate oil and balanced spices. Serve it with local saag, dal, or chokha for a wholesome plate.",45 min walk or yoga flow,Use moderate portions and fresh ingredients.
635,Jharkhand,Maintaining Balanced Diet,Lunch,"Kurthi Dal (Seasonal, Balanced Plate)",175,9,20,5,7,Medium,Medium,Medium,"Legumes, Mustard","kurthi dal,garlic,ginger,cumin,mustard oil",Vegetarian,,"Cook the kurthi dal in a traditional home style with moderate oil and balanced spices. Serve it with local saag, dal, or chokha for a wholesome plate.",45 min walk or yoga flow,Use moderate portions and fresh ingredients. Common allergens: legumes.
636,Jharkhand,Maintaining Balanced Diet,Lunch,Marua Roti + Rugra Sabzi + Kohnda,600,25,85,17,13,Low,Medium,Low,Safe,"Finger Millet, Indigenous Mushroom, Pumpkin",Vegetarian,,Balance the meaty rugra with the sweet pumpkin.,30 mins cycling,Wash rugra well
637,Jharkhand,Maintaining Balanced Diet,Lunch,"Rugdha (Seasonal, Normal Serve)",95,5,8,4,3,Medium,Medium,Medium,Mustard,"rugdha mushroom,onion,garlic,mustard oil,spices",Vegetarian,,"Cook the rugdha in a traditional home style with moderate oil and balanced spices. Serve it with local saag, dal, or chokha for a wholesome plate.",45 min walk or yoga flow,Use moderate portions and fresh ingredients.
638,Jharkhand,Maintaining Balanced Diet,Lunch,"Udad Dal (Seasonal, Standard Portion)",180,10,18,6,6,Medium,Medium,Medium,"Legumes, Mustard","urad dal,ginger,garlic,cumin,mustard oil",Vegetarian,,"Cook the udad dal in a traditional home style with moderate oil and balanced spices. Serve it with local saag, dal, or chokha for a wholesome plate.",45 min walk or yoga flow,Use moderate portions and fresh ingredients. Common allergens: legumes.
639,Jharkhand,Maintaining Balanced Diet,Lunch,Usna Rice + Kurthi Dal + Beng Saag,600,25,85,17,12,Medium,Medium,Low,Safe,"Parboiled Rice, Horsegram, Beng Leaves",Vegetarian,,Standard local meal. Boil dal and sauté saag with garlic.,30 mins cycling,No specific warning
640,Jharkhand,Maintaining Balanced Diet,Lunch,Usna Rice + Urad Dal + Parwal Sabzi,600,25,85,17,10,Medium,Medium,Low,Safe,"Parboiled Rice, Black Gram, Pointed Gourd",Vegetarian,,Cook the parwal with minimal oil.,30 mins cycling,No specific warning
641,Jharkhand,Maintaining Balanced Diet,Lunch,"Aloo Chokha (Fresh, Daily Serve)",120,3,18,4,3,Low,Low,Low,Mustard,"potato,onion,green chilli,mustard oil,spices,chicken,spices",Non-Vegetarian,Chicken,Cook the aloo chokha in a home-style way with moderate oil and serve with a balanced side of greens or roti. Keep the portion wholesome.,45 min walk or yoga flow,Use moderate portions and fresh ingredients. Trim visible fat and keep portions moderate.
642,Jharkhand,Maintaining Balanced Diet,Lunch,"Aloo Chokha (Traditional, Everyday Portion)",120,3,18,4,3,Medium,Medium,Medium,Mustard,"potato,onion,green chilli,mustard oil,spices,chicken,spices",Non-Vegetarian,Chicken,Cook the aloo chokha in a home-style way with moderate oil and serve with a balanced side of greens or roti. Keep the portion wholesome.,45 min walk or yoga flow,Use moderate portions and fresh ingredients. Trim visible fat and keep portions moderate.
643,Jharkhand,Maintaining Balanced Diet,Lunch,Brown Rice + Rohu Fish Curry + Aloo Bhujia (Baked),600,25,85,17,10,Medium,Medium,Medium,Fish,"Brown Rice, Rohu Fish, Potato",Non-Vegetarian,Fish,Bake the aloo bhujia instead of frying to balance the macros.,30 mins cycling,Check for bones
644,Jharkhand,Maintaining Balanced Diet,Lunch,"Chilka Roti (Seasonal, Everyday Portion)",160,5,22,5,3,High,High,High,"Legumes, Mustard","rice flour,besan,spices,mustard oil,chicken,spices",Non-Vegetarian,Chicken,Cook the chilka roti in a home-style way with moderate oil and serve with a balanced side of greens or roti. Keep the portion wholesome.,45 min walk or yoga flow,Use moderate portions and fresh ingredients. Trim visible fat and keep portions moderate. Common allergens: legumes.
645,Jharkhand,Maintaining Balanced Diet,Lunch,"Chilka Roti (Tender, Daily Serve)",160,5,22,5,3,Medium,Medium,Medium,"Legumes, Mustard","rice flour,besan,spices,mustard oil,chicken,spices",Non-Vegetarian,Chicken,Cook the chilka roti in a home-style way with moderate oil and serve with a balanced side of greens or roti. Keep the portion wholesome.,45 min walk or yoga flow,Use moderate portions and fresh ingredients. Trim visible fat and keep portions moderate. Common allergens: legumes.
646,Jharkhand,Maintaining Balanced Diet,Lunch,"Desi Chicken Curry (Homestyle, Normal Serve)",250,25,5,14,0,Low,Low,Low,Mustard,"chicken,onion,garlic,ginger,spices,mustard oil",Non-Vegetarian,Chicken,Cook the desi chicken curry in a home-style way with moderate oil and serve with a balanced side of greens or roti. Keep the portion wholesome.,45 min walk or yoga flow,Use moderate portions and fresh ingredients. Trim visible fat and keep portions moderate.
647,Jharkhand,Maintaining Balanced Diet,Lunch,"Desi Chicken Curry (Seasonal, Standard Portion)",250,25,5,14,0,Medium,Medium,Medium,Mustard,"chicken,onion,garlic,ginger,spices,mustard oil",Non-Vegetarian,Chicken,Cook the desi chicken curry in a home-style way with moderate oil and serve with a balanced side of greens or roti. Keep the portion wholesome.,45 min walk or yoga flow,Use moderate portions and fresh ingredients. Trim visible fat and keep portions moderate.
648,Jharkhand,Maintaining Balanced Diet,Lunch,"Goat Meat Gravy (Homestyle, Everyday Portion)",300,25,4,20,0,Low,Low,Low,Mustard,"goat meat,onion,garlic,ginger,spices,mustard oil",Non-Vegetarian,Mutton,Cook the goat meat gravy in a home-style way with moderate oil and serve with a balanced side of greens or roti. Keep the portion wholesome.,45 min walk or yoga flow,Use moderate portions and fresh ingredients. Trim visible fat and keep portions moderate.
649,Jharkhand,Maintaining Balanced Diet,Lunch,"Goat Meat Gravy (Seasonal, Balanced Plate)",300,25,4,20,0,Medium,Medium,Medium,Mustard,"goat meat,onion,garlic,ginger,spices,mustard oil",Non-Vegetarian,Mutton,Cook the goat meat gravy in a home-style way with moderate oil and serve with a balanced side of greens or roti. Keep the portion wholesome.,45 min walk or yoga flow,Use moderate portions and fresh ingredients. Trim visible fat and keep portions moderate.
650,Jharkhand,Maintaining Balanced Diet,Lunch,"Khapada Roti (Homestyle, Standard Portion)",170,5,28,4,4,Low,Low,Low,"Gluten, Mustard","whole wheat flour,mustard oil,water,spices,goat meat,spices",Non-Vegetarian,Mutton,Cook the khapada roti in a home-style way with moderate oil and serve with a balanced side of greens or roti. Keep the portion wholesome.,45 min walk or yoga flow,Use moderate portions and fresh ingredients. Trim visible fat and keep portions moderate. Common allergens: gluten.
651,Jharkhand,Maintaining Balanced Diet,Lunch,"Khapada Roti (Mild, House Style)",170,5,28,4,4,Medium,Medium,Medium,"Gluten, Mustard","whole wheat flour,mustard oil,water,spices,goat meat,spices",Non-Vegetarian,Mutton,Cook the khapada roti in a home-style way with moderate oil and serve with a balanced side of greens or roti. Keep the portion wholesome.,45 min walk or yoga flow,Use moderate portions and fresh ingredients. Trim visible fat and keep portions moderate. Common allergens: gluten.
652,Jharkhand,Maintaining Balanced Diet,Lunch,"Khapada Roti (Mild, Standard Portion)",170,5,28,4,4,High,High,High,"Gluten, Mustard","whole wheat flour,mustard oil,water,spices,goat meat,spices",Non-Vegetarian,Mutton,Cook the khapada roti in a home-style way with moderate oil and serve with a balanced side of greens or roti. Keep the portion wholesome.,45 min walk or yoga flow,Use moderate portions and fresh ingredients. Trim visible fat and keep portions moderate. Common allergens: gluten.
653,Jharkhand,Maintaining Balanced Diet,Lunch,"Litti-Chokha (Classic, House Style)",240,8,30,8,5,Low,Low,Low,"Gluten, Mustard","whole wheat flour,sattu,mustard oil,brinjal,tomato,potato,spices,chicken,spices",Non-Vegetarian,Chicken,Cook the litti-chokha in a home-style way with moderate oil and serve with a balanced side of greens or roti. Keep the portion wholesome.,45 min walk or yoga flow,Use moderate portions and fresh ingredients. Trim visible fat and keep portions moderate. Common allergens: gluten.
654,Jharkhand,Maintaining Balanced Diet,Lunch,"Litti-Chokha (Seasonal, Normal Serve)",240,8,30,8,5,Medium,Medium,Medium,"Gluten, Mustard","whole wheat flour,sattu,mustard oil,brinjal,tomato,potato,spices,chicken,spices",Non-Vegetarian,Chicken,Cook the litti-chokha in a home-style way with moderate oil and serve with a balanced side of greens or roti. Keep the portion wholesome.,45 min walk or yoga flow,Use moderate portions and fresh ingredients. Trim visible fat and keep portions moderate. Common allergens: gluten.
655,Jharkhand,Maintaining Balanced Diet,Lunch,Makai Roti + Mutton Curry (Lean) + Putu,600,25,85,17,11,Medium,Medium,Medium,Safe,"Cornmeal, Lean Mutton, Putu Mushroom",Non-Vegetarian,Mutton,Trim fat from mutton to keep the diet balanced.,30 mins cycling,Portion control meat
656,Jharkhand,Maintaining Balanced Diet,Lunch,Wheat Roti + Desi Murgh Jhor + Munga Saag,600,25,85,17,11,Medium,Medium,Low,Gluten,"Wheat, Chicken, Drumstick Leaves",Non-Vegetarian,Chicken,Use lean chicken parts for the broth.,30 mins cycling,No specific warning
657,Jharkhand,Maintaining Balanced Diet,Lunch,"Aloo Chokha (Seasonal, Normal Serve)",120,3,18,4,3,Medium,Medium,Medium,Mustard,"potato,onion,green chilli,mustard oil,spices",Vegan,,"Cook the aloo chokha in a traditional home style with moderate oil and balanced spices. Serve it with local saag, dal, or chokha for a wholesome plate.",45 min walk or yoga flow,Use moderate portions and fresh ingredients. Keep the recipe fully plant-based and avoid ghee or dairy.
658,Jharkhand,Maintaining Balanced Diet,Lunch,"Bamboo Shoot Sabzi (Seasonal, Balanced Plate)",85,3,9,3,4,Medium,Medium,Medium,Mustard,"bamboo shoot,onion,garlic,mustard oil,spices",Vegan,,"Cook the bamboo shoot sabzi in a traditional home style with moderate oil and balanced spices. Serve it with local saag, dal, or chokha for a wholesome plate.",45 min walk or yoga flow,Use moderate portions and fresh ingredients. Keep the recipe fully plant-based and avoid ghee or dairy.
659,Jharkhand,Maintaining Balanced Diet,Lunch,"Bhaji Sag (Homestyle, Standard Portion)",100,4,12,3,4,Low,Low,Low,Mustard,"leafy greens,onion,garlic,mustard oil,spices",Vegan,,"Cook the bhaji sag in a traditional home style with moderate oil and balanced spices. Serve it with local saag, dal, or chokha for a wholesome plate.",45 min walk or yoga flow,Use moderate portions and fresh ingredients. Keep the recipe fully plant-based and avoid ghee or dairy.
660,Jharkhand,Maintaining Balanced Diet,Lunch,"Bhaji Sag (Seasonal, Everyday Portion)",100,4,12,3,4,High,High,High,Mustard,"leafy greens,onion,garlic,mustard oil,spices",Vegan,,"Cook the bhaji sag in a traditional home style with moderate oil and balanced spices. Serve it with local saag, dal, or chokha for a wholesome plate.",45 min walk or yoga flow,Use moderate portions and fresh ingredients. Keep the recipe fully plant-based and avoid ghee or dairy.
661,Jharkhand,Maintaining Balanced Diet,Lunch,"Dal Pitha (Homestyle, Everyday Portion)",210,8,28,5,4,High,Low,Low,"Gluten, Legumes, Mustard","rice flour,urad dal,chana dal,spices,mustard oil",Vegan,,"Cook the dal pitha in a traditional home style with moderate oil and balanced spices. Serve it with local saag, dal, or chokha for a wholesome plate.",45 min walk or yoga flow,"Use moderate portions and fresh ingredients. Keep the recipe fully plant-based and avoid ghee or dairy. Common allergens: gluten,legumes."
662,Jharkhand,Maintaining Balanced Diet,Lunch,"Dal Pitha (Mild, Normal Serve)",210,8,28,5,4,Low,High,High,"Gluten, Legumes, Mustard","rice flour,urad dal,chana dal,spices,mustard oil",Vegan,,"Cook the dal pitha in a traditional home style with moderate oil and balanced spices. Serve it with local saag, dal, or chokha for a wholesome plate.",45 min walk or yoga flow,"Use moderate portions and fresh ingredients. Keep the recipe fully plant-based and avoid ghee or dairy. Common allergens: gluten,legumes."
663,Jharkhand,Maintaining Balanced Diet,Lunch,"Dubki (Traditional, Balanced Plate)",150,6,18,4,5,Medium,Medium,Medium,"Legumes, Mustard","chana dal/urad dal,spices,mustard oil,garlic",Vegan,,"Cook the dubki in a traditional home style with moderate oil and balanced spices. Serve it with local saag, dal, or chokha for a wholesome plate.",45 min walk or yoga flow,Use moderate portions and fresh ingredients. Keep the recipe fully plant-based and avoid ghee or dairy. Common allergens: legumes.
664,Jharkhand,Maintaining Balanced Diet,Lunch,"Khapada Roti (Rustic, Local Style)",170,5,28,4,4,Low,Low,Low,"Gluten, Mustard","whole wheat flour,mustard oil,water,spices",Vegan,,"Cook the khapada roti in a traditional home style with moderate oil and balanced spices. Serve it with local saag, dal, or chokha for a wholesome plate.",45 min walk or yoga flow,Use moderate portions and fresh ingredients. Keep the recipe fully plant-based and avoid ghee or dairy. Common allergens: gluten.
665,Jharkhand,Maintaining Balanced Diet,Lunch,"Khapada Roti (Tender, Single Plate)",170,5,28,4,4,High,High,High,"Gluten, Mustard","whole wheat flour,mustard oil,water,spices",Vegan,,"Cook the khapada roti in a traditional home style with moderate oil and balanced spices. Serve it with local saag, dal, or chokha for a wholesome plate.",45 min walk or yoga flow,Use moderate portions and fresh ingredients. Keep the recipe fully plant-based and avoid ghee or dairy. Common allergens: gluten.
666,Jharkhand,Maintaining Balanced Diet,Lunch,"Koinar Sag (Mild, Everyday Portion)",90,4,10,3,4,High,High,High,Mustard,"koinar leaves,onion,garlic,mustard oil,spices",Vegan,,"Cook the koinar sag in a traditional home style with moderate oil and balanced spices. Serve it with local saag, dal, or chokha for a wholesome plate.",45 min walk or yoga flow,Use moderate portions and fresh ingredients. Keep the recipe fully plant-based and avoid ghee or dairy.
667,Jharkhand,Maintaining Balanced Diet,Lunch,"Koinar Sag (Traditional, Standard Portion)",90,4,10,3,4,Low,Low,Low,Mustard,"koinar leaves,onion,garlic,mustard oil,spices",Vegan,,"Cook the koinar sag in a traditional home style with moderate oil and balanced spices. Serve it with local saag, dal, or chokha for a wholesome plate.",45 min walk or yoga flow,Use moderate portions and fresh ingredients. Keep the recipe fully plant-based and avoid ghee or dairy.
668,Jharkhand,Maintaining Balanced Diet,Lunch,"Kudurum Ki Chatni (Homestyle, Normal Serve)",35,1,6,1,2,Low,Low,Low,Mustard,"kudurum berries,green chilli,garlic,salt,mustard oil",Vegan,,"Cook the kudurum ki chatni in a traditional home style with moderate oil and balanced spices. Serve it with local saag, dal, or chokha for a wholesome plate.",45 min walk or yoga flow,Use moderate portions and fresh ingredients. Keep the recipe fully plant-based and avoid ghee or dairy.
669,Jharkhand,Maintaining Balanced Diet,Lunch,"Kudurum Ki Chatni (Mild, Balanced Plate)",35,1,6,1,2,High,High,High,Mustard,"kudurum berries,green chilli,garlic,salt,mustard oil",Vegan,,"Cook the kudurum ki chatni in a traditional home style with moderate oil and balanced spices. Serve it with local saag, dal, or chokha for a wholesome plate.",45 min walk or yoga flow,Use moderate portions and fresh ingredients. Keep the recipe fully plant-based and avoid ghee or dairy.
670,Jharkhand,Maintaining Balanced Diet,Lunch,"Kurthi Dal (Traditional, Everyday Portion)",175,9,20,5,7,Medium,Medium,Medium,"Legumes, Mustard","kurthi dal,garlic,ginger,cumin,mustard oil",Vegan,,"Cook the kurthi dal in a traditional home style with moderate oil and balanced spices. Serve it with local saag, dal, or chokha for a wholesome plate.",45 min walk or yoga flow,Use moderate portions and fresh ingredients. Keep the recipe fully plant-based and avoid ghee or dairy. Common allergens: legumes.
671,Jharkhand,Maintaining Balanced Diet,Lunch,"Rugdha (Seasonal, Standard Portion)",95,5,8,4,3,Medium,Medium,Medium,Mustard,"rugdha mushroom,onion,garlic,mustard oil,spices",Vegan,,"Cook the rugdha in a traditional home style with moderate oil and balanced spices. Serve it with local saag, dal, or chokha for a wholesome plate.",45 min walk or yoga flow,Use moderate portions and fresh ingredients. Keep the recipe fully plant-based and avoid ghee or dairy.
672,Jharkhand,Maintaining Balanced Diet,Lunch,"Udad Dal (Traditional, Normal Serve)",180,10,18,6,6,Medium,Medium,Medium,"Legumes, Mustard","urad dal,ginger,garlic,cumin,mustard oil",Vegan,,"Cook the udad dal in a traditional home style with moderate oil and balanced spices. Serve it with local saag, dal, or chokha for a wholesome plate.",45 min walk or yoga flow,Use moderate portions and fresh ingredients. Keep the recipe fully plant-based and avoid ghee or dairy. Common allergens: legumes.
673,Jharkhand,Maintaining Balanced Diet,Snack,"Arsa (Rustic, Daily Serve)",144,3,28,5,1,High,Low,Low,"Mustard, Rice, Sesame","rice flour,jaggery,sesame,mustard oil",Vegetarian,,"Cook the arsa in a traditional home style with moderate oil and balanced spices. Serve it with local saag, dal, or chokha for a wholesome plate.",45 min walk or yoga flow,Use moderate portions and fresh ingredients. Common allergens: rice.
674,Jharkhand,Maintaining Balanced Diet,Snack,"Arsa (Rustic, Daily Serve)",144,3,28,5,1,Medium,Medium,Medium,"Mustard, Rice, Sesame","rice flour,jaggery,sesame,mustard oil",Vegetarian,,"Cook the arsa in a traditional home style with moderate oil and balanced spices. Serve it with local saag, dal, or chokha for a wholesome plate.",45 min walk or yoga flow,Use moderate portions and fresh ingredients. Common allergens: rice.
675,Jharkhand,Maintaining Balanced Diet,Snack,Boiled Kanda (Sweet Potato),200,8,30,5,5,Medium,Medium,Low,Safe,Sweet Potato,Vegetarian,,Serve plain.,General daily activity,No specific warning
676,Jharkhand,Maintaining Balanced Diet,Snack,"Chana Dal Puri (Traditional, Standard Portion)",187,7,28,8,4,Low,Low,Low,"Gluten, Legumes, Mustard","whole wheat flour,chana dal,spices,mustard oil",Vegetarian,,"Cook the chana dal puri in a traditional home style with moderate oil and balanced spices. Serve it with local saag, dal, or chokha for a wholesome plate.",45 min walk or yoga flow,"Use moderate portions and fresh ingredients. Common allergens: gluten,legumes."
677,Jharkhand,Maintaining Balanced Diet,Snack,Cucumber & Carrot Sticks,200,8,30,5,6,Low,Low,Low,Safe,"Cucumber, Carrot",Vegetarian,,Raw and fresh.,General daily activity,No specific warning
678,Jharkhand,Maintaining Balanced Diet,Snack,"Dhuska (Classic, Daily Serve)",192,6,24,8,3,High,Low,Low,"Legumes, Mustard, Rice","rice flour,urad dal,spices,mustard oil",Vegetarian,,"Cook the dhuska in a traditional home style with moderate oil and balanced spices. Serve it with local saag, dal, or chokha for a wholesome plate.",45 min walk or yoga flow,"Use moderate portions and fresh ingredients. Common allergens: rice,legumes."
679,Jharkhand,Maintaining Balanced Diet,Snack,Fresh Guava Slices,200,8,30,5,7,Low,Low,Low,Safe,Guava,Vegetarian,,Serve fresh.,General daily activity,No specific warning
680,Jharkhand,Maintaining Balanced Diet,Snack,"Khaja (Traditional, Everyday Portion)",204,3,30,8,1,Medium,Medium,Medium,"Gluten, Mustard, Sesame","refined flour,jaggery,sugar,sesame,mustard oil",Vegetarian,,"Cook the khaja in a traditional home style with moderate oil and balanced spices. Serve it with local saag, dal, or chokha for a wholesome plate.",45 min walk or yoga flow,Use moderate portions and fresh ingredients. Common allergens: gluten.
681,Jharkhand,Maintaining Balanced Diet,Snack,"Litti-Chokha (Traditional, Balanced Plate)",204,8,30,8,5,Medium,Medium,Medium,"Gluten, Mustard","whole wheat flour,sattu,mustard oil,brinjal,tomato,potato,spices",Vegetarian,,"Cook the litti-chokha in a traditional home style with moderate oil and balanced spices. Serve it with local saag, dal, or chokha for a wholesome plate.",45 min walk or yoga flow,Use moderate portions and fresh ingredients. Common allergens: gluten.
682,Jharkhand,Maintaining Balanced Diet,Snack,"Mitha Pitha (Simple, House Style)",162,4,30,5,2,High,Low,Low,"Rice, Sesame","rice flour,jaggery,coconut,sesame",Vegetarian,,"Cook the mitha pitha in a traditional home style with moderate oil and balanced spices. Serve it with local saag, dal, or chokha for a wholesome plate.",45 min walk or yoga flow,Use moderate portions and fresh ingredients. Common allergens: rice.
683,Jharkhand,Maintaining Balanced Diet,Snack,Roasted Chana & Puffed Rice,200,8,30,5,5,Medium,Medium,Low,Safe,"Black Chickpeas, Puffed Rice",Vegetarian,,Mix dry roasted ingredients.,General daily activity,No specific warning
684,Jharkhand,Maintaining Balanced Diet,Snack,Roasted Makai,200,8,30,5,4,Medium,Medium,Low,Safe,Corn,Vegetarian,,Roast without butter.,General daily activity,No specific warning
685,Jharkhand,Maintaining Balanced Diet,Snack,Sattu Sherbet (Light Salt),200,8,30,5,4,Low,Medium,Low,Safe,"Sattu, Water, Lemon",Vegetarian,,Refreshing and balanced protein snack.,General daily activity,No specific warning
686,Jharkhand,Maintaining Balanced Diet,Snack,Steamed Charpa,200,8,30,5,4,Medium,Medium,Low,Safe,Chana Dal,Vegetarian,,Healthy steamed dal snack.,General daily activity,No specific warning
687,Jharkhand,Maintaining Balanced Diet,Snack,"Thekua (Traditional, Normal Serve)",153,3,24,8,2,Medium,Medium,Medium,"Gluten, Mustard, Sesame","whole wheat flour,jaggery,sesame,mustard oil",Vegetarian,,"Cook the thekua in a traditional home style with moderate oil and balanced spices. Serve it with local saag, dal, or chokha for a wholesome plate.",45 min walk or yoga flow,Use moderate portions and fresh ingredients. Common allergens: gluten.
688,Jharkhand,Maintaining Balanced Diet,Snack,"Til Barfi (Tender, House Style)",153,4,18,10,2,High,Low,Low,"Dairy, Nuts, Sesame","sesame,jaggery,ghee",Vegetarian,,"Cook the til barfi in a traditional home style with moderate oil and balanced spices. Serve it with local saag, dal, or chokha for a wholesome plate.",45 min walk or yoga flow,"Use moderate portions and fresh ingredients. Common allergens: sesame,nuts."
689,Jharkhand,Maintaining Balanced Diet,Snack,"Chilka Roti (Mild, Everyday Portion)",136,5,22,5,3,High,High,High,"Legumes, Mustard","rice flour,besan,spices,mustard oil,chicken,spices",Non-Vegetarian,Chicken,Cook the chilka roti in a home-style way with moderate oil and serve with a balanced side of greens or roti. Keep the portion wholesome.,45 min walk or yoga flow,Use moderate portions and fresh ingredients. Trim visible fat and keep portions moderate. Common allergens: legumes.
690,Jharkhand,Maintaining Balanced Diet,Snack,"Chilka Roti (Mild, Single Plate)",136,5,22,5,3,High,Low,Low,"Legumes, Mustard","rice flour,besan,spices,mustard oil,chicken,spices",Non-Vegetarian,Chicken,Cook the chilka roti in a home-style way with moderate oil and serve with a balanced side of greens or roti. Keep the portion wholesome.,45 min walk or yoga flow,Use moderate portions and fresh ingredients. Trim visible fat and keep portions moderate. Common allergens: legumes.
691,Jharkhand,Maintaining Balanced Diet,Snack,"Chilka Roti (Mild, Single Plate)",136,5,22,5,3,High,High,High,"Legumes, Mustard","rice flour,besan,spices,mustard oil,chicken,spices",Non-Vegetarian,Chicken,Cook the chilka roti in a home-style way with moderate oil and serve with a balanced side of greens or roti. Keep the portion wholesome.,45 min walk or yoga flow,Use moderate portions and fresh ingredients. Trim visible fat and keep portions moderate. Common allergens: legumes.
692,Jharkhand,Maintaining Balanced Diet,Snack,"Chilka Roti (Traditional, Everyday Portion)",136,5,22,5,3,Medium,Medium,Medium,"Legumes, Mustard","rice flour,besan,spices,mustard oil,chicken,spices",Non-Vegetarian,Chicken,Cook the chilka roti in a home-style way with moderate oil and serve with a balanced side of greens or roti. Keep the portion wholesome.,45 min walk or yoga flow,Use moderate portions and fresh ingredients. Trim visible fat and keep portions moderate. Common allergens: legumes.
693,Jharkhand,Maintaining Balanced Diet,Snack,"Dhuska (Mild, Normal Serve)",192,6,24,8,3,Low,High,High,"Legumes, Mustard, Rice","rice flour,urad dal,spices,mustard oil,chicken,spices",Non-Vegetarian,Chicken,Cook the dhuska in a home-style way with moderate oil and serve with a balanced side of greens or roti. Keep the portion wholesome.,45 min walk or yoga flow,"Use moderate portions and fresh ingredients. Trim visible fat and keep portions moderate. Common allergens: rice,legumes."
694,Jharkhand,Maintaining Balanced Diet,Snack,"Dhuska (Tender, Local Style)",192,6,24,8,3,High,Low,Low,"Legumes, Mustard, Rice","rice flour,urad dal,spices,mustard oil,chicken,spices",Non-Vegetarian,Chicken,Cook the dhuska in a home-style way with moderate oil and serve with a balanced side of greens or roti. Keep the portion wholesome.,45 min walk or yoga flow,"Use moderate portions and fresh ingredients. Trim visible fat and keep portions moderate. Common allergens: rice,legumes."
695,Jharkhand,Maintaining Balanced Diet,Snack,"Dhuska (Tender, Local Style)",192,6,24,8,3,Medium,Medium,Medium,"Legumes, Mustard, Rice","rice flour,urad dal,spices,mustard oil,chicken,spices",Non-Vegetarian,Chicken,Cook the dhuska in a home-style way with moderate oil and serve with a balanced side of greens or roti. Keep the portion wholesome.,45 min walk or yoga flow,"Use moderate portions and fresh ingredients. Trim visible fat and keep portions moderate. Common allergens: rice,legumes."
696,Jharkhand,Maintaining Balanced Diet,Snack,"Dhuska (Traditional, Normal Serve)",192,6,24,8,3,Medium,Medium,Medium,"Legumes, Mustard, Rice","rice flour,urad dal,spices,mustard oil,chicken,spices",Non-Vegetarian,Chicken,Cook the dhuska in a home-style way with moderate oil and serve with a balanced side of greens or roti. Keep the portion wholesome.,45 min walk or yoga flow,"Use moderate portions and fresh ingredients. Trim visible fat and keep portions moderate. Common allergens: rice,legumes."
697,Jharkhand,Maintaining Balanced Diet,Snack,"Khapada Roti (Seasonal, Local Style)",144,5,28,4,4,High,High,High,"Gluten, Mustard","whole wheat flour,mustard oil,water,spices,goat meat,spices",Non-Vegetarian,Mutton,Cook the khapada roti in a home-style way with moderate oil and serve with a balanced side of greens or roti. Keep the portion wholesome.,45 min walk or yoga flow,Use moderate portions and fresh ingredients. Trim visible fat and keep portions moderate. Common allergens: gluten.
698,Jharkhand,Maintaining Balanced Diet,Snack,"Khapada Roti (Seasonal, Standard Portion)",144,5,28,4,4,Medium,Medium,Medium,"Gluten, Mustard","whole wheat flour,mustard oil,water,spices,goat meat,spices",Non-Vegetarian,Mutton,Cook the khapada roti in a home-style way with moderate oil and serve with a balanced side of greens or roti. Keep the portion wholesome.,45 min walk or yoga flow,Use moderate portions and fresh ingredients. Trim visible fat and keep portions moderate. Common allergens: gluten.
699,Jharkhand,Maintaining Balanced Diet,Snack,"Khapada Roti (Simple, Local Style)",144,5,28,4,4,Low,Low,Low,"Gluten, Mustard","whole wheat flour,mustard oil,water,spices,goat meat,spices",Non-Vegetarian,Mutton,Cook the khapada roti in a home-style way with moderate oil and serve with a balanced side of greens or roti. Keep the portion wholesome.,45 min walk or yoga flow,Use moderate portions and fresh ingredients. Trim visible fat and keep portions moderate. Common allergens: gluten.
700,Jharkhand,Maintaining Balanced Diet,Snack,"Khapada Roti (Traditional, Standard Portion)",144,5,28,4,4,Low,Low,Low,"Gluten, Mustard","whole wheat flour,mustard oil,water,spices,goat meat,spices",Non-Vegetarian,Mutton,Cook the khapada roti in a home-style way with moderate oil and serve with a balanced side of greens or roti. Keep the portion wholesome.,45 min walk or yoga flow,Use moderate portions and fresh ingredients. Trim visible fat and keep portions moderate. Common allergens: gluten.
701,Jharkhand,Maintaining Balanced Diet,Snack,"Litti-Chokha (Homestyle, Balanced Plate)",204,8,30,8,5,Low,Low,Low,"Gluten, Mustard","whole wheat flour,sattu,mustard oil,brinjal,tomato,potato,spices,chicken,spices",Non-Vegetarian,Chicken,Cook the litti-chokha in a home-style way with moderate oil and serve with a balanced side of greens or roti. Keep the portion wholesome.,45 min walk or yoga flow,Use moderate portions and fresh ingredients. Trim visible fat and keep portions moderate. Common allergens: gluten.
702,Jharkhand,Maintaining Balanced Diet,Snack,"Litti-Chokha (Light, Single Plate)",204,8,30,8,5,Medium,Medium,Medium,"Gluten, Mustard","whole wheat flour,sattu,mustard oil,brinjal,tomato,potato,spices,chicken,spices",Non-Vegetarian,Chicken,Cook the litti-chokha in a home-style way with moderate oil and serve with a balanced side of greens or roti. Keep the portion wholesome.,45 min walk or yoga flow,Use moderate portions and fresh ingredients. Trim visible fat and keep portions moderate. Common allergens: gluten.
703,Jharkhand,Maintaining Balanced Diet,Snack,"Litti-Chokha (Light, Single Plate)",204,8,30,8,5,High,High,High,"Gluten, Mustard","whole wheat flour,sattu,mustard oil,brinjal,tomato,potato,spices,chicken,spices",Non-Vegetarian,Chicken,Cook the litti-chokha in a home-style way with moderate oil and serve with a balanced side of greens or roti. Keep the portion wholesome.,45 min walk or yoga flow,Use moderate portions and fresh ingredients. Trim visible fat and keep portions moderate. Common allergens: gluten.
704,Jharkhand,Maintaining Balanced Diet,Snack,"Litti-Chokha (Seasonal, Balanced Plate)",204,8,30,8,5,Medium,Medium,Medium,"Gluten, Mustard","whole wheat flour,sattu,mustard oil,brinjal,tomato,potato,spices,chicken,spices",Non-Vegetarian,Chicken,Cook the litti-chokha in a home-style way with moderate oil and serve with a balanced side of greens or roti. Keep the portion wholesome.,45 min walk or yoga flow,Use moderate portions and fresh ingredients. Trim visible fat and keep portions moderate. Common allergens: gluten.
705,Jharkhand,Maintaining Balanced Diet,Snack,"Arsa (Mild, Normal Serve)",144,3,28,5,1,High,High,High,"Mustard, Rice, Sesame","rice flour,jaggery,sesame,mustard oil",Vegan,,"Cook the arsa in a traditional home style with moderate oil and balanced spices. Serve it with local saag, dal, or chokha for a wholesome plate.",45 min walk or yoga flow,Use moderate portions and fresh ingredients. Keep the recipe fully plant-based and avoid ghee or dairy. Common allergens: rice.
706,Jharkhand,Maintaining Balanced Diet,Snack,"Arsa (Traditional, Normal Serve)",144,3,28,5,1,Medium,Medium,Medium,"Mustard, Rice, Sesame","rice flour,jaggery,sesame,mustard oil",Vegan,,"Cook the arsa in a traditional home style with moderate oil and balanced spices. Serve it with local saag, dal, or chokha for a wholesome plate.",45 min walk or yoga flow,Use moderate portions and fresh ingredients. Keep the recipe fully plant-based and avoid ghee or dairy. Common allergens: rice.
707,Jharkhand,Maintaining Balanced Diet,Snack,"Chana Dal Puri (Homestyle, Normal Serve)",187,7,28,8,4,Low,Low,Low,"Gluten, Legumes, Mustard","whole wheat flour,chana dal,spices,mustard oil",Vegan,,"Cook the chana dal puri in a traditional home style with moderate oil and balanced spices. Serve it with local saag, dal, or chokha for a wholesome plate.",45 min walk or yoga flow,"Use moderate portions and fresh ingredients. Keep the recipe fully plant-based and avoid ghee or dairy. Common allergens: gluten,legumes."
708,Jharkhand,Maintaining Balanced Diet,Snack,"Chana Dal Puri (Seasonal, Normal Serve)",187,7,28,8,4,Medium,Medium,Medium,"Gluten, Legumes, Mustard","whole wheat flour,chana dal,spices,mustard oil",Vegan,,"Cook the chana dal puri in a traditional home style with moderate oil and balanced spices. Serve it with local saag, dal, or chokha for a wholesome plate.",45 min walk or yoga flow,"Use moderate portions and fresh ingredients. Keep the recipe fully plant-based and avoid ghee or dairy. Common allergens: gluten,legumes."
709,Jharkhand,Maintaining Balanced Diet,Snack,"Dhuska (Classic, House Style)",192,6,24,8,3,High,Low,Low,"Legumes, Mustard, Rice","rice flour,urad dal,spices,mustard oil",Vegan,,"Cook the dhuska in a traditional home style with moderate oil and balanced spices. Serve it with local saag, dal, or chokha for a wholesome plate.",45 min walk or yoga flow,"Use moderate portions and fresh ingredients. Keep the recipe fully plant-based and avoid ghee or dairy. Common allergens: rice,legumes."
710,Jharkhand,Maintaining Balanced Diet,Snack,"Dhuska (Seasonal, Standard Portion)",192,6,24,8,3,Medium,Medium,Medium,"Legumes, Mustard, Rice","rice flour,urad dal,spices,mustard oil",Vegan,,"Cook the dhuska in a traditional home style with moderate oil and balanced spices. Serve it with local saag, dal, or chokha for a wholesome plate.",45 min walk or yoga flow,"Use moderate portions and fresh ingredients. Keep the recipe fully plant-based and avoid ghee or dairy. Common allergens: rice,legumes."
711,Jharkhand,Maintaining Balanced Diet,Snack,"Khaja (Mild, Balanced Plate)",204,3,30,8,1,High,High,High,"Gluten, Mustard, Sesame","refined flour,jaggery,sugar,sesame,mustard oil",Vegan,,"Cook the khaja in a traditional home style with moderate oil and balanced spices. Serve it with local saag, dal, or chokha for a wholesome plate.",45 min walk or yoga flow,Use moderate portions and fresh ingredients. Keep the recipe fully plant-based and avoid ghee or dairy. Common allergens: gluten.
712,Jharkhand,Maintaining Balanced Diet,Snack,"Khaja (Traditional, Balanced Plate)",204,3,30,8,1,Medium,Medium,Medium,"Gluten, Mustard, Sesame","refined flour,jaggery,sugar,sesame,mustard oil",Vegan,,"Cook the khaja in a traditional home style with moderate oil and balanced spices. Serve it with local saag, dal, or chokha for a wholesome plate.",45 min walk or yoga flow,Use moderate portions and fresh ingredients. Keep the recipe fully plant-based and avoid ghee or dairy. Common allergens: gluten.
713,Jharkhand,Maintaining Balanced Diet,Snack,"Litti-Chokha (Seasonal, Daily Serve)",204,8,30,8,5,Low,Low,Low,"Gluten, Mustard","whole wheat flour,sattu,mustard oil,brinjal,tomato,potato,spices",Vegan,,"Cook the litti-chokha in a traditional home style with moderate oil and balanced spices. Serve it with local saag, dal, or chokha for a wholesome plate.",45 min walk or yoga flow,Use moderate portions and fresh ingredients. Keep the recipe fully plant-based and avoid ghee or dairy. Common allergens: gluten.
714,Jharkhand,Maintaining Balanced Diet,Snack,"Litti-Chokha (Seasonal, Everyday Portion)",204,8,30,8,5,High,High,High,"Gluten, Mustard","whole wheat flour,sattu,mustard oil,brinjal,tomato,potato,spices",Vegan,,"Cook the litti-chokha in a traditional home style with moderate oil and balanced spices. Serve it with local saag, dal, or chokha for a wholesome plate.",45 min walk or yoga flow,Use moderate portions and fresh ingredients. Keep the recipe fully plant-based and avoid ghee or dairy. Common allergens: gluten.
715,Jharkhand,Maintaining Balanced Diet,Snack,"Mitha Pitha (Mild, Everyday Portion)",162,4,30,5,2,High,High,High,"Rice, Sesame","rice flour,jaggery,sesame",Vegan,,"Cook the mitha pitha in a traditional home style with moderate oil and balanced spices. Serve it with local saag, dal, or chokha for a wholesome plate.",45 min walk or yoga flow,Use moderate portions and fresh ingredients. Keep the recipe fully plant-based and avoid ghee or dairy. Common allergens: rice.
716,Jharkhand,Maintaining Balanced Diet,Snack,"Mitha Pitha (Traditional, Everyday Portion)",162,4,30,5,2,Medium,Medium,Medium,"Rice, Sesame","rice flour,jaggery,sesame",Vegan,,"Cook the mitha pitha in a traditional home style with moderate oil and balanced spices. Serve it with local saag, dal, or chokha for a wholesome plate.",45 min walk or yoga flow,Use moderate portions and fresh ingredients. Keep the recipe fully plant-based and avoid ghee or dairy. Common allergens: rice.
717,Jharkhand,Maintaining Balanced Diet,Snack,"Thekua (Mild, Standard Portion)",153,3,24,8,2,High,High,High,"Gluten, Mustard, Sesame","whole wheat flour,jaggery,sesame,mustard oil",Vegan,,"Cook the thekua in a traditional home style with moderate oil and balanced spices. Serve it with local saag, dal, or chokha for a wholesome plate.",45 min walk or yoga flow,Use moderate portions and fresh ingredients. Keep the recipe fully plant-based and avoid ghee or dairy. Common allergens: gluten.
718,Jharkhand,Maintaining Balanced Diet,Snack,"Thekua (Traditional, Standard Portion)",153,3,24,8,2,High,Low,Low,"Gluten, Mustard, Sesame","whole wheat flour,jaggery,sesame,mustard oil",Vegan,,"Cook the thekua in a traditional home style with moderate oil and balanced spices. Serve it with local saag, dal, or chokha for a wholesome plate.",45 min walk or yoga flow,Use moderate portions and fresh ingredients. Keep the recipe fully plant-based and avoid ghee or dairy. Common allergens: gluten.
719,Jharkhand,Maintaining Balanced Diet,Snack,"Til Barfi (Seasonal, Balanced Plate)",153,4,18,10,2,Medium,Medium,Medium,"Mustard, Nuts, Sesame","sesame,jaggery,mustard oil",Vegan,,"Cook the til barfi in a traditional home style with moderate oil and balanced spices. Serve it with local saag, dal, or chokha for a wholesome plate.",45 min walk or yoga flow,"Use moderate portions and fresh ingredients. Keep the recipe fully plant-based and avoid ghee or dairy. Common allergens: sesame,nuts."
720,Jharkhand,Maintaining Balanced Diet,Snack,"Til Barfi (Tender, Daily Serve)",153,4,18,10,2,High,Low,Low,"Mustard, Nuts, Sesame","sesame,jaggery,mustard oil",Vegan,,"Cook the til barfi in a traditional home style with moderate oil and balanced spices. Serve it with local saag, dal, or chokha for a wholesome plate.",45 min walk or yoga flow,"Use moderate portions and fresh ingredients. Keep the recipe fully plant-based and avoid ghee or dairy. Common allergens: sesame,nuts."
721,Jharkhand,Maintaining Balanced Diet,Dinner,"Aloo Chokha (Traditional, Normal Serve)",120,3,18,4,3,Medium,Medium,Medium,Mustard,"potato,onion,green chilli,mustard oil,spices",Vegetarian,,"Cook the aloo chokha in a traditional home style with moderate oil and balanced spices. Serve it with local saag, dal, or chokha for a wholesome plate.",45 min walk or yoga flow,Use moderate portions and fresh ingredients.
722,Jharkhand,Maintaining Balanced Diet,Dinner,"Bamboo Shoot Sabzi (Traditional, Balanced Plate)",85,3,9,3,4,Medium,Medium,Medium,Mustard,"bamboo shoot,onion,garlic,mustard oil,spices",Vegetarian,,"Cook the bamboo shoot sabzi in a traditional home style with moderate oil and balanced spices. Serve it with local saag, dal, or chokha for a wholesome plate.",45 min walk or yoga flow,Use moderate portions and fresh ingredients.
723,Jharkhand,Maintaining Balanced Diet,Dinner,"Bhaji Sag (Traditional, Everyday Portion)",100,4,12,3,4,Medium,Medium,Medium,Mustard,"leafy greens,onion,garlic,mustard oil,spices",Vegetarian,,"Cook the bhaji sag in a traditional home style with moderate oil and balanced spices. Serve it with local saag, dal, or chokha for a wholesome plate.",45 min walk or yoga flow,Use moderate portions and fresh ingredients.
724,Jharkhand,Maintaining Balanced Diet,Dinner,"Dal Pitha (Seasonal, Normal Serve)",210,8,28,5,4,Medium,Medium,Medium,"Gluten, Legumes, Mustard","rice flour,urad dal,chana dal,spices,mustard oil",Vegetarian,,"Cook the dal pitha in a traditional home style with moderate oil and balanced spices. Serve it with local saag, dal, or chokha for a wholesome plate.",45 min walk or yoga flow,"Use moderate portions and fresh ingredients. Common allergens: gluten,legumes."
725,Jharkhand,Maintaining Balanced Diet,Dinner,Dal Pitha + Tomato Chokha,500,25,60,17,8,High,Medium,Low,Safe,"Rice Flour, Chana Dal, Tomato",Vegetarian,,"Steam pithas, roast tomatoes.",20 mins evening walk,No specific warning
726,Jharkhand,Maintaining Balanced Diet,Dinner,"Dubki (Homestyle, Balanced Plate)",150,6,18,4,5,Low,Low,Low,"Legumes, Mustard","chana dal/urad dal,spices,mustard oil,garlic",Vegetarian,,"Cook the dubki in a traditional home style with moderate oil and balanced spices. Serve it with local saag, dal, or chokha for a wholesome plate.",45 min walk or yoga flow,Use moderate portions and fresh ingredients. Common allergens: legumes.
727,Jharkhand,Maintaining Balanced Diet,Dinner,Gondli Rice + Kurthi Dal,500,25,60,17,12,Low,Medium,Low,Safe,"Little Millet, Horsegram",Vegetarian,,Excellent light dinner.,20 mins evening walk,No specific warning
728,Jharkhand,Maintaining Balanced Diet,Dinner,"Khapada Roti (Tender, Single Plate)",170,5,28,4,4,Medium,Medium,Medium,"Gluten, Mustard","whole wheat flour,mustard oil,water,spices",Vegetarian,,"Cook the khapada roti in a traditional home style with moderate oil and balanced spices. Serve it with local saag, dal, or chokha for a wholesome plate.",45 min walk or yoga flow,Use moderate portions and fresh ingredients. Common allergens: gluten.
729,Jharkhand,Maintaining Balanced Diet,Dinner,"Koinar Sag (Homestyle, Standard Portion)",90,4,10,3,4,Low,Low,Low,Mustard,"koinar leaves,onion,garlic,mustard oil,spices",Vegetarian,,"Cook the koinar sag in a traditional home style with moderate oil and balanced spices. Serve it with local saag, dal, or chokha for a wholesome plate.",45 min walk or yoga flow,Use moderate portions and fresh ingredients.
730,Jharkhand,Maintaining Balanced Diet,Dinner,"Kurthi Dal (Homestyle, Everyday Portion)",175,9,20,5,7,Low,Low,Low,"Legumes, Mustard","kurthi dal,garlic,ginger,cumin,mustard oil",Vegetarian,,"Cook the kurthi dal in a traditional home style with moderate oil and balanced spices. Serve it with local saag, dal, or chokha for a wholesome plate.",45 min walk or yoga flow,Use moderate portions and fresh ingredients. Common allergens: legumes.
731,Jharkhand,Maintaining Balanced Diet,Dinner,"Litti-Chokha (Mild, Local Style)",240,8,30,8,5,Medium,Medium,Medium,"Gluten, Mustard","whole wheat flour,sattu,mustard oil,brinjal,tomato,potato,spices",Vegetarian,,"Cook the litti-chokha in a traditional home style with moderate oil and balanced spices. Serve it with local saag, dal, or chokha for a wholesome plate.",45 min walk or yoga flow,Use moderate portions and fresh ingredients. Common allergens: gluten.
732,Jharkhand,Maintaining Balanced Diet,Dinner,Marua Roti + Ghugni,500,25,60,17,14,Low,Medium,Low,Safe,"Finger Millet, Black Chickpeas",Vegetarian,,Cook ghugni with minimal oil.,20 mins evening walk,No specific warning
733,Jharkhand,Maintaining Balanced Diet,Dinner,"Rugdha (Traditional, Standard Portion)",95,5,8,4,3,Low,Low,Low,Mustard,"rugdha mushroom,onion,garlic,mustard oil,spices",Vegetarian,,"Cook the rugdha in a traditional home style with moderate oil and balanced spices. Serve it with local saag, dal, or chokha for a wholesome plate.",45 min walk or yoga flow,Use moderate portions and fresh ingredients.
734,Jharkhand,Maintaining Balanced Diet,Dinner,"Udad Dal (Homestyle, Normal Serve)",180,10,18,6,6,Low,Low,Low,"Legumes, Mustard","urad dal,ginger,garlic,cumin,mustard oil",Vegetarian,,"Cook the udad dal in a traditional home style with moderate oil and balanced spices. Serve it with local saag, dal, or chokha for a wholesome plate.",45 min walk or yoga flow,Use moderate portions and fresh ingredients. Common allergens: legumes.
735,Jharkhand,Maintaining Balanced Diet,Dinner,Usna Rice + Dal Tadka (Light) + Lal Saag,500,25,60,17,11,Medium,Medium,Low,Safe,"Parboiled Rice, Arhar Dal, Red Amaranth",Vegetarian,,Standard light dinner.,20 mins evening walk,No specific warning
736,Jharkhand,Maintaining Balanced Diet,Dinner,Wheat Roti + Rugra Sabzi,500,25,60,17,9,Low,Medium,Low,Gluten,"Wheat, Mushroom",Vegetarian,,Light and nutritious.,20 mins evening walk,No specific warning
737,Jharkhand,Maintaining Balanced Diet,Dinner,"Aloo Chokha (Mild, Balanced Plate)",120,3,18,4,3,High,High,High,Mustard,"potato,onion,green chilli,mustard oil,spices,chicken,spices",Non-Vegetarian,Chicken,Cook the aloo chokha in a home-style way with moderate oil and serve with a balanced side of greens or roti. Keep the portion wholesome.,45 min walk or yoga flow,Use moderate portions and fresh ingredients. Trim visible fat and keep portions moderate.
738,Jharkhand,Maintaining Balanced Diet,Dinner,"Aloo Chokha (Seasonal, House Style)",120,3,18,4,3,Low,Low,Low,Mustard,"potato,onion,green chilli,mustard oil,spices,chicken,spices",Non-Vegetarian,Chicken,Cook the aloo chokha in a home-style way with moderate oil and serve with a balanced side of greens or roti. Keep the portion wholesome.,45 min walk or yoga flow,Use moderate portions and fresh ingredients. Trim visible fat and keep portions moderate.
739,Jharkhand,Maintaining Balanced Diet,Dinner,"Aloo Chokha (Tender, House Style)",120,3,18,4,3,Medium,Medium,Medium,Mustard,"potato,onion,green chilli,mustard oil,spices,chicken,spices",Non-Vegetarian,Chicken,Cook the aloo chokha in a home-style way with moderate oil and serve with a balanced side of greens or roti. Keep the portion wholesome.,45 min walk or yoga flow,Use moderate portions and fresh ingredients. Trim visible fat and keep portions moderate.
740,Jharkhand,Maintaining Balanced Diet,Dinner,"Chilka Roti (Fresh, House Style)",160,5,22,5,3,High,High,High,"Legumes, Mustard","rice flour,besan,spices,mustard oil,chicken,spices",Non-Vegetarian,Chicken,Cook the chilka roti in a home-style way with moderate oil and serve with a balanced side of greens or roti. Keep the portion wholesome.,45 min walk or yoga flow,Use moderate portions and fresh ingredients. Trim visible fat and keep portions moderate. Common allergens: legumes.
741,Jharkhand,Maintaining Balanced Diet,Dinner,"Chilka Roti (Simple, House Style)",160,5,22,5,3,Medium,Medium,Medium,"Legumes, Mustard","rice flour,besan,spices,mustard oil,chicken,spices",Non-Vegetarian,Chicken,Cook the chilka roti in a home-style way with moderate oil and serve with a balanced side of greens or roti. Keep the portion wholesome.,45 min walk or yoga flow,Use moderate portions and fresh ingredients. Trim visible fat and keep portions moderate. Common allergens: legumes.
742,Jharkhand,Maintaining Balanced Diet,Dinner,Chilka Roti + Egg Curry (2 eggs),500,25,60,17,7,Medium,Medium,Medium,"Egg, Eggs","Rice, Chana Dal, Eggs",Non-Vegetarian,,Balanced protein and carb load.,20 mins evening walk,No specific warning
743,Jharkhand,Maintaining Balanced Diet,Dinner,"Desi Chicken Curry (Light, Daily Serve)",250,25,5,14,0,Low,Low,Low,Mustard,"chicken,onion,garlic,ginger,spices,mustard oil",Non-Vegetarian,Chicken,Cook the desi chicken curry in a home-style way with moderate oil and serve with a balanced side of greens or roti. Keep the portion wholesome.,45 min walk or yoga flow,Use moderate portions and fresh ingredients. Trim visible fat and keep portions moderate.
744,Jharkhand,Maintaining Balanced Diet,Dinner,"Desi Chicken Curry (Mild, Daily Serve)",250,25,5,14,0,Medium,Medium,Medium,Mustard,"chicken,onion,garlic,ginger,spices,mustard oil",Non-Vegetarian,Chicken,Cook the desi chicken curry in a home-style way with moderate oil and serve with a balanced side of greens or roti. Keep the portion wholesome.,45 min walk or yoga flow,Use moderate portions and fresh ingredients. Trim visible fat and keep portions moderate.
745,Jharkhand,Maintaining Balanced Diet,Dinner,"Goat Meat Gravy (Fresh, House Style)",300,25,4,20,0,Low,Low,Low,Mustard,"goat meat,onion,garlic,ginger,spices,mustard oil",Non-Vegetarian,Mutton,Cook the goat meat gravy in a home-style way with moderate oil and serve with a balanced side of greens or roti. Keep the portion wholesome.,45 min walk or yoga flow,Use moderate portions and fresh ingredients. Trim visible fat and keep portions moderate.
746,Jharkhand,Maintaining Balanced Diet,Dinner,"Goat Meat Gravy (Seasonal, House Style)",300,25,4,20,0,Medium,Medium,Medium,Mustard,"goat meat,onion,garlic,ginger,spices,mustard oil",Non-Vegetarian,Mutton,Cook the goat meat gravy in a home-style way with moderate oil and serve with a balanced side of greens or roti. Keep the portion wholesome.,45 min walk or yoga flow,Use moderate portions and fresh ingredients. Trim visible fat and keep portions moderate.
747,Jharkhand,Maintaining Balanced Diet,Dinner,"Khapada Roti (Classic, Daily Serve)",170,5,28,4,4,Medium,Medium,Medium,"Gluten, Mustard","whole wheat flour,mustard oil,water,spices,goat meat,spices",Non-Vegetarian,Mutton,Cook the khapada roti in a home-style way with moderate oil and serve with a balanced side of greens or roti. Keep the portion wholesome.,45 min walk or yoga flow,Use moderate portions and fresh ingredients. Trim visible fat and keep portions moderate. Common allergens: gluten.
748,Jharkhand,Maintaining Balanced Diet,Dinner,"Khapada Roti (Mild, Daily Serve)",170,5,28,4,4,Low,Low,Low,"Gluten, Mustard","whole wheat flour,mustard oil,water,spices,goat meat,spices",Non-Vegetarian,Mutton,Cook the khapada roti in a home-style way with moderate oil and serve with a balanced side of greens or roti. Keep the portion wholesome.,45 min walk or yoga flow,Use moderate portions and fresh ingredients. Trim visible fat and keep portions moderate. Common allergens: gluten.
749,Jharkhand,Maintaining Balanced Diet,Dinner,"Khapada Roti (Rustic, Daily Serve)",170,5,28,4,4,High,High,High,"Gluten, Mustard","whole wheat flour,mustard oil,water,spices,goat meat,spices",Non-Vegetarian,Mutton,Cook the khapada roti in a home-style way with moderate oil and serve with a balanced side of greens or roti. Keep the portion wholesome.,45 min walk or yoga flow,Use moderate portions and fresh ingredients. Trim visible fat and keep portions moderate. Common allergens: gluten.
750,Jharkhand,Maintaining Balanced Diet,Dinner,"Litti-Chokha (Light, Daily Serve)",240,8,30,8,5,Medium,Medium,Medium,"Gluten, Mustard","whole wheat flour,sattu,mustard oil,brinjal,tomato,potato,spices,chicken,spices",Non-Vegetarian,Chicken,Cook the litti-chokha in a home-style way with moderate oil and serve with a balanced side of greens or roti. Keep the portion wholesome.,45 min walk or yoga flow,Use moderate portions and fresh ingredients. Trim visible fat and keep portions moderate. Common allergens: gluten.
751,Jharkhand,Maintaining Balanced Diet,Dinner,"Litti-Chokha (Rustic, Daily Serve)",240,8,30,8,5,Low,Low,Low,"Gluten, Mustard","whole wheat flour,sattu,mustard oil,brinjal,tomato,potato,spices,chicken,spices",Non-Vegetarian,Chicken,Cook the litti-chokha in a home-style way with moderate oil and serve with a balanced side of greens or roti. Keep the portion wholesome.,45 min walk or yoga flow,Use moderate portions and fresh ingredients. Trim visible fat and keep portions moderate. Common allergens: gluten.
752,Jharkhand,Maintaining Balanced Diet,Dinner,Wheat Roti + Chicken Jhor (Lean),500,25,60,17,8,Medium,Medium,Low,Gluten,"Wheat, Lean Chicken",Non-Vegetarian,Chicken,Keep the broth clear and light.,20 mins evening walk,No specific warning
753,Jharkhand,Maintaining Balanced Diet,Dinner,"Aloo Chokha (Mild, Everyday Portion)",120,3,18,4,3,High,High,High,Mustard,"potato,onion,green chilli,mustard oil,spices",Vegan,,"Cook the aloo chokha in a traditional home style with moderate oil and balanced spices. Serve it with local saag, dal, or chokha for a wholesome plate.",45 min walk or yoga flow,Use moderate portions and fresh ingredients. Keep the recipe fully plant-based and avoid ghee or dairy.
754,Jharkhand,Maintaining Balanced Diet,Dinner,"Aloo Chokha (Traditional, Standard Portion)",120,3,18,4,3,Low,Low,Low,Mustard,"potato,onion,green chilli,mustard oil,spices",Vegan,,"Cook the aloo chokha in a traditional home style with moderate oil and balanced spices. Serve it with local saag, dal, or chokha for a wholesome plate.",45 min walk or yoga flow,Use moderate portions and fresh ingredients. Keep the recipe fully plant-based and avoid ghee or dairy.
755,Jharkhand,Maintaining Balanced Diet,Dinner,"Bamboo Shoot Sabzi (Homestyle, Everyday Portion)",85,3,9,3,4,Low,Low,Low,Mustard,"bamboo shoot,onion,garlic,mustard oil,spices",Vegan,,"Cook the bamboo shoot sabzi in a traditional home style with moderate oil and balanced spices. Serve it with local saag, dal, or chokha for a wholesome plate.",45 min walk or yoga flow,Use moderate portions and fresh ingredients. Keep the recipe fully plant-based and avoid ghee or dairy.
756,Jharkhand,Maintaining Balanced Diet,Dinner,"Bamboo Shoot Sabzi (Mild, Normal Serve)",85,3,9,3,4,High,High,High,Mustard,"bamboo shoot,onion,garlic,mustard oil,spices",Vegan,,"Cook the bamboo shoot sabzi in a traditional home style with moderate oil and balanced spices. Serve it with local saag, dal, or chokha for a wholesome plate.",45 min walk or yoga flow,Use moderate portions and fresh ingredients. Keep the recipe fully plant-based and avoid ghee or dairy.
757,Jharkhand,Maintaining Balanced Diet,Dinner,"Bhaji Sag (Traditional, Balanced Plate)",100,4,12,3,4,Medium,Medium,Medium,Mustard,"leafy greens,onion,garlic,mustard oil,spices",Vegan,,"Cook the bhaji sag in a traditional home style with moderate oil and balanced spices. Serve it with local saag, dal, or chokha for a wholesome plate.",45 min walk or yoga flow,Use moderate portions and fresh ingredients. Keep the recipe fully plant-based and avoid ghee or dairy.
758,Jharkhand,Maintaining Balanced Diet,Dinner,"Dal Pitha (Seasonal, Standard Portion)",210,8,28,5,4,Medium,Medium,Medium,"Gluten, Legumes, Mustard","rice flour,urad dal,chana dal,spices,mustard oil",Vegan,,"Cook the dal pitha in a traditional home style with moderate oil and balanced spices. Serve it with local saag, dal, or chokha for a wholesome plate.",45 min walk or yoga flow,"Use moderate portions and fresh ingredients. Keep the recipe fully plant-based and avoid ghee or dairy. Common allergens: gluten,legumes."
759,Jharkhand,Maintaining Balanced Diet,Dinner,"Dubki (Seasonal, Normal Serve)",150,6,18,4,5,Medium,Medium,Medium,"Legumes, Mustard","chana dal/urad dal,spices,mustard oil,garlic",Vegan,,"Cook the dubki in a traditional home style with moderate oil and balanced spices. Serve it with local saag, dal, or chokha for a wholesome plate.",45 min walk or yoga flow,Use moderate portions and fresh ingredients. Keep the recipe fully plant-based and avoid ghee or dairy. Common allergens: legumes.
760,Jharkhand,Maintaining Balanced Diet,Dinner,"Khapada Roti (Tender, Local Style)",170,5,28,4,4,Medium,Medium,Medium,"Gluten, Mustard","whole wheat flour,mustard oil,water,spices",Vegan,,"Cook the khapada roti in a traditional home style with moderate oil and balanced spices. Serve it with local saag, dal, or chokha for a wholesome plate.",45 min walk or yoga flow,Use moderate portions and fresh ingredients. Keep the recipe fully plant-based and avoid ghee or dairy. Common allergens: gluten.
761,Jharkhand,Maintaining Balanced Diet,Dinner,"Koinar Sag (Seasonal, Balanced Plate)",90,4,10,3,4,Medium,Medium,Medium,Mustard,"koinar leaves,onion,garlic,mustard oil,spices",Vegan,,"Cook the koinar sag in a traditional home style with moderate oil and balanced spices. Serve it with local saag, dal, or chokha for a wholesome plate.",45 min walk or yoga flow,Use moderate portions and fresh ingredients. Keep the recipe fully plant-based and avoid ghee or dairy.
762,Jharkhand,Maintaining Balanced Diet,Dinner,"Kurthi Dal (Homestyle, Balanced Plate)",175,9,20,5,7,Low,Low,Low,"Legumes, Mustard","kurthi dal,garlic,ginger,cumin,mustard oil",Vegan,,"Cook the kurthi dal in a traditional home style with moderate oil and balanced spices. Serve it with local saag, dal, or chokha for a wholesome plate.",45 min walk or yoga flow,Use moderate portions and fresh ingredients. Keep the recipe fully plant-based and avoid ghee or dairy. Common allergens: legumes.
763,Jharkhand,Maintaining Balanced Diet,Dinner,"Kurthi Dal (Mild, Standard Portion)",175,9,20,5,7,Low,High,High,"Legumes, Mustard","kurthi dal,garlic,ginger,cumin,mustard oil",Vegan,,"Cook the kurthi dal in a traditional home style with moderate oil and balanced spices. Serve it with local saag, dal, or chokha for a wholesome plate.",45 min walk or yoga flow,Use moderate portions and fresh ingredients. Keep the recipe fully plant-based and avoid ghee or dairy. Common allergens: legumes.
764,Jharkhand,Maintaining Balanced Diet,Dinner,"Litti-Chokha (Traditional, Everyday Portion)",240,8,30,8,5,Medium,Medium,Medium,"Gluten, Mustard","whole wheat flour,sattu,mustard oil,brinjal,tomato,potato,spices",Vegan,,"Cook the litti-chokha in a traditional home style with moderate oil and balanced spices. Serve it with local saag, dal, or chokha for a wholesome plate.",45 min walk or yoga flow,Use moderate portions and fresh ingredients. Keep the recipe fully plant-based and avoid ghee or dairy. Common allergens: gluten.
765,Jharkhand,Maintaining Balanced Diet,Dinner,"Rugdha (Homestyle, Normal Serve)",95,5,8,4,3,Low,Low,Low,Mustard,"rugdha mushroom,onion,garlic,mustard oil,spices",Vegan,,"Cook the rugdha in a traditional home style with moderate oil and balanced spices. Serve it with local saag, dal, or chokha for a wholesome plate.",45 min walk or yoga flow,Use moderate portions and fresh ingredients. Keep the recipe fully plant-based and avoid ghee or dairy.
766,Jharkhand,Maintaining Balanced Diet,Dinner,"Rugdha (Mild, Balanced Plate)",95,5,8,4,3,High,High,High,Mustard,"rugdha mushroom,onion,garlic,mustard oil,spices",Vegan,,"Cook the rugdha in a traditional home style with moderate oil and balanced spices. Serve it with local saag, dal, or chokha for a wholesome plate.",45 min walk or yoga flow,Use moderate portions and fresh ingredients. Keep the recipe fully plant-based and avoid ghee or dairy.
767,Jharkhand,Maintaining Balanced Diet,Dinner,"Udad Dal (Homestyle, Standard Portion)",180,10,18,6,6,Low,Low,Low,"Legumes, Mustard","urad dal,ginger,garlic,cumin,mustard oil",Vegan,,"Cook the udad dal in a traditional home style with moderate oil and balanced spices. Serve it with local saag, dal, or chokha for a wholesome plate.",45 min walk or yoga flow,Use moderate portions and fresh ingredients. Keep the recipe fully plant-based and avoid ghee or dairy. Common allergens: legumes.
768,Jharkhand,Maintaining Balanced Diet,Dinner,"Udad Dal (Seasonal, Everyday Portion)",180,10,18,6,6,Low,High,High,"Legumes, Mustard","urad dal,ginger,garlic,cumin,mustard oil",Vegan,,"Cook the udad dal in a traditional home style with moderate oil and balanced spices. Serve it with local saag, dal, or chokha for a wholesome plate.",45 min walk or yoga flow,Use moderate portions and fresh ingredients. Keep the recipe fully plant-based and avoid ghee or dairy. Common allergens: legumes.
769,Jharkhand,Diabetes,Breakfast,"Arsa (Millet Blend, Controlled Portion)",128,3,20,4,1,High,Low,Low,"Mustard, Rice, Sesame","rice flour,jaggery,sesame,mustard oil",Vegetarian,,Keep the arsa unsweetened and use whole grains or legume-heavy batter where possible. Avoid deep frying and pair it with fibre-rich vegetables.,20 min post-meal walk,No added sugar; keep carbs measured and balanced with fibre. Common allergens: rice.
770,Jharkhand,Diabetes,Breakfast,Besan Chilla with Lauki (Bottle Gourd),300,15,35,11,8,Low,Medium,Low,Safe,"Gram Flour, Bottle Gourd",Vegetarian,,Grate lauki into the batter for extra fiber.,20 mins post-meal walk,Check fasting glucose regularly
771,Jharkhand,Diabetes,Breakfast,Boiled Kurthi (Horsegram) Chaat,300,15,35,11,10,Low,Medium,Low,Safe,"Horsegram, Onion, Tomato",Vegetarian,,Toss boiled horsegram with raw veggies.,20 mins post-meal walk,Check fasting glucose regularly
772,Jharkhand,Diabetes,Breakfast,"Chana Dal Puri (Steamed, Moderate Bowl)",162,7,20,6,5,Low,Low,Low,"Gluten, Legumes, Mustard","whole wheat flour,chana dal,spices,mustard oil",Vegetarian,,Keep the chana dal puri unsweetened and use whole grains or legume-heavy batter where possible. Avoid deep frying and pair it with fibre-rich vegetables.,20 min post-meal walk,"No added sugar; keep carbs measured and balanced with fibre. Common allergens: gluten,legumes."
773,Jharkhand,Diabetes,Breakfast,"Chilka Roti (Boiled, Small Bowl)",115,5,16,4,4,High,Low,Low,"Legumes, Mustard","rice flour,besan,spices,mustard oil",Vegetarian,,Keep the chilka roti unsweetened and use whole grains or legume-heavy batter where possible. Avoid deep frying and pair it with fibre-rich vegetables.,20 min post-meal walk,No added sugar; keep carbs measured and balanced with fibre. Common allergens: legumes.
774,Jharkhand,Diabetes,Breakfast,Chilka Roti (Brown Rice/Dal) + Chutney,300,15,35,11,8,High,Medium,Low,Safe,"Brown Rice, Chana Dal",Vegetarian,,Use brown rice to make the batter. Zero oil.,20 mins post-meal walk,Check fasting glucose regularly
775,Jharkhand,Diabetes,Breakfast,"Dhuska (Boiled, Moderate Bowl)",161,6,17,6,4,High,Low,Low,"Legumes, Mustard, Rice","rice flour,urad dal,spices,mustard oil",Vegetarian,,Keep the dhuska unsweetened and use whole grains or legume-heavy batter where possible. Avoid deep frying and pair it with fibre-rich vegetables.,20 min post-meal walk,"No added sugar; keep carbs measured and balanced with fibre. Common allergens: rice,legumes."
776,Jharkhand,Diabetes,Breakfast,Gondli (Little Millet) Upma,300,15,35,11,8,Low,Medium,Low,Egg,"Little Millet, Veggies",Vegetarian,,Cook millet perfectly. Millets have a very low GI.,20 mins post-meal walk,Check fasting glucose regularly
777,Jharkhand,Diabetes,Breakfast,"Khaja (Boiled, Controlled Portion)",144,3,22,6,1,High,Low,Low,"Gluten, Mustard, Sesame","refined flour,jaggery,sugar,sesame,mustard oil",Vegetarian,,Keep the khaja unsweetened and use whole grains or legume-heavy batter where possible. Avoid deep frying and pair it with fibre-rich vegetables.,20 min post-meal walk,No added sugar; keep carbs measured and balanced with fibre. Common allergens: gluten.
778,Jharkhand,Diabetes,Breakfast,"Litti-Chokha (Steamed, Controlled Portion)",173,8,22,6,6,Low,Low,Low,"Gluten, Mustard","whole wheat flour,sattu,mustard oil,brinjal,tomato,potato,spices",Vegetarian,,Keep the litti-chokha unsweetened and use whole grains or legume-heavy batter where possible. Avoid deep frying and pair it with fibre-rich vegetables.,20 min post-meal walk,No added sugar; keep carbs measured and balanced with fibre. Common allergens: gluten.
779,Jharkhand,Diabetes,Breakfast,Marua (Ragi) Roti + Garlic Chutney,300,15,35,11,9,Low,Medium,Low,Safe,"Finger Millet, Garlic",Vegetarian,,Dry roast. Ragi's high fiber blunts blood sugar spikes.,20 mins post-meal walk,Check fasting glucose regularly
780,Jharkhand,Diabetes,Breakfast,"Sattu Drink (Water base, No Sugar)",300,15,35,11,7,Low,Medium,Low,Safe,"Sattu, Water, Lemon",Vegetarian,,Mix sattu with water. The complex carbs release slowly.,20 mins post-meal walk,Avoid if post-meal exceeds 180 mg/dL
781,Jharkhand,Diabetes,Breakfast,"Sattu Paratha (Steamed, Measured Serve)",166,8,20,6,6,Low,Low,Low,"Gluten, Legumes, Mustard","whole wheat flour,sattu,spices,mustard oil",Vegetarian,,Keep the sattu paratha unsweetened and use whole grains or legume-heavy batter where possible. Avoid deep frying and pair it with fibre-rich vegetables.,20 min post-meal walk,"No added sugar; keep carbs measured and balanced with fibre. Common allergens: gluten,legumes."
782,Jharkhand,Diabetes,Breakfast,Steamed Moong Dal Charpa,300,15,35,11,7,Low,Medium,Low,Safe,"Moong Dal, Leaves",Vegetarian,,Steam the high-protein dal paste.,20 mins post-meal walk,Check fasting glucose regularly
783,Jharkhand,Diabetes,Breakfast,"Thekua (Steamed, Small Bowl)",130,3,17,6,2,High,Low,Low,"Gluten, Mustard, Sesame","whole wheat flour,jaggery,sesame,mustard oil",Vegetarian,,Keep the thekua unsweetened and use whole grains or legume-heavy batter where possible. Avoid deep frying and pair it with fibre-rich vegetables.,20 min post-meal walk,No added sugar; keep carbs measured and balanced with fibre. Common allergens: gluten.
784,Jharkhand,Diabetes,Breakfast,"Til Barfi (Boiled, Measured Serve)",131,4,13,7,2,High,Low,Low,"Dairy, Nuts, Sesame","sesame,jaggery,ghee",Vegetarian,,Keep the til barfi unsweetened and use whole grains or legume-heavy batter where possible. Avoid deep frying and pair it with fibre-rich vegetables.,20 min post-meal walk,"No added sugar; keep carbs measured and balanced with fibre. Common allergens: sesame,nuts."
785,Jharkhand,Diabetes,Breakfast,"Chilka Roti (Boiled, Moderate Bowl)",136,5,16,4,4,High,Low,Low,"Legumes, Mustard","rice flour,besan,spices,mustard oil,chicken,spices",Non-Vegetarian,Chicken,"Keep the gravy light, avoid sugary marinades, and pair the chilka roti with a small portion of whole-grain accompaniment. Favor fibre-rich sides and slow-cooked spices.",20 min post-meal walk,No added sugar; keep carbs measured and balanced with fibre. Trim visible fat and keep portions moderate. Common allergens: legumes.
786,Jharkhand,Diabetes,Breakfast,"Chilka Roti (No Sugar, Controlled Portion)",120,5,16,4,4,Medium,Medium,Medium,"Legumes, Mustard","rice flour,besan,spices,mustard oil,chicken,spices",Non-Vegetarian,Chicken,"Keep the gravy light, avoid sugary marinades, and pair the chilka roti with a small portion of whole-grain accompaniment. Favor fibre-rich sides and slow-cooked spices.",20 min post-meal walk,No added sugar; keep carbs measured and balanced with fibre. Trim visible fat and keep portions moderate. Common allergens: legumes.
787,Jharkhand,Diabetes,Breakfast,"Chilka Roti (Steamed, Small Bowl)",115,5,16,4,4,High,Low,Low,"Legumes, Mustard","rice flour,besan,spices,mustard oil,chicken,spices",Non-Vegetarian,Chicken,"Keep the gravy light, avoid sugary marinades, and pair the chilka roti with a small portion of whole-grain accompaniment. Favor fibre-rich sides and slow-cooked spices.",20 min post-meal walk,No added sugar; keep carbs measured and balanced with fibre. Trim visible fat and keep portions moderate. Common allergens: legumes.
788,Jharkhand,Diabetes,Breakfast,"Dhuska (Boiled, Small Bowl)",137,6,17,6,4,High,Low,Low,"Legumes, Mustard, Rice","rice flour,urad dal,spices,mustard oil,chicken,spices",Non-Vegetarian,Chicken,"Keep the gravy light, avoid sugary marinades, and pair the dhuska with a small portion of whole-grain accompaniment. Favor fibre-rich sides and slow-cooked spices.",20 min post-meal walk,"No added sugar; keep carbs measured and balanced with fibre. Trim visible fat and keep portions moderate. Common allergens: rice,legumes."
789,Jharkhand,Diabetes,Breakfast,"Dhuska (Millet Blend, Controlled Portion)",143,6,17,7,4,High,Low,Low,"Legumes, Mustard, Rice","rice flour,urad dal,spices,mustard oil,chicken,spices",Non-Vegetarian,Chicken,"Keep the gravy light, avoid sugary marinades, and pair the dhuska with a small portion of whole-grain accompaniment. Favor fibre-rich sides and slow-cooked spices.",20 min post-meal walk,"No added sugar; keep carbs measured and balanced with fibre. Trim visible fat and keep portions moderate. Common allergens: rice,legumes."
790,Jharkhand,Diabetes,Breakfast,"Dhuska (No Sugar, Measured Serve)",168,6,17,7,4,Medium,Medium,Medium,"Legumes, Mustard, Rice","rice flour,urad dal,spices,mustard oil,chicken,spices",Non-Vegetarian,Chicken,"Keep the gravy light, avoid sugary marinades, and pair the dhuska with a small portion of whole-grain accompaniment. Favor fibre-rich sides and slow-cooked spices.",20 min post-meal walk,"No added sugar; keep carbs measured and balanced with fibre. Trim visible fat and keep portions moderate. Common allergens: rice,legumes."
791,Jharkhand,Diabetes,Breakfast,"Khapada Roti (Millet Blend, Measured Serve)",127,5,20,3,5,Medium,Medium,Low,"Gluten, Mustard","whole wheat flour,mustard oil,water,spices,goat meat,spices",Non-Vegetarian,Mutton,"Keep the gravy light, avoid sugary marinades, and pair the khapada roti with a small portion of whole-grain accompaniment. Favor fibre-rich sides and slow-cooked spices.",20 min post-meal walk,No added sugar; keep carbs measured and balanced with fibre. Trim visible fat and keep portions moderate. Common allergens: gluten.
792,Jharkhand,Diabetes,Breakfast,"Khapada Roti (No Sugar, Moderate Bowl)",127,5,20,3,5,High,High,Medium,"Gluten, Mustard","whole wheat flour,mustard oil,water,spices,goat meat,spices",Non-Vegetarian,Mutton,"Keep the gravy light, avoid sugary marinades, and pair the khapada roti with a small portion of whole-grain accompaniment. Favor fibre-rich sides and slow-cooked spices.",20 min post-meal walk,No added sugar; keep carbs measured and balanced with fibre. Trim visible fat and keep portions moderate. Common allergens: gluten.
793,Jharkhand,Diabetes,Breakfast,"Khapada Roti (Steamed, Controlled Portion)",123,5,20,3,5,Low,Low,Low,"Gluten, Mustard","whole wheat flour,mustard oil,water,spices,goat meat,spices",Non-Vegetarian,Mutton,"Keep the gravy light, avoid sugary marinades, and pair the khapada roti with a small portion of whole-grain accompaniment. Favor fibre-rich sides and slow-cooked spices.",20 min post-meal walk,No added sugar; keep carbs measured and balanced with fibre. Trim visible fat and keep portions moderate. Common allergens: gluten.
794,Jharkhand,Diabetes,Breakfast,"Litti-Chokha (Boiled, Measured Serve)",174,8,22,6,6,Low,Low,Low,"Gluten, Mustard","whole wheat flour,sattu,mustard oil,brinjal,tomato,potato,spices,chicken,spices",Non-Vegetarian,Chicken,"Keep the gravy light, avoid sugary marinades, and pair the litti-chokha with a small portion of whole-grain accompaniment. Favor fibre-rich sides and slow-cooked spices.",20 min post-meal walk,No added sugar; keep carbs measured and balanced with fibre. Trim visible fat and keep portions moderate. Common allergens: gluten.
795,Jharkhand,Diabetes,Breakfast,"Litti-Chokha (Millet Blend, Small Bowl)",180,8,22,7,6,Medium,Medium,Medium,"Gluten, Mustard","whole wheat flour,sattu,mustard oil,brinjal,tomato,potato,spices,chicken,spices",Non-Vegetarian,Chicken,"Keep the gravy light, avoid sugary marinades, and pair the litti-chokha with a small portion of whole-grain accompaniment. Favor fibre-rich sides and slow-cooked spices.",20 min post-meal walk,No added sugar; keep carbs measured and balanced with fibre. Trim visible fat and keep portions moderate. Common allergens: gluten.
796,Jharkhand,Diabetes,Breakfast,"Litti-Chokha (Steamed, Moderate Bowl)",174,8,22,6,6,Low,Low,Low,"Gluten, Mustard","whole wheat flour,sattu,mustard oil,brinjal,tomato,potato,spices,chicken,spices",Non-Vegetarian,Chicken,"Keep the gravy light, avoid sugary marinades, and pair the litti-chokha with a small portion of whole-grain accompaniment. Favor fibre-rich sides and slow-cooked spices.",20 min post-meal walk,No added sugar; keep carbs measured and balanced with fibre. Trim visible fat and keep portions moderate. Common allergens: gluten.
797,Jharkhand,Diabetes,Breakfast,"Sattu Paratha (Boiled, Controlled Portion)",166,8,20,6,6,Low,Low,Low,"Gluten, Legumes, Mustard","whole wheat flour,sattu,spices,mustard oil,chicken,spices",Non-Vegetarian,Chicken,"Keep the gravy light, avoid sugary marinades, and pair the sattu paratha with a small portion of whole-grain accompaniment. Favor fibre-rich sides and slow-cooked spices.",20 min post-meal walk,"No added sugar; keep carbs measured and balanced with fibre. Trim visible fat and keep portions moderate. Common allergens: gluten,legumes."
798,Jharkhand,Diabetes,Breakfast,"Sattu Paratha (Mild, Local Style)",166,8,20,6,6,Low,Low,Low,"Gluten, Legumes, Mustard","whole wheat flour,sattu,spices,mustard oil,chicken,spices",Non-Vegetarian,Chicken,"Keep the gravy light, avoid sugary marinades, and pair the sattu paratha with a small portion of whole-grain accompaniment. Favor fibre-rich sides and slow-cooked spices.",20 min post-meal walk,"No added sugar; keep carbs measured and balanced with fibre. Trim visible fat and keep portions moderate. Common allergens: gluten,legumes."
799,Jharkhand,Diabetes,Breakfast,"Sattu Paratha (Millet Blend, Moderate Bowl)",175,8,20,7,6,Medium,Medium,Medium,"Gluten, Legumes, Mustard","whole wheat flour,sattu,spices,mustard oil,chicken,spices",Non-Vegetarian,Chicken,"Keep the gravy light, avoid sugary marinades, and pair the sattu paratha with a small portion of whole-grain accompaniment. Favor fibre-rich sides and slow-cooked spices.",20 min post-meal walk,"No added sugar; keep carbs measured and balanced with fibre. Trim visible fat and keep portions moderate. Common allergens: gluten,legumes."
800,Jharkhand,Diabetes,Breakfast,"Sattu Paratha (No Sugar, Small Bowl)",173,8,20,7,6,High,High,High,"Gluten, Legumes, Mustard","whole wheat flour,sattu,spices,mustard oil,chicken,spices",Non-Vegetarian,Chicken,"Keep the gravy light, avoid sugary marinades, and pair the sattu paratha with a small portion of whole-grain accompaniment. Favor fibre-rich sides and slow-cooked spices.",20 min post-meal walk,"No added sugar; keep carbs measured and balanced with fibre. Trim visible fat and keep portions moderate. Common allergens: gluten,legumes."
801,Jharkhand,Diabetes,Breakfast,"Arsa (Steamed, Moderate Bowl)",144,3,20,4,1,High,Low,Low,"Mustard, Rice, Sesame","rice flour,jaggery,sesame,mustard oil",Vegan,,Keep the arsa unsweetened and use whole grains or legume-heavy batter where possible. Avoid deep frying and pair it with fibre-rich vegetables.,20 min post-meal walk,No added sugar; keep carbs measured and balanced with fibre. Keep the recipe fully plant-based and avoid ghee or dairy. Common allergens: rice.
802,Jharkhand,Diabetes,Breakfast,"Chana Dal Puri (No Sugar, Moderate Bowl)",194,7,20,7,5,Low,High,Medium,"Gluten, Legumes, Mustard","whole wheat flour,chana dal,spices,mustard oil",Vegan,,Keep the chana dal puri unsweetened and use whole grains or legume-heavy batter where possible. Avoid deep frying and pair it with fibre-rich vegetables.,20 min post-meal walk,"No added sugar; keep carbs measured and balanced with fibre. Keep the recipe fully plant-based and avoid ghee or dairy. Common allergens: gluten,legumes."
803,Jharkhand,Diabetes,Breakfast,"Chana Dal Puri (Steamed, Controlled Portion)",159,7,20,6,5,Low,Low,Low,"Gluten, Legumes, Mustard","whole wheat flour,chana dal,spices,mustard oil",Vegan,,Keep the chana dal puri unsweetened and use whole grains or legume-heavy batter where possible. Avoid deep frying and pair it with fibre-rich vegetables.,20 min post-meal walk,"No added sugar; keep carbs measured and balanced with fibre. Keep the recipe fully plant-based and avoid ghee or dairy. Common allergens: gluten,legumes."
804,Jharkhand,Diabetes,Breakfast,"Chilka Roti (Boiled, Measured Serve)",136,5,16,4,4,High,Low,Low,"Legumes, Mustard","rice flour,besan,spices,mustard oil",Vegan,,Keep the chilka roti unsweetened and use whole grains or legume-heavy batter where possible. Avoid deep frying and pair it with fibre-rich vegetables.,20 min post-meal walk,No added sugar; keep carbs measured and balanced with fibre. Keep the recipe fully plant-based and avoid ghee or dairy. Common allergens: legumes.
805,Jharkhand,Diabetes,Breakfast,"Chilka Roti (Millet Blend, Small Bowl)",120,5,16,4,4,Medium,Medium,Medium,"Legumes, Mustard","rice flour,besan,spices,mustard oil",Vegan,,Keep the chilka roti unsweetened and use whole grains or legume-heavy batter where possible. Avoid deep frying and pair it with fibre-rich vegetables.,20 min post-meal walk,No added sugar; keep carbs measured and balanced with fibre. Keep the recipe fully plant-based and avoid ghee or dairy. Common allergens: legumes.
806,Jharkhand,Diabetes,Breakfast,"Dhuska (Boiled, Controlled Portion)",137,6,17,6,4,High,Low,Low,"Legumes, Mustard, Rice","rice flour,urad dal,spices,mustard oil",Vegan,,Keep the dhuska unsweetened and use whole grains or legume-heavy batter where possible. Avoid deep frying and pair it with fibre-rich vegetables.,20 min post-meal walk,"No added sugar; keep carbs measured and balanced with fibre. Keep the recipe fully plant-based and avoid ghee or dairy. Common allergens: rice,legumes."
807,Jharkhand,Diabetes,Breakfast,"Dhuska (Millet Blend, Moderate Bowl)",168,6,17,7,4,Medium,Medium,Medium,"Legumes, Mustard, Rice","rice flour,urad dal,spices,mustard oil",Vegan,,Keep the dhuska unsweetened and use whole grains or legume-heavy batter where possible. Avoid deep frying and pair it with fibre-rich vegetables.,20 min post-meal walk,"No added sugar; keep carbs measured and balanced with fibre. Keep the recipe fully plant-based and avoid ghee or dairy. Common allergens: rice,legumes."
808,Jharkhand,Diabetes,Breakfast,"Khaja (Millet Blend, Controlled Portion)",150,3,22,7,1,High,Low,Low,"Gluten, Mustard, Sesame","refined flour,jaggery,sugar,sesame,mustard oil",Vegan,,Keep the khaja unsweetened and use whole grains or legume-heavy batter where possible. Avoid deep frying and pair it with fibre-rich vegetables.,20 min post-meal walk,No added sugar; keep carbs measured and balanced with fibre. Keep the recipe fully plant-based and avoid ghee or dairy. Common allergens: gluten.
809,Jharkhand,Diabetes,Breakfast,"Litti-Chokha (Boiled, Moderate Bowl)",174,8,22,6,6,Low,Low,Low,"Gluten, Mustard","whole wheat flour,sattu,mustard oil,brinjal,tomato,potato,spices",Vegan,,Keep the litti-chokha unsweetened and use whole grains or legume-heavy batter where possible. Avoid deep frying and pair it with fibre-rich vegetables.,20 min post-meal walk,No added sugar; keep carbs measured and balanced with fibre. Keep the recipe fully plant-based and avoid ghee or dairy. Common allergens: gluten.
810,Jharkhand,Diabetes,Breakfast,"Litti-Chokha (No Sugar, Controlled Portion)",180,8,22,7,6,Medium,Medium,Medium,"Gluten, Mustard","whole wheat flour,sattu,mustard oil,brinjal,tomato,potato,spices",Vegan,,Keep the litti-chokha unsweetened and use whole grains or legume-heavy batter where possible. Avoid deep frying and pair it with fibre-rich vegetables.,20 min post-meal walk,No added sugar; keep carbs measured and balanced with fibre. Keep the recipe fully plant-based and avoid ghee or dairy. Common allergens: gluten.
811,Jharkhand,Diabetes,Breakfast,"Mitha Pitha (Steamed, Small Bowl)",137,4,22,4,2,High,Low,Low,"Rice, Sesame","rice flour,jaggery,sesame",Vegan,,Keep the mitha pitha unsweetened and use whole grains or legume-heavy batter where possible. Avoid deep frying and pair it with fibre-rich vegetables.,20 min post-meal walk,No added sugar; keep carbs measured and balanced with fibre. Keep the recipe fully plant-based and avoid ghee or dairy. Common allergens: rice.
812,Jharkhand,Diabetes,Breakfast,"Sattu Paratha (Boiled, Small Bowl)",166,8,20,6,6,Low,Low,Low,"Gluten, Legumes, Mustard","whole wheat flour,sattu,spices,mustard oil",Vegan,,Keep the sattu paratha unsweetened and use whole grains or legume-heavy batter where possible. Avoid deep frying and pair it with fibre-rich vegetables.,20 min post-meal walk,"No added sugar; keep carbs measured and balanced with fibre. Keep the recipe fully plant-based and avoid ghee or dairy. Common allergens: gluten,legumes."
813,Jharkhand,Diabetes,Breakfast,"Sattu Paratha (No Sugar, Measured Serve)",175,8,20,7,6,Medium,Medium,Medium,"Gluten, Legumes, Mustard","whole wheat flour,sattu,spices,mustard oil",Vegan,,Keep the sattu paratha unsweetened and use whole grains or legume-heavy batter where possible. Avoid deep frying and pair it with fibre-rich vegetables.,20 min post-meal walk,"No added sugar; keep carbs measured and balanced with fibre. Keep the recipe fully plant-based and avoid ghee or dairy. Common allergens: gluten,legumes."
814,Jharkhand,Diabetes,Breakfast,"Thekua (No Sugar, Small Bowl)",135,3,17,7,2,High,High,High,"Gluten, Mustard, Sesame","whole wheat flour,jaggery,sesame,mustard oil",Vegan,,Keep the thekua unsweetened and use whole grains or legume-heavy batter where possible. Avoid deep frying and pair it with fibre-rich vegetables.,20 min post-meal walk,No added sugar; keep carbs measured and balanced with fibre. Keep the recipe fully plant-based and avoid ghee or dairy. Common allergens: gluten.
815,Jharkhand,Diabetes,Breakfast,"Thekua (Steamed, Measured Serve)",153,3,17,6,2,High,Low,Low,"Gluten, Mustard, Sesame","whole wheat flour,jaggery,sesame,mustard oil",Vegan,,Keep the thekua unsweetened and use whole grains or legume-heavy batter where possible. Avoid deep frying and pair it with fibre-rich vegetables.,20 min post-meal walk,No added sugar; keep carbs measured and balanced with fibre. Keep the recipe fully plant-based and avoid ghee or dairy. Common allergens: gluten.
816,Jharkhand,Diabetes,Breakfast,"Til Barfi (Millet Blend, Measured Serve)",159,4,13,8,2,Medium,Medium,Low,"Mustard, Nuts, Sesame","sesame,jaggery,mustard oil",Vegan,,Keep the til barfi unsweetened and use whole grains or legume-heavy batter where possible. Avoid deep frying and pair it with fibre-rich vegetables.,20 min post-meal walk,"No added sugar; keep carbs measured and balanced with fibre. Keep the recipe fully plant-based and avoid ghee or dairy. Common allergens: sesame,nuts."
817,Jharkhand,Diabetes,Lunch,"Aloo Chokha (Boiled, Controlled Portion)",90,3,13,3,4,Low,Low,Low,Mustard,"potato,onion,green chilli,mustard oil,spices",Vegetarian,,Keep the aloo chokha unsweetened and use whole grains or legume-heavy batter where possible. Avoid deep frying and pair it with fibre-rich vegetables.,20 min post-meal walk,No added sugar; keep carbs measured and balanced with fibre.
818,Jharkhand,Diabetes,Lunch,"Aloo Chokha (Millet Blend, Small Bowl)",94,3,13,3,4,Medium,Medium,Medium,Mustard,"potato,onion,green chilli,mustard oil,spices",Vegetarian,,Keep the aloo chokha unsweetened and use whole grains or legume-heavy batter where possible. Avoid deep frying and pair it with fibre-rich vegetables.,20 min post-meal walk,No added sugar; keep carbs measured and balanced with fibre.
819,Jharkhand,Diabetes,Lunch,"Bamboo Shoot Sabzi (Millet Blend, Moderate Bowl)",63,3,6,3,5,Medium,Medium,Medium,Mustard,"bamboo shoot,onion,garlic,mustard oil,spices",Vegetarian,,Keep the bamboo shoot sabzi unsweetened and use whole grains or legume-heavy batter where possible. Avoid deep frying and pair it with fibre-rich vegetables.,20 min post-meal walk,No added sugar; keep carbs measured and balanced with fibre.
820,Jharkhand,Diabetes,Lunch,"Bhaji Sag (Boiled, Measured Serve)",70,4,9,2,5,Low,Low,Low,Mustard,"leafy greens,onion,garlic,mustard oil,spices",Vegetarian,,Keep the bhaji sag unsweetened and use whole grains or legume-heavy batter where possible. Avoid deep frying and pair it with fibre-rich vegetables.,20 min post-meal walk,No added sugar; keep carbs measured and balanced with fibre.
821,Jharkhand,Diabetes,Lunch,Brown Rice + Rugra Sabzi + Kohnda (No Sugar),450,25,50,16,12,High,Medium,Low,Safe,"Brown Rice, Indigenous Mushroom, Pumpkin",Vegetarian,,"Ensure the pumpkin is savory, absolutely no added sugar.",15 mins light walking,Avoid if post-meal exceeds 180 mg/dL
822,Jharkhand,Diabetes,Lunch,"Dal Pitha (Steamed, Controlled Portion)",158,8,20,4,5,High,Low,Low,"Gluten, Legumes, Mustard","rice flour,urad dal,chana dal,spices,mustard oil",Vegetarian,,Keep the dal pitha unsweetened and use whole grains or legume-heavy batter where possible. Avoid deep frying and pair it with fibre-rich vegetables.,20 min post-meal walk,"No added sugar; keep carbs measured and balanced with fibre. Common allergens: gluten,legumes."
823,Jharkhand,Diabetes,Lunch,"Dubki (Steamed, Moderate Bowl)",103,6,13,3,6,Low,Low,Low,"Legumes, Mustard","chana dal/urad dal,spices,mustard oil,garlic",Vegetarian,,Keep the dubki unsweetened and use whole grains or legume-heavy batter where possible. Avoid deep frying and pair it with fibre-rich vegetables.,20 min post-meal walk,No added sugar; keep carbs measured and balanced with fibre. Common allergens: legumes.
824,Jharkhand,Diabetes,Lunch,Gondli Rice + Kurthi Dal + Koinar Saag,450,25,50,16,15,Low,Medium,Low,Safe,"Little Millet, Horsegram, Koinar Leaves",Vegetarian,,Millets and horsegram are optimal for glucose control. Steam the saag.,15 mins light walking,Avoid if post-meal exceeds 180 mg/dL
825,Jharkhand,Diabetes,Lunch,"Khapada Roti (Boiled, Moderate Bowl)",127,5,20,3,5,Low,Low,Low,"Gluten, Mustard","whole wheat flour,mustard oil,water,spices",Vegetarian,,Keep the khapada roti unsweetened and use whole grains or legume-heavy batter where possible. Avoid deep frying and pair it with fibre-rich vegetables.,20 min post-meal walk,No added sugar; keep carbs measured and balanced with fibre. Common allergens: gluten.
826,Jharkhand,Diabetes,Lunch,"Koinar Sag (Steamed, Measured Serve)",62,4,7,2,5,Low,Low,Low,Mustard,"koinar leaves,onion,garlic,mustard oil,spices",Vegetarian,,Keep the koinar sag unsweetened and use whole grains or legume-heavy batter where possible. Avoid deep frying and pair it with fibre-rich vegetables.,20 min post-meal walk,No added sugar; keep carbs measured and balanced with fibre.
827,Jharkhand,Diabetes,Lunch,"Kudurum Ki Chatni (Boiled, Small Bowl)",166,1,4,1,2,Low,Low,Low,Mustard,"kudurum berries,green chilli,garlic,salt,mustard oil",Vegetarian,,Keep the kudurum ki chatni unsweetened and use whole grains or legume-heavy batter where possible. Avoid deep frying and pair it with fibre-rich vegetables.,20 min post-meal walk,No added sugar; keep carbs measured and balanced with fibre.
828,Jharkhand,Diabetes,Lunch,"Kurthi Dal (Millet Blend, Controlled Portion)",137,9,14,4,8,Low,Low,Low,"Legumes, Mustard","kurthi dal,garlic,ginger,cumin,mustard oil",Vegetarian,,Keep the kurthi dal unsweetened and use whole grains or legume-heavy batter where possible. Avoid deep frying and pair it with fibre-rich vegetables.,20 min post-meal walk,No added sugar; keep carbs measured and balanced with fibre. Common allergens: legumes.
829,Jharkhand,Diabetes,Lunch,Marua Roti + Urad Dal + Ol (Yam) Sabzi,450,25,50,16,14,Low,Medium,Low,Safe,"Finger Millet, Black Gram, Elephant Foot Yam",Vegetarian,,Yam is a complex carb. Ragi adds fiber.,15 mins light walking,Boil yam properly
830,Jharkhand,Diabetes,Lunch,"Rugdha (Millet Blend, Measured Serve)",71,5,6,3,4,Medium,Medium,Low,Mustard,"rugdha mushroom,onion,garlic,mustard oil,spices",Vegetarian,,Keep the rugdha unsweetened and use whole grains or legume-heavy batter where possible. Avoid deep frying and pair it with fibre-rich vegetables.,20 min post-meal walk,No added sugar; keep carbs measured and balanced with fibre.
831,Jharkhand,Diabetes,Lunch,"Udad Dal (Steamed, Small Bowl)",135,10,13,4,7,Low,Low,Low,"Legumes, Mustard","urad dal,ginger,garlic,cumin,mustard oil",Vegetarian,,Keep the udad dal unsweetened and use whole grains or legume-heavy batter where possible. Avoid deep frying and pair it with fibre-rich vegetables.,20 min post-meal walk,No added sugar; keep carbs measured and balanced with fibre. Common allergens: legumes.
832,Jharkhand,Diabetes,Lunch,Wheat Roti + Chana Dal + Munga (Drumstick) Saag,450,25,50,16,14,Low,Medium,Low,Gluten,"Wheat, Bengal Gram, Drumstick Leaves",Vegetarian,,Drumstick leaves are known to help regulate blood sugar.,15 mins light walking,Avoid if post-meal exceeds 180 mg/dL
833,Jharkhand,Diabetes,Lunch,"Aloo Chokha (Boiled, Measured Serve)",91,3,13,3,4,Low,Low,Low,Mustard,"potato,onion,green chilli,mustard oil,spices,chicken,spices",Non-Vegetarian,Chicken,"Keep the gravy light, avoid sugary marinades, and pair the aloo chokha with a small portion of whole-grain accompaniment. Favor fibre-rich sides and slow-cooked spices.",20 min post-meal walk,No added sugar; keep carbs measured and balanced with fibre. Trim visible fat and keep portions moderate.
834,Jharkhand,Diabetes,Lunch,"Aloo Chokha (Steamed, Small Bowl)",90,3,13,3,4,Low,Low,Low,Mustard,"potato,onion,green chilli,mustard oil,spices,chicken,spices",Non-Vegetarian,Chicken,"Keep the gravy light, avoid sugary marinades, and pair the aloo chokha with a small portion of whole-grain accompaniment. Favor fibre-rich sides and slow-cooked spices.",20 min post-meal walk,No added sugar; keep carbs measured and balanced with fibre. Trim visible fat and keep portions moderate.
835,Jharkhand,Diabetes,Lunch,Brown Rice + Desi Murgh + Putu Mushroom,450,25,50,16,12,High,Medium,Low,Safe,"Brown Rice, Chicken, Mushroom",Non-Vegetarian,Chicken,Combine low GI rice with extreme high protein items.,15 mins light walking,Avoid if post-meal exceeds 180 mg/dL
836,Jharkhand,Diabetes,Lunch,"Chilka Roti (Seasonal, Daily Serve)",125,5,16,4,4,Medium,Medium,Medium,"Legumes, Mustard","rice flour,besan,spices,mustard oil,chicken,spices",Non-Vegetarian,Chicken,"Keep the gravy light, avoid sugary marinades, and pair the chilka roti with a small portion of whole-grain accompaniment. Favor fibre-rich sides and slow-cooked spices.",20 min post-meal walk,No added sugar; keep carbs measured and balanced with fibre. Trim visible fat and keep portions moderate. Common allergens: legumes.
837,Jharkhand,Diabetes,Lunch,"Chilka Roti (Steamed, Measured Serve)",120,5,16,4,4,High,Low,Low,"Legumes, Mustard","rice flour,besan,spices,mustard oil,chicken,spices",Non-Vegetarian,Chicken,"Keep the gravy light, avoid sugary marinades, and pair the chilka roti with a small portion of whole-grain accompaniment. Favor fibre-rich sides and slow-cooked spices.",20 min post-meal walk,No added sugar; keep carbs measured and balanced with fibre. Trim visible fat and keep portions moderate. Common allergens: legumes.
838,Jharkhand,Diabetes,Lunch,"Desi Chicken Curry (Boiled, Moderate Bowl)",221,25,4,10,0,Low,Low,Low,Mustard,"chicken,onion,garlic,ginger,spices,mustard oil",Non-Vegetarian,Chicken,"Keep the gravy light, avoid sugary marinades, and pair the desi chicken curry with a small portion of whole-grain accompaniment. Favor fibre-rich sides and slow-cooked spices.",20 min post-meal walk,No added sugar; keep carbs measured and balanced with fibre. Trim visible fat and keep portions moderate.
839,Jharkhand,Diabetes,Lunch,"Desi Chicken Curry (Millet Blend, Controlled Portion)",196,25,4,12,0,Low,Low,Low,Mustard,"chicken,onion,garlic,ginger,spices,mustard oil",Non-Vegetarian,Chicken,"Keep the gravy light, avoid sugary marinades, and pair the desi chicken curry with a small portion of whole-grain accompaniment. Favor fibre-rich sides and slow-cooked spices.",20 min post-meal walk,No added sugar; keep carbs measured and balanced with fibre. Trim visible fat and keep portions moderate.
840,Jharkhand,Diabetes,Lunch,"Goat Meat Gravy (Boiled, Small Bowl)",225,25,3,15,0,Low,Low,Low,Mustard,"goat meat,onion,garlic,ginger,spices,mustard oil",Non-Vegetarian,Mutton,"Keep the gravy light, avoid sugary marinades, and pair the goat meat gravy with a small portion of whole-grain accompaniment. Favor fibre-rich sides and slow-cooked spices.",20 min post-meal walk,No added sugar; keep carbs measured and balanced with fibre. Trim visible fat and keep portions moderate.
841,Jharkhand,Diabetes,Lunch,"Goat Meat Gravy (Millet Blend, Measured Serve)",276,25,3,17,0,Medium,Medium,Low,Mustard,"goat meat,onion,garlic,ginger,spices,mustard oil",Non-Vegetarian,Mutton,"Keep the gravy light, avoid sugary marinades, and pair the goat meat gravy with a small portion of whole-grain accompaniment. Favor fibre-rich sides and slow-cooked spices.",20 min post-meal walk,No added sugar; keep carbs measured and balanced with fibre. Trim visible fat and keep portions moderate.
842,Jharkhand,Diabetes,Lunch,Gondli Rice + Lean Chicken Jhor + Parwal,450,25,50,16,11,Low,Medium,Low,Safe,"Little Millet, Lean Chicken, Pointed Gourd",Non-Vegetarian,Chicken,Millet prevents spikes; lean chicken broth provides protein.,15 mins light walking,Avoid if post-meal exceeds 180 mg/dL
843,Jharkhand,Diabetes,Lunch,"Khapada Roti (Boiled, Controlled Portion)",128,5,20,3,5,Low,Low,Low,"Gluten, Mustard","whole wheat flour,mustard oil,water,spices,goat meat,spices",Non-Vegetarian,Mutton,"Keep the gravy light, avoid sugary marinades, and pair the khapada roti with a small portion of whole-grain accompaniment. Favor fibre-rich sides and slow-cooked spices.",20 min post-meal walk,No added sugar; keep carbs measured and balanced with fibre. Trim visible fat and keep portions moderate. Common allergens: gluten.
844,Jharkhand,Diabetes,Lunch,"Khapada Roti (No Sugar, Controlled Portion)",133,5,20,3,5,Medium,Medium,Medium,"Gluten, Mustard","whole wheat flour,mustard oil,water,spices,goat meat,spices",Non-Vegetarian,Mutton,"Keep the gravy light, avoid sugary marinades, and pair the khapada roti with a small portion of whole-grain accompaniment. Favor fibre-rich sides and slow-cooked spices.",20 min post-meal walk,No added sugar; keep carbs measured and balanced with fibre. Trim visible fat and keep portions moderate. Common allergens: gluten.
845,Jharkhand,Diabetes,Lunch,"Khapada Roti (Steamed, Moderate Bowl)",127,5,20,3,5,Low,Low,Low,"Gluten, Mustard","whole wheat flour,mustard oil,water,spices,goat meat,spices",Non-Vegetarian,Mutton,"Keep the gravy light, avoid sugary marinades, and pair the khapada roti with a small portion of whole-grain accompaniment. Favor fibre-rich sides and slow-cooked spices.",20 min post-meal walk,No added sugar; keep carbs measured and balanced with fibre. Trim visible fat and keep portions moderate. Common allergens: gluten.
846,Jharkhand,Diabetes,Lunch,"Litti-Chokha (Light, House Style)",180,8,22,6,6,Low,Low,Low,"Gluten, Mustard","whole wheat flour,sattu,mustard oil,brinjal,tomato,potato,spices,chicken,spices",Non-Vegetarian,Chicken,"Keep the gravy light, avoid sugary marinades, and pair the litti-chokha with a small portion of whole-grain accompaniment. Favor fibre-rich sides and slow-cooked spices.",20 min post-meal walk,No added sugar; keep carbs measured and balanced with fibre. Trim visible fat and keep portions moderate. Common allergens: gluten.
847,Jharkhand,Diabetes,Lunch,"Litti-Chokha (Millet Blend, Moderate Bowl)",183,8,22,7,6,Medium,Medium,Medium,"Gluten, Mustard","whole wheat flour,sattu,mustard oil,brinjal,tomato,potato,spices,chicken,spices",Non-Vegetarian,Chicken,"Keep the gravy light, avoid sugary marinades, and pair the litti-chokha with a small portion of whole-grain accompaniment. Favor fibre-rich sides and slow-cooked spices.",20 min post-meal walk,No added sugar; keep carbs measured and balanced with fibre. Trim visible fat and keep portions moderate. Common allergens: gluten.
848,Jharkhand,Diabetes,Lunch,Marua Roti + Rohu Fish (Steamed) + Beng Saag,450,25,50,16,13,Low,Medium,Low,Fish,"Finger Millet, Rohu Fish, Beng Leaves",Non-Vegetarian,Fish,Steam the fish with mustard paste. Ragi roti keeps GI low.,15 mins light walking,Check for bones
849,Jharkhand,Diabetes,Lunch,"Aloo Chokha (Millet Blend, Measured Serve)",91,3,13,3,4,Medium,Medium,Low,Mustard,"potato,onion,green chilli,mustard oil,spices",Vegan,,Keep the aloo chokha unsweetened and use whole grains or legume-heavy batter where possible. Avoid deep frying and pair it with fibre-rich vegetables.,20 min post-meal walk,No added sugar; keep carbs measured and balanced with fibre. Keep the recipe fully plant-based and avoid ghee or dairy.
850,Jharkhand,Diabetes,Lunch,"Bamboo Shoot Sabzi (Millet Blend, Controlled Portion)",66,3,6,3,5,Low,Low,Low,Mustard,"bamboo shoot,onion,garlic,mustard oil,spices",Vegan,,Keep the bamboo shoot sabzi unsweetened and use whole grains or legume-heavy batter where possible. Avoid deep frying and pair it with fibre-rich vegetables.,20 min post-meal walk,No added sugar; keep carbs measured and balanced with fibre. Keep the recipe fully plant-based and avoid ghee or dairy.
851,Jharkhand,Diabetes,Lunch,"Bhaji Sag (Millet Blend, Moderate Bowl)",79,4,9,3,5,Medium,Medium,Medium,Mustard,"leafy greens,onion,garlic,mustard oil,spices",Vegan,,Keep the bhaji sag unsweetened and use whole grains or legume-heavy batter where possible. Avoid deep frying and pair it with fibre-rich vegetables.,20 min post-meal walk,No added sugar; keep carbs measured and balanced with fibre. Keep the recipe fully plant-based and avoid ghee or dairy.
852,Jharkhand,Diabetes,Lunch,"Dal Pitha (Boiled, Moderate Bowl)",148,8,20,4,5,High,Low,Low,"Gluten, Legumes, Mustard","rice flour,urad dal,chana dal,spices,mustard oil",Vegan,,Keep the dal pitha unsweetened and use whole grains or legume-heavy batter where possible. Avoid deep frying and pair it with fibre-rich vegetables.,20 min post-meal walk,"No added sugar; keep carbs measured and balanced with fibre. Keep the recipe fully plant-based and avoid ghee or dairy. Common allergens: gluten,legumes."
853,Jharkhand,Diabetes,Lunch,"Dal Pitha (No Sugar, Measured Serve)",148,8,20,4,5,Medium,Medium,Medium,"Gluten, Legumes, Mustard","rice flour,urad dal,chana dal,spices,mustard oil",Vegan,,Keep the dal pitha unsweetened and use whole grains or legume-heavy batter where possible. Avoid deep frying and pair it with fibre-rich vegetables.,20 min post-meal walk,"No added sugar; keep carbs measured and balanced with fibre. Keep the recipe fully plant-based and avoid ghee or dairy. Common allergens: gluten,legumes."
854,Jharkhand,Diabetes,Lunch,"Dubki (No Sugar, Small Bowl)",117,6,13,3,6,Low,High,High,"Legumes, Mustard","chana dal/urad dal,spices,mustard oil,garlic",Vegan,,Keep the dubki unsweetened and use whole grains or legume-heavy batter where possible. Avoid deep frying and pair it with fibre-rich vegetables.,20 min post-meal walk,No added sugar; keep carbs measured and balanced with fibre. Keep the recipe fully plant-based and avoid ghee or dairy. Common allergens: legumes.
855,Jharkhand,Diabetes,Lunch,"Dubki (Steamed, Controlled Portion)",113,6,13,3,6,Low,Low,Low,"Legumes, Mustard","chana dal/urad dal,spices,mustard oil,garlic",Vegan,,Keep the dubki unsweetened and use whole grains or legume-heavy batter where possible. Avoid deep frying and pair it with fibre-rich vegetables.,20 min post-meal walk,No added sugar; keep carbs measured and balanced with fibre. Keep the recipe fully plant-based and avoid ghee or dairy. Common allergens: legumes.
856,Jharkhand,Diabetes,Lunch,"Khapada Roti (Millet Blend, Small Bowl)",133,5,20,3,5,Medium,Medium,Medium,"Gluten, Mustard","whole wheat flour,mustard oil,water,spices",Vegan,,Keep the khapada roti unsweetened and use whole grains or legume-heavy batter where possible. Avoid deep frying and pair it with fibre-rich vegetables.,20 min post-meal walk,No added sugar; keep carbs measured and balanced with fibre. Keep the recipe fully plant-based and avoid ghee or dairy. Common allergens: gluten.
857,Jharkhand,Diabetes,Lunch,"Khapada Roti (Tender, Single Plate)",128,5,20,3,5,Low,Low,Low,"Gluten, Mustard","whole wheat flour,mustard oil,water,spices",Vegan,,Keep the khapada roti unsweetened and use whole grains or legume-heavy batter where possible. Avoid deep frying and pair it with fibre-rich vegetables.,20 min post-meal walk,No added sugar; keep carbs measured and balanced with fibre. Keep the recipe fully plant-based and avoid ghee or dairy. Common allergens: gluten.
858,Jharkhand,Diabetes,Lunch,"Koinar Sag (Boiled, Small Bowl)",68,4,7,2,5,Low,Low,Low,Mustard,"koinar leaves,onion,garlic,mustard oil,spices",Vegan,,Keep the koinar sag unsweetened and use whole grains or legume-heavy batter where possible. Avoid deep frying and pair it with fibre-rich vegetables.,20 min post-meal walk,No added sugar; keep carbs measured and balanced with fibre. Keep the recipe fully plant-based and avoid ghee or dairy.
859,Jharkhand,Diabetes,Lunch,"Koinar Sag (No Sugar, Moderate Bowl)",71,4,7,3,5,High,High,Medium,Mustard,"koinar leaves,onion,garlic,mustard oil,spices",Vegan,,Keep the koinar sag unsweetened and use whole grains or legume-heavy batter where possible. Avoid deep frying and pair it with fibre-rich vegetables.,20 min post-meal walk,No added sugar; keep carbs measured and balanced with fibre. Keep the recipe fully plant-based and avoid ghee or dairy.
860,Jharkhand,Diabetes,Lunch,"Kudurum Ki Chatni (Boiled, Measured Serve)",166,1,4,1,2,Low,Low,Low,Mustard,"kudurum berries,green chilli,garlic,salt,mustard oil",Vegan,,Keep the kudurum ki chatni unsweetened and use whole grains or legume-heavy batter where possible. Avoid deep frying and pair it with fibre-rich vegetables.,20 min post-meal walk,No added sugar; keep carbs measured and balanced with fibre. Keep the recipe fully plant-based and avoid ghee or dairy.
861,Jharkhand,Diabetes,Lunch,"Kudurum Ki Chatni (No Sugar, Controlled Portion)",166,1,4,1,2,Medium,Medium,Medium,Mustard,"kudurum berries,green chilli,garlic,salt,mustard oil",Vegan,,Keep the kudurum ki chatni unsweetened and use whole grains or legume-heavy batter where possible. Avoid deep frying and pair it with fibre-rich vegetables.,20 min post-meal walk,No added sugar; keep carbs measured and balanced with fibre. Keep the recipe fully plant-based and avoid ghee or dairy.
862,Jharkhand,Diabetes,Lunch,"Kurthi Dal (Steamed, Moderate Bowl)",128,9,14,4,8,Low,Low,Low,"Legumes, Mustard","kurthi dal,garlic,ginger,cumin,mustard oil",Vegan,,Keep the kurthi dal unsweetened and use whole grains or legume-heavy batter where possible. Avoid deep frying and pair it with fibre-rich vegetables.,20 min post-meal walk,No added sugar; keep carbs measured and balanced with fibre. Keep the recipe fully plant-based and avoid ghee or dairy. Common allergens: legumes.
863,Jharkhand,Diabetes,Lunch,"Rugdha (Steamed, Small Bowl)",71,5,6,3,4,Low,Low,Low,Mustard,"rugdha mushroom,onion,garlic,mustard oil,spices",Vegan,,Keep the rugdha unsweetened and use whole grains or legume-heavy batter where possible. Avoid deep frying and pair it with fibre-rich vegetables.,20 min post-meal walk,No added sugar; keep carbs measured and balanced with fibre. Keep the recipe fully plant-based and avoid ghee or dairy.
864,Jharkhand,Diabetes,Lunch,"Udad Dal (Steamed, Measured Serve)",128,10,13,4,7,Low,Low,Low,"Legumes, Mustard","urad dal,ginger,garlic,cumin,mustard oil",Vegan,,Keep the udad dal unsweetened and use whole grains or legume-heavy batter where possible. Avoid deep frying and pair it with fibre-rich vegetables.,20 min post-meal walk,No added sugar; keep carbs measured and balanced with fibre. Keep the recipe fully plant-based and avoid ghee or dairy. Common allergens: legumes.
865,Jharkhand,Diabetes,Snack,"Arsa (Steamed, Controlled Portion)",128,3,20,4,1,High,Low,Low,"Mustard, Rice, Sesame","rice flour,jaggery,sesame,mustard oil",Vegetarian,,Keep the arsa unsweetened and use whole grains or legume-heavy batter where possible. Avoid deep frying and pair it with fibre-rich vegetables.,20 min post-meal walk,No added sugar; keep carbs measured and balanced with fibre. Common allergens: rice.
866,Jharkhand,Diabetes,Snack,Boiled Green Munga (Drumsticks),150,8,15,6,6,Low,Medium,Low,Safe,Drumsticks,Vegetarian,,Chew the boiled drumsticks for their medicinal properties.,General mobility,Monitor glucose if snacking often
867,Jharkhand,Diabetes,Snack,"Chana Dal Puri (Boiled, Controlled Portion)",140,7,20,6,5,Low,Low,Low,"Gluten, Legumes, Mustard","whole wheat flour,chana dal,spices,mustard oil",Vegetarian,,Keep the chana dal puri unsweetened and use whole grains or legume-heavy batter where possible. Avoid deep frying and pair it with fibre-rich vegetables.,20 min post-meal walk,"No added sugar; keep carbs measured and balanced with fibre. Common allergens: gluten,legumes."
868,Jharkhand,Diabetes,Snack,Cucumber & Tomato Salad,150,8,15,6,6,Low,Low,Low,Safe,"Cucumber, Tomato",Vegetarian,,Eat raw to maximize fiber.,General mobility,Monitor glucose if snacking often
869,Jharkhand,Diabetes,Snack,"Dhuska (Steamed, Moderate Bowl)",143,6,17,6,4,High,Low,Low,"Legumes, Mustard, Rice","rice flour,urad dal,spices,mustard oil",Vegetarian,,Keep the dhuska unsweetened and use whole grains or legume-heavy batter where possible. Avoid deep frying and pair it with fibre-rich vegetables.,20 min post-meal walk,"No added sugar; keep carbs measured and balanced with fibre. Common allergens: rice,legumes."
870,Jharkhand,Diabetes,Snack,"Khaja (Boiled, Small Bowl)",154,3,22,6,1,High,Low,Low,"Gluten, Mustard, Sesame","refined flour,jaggery,sugar,sesame,mustard oil",Vegetarian,,Keep the khaja unsweetened and use whole grains or legume-heavy batter where possible. Avoid deep frying and pair it with fibre-rich vegetables.,20 min post-meal walk,No added sugar; keep carbs measured and balanced with fibre. Common allergens: gluten.
871,Jharkhand,Diabetes,Snack,"Litti-Chokha (Seasonal, House Style)",180,8,22,6,6,Low,Low,Low,"Gluten, Mustard","whole wheat flour,sattu,mustard oil,brinjal,tomato,potato,spices",Vegetarian,,Keep the litti-chokha unsweetened and use whole grains or legume-heavy batter where possible. Avoid deep frying and pair it with fibre-rich vegetables.,20 min post-meal walk,No added sugar; keep carbs measured and balanced with fibre. Common allergens: gluten.
872,Jharkhand,Diabetes,Snack,"Mitha Pitha (Steamed, Measured Serve)",143,4,22,4,2,High,Low,Low,"Rice, Sesame","rice flour,jaggery,coconut,sesame",Vegetarian,,Keep the mitha pitha unsweetened and use whole grains or legume-heavy batter where possible. Avoid deep frying and pair it with fibre-rich vegetables.,20 min post-meal walk,No added sugar; keep carbs measured and balanced with fibre. Common allergens: rice.
873,Jharkhand,Diabetes,Snack,Roasted Chana & Soya Mix,150,8,15,6,5,Low,Medium,Low,Soy,"Black Chickpeas, Soya Beans",Vegetarian,,Dry roast. Excellent protein to fiber ratio blunts GI.,General mobility,Monitor glucose if snacking often
874,Jharkhand,Diabetes,Snack,Roasted Chana (Unsalted),150,8,15,6,5,Low,Low,Low,Safe,Black Chickpeas,Vegetarian,,Dry roast. The fiber blunts any insulin spike.,General mobility,Monitor glucose if snacking often
875,Jharkhand,Diabetes,Snack,Roasted Peanuts (Small Handful),150,8,15,6,3,Low,Medium,Low,"Peanut, Peanuts",Peanuts,Vegetarian,,Rich in healthy fats to stabilize sugar.,General mobility,Monitor glucose if snacking often
876,Jharkhand,Diabetes,Snack,Roasted Pumpkin Seeds,150,8,15,6,4,Low,Medium,Low,Safe,Pumpkin Seeds,Vegetarian,,Dry roast seeds from the Kohnda.,General mobility,Monitor glucose if snacking often
877,Jharkhand,Diabetes,Snack,Sattu Water (No Sugar),150,8,15,6,4,Low,Medium,Low,Safe,Sattu,Vegetarian,,Drink simple sattu water.,General mobility,Monitor glucose if snacking often
878,Jharkhand,Diabetes,Snack,Steamed Charpa (Dal Snack),150,8,15,6,4,Low,Medium,Low,Safe,Chana Dal,Vegetarian,,Pure protein and complex carb snack.,General mobility,Monitor glucose if snacking often
879,Jharkhand,Diabetes,Snack,"Thekua (Boiled, Moderate Bowl)",135,3,17,6,2,High,Low,Low,"Gluten, Mustard, Sesame","whole wheat flour,jaggery,sesame,mustard oil",Vegetarian,,Keep the thekua unsweetened and use whole grains or legume-heavy batter where possible. Avoid deep frying and pair it with fibre-rich vegetables.,20 min post-meal walk,No added sugar; keep carbs measured and balanced with fibre. Common allergens: gluten.
880,Jharkhand,Diabetes,Snack,"Til Barfi (Steamed, Small Bowl)",115,4,13,7,2,High,Low,Low,"Dairy, Nuts, Sesame","sesame,jaggery,ghee",Vegetarian,,Keep the til barfi unsweetened and use whole grains or legume-heavy batter where possible. Avoid deep frying and pair it with fibre-rich vegetables.,20 min post-meal walk,"No added sugar; keep carbs measured and balanced with fibre. Common allergens: sesame,nuts."
881,Jharkhand,Diabetes,Snack,"Chilka Roti (Mild, Single Plate)",102,5,16,4,4,High,Low,Low,"Legumes, Mustard","rice flour,besan,spices,mustard oil,chicken,spices",Non-Vegetarian,Chicken,"Keep the gravy light, avoid sugary marinades, and pair the chilka roti with a small portion of whole-grain accompaniment. Favor fibre-rich sides and slow-cooked spices.",20 min post-meal walk,No added sugar; keep carbs measured and balanced with fibre. Trim visible fat and keep portions moderate. Common allergens: legumes.
882,Jharkhand,Diabetes,Snack,"Chilka Roti (No Sugar, Small Bowl)",106,5,16,4,4,High,High,High,"Legumes, Mustard","rice flour,besan,spices,mustard oil,chicken,spices",Non-Vegetarian,Chicken,"Keep the gravy light, avoid sugary marinades, and pair the chilka roti with a small portion of whole-grain accompaniment. Favor fibre-rich sides and slow-cooked spices.",20 min post-meal walk,No added sugar; keep carbs measured and balanced with fibre. Trim visible fat and keep portions moderate. Common allergens: legumes.
883,Jharkhand,Diabetes,Snack,"Chilka Roti (Rustic, Single Plate)",102,5,16,4,4,High,Low,Low,"Legumes, Mustard","rice flour,besan,spices,mustard oil,chicken,spices",Non-Vegetarian,Chicken,"Keep the gravy light, avoid sugary marinades, and pair the chilka roti with a small portion of whole-grain accompaniment. Favor fibre-rich sides and slow-cooked spices.",20 min post-meal walk,No added sugar; keep carbs measured and balanced with fibre. Trim visible fat and keep portions moderate. Common allergens: legumes.
884,Jharkhand,Diabetes,Snack,"Chilka Roti (Rustic, Single Plate)",106,5,16,4,4,Medium,Medium,Medium,"Legumes, Mustard","rice flour,besan,spices,mustard oil,chicken,spices",Non-Vegetarian,Chicken,"Keep the gravy light, avoid sugary marinades, and pair the chilka roti with a small portion of whole-grain accompaniment. Favor fibre-rich sides and slow-cooked spices.",20 min post-meal walk,No added sugar; keep carbs measured and balanced with fibre. Trim visible fat and keep portions moderate. Common allergens: legumes.
885,Jharkhand,Diabetes,Snack,"Dhuska (Fresh, Local Style)",143,6,17,6,4,High,Low,Low,"Legumes, Mustard, Rice","rice flour,urad dal,spices,mustard oil,chicken,spices",Non-Vegetarian,Chicken,"Keep the gravy light, avoid sugary marinades, and pair the dhuska with a small portion of whole-grain accompaniment. Favor fibre-rich sides and slow-cooked spices.",20 min post-meal walk,"No added sugar; keep carbs measured and balanced with fibre. Trim visible fat and keep portions moderate. Common allergens: rice,legumes."
886,Jharkhand,Diabetes,Snack,"Dhuska (Fresh, Local Style)",149,6,17,7,4,Medium,Medium,Medium,"Legumes, Mustard, Rice","rice flour,urad dal,spices,mustard oil,chicken,spices",Non-Vegetarian,Chicken,"Keep the gravy light, avoid sugary marinades, and pair the dhuska with a small portion of whole-grain accompaniment. Favor fibre-rich sides and slow-cooked spices.",20 min post-meal walk,"No added sugar; keep carbs measured and balanced with fibre. Trim visible fat and keep portions moderate. Common allergens: rice,legumes."
887,Jharkhand,Diabetes,Snack,"Dhuska (No Sugar, Moderate Bowl)",149,6,17,7,4,Low,High,Medium,"Legumes, Mustard, Rice","rice flour,urad dal,spices,mustard oil,chicken,spices",Non-Vegetarian,Chicken,"Keep the gravy light, avoid sugary marinades, and pair the dhuska with a small portion of whole-grain accompaniment. Favor fibre-rich sides and slow-cooked spices.",20 min post-meal walk,"No added sugar; keep carbs measured and balanced with fibre. Trim visible fat and keep portions moderate. Common allergens: rice,legumes."
888,Jharkhand,Diabetes,Snack,"Dhuska (Tender, Local Style)",143,6,17,6,4,High,Low,Low,"Legumes, Mustard, Rice","rice flour,urad dal,spices,mustard oil,chicken,spices",Non-Vegetarian,Chicken,"Keep the gravy light, avoid sugary marinades, and pair the dhuska with a small portion of whole-grain accompaniment. Favor fibre-rich sides and slow-cooked spices.",20 min post-meal walk,"No added sugar; keep carbs measured and balanced with fibre. Trim visible fat and keep portions moderate. Common allergens: rice,legumes."
889,Jharkhand,Diabetes,Snack,"Khapada Roti (Millet Blend, Controlled Portion)",113,5,20,3,5,Low,Low,Low,"Gluten, Mustard","whole wheat flour,mustard oil,water,spices,goat meat,spices",Non-Vegetarian,Mutton,"Keep the gravy light, avoid sugary marinades, and pair the khapada roti with a small portion of whole-grain accompaniment. Favor fibre-rich sides and slow-cooked spices.",20 min post-meal walk,No added sugar; keep carbs measured and balanced with fibre. Trim visible fat and keep portions moderate. Common allergens: gluten.
890,Jharkhand,Diabetes,Snack,"Khapada Roti (Seasonal, Local Style)",108,5,20,3,5,Low,Low,Low,"Gluten, Mustard","whole wheat flour,mustard oil,water,spices,goat meat,spices",Non-Vegetarian,Mutton,"Keep the gravy light, avoid sugary marinades, and pair the khapada roti with a small portion of whole-grain accompaniment. Favor fibre-rich sides and slow-cooked spices.",20 min post-meal walk,No added sugar; keep carbs measured and balanced with fibre. Trim visible fat and keep portions moderate. Common allergens: gluten.
891,Jharkhand,Diabetes,Snack,"Khapada Roti (Simple, Local Style)",108,5,20,3,5,Low,Low,Low,"Gluten, Mustard","whole wheat flour,mustard oil,water,spices,goat meat,spices",Non-Vegetarian,Mutton,"Keep the gravy light, avoid sugary marinades, and pair the khapada roti with a small portion of whole-grain accompaniment. Favor fibre-rich sides and slow-cooked spices.",20 min post-meal walk,No added sugar; keep carbs measured and balanced with fibre. Trim visible fat and keep portions moderate. Common allergens: gluten.
892,Jharkhand,Diabetes,Snack,"Khapada Roti (Simple, Local Style)",113,5,20,3,5,Medium,Medium,Medium,"Gluten, Mustard","whole wheat flour,mustard oil,water,spices,goat meat,spices",Non-Vegetarian,Mutton,"Keep the gravy light, avoid sugary marinades, and pair the khapada roti with a small portion of whole-grain accompaniment. Favor fibre-rich sides and slow-cooked spices.",20 min post-meal walk,No added sugar; keep carbs measured and balanced with fibre. Trim visible fat and keep portions moderate. Common allergens: gluten.
893,Jharkhand,Diabetes,Snack,"Litti-Chokha (Light, Single Plate)",180,8,22,6,6,Low,Low,Low,"Gluten, Mustard","whole wheat flour,sattu,mustard oil,brinjal,tomato,potato,spices,chicken,spices",Non-Vegetarian,Chicken,"Keep the gravy light, avoid sugary marinades, and pair the litti-chokha with a small portion of whole-grain accompaniment. Favor fibre-rich sides and slow-cooked spices.",20 min post-meal walk,No added sugar; keep carbs measured and balanced with fibre. Trim visible fat and keep portions moderate. Common allergens: gluten.
894,Jharkhand,Diabetes,Snack,"Litti-Chokha (Millet Blend, Measured Serve)",188,8,22,7,6,Medium,Medium,Low,"Gluten, Mustard","whole wheat flour,sattu,mustard oil,brinjal,tomato,potato,spices,chicken,spices",Non-Vegetarian,Chicken,"Keep the gravy light, avoid sugary marinades, and pair the litti-chokha with a small portion of whole-grain accompaniment. Favor fibre-rich sides and slow-cooked spices.",20 min post-meal walk,No added sugar; keep carbs measured and balanced with fibre. Trim visible fat and keep portions moderate. Common allergens: gluten.
895,Jharkhand,Diabetes,Snack,"Litti-Chokha (No Sugar, Measured Serve)",188,8,22,7,6,Medium,Medium,Medium,"Gluten, Mustard","whole wheat flour,sattu,mustard oil,brinjal,tomato,potato,spices,chicken,spices",Non-Vegetarian,Chicken,"Keep the gravy light, avoid sugary marinades, and pair the litti-chokha with a small portion of whole-grain accompaniment. Favor fibre-rich sides and slow-cooked spices.",20 min post-meal walk,No added sugar; keep carbs measured and balanced with fibre. Trim visible fat and keep portions moderate. Common allergens: gluten.
896,Jharkhand,Diabetes,Snack,"Litti-Chokha (Steamed, Measured Serve)",180,8,22,6,6,Low,Low,Low,"Gluten, Mustard","whole wheat flour,sattu,mustard oil,brinjal,tomato,potato,spices,chicken,spices",Non-Vegetarian,Chicken,"Keep the gravy light, avoid sugary marinades, and pair the litti-chokha with a small portion of whole-grain accompaniment. Favor fibre-rich sides and slow-cooked spices.",20 min post-meal walk,No added sugar; keep carbs measured and balanced with fibre. Trim visible fat and keep portions moderate. Common allergens: gluten.
897,Jharkhand,Diabetes,Snack,"Arsa (Boiled, Moderate Bowl)",128,3,20,4,1,High,Low,Low,"Mustard, Rice, Sesame","rice flour,jaggery,sesame,mustard oil",Vegan,,Keep the arsa unsweetened and use whole grains or legume-heavy batter where possible. Avoid deep frying and pair it with fibre-rich vegetables.,20 min post-meal walk,No added sugar; keep carbs measured and balanced with fibre. Keep the recipe fully plant-based and avoid ghee or dairy. Common allergens: rice.
898,Jharkhand,Diabetes,Snack,"Arsa (Millet Blend, Moderate Bowl)",133,3,20,4,1,Medium,Medium,Medium,"Mustard, Rice, Sesame","rice flour,jaggery,sesame,mustard oil",Vegan,,Keep the arsa unsweetened and use whole grains or legume-heavy batter where possible. Avoid deep frying and pair it with fibre-rich vegetables.,20 min post-meal walk,No added sugar; keep carbs measured and balanced with fibre. Keep the recipe fully plant-based and avoid ghee or dairy. Common allergens: rice.
899,Jharkhand,Diabetes,Snack,"Chana Dal Puri (Mild, House Style)",165,7,20,6,5,Low,Low,Low,"Gluten, Legumes, Mustard","whole wheat flour,chana dal,spices,mustard oil",Vegan,,Keep the chana dal puri unsweetened and use whole grains or legume-heavy batter where possible. Avoid deep frying and pair it with fibre-rich vegetables.,20 min post-meal walk,"No added sugar; keep carbs measured and balanced with fibre. Keep the recipe fully plant-based and avoid ghee or dairy. Common allergens: gluten,legumes."
900,Jharkhand,Diabetes,Snack,"Chana Dal Puri (Mild, House Style)",172,7,20,7,5,Low,High,Medium,"Gluten, Legumes, Mustard","whole wheat flour,chana dal,spices,mustard oil",Vegan,,Keep the chana dal puri unsweetened and use whole grains or legume-heavy batter where possible. Avoid deep frying and pair it with fibre-rich vegetables.,20 min post-meal walk,"No added sugar; keep carbs measured and balanced with fibre. Keep the recipe fully plant-based and avoid ghee or dairy. Common allergens: gluten,legumes."
901,Jharkhand,Diabetes,Snack,"Dhuska (No Sugar, Controlled Portion)",155,6,17,7,4,Medium,Medium,Medium,"Legumes, Mustard, Rice","rice flour,urad dal,spices,mustard oil",Vegan,,Keep the dhuska unsweetened and use whole grains or legume-heavy batter where possible. Avoid deep frying and pair it with fibre-rich vegetables.,20 min post-meal walk,"No added sugar; keep carbs measured and balanced with fibre. Keep the recipe fully plant-based and avoid ghee or dairy. Common allergens: rice,legumes."
902,Jharkhand,Diabetes,Snack,"Dhuska (Steamed, Controlled Portion)",146,6,17,6,4,High,Low,Low,"Legumes, Mustard, Rice","rice flour,urad dal,spices,mustard oil",Vegan,,Keep the dhuska unsweetened and use whole grains or legume-heavy batter where possible. Avoid deep frying and pair it with fibre-rich vegetables.,20 min post-meal walk,"No added sugar; keep carbs measured and balanced with fibre. Keep the recipe fully plant-based and avoid ghee or dairy. Common allergens: rice,legumes."
903,Jharkhand,Diabetes,Snack,"Khaja (Boiled, Measured Serve)",150,3,22,6,1,High,Low,Low,"Gluten, Mustard, Sesame","refined flour,jaggery,sugar,sesame,mustard oil",Vegan,,Keep the khaja unsweetened and use whole grains or legume-heavy batter where possible. Avoid deep frying and pair it with fibre-rich vegetables.,20 min post-meal walk,No added sugar; keep carbs measured and balanced with fibre. Keep the recipe fully plant-based and avoid ghee or dairy. Common allergens: gluten.
904,Jharkhand,Diabetes,Snack,"Khaja (Millet Blend, Measured Serve)",156,3,22,7,1,Medium,Medium,Low,"Gluten, Mustard, Sesame","refined flour,jaggery,sugar,sesame,mustard oil",Vegan,,Keep the khaja unsweetened and use whole grains or legume-heavy batter where possible. Avoid deep frying and pair it with fibre-rich vegetables.,20 min post-meal walk,No added sugar; keep carbs measured and balanced with fibre. Keep the recipe fully plant-based and avoid ghee or dairy. Common allergens: gluten.
905,Jharkhand,Diabetes,Snack,"Litti-Chokha (No Sugar, Small Bowl)",160,8,22,7,6,High,High,High,"Gluten, Mustard","whole wheat flour,sattu,mustard oil,brinjal,tomato,potato,spices",Vegan,,Keep the litti-chokha unsweetened and use whole grains or legume-heavy batter where possible. Avoid deep frying and pair it with fibre-rich vegetables.,20 min post-meal walk,No added sugar; keep carbs measured and balanced with fibre. Keep the recipe fully plant-based and avoid ghee or dairy. Common allergens: gluten.
906,Jharkhand,Diabetes,Snack,"Litti-Chokha (Steamed, Small Bowl)",153,8,22,6,6,Low,Low,Low,"Gluten, Mustard","whole wheat flour,sattu,mustard oil,brinjal,tomato,potato,spices",Vegan,,Keep the litti-chokha unsweetened and use whole grains or legume-heavy batter where possible. Avoid deep frying and pair it with fibre-rich vegetables.,20 min post-meal walk,No added sugar; keep carbs measured and balanced with fibre. Keep the recipe fully plant-based and avoid ghee or dairy. Common allergens: gluten.
907,Jharkhand,Diabetes,Snack,"Mitha Pitha (Boiled, Small Bowl)",121,4,22,4,2,High,Low,Low,"Rice, Sesame","rice flour,jaggery,sesame",Vegan,,Keep the mitha pitha unsweetened and use whole grains or legume-heavy batter where possible. Avoid deep frying and pair it with fibre-rich vegetables.,20 min post-meal walk,No added sugar; keep carbs measured and balanced with fibre. Keep the recipe fully plant-based and avoid ghee or dairy. Common allergens: rice.
908,Jharkhand,Diabetes,Snack,"Mitha Pitha (Millet Blend, Small Bowl)",126,4,22,4,2,Medium,Medium,Medium,"Rice, Sesame","rice flour,jaggery,sesame",Vegan,,Keep the mitha pitha unsweetened and use whole grains or legume-heavy batter where possible. Avoid deep frying and pair it with fibre-rich vegetables.,20 min post-meal walk,No added sugar; keep carbs measured and balanced with fibre. Keep the recipe fully plant-based and avoid ghee or dairy. Common allergens: rice.
909,Jharkhand,Diabetes,Snack,"Thekua (Boiled, Controlled Portion)",115,3,17,6,2,High,Low,Low,"Gluten, Mustard, Sesame","whole wheat flour,jaggery,sesame,mustard oil",Vegan,,Keep the thekua unsweetened and use whole grains or legume-heavy batter where possible. Avoid deep frying and pair it with fibre-rich vegetables.,20 min post-meal walk,No added sugar; keep carbs measured and balanced with fibre. Keep the recipe fully plant-based and avoid ghee or dairy. Common allergens: gluten.
910,Jharkhand,Diabetes,Snack,"Thekua (Millet Blend, Controlled Portion)",143,3,17,7,2,High,Low,Low,"Gluten, Mustard, Sesame","whole wheat flour,jaggery,sesame,mustard oil",Vegan,,Keep the thekua unsweetened and use whole grains or legume-heavy batter where possible. Avoid deep frying and pair it with fibre-rich vegetables.,20 min post-meal walk,No added sugar; keep carbs measured and balanced with fibre. Keep the recipe fully plant-based and avoid ghee or dairy. Common allergens: gluten.
911,Jharkhand,Diabetes,Snack,"Til Barfi (No Sugar, Measured Serve)",141,4,13,8,2,Medium,Medium,Medium,"Mustard, Nuts, Sesame","sesame,jaggery,mustard oil",Vegan,,Keep the til barfi unsweetened and use whole grains or legume-heavy batter where possible. Avoid deep frying and pair it with fibre-rich vegetables.,20 min post-meal walk,"No added sugar; keep carbs measured and balanced with fibre. Keep the recipe fully plant-based and avoid ghee or dairy. Common allergens: sesame,nuts."
912,Jharkhand,Diabetes,Snack,"Til Barfi (Steamed, Measured Serve)",135,4,13,7,2,High,Low,Low,"Mustard, Nuts, Sesame","sesame,jaggery,mustard oil",Vegan,,Keep the til barfi unsweetened and use whole grains or legume-heavy batter where possible. Avoid deep frying and pair it with fibre-rich vegetables.,20 min post-meal walk,"No added sugar; keep carbs measured and balanced with fibre. Keep the recipe fully plant-based and avoid ghee or dairy. Common allergens: sesame,nuts."
913,Jharkhand,Diabetes,Dinner,"Aloo Chokha (Steamed, Measured Serve)",91,3,13,3,4,Low,Low,Low,Mustard,"potato,onion,green chilli,mustard oil,spices",Vegetarian,,Keep the aloo chokha unsweetened and use whole grains or legume-heavy batter where possible. Avoid deep frying and pair it with fibre-rich vegetables.,20 min post-meal walk,No added sugar; keep carbs measured and balanced with fibre.
914,Jharkhand,Diabetes,Dinner,"Bamboo Shoot Sabzi (Steamed, Controlled Portion)",54,3,6,2,5,Low,Low,Low,Mustard,"bamboo shoot,onion,garlic,mustard oil,spices",Vegetarian,,Keep the bamboo shoot sabzi unsweetened and use whole grains or legume-heavy batter where possible. Avoid deep frying and pair it with fibre-rich vegetables.,20 min post-meal walk,No added sugar; keep carbs measured and balanced with fibre.
915,Jharkhand,Diabetes,Dinner,"Bhaji Sag (Steamed, Moderate Bowl)",70,4,9,2,5,Low,Low,Low,Mustard,"leafy greens,onion,garlic,mustard oil,spices",Vegetarian,,Keep the bhaji sag unsweetened and use whole grains or legume-heavy batter where possible. Avoid deep frying and pair it with fibre-rich vegetables.,20 min post-meal walk,No added sugar; keep carbs measured and balanced with fibre.
916,Jharkhand,Diabetes,Dinner,Brown Rice (Small) + Rugra Curry,350,25,35,12,8,High,Medium,Low,Safe,"Brown Rice, Mushroom",Vegetarian,,Keep rice portion strict. Rugra is basically zero GI.,20 mins walk,Ensure gap of 2 hours before sleep
917,Jharkhand,Diabetes,Dinner,Dal Pitha (Brown Rice base),350,25,35,12,9,High,Medium,Low,Safe,"Brown Rice Flour, Chana Dal",Vegetarian,,Steam dumplings made from brown rice flour.,20 mins walk,Ensure gap of 2 hours before sleep
918,Jharkhand,Diabetes,Dinner,"Dal Pitha (Millet Blend, Measured Serve)",148,8,20,4,5,Medium,Medium,Low,"Gluten, Legumes, Mustard","rice flour,urad dal,chana dal,spices,mustard oil",Vegetarian,,Keep the dal pitha unsweetened and use whole grains or legume-heavy batter where possible. Avoid deep frying and pair it with fibre-rich vegetables.,20 min post-meal walk,"No added sugar; keep carbs measured and balanced with fibre. Common allergens: gluten,legumes."
919,Jharkhand,Diabetes,Dinner,"Dubki (Boiled, Controlled Portion)",113,6,13,3,6,Low,Low,Low,"Legumes, Mustard","chana dal/urad dal,spices,mustard oil,garlic",Vegetarian,,Keep the dubki unsweetened and use whole grains or legume-heavy batter where possible. Avoid deep frying and pair it with fibre-rich vegetables.,20 min post-meal walk,No added sugar; keep carbs measured and balanced with fibre. Common allergens: legumes.
920,Jharkhand,Diabetes,Dinner,Gondli Rice + Kurthi Dal,350,25,35,12,12,Low,Medium,Low,Safe,"Little Millet, Horsegram",Vegetarian,,Millets for dinner ensure stable overnight fasting sugars.,20 mins walk,Ensure gap of 2 hours before sleep
921,Jharkhand,Diabetes,Dinner,"Khapada Roti (Steamed, Small Bowl)",128,5,20,3,5,Low,Low,Low,"Gluten, Mustard","whole wheat flour,mustard oil,water,spices",Vegetarian,,Keep the khapada roti unsweetened and use whole grains or legume-heavy batter where possible. Avoid deep frying and pair it with fibre-rich vegetables.,20 min post-meal walk,No added sugar; keep carbs measured and balanced with fibre. Common allergens: gluten.
922,Jharkhand,Diabetes,Dinner,"Koinar Sag (Millet Blend, Moderate Bowl)",71,4,7,3,5,Medium,Medium,Medium,Mustard,"koinar leaves,onion,garlic,mustard oil,spices",Vegetarian,,Keep the koinar sag unsweetened and use whole grains or legume-heavy batter where possible. Avoid deep frying and pair it with fibre-rich vegetables.,20 min post-meal walk,No added sugar; keep carbs measured and balanced with fibre.
923,Jharkhand,Diabetes,Dinner,"Kurthi Dal (Boiled, Moderate Bowl)",128,9,14,4,8,Low,Low,Low,"Legumes, Mustard","kurthi dal,garlic,ginger,cumin,mustard oil",Vegetarian,,Keep the kurthi dal unsweetened and use whole grains or legume-heavy batter where possible. Avoid deep frying and pair it with fibre-rich vegetables.,20 min post-meal walk,No added sugar; keep carbs measured and balanced with fibre. Common allergens: legumes.
924,Jharkhand,Diabetes,Dinner,"Litti-Chokha (Millet Blend, Controlled Portion)",188,8,22,7,6,Low,Low,Low,"Gluten, Mustard","whole wheat flour,sattu,mustard oil,brinjal,tomato,potato,spices",Vegetarian,,Keep the litti-chokha unsweetened and use whole grains or legume-heavy batter where possible. Avoid deep frying and pair it with fibre-rich vegetables.,20 min post-meal walk,No added sugar; keep carbs measured and balanced with fibre. Common allergens: gluten.
925,Jharkhand,Diabetes,Dinner,Marua Roti + Ghugni (Black Chana),350,25,35,12,14,Low,Medium,Low,Safe,"Finger Millet, Black Chickpeas",Vegetarian,,Ragi and black chana form the ultimate low-GI dinner.,20 mins walk,Ensure gap of 2 hours before sleep
926,Jharkhand,Diabetes,Dinner,"Rugdha (Boiled, Small Bowl)",71,5,6,3,4,Low,Low,Low,Mustard,"rugdha mushroom,onion,garlic,mustard oil,spices",Vegetarian,,Keep the rugdha unsweetened and use whole grains or legume-heavy batter where possible. Avoid deep frying and pair it with fibre-rich vegetables.,20 min post-meal walk,No added sugar; keep carbs measured and balanced with fibre.
927,Jharkhand,Diabetes,Dinner,"Udad Dal (Boiled, Measured Serve)",128,10,13,4,7,Low,Low,Low,"Legumes, Mustard","urad dal,ginger,garlic,cumin,mustard oil",Vegetarian,,Keep the udad dal unsweetened and use whole grains or legume-heavy batter where possible. Avoid deep frying and pair it with fibre-rich vegetables.,20 min post-meal walk,No added sugar; keep carbs measured and balanced with fibre. Common allergens: legumes.
928,Jharkhand,Diabetes,Dinner,Wheat Roti + Munga Saag,350,25,35,12,10,Low,Medium,Low,Gluten,"Wheat, Drumstick Leaves",Vegetarian,,Superfood dinner for glucose control.,20 mins walk,Ensure gap of 2 hours before sleep
929,Jharkhand,Diabetes,Dinner,"Aloo Chokha (Fresh, House Style)",90,3,13,3,4,Low,Low,Low,Mustard,"potato,onion,green chilli,mustard oil,spices,chicken,spices",Non-Vegetarian,Chicken,"Keep the gravy light, avoid sugary marinades, and pair the aloo chokha with a small portion of whole-grain accompaniment. Favor fibre-rich sides and slow-cooked spices.",20 min post-meal walk,No added sugar; keep carbs measured and balanced with fibre. Trim visible fat and keep portions moderate.
930,Jharkhand,Diabetes,Dinner,"Aloo Chokha (No Sugar, Measured Serve)",91,3,13,3,4,Medium,Medium,Medium,Mustard,"potato,onion,green chilli,mustard oil,spices,chicken,spices",Non-Vegetarian,Chicken,"Keep the gravy light, avoid sugary marinades, and pair the aloo chokha with a small portion of whole-grain accompaniment. Favor fibre-rich sides and slow-cooked spices.",20 min post-meal walk,No added sugar; keep carbs measured and balanced with fibre. Trim visible fat and keep portions moderate.
931,Jharkhand,Diabetes,Dinner,"Aloo Chokha (Simple, House Style)",91,3,13,3,4,Low,Low,Low,Mustard,"potato,onion,green chilli,mustard oil,spices,chicken,spices",Non-Vegetarian,Chicken,"Keep the gravy light, avoid sugary marinades, and pair the aloo chokha with a small portion of whole-grain accompaniment. Favor fibre-rich sides and slow-cooked spices.",20 min post-meal walk,No added sugar; keep carbs measured and balanced with fibre. Trim visible fat and keep portions moderate.
932,Jharkhand,Diabetes,Dinner,"Chilka Roti (Seasonal, House Style)",120,5,16,4,4,High,Low,Low,"Legumes, Mustard","rice flour,besan,spices,mustard oil,chicken,spices",Non-Vegetarian,Chicken,"Keep the gravy light, avoid sugary marinades, and pair the chilka roti with a small portion of whole-grain accompaniment. Favor fibre-rich sides and slow-cooked spices.",20 min post-meal walk,No added sugar; keep carbs measured and balanced with fibre. Trim visible fat and keep portions moderate. Common allergens: legumes.
933,Jharkhand,Diabetes,Dinner,"Chilka Roti (Tender, House Style)",125,5,16,4,4,Medium,Medium,Medium,"Legumes, Mustard","rice flour,besan,spices,mustard oil,chicken,spices",Non-Vegetarian,Chicken,"Keep the gravy light, avoid sugary marinades, and pair the chilka roti with a small portion of whole-grain accompaniment. Favor fibre-rich sides and slow-cooked spices.",20 min post-meal walk,No added sugar; keep carbs measured and balanced with fibre. Trim visible fat and keep portions moderate. Common allergens: legumes.
934,Jharkhand,Diabetes,Dinner,"Desi Chicken Curry (Classic, Daily Serve)",221,25,4,10,0,Low,Low,Low,Mustard,"chicken,onion,garlic,ginger,spices,mustard oil",Non-Vegetarian,Chicken,"Keep the gravy light, avoid sugary marinades, and pair the desi chicken curry with a small portion of whole-grain accompaniment. Favor fibre-rich sides and slow-cooked spices.",20 min post-meal walk,No added sugar; keep carbs measured and balanced with fibre. Trim visible fat and keep portions moderate.
935,Jharkhand,Diabetes,Dinner,"Desi Chicken Curry (Rustic, Daily Serve)",196,25,4,12,0,Low,Low,Low,Mustard,"chicken,onion,garlic,ginger,spices,mustard oil",Non-Vegetarian,Chicken,"Keep the gravy light, avoid sugary marinades, and pair the desi chicken curry with a small portion of whole-grain accompaniment. Favor fibre-rich sides and slow-cooked spices.",20 min post-meal walk,No added sugar; keep carbs measured and balanced with fibre. Trim visible fat and keep portions moderate.
936,Jharkhand,Diabetes,Dinner,"Goat Meat Gravy (Simple, House Style)",276,25,3,17,0,Medium,Medium,Low,Mustard,"goat meat,onion,garlic,ginger,spices,mustard oil",Non-Vegetarian,Mutton,"Keep the gravy light, avoid sugary marinades, and pair the goat meat gravy with a small portion of whole-grain accompaniment. Favor fibre-rich sides and slow-cooked spices.",20 min post-meal walk,No added sugar; keep carbs measured and balanced with fibre. Trim visible fat and keep portions moderate.
937,Jharkhand,Diabetes,Dinner,"Goat Meat Gravy (Tender, House Style)",225,25,3,15,0,Low,Low,Low,Mustard,"goat meat,onion,garlic,ginger,spices,mustard oil",Non-Vegetarian,Mutton,"Keep the gravy light, avoid sugary marinades, and pair the goat meat gravy with a small portion of whole-grain accompaniment. Favor fibre-rich sides and slow-cooked spices.",20 min post-meal walk,No added sugar; keep carbs measured and balanced with fibre. Trim visible fat and keep portions moderate.
938,Jharkhand,Diabetes,Dinner,Gondli Rice + Lean Chicken Clear Broth,350,25,35,12,7,Low,Medium,Low,Safe,"Little Millet, Lean Chicken",Non-Vegetarian,Chicken,"Extremely light, low GI dinner.",20 mins walk,Ensure gap of 2 hours before sleep
939,Jharkhand,Diabetes,Dinner,"Khapada Roti (Light, Daily Serve)",127,5,20,3,5,Low,Low,Low,"Gluten, Mustard","whole wheat flour,mustard oil,water,spices,goat meat,spices",Non-Vegetarian,Mutton,"Keep the gravy light, avoid sugary marinades, and pair the khapada roti with a small portion of whole-grain accompaniment. Favor fibre-rich sides and slow-cooked spices.",20 min post-meal walk,No added sugar; keep carbs measured and balanced with fibre. Trim visible fat and keep portions moderate. Common allergens: gluten.
940,Jharkhand,Diabetes,Dinner,"Khapada Roti (Mild, Daily Serve)",133,5,20,3,5,Medium,Medium,Medium,"Gluten, Mustard","whole wheat flour,mustard oil,water,spices,goat meat,spices",Non-Vegetarian,Mutton,"Keep the gravy light, avoid sugary marinades, and pair the khapada roti with a small portion of whole-grain accompaniment. Favor fibre-rich sides and slow-cooked spices.",20 min post-meal walk,No added sugar; keep carbs measured and balanced with fibre. Trim visible fat and keep portions moderate. Common allergens: gluten.
941,Jharkhand,Diabetes,Dinner,"Khapada Roti (Rustic, Daily Serve)",128,5,20,3,5,Low,Low,Low,"Gluten, Mustard","whole wheat flour,mustard oil,water,spices,goat meat,spices",Non-Vegetarian,Mutton,"Keep the gravy light, avoid sugary marinades, and pair the khapada roti with a small portion of whole-grain accompaniment. Favor fibre-rich sides and slow-cooked spices.",20 min post-meal walk,No added sugar; keep carbs measured and balanced with fibre. Trim visible fat and keep portions moderate. Common allergens: gluten.
942,Jharkhand,Diabetes,Dinner,"Litti-Chokha (Classic, Daily Serve)",183,8,22,7,6,Medium,Medium,Medium,"Gluten, Mustard","whole wheat flour,sattu,mustard oil,brinjal,tomato,potato,spices,chicken,spices",Non-Vegetarian,Chicken,"Keep the gravy light, avoid sugary marinades, and pair the litti-chokha with a small portion of whole-grain accompaniment. Favor fibre-rich sides and slow-cooked spices.",20 min post-meal walk,No added sugar; keep carbs measured and balanced with fibre. Trim visible fat and keep portions moderate. Common allergens: gluten.
943,Jharkhand,Diabetes,Dinner,"Litti-Chokha (Mild, Daily Serve)",180,8,22,6,6,Low,Low,Low,"Gluten, Mustard","whole wheat flour,sattu,mustard oil,brinjal,tomato,potato,spices,chicken,spices",Non-Vegetarian,Chicken,"Keep the gravy light, avoid sugary marinades, and pair the litti-chokha with a small portion of whole-grain accompaniment. Favor fibre-rich sides and slow-cooked spices.",20 min post-meal walk,No added sugar; keep carbs measured and balanced with fibre. Trim visible fat and keep portions moderate. Common allergens: gluten.
944,Jharkhand,Diabetes,Dinner,Marua Roti + Boiled Egg Whites (4),350,25,35,12,7,Low,Medium,Low,"Egg, Eggs","Finger Millet, Egg Whites",Non-Vegetarian,,Pure protein paired with low GI carb.,20 mins walk,Ensure gap of 2 hours before sleep
945,Jharkhand,Diabetes,Dinner,"Aloo Chokha (Boiled, Small Bowl)",90,3,13,3,4,Low,Low,Low,Mustard,"potato,onion,green chilli,mustard oil,spices",Vegan,,Keep the aloo chokha unsweetened and use whole grains or legume-heavy batter where possible. Avoid deep frying and pair it with fibre-rich vegetables.,20 min post-meal walk,No added sugar; keep carbs measured and balanced with fibre. Keep the recipe fully plant-based and avoid ghee or dairy.
946,Jharkhand,Diabetes,Dinner,"Aloo Chokha (No Sugar, Moderate Bowl)",91,3,13,3,4,High,High,Medium,Mustard,"potato,onion,green chilli,mustard oil,spices",Vegan,,Keep the aloo chokha unsweetened and use whole grains or legume-heavy batter where possible. Avoid deep frying and pair it with fibre-rich vegetables.,20 min post-meal walk,No added sugar; keep carbs measured and balanced with fibre. Keep the recipe fully plant-based and avoid ghee or dairy.
947,Jharkhand,Diabetes,Dinner,"Bamboo Shoot Sabzi (Boiled, Moderate Bowl)",54,3,6,2,5,Low,Low,Low,Mustard,"bamboo shoot,onion,garlic,mustard oil,spices",Vegan,,Keep the bamboo shoot sabzi unsweetened and use whole grains or legume-heavy batter where possible. Avoid deep frying and pair it with fibre-rich vegetables.,20 min post-meal walk,No added sugar; keep carbs measured and balanced with fibre. Keep the recipe fully plant-based and avoid ghee or dairy.
948,Jharkhand,Diabetes,Dinner,"Bamboo Shoot Sabzi (No Sugar, Measured Serve)",63,3,6,3,5,Medium,Medium,Medium,Mustard,"bamboo shoot,onion,garlic,mustard oil,spices",Vegan,,Keep the bamboo shoot sabzi unsweetened and use whole grains or legume-heavy batter where possible. Avoid deep frying and pair it with fibre-rich vegetables.,20 min post-meal walk,No added sugar; keep carbs measured and balanced with fibre. Keep the recipe fully plant-based and avoid ghee or dairy.
949,Jharkhand,Diabetes,Dinner,"Bhaji Sag (No Sugar, Small Bowl)",78,4,9,3,5,High,High,High,Mustard,"leafy greens,onion,garlic,mustard oil,spices",Vegan,,Keep the bhaji sag unsweetened and use whole grains or legume-heavy batter where possible. Avoid deep frying and pair it with fibre-rich vegetables.,20 min post-meal walk,No added sugar; keep carbs measured and balanced with fibre. Keep the recipe fully plant-based and avoid ghee or dairy.
950,Jharkhand,Diabetes,Dinner,"Bhaji Sag (Steamed, Controlled Portion)",75,4,9,2,5,Low,Low,Low,Mustard,"leafy greens,onion,garlic,mustard oil,spices",Vegan,,Keep the bhaji sag unsweetened and use whole grains or legume-heavy batter where possible. Avoid deep frying and pair it with fibre-rich vegetables.,20 min post-meal walk,No added sugar; keep carbs measured and balanced with fibre. Keep the recipe fully plant-based and avoid ghee or dairy.
951,Jharkhand,Diabetes,Dinner,"Dal Pitha (Steamed, Small Bowl)",158,8,20,4,5,High,Low,Low,"Gluten, Legumes, Mustard","rice flour,urad dal,chana dal,spices,mustard oil",Vegan,,Keep the dal pitha unsweetened and use whole grains or legume-heavy batter where possible. Avoid deep frying and pair it with fibre-rich vegetables.,20 min post-meal walk,"No added sugar; keep carbs measured and balanced with fibre. Keep the recipe fully plant-based and avoid ghee or dairy. Common allergens: gluten,legumes."
952,Jharkhand,Diabetes,Dinner,"Dubki (Millet Blend, Measured Serve)",103,6,13,3,6,Medium,Medium,Low,"Legumes, Mustard","chana dal/urad dal,spices,mustard oil,garlic",Vegan,,Keep the dubki unsweetened and use whole grains or legume-heavy batter where possible. Avoid deep frying and pair it with fibre-rich vegetables.,20 min post-meal walk,No added sugar; keep carbs measured and balanced with fibre. Keep the recipe fully plant-based and avoid ghee or dairy. Common allergens: legumes.
953,Jharkhand,Diabetes,Dinner,"Khapada Roti (Steamed, Measured Serve)",127,5,20,3,5,Low,Low,Low,"Gluten, Mustard","whole wheat flour,mustard oil,water,spices",Vegan,,Keep the khapada roti unsweetened and use whole grains or legume-heavy batter where possible. Avoid deep frying and pair it with fibre-rich vegetables.,20 min post-meal walk,No added sugar; keep carbs measured and balanced with fibre. Keep the recipe fully plant-based and avoid ghee or dairy. Common allergens: gluten.
954,Jharkhand,Diabetes,Dinner,"Koinar Sag (Millet Blend, Controlled Portion)",70,4,7,3,5,Low,Low,Low,Mustard,"koinar leaves,onion,garlic,mustard oil,spices",Vegan,,Keep the koinar sag unsweetened and use whole grains or legume-heavy batter where possible. Avoid deep frying and pair it with fibre-rich vegetables.,20 min post-meal walk,No added sugar; keep carbs measured and balanced with fibre. Keep the recipe fully plant-based and avoid ghee or dairy.
955,Jharkhand,Diabetes,Dinner,"Kurthi Dal (Boiled, Controlled Portion)",131,9,14,4,8,Low,Low,Low,"Legumes, Mustard","kurthi dal,garlic,ginger,cumin,mustard oil",Vegan,,Keep the kurthi dal unsweetened and use whole grains or legume-heavy batter where possible. Avoid deep frying and pair it with fibre-rich vegetables.,20 min post-meal walk,No added sugar; keep carbs measured and balanced with fibre. Keep the recipe fully plant-based and avoid ghee or dairy. Common allergens: legumes.
956,Jharkhand,Diabetes,Dinner,"Kurthi Dal (Millet Blend, Small Bowl)",137,9,14,4,8,Medium,Medium,Medium,"Legumes, Mustard","kurthi dal,garlic,ginger,cumin,mustard oil",Vegan,,Keep the kurthi dal unsweetened and use whole grains or legume-heavy batter where possible. Avoid deep frying and pair it with fibre-rich vegetables.,20 min post-meal walk,No added sugar; keep carbs measured and balanced with fibre. Keep the recipe fully plant-based and avoid ghee or dairy. Common allergens: legumes.
957,Jharkhand,Diabetes,Dinner,"Litti-Chokha (Fresh, Local Style)",174,8,22,6,6,Low,Low,Low,"Gluten, Mustard","whole wheat flour,sattu,mustard oil,brinjal,tomato,potato,spices",Vegan,,Keep the litti-chokha unsweetened and use whole grains or legume-heavy batter where possible. Avoid deep frying and pair it with fibre-rich vegetables.,20 min post-meal walk,No added sugar; keep carbs measured and balanced with fibre. Keep the recipe fully plant-based and avoid ghee or dairy. Common allergens: gluten.
958,Jharkhand,Diabetes,Dinner,"Rugdha (Boiled, Measured Serve)",71,5,6,3,4,Low,Low,Low,Mustard,"rugdha mushroom,onion,garlic,mustard oil,spices",Vegan,,Keep the rugdha unsweetened and use whole grains or legume-heavy batter where possible. Avoid deep frying and pair it with fibre-rich vegetables.,20 min post-meal walk,No added sugar; keep carbs measured and balanced with fibre. Keep the recipe fully plant-based and avoid ghee or dairy.
959,Jharkhand,Diabetes,Dinner,"Rugdha (No Sugar, Controlled Portion)",74,5,6,3,4,Medium,Medium,Medium,Mustard,"rugdha mushroom,onion,garlic,mustard oil,spices",Vegan,,Keep the rugdha unsweetened and use whole grains or legume-heavy batter where possible. Avoid deep frying and pair it with fibre-rich vegetables.,20 min post-meal walk,No added sugar; keep carbs measured and balanced with fibre. Keep the recipe fully plant-based and avoid ghee or dairy.
960,Jharkhand,Diabetes,Dinner,"Udad Dal (Millet Blend, Moderate Bowl)",137,10,13,5,7,Medium,Medium,Medium,"Legumes, Mustard","urad dal,ginger,garlic,cumin,mustard oil",Vegan,,Keep the udad dal unsweetened and use whole grains or legume-heavy batter where possible. Avoid deep frying and pair it with fibre-rich vegetables.,20 min post-meal walk,No added sugar; keep carbs measured and balanced with fibre. Keep the recipe fully plant-based and avoid ghee or dairy. Common allergens: legumes.
961,Jharkhand,High Bp,Breakfast,"Arsa (Low Salt, Light Plate)",148,3,25,4,1,High,Low,Low,"Mustard, Rice, Sesame","rice flour,jaggery,sesame,mustard oil",Vegetarian,,Prepare the arsa with no added salt or only a very small amount. Use fresh spices and a light side to keep sodium intake low.,Gentle walking and breathing exercises,"Avoid added salt, pickles, and salted chutneys. Common allergens: rice."
962,Jharkhand,High Bp,Breakfast,"Chana Dal Puri (Low Salt, Small Portion)",159,7,25,6,4,Low,Low,Low,"Gluten, Legumes, Mustard","whole wheat flour,chana dal,spices,mustard oil",Vegetarian,,Prepare the chana dal puri with no added salt or only a very small amount. Use fresh spices and a light side to keep sodium intake low.,Gentle walking and breathing exercises,"Avoid added salt, pickles, and salted chutneys. Common allergens: gluten,legumes."
963,Jharkhand,High Bp,Breakfast,"Chilka Roti (No Salt, Measured Serve)",136,5,20,4,3,High,Low,Low,"Legumes, Mustard","rice flour,besan,spices,mustard oil",Vegetarian,,Prepare the chilka roti with no added salt or only a very small amount. Use fresh spices and a light side to keep sodium intake low.,Gentle walking and breathing exercises,"Avoid added salt, pickles, and salted chutneys. Common allergens: legumes."
964,Jharkhand,High Bp,Breakfast,"Dhuska (No Salt, Small Portion)",166,6,22,6,3,High,Low,Low,"Legumes, Mustard, Rice","rice flour,urad dal,spices,mustard oil",Vegetarian,,Prepare the dhuska with no added salt or only a very small amount. Use fresh spices and a light side to keep sodium intake low.,Gentle walking and breathing exercises,"Avoid added salt, pickles, and salted chutneys. Common allergens: rice,legumes."
965,Jharkhand,High Bp,Breakfast,Gondli Porridge (Unsalted),350,12,55,9,8,Medium,Low,Low,Egg,"Little Millet, Veggies",Vegetarian,,Cook with local vegetables; use lemon to replace salt flavor.,30 mins light cardio,Stop if BP exceeds 140/90
966,Jharkhand,High Bp,Breakfast,"Khaja (Steamed, Small Portion)",174,3,27,6,1,High,Low,Low,"Gluten, Mustard, Sesame","refined flour,jaggery,sugar,sesame,mustard oil",Vegetarian,,Prepare the khaja with no added salt or only a very small amount. Use fresh spices and a light side to keep sodium intake low.,Gentle walking and breathing exercises,"Avoid added salt, pickles, and salted chutneys. Common allergens: gluten."
967,Jharkhand,High Bp,Breakfast,"Litti-Chokha (No Salt, Light Plate)",173,8,27,6,5,Low,Low,Low,"Gluten, Mustard","whole wheat flour,sattu,mustard oil,brinjal,tomato,potato,spices",Vegetarian,,Prepare the litti-chokha with no added salt or only a very small amount. Use fresh spices and a light side to keep sodium intake low.,Gentle walking and breathing exercises,"Avoid added salt, pickles, and salted chutneys. Common allergens: gluten."
968,Jharkhand,High Bp,Breakfast,"Mitha Pitha (Low Salt, Controlled Serve)",137,4,27,4,2,High,Low,Low,"Rice, Sesame","rice flour,jaggery,coconut,sesame",Vegetarian,,Prepare the mitha pitha with no added salt or only a very small amount. Use fresh spices and a light side to keep sodium intake low.,Gentle walking and breathing exercises,"Avoid added salt, pickles, and salted chutneys. Common allergens: rice."
969,Jharkhand,High Bp,Breakfast,"Sattu Paratha (No Salt, Controlled Serve)",166,8,25,6,5,Low,Low,Low,"Gluten, Legumes, Mustard","whole wheat flour,sattu,spices,mustard oil",Vegetarian,,Prepare the sattu paratha with no added salt or only a very small amount. Use fresh spices and a light side to keep sodium intake low.,Gentle walking and breathing exercises,"Avoid added salt, pickles, and salted chutneys. Common allergens: gluten,legumes."
970,Jharkhand,High Bp,Breakfast,Steamed Dhuska (Unsalted),350,12,55,9,6,Medium,Low,Low,Safe,"Rice, Chana Dal",Vegetarian,,Ferment the batter naturally to develop flavor without salt.,30 mins light cardio,Stop if BP exceeds 140/90
971,Jharkhand,High Bp,Breakfast,Steamed Moong Dal Charpa (Unsalted),350,12,55,9,7,Low,Low,Low,Safe,Moong Dal,Vegetarian,,Steam the paste wrapped in leaves. The leaves impart natural flavor.,30 mins light cardio,Stop if BP exceeds 140/90
972,Jharkhand,High Bp,Breakfast,"Thekua (Low Salt, Measured Serve)",153,3,22,6,2,High,Low,Low,"Gluten, Mustard, Sesame","whole wheat flour,jaggery,sesame,mustard oil",Vegetarian,,Prepare the thekua with no added salt or only a very small amount. Use fresh spices and a light side to keep sodium intake low.,Gentle walking and breathing exercises,"Avoid added salt, pickles, and salted chutneys. Common allergens: gluten."
973,Jharkhand,High Bp,Breakfast,Unsalted Chilka Roti,350,12,55,9,6,Medium,Low,Low,Safe,"Rice, Chana Dal",Vegetarian,,Cook without salt. Pair with a zero-salt tomato mash.,30 mins light cardio,Stop if BP exceeds 140/90
974,Jharkhand,High Bp,Breakfast,Unsalted Marua Roti + Mint Chutney,350,12,55,9,10,Low,Low,Low,Safe,"Finger Millet, Mint",Vegetarian,,Knead dough and blend chutney with absolutely zero salt.,30 mins light cardio,Stop if BP exceeds 140/90
975,Jharkhand,High Bp,Breakfast,Unsalted Pitha,350,12,55,9,6,Medium,Low,Low,Safe,"Rice Flour, Urad Dal",Vegetarian,,Steam without adding salt to the dough or filling.,30 mins light cardio,Stop if BP exceeds 140/90
976,Jharkhand,High Bp,Breakfast,Unsalted Sattu Drink,350,12,55,9,7,Medium,Low,Low,Safe,"Sattu, Water, Lemon",Vegetarian,,Sattu in water with lemon only. No black salt.,30 mins light cardio,Stop if BP exceeds 140/90
977,Jharkhand,High Bp,Breakfast,"Chilka Roti (Herb Seasoned, Controlled Serve)",120,5,20,4,3,High,High,High,"Legumes, Mustard","rice flour,besan,spices,mustard oil,chicken,spices",Non-Vegetarian,Chicken,Use minimal salt and keep the spice base fresh. Serve the chilka roti with unsalted roti or vegetables and avoid pickles or salted sides.,Gentle walking and breathing exercises,"Avoid added salt, pickles, and salted chutneys. Trim visible fat and keep portions moderate. Common allergens: legumes."
978,Jharkhand,High Bp,Breakfast,"Chilka Roti (Low Salt, Measured Serve)",136,5,20,4,3,High,Low,Low,"Legumes, Mustard","rice flour,besan,spices,mustard oil,chicken,spices",Non-Vegetarian,Chicken,Use minimal salt and keep the spice base fresh. Serve the chilka roti with unsalted roti or vegetables and avoid pickles or salted sides.,Gentle walking and breathing exercises,"Avoid added salt, pickles, and salted chutneys. Trim visible fat and keep portions moderate. Common allergens: legumes."
979,Jharkhand,High Bp,Breakfast,"Chilka Roti (No Salt, Small Portion)",136,5,20,4,3,High,Low,Low,"Legumes, Mustard","rice flour,besan,spices,mustard oil,chicken,spices",Non-Vegetarian,Chicken,Use minimal salt and keep the spice base fresh. Serve the chilka roti with unsalted roti or vegetables and avoid pickles or salted sides.,Gentle walking and breathing exercises,"Avoid added salt, pickles, and salted chutneys. Trim visible fat and keep portions moderate. Common allergens: legumes."
980,Jharkhand,High Bp,Breakfast,"Chilka Roti (Steamed, Light Plate)",136,5,20,4,3,Medium,Low,Low,"Legumes, Mustard","rice flour,besan,spices,mustard oil,chicken,spices",Non-Vegetarian,Chicken,Use minimal salt and keep the spice base fresh. Serve the chilka roti with unsalted roti or vegetables and avoid pickles or salted sides.,Gentle walking and breathing exercises,"Avoid added salt, pickles, and salted chutneys. Trim visible fat and keep portions moderate. Common allergens: legumes."
981,Jharkhand,High Bp,Breakfast,"Dhuska (Low Salt, Light Plate)",166,6,22,6,3,High,Low,Low,"Legumes, Mustard, Rice","rice flour,urad dal,spices,mustard oil,chicken,spices",Non-Vegetarian,Chicken,Use minimal salt and keep the spice base fresh. Serve the dhuska with unsalted roti or vegetables and avoid pickles or salted sides.,Gentle walking and breathing exercises,"Avoid added salt, pickles, and salted chutneys. Trim visible fat and keep portions moderate. Common allergens: rice,legumes."
982,Jharkhand,High Bp,Breakfast,"Dhuska (No Salt, Measured Serve)",161,6,22,6,3,High,Low,Low,"Legumes, Mustard, Rice","rice flour,urad dal,spices,mustard oil,chicken,spices",Non-Vegetarian,Chicken,Use minimal salt and keep the spice base fresh. Serve the dhuska with unsalted roti or vegetables and avoid pickles or salted sides.,Gentle walking and breathing exercises,"Avoid added salt, pickles, and salted chutneys. Trim visible fat and keep portions moderate. Common allergens: rice,legumes."
983,Jharkhand,High Bp,Breakfast,"Dhuska (Steamed, Controlled Serve)",166,6,22,6,3,Medium,Low,Medium,"Legumes, Mustard, Rice","rice flour,urad dal,spices,mustard oil,chicken,spices",Non-Vegetarian,Chicken,Use minimal salt and keep the spice base fresh. Serve the dhuska with unsalted roti or vegetables and avoid pickles or salted sides.,Gentle walking and breathing exercises,"Avoid added salt, pickles, and salted chutneys. Trim visible fat and keep portions moderate. Common allergens: rice,legumes."
984,Jharkhand,High Bp,Breakfast,"Khapada Roti (Herb Seasoned, Small Portion)",128,5,25,3,4,Medium,Medium,Medium,"Gluten, Mustard","whole wheat flour,mustard oil,water,spices,goat meat,spices",Non-Vegetarian,Mutton,Use minimal salt and keep the spice base fresh. Serve the khapada roti with unsalted roti or vegetables and avoid pickles or salted sides.,Gentle walking and breathing exercises,"Avoid added salt, pickles, and salted chutneys. Trim visible fat and keep portions moderate. Common allergens: gluten."
985,Jharkhand,High Bp,Breakfast,"Khapada Roti (Low Salt, Controlled Serve)",147,5,25,3,4,Low,Low,Low,"Gluten, Mustard","whole wheat flour,mustard oil,water,spices,goat meat,spices",Non-Vegetarian,Mutton,Use minimal salt and keep the spice base fresh. Serve the khapada roti with unsalted roti or vegetables and avoid pickles or salted sides.,Gentle walking and breathing exercises,"Avoid added salt, pickles, and salted chutneys. Trim visible fat and keep portions moderate. Common allergens: gluten."
986,Jharkhand,High Bp,Breakfast,"Khapada Roti (No Salt, Light Plate)",147,5,25,3,4,Low,Low,Low,"Gluten, Mustard","whole wheat flour,mustard oil,water,spices,goat meat,spices",Non-Vegetarian,Mutton,Use minimal salt and keep the spice base fresh. Serve the khapada roti with unsalted roti or vegetables and avoid pickles or salted sides.,Gentle walking and breathing exercises,"Avoid added salt, pickles, and salted chutneys. Trim visible fat and keep portions moderate. Common allergens: gluten."
987,Jharkhand,High Bp,Breakfast,"Litti-Chokha (Herb Seasoned, Light Plate)",180,8,27,6,5,High,Medium,Medium,"Gluten, Mustard","whole wheat flour,sattu,mustard oil,brinjal,tomato,potato,spices,chicken,spices",Non-Vegetarian,Chicken,Use minimal salt and keep the spice base fresh. Serve the litti-chokha with unsalted roti or vegetables and avoid pickles or salted sides.,Gentle walking and breathing exercises,"Avoid added salt, pickles, and salted chutneys. Trim visible fat and keep portions moderate. Common allergens: gluten."
988,Jharkhand,High Bp,Breakfast,"Litti-Chokha (Low Salt, Small Portion)",173,8,27,6,5,Low,Low,Low,"Gluten, Mustard","whole wheat flour,sattu,mustard oil,brinjal,tomato,potato,spices,chicken,spices",Non-Vegetarian,Chicken,Use minimal salt and keep the spice base fresh. Serve the litti-chokha with unsalted roti or vegetables and avoid pickles or salted sides.,Gentle walking and breathing exercises,"Avoid added salt, pickles, and salted chutneys. Trim visible fat and keep portions moderate. Common allergens: gluten."
989,Jharkhand,High Bp,Breakfast,"Litti-Chokha (Mild, Local Style)",203,8,27,6,5,Low,Low,Low,"Gluten, Mustard","whole wheat flour,sattu,mustard oil,brinjal,tomato,potato,spices,chicken,spices",Non-Vegetarian,Chicken,Use minimal salt and keep the spice base fresh. Serve the litti-chokha with unsalted roti or vegetables and avoid pickles or salted sides.,Gentle walking and breathing exercises,"Avoid added salt, pickles, and salted chutneys. Trim visible fat and keep portions moderate. Common allergens: gluten."
990,Jharkhand,High Bp,Breakfast,"Sattu Paratha (Herb Seasoned, Measured Serve)",203,8,25,6,5,Medium,Medium,Medium,"Gluten, Legumes, Mustard","whole wheat flour,sattu,spices,mustard oil,chicken,spices",Non-Vegetarian,Chicken,Use minimal salt and keep the spice base fresh. Serve the sattu paratha with unsalted roti or vegetables and avoid pickles or salted sides.,Gentle walking and breathing exercises,"Avoid added salt, pickles, and salted chutneys. Trim visible fat and keep portions moderate. Common allergens: gluten,legumes."
991,Jharkhand,High Bp,Breakfast,"Sattu Paratha (Light, Local Style)",166,8,25,6,5,Low,Low,Low,"Gluten, Legumes, Mustard","whole wheat flour,sattu,spices,mustard oil,chicken,spices",Non-Vegetarian,Chicken,Use minimal salt and keep the spice base fresh. Serve the sattu paratha with unsalted roti or vegetables and avoid pickles or salted sides.,Gentle walking and breathing exercises,"Avoid added salt, pickles, and salted chutneys. Trim visible fat and keep portions moderate. Common allergens: gluten,legumes."
992,Jharkhand,High Bp,Breakfast,"Sattu Paratha (Steamed, Small Portion)",166,8,25,6,5,Low,Low,Low,"Gluten, Legumes, Mustard","whole wheat flour,sattu,spices,mustard oil,chicken,spices",Non-Vegetarian,Chicken,Use minimal salt and keep the spice base fresh. Serve the sattu paratha with unsalted roti or vegetables and avoid pickles or salted sides.,Gentle walking and breathing exercises,"Avoid added salt, pickles, and salted chutneys. Trim visible fat and keep portions moderate. Common allergens: gluten,legumes."
993,Jharkhand,High Bp,Breakfast,"Arsa (Herb Seasoned, Light Plate)",128,3,25,4,1,High,Medium,Medium,"Mustard, Rice, Sesame","rice flour,jaggery,sesame,mustard oil",Vegan,,Prepare the arsa with no added salt or only a very small amount. Use fresh spices and a light side to keep sodium intake low.,Gentle walking and breathing exercises,"Avoid added salt, pickles, and salted chutneys. Keep the recipe fully plant-based and avoid ghee or dairy. Common allergens: rice."
994,Jharkhand,High Bp,Breakfast,"Arsa (Low Salt, Small Portion)",148,3,25,4,1,High,Low,Low,"Mustard, Rice, Sesame","rice flour,jaggery,sesame,mustard oil",Vegan,,Prepare the arsa with no added salt or only a very small amount. Use fresh spices and a light side to keep sodium intake low.,Gentle walking and breathing exercises,"Avoid added salt, pickles, and salted chutneys. Keep the recipe fully plant-based and avoid ghee or dairy. Common allergens: rice."
995,Jharkhand,High Bp,Breakfast,"Chana Dal Puri (Herb Seasoned, Small Portion)",165,7,25,6,4,Medium,Medium,Medium,"Gluten, Legumes, Mustard","whole wheat flour,chana dal,spices,mustard oil",Vegan,,Prepare the chana dal puri with no added salt or only a very small amount. Use fresh spices and a light side to keep sodium intake low.,Gentle walking and breathing exercises,"Avoid added salt, pickles, and salted chutneys. Keep the recipe fully plant-based and avoid ghee or dairy. Common allergens: gluten,legumes."
996,Jharkhand,High Bp,Breakfast,"Chana Dal Puri (No Salt, Light Plate)",159,7,25,6,4,Low,Low,Low,"Gluten, Legumes, Mustard","whole wheat flour,chana dal,spices,mustard oil",Vegan,,Prepare the chana dal puri with no added salt or only a very small amount. Use fresh spices and a light side to keep sodium intake low.,Gentle walking and breathing exercises,"Avoid added salt, pickles, and salted chutneys. Keep the recipe fully plant-based and avoid ghee or dairy. Common allergens: gluten,legumes."
997,Jharkhand,High Bp,Breakfast,"Chilka Roti (Seasonal, House Style)",136,5,20,4,3,High,Low,Low,"Legumes, Mustard","rice flour,besan,spices,mustard oil",Vegan,,Prepare the chilka roti with no added salt or only a very small amount. Use fresh spices and a light side to keep sodium intake low.,Gentle walking and breathing exercises,"Avoid added salt, pickles, and salted chutneys. Keep the recipe fully plant-based and avoid ghee or dairy. Common allergens: legumes."
998,Jharkhand,High Bp,Breakfast,"Dhuska (Mild, Daily Serve)",166,6,22,6,3,High,Low,Low,"Legumes, Mustard, Rice","rice flour,urad dal,spices,mustard oil",Vegan,,Prepare the dhuska with no added salt or only a very small amount. Use fresh spices and a light side to keep sodium intake low.,Gentle walking and breathing exercises,"Avoid added salt, pickles, and salted chutneys. Keep the recipe fully plant-based and avoid ghee or dairy. Common allergens: rice,legumes."
999,Jharkhand,High Bp,Breakfast,"Khaja (Low Salt, Light Plate)",174,3,27,6,1,High,Low,Low,"Gluten, Mustard, Sesame","refined flour,jaggery,sugar,sesame,mustard oil",Vegan,,Prepare the khaja with no added salt or only a very small amount. Use fresh spices and a light side to keep sodium intake low.,Gentle walking and breathing exercises,"Avoid added salt, pickles, and salted chutneys. Keep the recipe fully plant-based and avoid ghee or dairy. Common allergens: gluten."
1000,Jharkhand,High Bp,Breakfast,"Litti-Chokha (No Salt, Small Portion)",173,8,27,6,5,Low,Low,Low,"Gluten, Mustard","whole wheat flour,sattu,mustard oil,brinjal,tomato,potato,spices",Vegan,,Prepare the litti-chokha with no added salt or only a very small amount. Use fresh spices and a light side to keep sodium intake low.,Gentle walking and breathing exercises,"Avoid added salt, pickles, and salted chutneys. Keep the recipe fully plant-based and avoid ghee or dairy. Common allergens: gluten."
1001,Jharkhand,High Bp,Breakfast,"Litti-Chokha (Steamed, Light Plate)",173,8,27,6,5,Medium,Low,Low,"Gluten, Mustard","whole wheat flour,sattu,mustard oil,brinjal,tomato,potato,spices",Vegan,,Prepare the litti-chokha with no added salt or only a very small amount. Use fresh spices and a light side to keep sodium intake low.,Gentle walking and breathing exercises,"Avoid added salt, pickles, and salted chutneys. Keep the recipe fully plant-based and avoid ghee or dairy. Common allergens: gluten."
1002,Jharkhand,High Bp,Breakfast,"Mitha Pitha (Herb Seasoned, Controlled Serve)",143,4,27,4,2,High,High,High,"Rice, Sesame","rice flour,jaggery,sesame",Vegan,,Prepare the mitha pitha with no added salt or only a very small amount. Use fresh spices and a light side to keep sodium intake low.,Gentle walking and breathing exercises,"Avoid added salt, pickles, and salted chutneys. Keep the recipe fully plant-based and avoid ghee or dairy. Common allergens: rice."
1003,Jharkhand,High Bp,Breakfast,"Mitha Pitha (Low Salt, Measured Serve)",161,4,27,4,2,High,Low,Low,"Rice, Sesame","rice flour,jaggery,sesame",Vegan,,Prepare the mitha pitha with no added salt or only a very small amount. Use fresh spices and a light side to keep sodium intake low.,Gentle walking and breathing exercises,"Avoid added salt, pickles, and salted chutneys. Keep the recipe fully plant-based and avoid ghee or dairy. Common allergens: rice."
1004,Jharkhand,High Bp,Breakfast,"Sattu Paratha (No Salt, Measured Serve)",195,8,25,6,5,Low,Low,Low,"Gluten, Legumes, Mustard","whole wheat flour,sattu,spices,mustard oil",Vegan,,Prepare the sattu paratha with no added salt or only a very small amount. Use fresh spices and a light side to keep sodium intake low.,Gentle walking and breathing exercises,"Avoid added salt, pickles, and salted chutneys. Keep the recipe fully plant-based and avoid ghee or dairy. Common allergens: gluten,legumes."
1005,Jharkhand,High Bp,Breakfast,"Sattu Paratha (Steamed, Controlled Serve)",166,8,25,6,5,Medium,Low,Medium,"Gluten, Legumes, Mustard","whole wheat flour,sattu,spices,mustard oil",Vegan,,Prepare the sattu paratha with no added salt or only a very small amount. Use fresh spices and a light side to keep sodium intake low.,Gentle walking and breathing exercises,"Avoid added salt, pickles, and salted chutneys. Keep the recipe fully plant-based and avoid ghee or dairy. Common allergens: gluten,legumes."
1006,Jharkhand,High Bp,Breakfast,"Thekua (Herb Seasoned, Measured Serve)",159,3,22,6,2,Medium,Medium,Medium,"Gluten, Mustard, Sesame","whole wheat flour,jaggery,sesame,mustard oil",Vegan,,Prepare the thekua with no added salt or only a very small amount. Use fresh spices and a light side to keep sodium intake low.,Gentle walking and breathing exercises,"Avoid added salt, pickles, and salted chutneys. Keep the recipe fully plant-based and avoid ghee or dairy. Common allergens: gluten."
1007,Jharkhand,High Bp,Breakfast,"Thekua (No Salt, Controlled Serve)",154,3,22,6,2,High,Low,Low,"Gluten, Mustard, Sesame","whole wheat flour,jaggery,sesame,mustard oil",Vegan,,Prepare the thekua with no added salt or only a very small amount. Use fresh spices and a light side to keep sodium intake low.,Gentle walking and breathing exercises,"Avoid added salt, pickles, and salted chutneys. Keep the recipe fully plant-based and avoid ghee or dairy. Common allergens: gluten."
1008,Jharkhand,High Bp,Breakfast,"Til Barfi (Low Salt, Controlled Serve)",130,4,16,7,2,High,Low,Low,"Mustard, Nuts, Sesame","sesame,jaggery,mustard oil",Vegan,,Prepare the til barfi with no added salt or only a very small amount. Use fresh spices and a light side to keep sodium intake low.,Gentle walking and breathing exercises,"Avoid added salt, pickles, and salted chutneys. Keep the recipe fully plant-based and avoid ghee or dairy. Common allergens: sesame,nuts."
1009,Jharkhand,High Bp,Lunch,"Aloo Chokha (Steamed, Light Plate)",90,3,16,3,3,Medium,Low,Low,Mustard,"potato,onion,green chilli,mustard oil,spices",Vegetarian,,Prepare the aloo chokha with no added salt or only a very small amount. Use fresh spices and a light side to keep sodium intake low.,Gentle walking and breathing exercises,"Avoid added salt, pickles, and salted chutneys."
1010,Jharkhand,High Bp,Lunch,"Bamboo Shoot Sabzi (Steamed, Measured Serve)",62,3,8,2,4,Low,Low,Low,Mustard,"bamboo shoot,onion,garlic,mustard oil,spices",Vegetarian,,Prepare the bamboo shoot sabzi with no added salt or only a very small amount. Use fresh spices and a light side to keep sodium intake low.,Gentle walking and breathing exercises,"Avoid added salt, pickles, and salted chutneys."
1011,Jharkhand,High Bp,Lunch,"Bhaji Sag (No Salt, Small Portion)",75,4,11,2,4,Low,Low,Low,Mustard,"leafy greens,onion,garlic,mustard oil,spices",Vegetarian,,Prepare the bhaji sag with no added salt or only a very small amount. Use fresh spices and a light side to keep sodium intake low.,Gentle walking and breathing exercises,"Avoid added salt, pickles, and salted chutneys."
1012,Jharkhand,High Bp,Lunch,"Bhaji Sag (Steamed, Controlled Serve)",75,4,11,2,4,Medium,Low,Medium,Mustard,"leafy greens,onion,garlic,mustard oil,spices",Vegetarian,,Prepare the bhaji sag with no added salt or only a very small amount. Use fresh spices and a light side to keep sodium intake low.,Gentle walking and breathing exercises,"Avoid added salt, pickles, and salted chutneys."
1013,Jharkhand,High Bp,Lunch,"Dal Pitha (No Salt, Controlled Serve)",158,8,25,4,4,High,Low,Low,"Gluten, Legumes, Mustard","rice flour,urad dal,chana dal,spices,mustard oil",Vegetarian,,Prepare the dal pitha with no added salt or only a very small amount. Use fresh spices and a light side to keep sodium intake low.,Gentle walking and breathing exercises,"Avoid added salt, pickles, and salted chutneys. Common allergens: gluten,legumes."
1014,Jharkhand,High Bp,Lunch,"Dubki (Low Salt, Measured Serve)",132,6,16,3,5,Low,Low,Low,"Legumes, Mustard","chana dal/urad dal,spices,mustard oil,garlic",Vegetarian,,Prepare the dubki with no added salt or only a very small amount. Use fresh spices and a light side to keep sodium intake low.,Gentle walking and breathing exercises,"Avoid added salt, pickles, and salted chutneys. Common allergens: legumes."
1015,Jharkhand,High Bp,Lunch,"Khapada Roti (No Salt, Measured Serve)",150,5,25,3,4,Low,Low,Low,"Gluten, Mustard","whole wheat flour,mustard oil,water,spices",Vegetarian,,Prepare the khapada roti with no added salt or only a very small amount. Use fresh spices and a light side to keep sodium intake low.,Gentle walking and breathing exercises,"Avoid added salt, pickles, and salted chutneys. Common allergens: gluten."
1016,Jharkhand,High Bp,Lunch,"Koinar Sag (Low Salt, Small Portion)",68,4,9,2,4,Low,Low,Low,Mustard,"koinar leaves,onion,garlic,mustard oil,spices",Vegetarian,,Prepare the koinar sag with no added salt or only a very small amount. Use fresh spices and a light side to keep sodium intake low.,Gentle walking and breathing exercises,"Avoid added salt, pickles, and salted chutneys."
1017,Jharkhand,High Bp,Lunch,"Kudurum Ki Chatni (No Salt, Light Plate)",35,1,5,1,2,Low,Low,Low,Mustard,"kudurum berries,green chilli,garlic,salt,mustard oil",Vegetarian,,Prepare the kudurum ki chatni with no added salt or only a very small amount. Use fresh spices and a light side to keep sodium intake low.,Gentle walking and breathing exercises,"Avoid added salt, pickles, and salted chutneys."
1018,Jharkhand,High Bp,Lunch,"Kurthi Dal (Low Salt, Controlled Serve)",131,9,18,4,7,Low,Low,Low,"Legumes, Mustard","kurthi dal,garlic,ginger,cumin,mustard oil",Vegetarian,,Prepare the kurthi dal with no added salt or only a very small amount. Use fresh spices and a light side to keep sodium intake low.,Gentle walking and breathing exercises,"Avoid added salt, pickles, and salted chutneys. Common allergens: legumes."
1019,Jharkhand,High Bp,Lunch,"Rugdha (Seasonal, Local Style)",71,5,7,3,3,Low,Low,Low,Mustard,"rugdha mushroom,onion,garlic,mustard oil,spices",Vegetarian,,Prepare the rugdha with no added salt or only a very small amount. Use fresh spices and a light side to keep sodium intake low.,Gentle walking and breathing exercises,"Avoid added salt, pickles, and salted chutneys."
1020,Jharkhand,High Bp,Lunch,"Udad Dal (Low Salt, Light Plate)",135,10,16,4,6,Low,Low,Low,"Legumes, Mustard","urad dal,ginger,garlic,cumin,mustard oil",Vegetarian,,Prepare the udad dal with no added salt or only a very small amount. Use fresh spices and a light side to keep sodium intake low.,Gentle walking and breathing exercises,"Avoid added salt, pickles, and salted chutneys. Common allergens: legumes."
1021,Jharkhand,High Bp,Lunch,Unsalted Gondli Rice + Rugra Sabzi + Beng Saag,550,20,80,16,11,Medium,Low,Low,Safe,"Little Millet, Mushroom, Beng Leaves",Vegetarian,,Use garlic and green chilies heavily to mask the lack of salt.,Breathing exercises,Monitor BP daily
1022,Jharkhand,High Bp,Lunch,Unsalted Makai Roti + Urad Dal + Ol Sabzi,550,20,80,16,12,Medium,Low,Low,Safe,"Cornmeal, Black Gram, Elephant Foot Yam",Vegetarian,,"Yam helps with potassium, balancing BP.",Breathing exercises,Monitor BP daily
1023,Jharkhand,High Bp,Lunch,Unsalted Marua Roti + Chana Dal + Koinar Saag,550,20,80,16,14,Low,Low,Low,Safe,"Finger Millet, Bengal Gram, Koinar Leaves",Vegetarian,,Zero salt in dal or saag.,Breathing exercises,Monitor BP daily
1024,Jharkhand,High Bp,Lunch,Unsalted Usna Rice + Kurthi Dal + Munga Saag,550,20,80,16,12,Medium,Low,Low,Safe,"Parboiled Rice, Horsegram, Drumstick Leaves",Vegetarian,,Boil everything plainly. Drumstick leaves are excellent for hypertension.,Breathing exercises,Monitor BP daily
1025,Jharkhand,High Bp,Lunch,"Aloo Chokha (Low Salt, Controlled Serve)",90,3,16,3,3,Low,Low,Low,Mustard,"potato,onion,green chilli,mustard oil,spices,chicken,spices",Non-Vegetarian,Chicken,Use minimal salt and keep the spice base fresh. Serve the aloo chokha with unsalted roti or vegetables and avoid pickles or salted sides.,Gentle walking and breathing exercises,"Avoid added salt, pickles, and salted chutneys. Trim visible fat and keep portions moderate."
1026,Jharkhand,High Bp,Lunch,"Aloo Chokha (No Salt, Measured Serve)",106,3,16,3,3,Low,Low,Low,Mustard,"potato,onion,green chilli,mustard oil,spices,chicken,spices",Non-Vegetarian,Chicken,Use minimal salt and keep the spice base fresh. Serve the aloo chokha with unsalted roti or vegetables and avoid pickles or salted sides.,Gentle walking and breathing exercises,"Avoid added salt, pickles, and salted chutneys. Trim visible fat and keep portions moderate."
1027,Jharkhand,High Bp,Lunch,"Chilka Roti (Steamed, Controlled Serve)",120,5,20,4,3,Medium,Low,Medium,"Legumes, Mustard","rice flour,besan,spices,mustard oil,chicken,spices",Non-Vegetarian,Chicken,Use minimal salt and keep the spice base fresh. Serve the chilka roti with unsalted roti or vegetables and avoid pickles or salted sides.,Gentle walking and breathing exercises,"Avoid added salt, pickles, and salted chutneys. Trim visible fat and keep portions moderate. Common allergens: legumes."
1028,Jharkhand,High Bp,Lunch,"Chilka Roti (Tender, Daily Serve)",141,5,20,4,3,High,Low,Low,"Legumes, Mustard","rice flour,besan,spices,mustard oil,chicken,spices",Non-Vegetarian,Chicken,Use minimal salt and keep the spice base fresh. Serve the chilka roti with unsalted roti or vegetables and avoid pickles or salted sides.,Gentle walking and breathing exercises,"Avoid added salt, pickles, and salted chutneys. Trim visible fat and keep portions moderate. Common allergens: legumes."
1029,Jharkhand,High Bp,Lunch,"Desi Chicken Curry (No Salt, Light Plate)",188,25,4,10,0,Low,Low,Low,Mustard,"chicken,onion,garlic,ginger,spices,mustard oil",Non-Vegetarian,Chicken,Use minimal salt and keep the spice base fresh. Serve the desi chicken curry with unsalted roti or vegetables and avoid pickles or salted sides.,Gentle walking and breathing exercises,"Avoid added salt, pickles, and salted chutneys. Trim visible fat and keep portions moderate."
1030,Jharkhand,High Bp,Lunch,"Desi Chicken Curry (Steamed, Small Portion)",188,25,4,10,0,Low,Low,Low,Mustard,"chicken,onion,garlic,ginger,spices,mustard oil",Non-Vegetarian,Chicken,Use minimal salt and keep the spice base fresh. Serve the desi chicken curry with unsalted roti or vegetables and avoid pickles or salted sides.,Gentle walking and breathing exercises,"Avoid added salt, pickles, and salted chutneys. Trim visible fat and keep portions moderate."
1031,Jharkhand,High Bp,Lunch,"Goat Meat Gravy (No Salt, Controlled Serve)",225,25,4,14,0,Low,Low,Low,Mustard,"goat meat,onion,garlic,ginger,spices,mustard oil",Non-Vegetarian,Mutton,Use minimal salt and keep the spice base fresh. Serve the goat meat gravy with unsalted roti or vegetables and avoid pickles or salted sides.,Gentle walking and breathing exercises,"Avoid added salt, pickles, and salted chutneys. Trim visible fat and keep portions moderate."
1032,Jharkhand,High Bp,Lunch,"Goat Meat Gravy (Steamed, Measured Serve)",265,25,4,14,0,Low,Low,Low,Mustard,"goat meat,onion,garlic,ginger,spices,mustard oil",Non-Vegetarian,Mutton,Use minimal salt and keep the spice base fresh. Serve the goat meat gravy with unsalted roti or vegetables and avoid pickles or salted sides.,Gentle walking and breathing exercises,"Avoid added salt, pickles, and salted chutneys. Trim visible fat and keep portions moderate."
1033,Jharkhand,High Bp,Lunch,"Khapada Roti (Classic, House Style)",133,5,25,3,4,Medium,Medium,Medium,"Gluten, Mustard","whole wheat flour,mustard oil,water,spices,goat meat,spices",Non-Vegetarian,Mutton,Use minimal salt and keep the spice base fresh. Serve the khapada roti with unsalted roti or vegetables and avoid pickles or salted sides.,Gentle walking and breathing exercises,"Avoid added salt, pickles, and salted chutneys. Trim visible fat and keep portions moderate. Common allergens: gluten."
1034,Jharkhand,High Bp,Lunch,"Khapada Roti (Low Salt, Light Plate)",128,5,25,3,4,Low,Low,Low,"Gluten, Mustard","whole wheat flour,mustard oil,water,spices,goat meat,spices",Non-Vegetarian,Mutton,Use minimal salt and keep the spice base fresh. Serve the khapada roti with unsalted roti or vegetables and avoid pickles or salted sides.,Gentle walking and breathing exercises,"Avoid added salt, pickles, and salted chutneys. Trim visible fat and keep portions moderate. Common allergens: gluten."
1035,Jharkhand,High Bp,Lunch,"Khapada Roti (No Salt, Small Portion)",128,5,25,3,4,Low,Low,Low,"Gluten, Mustard","whole wheat flour,mustard oil,water,spices,goat meat,spices",Non-Vegetarian,Mutton,Use minimal salt and keep the spice base fresh. Serve the khapada roti with unsalted roti or vegetables and avoid pickles or salted sides.,Gentle walking and breathing exercises,"Avoid added salt, pickles, and salted chutneys. Trim visible fat and keep portions moderate. Common allergens: gluten."
1036,Jharkhand,High Bp,Lunch,"Litti-Chokha (Classic, House Style)",180,8,27,6,5,Low,Low,Low,"Gluten, Mustard","whole wheat flour,sattu,mustard oil,brinjal,tomato,potato,spices,chicken,spices",Non-Vegetarian,Chicken,Use minimal salt and keep the spice base fresh. Serve the litti-chokha with unsalted roti or vegetables and avoid pickles or salted sides.,Gentle walking and breathing exercises,"Avoid added salt, pickles, and salted chutneys. Trim visible fat and keep portions moderate. Common allergens: gluten."
1037,Jharkhand,High Bp,Lunch,"Litti-Chokha (Rustic, House Style)",180,8,27,6,5,Medium,Low,Low,"Gluten, Mustard","whole wheat flour,sattu,mustard oil,brinjal,tomato,potato,spices,chicken,spices",Non-Vegetarian,Chicken,Use minimal salt and keep the spice base fresh. Serve the litti-chokha with unsalted roti or vegetables and avoid pickles or salted sides.,Gentle walking and breathing exercises,"Avoid added salt, pickles, and salted chutneys. Trim visible fat and keep portions moderate. Common allergens: gluten."
1038,Jharkhand,High Bp,Lunch,Unsalted Gondli Rice + Mutton (Lean) Jhor + Putu,550,20,80,16,10,Medium,Low,Low,Safe,"Little Millet, Lean Mutton, Mushroom",Non-Vegetarian,Mutton,Zero salt. Use pepper for spice.,Breathing exercises,Monitor BP daily
1039,Jharkhand,High Bp,Lunch,Unsalted Usna Rice + Rohu Fish (Steamed) + Parwal,550,20,80,16,10,Medium,Low,Low,Fish,"Parboiled Rice, Rohu Fish, Pointed Gourd",Non-Vegetarian,Fish,"Steam fish with mustard paste, avoid salt entirely.",Breathing exercises,Monitor BP daily
1040,Jharkhand,High Bp,Lunch,Unsalted Wheat Roti + Desi Murgh Broth + Kohnda,550,20,80,16,9,Medium,Low,Low,Gluten,"Wheat, Chicken, Pumpkin",Non-Vegetarian,Chicken,Use lemon and herbs in the chicken broth.,Breathing exercises,Monitor BP daily
1041,Jharkhand,High Bp,Lunch,"Aloo Chokha (Steamed, Small Portion)",90,3,16,3,3,Low,Low,Low,Mustard,"potato,onion,green chilli,mustard oil,spices",Vegan,,Prepare the aloo chokha with no added salt or only a very small amount. Use fresh spices and a light side to keep sodium intake low.,Gentle walking and breathing exercises,"Avoid added salt, pickles, and salted chutneys. Keep the recipe fully plant-based and avoid ghee or dairy."
1042,Jharkhand,High Bp,Lunch,"Bamboo Shoot Sabzi (Low Salt, Controlled Serve)",64,3,8,2,4,Low,Low,Low,Mustard,"bamboo shoot,onion,garlic,mustard oil,spices",Vegan,,Prepare the bamboo shoot sabzi with no added salt or only a very small amount. Use fresh spices and a light side to keep sodium intake low.,Gentle walking and breathing exercises,"Avoid added salt, pickles, and salted chutneys. Keep the recipe fully plant-based and avoid ghee or dairy."
1043,Jharkhand,High Bp,Lunch,"Bhaji Sag (Steamed, Measured Serve)",88,4,11,2,4,Low,Low,Low,Mustard,"leafy greens,onion,garlic,mustard oil,spices",Vegan,,Prepare the bhaji sag with no added salt or only a very small amount. Use fresh spices and a light side to keep sodium intake low.,Gentle walking and breathing exercises,"Avoid added salt, pickles, and salted chutneys. Keep the recipe fully plant-based and avoid ghee or dairy."
1044,Jharkhand,High Bp,Lunch,"Dal Pitha (Herb Seasoned, Small Portion)",164,8,25,4,4,Medium,Medium,Medium,"Gluten, Legumes, Mustard","rice flour,urad dal,chana dal,spices,mustard oil",Vegan,,Prepare the dal pitha with no added salt or only a very small amount. Use fresh spices and a light side to keep sodium intake low.,Gentle walking and breathing exercises,"Avoid added salt, pickles, and salted chutneys. Keep the recipe fully plant-based and avoid ghee or dairy. Common allergens: gluten,legumes."
1045,Jharkhand,High Bp,Lunch,"Dal Pitha (No Salt, Measured Serve)",185,8,25,4,4,High,Low,Low,"Gluten, Legumes, Mustard","rice flour,urad dal,chana dal,spices,mustard oil",Vegan,,Prepare the dal pitha with no added salt or only a very small amount. Use fresh spices and a light side to keep sodium intake low.,Gentle walking and breathing exercises,"Avoid added salt, pickles, and salted chutneys. Keep the recipe fully plant-based and avoid ghee or dairy. Common allergens: gluten,legumes."
1046,Jharkhand,High Bp,Lunch,"Dubki (Herb Seasoned, Light Plate)",117,6,16,3,5,Low,Medium,Medium,"Legumes, Mustard","chana dal/urad dal,spices,mustard oil,garlic",Vegan,,Prepare the dubki with no added salt or only a very small amount. Use fresh spices and a light side to keep sodium intake low.,Gentle walking and breathing exercises,"Avoid added salt, pickles, and salted chutneys. Keep the recipe fully plant-based and avoid ghee or dairy. Common allergens: legumes."
1047,Jharkhand,High Bp,Lunch,"Dubki (No Salt, Controlled Serve)",113,6,16,3,5,Low,Low,Low,"Legumes, Mustard","chana dal/urad dal,spices,mustard oil,garlic",Vegan,,Prepare the dubki with no added salt or only a very small amount. Use fresh spices and a light side to keep sodium intake low.,Gentle walking and breathing exercises,"Avoid added salt, pickles, and salted chutneys. Keep the recipe fully plant-based and avoid ghee or dairy. Common allergens: legumes."
1048,Jharkhand,High Bp,Lunch,"Khapada Roti (Steamed, Light Plate)",128,5,25,3,4,Medium,Low,Low,"Gluten, Mustard","whole wheat flour,mustard oil,water,spices",Vegan,,Prepare the khapada roti with no added salt or only a very small amount. Use fresh spices and a light side to keep sodium intake low.,Gentle walking and breathing exercises,"Avoid added salt, pickles, and salted chutneys. Keep the recipe fully plant-based and avoid ghee or dairy. Common allergens: gluten."
1049,Jharkhand,High Bp,Lunch,"Koinar Sag (Herb Seasoned, Measured Serve)",70,4,9,2,4,Medium,Medium,Medium,Mustard,"koinar leaves,onion,garlic,mustard oil,spices",Vegan,,Prepare the koinar sag with no added salt or only a very small amount. Use fresh spices and a light side to keep sodium intake low.,Gentle walking and breathing exercises,"Avoid added salt, pickles, and salted chutneys. Keep the recipe fully plant-based and avoid ghee or dairy."
1050,Jharkhand,High Bp,Lunch,"Koinar Sag (No Salt, Light Plate)",68,4,9,2,4,Low,Low,Low,Mustard,"koinar leaves,onion,garlic,mustard oil,spices",Vegan,,Prepare the koinar sag with no added salt or only a very small amount. Use fresh spices and a light side to keep sodium intake low.,Gentle walking and breathing exercises,"Avoid added salt, pickles, and salted chutneys. Keep the recipe fully plant-based and avoid ghee or dairy."
1051,Jharkhand,High Bp,Lunch,"Kudurum Ki Chatni (No Salt, Small Portion)",35,1,5,1,2,Low,Low,Low,Mustard,"kudurum berries,green chilli,garlic,salt,mustard oil",Vegan,,Prepare the kudurum ki chatni with no added salt or only a very small amount. Use fresh spices and a light side to keep sodium intake low.,Gentle walking and breathing exercises,"Avoid added salt, pickles, and salted chutneys. Keep the recipe fully plant-based and avoid ghee or dairy."
1052,Jharkhand,High Bp,Lunch,"Kudurum Ki Chatni (Steamed, Controlled Serve)",35,1,5,1,2,Medium,Low,Medium,Mustard,"kudurum berries,green chilli,garlic,salt,mustard oil",Vegan,,Prepare the kudurum ki chatni with no added salt or only a very small amount. Use fresh spices and a light side to keep sodium intake low.,Gentle walking and breathing exercises,"Avoid added salt, pickles, and salted chutneys. Keep the recipe fully plant-based and avoid ghee or dairy."
1053,Jharkhand,High Bp,Lunch,"Kurthi Dal (Low Salt, Measured Serve)",155,9,18,4,7,Low,Low,Low,"Legumes, Mustard","kurthi dal,garlic,ginger,cumin,mustard oil",Vegan,,Prepare the kurthi dal with no added salt or only a very small amount. Use fresh spices and a light side to keep sodium intake low.,Gentle walking and breathing exercises,"Avoid added salt, pickles, and salted chutneys. Keep the recipe fully plant-based and avoid ghee or dairy. Common allergens: legumes."
1054,Jharkhand,High Bp,Lunch,"Rugdha (Low Salt, Light Plate)",71,5,7,3,3,Low,Low,Low,Mustard,"rugdha mushroom,onion,garlic,mustard oil,spices",Vegan,,Prepare the rugdha with no added salt or only a very small amount. Use fresh spices and a light side to keep sodium intake low.,Gentle walking and breathing exercises,"Avoid added salt, pickles, and salted chutneys. Keep the recipe fully plant-based and avoid ghee or dairy."
1055,Jharkhand,High Bp,Lunch,"Udad Dal (Herb Seasoned, Controlled Serve)",141,10,16,5,6,Low,High,High,"Legumes, Mustard","urad dal,ginger,garlic,cumin,mustard oil",Vegan,,Prepare the udad dal with no added salt or only a very small amount. Use fresh spices and a light side to keep sodium intake low.,Gentle walking and breathing exercises,"Avoid added salt, pickles, and salted chutneys. Keep the recipe fully plant-based and avoid ghee or dairy. Common allergens: legumes."
1056,Jharkhand,High Bp,Lunch,"Udad Dal (Low Salt, Small Portion)",135,10,16,4,6,Low,Low,Low,"Legumes, Mustard","urad dal,ginger,garlic,cumin,mustard oil",Vegan,,Prepare the udad dal with no added salt or only a very small amount. Use fresh spices and a light side to keep sodium intake low.,Gentle walking and breathing exercises,"Avoid added salt, pickles, and salted chutneys. Keep the recipe fully plant-based and avoid ghee or dairy. Common allergens: legumes."
1057,Jharkhand,High Bp,Snack,"Arsa (No Salt, Small Portion)",148,3,25,4,1,High,Low,Low,"Mustard, Rice, Sesame","rice flour,jaggery,sesame,mustard oil",Vegetarian,,Prepare the arsa with no added salt or only a very small amount. Use fresh spices and a light side to keep sodium intake low.,Gentle walking and breathing exercises,"Avoid added salt, pickles, and salted chutneys. Common allergens: rice."
1058,Jharkhand,High Bp,Snack,"Arsa (Steamed, Small Portion)",148,3,25,4,1,High,Low,Low,"Mustard, Rice, Sesame","rice flour,jaggery,sesame,mustard oil",Vegetarian,,Prepare the arsa with no added salt or only a very small amount. Use fresh spices and a light side to keep sodium intake low.,Gentle walking and breathing exercises,"Avoid added salt, pickles, and salted chutneys. Common allergens: rice."
1059,Jharkhand,High Bp,Snack,Boiled Sweet Potato (Kanda),150,5,25,3,5,Medium,Low,Low,Safe,Sweet Potato,Vegetarian,,High potassium helps lower BP.,10 mins stretching,Avoid commercial snacks
1060,Jharkhand,High Bp,Snack,"Chana Dal Puri (Mild, Daily Serve)",182,7,25,6,4,Low,Low,Low,"Gluten, Legumes, Mustard","whole wheat flour,chana dal,spices,mustard oil",Vegetarian,,Prepare the chana dal puri with no added salt or only a very small amount. Use fresh spices and a light side to keep sodium intake low.,Gentle walking and breathing exercises,"Avoid added salt, pickles, and salted chutneys. Common allergens: gluten,legumes."
1061,Jharkhand,High Bp,Snack,Cucumber Slices,150,5,25,3,5,Low,Low,Low,Safe,Cucumber,Vegetarian,,"Serve raw, zero salt.",10 mins stretching,Avoid commercial snacks
1062,Jharkhand,High Bp,Snack,"Dhuska (No Salt, Light Plate)",166,6,22,6,3,High,Low,Low,"Legumes, Mustard, Rice","rice flour,urad dal,spices,mustard oil",Vegetarian,,Prepare the dhuska with no added salt or only a very small amount. Use fresh spices and a light side to keep sodium intake low.,Gentle walking and breathing exercises,"Avoid added salt, pickles, and salted chutneys. Common allergens: rice,legumes."
1063,Jharkhand,High Bp,Snack,Fresh Guava,150,5,25,3,7,Low,Low,Low,Safe,Guava,Vegetarian,,Do not sprinkle salt or chaat masala.,10 mins stretching,Avoid commercial snacks
1064,Jharkhand,High Bp,Snack,"Khaja (Low Salt, Controlled Serve)",174,3,27,6,1,High,Low,Low,"Gluten, Mustard, Sesame","refined flour,jaggery,sugar,sesame,mustard oil",Vegetarian,,Prepare the khaja with no added salt or only a very small amount. Use fresh spices and a light side to keep sodium intake low.,Gentle walking and breathing exercises,"Avoid added salt, pickles, and salted chutneys. Common allergens: gluten."
1065,Jharkhand,High Bp,Snack,"Litti-Chokha (Low Salt, Measured Serve)",180,8,27,6,5,Low,Low,Low,"Gluten, Mustard","whole wheat flour,sattu,mustard oil,brinjal,tomato,potato,spices",Vegetarian,,Prepare the litti-chokha with no added salt or only a very small amount. Use fresh spices and a light side to keep sodium intake low.,Gentle walking and breathing exercises,"Avoid added salt, pickles, and salted chutneys. Common allergens: gluten."
1066,Jharkhand,High Bp,Snack,"Mitha Pitha (No Salt, Measured Serve)",143,4,27,4,2,High,Low,Low,"Rice, Sesame","rice flour,jaggery,coconut,sesame",Vegetarian,,Prepare the mitha pitha with no added salt or only a very small amount. Use fresh spices and a light side to keep sodium intake low.,Gentle walking and breathing exercises,"Avoid added salt, pickles, and salted chutneys. Common allergens: rice."
1067,Jharkhand,High Bp,Snack,"Thekua (Low Salt, Light Plate)",154,3,22,6,2,High,Low,Low,"Gluten, Mustard, Sesame","whole wheat flour,jaggery,sesame,mustard oil",Vegetarian,,Prepare the thekua with no added salt or only a very small amount. Use fresh spices and a light side to keep sodium intake low.,Gentle walking and breathing exercises,"Avoid added salt, pickles, and salted chutneys. Common allergens: gluten."
1068,Jharkhand,High Bp,Snack,"Til Barfi (No Salt, Controlled Serve)",143,4,16,7,2,High,Low,Low,"Dairy, Nuts, Sesame","sesame,jaggery,ghee",Vegetarian,,Prepare the til barfi with no added salt or only a very small amount. Use fresh spices and a light side to keep sodium intake low.,Gentle walking and breathing exercises,"Avoid added salt, pickles, and salted chutneys. Common allergens: sesame,nuts."
1069,Jharkhand,High Bp,Snack,Unsalted Mudhi (Puffed Rice),150,5,25,3,2,Medium,Low,Low,Safe,Puffed Rice,Vegetarian,,Eat plain.,10 mins stretching,Avoid commercial snacks
1070,Jharkhand,High Bp,Snack,Unsalted Roasted Chana,150,5,25,3,6,Low,Low,Low,Safe,Black Chickpeas,Vegetarian,,Ensure sand-roasted chana has no salt added.,10 mins stretching,Avoid commercial snacks
1071,Jharkhand,High Bp,Snack,Unsalted Roasted Makai,150,5,25,3,4,Medium,Low,Low,Safe,Corn,Vegetarian,,Roast plain and rub with lemon only.,10 mins stretching,Avoid commercial snacks
1072,Jharkhand,High Bp,Snack,Unsalted Sattu Water,150,5,25,3,4,Low,Low,Low,Safe,Sattu,Vegetarian,,Drink plain with lemon.,10 mins stretching,Avoid commercial snacks
1073,Jharkhand,High Bp,Snack,"Chilka Roti (Low Salt, Controlled Serve)",136,5,20,4,3,High,Low,Low,"Legumes, Mustard","rice flour,besan,spices,mustard oil,chicken,spices",Non-Vegetarian,Chicken,Use minimal salt and keep the spice base fresh. Serve the chilka roti with unsalted roti or vegetables and avoid pickles or salted sides.,Gentle walking and breathing exercises,"Avoid added salt, pickles, and salted chutneys. Trim visible fat and keep portions moderate. Common allergens: legumes."
1074,Jharkhand,High Bp,Snack,"Chilka Roti (Mild, Single Plate)",136,5,20,4,3,Medium,Low,Medium,"Legumes, Mustard","rice flour,besan,spices,mustard oil,chicken,spices",Non-Vegetarian,Chicken,Use minimal salt and keep the spice base fresh. Serve the chilka roti with unsalted roti or vegetables and avoid pickles or salted sides.,Gentle walking and breathing exercises,"Avoid added salt, pickles, and salted chutneys. Trim visible fat and keep portions moderate. Common allergens: legumes."
1075,Jharkhand,High Bp,Snack,"Chilka Roti (No Salt, Controlled Serve)",136,5,20,4,3,High,Low,Low,"Legumes, Mustard","rice flour,besan,spices,mustard oil,chicken,spices",Non-Vegetarian,Chicken,Use minimal salt and keep the spice base fresh. Serve the chilka roti with unsalted roti or vegetables and avoid pickles or salted sides.,Gentle walking and breathing exercises,"Avoid added salt, pickles, and salted chutneys. Trim visible fat and keep portions moderate. Common allergens: legumes."
1076,Jharkhand,High Bp,Snack,"Chilka Roti (Rustic, Single Plate)",136,5,20,4,3,High,High,High,"Legumes, Mustard","rice flour,besan,spices,mustard oil,chicken,spices",Non-Vegetarian,Chicken,Use minimal salt and keep the spice base fresh. Serve the chilka roti with unsalted roti or vegetables and avoid pickles or salted sides.,Gentle walking and breathing exercises,"Avoid added salt, pickles, and salted chutneys. Trim visible fat and keep portions moderate. Common allergens: legumes."
1077,Jharkhand,High Bp,Snack,"Dhuska (Fresh, Local Style)",166,6,22,6,3,High,Low,Low,"Legumes, Mustard, Rice","rice flour,urad dal,spices,mustard oil,chicken,spices",Non-Vegetarian,Chicken,Use minimal salt and keep the spice base fresh. Serve the dhuska with unsalted roti or vegetables and avoid pickles or salted sides.,Gentle walking and breathing exercises,"Avoid added salt, pickles, and salted chutneys. Trim visible fat and keep portions moderate. Common allergens: rice,legumes."
1078,Jharkhand,High Bp,Snack,"Dhuska (Herb Seasoned, Light Plate)",166,6,22,6,3,Low,Medium,Medium,"Legumes, Mustard, Rice","rice flour,urad dal,spices,mustard oil,chicken,spices",Non-Vegetarian,Chicken,Use minimal salt and keep the spice base fresh. Serve the dhuska with unsalted roti or vegetables and avoid pickles or salted sides.,Gentle walking and breathing exercises,"Avoid added salt, pickles, and salted chutneys. Trim visible fat and keep portions moderate. Common allergens: rice,legumes."
1079,Jharkhand,High Bp,Snack,"Dhuska (Steamed, Light Plate)",166,6,22,6,3,Medium,Low,Low,"Legumes, Mustard, Rice","rice flour,urad dal,spices,mustard oil,chicken,spices",Non-Vegetarian,Chicken,Use minimal salt and keep the spice base fresh. Serve the dhuska with unsalted roti or vegetables and avoid pickles or salted sides.,Gentle walking and breathing exercises,"Avoid added salt, pickles, and salted chutneys. Trim visible fat and keep portions moderate. Common allergens: rice,legumes."
1080,Jharkhand,High Bp,Snack,"Dhuska (Tender, Local Style)",166,6,22,6,3,High,Low,Low,"Legumes, Mustard, Rice","rice flour,urad dal,spices,mustard oil,chicken,spices",Non-Vegetarian,Chicken,Use minimal salt and keep the spice base fresh. Serve the dhuska with unsalted roti or vegetables and avoid pickles or salted sides.,Gentle walking and breathing exercises,"Avoid added salt, pickles, and salted chutneys. Trim visible fat and keep portions moderate. Common allergens: rice,legumes."
1081,Jharkhand,High Bp,Snack,"Khapada Roti (Low Salt, Small Portion)",147,5,25,3,4,Low,Low,Low,"Gluten, Mustard","whole wheat flour,mustard oil,water,spices,goat meat,spices",Non-Vegetarian,Mutton,Use minimal salt and keep the spice base fresh. Serve the khapada roti with unsalted roti or vegetables and avoid pickles or salted sides.,Gentle walking and breathing exercises,"Avoid added salt, pickles, and salted chutneys. Trim visible fat and keep portions moderate. Common allergens: gluten."
1082,Jharkhand,High Bp,Snack,"Khapada Roti (Seasonal, Local Style)",147,5,25,3,4,Medium,Medium,Medium,"Gluten, Mustard","whole wheat flour,mustard oil,water,spices,goat meat,spices",Non-Vegetarian,Mutton,Use minimal salt and keep the spice base fresh. Serve the khapada roti with unsalted roti or vegetables and avoid pickles or salted sides.,Gentle walking and breathing exercises,"Avoid added salt, pickles, and salted chutneys. Trim visible fat and keep portions moderate. Common allergens: gluten."
1083,Jharkhand,High Bp,Snack,"Khapada Roti (Simple, Local Style)",147,5,25,3,4,Low,Low,Low,"Gluten, Mustard","whole wheat flour,mustard oil,water,spices,goat meat,spices",Non-Vegetarian,Mutton,Use minimal salt and keep the spice base fresh. Serve the khapada roti with unsalted roti or vegetables and avoid pickles or salted sides.,Gentle walking and breathing exercises,"Avoid added salt, pickles, and salted chutneys. Trim visible fat and keep portions moderate. Common allergens: gluten."
1084,Jharkhand,High Bp,Snack,"Khapada Roti (Simple, Local Style)",147,5,25,3,4,Low,Low,Low,"Gluten, Mustard","whole wheat flour,mustard oil,water,spices,goat meat,spices",Non-Vegetarian,Mutton,Use minimal salt and keep the spice base fresh. Serve the khapada roti with unsalted roti or vegetables and avoid pickles or salted sides.,Gentle walking and breathing exercises,"Avoid added salt, pickles, and salted chutneys. Trim visible fat and keep portions moderate. Common allergens: gluten."
1085,Jharkhand,High Bp,Snack,"Litti-Chokha (Classic, Single Plate)",180,8,27,6,5,Low,Low,Low,"Gluten, Mustard","whole wheat flour,sattu,mustard oil,brinjal,tomato,potato,spices,chicken,spices",Non-Vegetarian,Chicken,Use minimal salt and keep the spice base fresh. Serve the litti-chokha with unsalted roti or vegetables and avoid pickles or salted sides.,Gentle walking and breathing exercises,"Avoid added salt, pickles, and salted chutneys. Trim visible fat and keep portions moderate. Common allergens: gluten."
1086,Jharkhand,High Bp,Snack,"Litti-Chokha (Herb Seasoned, Measured Serve)",188,8,27,6,5,Medium,Medium,Medium,"Gluten, Mustard","whole wheat flour,sattu,mustard oil,brinjal,tomato,potato,spices,chicken,spices",Non-Vegetarian,Chicken,Use minimal salt and keep the spice base fresh. Serve the litti-chokha with unsalted roti or vegetables and avoid pickles or salted sides.,Gentle walking and breathing exercises,"Avoid added salt, pickles, and salted chutneys. Trim visible fat and keep portions moderate. Common allergens: gluten."
1087,Jharkhand,High Bp,Snack,"Litti-Chokha (Light, Single Plate)",180,8,27,6,5,Low,Low,Low,"Gluten, Mustard","whole wheat flour,sattu,mustard oil,brinjal,tomato,potato,spices,chicken,spices",Non-Vegetarian,Chicken,Use minimal salt and keep the spice base fresh. Serve the litti-chokha with unsalted roti or vegetables and avoid pickles or salted sides.,Gentle walking and breathing exercises,"Avoid added salt, pickles, and salted chutneys. Trim visible fat and keep portions moderate. Common allergens: gluten."
1088,Jharkhand,High Bp,Snack,"Litti-Chokha (No Salt, Measured Serve)",180,8,27,6,5,Low,Low,Low,"Gluten, Mustard","whole wheat flour,sattu,mustard oil,brinjal,tomato,potato,spices,chicken,spices",Non-Vegetarian,Chicken,Use minimal salt and keep the spice base fresh. Serve the litti-chokha with unsalted roti or vegetables and avoid pickles or salted sides.,Gentle walking and breathing exercises,"Avoid added salt, pickles, and salted chutneys. Trim visible fat and keep portions moderate. Common allergens: gluten."
1089,Jharkhand,High Bp,Snack,"Arsa (Rustic, House Style)",148,3,25,4,1,High,Low,Low,"Mustard, Rice, Sesame","rice flour,jaggery,sesame,mustard oil",Vegan,,Prepare the arsa with no added salt or only a very small amount. Use fresh spices and a light side to keep sodium intake low.,Gentle walking and breathing exercises,"Avoid added salt, pickles, and salted chutneys. Keep the recipe fully plant-based and avoid ghee or dairy. Common allergens: rice."
1090,Jharkhand,High Bp,Snack,"Arsa (Rustic, House Style)",148,3,25,4,1,High,Medium,Medium,"Mustard, Rice, Sesame","rice flour,jaggery,sesame,mustard oil",Vegan,,Prepare the arsa with no added salt or only a very small amount. Use fresh spices and a light side to keep sodium intake low.,Gentle walking and breathing exercises,"Avoid added salt, pickles, and salted chutneys. Keep the recipe fully plant-based and avoid ghee or dairy. Common allergens: rice."
1091,Jharkhand,High Bp,Snack,"Chana Dal Puri (Mild, House Style)",182,7,25,6,4,Low,Low,Low,"Gluten, Legumes, Mustard","whole wheat flour,chana dal,spices,mustard oil",Vegan,,Prepare the chana dal puri with no added salt or only a very small amount. Use fresh spices and a light side to keep sodium intake low.,Gentle walking and breathing exercises,"Avoid added salt, pickles, and salted chutneys. Keep the recipe fully plant-based and avoid ghee or dairy. Common allergens: gluten,legumes."
1092,Jharkhand,High Bp,Snack,"Chana Dal Puri (Steamed, Light Plate)",182,7,25,6,4,Medium,Low,Low,"Gluten, Legumes, Mustard","whole wheat flour,chana dal,spices,mustard oil",Vegan,,Prepare the chana dal puri with no added salt or only a very small amount. Use fresh spices and a light side to keep sodium intake low.,Gentle walking and breathing exercises,"Avoid added salt, pickles, and salted chutneys. Keep the recipe fully plant-based and avoid ghee or dairy. Common allergens: gluten,legumes."
1093,Jharkhand,High Bp,Snack,"Dhuska (Classic, House Style)",166,6,22,6,3,High,Low,Low,"Legumes, Mustard, Rice","rice flour,urad dal,spices,mustard oil",Vegan,,Prepare the dhuska with no added salt or only a very small amount. Use fresh spices and a light side to keep sodium intake low.,Gentle walking and breathing exercises,"Avoid added salt, pickles, and salted chutneys. Keep the recipe fully plant-based and avoid ghee or dairy. Common allergens: rice,legumes."
1094,Jharkhand,High Bp,Snack,"Dhuska (Classic, House Style)",166,6,22,6,3,High,Low,Low,"Legumes, Mustard, Rice","rice flour,urad dal,spices,mustard oil",Vegan,,Prepare the dhuska with no added salt or only a very small amount. Use fresh spices and a light side to keep sodium intake low.,Gentle walking and breathing exercises,"Avoid added salt, pickles, and salted chutneys. Keep the recipe fully plant-based and avoid ghee or dairy. Common allergens: rice,legumes."
1095,Jharkhand,High Bp,Snack,"Khaja (Herb Seasoned, Measured Serve)",156,3,27,6,1,Medium,Medium,Medium,"Gluten, Mustard, Sesame","refined flour,jaggery,sugar,sesame,mustard oil",Vegan,,Prepare the khaja with no added salt or only a very small amount. Use fresh spices and a light side to keep sodium intake low.,Gentle walking and breathing exercises,"Avoid added salt, pickles, and salted chutneys. Keep the recipe fully plant-based and avoid ghee or dairy. Common allergens: gluten."
1096,Jharkhand,High Bp,Snack,"Khaja (Low Salt, Measured Serve)",150,3,27,6,1,High,Low,Low,"Gluten, Mustard, Sesame","refined flour,jaggery,sugar,sesame,mustard oil",Vegan,,Prepare the khaja with no added salt or only a very small amount. Use fresh spices and a light side to keep sodium intake low.,Gentle walking and breathing exercises,"Avoid added salt, pickles, and salted chutneys. Keep the recipe fully plant-based and avoid ghee or dairy. Common allergens: gluten."
1097,Jharkhand,High Bp,Snack,"Litti-Chokha (No Salt, Controlled Serve)",194,8,27,6,5,Low,Low,Low,"Gluten, Mustard","whole wheat flour,sattu,mustard oil,brinjal,tomato,potato,spices",Vegan,,Prepare the litti-chokha with no added salt or only a very small amount. Use fresh spices and a light side to keep sodium intake low.,Gentle walking and breathing exercises,"Avoid added salt, pickles, and salted chutneys. Keep the recipe fully plant-based and avoid ghee or dairy. Common allergens: gluten."
1098,Jharkhand,High Bp,Snack,"Litti-Chokha (Steamed, Controlled Serve)",194,8,27,6,5,Medium,Low,Medium,"Gluten, Mustard","whole wheat flour,sattu,mustard oil,brinjal,tomato,potato,spices",Vegan,,Prepare the litti-chokha with no added salt or only a very small amount. Use fresh spices and a light side to keep sodium intake low.,Gentle walking and breathing exercises,"Avoid added salt, pickles, and salted chutneys. Keep the recipe fully plant-based and avoid ghee or dairy. Common allergens: gluten."
1099,Jharkhand,High Bp,Snack,"Mitha Pitha (Simple, Daily Serve)",160,4,27,4,2,High,Low,Low,"Rice, Sesame","rice flour,jaggery,sesame",Vegan,,Prepare the mitha pitha with no added salt or only a very small amount. Use fresh spices and a light side to keep sodium intake low.,Gentle walking and breathing exercises,"Avoid added salt, pickles, and salted chutneys. Keep the recipe fully plant-based and avoid ghee or dairy. Common allergens: rice."
1100,Jharkhand,High Bp,Snack,"Mitha Pitha (Simple, Daily Serve)",160,4,27,4,2,High,High,High,"Rice, Sesame","rice flour,jaggery,sesame",Vegan,,Prepare the mitha pitha with no added salt or only a very small amount. Use fresh spices and a light side to keep sodium intake low.,Gentle walking and breathing exercises,"Avoid added salt, pickles, and salted chutneys. Keep the recipe fully plant-based and avoid ghee or dairy. Common allergens: rice."
1101,Jharkhand,High Bp,Snack,"Thekua (Herb Seasoned, Small Portion)",154,3,22,6,2,Medium,Medium,Medium,"Gluten, Mustard, Sesame","whole wheat flour,jaggery,sesame,mustard oil",Vegan,,Prepare the thekua with no added salt or only a very small amount. Use fresh spices and a light side to keep sodium intake low.,Gentle walking and breathing exercises,"Avoid added salt, pickles, and salted chutneys. Keep the recipe fully plant-based and avoid ghee or dairy. Common allergens: gluten."
1102,Jharkhand,High Bp,Snack,"Thekua (Low Salt, Small Portion)",154,3,22,6,2,High,Low,Low,"Gluten, Mustard, Sesame","whole wheat flour,jaggery,sesame,mustard oil",Vegan,,Prepare the thekua with no added salt or only a very small amount. Use fresh spices and a light side to keep sodium intake low.,Gentle walking and breathing exercises,"Avoid added salt, pickles, and salted chutneys. Keep the recipe fully plant-based and avoid ghee or dairy. Common allergens: gluten."
1103,Jharkhand,High Bp,Snack,"Til Barfi (No Salt, Measured Serve)",135,4,16,7,2,High,Low,Low,"Mustard, Nuts, Sesame","sesame,jaggery,mustard oil",Vegan,,Prepare the til barfi with no added salt or only a very small amount. Use fresh spices and a light side to keep sodium intake low.,Gentle walking and breathing exercises,"Avoid added salt, pickles, and salted chutneys. Keep the recipe fully plant-based and avoid ghee or dairy. Common allergens: sesame,nuts."
1104,Jharkhand,High Bp,Snack,"Til Barfi (Tender, Daily Serve)",135,4,16,7,2,High,Low,Low,"Mustard, Nuts, Sesame","sesame,jaggery,mustard oil",Vegan,,Prepare the til barfi with no added salt or only a very small amount. Use fresh spices and a light side to keep sodium intake low.,Gentle walking and breathing exercises,"Avoid added salt, pickles, and salted chutneys. Keep the recipe fully plant-based and avoid ghee or dairy. Common allergens: sesame,nuts."
1105,Jharkhand,High Bp,Dinner,"Aloo Chokha (Low Salt, Small Portion)",90,3,16,3,3,Low,Low,Low,Mustard,"potato,onion,green chilli,mustard oil,spices",Vegetarian,,Prepare the aloo chokha with no added salt or only a very small amount. Use fresh spices and a light side to keep sodium intake low.,Gentle walking and breathing exercises,"Avoid added salt, pickles, and salted chutneys."
1106,Jharkhand,High Bp,Dinner,"Bamboo Shoot Sabzi (No Salt, Controlled Serve)",64,3,8,2,4,Low,Low,Low,Mustard,"bamboo shoot,onion,garlic,mustard oil,spices",Vegetarian,,Prepare the bamboo shoot sabzi with no added salt or only a very small amount. Use fresh spices and a light side to keep sodium intake low.,Gentle walking and breathing exercises,"Avoid added salt, pickles, and salted chutneys."
1107,Jharkhand,High Bp,Dinner,"Bhaji Sag (Low Salt, Measured Serve)",88,4,11,2,4,Low,Low,Low,Mustard,"leafy greens,onion,garlic,mustard oil,spices",Vegetarian,,Prepare the bhaji sag with no added salt or only a very small amount. Use fresh spices and a light side to keep sodium intake low.,Gentle walking and breathing exercises,"Avoid added salt, pickles, and salted chutneys."
1108,Jharkhand,High Bp,Dinner,"Dal Pitha (Tender, Single Plate)",158,8,25,4,4,High,Low,Low,"Gluten, Legumes, Mustard","rice flour,urad dal,chana dal,spices,mustard oil",Vegetarian,,Prepare the dal pitha with no added salt or only a very small amount. Use fresh spices and a light side to keep sodium intake low.,Gentle walking and breathing exercises,"Avoid added salt, pickles, and salted chutneys. Common allergens: gluten,legumes."
1109,Jharkhand,High Bp,Dinner,"Khapada Roti (Simple, Single Plate)",128,5,25,3,4,Low,Low,Low,"Gluten, Mustard","whole wheat flour,mustard oil,water,spices",Vegetarian,,Prepare the khapada roti with no added salt or only a very small amount. Use fresh spices and a light side to keep sodium intake low.,Gentle walking and breathing exercises,"Avoid added salt, pickles, and salted chutneys. Common allergens: gluten."
1110,Jharkhand,High Bp,Dinner,"Kurthi Dal (No Salt, Measured Serve)",155,9,18,4,7,Low,Low,Low,"Legumes, Mustard","kurthi dal,garlic,ginger,cumin,mustard oil",Vegetarian,,Prepare the kurthi dal with no added salt or only a very small amount. Use fresh spices and a light side to keep sodium intake low.,Gentle walking and breathing exercises,"Avoid added salt, pickles, and salted chutneys. Common allergens: legumes."
1111,Jharkhand,High Bp,Dinner,"Litti-Chokha (Low Salt, Controlled Serve)",180,8,27,6,5,Low,Low,Low,"Gluten, Mustard","whole wheat flour,sattu,mustard oil,brinjal,tomato,potato,spices",Vegetarian,,Prepare the litti-chokha with no added salt or only a very small amount. Use fresh spices and a light side to keep sodium intake low.,Gentle walking and breathing exercises,"Avoid added salt, pickles, and salted chutneys. Common allergens: gluten."
1112,Jharkhand,High Bp,Dinner,"Rugdha (No Salt, Light Plate)",71,5,7,3,3,Low,Low,Low,Mustard,"rugdha mushroom,onion,garlic,mustard oil,spices",Vegetarian,,Prepare the rugdha with no added salt or only a very small amount. Use fresh spices and a light side to keep sodium intake low.,Gentle walking and breathing exercises,"Avoid added salt, pickles, and salted chutneys."
1113,Jharkhand,High Bp,Dinner,"Udad Dal (No Salt, Small Portion)",135,10,16,4,6,Low,Low,Low,"Legumes, Mustard","urad dal,ginger,garlic,cumin,mustard oil",Vegetarian,,Prepare the udad dal with no added salt or only a very small amount. Use fresh spices and a light side to keep sodium intake low.,Gentle walking and breathing exercises,"Avoid added salt, pickles, and salted chutneys. Common allergens: legumes."
1114,Jharkhand,High Bp,Dinner,Unsalted Chilka Roti + Rugra,450,20,65,12,9,Medium,Low,Low,Safe,"Rice, Mushroom",Vegetarian,,Cook mushroom with zero salt.,20 mins relaxing walk,Do not consume pickles with meal
1115,Jharkhand,High Bp,Dinner,Unsalted Dal Pitha,450,20,65,12,8,Medium,Low,Low,Safe,"Rice Flour, Urad Dal",Vegetarian,,Steam plain.,20 mins relaxing walk,Do not consume pickles with meal
1116,Jharkhand,High Bp,Dinner,Unsalted Gondli Rice + Ghugni,450,20,65,12,13,Medium,Low,Low,Safe,"Little Millet, Black Chickpeas",Vegetarian,,Use tomato and tamarind for flavor instead of salt.,20 mins relaxing walk,Do not consume pickles with meal
1117,Jharkhand,High Bp,Dinner,Unsalted Gondli Rice + Kurthi Dal,450,20,65,12,11,Medium,Low,Low,Safe,"Little Millet, Horsegram",Vegetarian,,Horsegram is excellent for flushing toxins.,20 mins relaxing walk,Do not consume pickles with meal
1118,Jharkhand,High Bp,Dinner,Unsalted Marua Roti + Lal Saag,450,20,65,12,12,Low,Low,Low,Safe,"Finger Millet, Red Amaranth",Vegetarian,,Cook saag plainly. Amaranth is great for cardiovascular health.,20 mins relaxing walk,Do not consume pickles with meal
1119,Jharkhand,High Bp,Dinner,Unsalted Usna Rice + Aloo Chokha,450,20,65,12,9,Medium,Low,Low,Safe,"Parboiled Rice, Potato",Vegetarian,,"Mash potato with onion and chili, no salt.",20 mins relaxing walk,Do not consume pickles with meal
1120,Jharkhand,High Bp,Dinner,Unsalted Wheat Roti + Parwal Sabzi,450,20,65,12,10,Medium,Low,Low,Gluten,"Wheat, Pointed Gourd",Vegetarian,,Sauté without salt.,20 mins relaxing walk,Do not consume pickles with meal
1121,Jharkhand,High Bp,Dinner,"Aloo Chokha (Herb Seasoned, Measured Serve)",110,3,16,3,3,Medium,Medium,Medium,Mustard,"potato,onion,green chilli,mustard oil,spices,chicken,spices",Non-Vegetarian,Chicken,Use minimal salt and keep the spice base fresh. Serve the aloo chokha with unsalted roti or vegetables and avoid pickles or salted sides.,Gentle walking and breathing exercises,"Avoid added salt, pickles, and salted chutneys. Trim visible fat and keep portions moderate."
1122,Jharkhand,High Bp,Dinner,"Aloo Chokha (Seasonal, House Style)",106,3,16,3,3,Low,Low,Low,Mustard,"potato,onion,green chilli,mustard oil,spices,chicken,spices",Non-Vegetarian,Chicken,Use minimal salt and keep the spice base fresh. Serve the aloo chokha with unsalted roti or vegetables and avoid pickles or salted sides.,Gentle walking and breathing exercises,"Avoid added salt, pickles, and salted chutneys. Trim visible fat and keep portions moderate."
1123,Jharkhand,High Bp,Dinner,"Aloo Chokha (Tender, House Style)",90,3,16,3,3,Low,Low,Low,Mustard,"potato,onion,green chilli,mustard oil,spices,chicken,spices",Non-Vegetarian,Chicken,Use minimal salt and keep the spice base fresh. Serve the aloo chokha with unsalted roti or vegetables and avoid pickles or salted sides.,Gentle walking and breathing exercises,"Avoid added salt, pickles, and salted chutneys. Trim visible fat and keep portions moderate."
1124,Jharkhand,High Bp,Dinner,"Chilka Roti (Fresh, House Style)",120,5,20,4,3,Medium,Low,Medium,"Legumes, Mustard","rice flour,besan,spices,mustard oil,chicken,spices",Non-Vegetarian,Chicken,Use minimal salt and keep the spice base fresh. Serve the chilka roti with unsalted roti or vegetables and avoid pickles or salted sides.,Gentle walking and breathing exercises,"Avoid added salt, pickles, and salted chutneys. Trim visible fat and keep portions moderate. Common allergens: legumes."
1125,Jharkhand,High Bp,Dinner,"Chilka Roti (Simple, House Style)",141,5,20,4,3,High,Low,Low,"Legumes, Mustard","rice flour,besan,spices,mustard oil,chicken,spices",Non-Vegetarian,Chicken,Use minimal salt and keep the spice base fresh. Serve the chilka roti with unsalted roti or vegetables and avoid pickles or salted sides.,Gentle walking and breathing exercises,"Avoid added salt, pickles, and salted chutneys. Trim visible fat and keep portions moderate. Common allergens: legumes."
1126,Jharkhand,High Bp,Dinner,"Desi Chicken Curry (Herb Seasoned, Light Plate)",196,25,4,11,0,High,Medium,Medium,Mustard,"chicken,onion,garlic,ginger,spices,mustard oil",Non-Vegetarian,Chicken,Use minimal salt and keep the spice base fresh. Serve the desi chicken curry with unsalted roti or vegetables and avoid pickles or salted sides.,Gentle walking and breathing exercises,"Avoid added salt, pickles, and salted chutneys. Trim visible fat and keep portions moderate."
1127,Jharkhand,High Bp,Dinner,"Desi Chicken Curry (Light, Daily Serve)",188,25,4,10,0,Low,Low,Low,Mustard,"chicken,onion,garlic,ginger,spices,mustard oil",Non-Vegetarian,Chicken,Use minimal salt and keep the spice base fresh. Serve the desi chicken curry with unsalted roti or vegetables and avoid pickles or salted sides.,Gentle walking and breathing exercises,"Avoid added salt, pickles, and salted chutneys. Trim visible fat and keep portions moderate."
1128,Jharkhand,High Bp,Dinner,"Desi Chicken Curry (Mild, Daily Serve)",188,25,4,10,0,Low,Low,Low,Mustard,"chicken,onion,garlic,ginger,spices,mustard oil",Non-Vegetarian,Chicken,Use minimal salt and keep the spice base fresh. Serve the desi chicken curry with unsalted roti or vegetables and avoid pickles or salted sides.,Gentle walking and breathing exercises,"Avoid added salt, pickles, and salted chutneys. Trim visible fat and keep portions moderate."
1129,Jharkhand,High Bp,Dinner,"Goat Meat Gravy (Fresh, House Style)",225,25,4,14,0,Low,Low,Low,Mustard,"goat meat,onion,garlic,ginger,spices,mustard oil",Non-Vegetarian,Mutton,Use minimal salt and keep the spice base fresh. Serve the goat meat gravy with unsalted roti or vegetables and avoid pickles or salted sides.,Gentle walking and breathing exercises,"Avoid added salt, pickles, and salted chutneys. Trim visible fat and keep portions moderate."
1130,Jharkhand,High Bp,Dinner,"Goat Meat Gravy (Herb Seasoned, Controlled Serve)",235,25,4,16,0,High,High,High,Mustard,"goat meat,onion,garlic,ginger,spices,mustard oil",Non-Vegetarian,Mutton,Use minimal salt and keep the spice base fresh. Serve the goat meat gravy with unsalted roti or vegetables and avoid pickles or salted sides.,Gentle walking and breathing exercises,"Avoid added salt, pickles, and salted chutneys. Trim visible fat and keep portions moderate."
1131,Jharkhand,High Bp,Dinner,"Goat Meat Gravy (Seasonal, House Style)",265,25,4,14,0,Low,Low,Low,Mustard,"goat meat,onion,garlic,ginger,spices,mustard oil",Non-Vegetarian,Mutton,Use minimal salt and keep the spice base fresh. Serve the goat meat gravy with unsalted roti or vegetables and avoid pickles or salted sides.,Gentle walking and breathing exercises,"Avoid added salt, pickles, and salted chutneys. Trim visible fat and keep portions moderate."
1132,Jharkhand,High Bp,Dinner,"Khapada Roti (Classic, Daily Serve)",128,5,25,3,4,Low,Low,Low,"Gluten, Mustard","whole wheat flour,mustard oil,water,spices,goat meat,spices",Non-Vegetarian,Mutton,Use minimal salt and keep the spice base fresh. Serve the khapada roti with unsalted roti or vegetables and avoid pickles or salted sides.,Gentle walking and breathing exercises,"Avoid added salt, pickles, and salted chutneys. Trim visible fat and keep portions moderate. Common allergens: gluten."
1133,Jharkhand,High Bp,Dinner,"Khapada Roti (Mild, Daily Serve)",128,5,25,3,4,Low,Low,Low,"Gluten, Mustard","whole wheat flour,mustard oil,water,spices,goat meat,spices",Non-Vegetarian,Mutton,Use minimal salt and keep the spice base fresh. Serve the khapada roti with unsalted roti or vegetables and avoid pickles or salted sides.,Gentle walking and breathing exercises,"Avoid added salt, pickles, and salted chutneys. Trim visible fat and keep portions moderate. Common allergens: gluten."
1134,Jharkhand,High Bp,Dinner,"Khapada Roti (Rustic, Daily Serve)",133,5,25,3,4,Medium,Medium,Medium,"Gluten, Mustard","whole wheat flour,mustard oil,water,spices,goat meat,spices",Non-Vegetarian,Mutton,Use minimal salt and keep the spice base fresh. Serve the khapada roti with unsalted roti or vegetables and avoid pickles or salted sides.,Gentle walking and breathing exercises,"Avoid added salt, pickles, and salted chutneys. Trim visible fat and keep portions moderate. Common allergens: gluten."
1135,Jharkhand,High Bp,Dinner,"Litti-Chokha (Light, Daily Serve)",180,8,27,6,5,Medium,Low,Low,"Gluten, Mustard","whole wheat flour,sattu,mustard oil,brinjal,tomato,potato,spices,chicken,spices",Non-Vegetarian,Chicken,Use minimal salt and keep the spice base fresh. Serve the litti-chokha with unsalted roti or vegetables and avoid pickles or salted sides.,Gentle walking and breathing exercises,"Avoid added salt, pickles, and salted chutneys. Trim visible fat and keep portions moderate. Common allergens: gluten."
1136,Jharkhand,High Bp,Dinner,"Litti-Chokha (Rustic, Daily Serve)",180,8,27,6,5,Low,Low,Low,"Gluten, Mustard","whole wheat flour,sattu,mustard oil,brinjal,tomato,potato,spices,chicken,spices",Non-Vegetarian,Chicken,Use minimal salt and keep the spice base fresh. Serve the litti-chokha with unsalted roti or vegetables and avoid pickles or salted sides.,Gentle walking and breathing exercises,"Avoid added salt, pickles, and salted chutneys. Trim visible fat and keep portions moderate. Common allergens: gluten."
1137,Jharkhand,High Bp,Dinner,"Aloo Chokha (Classic, Single Plate)",110,3,16,3,3,Medium,Medium,Medium,Mustard,"potato,onion,green chilli,mustard oil,spices",Vegan,,Prepare the aloo chokha with no added salt or only a very small amount. Use fresh spices and a light side to keep sodium intake low.,Gentle walking and breathing exercises,"Avoid added salt, pickles, and salted chutneys. Keep the recipe fully plant-based and avoid ghee or dairy."
1138,Jharkhand,High Bp,Dinner,"Aloo Chokha (No Salt, Light Plate)",90,3,16,3,3,Low,Low,Low,Mustard,"potato,onion,green chilli,mustard oil,spices",Vegan,,Prepare the aloo chokha with no added salt or only a very small amount. Use fresh spices and a light side to keep sodium intake low.,Gentle walking and breathing exercises,"Avoid added salt, pickles, and salted chutneys. Keep the recipe fully plant-based and avoid ghee or dairy."
1139,Jharkhand,High Bp,Dinner,"Bamboo Shoot Sabzi (Herb Seasoned, Small Portion)",66,3,8,2,4,Medium,Medium,Medium,Mustard,"bamboo shoot,onion,garlic,mustard oil,spices",Vegan,,Prepare the bamboo shoot sabzi with no added salt or only a very small amount. Use fresh spices and a light side to keep sodium intake low.,Gentle walking and breathing exercises,"Avoid added salt, pickles, and salted chutneys. Keep the recipe fully plant-based and avoid ghee or dairy."
1140,Jharkhand,High Bp,Dinner,"Bamboo Shoot Sabzi (No Salt, Measured Serve)",62,3,8,2,4,Low,Low,Low,Mustard,"bamboo shoot,onion,garlic,mustard oil,spices",Vegan,,Prepare the bamboo shoot sabzi with no added salt or only a very small amount. Use fresh spices and a light side to keep sodium intake low.,Gentle walking and breathing exercises,"Avoid added salt, pickles, and salted chutneys. Keep the recipe fully plant-based and avoid ghee or dairy."
1141,Jharkhand,High Bp,Dinner,"Bhaji Sag (Herb Seasoned, Light Plate)",78,4,11,2,4,High,Medium,Medium,Mustard,"leafy greens,onion,garlic,mustard oil,spices",Vegan,,Prepare the bhaji sag with no added salt or only a very small amount. Use fresh spices and a light side to keep sodium intake low.,Gentle walking and breathing exercises,"Avoid added salt, pickles, and salted chutneys. Keep the recipe fully plant-based and avoid ghee or dairy."
1142,Jharkhand,High Bp,Dinner,"Bhaji Sag (No Salt, Controlled Serve)",75,4,11,2,4,Low,Low,Low,Mustard,"leafy greens,onion,garlic,mustard oil,spices",Vegan,,Prepare the bhaji sag with no added salt or only a very small amount. Use fresh spices and a light side to keep sodium intake low.,Gentle walking and breathing exercises,"Avoid added salt, pickles, and salted chutneys. Keep the recipe fully plant-based and avoid ghee or dairy."
1143,Jharkhand,High Bp,Dinner,"Dal Pitha (Low Salt, Light Plate)",158,8,25,4,4,High,Low,Low,"Gluten, Legumes, Mustard","rice flour,urad dal,chana dal,spices,mustard oil",Vegan,,Prepare the dal pitha with no added salt or only a very small amount. Use fresh spices and a light side to keep sodium intake low.,Gentle walking and breathing exercises,"Avoid added salt, pickles, and salted chutneys. Keep the recipe fully plant-based and avoid ghee or dairy. Common allergens: gluten,legumes."
1144,Jharkhand,High Bp,Dinner,"Dubki (Steamed, Small Portion)",113,6,16,3,5,Low,Low,Low,"Legumes, Mustard","chana dal/urad dal,spices,mustard oil,garlic",Vegan,,Prepare the dubki with no added salt or only a very small amount. Use fresh spices and a light side to keep sodium intake low.,Gentle walking and breathing exercises,"Avoid added salt, pickles, and salted chutneys. Keep the recipe fully plant-based and avoid ghee or dairy. Common allergens: legumes."
1145,Jharkhand,High Bp,Dinner,"Khapada Roti (Herb Seasoned, Controlled Serve)",133,5,25,3,4,High,High,High,"Gluten, Mustard","whole wheat flour,mustard oil,water,spices",Vegan,,Prepare the khapada roti with no added salt or only a very small amount. Use fresh spices and a light side to keep sodium intake low.,Gentle walking and breathing exercises,"Avoid added salt, pickles, and salted chutneys. Keep the recipe fully plant-based and avoid ghee or dairy. Common allergens: gluten."
1146,Jharkhand,High Bp,Dinner,"Khapada Roti (Simple, Local Style)",128,5,25,3,4,Low,Low,Low,"Gluten, Mustard","whole wheat flour,mustard oil,water,spices",Vegan,,Prepare the khapada roti with no added salt or only a very small amount. Use fresh spices and a light side to keep sodium intake low.,Gentle walking and breathing exercises,"Avoid added salt, pickles, and salted chutneys. Keep the recipe fully plant-based and avoid ghee or dairy. Common allergens: gluten."
1147,Jharkhand,High Bp,Dinner,"Koinar Sag (Low Salt, Controlled Serve)",68,4,9,2,4,Low,Low,Low,Mustard,"koinar leaves,onion,garlic,mustard oil,spices",Vegan,,Prepare the koinar sag with no added salt or only a very small amount. Use fresh spices and a light side to keep sodium intake low.,Gentle walking and breathing exercises,"Avoid added salt, pickles, and salted chutneys. Keep the recipe fully plant-based and avoid ghee or dairy."
1148,Jharkhand,High Bp,Dinner,"Kurthi Dal (Steamed, Light Plate)",131,9,18,4,7,Medium,Low,Low,"Legumes, Mustard","kurthi dal,garlic,ginger,cumin,mustard oil",Vegan,,Prepare the kurthi dal with no added salt or only a very small amount. Use fresh spices and a light side to keep sodium intake low.,Gentle walking and breathing exercises,"Avoid added salt, pickles, and salted chutneys. Keep the recipe fully plant-based and avoid ghee or dairy. Common allergens: legumes."
1149,Jharkhand,High Bp,Dinner,"Litti-Chokha (Classic, Single Plate)",212,8,27,6,5,Low,Low,Low,"Gluten, Mustard","whole wheat flour,sattu,mustard oil,brinjal,tomato,potato,spices",Vegan,,Prepare the litti-chokha with no added salt or only a very small amount. Use fresh spices and a light side to keep sodium intake low.,Gentle walking and breathing exercises,"Avoid added salt, pickles, and salted chutneys. Keep the recipe fully plant-based and avoid ghee or dairy. Common allergens: gluten."
1150,Jharkhand,High Bp,Dinner,"Rugdha (No Salt, Small Portion)",71,5,7,3,3,Low,Low,Low,Mustard,"rugdha mushroom,onion,garlic,mustard oil,spices",Vegan,,Prepare the rugdha with no added salt or only a very small amount. Use fresh spices and a light side to keep sodium intake low.,Gentle walking and breathing exercises,"Avoid added salt, pickles, and salted chutneys. Keep the recipe fully plant-based and avoid ghee or dairy."
1151,Jharkhand,High Bp,Dinner,"Rugdha (Steamed, Controlled Serve)",71,5,7,3,3,Medium,Low,Medium,Mustard,"rugdha mushroom,onion,garlic,mustard oil,spices",Vegan,,Prepare the rugdha with no added salt or only a very small amount. Use fresh spices and a light side to keep sodium intake low.,Gentle walking and breathing exercises,"Avoid added salt, pickles, and salted chutneys. Keep the recipe fully plant-based and avoid ghee or dairy."
1152,Jharkhand,High Bp,Dinner,"Udad Dal (Light, Single Plate)",159,10,16,4,6,Low,Low,Low,"Legumes, Mustard","urad dal,ginger,garlic,cumin,mustard oil",Vegan,,Prepare the udad dal with no added salt or only a very small amount. Use fresh spices and a light side to keep sodium intake low.,Gentle walking and breathing exercises,"Avoid added salt, pickles, and salted chutneys. Keep the recipe fully plant-based and avoid ghee or dairy. Common allergens: legumes."
1153,Jharkhand,High Cholesterol,Breakfast,"Arsa (Lean, Moderate Portion)",147,3,26,4,1,High,Low,Low,"Mustard, Rice, Sesame","rice flour,jaggery,sesame,mustard oil",Vegetarian,,Use very little oil and avoid ghee or cream while preparing the arsa. Add fibre-rich vegetables and keep the portion modest.,Moderate cardio and brisk walking,Use minimal oil and avoid ghee or fatty accompaniments. Common allergens: rice.
1154,Jharkhand,High Cholesterol,Breakfast,"Chana Dal Puri (Oil Free, Controlled Serve)",155,7,26,5,5,Low,Low,Low,"Gluten, Legumes, Mustard","whole wheat flour,chana dal,spices,mustard oil",Vegetarian,,Use very little oil and avoid ghee or cream while preparing the chana dal puri. Add fibre-rich vegetables and keep the portion modest.,Moderate cardio and brisk walking,"Use minimal oil and avoid ghee or fatty accompaniments. Common allergens: gluten,legumes."
1155,Jharkhand,High Cholesterol,Breakfast,"Chilka Roti (Non-stick, no oil)",300,15,45,6,6,Medium,Medium,Low,Safe,"Rice, Chana Dal",Vegetarian,,Make the crepe without any oil.,40 mins steady cardio,Monitor lipid profile monthly
1156,Jharkhand,High Cholesterol,Breakfast,"Dhuska (No Ghee, Moderate Portion)",158,6,22,5,4,High,Low,Low,"Legumes, Mustard, Rice","rice flour,urad dal,spices,mustard oil",Vegetarian,,Use very little oil and avoid ghee or cream while preparing the dhuska. Add fibre-rich vegetables and keep the portion modest.,Moderate cardio and brisk walking,"Use minimal oil and avoid ghee or fatty accompaniments. Common allergens: rice,legumes."
1157,Jharkhand,High Cholesterol,Breakfast,Gondli Upma (Zero Oil),300,15,45,6,8,Low,Medium,Low,Egg,"Little Millet, Veggies",Vegetarian,,Cook the millet with boiled veggies.,40 mins steady cardio,Monitor lipid profile monthly
1158,Jharkhand,High Cholesterol,Breakfast,"Khaja (Lean, Controlled Serve)",178,3,28,6,1,High,Low,Low,"Gluten, Mustard, Sesame","refined flour,jaggery,sugar,sesame,mustard oil",Vegetarian,,Use very little oil and avoid ghee or cream while preparing the khaja. Add fibre-rich vegetables and keep the portion modest.,Moderate cardio and brisk walking,Use minimal oil and avoid ghee or fatty accompaniments. Common allergens: gluten.
1159,Jharkhand,High Cholesterol,Breakfast,"Litti-Chokha (Oil Free, Moderate Portion)",199,8,28,5,6,Low,Low,Low,"Gluten, Mustard","whole wheat flour,sattu,mustard oil,brinjal,tomato,potato,spices",Vegetarian,,Use very little oil and avoid ghee or cream while preparing the litti-chokha. Add fibre-rich vegetables and keep the portion modest.,Moderate cardio and brisk walking,Use minimal oil and avoid ghee or fatty accompaniments. Common allergens: gluten.
1160,Jharkhand,High Cholesterol,Breakfast,Marua Roti + Tomato Mash (Zero Oil),300,15,45,6,9,Low,Medium,Low,Safe,"Finger Millet, Tomato",Vegetarian,,Roast the roti and tomatoes on open flame.,40 mins steady cardio,Monitor lipid profile monthly
1161,Jharkhand,High Cholesterol,Breakfast,"Mitha Pitha (Lean, Lean Plate)",164,4,28,4,2,High,Low,Low,"Rice, Sesame","rice flour,jaggery,coconut,sesame",Vegetarian,,Use very little oil and avoid ghee or cream while preparing the mitha pitha. Add fibre-rich vegetables and keep the portion modest.,Moderate cardio and brisk walking,Use minimal oil and avoid ghee or fatty accompaniments. Common allergens: rice.
1162,Jharkhand,High Cholesterol,Breakfast,Sattu Drink (Water),300,15,45,6,7,Low,Medium,Low,Safe,Sattu,Vegetarian,,Pure sattu water provides zero cholesterol.,40 mins steady cardio,Monitor lipid profile monthly
1163,Jharkhand,High Cholesterol,Breakfast,"Sattu Paratha (Oil Free, Lean Plate)",191,8,26,5,6,Low,Low,Low,"Gluten, Legumes, Mustard","whole wheat flour,sattu,spices,mustard oil",Vegetarian,,Use very little oil and avoid ghee or cream while preparing the sattu paratha. Add fibre-rich vegetables and keep the portion modest.,Moderate cardio and brisk walking,"Use minimal oil and avoid ghee or fatty accompaniments. Common allergens: gluten,legumes."
1164,Jharkhand,High Cholesterol,Breakfast,Steamed Dal Pitha,300,15,45,6,6,High,Medium,Low,Safe,"Rice Flour, Dal",Vegetarian,,Perfect oil-free breakfast.,40 mins steady cardio,Monitor lipid profile monthly
1165,Jharkhand,High Cholesterol,Breakfast,Steamed Dhuska (Zero Oil),300,15,45,6,6,Medium,Medium,Low,Safe,"Rice, Chana Dal",Vegetarian,,Strictly steam the batter. No deep frying allowed.,40 mins steady cardio,Monitor lipid profile monthly
1166,Jharkhand,High Cholesterol,Breakfast,Steamed Moong Charpa,300,15,45,6,7,Low,Medium,Low,Safe,Moong Dal,Vegetarian,,Steam in leaves to impart flavor without fat.,40 mins steady cardio,Monitor lipid profile monthly
1167,Jharkhand,High Cholesterol,Breakfast,"Thekua (Oil Free, Small Bowl)",127,3,22,5,2,High,Low,Low,"Gluten, Mustard, Sesame","whole wheat flour,jaggery,sesame,mustard oil",Vegetarian,,Use very little oil and avoid ghee or cream while preparing the thekua. Add fibre-rich vegetables and keep the portion modest.,Moderate cardio and brisk walking,Use minimal oil and avoid ghee or fatty accompaniments. Common allergens: gluten.
1168,Jharkhand,High Cholesterol,Breakfast,"Til Barfi (Lean, Small Bowl)",132,4,17,7,2,High,Low,Low,"Dairy, Nuts, Sesame","sesame,jaggery,ghee",Vegetarian,,Use very little oil and avoid ghee or cream while preparing the til barfi. Add fibre-rich vegetables and keep the portion modest.,Moderate cardio and brisk walking,"Use minimal oil and avoid ghee or fatty accompaniments. Common allergens: sesame,nuts."
1169,Jharkhand,High Cholesterol,Breakfast,"Chilka Roti (No Ghee, Moderate Portion)",133,5,20,3,4,High,Low,Low,"Legumes, Mustard","rice flour,besan,spices,mustard oil,chicken,spices",Non-Vegetarian,Chicken,Use lean lean chicken and avoid heavy cream or excess fat. Pair the dish with fibre-rich sabzi and keep the oil very light.,Moderate cardio and brisk walking,Use minimal oil and avoid ghee or fatty accompaniments. Trim visible fat and keep portions moderate. Common allergens: legumes.
1170,Jharkhand,High Cholesterol,Breakfast,"Chilka Roti (Oil Free, Small Bowl)",113,5,20,3,4,High,Low,Low,"Legumes, Mustard","rice flour,besan,spices,mustard oil,chicken,spices",Non-Vegetarian,Chicken,Use lean lean chicken and avoid heavy cream or excess fat. Pair the dish with fibre-rich sabzi and keep the oil very light.,Moderate cardio and brisk walking,Use minimal oil and avoid ghee or fatty accompaniments. Trim visible fat and keep portions moderate. Common allergens: legumes.
1171,Jharkhand,High Cholesterol,Breakfast,"Chilka Roti (Steam Finished, Lean Plate)",138,5,20,4,4,Medium,Medium,Medium,"Legumes, Mustard","rice flour,besan,spices,mustard oil,chicken,spices",Non-Vegetarian,Chicken,Use lean lean chicken and avoid heavy cream or excess fat. Pair the dish with fibre-rich sabzi and keep the oil very light.,Moderate cardio and brisk walking,Use minimal oil and avoid ghee or fatty accompaniments. Trim visible fat and keep portions moderate. Common allergens: legumes.
1172,Jharkhand,High Cholesterol,Breakfast,"Dhuska (Lean, Moderate Portion)",164,6,22,6,4,High,Low,Low,"Legumes, Mustard, Rice","rice flour,urad dal,spices,mustard oil,chicken,spices",Non-Vegetarian,Chicken,Use lean lean chicken and avoid heavy cream or excess fat. Pair the dish with fibre-rich sabzi and keep the oil very light.,Moderate cardio and brisk walking,"Use minimal oil and avoid ghee or fatty accompaniments. Trim visible fat and keep portions moderate. Common allergens: rice,legumes."
1173,Jharkhand,High Cholesterol,Breakfast,"Dhuska (No Ghee, Lean Plate)",158,6,22,5,4,Medium,Low,Low,"Legumes, Mustard, Rice","rice flour,urad dal,spices,mustard oil,chicken,spices",Non-Vegetarian,Chicken,Use lean lean chicken and avoid heavy cream or excess fat. Pair the dish with fibre-rich sabzi and keep the oil very light.,Moderate cardio and brisk walking,"Use minimal oil and avoid ghee or fatty accompaniments. Trim visible fat and keep portions moderate. Common allergens: rice,legumes."
1174,Jharkhand,High Cholesterol,Breakfast,"Dhuska (Steam Finished, Controlled Serve)",166,6,22,6,4,Low,Medium,Medium,"Legumes, Mustard, Rice","rice flour,urad dal,spices,mustard oil,chicken,spices",Non-Vegetarian,Chicken,Use lean lean chicken and avoid heavy cream or excess fat. Pair the dish with fibre-rich sabzi and keep the oil very light.,Moderate cardio and brisk walking,"Use minimal oil and avoid ghee or fatty accompaniments. Trim visible fat and keep portions moderate. Common allergens: rice,legumes."
1175,Jharkhand,High Cholesterol,Breakfast,"Khapada Roti (Lean, Lean Plate)",147,5,26,3,5,Low,Low,Low,"Gluten, Mustard","whole wheat flour,mustard oil,water,spices,goat meat,spices",Non-Vegetarian,Mutton,Use lean trimmed mutton and avoid heavy cream or excess fat. Pair the dish with fibre-rich sabzi and keep the oil very light.,Moderate cardio and brisk walking,Use minimal oil and avoid ghee or fatty accompaniments. Trim visible fat and keep portions moderate. Common allergens: gluten.
1176,Jharkhand,High Cholesterol,Breakfast,"Khapada Roti (No Ghee, Controlled Serve)",142,5,26,2,5,Medium,Medium,Low,"Gluten, Mustard","whole wheat flour,mustard oil,water,spices,goat meat,spices",Non-Vegetarian,Mutton,Use lean trimmed mutton and avoid heavy cream or excess fat. Pair the dish with fibre-rich sabzi and keep the oil very light.,Moderate cardio and brisk walking,Use minimal oil and avoid ghee or fatty accompaniments. Trim visible fat and keep portions moderate. Common allergens: gluten.
1177,Jharkhand,High Cholesterol,Breakfast,"Khapada Roti (Oil Free, Moderate Portion)",141,5,26,2,5,Low,Low,Low,"Gluten, Mustard","whole wheat flour,mustard oil,water,spices,goat meat,spices",Non-Vegetarian,Mutton,Use lean trimmed mutton and avoid heavy cream or excess fat. Pair the dish with fibre-rich sabzi and keep the oil very light.,Moderate cardio and brisk walking,Use minimal oil and avoid ghee or fatty accompaniments. Trim visible fat and keep portions moderate. Common allergens: gluten.
1178,Jharkhand,High Cholesterol,Breakfast,"Khapada Roti (Steam Finished, Small Bowl)",151,5,26,3,5,High,High,Medium,"Gluten, Mustard","whole wheat flour,mustard oil,water,spices,goat meat,spices",Non-Vegetarian,Mutton,Use lean trimmed mutton and avoid heavy cream or excess fat. Pair the dish with fibre-rich sabzi and keep the oil very light.,Moderate cardio and brisk walking,Use minimal oil and avoid ghee or fatty accompaniments. Trim visible fat and keep portions moderate. Common allergens: gluten.
1179,Jharkhand,High Cholesterol,Breakfast,"Litti-Chokha (Lean, Small Bowl)",176,8,28,6,6,Low,Low,Low,"Gluten, Mustard","whole wheat flour,sattu,mustard oil,brinjal,tomato,potato,spices,chicken,spices",Non-Vegetarian,Chicken,Use lean lean chicken and avoid heavy cream or excess fat. Pair the dish with fibre-rich sabzi and keep the oil very light.,Moderate cardio and brisk walking,Use minimal oil and avoid ghee or fatty accompaniments. Trim visible fat and keep portions moderate. Common allergens: gluten.
1180,Jharkhand,High Cholesterol,Breakfast,"Litti-Chokha (Oil Free, Controlled Serve)",169,8,28,5,6,Low,Low,Low,"Gluten, Mustard","whole wheat flour,sattu,mustard oil,brinjal,tomato,potato,spices,chicken,spices",Non-Vegetarian,Chicken,Use lean lean chicken and avoid heavy cream or excess fat. Pair the dish with fibre-rich sabzi and keep the oil very light.,Moderate cardio and brisk walking,Use minimal oil and avoid ghee or fatty accompaniments. Trim visible fat and keep portions moderate. Common allergens: gluten.
1181,Jharkhand,High Cholesterol,Breakfast,"Litti-Chokha (Steam Finished, Moderate Portion)",207,8,28,6,6,Medium,Medium,Medium,"Gluten, Mustard","whole wheat flour,sattu,mustard oil,brinjal,tomato,potato,spices,chicken,spices",Non-Vegetarian,Chicken,Use lean lean chicken and avoid heavy cream or excess fat. Pair the dish with fibre-rich sabzi and keep the oil very light.,Moderate cardio and brisk walking,Use minimal oil and avoid ghee or fatty accompaniments. Trim visible fat and keep portions moderate. Common allergens: gluten.
1182,Jharkhand,High Cholesterol,Breakfast,"Sattu Paratha (Lean, Controlled Serve)",169,8,26,6,6,Low,Low,Low,"Gluten, Legumes, Mustard","whole wheat flour,sattu,spices,mustard oil,chicken,spices",Non-Vegetarian,Chicken,Use lean lean chicken and avoid heavy cream or excess fat. Pair the dish with fibre-rich sabzi and keep the oil very light.,Moderate cardio and brisk walking,"Use minimal oil and avoid ghee or fatty accompaniments. Trim visible fat and keep portions moderate. Common allergens: gluten,legumes."
1183,Jharkhand,High Cholesterol,Breakfast,"Sattu Paratha (No Ghee, Small Bowl)",162,8,26,5,6,Medium,Medium,Low,"Gluten, Legumes, Mustard","whole wheat flour,sattu,spices,mustard oil,chicken,spices",Non-Vegetarian,Chicken,Use lean lean chicken and avoid heavy cream or excess fat. Pair the dish with fibre-rich sabzi and keep the oil very light.,Moderate cardio and brisk walking,"Use minimal oil and avoid ghee or fatty accompaniments. Trim visible fat and keep portions moderate. Common allergens: gluten,legumes."
1184,Jharkhand,High Cholesterol,Breakfast,"Sattu Paratha (Rustic, Local Style)",191,8,26,5,6,Low,Low,Low,"Gluten, Legumes, Mustard","whole wheat flour,sattu,spices,mustard oil,chicken,spices",Non-Vegetarian,Chicken,Use lean lean chicken and avoid heavy cream or excess fat. Pair the dish with fibre-rich sabzi and keep the oil very light.,Moderate cardio and brisk walking,"Use minimal oil and avoid ghee or fatty accompaniments. Trim visible fat and keep portions moderate. Common allergens: gluten,legumes."
1185,Jharkhand,High Cholesterol,Breakfast,"Arsa (Oil Free, Controlled Serve)",143,3,26,3,1,High,Low,Low,"Mustard, Rice, Sesame","rice flour,jaggery,sesame,mustard oil",Vegan,,Use very little oil and avoid ghee or cream while preparing the arsa. Add fibre-rich vegetables and keep the portion modest.,Moderate cardio and brisk walking,Use minimal oil and avoid ghee or fatty accompaniments. Keep the recipe fully plant-based and avoid ghee or dairy. Common allergens: rice.
1186,Jharkhand,High Cholesterol,Breakfast,"Arsa (Steam Finished, Moderate Portion)",147,3,26,4,1,Medium,Medium,Medium,"Mustard, Rice, Sesame","rice flour,jaggery,sesame,mustard oil",Vegan,,Use very little oil and avoid ghee or cream while preparing the arsa. Add fibre-rich vegetables and keep the portion modest.,Moderate cardio and brisk walking,Use minimal oil and avoid ghee or fatty accompaniments. Keep the recipe fully plant-based and avoid ghee or dairy. Common allergens: rice.
1187,Jharkhand,High Cholesterol,Breakfast,"Chana Dal Puri (No Ghee, Controlled Serve)",155,7,26,5,5,Medium,Medium,Low,"Gluten, Legumes, Mustard","whole wheat flour,chana dal,spices,mustard oil",Vegan,,Use very little oil and avoid ghee or cream while preparing the chana dal puri. Add fibre-rich vegetables and keep the portion modest.,Moderate cardio and brisk walking,"Use minimal oil and avoid ghee or fatty accompaniments. Keep the recipe fully plant-based and avoid ghee or dairy. Common allergens: gluten,legumes."
1188,Jharkhand,High Cholesterol,Breakfast,"Chana Dal Puri (Oil Free, Moderate Portion)",182,7,26,5,5,Low,Low,Low,"Gluten, Legumes, Mustard","whole wheat flour,chana dal,spices,mustard oil",Vegan,,Use very little oil and avoid ghee or cream while preparing the chana dal puri. Add fibre-rich vegetables and keep the portion modest.,Moderate cardio and brisk walking,"Use minimal oil and avoid ghee or fatty accompaniments. Keep the recipe fully plant-based and avoid ghee or dairy. Common allergens: gluten,legumes."
1189,Jharkhand,High Cholesterol,Breakfast,"Chilka Roti (Lean, Small Bowl)",118,5,20,4,4,High,Low,Low,"Legumes, Mustard","rice flour,besan,spices,mustard oil",Vegan,,Use very little oil and avoid ghee or cream while preparing the chilka roti. Add fibre-rich vegetables and keep the portion modest.,Moderate cardio and brisk walking,Use minimal oil and avoid ghee or fatty accompaniments. Keep the recipe fully plant-based and avoid ghee or dairy. Common allergens: legumes.
1190,Jharkhand,High Cholesterol,Breakfast,"Dhuska (Lean, Controlled Serve)",166,6,22,6,4,High,Low,Low,"Legumes, Mustard, Rice","rice flour,urad dal,spices,mustard oil",Vegan,,Use very little oil and avoid ghee or cream while preparing the dhuska. Add fibre-rich vegetables and keep the portion modest.,Moderate cardio and brisk walking,"Use minimal oil and avoid ghee or fatty accompaniments. Keep the recipe fully plant-based and avoid ghee or dairy. Common allergens: rice,legumes."
1191,Jharkhand,High Cholesterol,Breakfast,"Khaja (Lean, Moderate Portion)",173,3,28,6,1,High,Low,Low,"Gluten, Mustard, Sesame","refined flour,jaggery,sugar,sesame,mustard oil",Vegan,,Use very little oil and avoid ghee or cream while preparing the khaja. Add fibre-rich vegetables and keep the portion modest.,Moderate cardio and brisk walking,Use minimal oil and avoid ghee or fatty accompaniments. Keep the recipe fully plant-based and avoid ghee or dairy. Common allergens: gluten.
1192,Jharkhand,High Cholesterol,Breakfast,"Khaja (Steam Finished, Controlled Serve)",178,3,28,6,1,High,Medium,Medium,"Gluten, Mustard, Sesame","refined flour,jaggery,sugar,sesame,mustard oil",Vegan,,Use very little oil and avoid ghee or cream while preparing the khaja. Add fibre-rich vegetables and keep the portion modest.,Moderate cardio and brisk walking,Use minimal oil and avoid ghee or fatty accompaniments. Keep the recipe fully plant-based and avoid ghee or dairy. Common allergens: gluten.
1193,Jharkhand,High Cholesterol,Breakfast,"Litti-Chokha (No Ghee, Moderate Portion)",199,8,28,5,6,Low,Low,Low,"Gluten, Mustard","whole wheat flour,sattu,mustard oil,brinjal,tomato,potato,spices",Vegan,,Use very little oil and avoid ghee or cream while preparing the litti-chokha. Add fibre-rich vegetables and keep the portion modest.,Moderate cardio and brisk walking,Use minimal oil and avoid ghee or fatty accompaniments. Keep the recipe fully plant-based and avoid ghee or dairy. Common allergens: gluten.
1194,Jharkhand,High Cholesterol,Breakfast,"Mitha Pitha (Oil Free, Small Bowl)",134,4,28,3,2,High,Low,Low,"Rice, Sesame","rice flour,jaggery,sesame",Vegan,,Use very little oil and avoid ghee or cream while preparing the mitha pitha. Add fibre-rich vegetables and keep the portion modest.,Moderate cardio and brisk walking,Use minimal oil and avoid ghee or fatty accompaniments. Keep the recipe fully plant-based and avoid ghee or dairy. Common allergens: rice.
1195,Jharkhand,High Cholesterol,Breakfast,"Mitha Pitha (Steam Finished, Lean Plate)",164,4,28,4,2,Medium,Medium,Medium,"Rice, Sesame","rice flour,jaggery,sesame",Vegan,,Use very little oil and avoid ghee or cream while preparing the mitha pitha. Add fibre-rich vegetables and keep the portion modest.,Moderate cardio and brisk walking,Use minimal oil and avoid ghee or fatty accompaniments. Keep the recipe fully plant-based and avoid ghee or dairy. Common allergens: rice.
1196,Jharkhand,High Cholesterol,Breakfast,"Sattu Paratha (No Ghee, Lean Plate)",191,8,26,5,6,Medium,Low,Low,"Gluten, Legumes, Mustard","whole wheat flour,sattu,spices,mustard oil",Vegan,,Use very little oil and avoid ghee or cream while preparing the sattu paratha. Add fibre-rich vegetables and keep the portion modest.,Moderate cardio and brisk walking,"Use minimal oil and avoid ghee or fatty accompaniments. Keep the recipe fully plant-based and avoid ghee or dairy. Common allergens: gluten,legumes."
1197,Jharkhand,High Cholesterol,Breakfast,"Thekua (No Ghee, Small Bowl)",127,3,22,5,2,Medium,Medium,Low,"Gluten, Mustard, Sesame","whole wheat flour,jaggery,sesame,mustard oil",Vegan,,Use very little oil and avoid ghee or cream while preparing the thekua. Add fibre-rich vegetables and keep the portion modest.,Moderate cardio and brisk walking,Use minimal oil and avoid ghee or fatty accompaniments. Keep the recipe fully plant-based and avoid ghee or dairy. Common allergens: gluten.
1198,Jharkhand,High Cholesterol,Breakfast,"Thekua (Oil Free, Lean Plate)",149,3,22,5,2,High,Low,Low,"Gluten, Mustard, Sesame","whole wheat flour,jaggery,sesame,mustard oil",Vegan,,Use very little oil and avoid ghee or cream while preparing the thekua. Add fibre-rich vegetables and keep the portion modest.,Moderate cardio and brisk walking,Use minimal oil and avoid ghee or fatty accompaniments. Keep the recipe fully plant-based and avoid ghee or dairy. Common allergens: gluten.
1199,Jharkhand,High Cholesterol,Breakfast,"Til Barfi (Lean, Lean Plate)",156,4,17,7,2,High,Low,Low,"Mustard, Nuts, Sesame","sesame,jaggery,mustard oil",Vegan,,Use very little oil and avoid ghee or cream while preparing the til barfi. Add fibre-rich vegetables and keep the portion modest.,Moderate cardio and brisk walking,"Use minimal oil and avoid ghee or fatty accompaniments. Keep the recipe fully plant-based and avoid ghee or dairy. Common allergens: sesame,nuts."
1200,Jharkhand,High Cholesterol,Breakfast,"Til Barfi (Steam Finished, Small Bowl)",132,4,17,7,2,High,High,Medium,"Mustard, Nuts, Sesame","sesame,jaggery,mustard oil",Vegan,,Use very little oil and avoid ghee or cream while preparing the til barfi. Add fibre-rich vegetables and keep the portion modest.,Moderate cardio and brisk walking,"Use minimal oil and avoid ghee or fatty accompaniments. Keep the recipe fully plant-based and avoid ghee or dairy. Common allergens: sesame,nuts."
1201,Jharkhand,High Cholesterol,Lunch,"Aloo Chokha (No Ghee, Lean Plate)",104,3,17,2,4,Medium,Low,Low,Mustard,"potato,onion,green chilli,mustard oil,spices",Vegetarian,,Use very little oil and avoid ghee or cream while preparing the aloo chokha. Add fibre-rich vegetables and keep the portion modest.,Moderate cardio and brisk walking,Use minimal oil and avoid ghee or fatty accompaniments.
1202,Jharkhand,High Cholesterol,Lunch,"Bamboo Shoot Sabzi (No Ghee, Moderate Portion)",62,3,8,2,5,Low,Low,Low,Mustard,"bamboo shoot,onion,garlic,mustard oil,spices",Vegetarian,,Use very little oil and avoid ghee or cream while preparing the bamboo shoot sabzi. Add fibre-rich vegetables and keep the portion modest.,Moderate cardio and brisk walking,Use minimal oil and avoid ghee or fatty accompaniments.
1203,Jharkhand,High Cholesterol,Lunch,"Bhaji Sag (No Ghee, Controlled Serve)",73,4,11,2,5,Medium,Medium,Low,Mustard,"leafy greens,onion,garlic,mustard oil,spices",Vegetarian,,Use very little oil and avoid ghee or cream while preparing the bhaji sag. Add fibre-rich vegetables and keep the portion modest.,Moderate cardio and brisk walking,Use minimal oil and avoid ghee or fatty accompaniments.
1204,Jharkhand,High Cholesterol,Lunch,"Dal Pitha (Oil Free, Controlled Serve)",154,8,26,3,5,High,Low,Low,"Gluten, Legumes, Mustard","rice flour,urad dal,chana dal,spices,mustard oil",Vegetarian,,Use very little oil and avoid ghee or cream while preparing the dal pitha. Add fibre-rich vegetables and keep the portion modest.,Moderate cardio and brisk walking,"Use minimal oil and avoid ghee or fatty accompaniments. Common allergens: gluten,legumes."
1205,Jharkhand,High Cholesterol,Lunch,"Dubki (Lean, Moderate Portion)",135,6,17,3,6,Low,Low,Low,"Legumes, Mustard","chana dal/urad dal,spices,mustard oil,garlic",Vegetarian,,Use very little oil and avoid ghee or cream while preparing the dubki. Add fibre-rich vegetables and keep the portion modest.,Moderate cardio and brisk walking,Use minimal oil and avoid ghee or fatty accompaniments. Common allergens: legumes.
1206,Jharkhand,High Cholesterol,Lunch,Gondli Rice + Chana Dal + Koinar Saag,500,25,75,11,14,Low,Medium,Low,Safe,"Little Millet, Bengal Gram, Koinar Leaves",Vegetarian,,Zero oil in the whole preparation.,30 mins cycling,Check cholesterol levels quarterly
1207,Jharkhand,High Cholesterol,Lunch,"Khapada Roti (No Ghee, Small Bowl)",125,5,26,2,5,Medium,Medium,Low,"Gluten, Mustard","whole wheat flour,mustard oil,water,spices",Vegetarian,,Use very little oil and avoid ghee or cream while preparing the khapada roti. Add fibre-rich vegetables and keep the portion modest.,Moderate cardio and brisk walking,Use minimal oil and avoid ghee or fatty accompaniments. Common allergens: gluten.
1208,Jharkhand,High Cholesterol,Lunch,"Khapada Roti (Simple, Local Style)",147,5,26,2,5,Low,Low,Low,"Gluten, Mustard","whole wheat flour,mustard oil,water,spices",Vegetarian,,Use very little oil and avoid ghee or cream while preparing the khapada roti. Add fibre-rich vegetables and keep the portion modest.,Moderate cardio and brisk walking,Use minimal oil and avoid ghee or fatty accompaniments. Common allergens: gluten.
1209,Jharkhand,High Cholesterol,Lunch,"Koinar Sag (Oil Free, Small Bowl)",66,4,9,2,5,Low,Low,Low,Mustard,"koinar leaves,onion,garlic,mustard oil,spices",Vegetarian,,Use very little oil and avoid ghee or cream while preparing the koinar sag. Add fibre-rich vegetables and keep the portion modest.,Moderate cardio and brisk walking,Use minimal oil and avoid ghee or fatty accompaniments.
1210,Jharkhand,High Cholesterol,Lunch,"Kudurum Ki Chatni (Oil Free, Lean Plate)",35,1,6,1,2,Low,Low,Low,Mustard,"kudurum berries,green chilli,garlic,salt,mustard oil",Vegetarian,,Use very little oil and avoid ghee or cream while preparing the kudurum ki chatni. Add fibre-rich vegetables and keep the portion modest.,Moderate cardio and brisk walking,Use minimal oil and avoid ghee or fatty accompaniments.
1211,Jharkhand,High Cholesterol,Lunch,"Kurthi Dal (Lean, Controlled Serve)",134,9,18,4,8,Low,Low,Low,"Legumes, Mustard","kurthi dal,garlic,ginger,cumin,mustard oil",Vegetarian,,Use very little oil and avoid ghee or cream while preparing the kurthi dal. Add fibre-rich vegetables and keep the portion modest.,Moderate cardio and brisk walking,Use minimal oil and avoid ghee or fatty accompaniments. Common allergens: legumes.
1212,Jharkhand,High Cholesterol,Lunch,Marua Roti + Rugra Sabzi (Zero Oil) + Kohnda,500,25,75,11,13,Low,Medium,Low,Safe,"Finger Millet, Mushroom, Pumpkin",Vegetarian,,Boil and spice the mushroom without using oil.,30 mins cycling,Check cholesterol levels quarterly
1213,Jharkhand,High Cholesterol,Lunch,"Rugdha (Lean, Small Bowl)",73,5,7,3,4,Low,Low,Low,Mustard,"rugdha mushroom,onion,garlic,mustard oil,spices",Vegetarian,,Use very little oil and avoid ghee or cream while preparing the rugdha. Add fibre-rich vegetables and keep the portion modest.,Moderate cardio and brisk walking,Use minimal oil and avoid ghee or fatty accompaniments.
1214,Jharkhand,High Cholesterol,Lunch,"Udad Dal (Lean, Lean Plate)",162,10,17,4,7,Low,Low,Low,"Legumes, Mustard","urad dal,ginger,garlic,cumin,mustard oil",Vegetarian,,Use very little oil and avoid ghee or cream while preparing the udad dal. Add fibre-rich vegetables and keep the portion modest.,Moderate cardio and brisk walking,Use minimal oil and avoid ghee or fatty accompaniments. Common allergens: legumes.
1215,Jharkhand,High Cholesterol,Lunch,Usna Rice + Kurthi Dal (No Tadka) + Munga Saag,500,25,75,11,12,Medium,Medium,Low,Safe,"Parboiled Rice, Horsegram, Drumstick Leaves",Vegetarian,,Boil the dal and skip the ghee/oil tadka entirely.,30 mins cycling,Check cholesterol levels quarterly
1216,Jharkhand,High Cholesterol,Lunch,Usna Rice + Urad Dal (No Ghee) + Ol Sabzi,500,25,75,11,11,Medium,Medium,Low,Safe,"Parboiled Rice, Black Gram, Elephant Foot Yam",Vegetarian,,Boil everything plainly.,30 mins cycling,Check cholesterol levels quarterly
1217,Jharkhand,High Cholesterol,Lunch,"Aloo Chokha (Lean, Small Bowl)",92,3,17,3,4,Low,Low,Low,Mustard,"potato,onion,green chilli,mustard oil,spices,chicken,spices",Non-Vegetarian,Chicken,Use lean lean chicken and avoid heavy cream or excess fat. Pair the dish with fibre-rich sabzi and keep the oil very light.,Moderate cardio and brisk walking,Use minimal oil and avoid ghee or fatty accompaniments. Trim visible fat and keep portions moderate.
1218,Jharkhand,High Cholesterol,Lunch,"Aloo Chokha (Oil Free, Lean Plate)",104,3,17,2,4,Low,Low,Low,Mustard,"potato,onion,green chilli,mustard oil,spices,chicken,spices",Non-Vegetarian,Chicken,Use lean lean chicken and avoid heavy cream or excess fat. Pair the dish with fibre-rich sabzi and keep the oil very light.,Moderate cardio and brisk walking,Use minimal oil and avoid ghee or fatty accompaniments. Trim visible fat and keep portions moderate.
1219,Jharkhand,High Cholesterol,Lunch,Brown Rice + Steamed Rohu Fish + Beng Saag,500,25,75,11,10,Medium,Medium,Low,Fish,"Brown Rice, Rohu Fish, Beng Leaves",Non-Vegetarian,Fish,Steam the fish wrapped in leaves instead of frying.,30 mins cycling,Check cholesterol levels quarterly
1220,Jharkhand,High Cholesterol,Lunch,"Chilka Roti (Lean, Lean Plate)",144,5,20,4,4,High,Low,Low,"Legumes, Mustard","rice flour,besan,spices,mustard oil,chicken,spices",Non-Vegetarian,Chicken,Use lean lean chicken and avoid heavy cream or excess fat. Pair the dish with fibre-rich sabzi and keep the oil very light.,Moderate cardio and brisk walking,Use minimal oil and avoid ghee or fatty accompaniments. Trim visible fat and keep portions moderate. Common allergens: legumes.
1221,Jharkhand,High Cholesterol,Lunch,"Chilka Roti (No Ghee, Small Bowl)",118,5,20,3,4,Medium,Medium,Low,"Legumes, Mustard","rice flour,besan,spices,mustard oil,chicken,spices",Non-Vegetarian,Chicken,Use lean lean chicken and avoid heavy cream or excess fat. Pair the dish with fibre-rich sabzi and keep the oil very light.,Moderate cardio and brisk walking,Use minimal oil and avoid ghee or fatty accompaniments. Trim visible fat and keep portions moderate. Common allergens: legumes.
1222,Jharkhand,High Cholesterol,Lunch,"Desi Chicken Curry (No Ghee, Moderate Portion)",216,25,5,9,0,Low,Low,Low,Mustard,"chicken,onion,garlic,ginger,spices,mustard oil",Non-Vegetarian,Chicken,Use lean lean chicken and avoid heavy cream or excess fat. Pair the dish with fibre-rich sabzi and keep the oil very light.,Moderate cardio and brisk walking,Use minimal oil and avoid ghee or fatty accompaniments. Trim visible fat and keep portions moderate.
1223,Jharkhand,High Cholesterol,Lunch,"Desi Chicken Curry (Oil Free, Controlled Serve)",184,25,5,9,0,Low,Low,Low,Mustard,"chicken,onion,garlic,ginger,spices,mustard oil",Non-Vegetarian,Chicken,Use lean lean chicken and avoid heavy cream or excess fat. Pair the dish with fibre-rich sabzi and keep the oil very light.,Moderate cardio and brisk walking,Use minimal oil and avoid ghee or fatty accompaniments. Trim visible fat and keep portions moderate.
1224,Jharkhand,High Cholesterol,Lunch,"Goat Meat Gravy (No Ghee, Lean Plate)",224,25,4,12,0,Medium,Low,Low,Mustard,"goat meat,onion,garlic,ginger,spices,mustard oil",Non-Vegetarian,Mutton,Use lean trimmed mutton and avoid heavy cream or excess fat. Pair the dish with fibre-rich sabzi and keep the oil very light.,Moderate cardio and brisk walking,Use minimal oil and avoid ghee or fatty accompaniments. Trim visible fat and keep portions moderate.
1225,Jharkhand,High Cholesterol,Lunch,"Goat Meat Gravy (Oil Free, Small Bowl)",220,25,4,12,0,Low,Low,Low,Mustard,"goat meat,onion,garlic,ginger,spices,mustard oil",Non-Vegetarian,Mutton,Use lean trimmed mutton and avoid heavy cream or excess fat. Pair the dish with fibre-rich sabzi and keep the oil very light.,Moderate cardio and brisk walking,Use minimal oil and avoid ghee or fatty accompaniments. Trim visible fat and keep portions moderate.
1226,Jharkhand,High Cholesterol,Lunch,"Khapada Roti (Classic, House Style)",147,5,26,2,5,Low,Low,Low,"Gluten, Mustard","whole wheat flour,mustard oil,water,spices,goat meat,spices",Non-Vegetarian,Mutton,Use lean trimmed mutton and avoid heavy cream or excess fat. Pair the dish with fibre-rich sabzi and keep the oil very light.,Moderate cardio and brisk walking,Use minimal oil and avoid ghee or fatty accompaniments. Trim visible fat and keep portions moderate. Common allergens: gluten.
1227,Jharkhand,High Cholesterol,Lunch,"Khapada Roti (Lean, Controlled Serve)",130,5,26,3,5,Low,Low,Low,"Gluten, Mustard","whole wheat flour,mustard oil,water,spices,goat meat,spices",Non-Vegetarian,Mutton,Use lean trimmed mutton and avoid heavy cream or excess fat. Pair the dish with fibre-rich sabzi and keep the oil very light.,Moderate cardio and brisk walking,Use minimal oil and avoid ghee or fatty accompaniments. Trim visible fat and keep portions moderate. Common allergens: gluten.
1228,Jharkhand,High Cholesterol,Lunch,"Khapada Roti (Steam Finished, Moderate Portion)",153,5,26,3,5,Medium,Medium,Medium,"Gluten, Mustard","whole wheat flour,mustard oil,water,spices,goat meat,spices",Non-Vegetarian,Mutton,Use lean trimmed mutton and avoid heavy cream or excess fat. Pair the dish with fibre-rich sabzi and keep the oil very light.,Moderate cardio and brisk walking,Use minimal oil and avoid ghee or fatty accompaniments. Trim visible fat and keep portions moderate. Common allergens: gluten.
1229,Jharkhand,High Cholesterol,Lunch,"Litti-Chokha (Lean, Moderate Portion)",216,8,28,6,6,Low,Low,Low,"Gluten, Mustard","whole wheat flour,sattu,mustard oil,brinjal,tomato,potato,spices,chicken,spices",Non-Vegetarian,Chicken,Use lean lean chicken and avoid heavy cream or excess fat. Pair the dish with fibre-rich sabzi and keep the oil very light.,Moderate cardio and brisk walking,Use minimal oil and avoid ghee or fatty accompaniments. Trim visible fat and keep portions moderate. Common allergens: gluten.
1230,Jharkhand,High Cholesterol,Lunch,"Litti-Chokha (No Ghee, Controlled Serve)",176,8,28,5,6,Medium,Medium,Low,"Gluten, Mustard","whole wheat flour,sattu,mustard oil,brinjal,tomato,potato,spices,chicken,spices",Non-Vegetarian,Chicken,Use lean lean chicken and avoid heavy cream or excess fat. Pair the dish with fibre-rich sabzi and keep the oil very light.,Moderate cardio and brisk walking,Use minimal oil and avoid ghee or fatty accompaniments. Trim visible fat and keep portions moderate. Common allergens: gluten.
1231,Jharkhand,High Cholesterol,Lunch,Makai Roti + Lean Mutton Stew + Putu,500,25,75,11,10,Medium,Medium,Low,Safe,"Cornmeal, Lean Mutton, Mushroom",Non-Vegetarian,Mutton,"Extremely lean mutton cuts only, boiled into a stew.",30 mins cycling,Check cholesterol levels quarterly
1232,Jharkhand,High Cholesterol,Lunch,Wheat Roti + Boiled Chicken Broth + Parwal,500,25,75,11,9,Medium,Medium,Low,Gluten,"Wheat, Chicken, Pointed Gourd",Non-Vegetarian,Chicken,Use skinless chicken breasts. Skim all fat from broth.,30 mins cycling,Check cholesterol levels quarterly
1233,Jharkhand,High Cholesterol,Lunch,"Aloo Chokha (Classic, Local Style)",92,3,17,3,4,Low,Low,Low,Mustard,"potato,onion,green chilli,mustard oil,spices",Vegan,,Use very little oil and avoid ghee or cream while preparing the aloo chokha. Add fibre-rich vegetables and keep the portion modest.,Moderate cardio and brisk walking,Use minimal oil and avoid ghee or fatty accompaniments. Keep the recipe fully plant-based and avoid ghee or dairy.
1234,Jharkhand,High Cholesterol,Lunch,"Bamboo Shoot Sabzi (Lean, Controlled Serve)",65,3,8,2,5,Low,Low,Low,Mustard,"bamboo shoot,onion,garlic,mustard oil,spices",Vegan,,Use very little oil and avoid ghee or cream while preparing the bamboo shoot sabzi. Add fibre-rich vegetables and keep the portion modest.,Moderate cardio and brisk walking,Use minimal oil and avoid ghee or fatty accompaniments. Keep the recipe fully plant-based and avoid ghee or dairy.
1235,Jharkhand,High Cholesterol,Lunch,"Bhaji Sag (No Ghee, Moderate Portion)",86,4,11,2,5,Low,Low,Low,Mustard,"leafy greens,onion,garlic,mustard oil,spices",Vegan,,Use very little oil and avoid ghee or cream while preparing the bhaji sag. Add fibre-rich vegetables and keep the portion modest.,Moderate cardio and brisk walking,Use minimal oil and avoid ghee or fatty accompaniments. Keep the recipe fully plant-based and avoid ghee or dairy.
1236,Jharkhand,High Cholesterol,Lunch,"Dal Pitha (No Ghee, Small Bowl)",154,8,26,3,5,Medium,Medium,Low,"Gluten, Legumes, Mustard","rice flour,urad dal,chana dal,spices,mustard oil",Vegan,,Use very little oil and avoid ghee or cream while preparing the dal pitha. Add fibre-rich vegetables and keep the portion modest.,Moderate cardio and brisk walking,"Use minimal oil and avoid ghee or fatty accompaniments. Keep the recipe fully plant-based and avoid ghee or dairy. Common allergens: gluten,legumes."
1237,Jharkhand,High Cholesterol,Lunch,"Dal Pitha (Oil Free, Moderate Portion)",181,8,26,3,5,High,Low,Low,"Gluten, Legumes, Mustard","rice flour,urad dal,chana dal,spices,mustard oil",Vegan,,Use very little oil and avoid ghee or cream while preparing the dal pitha. Add fibre-rich vegetables and keep the portion modest.,Moderate cardio and brisk walking,"Use minimal oil and avoid ghee or fatty accompaniments. Keep the recipe fully plant-based and avoid ghee or dairy. Common allergens: gluten,legumes."
1238,Jharkhand,High Cholesterol,Lunch,"Dubki (Oil Free, Controlled Serve)",110,6,17,2,6,Low,Low,Low,"Legumes, Mustard","chana dal/urad dal,spices,mustard oil,garlic",Vegan,,Use very little oil and avoid ghee or cream while preparing the dubki. Add fibre-rich vegetables and keep the portion modest.,Moderate cardio and brisk walking,Use minimal oil and avoid ghee or fatty accompaniments. Keep the recipe fully plant-based and avoid ghee or dairy. Common allergens: legumes.
1239,Jharkhand,High Cholesterol,Lunch,"Dubki (Steam Finished, Lean Plate)",135,6,17,3,6,Medium,Medium,Medium,"Legumes, Mustard","chana dal/urad dal,spices,mustard oil,garlic",Vegan,,Use very little oil and avoid ghee or cream while preparing the dubki. Add fibre-rich vegetables and keep the portion modest.,Moderate cardio and brisk walking,Use minimal oil and avoid ghee or fatty accompaniments. Keep the recipe fully plant-based and avoid ghee or dairy. Common allergens: legumes.
1240,Jharkhand,High Cholesterol,Lunch,"Khapada Roti (No Ghee, Lean Plate)",147,5,26,2,5,Medium,Low,Low,"Gluten, Mustard","whole wheat flour,mustard oil,water,spices",Vegan,,Use very little oil and avoid ghee or cream while preparing the khapada roti. Add fibre-rich vegetables and keep the portion modest.,Moderate cardio and brisk walking,Use minimal oil and avoid ghee or fatty accompaniments. Keep the recipe fully plant-based and avoid ghee or dairy. Common allergens: gluten.
1241,Jharkhand,High Cholesterol,Lunch,"Koinar Sag (Oil Free, Lean Plate)",78,4,9,2,5,Low,Low,Low,Mustard,"koinar leaves,onion,garlic,mustard oil,spices",Vegan,,Use very little oil and avoid ghee or cream while preparing the koinar sag. Add fibre-rich vegetables and keep the portion modest.,Moderate cardio and brisk walking,Use minimal oil and avoid ghee or fatty accompaniments. Keep the recipe fully plant-based and avoid ghee or dairy.
1242,Jharkhand,High Cholesterol,Lunch,"Koinar Sag (Steam Finished, Moderate Portion)",70,4,9,2,5,Medium,Medium,Medium,Mustard,"koinar leaves,onion,garlic,mustard oil,spices",Vegan,,Use very little oil and avoid ghee or cream while preparing the koinar sag. Add fibre-rich vegetables and keep the portion modest.,Moderate cardio and brisk walking,Use minimal oil and avoid ghee or fatty accompaniments. Keep the recipe fully plant-based and avoid ghee or dairy.
1243,Jharkhand,High Cholesterol,Lunch,"Kudurum Ki Chatni (No Ghee, Controlled Serve)",35,1,6,1,2,Medium,Medium,Low,Mustard,"kudurum berries,green chilli,garlic,salt,mustard oil",Vegan,,Use very little oil and avoid ghee or cream while preparing the kudurum ki chatni. Add fibre-rich vegetables and keep the portion modest.,Moderate cardio and brisk walking,Use minimal oil and avoid ghee or fatty accompaniments. Keep the recipe fully plant-based and avoid ghee or dairy.
1244,Jharkhand,High Cholesterol,Lunch,"Kurthi Dal (Lean, Moderate Portion)",158,9,18,4,8,Low,Low,Low,"Legumes, Mustard","kurthi dal,garlic,ginger,cumin,mustard oil",Vegan,,Use very little oil and avoid ghee or cream while preparing the kurthi dal. Add fibre-rich vegetables and keep the portion modest.,Moderate cardio and brisk walking,Use minimal oil and avoid ghee or fatty accompaniments. Keep the recipe fully plant-based and avoid ghee or dairy. Common allergens: legumes.
1245,Jharkhand,High Cholesterol,Lunch,"Kurthi Dal (Steam Finished, Small Bowl)",134,9,18,4,8,Low,High,Medium,"Legumes, Mustard","kurthi dal,garlic,ginger,cumin,mustard oil",Vegan,,Use very little oil and avoid ghee or cream while preparing the kurthi dal. Add fibre-rich vegetables and keep the portion modest.,Moderate cardio and brisk walking,Use minimal oil and avoid ghee or fatty accompaniments. Keep the recipe fully plant-based and avoid ghee or dairy. Common allergens: legumes.
1246,Jharkhand,High Cholesterol,Lunch,"Rugdha (Lean, Lean Plate)",86,5,7,3,4,Low,Low,Low,Mustard,"rugdha mushroom,onion,garlic,mustard oil,spices",Vegan,,Use very little oil and avoid ghee or cream while preparing the rugdha. Add fibre-rich vegetables and keep the portion modest.,Moderate cardio and brisk walking,Use minimal oil and avoid ghee or fatty accompaniments. Keep the recipe fully plant-based and avoid ghee or dairy.
1247,Jharkhand,High Cholesterol,Lunch,"Udad Dal (Oil Free, Small Bowl)",132,10,17,4,7,Low,Low,Low,"Legumes, Mustard","urad dal,ginger,garlic,cumin,mustard oil",Vegan,,Use very little oil and avoid ghee or cream while preparing the udad dal. Add fibre-rich vegetables and keep the portion modest.,Moderate cardio and brisk walking,Use minimal oil and avoid ghee or fatty accompaniments. Keep the recipe fully plant-based and avoid ghee or dairy. Common allergens: legumes.
1248,Jharkhand,High Cholesterol,Lunch,"Udad Dal (Steam Finished, Controlled Serve)",138,10,17,4,7,Low,Medium,Medium,"Legumes, Mustard","urad dal,ginger,garlic,cumin,mustard oil",Vegan,,Use very little oil and avoid ghee or cream while preparing the udad dal. Add fibre-rich vegetables and keep the portion modest.,Moderate cardio and brisk walking,Use minimal oil and avoid ghee or fatty accompaniments. Keep the recipe fully plant-based and avoid ghee or dairy. Common allergens: legumes.
1249,Jharkhand,High Cholesterol,Snack,"Arsa (Rustic, Daily Serve)",130,3,26,4,1,High,Low,Low,"Mustard, Rice, Sesame","rice flour,jaggery,sesame,mustard oil",Vegetarian,,Use very little oil and avoid ghee or cream while preparing the arsa. Add fibre-rich vegetables and keep the portion modest.,Moderate cardio and brisk walking,Use minimal oil and avoid ghee or fatty accompaniments. Common allergens: rice.
1250,Jharkhand,High Cholesterol,Snack,Boiled Kanda,150,6,25,2,4,Medium,Medium,Low,Safe,Sweet Potato,Vegetarian,,Plain boiled.,Stay active,No specific warning
1251,Jharkhand,High Cholesterol,Snack,"Chana Dal Puri (Mild, Daily Serve)",162,7,26,5,5,Low,Low,Low,"Gluten, Legumes, Mustard","whole wheat flour,chana dal,spices,mustard oil",Vegetarian,,Use very little oil and avoid ghee or cream while preparing the chana dal puri. Add fibre-rich vegetables and keep the portion modest.,Moderate cardio and brisk walking,"Use minimal oil and avoid ghee or fatty accompaniments. Common allergens: gluten,legumes."
1252,Jharkhand,High Cholesterol,Snack,"Chana Dal Puri (No Ghee, Moderate Portion)",162,7,26,5,5,Low,Low,Low,"Gluten, Legumes, Mustard","whole wheat flour,chana dal,spices,mustard oil",Vegetarian,,Use very little oil and avoid ghee or cream while preparing the chana dal puri. Add fibre-rich vegetables and keep the portion modest.,Moderate cardio and brisk walking,"Use minimal oil and avoid ghee or fatty accompaniments. Common allergens: gluten,legumes."
1253,Jharkhand,High Cholesterol,Snack,Cucumber & Tomato,150,6,25,2,5,Low,Low,Low,Safe,"Cucumber, Tomato",Vegetarian,,Raw vegetables.,Stay active,No specific warning
1254,Jharkhand,High Cholesterol,Snack,"Dhuska (Classic, Daily Serve)",166,6,22,6,4,High,Low,Low,"Legumes, Mustard, Rice","rice flour,urad dal,spices,mustard oil",Vegetarian,,Use very little oil and avoid ghee or cream while preparing the dhuska. Add fibre-rich vegetables and keep the portion modest.,Moderate cardio and brisk walking,"Use minimal oil and avoid ghee or fatty accompaniments. Common allergens: rice,legumes."
1255,Jharkhand,High Cholesterol,Snack,"Khaja (Oil Free, Small Bowl)",169,3,28,5,1,High,Low,Low,"Gluten, Mustard, Sesame","refined flour,jaggery,sugar,sesame,mustard oil",Vegetarian,,Use very little oil and avoid ghee or cream while preparing the khaja. Add fibre-rich vegetables and keep the portion modest.,Moderate cardio and brisk walking,Use minimal oil and avoid ghee or fatty accompaniments. Common allergens: gluten.
1256,Jharkhand,High Cholesterol,Snack,"Litti-Chokha (Oil Free, Lean Plate)",176,8,28,5,6,Low,Low,Low,"Gluten, Mustard","whole wheat flour,sattu,mustard oil,brinjal,tomato,potato,spices",Vegetarian,,Use very little oil and avoid ghee or cream while preparing the litti-chokha. Add fibre-rich vegetables and keep the portion modest.,Moderate cardio and brisk walking,Use minimal oil and avoid ghee or fatty accompaniments. Common allergens: gluten.
1257,Jharkhand,High Cholesterol,Snack,"Mitha Pitha (Simple, House Style)",145,4,28,4,2,High,Low,Low,"Rice, Sesame","rice flour,jaggery,coconut,sesame",Vegetarian,,Use very little oil and avoid ghee or cream while preparing the mitha pitha. Add fibre-rich vegetables and keep the portion modest.,Moderate cardio and brisk walking,Use minimal oil and avoid ghee or fatty accompaniments. Common allergens: rice.
1258,Jharkhand,High Cholesterol,Snack,Mudhi (Puffed Rice),150,6,25,2,2,Medium,Medium,Low,Safe,Puffed Rice,Vegetarian,,Dry plain mudhi.,Stay active,No specific warning
1259,Jharkhand,High Cholesterol,Snack,Roasted Chana,150,6,25,2,6,Low,Medium,Low,Safe,Black Chickpeas,Vegetarian,,"Dry roast, completely oil free.",Stay active,No specific warning
1260,Jharkhand,High Cholesterol,Snack,Roasted Makai,150,6,25,2,4,Medium,Medium,Low,Safe,Corn,Vegetarian,,Roasted over flame.,Stay active,No specific warning
1261,Jharkhand,High Cholesterol,Snack,Sattu Sherbet,150,6,25,2,4,Low,Medium,Low,Safe,Sattu,Vegetarian,,Plain sattu drink.,Stay active,No specific warning
1262,Jharkhand,High Cholesterol,Snack,Steamed Charpa,150,6,25,2,4,Low,Medium,Low,Safe,Chana Dal,Vegetarian,,Steamed dal paste.,Stay active,No specific warning
1263,Jharkhand,High Cholesterol,Snack,"Thekua (Oil Free, Controlled Serve)",145,3,22,5,2,High,Low,Low,"Gluten, Mustard, Sesame","whole wheat flour,jaggery,sesame,mustard oil",Vegetarian,,Use very little oil and avoid ghee or cream while preparing the thekua. Add fibre-rich vegetables and keep the portion modest.,Moderate cardio and brisk walking,Use minimal oil and avoid ghee or fatty accompaniments. Common allergens: gluten.
1264,Jharkhand,High Cholesterol,Snack,"Til Barfi (Tender, House Style)",147,4,17,7,2,High,Low,Low,"Dairy, Nuts, Sesame","sesame,jaggery,ghee",Vegetarian,,Use very little oil and avoid ghee or cream while preparing the til barfi. Add fibre-rich vegetables and keep the portion modest.,Moderate cardio and brisk walking,"Use minimal oil and avoid ghee or fatty accompaniments. Common allergens: sesame,nuts."
1265,Jharkhand,High Cholesterol,Snack,"Chilka Roti (Mild, Single Plate)",136,5,20,4,4,High,Low,Low,"Legumes, Mustard","rice flour,besan,spices,mustard oil,chicken,spices",Non-Vegetarian,Chicken,Use lean lean chicken and avoid heavy cream or excess fat. Pair the dish with fibre-rich sabzi and keep the oil very light.,Moderate cardio and brisk walking,Use minimal oil and avoid ghee or fatty accompaniments. Trim visible fat and keep portions moderate. Common allergens: legumes.
1266,Jharkhand,High Cholesterol,Snack,"Chilka Roti (Rustic, Single Plate)",127,5,20,3,4,High,Low,Low,"Legumes, Mustard","rice flour,besan,spices,mustard oil,chicken,spices",Non-Vegetarian,Chicken,Use lean lean chicken and avoid heavy cream or excess fat. Pair the dish with fibre-rich sabzi and keep the oil very light.,Moderate cardio and brisk walking,Use minimal oil and avoid ghee or fatty accompaniments. Trim visible fat and keep portions moderate. Common allergens: legumes.
1267,Jharkhand,High Cholesterol,Snack,"Chilka Roti (Rustic, Single Plate)",127,5,20,3,4,Medium,Medium,Low,"Legumes, Mustard","rice flour,besan,spices,mustard oil,chicken,spices",Non-Vegetarian,Chicken,Use lean lean chicken and avoid heavy cream or excess fat. Pair the dish with fibre-rich sabzi and keep the oil very light.,Moderate cardio and brisk walking,Use minimal oil and avoid ghee or fatty accompaniments. Trim visible fat and keep portions moderate. Common allergens: legumes.
1268,Jharkhand,High Cholesterol,Snack,"Chilka Roti (Steam Finished, Small Bowl)",136,5,20,4,4,High,High,Medium,"Legumes, Mustard","rice flour,besan,spices,mustard oil,chicken,spices",Non-Vegetarian,Chicken,Use lean lean chicken and avoid heavy cream or excess fat. Pair the dish with fibre-rich sabzi and keep the oil very light.,Moderate cardio and brisk walking,Use minimal oil and avoid ghee or fatty accompaniments. Trim visible fat and keep portions moderate. Common allergens: legumes.
1269,Jharkhand,High Cholesterol,Snack,"Dhuska (No Ghee, Controlled Serve)",157,6,22,5,4,Medium,Medium,Low,"Legumes, Mustard, Rice","rice flour,urad dal,spices,mustard oil,chicken,spices",Non-Vegetarian,Chicken,Use lean lean chicken and avoid heavy cream or excess fat. Pair the dish with fibre-rich sabzi and keep the oil very light.,Moderate cardio and brisk walking,"Use minimal oil and avoid ghee or fatty accompaniments. Trim visible fat and keep portions moderate. Common allergens: rice,legumes."
1270,Jharkhand,High Cholesterol,Snack,"Dhuska (Oil Free, Controlled Serve)",157,6,22,5,4,High,Low,Low,"Legumes, Mustard, Rice","rice flour,urad dal,spices,mustard oil,chicken,spices",Non-Vegetarian,Chicken,Use lean lean chicken and avoid heavy cream or excess fat. Pair the dish with fibre-rich sabzi and keep the oil very light.,Moderate cardio and brisk walking,"Use minimal oil and avoid ghee or fatty accompaniments. Trim visible fat and keep portions moderate. Common allergens: rice,legumes."
1271,Jharkhand,High Cholesterol,Snack,"Dhuska (Tender, Local Style)",166,6,22,6,4,High,Low,Low,"Legumes, Mustard, Rice","rice flour,urad dal,spices,mustard oil,chicken,spices",Non-Vegetarian,Chicken,Use lean lean chicken and avoid heavy cream or excess fat. Pair the dish with fibre-rich sabzi and keep the oil very light.,Moderate cardio and brisk walking,"Use minimal oil and avoid ghee or fatty accompaniments. Trim visible fat and keep portions moderate. Common allergens: rice,legumes."
1272,Jharkhand,High Cholesterol,Snack,"Dhuska (Tender, Local Style)",166,6,22,6,4,Low,Medium,Medium,"Legumes, Mustard, Rice","rice flour,urad dal,spices,mustard oil,chicken,spices",Non-Vegetarian,Chicken,Use lean lean chicken and avoid heavy cream or excess fat. Pair the dish with fibre-rich sabzi and keep the oil very light.,Moderate cardio and brisk walking,"Use minimal oil and avoid ghee or fatty accompaniments. Trim visible fat and keep portions moderate. Common allergens: rice,legumes."
1273,Jharkhand,High Cholesterol,Snack,"Khapada Roti (Lean, Moderate Portion)",130,5,26,3,5,Low,Low,Low,"Gluten, Mustard","whole wheat flour,mustard oil,water,spices,goat meat,spices",Non-Vegetarian,Mutton,Use lean trimmed mutton and avoid heavy cream or excess fat. Pair the dish with fibre-rich sabzi and keep the oil very light.,Moderate cardio and brisk walking,Use minimal oil and avoid ghee or fatty accompaniments. Trim visible fat and keep portions moderate. Common allergens: gluten.
1274,Jharkhand,High Cholesterol,Snack,"Khapada Roti (No Ghee, Moderate Portion)",125,5,26,2,5,Low,Low,Low,"Gluten, Mustard","whole wheat flour,mustard oil,water,spices,goat meat,spices",Non-Vegetarian,Mutton,Use lean trimmed mutton and avoid heavy cream or excess fat. Pair the dish with fibre-rich sabzi and keep the oil very light.,Moderate cardio and brisk walking,Use minimal oil and avoid ghee or fatty accompaniments. Trim visible fat and keep portions moderate. Common allergens: gluten.
1275,Jharkhand,High Cholesterol,Snack,"Khapada Roti (Seasonal, Local Style)",125,5,26,2,5,Low,Low,Low,"Gluten, Mustard","whole wheat flour,mustard oil,water,spices,goat meat,spices",Non-Vegetarian,Mutton,Use lean trimmed mutton and avoid heavy cream or excess fat. Pair the dish with fibre-rich sabzi and keep the oil very light.,Moderate cardio and brisk walking,Use minimal oil and avoid ghee or fatty accompaniments. Trim visible fat and keep portions moderate. Common allergens: gluten.
1276,Jharkhand,High Cholesterol,Snack,"Khapada Roti (Simple, Local Style)",130,5,26,3,5,Medium,Medium,Medium,"Gluten, Mustard","whole wheat flour,mustard oil,water,spices,goat meat,spices",Non-Vegetarian,Mutton,Use lean trimmed mutton and avoid heavy cream or excess fat. Pair the dish with fibre-rich sabzi and keep the oil very light.,Moderate cardio and brisk walking,Use minimal oil and avoid ghee or fatty accompaniments. Trim visible fat and keep portions moderate. Common allergens: gluten.
1277,Jharkhand,High Cholesterol,Snack,"Litti-Chokha (Lean, Lean Plate)",184,8,28,6,6,Low,Low,Low,"Gluten, Mustard","whole wheat flour,sattu,mustard oil,brinjal,tomato,potato,spices,chicken,spices",Non-Vegetarian,Chicken,Use lean lean chicken and avoid heavy cream or excess fat. Pair the dish with fibre-rich sabzi and keep the oil very light.,Moderate cardio and brisk walking,Use minimal oil and avoid ghee or fatty accompaniments. Trim visible fat and keep portions moderate. Common allergens: gluten.
1278,Jharkhand,High Cholesterol,Snack,"Litti-Chokha (Light, Single Plate)",176,8,28,5,6,Low,Low,Low,"Gluten, Mustard","whole wheat flour,sattu,mustard oil,brinjal,tomato,potato,spices,chicken,spices",Non-Vegetarian,Chicken,Use lean lean chicken and avoid heavy cream or excess fat. Pair the dish with fibre-rich sabzi and keep the oil very light.,Moderate cardio and brisk walking,Use minimal oil and avoid ghee or fatty accompaniments. Trim visible fat and keep portions moderate. Common allergens: gluten.
1279,Jharkhand,High Cholesterol,Snack,"Litti-Chokha (No Ghee, Lean Plate)",176,8,28,5,6,Medium,Low,Low,"Gluten, Mustard","whole wheat flour,sattu,mustard oil,brinjal,tomato,potato,spices,chicken,spices",Non-Vegetarian,Chicken,Use lean lean chicken and avoid heavy cream or excess fat. Pair the dish with fibre-rich sabzi and keep the oil very light.,Moderate cardio and brisk walking,Use minimal oil and avoid ghee or fatty accompaniments. Trim visible fat and keep portions moderate. Common allergens: gluten.
1280,Jharkhand,High Cholesterol,Snack,"Litti-Chokha (Steam Finished, Lean Plate)",184,8,28,6,6,Medium,Medium,Medium,"Gluten, Mustard","whole wheat flour,sattu,mustard oil,brinjal,tomato,potato,spices,chicken,spices",Non-Vegetarian,Chicken,Use lean lean chicken and avoid heavy cream or excess fat. Pair the dish with fibre-rich sabzi and keep the oil very light.,Moderate cardio and brisk walking,Use minimal oil and avoid ghee or fatty accompaniments. Trim visible fat and keep portions moderate. Common allergens: gluten.
1281,Jharkhand,High Cholesterol,Snack,"Arsa (No Ghee, Controlled Serve)",143,3,26,3,1,Medium,Medium,Low,"Mustard, Rice, Sesame","rice flour,jaggery,sesame,mustard oil",Vegan,,Use very little oil and avoid ghee or cream while preparing the arsa. Add fibre-rich vegetables and keep the portion modest.,Moderate cardio and brisk walking,Use minimal oil and avoid ghee or fatty accompaniments. Keep the recipe fully plant-based and avoid ghee or dairy. Common allergens: rice.
1282,Jharkhand,High Cholesterol,Snack,"Arsa (Rustic, House Style)",143,3,26,3,1,High,Low,Low,"Mustard, Rice, Sesame","rice flour,jaggery,sesame,mustard oil",Vegan,,Use very little oil and avoid ghee or cream while preparing the arsa. Add fibre-rich vegetables and keep the portion modest.,Moderate cardio and brisk walking,Use minimal oil and avoid ghee or fatty accompaniments. Keep the recipe fully plant-based and avoid ghee or dairy. Common allergens: rice.
1283,Jharkhand,High Cholesterol,Snack,"Chana Dal Puri (Lean, Controlled Serve)",186,7,26,6,5,Low,Low,Low,"Gluten, Legumes, Mustard","whole wheat flour,chana dal,spices,mustard oil",Vegan,,Use very little oil and avoid ghee or cream while preparing the chana dal puri. Add fibre-rich vegetables and keep the portion modest.,Moderate cardio and brisk walking,"Use minimal oil and avoid ghee or fatty accompaniments. Keep the recipe fully plant-based and avoid ghee or dairy. Common allergens: gluten,legumes."
1284,Jharkhand,High Cholesterol,Snack,"Chana Dal Puri (Steam Finished, Controlled Serve)",186,7,26,6,5,Low,Medium,Medium,"Gluten, Legumes, Mustard","whole wheat flour,chana dal,spices,mustard oil",Vegan,,Use very little oil and avoid ghee or cream while preparing the chana dal puri. Add fibre-rich vegetables and keep the portion modest.,Moderate cardio and brisk walking,"Use minimal oil and avoid ghee or fatty accompaniments. Keep the recipe fully plant-based and avoid ghee or dairy. Common allergens: gluten,legumes."
1285,Jharkhand,High Cholesterol,Snack,"Dhuska (Classic, House Style)",145,6,22,6,4,High,Low,Low,"Legumes, Mustard, Rice","rice flour,urad dal,spices,mustard oil",Vegan,,Use very little oil and avoid ghee or cream while preparing the dhuska. Add fibre-rich vegetables and keep the portion modest.,Moderate cardio and brisk walking,"Use minimal oil and avoid ghee or fatty accompaniments. Keep the recipe fully plant-based and avoid ghee or dairy. Common allergens: rice,legumes."
1286,Jharkhand,High Cholesterol,Snack,"Dhuska (Steam Finished, Moderate Portion)",145,6,22,6,4,Medium,Medium,Medium,"Legumes, Mustard, Rice","rice flour,urad dal,spices,mustard oil",Vegan,,Use very little oil and avoid ghee or cream while preparing the dhuska. Add fibre-rich vegetables and keep the portion modest.,Moderate cardio and brisk walking,"Use minimal oil and avoid ghee or fatty accompaniments. Keep the recipe fully plant-based and avoid ghee or dairy. Common allergens: rice,legumes."
1287,Jharkhand,High Cholesterol,Snack,"Khaja (No Ghee, Lean Plate)",147,3,28,5,1,Medium,Low,Low,"Gluten, Mustard, Sesame","refined flour,jaggery,sugar,sesame,mustard oil",Vegan,,Use very little oil and avoid ghee or cream while preparing the khaja. Add fibre-rich vegetables and keep the portion modest.,Moderate cardio and brisk walking,Use minimal oil and avoid ghee or fatty accompaniments. Keep the recipe fully plant-based and avoid ghee or dairy. Common allergens: gluten.
1288,Jharkhand,High Cholesterol,Snack,"Khaja (Oil Free, Lean Plate)",147,3,28,5,1,High,Low,Low,"Gluten, Mustard, Sesame","refined flour,jaggery,sugar,sesame,mustard oil",Vegan,,Use very little oil and avoid ghee or cream while preparing the khaja. Add fibre-rich vegetables and keep the portion modest.,Moderate cardio and brisk walking,Use minimal oil and avoid ghee or fatty accompaniments. Keep the recipe fully plant-based and avoid ghee or dairy. Common allergens: gluten.
1289,Jharkhand,High Cholesterol,Snack,"Litti-Chokha (Seasonal, Daily Serve)",198,8,28,6,6,Low,Low,Low,"Gluten, Mustard","whole wheat flour,sattu,mustard oil,brinjal,tomato,potato,spices",Vegan,,Use very little oil and avoid ghee or cream while preparing the litti-chokha. Add fibre-rich vegetables and keep the portion modest.,Moderate cardio and brisk walking,Use minimal oil and avoid ghee or fatty accompaniments. Keep the recipe fully plant-based and avoid ghee or dairy. Common allergens: gluten.
1290,Jharkhand,High Cholesterol,Snack,"Litti-Chokha (Steam Finished, Small Bowl)",198,8,28,6,6,High,High,Medium,"Gluten, Mustard","whole wheat flour,sattu,mustard oil,brinjal,tomato,potato,spices",Vegan,,Use very little oil and avoid ghee or cream while preparing the litti-chokha. Add fibre-rich vegetables and keep the portion modest.,Moderate cardio and brisk walking,Use minimal oil and avoid ghee or fatty accompaniments. Keep the recipe fully plant-based and avoid ghee or dairy. Common allergens: gluten.
1291,Jharkhand,High Cholesterol,Snack,"Mitha Pitha (No Ghee, Small Bowl)",155,4,28,3,2,Medium,Medium,Low,"Rice, Sesame","rice flour,jaggery,sesame",Vegan,,Use very little oil and avoid ghee or cream while preparing the mitha pitha. Add fibre-rich vegetables and keep the portion modest.,Moderate cardio and brisk walking,Use minimal oil and avoid ghee or fatty accompaniments. Keep the recipe fully plant-based and avoid ghee or dairy. Common allergens: rice.
1292,Jharkhand,High Cholesterol,Snack,"Mitha Pitha (Simple, Daily Serve)",155,4,28,3,2,High,Low,Low,"Rice, Sesame","rice flour,jaggery,sesame",Vegan,,Use very little oil and avoid ghee or cream while preparing the mitha pitha. Add fibre-rich vegetables and keep the portion modest.,Moderate cardio and brisk walking,Use minimal oil and avoid ghee or fatty accompaniments. Keep the recipe fully plant-based and avoid ghee or dairy. Common allergens: rice.
1293,Jharkhand,High Cholesterol,Snack,"Thekua (No Ghee, Moderate Portion)",132,3,22,5,2,High,Low,Low,"Gluten, Mustard, Sesame","whole wheat flour,jaggery,sesame,mustard oil",Vegan,,Use very little oil and avoid ghee or cream while preparing the thekua. Add fibre-rich vegetables and keep the portion modest.,Moderate cardio and brisk walking,Use minimal oil and avoid ghee or fatty accompaniments. Keep the recipe fully plant-based and avoid ghee or dairy. Common allergens: gluten.
1294,Jharkhand,High Cholesterol,Snack,"Thekua (Oil Free, Moderate Portion)",132,3,22,5,2,High,Low,Low,"Gluten, Mustard, Sesame","whole wheat flour,jaggery,sesame,mustard oil",Vegan,,Use very little oil and avoid ghee or cream while preparing the thekua. Add fibre-rich vegetables and keep the portion modest.,Moderate cardio and brisk walking,Use minimal oil and avoid ghee or fatty accompaniments. Keep the recipe fully plant-based and avoid ghee or dairy. Common allergens: gluten.
1295,Jharkhand,High Cholesterol,Snack,"Til Barfi (Steam Finished, Lean Plate)",138,4,17,7,2,Medium,Medium,Medium,"Mustard, Nuts, Sesame","sesame,jaggery,mustard oil",Vegan,,Use very little oil and avoid ghee or cream while preparing the til barfi. Add fibre-rich vegetables and keep the portion modest.,Moderate cardio and brisk walking,"Use minimal oil and avoid ghee or fatty accompaniments. Keep the recipe fully plant-based and avoid ghee or dairy. Common allergens: sesame,nuts."
1296,Jharkhand,High Cholesterol,Snack,"Til Barfi (Tender, Daily Serve)",138,4,17,7,2,High,Low,Low,"Mustard, Nuts, Sesame","sesame,jaggery,mustard oil",Vegan,,Use very little oil and avoid ghee or cream while preparing the til barfi. Add fibre-rich vegetables and keep the portion modest.,Moderate cardio and brisk walking,"Use minimal oil and avoid ghee or fatty accompaniments. Keep the recipe fully plant-based and avoid ghee or dairy. Common allergens: sesame,nuts."
1297,Jharkhand,High Cholesterol,Dinner,"Aloo Chokha (Oil Free, Small Bowl)",88,3,17,2,4,Low,Low,Low,Mustard,"potato,onion,green chilli,mustard oil,spices",Vegetarian,,Use very little oil and avoid ghee or cream while preparing the aloo chokha. Add fibre-rich vegetables and keep the portion modest.,Moderate cardio and brisk walking,Use minimal oil and avoid ghee or fatty accompaniments.
1298,Jharkhand,High Cholesterol,Dinner,"Bamboo Shoot Sabzi (Oil Free, Controlled Serve)",62,3,8,2,5,Low,Low,Low,Mustard,"bamboo shoot,onion,garlic,mustard oil,spices",Vegetarian,,Use very little oil and avoid ghee or cream while preparing the bamboo shoot sabzi. Add fibre-rich vegetables and keep the portion modest.,Moderate cardio and brisk walking,Use minimal oil and avoid ghee or fatty accompaniments.
1299,Jharkhand,High Cholesterol,Dinner,"Bhaji Sag (Lean, Moderate Portion)",78,4,11,2,5,Low,Low,Low,Mustard,"leafy greens,onion,garlic,mustard oil,spices",Vegetarian,,Use very little oil and avoid ghee or cream while preparing the bhaji sag. Add fibre-rich vegetables and keep the portion modest.,Moderate cardio and brisk walking,Use minimal oil and avoid ghee or fatty accompaniments.
1300,Jharkhand,High Cholesterol,Dinner,"Dal Pitha (Lean, Small Bowl)",161,8,26,4,5,High,Low,Low,"Gluten, Legumes, Mustard","rice flour,urad dal,chana dal,spices,mustard oil",Vegetarian,,Use very little oil and avoid ghee or cream while preparing the dal pitha. Add fibre-rich vegetables and keep the portion modest.,Moderate cardio and brisk walking,"Use minimal oil and avoid ghee or fatty accompaniments. Common allergens: gluten,legumes."
1301,Jharkhand,High Cholesterol,Dinner,Gondli Rice + Ghugni (Zero Oil),400,25,55,8,13,Low,Medium,Low,Safe,"Little Millet, Black Chickpeas",Vegetarian,,Cook ghugni with spices and water only.,20 mins walk,Avoid rich gravies
1302,Jharkhand,High Cholesterol,Dinner,Gondli Rice + Kurthi Dal (No Tadka),400,25,55,8,10,Low,Medium,Low,Safe,"Little Millet, Horsegram",Vegetarian,,Boil dal plainly.,20 mins walk,Avoid rich gravies
1303,Jharkhand,High Cholesterol,Dinner,"Khapada Roti (Mild, Local Style)",153,5,26,3,5,Low,Low,Low,"Gluten, Mustard","whole wheat flour,mustard oil,water,spices",Vegetarian,,Use very little oil and avoid ghee or cream while preparing the khapada roti. Add fibre-rich vegetables and keep the portion modest.,Moderate cardio and brisk walking,Use minimal oil and avoid ghee or fatty accompaniments. Common allergens: gluten.
1304,Jharkhand,High Cholesterol,Dinner,"Koinar Sag (No Ghee, Moderate Portion)",78,4,9,2,5,Low,Low,Low,Mustard,"koinar leaves,onion,garlic,mustard oil,spices",Vegetarian,,Use very little oil and avoid ghee or cream while preparing the koinar sag. Add fibre-rich vegetables and keep the portion modest.,Moderate cardio and brisk walking,Use minimal oil and avoid ghee or fatty accompaniments.
1305,Jharkhand,High Cholesterol,Dinner,"Kurthi Dal (Oil Free, Moderate Portion)",151,9,18,3,8,Low,Low,Low,"Legumes, Mustard","kurthi dal,garlic,ginger,cumin,mustard oil",Vegetarian,,Use very little oil and avoid ghee or cream while preparing the kurthi dal. Add fibre-rich vegetables and keep the portion modest.,Moderate cardio and brisk walking,Use minimal oil and avoid ghee or fatty accompaniments. Common allergens: legumes.
1306,Jharkhand,High Cholesterol,Dinner,"Litti-Chokha (Lean, Controlled Serve)",184,8,28,6,6,Low,Low,Low,"Gluten, Mustard","whole wheat flour,sattu,mustard oil,brinjal,tomato,potato,spices",Vegetarian,,Use very little oil and avoid ghee or cream while preparing the litti-chokha. Add fibre-rich vegetables and keep the portion modest.,Moderate cardio and brisk walking,Use minimal oil and avoid ghee or fatty accompaniments. Common allergens: gluten.
1307,Jharkhand,High Cholesterol,Dinner,Marua Roti + Lal Saag (Boiled),400,25,55,8,12,Low,Medium,Low,Safe,"Finger Millet, Red Amaranth",Vegetarian,,"Boil the saag with garlic, zero oil tempering.",20 mins walk,Avoid rich gravies
1308,Jharkhand,High Cholesterol,Dinner,"Rugdha (Oil Free, Lean Plate)",66,5,7,2,4,Low,Low,Low,Mustard,"rugdha mushroom,onion,garlic,mustard oil,spices",Vegetarian,,Use very little oil and avoid ghee or cream while preparing the rugdha. Add fibre-rich vegetables and keep the portion modest.,Moderate cardio and brisk walking,Use minimal oil and avoid ghee or fatty accompaniments.
1309,Jharkhand,High Cholesterol,Dinner,Steamed Dal Pitha,400,25,55,8,7,High,Medium,Low,Safe,"Rice Flour, Urad Dal",Vegetarian,,Steam perfectly.,20 mins walk,Avoid rich gravies
1310,Jharkhand,High Cholesterol,Dinner,Usna Rice + Aloo Chokha (No Oil),400,25,55,8,8,Medium,Medium,Low,Safe,"Parboiled Rice, Potato",Vegetarian,,Mash without mustard oil.,20 mins walk,Avoid rich gravies
1311,Jharkhand,High Cholesterol,Dinner,Wheat Roti + Parwal Sabzi (Boiled),400,25,55,8,9,Medium,Medium,Low,Gluten,"Wheat, Pointed Gourd",Vegetarian,,Boil with spices.,20 mins walk,Avoid rich gravies
1312,Jharkhand,High Cholesterol,Dinner,Wheat Roti + Rugra Sabzi (Zero Oil),400,25,55,8,8,Low,Medium,Low,Gluten,"Wheat, Mushroom",Vegetarian,,Cook mushroom in water and spices.,20 mins walk,Avoid rich gravies
1313,Jharkhand,High Cholesterol,Dinner,"Aloo Chokha (Fresh, House Style)",92,3,17,3,4,Low,Low,Low,Mustard,"potato,onion,green chilli,mustard oil,spices,chicken,spices",Non-Vegetarian,Chicken,Use lean lean chicken and avoid heavy cream or excess fat. Pair the dish with fibre-rich sabzi and keep the oil very light.,Moderate cardio and brisk walking,Use minimal oil and avoid ghee or fatty accompaniments. Trim visible fat and keep portions moderate.
1314,Jharkhand,High Cholesterol,Dinner,"Aloo Chokha (Simple, House Style)",104,3,17,2,4,Low,Low,Low,Mustard,"potato,onion,green chilli,mustard oil,spices,chicken,spices",Non-Vegetarian,Chicken,Use lean lean chicken and avoid heavy cream or excess fat. Pair the dish with fibre-rich sabzi and keep the oil very light.,Moderate cardio and brisk walking,Use minimal oil and avoid ghee or fatty accompaniments. Trim visible fat and keep portions moderate.
1315,Jharkhand,High Cholesterol,Dinner,"Aloo Chokha (Steam Finished, Lean Plate)",108,3,17,3,4,Medium,Medium,Medium,Mustard,"potato,onion,green chilli,mustard oil,spices,chicken,spices",Non-Vegetarian,Chicken,Use lean lean chicken and avoid heavy cream or excess fat. Pair the dish with fibre-rich sabzi and keep the oil very light.,Moderate cardio and brisk walking,Use minimal oil and avoid ghee or fatty accompaniments. Trim visible fat and keep portions moderate.
1316,Jharkhand,High Cholesterol,Dinner,"Chilka Roti (Seasonal, House Style)",144,5,20,4,4,High,Low,Low,"Legumes, Mustard","rice flour,besan,spices,mustard oil,chicken,spices",Non-Vegetarian,Chicken,Use lean lean chicken and avoid heavy cream or excess fat. Pair the dish with fibre-rich sabzi and keep the oil very light.,Moderate cardio and brisk walking,Use minimal oil and avoid ghee or fatty accompaniments. Trim visible fat and keep portions moderate. Common allergens: legumes.
1317,Jharkhand,High Cholesterol,Dinner,"Chilka Roti (Tender, House Style)",118,5,20,3,4,Medium,Medium,Low,"Legumes, Mustard","rice flour,besan,spices,mustard oil,chicken,spices",Non-Vegetarian,Chicken,Use lean lean chicken and avoid heavy cream or excess fat. Pair the dish with fibre-rich sabzi and keep the oil very light.,Moderate cardio and brisk walking,Use minimal oil and avoid ghee or fatty accompaniments. Trim visible fat and keep portions moderate. Common allergens: legumes.
1318,Jharkhand,High Cholesterol,Dinner,"Desi Chicken Curry (Classic, Daily Serve)",184,25,5,9,0,Low,Low,Low,Mustard,"chicken,onion,garlic,ginger,spices,mustard oil",Non-Vegetarian,Chicken,Use lean lean chicken and avoid heavy cream or excess fat. Pair the dish with fibre-rich sabzi and keep the oil very light.,Moderate cardio and brisk walking,Use minimal oil and avoid ghee or fatty accompaniments. Trim visible fat and keep portions moderate.
1319,Jharkhand,High Cholesterol,Dinner,"Desi Chicken Curry (Rustic, Daily Serve)",216,25,5,9,0,Low,Low,Low,Mustard,"chicken,onion,garlic,ginger,spices,mustard oil",Non-Vegetarian,Chicken,Use lean lean chicken and avoid heavy cream or excess fat. Pair the dish with fibre-rich sabzi and keep the oil very light.,Moderate cardio and brisk walking,Use minimal oil and avoid ghee or fatty accompaniments. Trim visible fat and keep portions moderate.
1320,Jharkhand,High Cholesterol,Dinner,"Desi Chicken Curry (Steam Finished, Controlled Serve)",191,25,5,10,0,High,Medium,Medium,Mustard,"chicken,onion,garlic,ginger,spices,mustard oil",Non-Vegetarian,Chicken,Use lean lean chicken and avoid heavy cream or excess fat. Pair the dish with fibre-rich sabzi and keep the oil very light.,Moderate cardio and brisk walking,Use minimal oil and avoid ghee or fatty accompaniments. Trim visible fat and keep portions moderate.
1321,Jharkhand,High Cholesterol,Dinner,"Goat Meat Gravy (Simple, House Style)",224,25,4,12,0,Medium,Low,Low,Mustard,"goat meat,onion,garlic,ginger,spices,mustard oil",Non-Vegetarian,Mutton,Use lean trimmed mutton and avoid heavy cream or excess fat. Pair the dish with fibre-rich sabzi and keep the oil very light.,Moderate cardio and brisk walking,Use minimal oil and avoid ghee or fatty accompaniments. Trim visible fat and keep portions moderate.
1322,Jharkhand,High Cholesterol,Dinner,"Goat Meat Gravy (Steam Finished, Small Bowl)",230,25,4,14,0,High,High,Medium,Mustard,"goat meat,onion,garlic,ginger,spices,mustard oil",Non-Vegetarian,Mutton,Use lean trimmed mutton and avoid heavy cream or excess fat. Pair the dish with fibre-rich sabzi and keep the oil very light.,Moderate cardio and brisk walking,Use minimal oil and avoid ghee or fatty accompaniments. Trim visible fat and keep portions moderate.
1323,Jharkhand,High Cholesterol,Dinner,"Goat Meat Gravy (Tender, House Style)",220,25,4,12,0,Low,Low,Low,Mustard,"goat meat,onion,garlic,ginger,spices,mustard oil",Non-Vegetarian,Mutton,Use lean trimmed mutton and avoid heavy cream or excess fat. Pair the dish with fibre-rich sabzi and keep the oil very light.,Moderate cardio and brisk walking,Use minimal oil and avoid ghee or fatty accompaniments. Trim visible fat and keep portions moderate.
1324,Jharkhand,High Cholesterol,Dinner,"Khapada Roti (Light, Daily Serve)",130,5,26,3,5,Low,Low,Low,"Gluten, Mustard","whole wheat flour,mustard oil,water,spices,goat meat,spices",Non-Vegetarian,Mutton,Use lean trimmed mutton and avoid heavy cream or excess fat. Pair the dish with fibre-rich sabzi and keep the oil very light.,Moderate cardio and brisk walking,Use minimal oil and avoid ghee or fatty accompaniments. Trim visible fat and keep portions moderate. Common allergens: gluten.
1325,Jharkhand,High Cholesterol,Dinner,"Khapada Roti (Mild, Daily Serve)",153,5,26,3,5,Medium,Medium,Medium,"Gluten, Mustard","whole wheat flour,mustard oil,water,spices,goat meat,spices",Non-Vegetarian,Mutton,Use lean trimmed mutton and avoid heavy cream or excess fat. Pair the dish with fibre-rich sabzi and keep the oil very light.,Moderate cardio and brisk walking,Use minimal oil and avoid ghee or fatty accompaniments. Trim visible fat and keep portions moderate. Common allergens: gluten.
1326,Jharkhand,High Cholesterol,Dinner,"Khapada Roti (Rustic, Daily Serve)",147,5,26,2,5,Low,Low,Low,"Gluten, Mustard","whole wheat flour,mustard oil,water,spices,goat meat,spices",Non-Vegetarian,Mutton,Use lean trimmed mutton and avoid heavy cream or excess fat. Pair the dish with fibre-rich sabzi and keep the oil very light.,Moderate cardio and brisk walking,Use minimal oil and avoid ghee or fatty accompaniments. Trim visible fat and keep portions moderate. Common allergens: gluten.
1327,Jharkhand,High Cholesterol,Dinner,"Litti-Chokha (Classic, Daily Serve)",176,8,28,5,6,Medium,Medium,Low,"Gluten, Mustard","whole wheat flour,sattu,mustard oil,brinjal,tomato,potato,spices,chicken,spices",Non-Vegetarian,Chicken,Use lean lean chicken and avoid heavy cream or excess fat. Pair the dish with fibre-rich sabzi and keep the oil very light.,Moderate cardio and brisk walking,Use minimal oil and avoid ghee or fatty accompaniments. Trim visible fat and keep portions moderate. Common allergens: gluten.
1328,Jharkhand,High Cholesterol,Dinner,"Litti-Chokha (Mild, Daily Serve)",216,8,28,6,6,Low,Low,Low,"Gluten, Mustard","whole wheat flour,sattu,mustard oil,brinjal,tomato,potato,spices,chicken,spices",Non-Vegetarian,Chicken,Use lean lean chicken and avoid heavy cream or excess fat. Pair the dish with fibre-rich sabzi and keep the oil very light.,Moderate cardio and brisk walking,Use minimal oil and avoid ghee or fatty accompaniments. Trim visible fat and keep portions moderate. Common allergens: gluten.
1329,Jharkhand,High Cholesterol,Dinner,"Aloo Chokha (Classic, Single Plate)",104,3,17,2,4,Low,Low,Low,Mustard,"potato,onion,green chilli,mustard oil,spices",Vegan,,Use very little oil and avoid ghee or cream while preparing the aloo chokha. Add fibre-rich vegetables and keep the portion modest.,Moderate cardio and brisk walking,Use minimal oil and avoid ghee or fatty accompaniments. Keep the recipe fully plant-based and avoid ghee or dairy.
1330,Jharkhand,High Cholesterol,Dinner,"Aloo Chokha (Steam Finished, Moderate Portion)",108,3,17,3,4,Medium,Medium,Medium,Mustard,"potato,onion,green chilli,mustard oil,spices",Vegan,,Use very little oil and avoid ghee or cream while preparing the aloo chokha. Add fibre-rich vegetables and keep the portion modest.,Moderate cardio and brisk walking,Use minimal oil and avoid ghee or fatty accompaniments. Keep the recipe fully plant-based and avoid ghee or dairy.
1331,Jharkhand,High Cholesterol,Dinner,"Bamboo Shoot Sabzi (No Ghee, Small Bowl)",62,3,8,2,5,Medium,Medium,Low,Mustard,"bamboo shoot,onion,garlic,mustard oil,spices",Vegan,,Use very little oil and avoid ghee or cream while preparing the bamboo shoot sabzi. Add fibre-rich vegetables and keep the portion modest.,Moderate cardio and brisk walking,Use minimal oil and avoid ghee or fatty accompaniments. Keep the recipe fully plant-based and avoid ghee or dairy.
1332,Jharkhand,High Cholesterol,Dinner,"Bamboo Shoot Sabzi (Oil Free, Moderate Portion)",62,3,8,2,5,Low,Low,Low,Mustard,"bamboo shoot,onion,garlic,mustard oil,spices",Vegan,,Use very little oil and avoid ghee or cream while preparing the bamboo shoot sabzi. Add fibre-rich vegetables and keep the portion modest.,Moderate cardio and brisk walking,Use minimal oil and avoid ghee or fatty accompaniments. Keep the recipe fully plant-based and avoid ghee or dairy.
1333,Jharkhand,High Cholesterol,Dinner,"Bhaji Sag (Oil Free, Controlled Serve)",73,4,11,2,5,Low,Low,Low,Mustard,"leafy greens,onion,garlic,mustard oil,spices",Vegan,,Use very little oil and avoid ghee or cream while preparing the bhaji sag. Add fibre-rich vegetables and keep the portion modest.,Moderate cardio and brisk walking,Use minimal oil and avoid ghee or fatty accompaniments. Keep the recipe fully plant-based and avoid ghee or dairy.
1334,Jharkhand,High Cholesterol,Dinner,"Bhaji Sag (Steam Finished, Lean Plate)",78,4,11,2,5,Medium,Medium,Medium,Mustard,"leafy greens,onion,garlic,mustard oil,spices",Vegan,,Use very little oil and avoid ghee or cream while preparing the bhaji sag. Add fibre-rich vegetables and keep the portion modest.,Moderate cardio and brisk walking,Use minimal oil and avoid ghee or fatty accompaniments. Keep the recipe fully plant-based and avoid ghee or dairy.
1335,Jharkhand,High Cholesterol,Dinner,"Dal Pitha (Lean, Lean Plate)",189,8,26,4,5,High,Low,Low,"Gluten, Legumes, Mustard","rice flour,urad dal,chana dal,spices,mustard oil",Vegan,,Use very little oil and avoid ghee or cream while preparing the dal pitha. Add fibre-rich vegetables and keep the portion modest.,Moderate cardio and brisk walking,"Use minimal oil and avoid ghee or fatty accompaniments. Keep the recipe fully plant-based and avoid ghee or dairy. Common allergens: gluten,legumes."
1336,Jharkhand,High Cholesterol,Dinner,"Dubki (Lean, Small Bowl)",115,6,17,3,6,Low,Low,Low,"Legumes, Mustard","chana dal/urad dal,spices,mustard oil,garlic",Vegan,,Use very little oil and avoid ghee or cream while preparing the dubki. Add fibre-rich vegetables and keep the portion modest.,Moderate cardio and brisk walking,Use minimal oil and avoid ghee or fatty accompaniments. Keep the recipe fully plant-based and avoid ghee or dairy. Common allergens: legumes.
1337,Jharkhand,High Cholesterol,Dinner,"Khapada Roti (Oil Free, Small Bowl)",125,5,26,2,5,Low,Low,Low,"Gluten, Mustard","whole wheat flour,mustard oil,water,spices",Vegan,,Use very little oil and avoid ghee or cream while preparing the khapada roti. Add fibre-rich vegetables and keep the portion modest.,Moderate cardio and brisk walking,Use minimal oil and avoid ghee or fatty accompaniments. Keep the recipe fully plant-based and avoid ghee or dairy. Common allergens: gluten.
1338,Jharkhand,High Cholesterol,Dinner,"Khapada Roti (Steam Finished, Controlled Serve)",130,5,26,3,5,High,Medium,Medium,"Gluten, Mustard","whole wheat flour,mustard oil,water,spices",Vegan,,Use very little oil and avoid ghee or cream while preparing the khapada roti. Add fibre-rich vegetables and keep the portion modest.,Moderate cardio and brisk walking,Use minimal oil and avoid ghee or fatty accompaniments. Keep the recipe fully plant-based and avoid ghee or dairy. Common allergens: gluten.
1339,Jharkhand,High Cholesterol,Dinner,"Koinar Sag (Lean, Controlled Serve)",69,4,9,2,5,Low,Low,Low,Mustard,"koinar leaves,onion,garlic,mustard oil,spices",Vegan,,Use very little oil and avoid ghee or cream while preparing the koinar sag. Add fibre-rich vegetables and keep the portion modest.,Moderate cardio and brisk walking,Use minimal oil and avoid ghee or fatty accompaniments. Keep the recipe fully plant-based and avoid ghee or dairy.
1340,Jharkhand,High Cholesterol,Dinner,"Kurthi Dal (No Ghee, Lean Plate)",151,9,18,3,8,Medium,Low,Low,"Legumes, Mustard","kurthi dal,garlic,ginger,cumin,mustard oil",Vegan,,Use very little oil and avoid ghee or cream while preparing the kurthi dal. Add fibre-rich vegetables and keep the portion modest.,Moderate cardio and brisk walking,Use minimal oil and avoid ghee or fatty accompaniments. Keep the recipe fully plant-based and avoid ghee or dairy. Common allergens: legumes.
1341,Jharkhand,High Cholesterol,Dinner,"Litti-Chokha (Rustic, Single Plate)",184,8,28,6,6,High,High,Medium,"Gluten, Mustard","whole wheat flour,sattu,mustard oil,brinjal,tomato,potato,spices",Vegan,,Use very little oil and avoid ghee or cream while preparing the litti-chokha. Add fibre-rich vegetables and keep the portion modest.,Moderate cardio and brisk walking,Use minimal oil and avoid ghee or fatty accompaniments. Keep the recipe fully plant-based and avoid ghee or dairy. Common allergens: gluten.
1342,Jharkhand,High Cholesterol,Dinner,"Litti-Chokha (Seasonal, Local Style)",216,8,28,6,6,Low,Low,Low,"Gluten, Mustard","whole wheat flour,sattu,mustard oil,brinjal,tomato,potato,spices",Vegan,,Use very little oil and avoid ghee or cream while preparing the litti-chokha. Add fibre-rich vegetables and keep the portion modest.,Moderate cardio and brisk walking,Use minimal oil and avoid ghee or fatty accompaniments. Keep the recipe fully plant-based and avoid ghee or dairy. Common allergens: gluten.
1343,Jharkhand,High Cholesterol,Dinner,"Rugdha (No Ghee, Controlled Serve)",70,5,7,2,4,Medium,Medium,Low,Mustard,"rugdha mushroom,onion,garlic,mustard oil,spices",Vegan,,Use very little oil and avoid ghee or cream while preparing the rugdha. Add fibre-rich vegetables and keep the portion modest.,Moderate cardio and brisk walking,Use minimal oil and avoid ghee or fatty accompaniments. Keep the recipe fully plant-based and avoid ghee or dairy.
1344,Jharkhand,High Cholesterol,Dinner,"Udad Dal (No Ghee, Moderate Portion)",156,10,17,4,7,Low,Low,Low,"Legumes, Mustard","urad dal,ginger,garlic,cumin,mustard oil",Vegan,,Use very little oil and avoid ghee or cream while preparing the udad dal. Add fibre-rich vegetables and keep the portion modest.,Moderate cardio and brisk walking,Use minimal oil and avoid ghee or fatty accompaniments. Keep the recipe fully plant-based and avoid ghee or dairy. Common allergens: legumes.
