id,state,diet_need,meal_type,meal_name,calories,protein_g,carbs_g,fat_g,fiber_g,glycemic_index,sodium_level,cholesterol_impact,allergens,base_ingredients,diet_type,meat_type,instructions,exercise_recommendation,medical_warning
1,Karnataka,Weight Loss,Breakfast,Akki Roti (Zero Oil) + Tomato Chutney,300.0,8.0,55,5,5,Medium,Medium,Low,Safe,"Rice Flour, Dill Leaves, Tomato",Vegetarian,,Pat the dough on banana leaf and roast without oil.,30 mins brisk walking,Chew thoroughly
2,Karnataka,Weight Loss,Breakfast,Avalakki (Poha) Uppittu,280.0,6.0,50,6,6,Medium,Medium,Low,"Peanut, Peanuts","Flattened Rice, Onion, Peanuts",Vegetarian,,Use minimal oil for tadka and add extra vegetables for volume.,30 mins brisk walking,Monitor portion size
3,Karnataka,Weight Loss,Breakfast,Cucumber Raita + 1 Phulka,220.0,8.0,33,4,4,Low,Medium,Low,"Dairy, Gluten","Wheat, Cucumber, Curd, Jeera",Vegetarian,,Make thin phulka without ghee. Prepare low-fat curd raita.,30 mins yoga,Low calorie option
4,Karnataka,Weight Loss,Breakfast,Hesaru Bele (Moong Dal) Kosambari,200.0,12.0,30,3,8,Low,Medium,Low,Safe,"Moong Dal, Cucumber, Lemon",Vegetarian,,Soak dal and mix with raw cucumber. Zero oil tempering.,30 mins brisk walking,Avoid if prone to bloating
5,Karnataka,Weight Loss,Breakfast,Mixed Vegetable Dalia Upma,270.0,9.0,45,4,7,Low,Medium,Low,Gluten,"Broken Wheat, Mixed Vegetables, Onion",Vegetarian,,Cook dalia with excess vegetables. Use minimal oil and salt.,30 mins brisk walking,Avoid if wheat sensitive
6,Karnataka,Weight Loss,Breakfast,Mysore Masala Dosa (No Oil),220.0,8.0,34,7,6,High,Low,Medium,Dairy,"rice, urad dal, potato, onion, red chilli, ghee",Vegetarian,,Cook with minimal oil and keep the portion controlled. Pair it with a light side and avoid extra ghee. It works best as a light breakfast with tea or chutney.,30–45 mins brisk walking,Keep portions small and avoid extra chutney or ghee. Contains dairy.
7,Karnataka,Weight Loss,Breakfast,Neer Dosa + Pudina Chutney,300.0,10.0,50,6,8,Medium,Medium,Low,Safe,"Rice, Coconut, Mint",Vegetarian,,Grind rice without fermentation use minimal coconut in chutney to reduce fat.,30 mins brisk walking,Monitor energy levels do not starve
8,Karnataka,Weight Loss,Breakfast,Oats Upma with Vegetables,260.0,9.0,42,5,7,Low,Medium,Low,Gluten,"Oats, Carrot, Peas, Onion",Vegetarian,,Roast oats lightly and cook with minimal oil and mixed vegetables.,30 mins brisk walking,Avoid added sugar
9,Karnataka,Weight Loss,Breakfast,Pesarattu (Moong Dal Dosa) + Ginger Chutney,260.0,14.0,38,4,8,Low,Medium,Low,Safe,"Green Moong Dal, Ginger, Green Chilli",Vegetarian,,"Grind soaked moong dal, spread thin on tawa with minimal oil.",30 mins brisk walking,Eat in moderation
10,Karnataka,Weight Loss,Breakfast,Ragi Ganji (Unsweetened),250.0,8.0,45,4,10,Low,Medium,Low,Dairy,"Finger Millet, Buttermilk, Jeera",Vegetarian,,Cook ragi flour in water and mix with buttermilk instead of milk.,30 mins brisk walking,Stay hydrated
11,Karnataka,Weight Loss,Breakfast,Ragi Mudde + Sambar (Small Portion),220.0,9.0,40,3,9,Low,Medium,Low,Safe,"Finger Millet, Toor Dal, Vegetables",Vegetarian,,Make small mudde and pair with thin sambar. Avoid adding ghee.,30 mins brisk walking,Chew slowly
12,Karnataka,Weight Loss,Breakfast,Rava Idli (2 pcs) + Tomato Chutney,280.0,8.0,48,5,5,Medium,Medium,Low,"Dairy, Gluten","Semolina, Curd, Carrot, Coriander",Vegetarian,,Use minimal oil in mould. Steam properly. Avoid coconut chutney.,30 mins brisk walking,Monitor glycemic response
13,Karnataka,Weight Loss,Breakfast,Shavige (Rice Noodles) + Lemon Chutney,290.0,6.0,55,4,4,Medium,Medium,Low,Safe,"Rice Noodles, Lemon",Vegetarian,,Steam the noodles and toss with lemon juice without oil tadka.,30 mins brisk walking,Ensure hydration
14,Karnataka,Weight Loss,Breakfast,Sprouted Moong Salad with Lemon,180.0,12.0,28,2,8,Low,Low,Low,Safe,"Sprouted Moong, Tomato, Cucumber, Lemon",Vegetarian,,"Sprout moong for 2 days, toss with raw vegetables and lemon juice.",30 mins brisk walking,Rinse sprouts thoroughly
15,Karnataka,Weight Loss,Breakfast,Steamed Khara Kadubu,250.0,8.0,45,4,6,Low,Medium,Low,Gluten,"Wheat, Dal, Spices",Vegetarian,,Steam the dumplings thoroughly. Do not pan fry.,30 mins brisk walking,Eat slowly
16,Karnataka,Weight Loss,Breakfast,Tomato Rasam with Brown Rice (Small),310.0,10.0,52,5,6,High,Medium,Low,Safe,"Brown Rice, Tomato, Pepper, Tamarind",Vegetarian,,Prepare thin rasam and serve with small portion brown rice.,30 mins brisk walking,Avoid second serving
17,Karnataka,Weight Loss,Breakfast,Akki Rotti with Chicken Sukka (Minimal Oil),270.0,18.0,25,11,6,Medium,Low,Low,Chicken,"rice flour, chicken, coconut, spices",Non-Vegetarian,Chicken,Cook with minimal oil and keep the portion controlled. Pair it with a light side and avoid extra ghee. It works best as a light breakfast with tea or chutney.,30–45 mins brisk walking,Keep portions small and avoid extra chutney or ghee. Contains chicken.
18,Karnataka,Weight Loss,Breakfast,Akki Rotti with Chicken Sukka (No Oil),270.0,18.0,25,11,6,Medium,Low,Low,Chicken,"rice flour, chicken, coconut, spices",Non-Vegetarian,Chicken,Cook with minimal oil and keep the portion controlled. Pair it with a light side and avoid extra ghee. It works best as a light breakfast with tea or chutney.,30–45 mins brisk walking,Keep portions small and avoid extra chutney or ghee. Contains chicken.
19,Karnataka,Weight Loss,Breakfast,Akki Rotti with Chicken Sukka (Thin),270.0,18.0,25,11,6,Medium,Low,Low,Chicken,"rice flour, chicken, coconut, spices",Non-Vegetarian,Chicken,Cook with minimal oil and keep the portion controlled. Pair it with a light side and avoid extra ghee. It works best as a light breakfast with tea or chutney.,30–45 mins brisk walking,Keep portions small and avoid extra chutney or ghee. Contains chicken.
20,Karnataka,Weight Loss,Breakfast,Chicken Sukka (Minimal Oil),260.0,17.0,22,10,5,Medium,Low,Low,Chicken,"chicken, coconut, pepper, curry leaves",Non-Vegetarian,Chicken,Cook with minimal oil and keep the portion controlled. Pair it with a light side and avoid extra ghee. It works best as a light breakfast with tea or chutney.,30–45 mins brisk walking,Keep portions small and avoid extra chutney or ghee. Contains chicken.
21,Karnataka,Weight Loss,Breakfast,Chicken Sukka (No Oil),260.0,17.0,22,10,5,Medium,Low,Low,Chicken,"chicken, coconut, pepper, curry leaves",Non-Vegetarian,Chicken,Cook with minimal oil and keep the portion controlled. Pair it with a light side and avoid extra ghee. It works best as a light breakfast with tea or chutney.,30–45 mins brisk walking,Keep portions small and avoid extra chutney or ghee. Contains chicken.
22,Karnataka,Weight Loss,Breakfast,Egg White Omelette + Ragi Roti,300.0,20.0,38,6,6,Low,Medium,Low,Egg,"Egg Whites, Finger Millet, Onion, Capsicum",Non-Vegetarian,,Use just egg whites. Cook ragi roti without oil on iron tawa.,35 mins brisk walking,Avoid yolk if cholesterol is a concern
23,Karnataka,Weight Loss,Breakfast,Koli Curry (Minimal Oil),250.0,20.0,24,13,6,Low,Medium,Low,Chicken,"chicken, red chilli, coconut, garlic",Non-Vegetarian,Chicken,Cook with minimal oil and keep the portion controlled. Pair it with a light side and avoid extra ghee. It works best as a light breakfast with tea or chutney.,30–45 mins brisk walking,Keep portions small and avoid extra chutney or ghee. Contains chicken.
24,Karnataka,Weight Loss,Breakfast,Koli Curry (No Oil),250.0,20.0,24,13,6,Low,Medium,Low,Chicken,"chicken, red chilli, coconut, garlic",Non-Vegetarian,Chicken,Cook with minimal oil and keep the portion controlled. Pair it with a light side and avoid extra ghee. It works best as a light breakfast with tea or chutney.,30–45 mins brisk walking,Keep portions small and avoid extra chutney or ghee. Contains chicken.
25,Karnataka,Weight Loss,Breakfast,Kori Rotti (Minimal Oil),280.0,19.0,27,12,5,High,Low,Medium,Chicken,"rice wafers, chicken curry, coconut, spices",Non-Vegetarian,Chicken,Cook with minimal oil and keep the portion controlled. Pair it with a light side and avoid extra ghee. It works best as a light breakfast with tea or chutney.,30–45 mins brisk walking,Keep portions small and avoid extra chutney or ghee. Contains chicken.
26,Karnataka,Weight Loss,Breakfast,Kori Rotti (No Oil),280.0,19.0,27,12,5,High,Low,Medium,Chicken,"rice wafers, chicken curry, coconut, spices",Non-Vegetarian,Chicken,Cook with minimal oil and keep the portion controlled. Pair it with a light side and avoid extra ghee. It works best as a light breakfast with tea or chutney.,30–45 mins brisk walking,Keep portions small and avoid extra chutney or ghee. Contains chicken.
27,Karnataka,Weight Loss,Breakfast,Kori Rotti (Thin),280.0,19.0,27,12,5,High,Low,Medium,Chicken,"rice wafers, chicken curry, coconut, spices",Non-Vegetarian,Chicken,Cook with minimal oil and keep the portion controlled. Pair it with a light side and avoid extra ghee. It works best as a light breakfast with tea or chutney.,30–45 mins brisk walking,Keep portions small and avoid extra chutney or ghee. Contains chicken.
28,Karnataka,Weight Loss,Breakfast,Mangalore Fish Fry (Minimal Oil),270.0,18.0,25,11,6,Low,Low,Medium,"Fish, Gluten","fish, rava, spices, lemon",Non-Vegetarian,Fish,Cook with minimal oil and keep the portion controlled. Pair it with a light side and avoid extra ghee. It works best as a light breakfast with tea or chutney.,30–45 mins brisk walking,"Keep portions small and avoid extra chutney or ghee. Contains gluten, fish."
29,Karnataka,Weight Loss,Breakfast,Mangalore Fish Fry (No Oil),270.0,18.0,25,11,6,Low,Low,Medium,"Fish, Gluten","fish, rava, spices, lemon",Non-Vegetarian,Fish,Cook with minimal oil and keep the portion controlled. Pair it with a light side and avoid extra ghee. It works best as a light breakfast with tea or chutney.,30–45 mins brisk walking,"Keep portions small and avoid extra chutney or ghee. Contains gluten, fish."
30,Karnataka,Weight Loss,Breakfast,Neer Dose with Kori Gassi (Minimal Oil),260.0,17.0,22,10,5,High,Medium,Low,Chicken,"rice, chicken, coconut, spices",Non-Vegetarian,Chicken,Cook with minimal oil and keep the portion controlled. Pair it with a light side and avoid extra ghee. It works best as a light breakfast with tea or chutney.,30–45 mins brisk walking,Keep portions small and avoid extra chutney or ghee. Contains chicken.
31,Karnataka,Weight Loss,Breakfast,Neer Dose with Kori Gassi (No Oil),260.0,17.0,22,10,5,High,Medium,Low,Chicken,"rice, chicken, coconut, spices",Non-Vegetarian,Chicken,Cook with minimal oil and keep the portion controlled. Pair it with a light side and avoid extra ghee. It works best as a light breakfast with tea or chutney.,30–45 mins brisk walking,Keep portions small and avoid extra chutney or ghee. Contains chicken.
32,Karnataka,Weight Loss,Breakfast,Neer Dose with Kori Gassi (Thin),260.0,17.0,22,10,5,High,Medium,Low,Chicken,"rice, chicken, coconut, spices",Non-Vegetarian,Chicken,Cook with minimal oil and keep the portion controlled. Pair it with a light side and avoid extra ghee. It works best as a light breakfast with tea or chutney.,30–45 mins brisk walking,Keep portions small and avoid extra chutney or ghee. Contains chicken.
33,Karnataka,Weight Loss,Breakfast,Akki Rotti (Minimal Oil),190.0,7.0,32,3,7,Medium,Low,Low,Safe,"rice flour, onion, coriander, green chilli",Vegan,,Cook with minimal oil and keep the portion controlled. Pair it with a light side and avoid extra ghee. It works best as a light breakfast with tea or chutney.,30–45 mins brisk walking,Keep portions small and avoid extra chutney or ghee.
34,Karnataka,Weight Loss,Breakfast,Akki Rotti (No Oil),190.0,7.0,32,3,7,High,Medium,Low,Safe,"rice flour, onion, coriander, green chilli",Vegan,,Cook with minimal oil and keep the portion controlled. Pair it with a light side and avoid extra ghee. It works best as a light breakfast with tea or chutney.,30–45 mins brisk walking,Keep portions small and avoid extra chutney or ghee.
35,Karnataka,Weight Loss,Breakfast,Akki Rotti (Thin),190.0,7.0,32,3,7,High,Low,Medium,Safe,"rice flour, onion, coriander, green chilli",Vegan,,Cook with minimal oil and keep the portion controlled. Pair it with a light side and avoid extra ghee. It works best as a light breakfast with tea or chutney.,30–45 mins brisk walking,Keep portions small and avoid extra chutney or ghee.
36,Karnataka,Weight Loss,Breakfast,Avalakki Uppittu (Minimal Oil),210.0,9.0,37,5,7,Medium,Low,Low,"Peanut, Peanuts","flattened rice, onion, peanuts, curry leaves",Vegan,,Cook with minimal oil and keep the portion controlled. Pair it with a light side and avoid extra ghee. It works best as a light breakfast with tea or chutney.,30–45 mins brisk walking,Keep portions small and avoid extra chutney or ghee. Contains peanuts.
37,Karnataka,Weight Loss,Breakfast,Avalakki Uppittu (No Oil),210.0,9.0,37,5,7,High,Medium,Low,"Peanut, Peanuts","flattened rice, onion, peanuts, curry leaves",Vegan,,Cook with minimal oil and keep the portion controlled. Pair it with a light side and avoid extra ghee. It works best as a light breakfast with tea or chutney.,30–45 mins brisk walking,Keep portions small and avoid extra chutney or ghee. Contains peanuts.
38,Karnataka,Weight Loss,Breakfast,Neer Dose (Minimal Oil),200.0,8.0,35,4,8,High,Low,Medium,Safe,"rice, coconut, salt",Vegan,,Cook with minimal oil and keep the portion controlled. Pair it with a light side and avoid extra ghee. It works best as a light breakfast with tea or chutney.,30–45 mins brisk walking,Keep portions small and avoid extra chutney or ghee.
39,Karnataka,Weight Loss,Breakfast,Neer Dose (No Oil),200.0,8.0,35,4,8,Medium,Low,Low,Safe,"rice, coconut, salt",Vegan,,Cook with minimal oil and keep the portion controlled. Pair it with a light side and avoid extra ghee. It works best as a light breakfast with tea or chutney.,30–45 mins brisk walking,Keep portions small and avoid extra chutney or ghee.
40,Karnataka,Weight Loss,Breakfast,Neer Dose (Thin),200.0,8.0,35,4,8,High,Medium,Low,Safe,"rice, coconut, salt",Vegan,,Cook with minimal oil and keep the portion controlled. Pair it with a light side and avoid extra ghee. It works best as a light breakfast with tea or chutney.,30–45 mins brisk walking,Keep portions small and avoid extra chutney or ghee.
41,Karnataka,Weight Loss,Breakfast,Paddu (Gundponglu) (Minimal Oil),190.0,7.0,32,3,7,High,Low,Medium,Safe,"rice batter, urad dal, curry leaves, onion",Vegan,,Cook with minimal oil and keep the portion controlled. Pair it with a light side and avoid extra ghee. It works best as a light breakfast with tea or chutney.,30–45 mins brisk walking,Keep portions small and avoid extra chutney or ghee.
42,Karnataka,Weight Loss,Breakfast,Paddu (Gundponglu) (No Oil),190.0,7.0,32,3,7,Medium,Low,Low,Safe,"rice batter, urad dal, curry leaves, onion",Vegan,,Cook with minimal oil and keep the portion controlled. Pair it with a light side and avoid extra ghee. It works best as a light breakfast with tea or chutney.,30–45 mins brisk walking,Keep portions small and avoid extra chutney or ghee.
43,Karnataka,Weight Loss,Breakfast,Ragi Rotti (Minimal Oil),210.0,9.0,37,5,7,Low,Medium,Low,Safe,"ragi flour, onion, coriander, green chilli",Vegan,,Cook with minimal oil and keep the portion controlled. Pair it with a light side and avoid extra ghee. It works best as a light breakfast with tea or chutney.,30–45 mins brisk walking,Keep portions small and avoid extra chutney or ghee.
44,Karnataka,Weight Loss,Breakfast,Ragi Rotti (No Oil),210.0,9.0,37,5,7,Low,Low,Medium,Safe,"ragi flour, onion, coriander, green chilli",Vegan,,Cook with minimal oil and keep the portion controlled. Pair it with a light side and avoid extra ghee. It works best as a light breakfast with tea or chutney.,30–45 mins brisk walking,Keep portions small and avoid extra chutney or ghee.
45,Karnataka,Weight Loss,Breakfast,Sajje Rotti (Minimal Oil),230.0,10.0,34,6,8,Medium,Low,Low,Safe,"pearl millet flour, onion, coriander, green chilli",Vegan,,Cook with minimal oil and keep the portion controlled. Pair it with a light side and avoid extra ghee. It works best as a light breakfast with tea or chutney.,30–45 mins brisk walking,Keep portions small and avoid extra chutney or ghee.
46,Karnataka,Weight Loss,Breakfast,Sajje Rotti (No Oil),230.0,10.0,34,6,8,Low,Medium,Low,Safe,"pearl millet flour, onion, coriander, green chilli",Vegan,,Cook with minimal oil and keep the portion controlled. Pair it with a light side and avoid extra ghee. It works best as a light breakfast with tea or chutney.,30–45 mins brisk walking,Keep portions small and avoid extra chutney or ghee.
47,Karnataka,Weight Loss,Breakfast,Shavige Uppittu (Minimal Oil),200.0,8.0,35,4,8,High,Medium,Low,Mustard,"rice vermicelli, onion, mustard seeds, curry leaves",Vegan,,Cook with minimal oil and keep the portion controlled. Pair it with a light side and avoid extra ghee. It works best as a light breakfast with tea or chutney.,30–45 mins brisk walking,Keep portions small and avoid extra chutney or ghee.
48,Karnataka,Weight Loss,Breakfast,Shavige Uppittu (No Oil),200.0,8.0,35,4,8,High,Low,Medium,Mustard,"rice vermicelli, onion, mustard seeds, curry leaves",Vegan,,Cook with minimal oil and keep the portion controlled. Pair it with a light side and avoid extra ghee. It works best as a light breakfast with tea or chutney.,30–45 mins brisk walking,Keep portions small and avoid extra chutney or ghee.
49,Karnataka,Weight Loss,Lunch,Bisi Bele Bath (Minimal Oil),280.0,10.0,48,8,8,Medium,Low,Low,Dairy,"rice, toor dal, vegetables, bisi bele bath masala, ghee",Vegetarian,,Cook with minimal oil and keep the portion controlled. Pair it with a light side and avoid extra ghee. Serve it with a simple salad or vegetable side for balance.,30–45 mins brisk walking,Keep portions small and avoid extra chutney or ghee. Contains dairy.
50,Karnataka,Weight Loss,Lunch,Bisi Bele Bath (No Oil),280.0,10.0,48,8,8,Medium,Low,Low,Dairy,"rice, toor dal, vegetables, bisi bele bath masala, ghee",Vegetarian,,Cook with minimal oil and keep the portion controlled. Pair it with a light side and avoid extra ghee. Serve it with a simple salad or vegetable side for balance.,30–45 mins brisk walking,Keep portions small and avoid extra chutney or ghee. Contains dairy.
51,Karnataka,Weight Loss,Lunch,Brown Rice + Bassaru + Beans Palya,400.0,20.0,55,11,12,High,Medium,Low,Safe,"Brown Rice, Mixed Greens, Dal, Beans",Vegetarian,,Extract soup from boiled greens and dal. Use zero coconut for palya.,40 mins HIIT,Check for weakness
52,Karnataka,Weight Loss,Lunch,Chapati + Mixed Veg Kurma (No Coconut) + Dal,400.0,18.0,60,10,12,Low,Medium,Low,Gluten,"Wheat, Mixed Veg, Toor Dal",Vegetarian,,Thicken kurma with dal paste instead of coconut or cashew.,40 mins HIIT,No specific warning
53,Karnataka,Weight Loss,Lunch,Jolada Roti + Hesaru Kaalu Palya + Tomato Saaru,410.0,22.0,55,11,15,Low,Medium,Low,Safe,"Sorghum, Green Gram, Tomato",Vegetarian,,Dry roast roti. Sprout green gram for palya and cook with minimal oil.,40 mins HIIT,No specific warning
54,Karnataka,Weight Loss,Lunch,Jowar Roti + Dal Palak + Cucumber Raita,380.0,18.0,58,7,11,Low,Medium,Low,Dairy,"Jowar, Spinach, Toor Dal, Curd",Vegetarian,,Make thin jowar rotis without oil. Prepare dal with minimal fat.,40 mins HIIT,Drink water before meal
55,Karnataka,Weight Loss,Lunch,Keerai Sambar + Small Brown Rice + Papad,380.0,15.0,60,7,11,High,Medium,Low,Safe,"Spinach, Toor Dal, Brown Rice, Papad",Vegetarian,,Boil greens into sambar. Roast papad instead of frying.,40 mins HIIT,Avoid fried papad
56,Karnataka,Weight Loss,Lunch,Kharabath (No Oil),300.0,12.0,53,10,8,High,Medium,Low,Dairy,"rice, vegetables, spice mix, ghee",Vegetarian,,Cook with minimal oil and keep the portion controlled. Pair it with a light side and avoid extra ghee. Serve it with a simple salad or vegetable side for balance.,30–45 mins brisk walking,Keep portions small and avoid extra chutney or ghee. Contains dairy.
57,Karnataka,Weight Loss,Lunch,Methi Rice + Low Fat Curd,370.0,12.0,62,6,9,High,Low,Low,Dairy,"Brown Rice, Fenugreek Leaves, Curd",Vegetarian,,Cook brown rice with methi leaves. Serve with low fat curd.,40 mins walk,Fenugreek aids blood sugar
58,Karnataka,Weight Loss,Lunch,Ragi Mudde + Bassaru + Bendi Palya,390.0,16.0,60,8,12,Low,Medium,Low,Safe,"Finger Millet, Mixed Greens, Okra, Dal",Vegetarian,,Boil greens and extract soup. Make thin okra stir fry with minimal oil.,40 mins HIIT,Avoid overcooking ragi
59,Karnataka,Weight Loss,Lunch,Ragi Mudde + Massoppu Saaru + Southekai,380.0,18.0,60,7,14,Low,Medium,Low,Safe,"Finger Millet, Mixed Greens, Cucumber",Vegetarian,,Cook mudde without salt. Mash greens thoroughly without ghee tadka.,40 mins HIIT,Drink water due to high fiber
60,Karnataka,Weight Loss,Lunch,Red Rice + Udupi Sambar + Sorekai Palya,390.0,16.0,65,7,11,High,Medium,Low,Safe,"Red Rice, Toor Dal, Bottle Gourd",Vegetarian,,Use extra vegetables in sambar. Sauté sorekai with water splash.,40 mins HIIT,No specific warning
61,Karnataka,Weight Loss,Lunch,Udupi Sambar (Minimal Oil),290.0,11.0,51,9,9,Low,Low,Medium,Safe,"toor dal, mixed vegetables, tamarind, coconut, spices",Vegetarian,,Cook with minimal oil and keep the portion controlled. Pair it with a light side and avoid extra ghee. Serve it with a simple salad or vegetable side for balance.,30–45 mins brisk walking,Keep portions small and avoid extra chutney or ghee.
62,Karnataka,Weight Loss,Lunch,Udupi Sambar (No Oil),290.0,11.0,51,9,9,Low,Low,Medium,Safe,"toor dal, mixed vegetables, tamarind, coconut, spices",Vegetarian,,Cook with minimal oil and keep the portion controlled. Pair it with a light side and avoid extra ghee. Serve it with a simple salad or vegetable side for balance.,30–45 mins brisk walking,Keep portions small and avoid extra chutney or ghee.
63,Karnataka,Weight Loss,Lunch,Vegetable Clear Soup + 2 Ragi Rotis,320.0,10.0,52,5,10,Low,Low,Low,Safe,"Finger Millet, Mixed Vegetables, Broth",Vegetarian,,Prepare clear vegetable soup without cream. Bake ragi rotis.,40 mins walk,Good fibre combination
64,Karnataka,Weight Loss,Lunch,Wheat Dosa + Sambar,350.0,14.0,56,6,9,Low,Medium,Low,Gluten,"Wheat Flour, Toor Dal, Vegetables",Vegetarian,,Make thin wheat dosa on non-stick tawa. Use oil spray only.,40 mins brisk walk,Monitor portion
65,Karnataka,Weight Loss,Lunch,Boiled Egg Curry (2 eggs) + 2 Chapati,400.0,22.0,50,12,7,Medium,Medium,Medium,"Egg, Gluten","Eggs, Wheat, Onion, Tomato",Non-Vegetarian,,"Hard boil eggs, prepare curry with minimal oil and coconut-free gravy.",40 mins HIIT,Limit to 2 eggs
66,Karnataka,Weight Loss,Lunch,Brown Rice + Meen Saaru (Fish) + Cabbage Palya,430.0,30.0,45,14,10,High,Medium,Low,Fish,"Brown Rice, Fish, Cabbage, Tamarind",Non-Vegetarian,Fish,Poach fish in tamarind broth. Avoid frying the fish.,40 mins HIIT,Watch for fish bones
67,Karnataka,Weight Loss,Lunch,Fish Curry (Minimal Oil),430.0,27.0,40,18,7,Low,Low,Medium,Fish,"fish, tamarind, coconut, chilli, spices",Non-Vegetarian,Fish,Cook with minimal oil and keep the portion controlled. Pair it with a light side and avoid extra ghee. Serve it with a simple salad or vegetable side for balance.,30–45 mins brisk walking,Keep portions small and avoid extra chutney or ghee. Contains fish.
68,Karnataka,Weight Loss,Lunch,Fish Curry (No Oil),430.0,27.0,40,18,7,Low,Medium,Low,Fish,"fish, tamarind, coconut, chilli, spices",Non-Vegetarian,Fish,Cook with minimal oil and keep the portion controlled. Pair it with a light side and avoid extra ghee. Serve it with a simple salad or vegetable side for balance.,30–45 mins brisk walking,Keep portions small and avoid extra chutney or ghee. Contains fish.
69,Karnataka,Weight Loss,Lunch,Kori Gassi (Minimal Oil),360.0,24.0,38,15,6,Low,Low,Medium,Chicken,"chicken, coconut, red chilli, garlic",Non-Vegetarian,Chicken,Cook with minimal oil and keep the portion controlled. Pair it with a light side and avoid extra ghee. Serve it with a simple salad or vegetable side for balance.,30–45 mins brisk walking,Keep portions small and avoid extra chutney or ghee. Contains chicken.
70,Karnataka,Weight Loss,Lunch,Kori Gassi (No Oil),360.0,24.0,38,15,6,Low,Medium,Low,Chicken,"chicken, coconut, red chilli, garlic",Non-Vegetarian,Chicken,Cook with minimal oil and keep the portion controlled. Pair it with a light side and avoid extra ghee. Serve it with a simple salad or vegetable side for balance.,30–45 mins brisk walking,Keep portions small and avoid extra chutney or ghee. Contains chicken.
71,Karnataka,Weight Loss,Lunch,Kori Gassi (Thin),360.0,24.0,38,15,6,Medium,Low,Low,Chicken,"chicken, coconut, red chilli, garlic",Non-Vegetarian,Chicken,Cook with minimal oil and keep the portion controlled. Pair it with a light side and avoid extra ghee. Serve it with a simple salad or vegetable side for balance.,30–45 mins brisk walking,Keep portions small and avoid extra chutney or ghee. Contains chicken.
72,Karnataka,Weight Loss,Lunch,Mangalorean Biryani (Minimal Oil),380.0,26.0,43,17,6,Medium,Low,Low,"Chicken, Dairy","rice, chicken, mint, spices, ghee",Non-Vegetarian,Chicken,Cook with minimal oil and keep the portion controlled. Pair it with a light side and avoid extra ghee. Serve it with a simple salad or vegetable side for balance.,30–45 mins brisk walking,"Keep portions small and avoid extra chutney or ghee. Contains dairy, chicken."
73,Karnataka,Weight Loss,Lunch,Mangalorean Biryani (No Oil),380.0,26.0,43,17,6,High,Low,Medium,"Chicken, Dairy","rice, chicken, mint, spices, ghee",Non-Vegetarian,Chicken,Cook with minimal oil and keep the portion controlled. Pair it with a light side and avoid extra ghee. Serve it with a simple salad or vegetable side for balance.,30–45 mins brisk walking,"Keep portions small and avoid extra chutney or ghee. Contains dairy, chicken."
74,Karnataka,Weight Loss,Lunch,Mutton Saaru (Minimal Oil),360.0,24.0,38,15,6,Low,Medium,Low,Mutton,"mutton, onion, garlic, spices",Non-Vegetarian,Mutton,Cook with minimal oil and keep the portion controlled. Pair it with a light side and avoid extra ghee. Serve it with a simple salad or vegetable side for balance.,30–45 mins brisk walking,Keep portions small and avoid extra chutney or ghee. Contains mutton.
75,Karnataka,Weight Loss,Lunch,Mutton Saaru (No Oil),360.0,24.0,38,15,6,Medium,Low,Low,Mutton,"mutton, onion, garlic, spices",Non-Vegetarian,Mutton,Cook with minimal oil and keep the portion controlled. Pair it with a light side and avoid extra ghee. Serve it with a simple salad or vegetable side for balance.,30–45 mins brisk walking,Keep portions small and avoid extra chutney or ghee. Contains mutton.
76,Karnataka,Weight Loss,Lunch,Pandi Curry (Minimal Oil),370.0,25.0,41,16,7,Low,Medium,Low,Pork,"pork, kachampuli, black pepper, coconut",Non-Vegetarian,Pork,Cook with minimal oil and keep the portion controlled. Pair it with a light side and avoid extra ghee. Serve it with a simple salad or vegetable side for balance.,30–45 mins brisk walking,Keep portions small and avoid extra chutney or ghee. Contains pork.
77,Karnataka,Weight Loss,Lunch,Pandi Curry (No Oil),370.0,25.0,41,16,7,Medium,Low,Low,Pork,"pork, kachampuli, black pepper, coconut",Non-Vegetarian,Pork,Cook with minimal oil and keep the portion controlled. Pair it with a light side and avoid extra ghee. Serve it with a simple salad or vegetable side for balance.,30–45 mins brisk walking,Keep portions small and avoid extra chutney or ghee. Contains pork.
78,Karnataka,Weight Loss,Lunch,Poached Chicken Saaru + Brown Rice (Small),420.0,32.0,42,10,8,High,Medium,Low,Safe,"Chicken, Brown Rice, Spices, Tomato",Non-Vegetarian,Chicken,Poach chicken breast in spiced broth. Avoid oil while cooking.,45 mins HIIT,Remove skin from chicken
79,Karnataka,Weight Loss,Lunch,Ragi Mudde + Nati Koli Saaru (Lean) + Onion,420.0,35.0,45,11,9,Low,Medium,Low,Safe,"Finger Millet, Lean Chicken, Spices",Non-Vegetarian,Chicken,Remove skin and all visible fat from chicken before making the broth.,40 mins HIIT,No specific warning
80,Karnataka,Weight Loss,Lunch,Tuna Curry + Brown Rice (Small),410.0,34.0,44,9,7,High,Medium,Low,Fish,"Tuna, Brown Rice, Onion, Tomato, Spices",Non-Vegetarian,Fish,Prepare tuna curry with minimal oil. Serve with small portion rice.,45 mins HIIT,Watch mercury content
81,Karnataka,Weight Loss,Lunch,Bassaru (Minimal Oil),270.0,11.0,51,6,9,High,Medium,Low,Sesame,"greens, lentils, spices, rice",Vegan,,Cook with minimal oil and keep the portion controlled. Pair it with a light side and avoid extra ghee. Serve it with a simple salad or vegetable side for balance.,30–45 mins brisk walking,Keep portions small and avoid extra chutney or ghee. Contains sesame.
82,Karnataka,Weight Loss,Lunch,Bassaru (No Oil),270.0,11.0,51,6,9,High,Low,Medium,Sesame,"greens, lentils, spices, rice",Vegan,,Cook with minimal oil and keep the portion controlled. Pair it with a light side and avoid extra ghee. Serve it with a simple salad or vegetable side for balance.,30–45 mins brisk walking,Keep portions small and avoid extra chutney or ghee. Contains sesame.
83,Karnataka,Weight Loss,Lunch,Chitranna (Minimal Oil),303.0,12.0,48,7,10,High,Medium,Low,Mustard,"rice, lemon, mustard seeds, turmeric",Vegan,,Cook with minimal oil and keep the portion controlled. Pair it with a light side and avoid extra ghee. Serve it with a simple salad or vegetable side for balance.,30–45 mins brisk walking,Keep portions small and avoid extra chutney or ghee.
84,Karnataka,Weight Loss,Lunch,Chitranna (No Oil),303.0,12.0,48,7,10,High,Low,Medium,Mustard,"rice, lemon, mustard seeds, turmeric",Vegan,,Cook with minimal oil and keep the portion controlled. Pair it with a light side and avoid extra ghee. Serve it with a simple salad or vegetable side for balance.,30–45 mins brisk walking,Keep portions small and avoid extra chutney or ghee.
85,Karnataka,Weight Loss,Lunch,Coconut Rice (Minimal Oil),260.0,10.0,49,5,10,High,Low,Medium,Mustard,"rice, coconut, mustard seeds, curry leaves",Vegan,,Cook with minimal oil and keep the portion controlled. Pair it with a light side and avoid extra ghee. Serve it with a simple salad or vegetable side for balance.,30–45 mins brisk walking,Keep portions small and avoid extra chutney or ghee.
86,Karnataka,Weight Loss,Lunch,Coconut Rice (No Oil),260.0,10.0,49,5,10,Medium,Low,Low,Mustard,"rice, coconut, mustard seeds, curry leaves",Vegan,,Cook with minimal oil and keep the portion controlled. Pair it with a light side and avoid extra ghee. Serve it with a simple salad or vegetable side for balance.,30–45 mins brisk walking,Keep portions small and avoid extra chutney or ghee.
87,Karnataka,Weight Loss,Lunch,Jolada Rotti (Minimal Oil),250.0,9.0,46,4,9,Low,Medium,Low,Safe,"jowar flour, onion, coriander, green chilli",Vegan,,Cook with minimal oil and keep the portion controlled. Pair it with a light side and avoid extra ghee. Serve it with a simple salad or vegetable side for balance.,30–45 mins brisk walking,Keep portions small and avoid extra chutney or ghee.
88,Karnataka,Weight Loss,Lunch,Jolada Rotti (No Oil),250.0,9.0,46,4,9,Low,Low,Medium,Safe,"jowar flour, onion, coriander, green chilli",Vegan,,Cook with minimal oil and keep the portion controlled. Pair it with a light side and avoid extra ghee. Serve it with a simple salad or vegetable side for balance.,30–45 mins brisk walking,Keep portions small and avoid extra chutney or ghee.
89,Karnataka,Weight Loss,Lunch,Jolada Rotti (Thin),250.0,9.0,46,4,9,Medium,Low,Low,Safe,"jowar flour, onion, coriander, green chilli",Vegan,,Cook with minimal oil and keep the portion controlled. Pair it with a light side and avoid extra ghee. Serve it with a simple salad or vegetable side for balance.,30–45 mins brisk walking,Keep portions small and avoid extra chutney or ghee.
90,Karnataka,Weight Loss,Lunch,Puliyogare (Minimal Oil),270.0,11.0,51,6,9,High,Low,Medium,"Peanut, Peanuts","rice, tamarind, peanuts, curry leaves",Vegan,,Cook with minimal oil and keep the portion controlled. Pair it with a light side and avoid extra ghee. Serve it with a simple salad or vegetable side for balance.,30–45 mins brisk walking,Keep portions small and avoid extra chutney or ghee. Contains peanuts.
91,Karnataka,Weight Loss,Lunch,Puliyogare (No Oil),270.0,11.0,51,6,9,Medium,Low,Low,"Peanut, Peanuts","rice, tamarind, peanuts, curry leaves",Vegan,,Cook with minimal oil and keep the portion controlled. Pair it with a light side and avoid extra ghee. Serve it with a simple salad or vegetable side for balance.,30–45 mins brisk walking,Keep portions small and avoid extra chutney or ghee. Contains peanuts.
92,Karnataka,Weight Loss,Lunch,Ragi Mudde (Minimal Oil),260.0,10.0,49,5,10,Medium,Low,Low,Safe,"ragi flour, water, salt",Vegan,,Cook with minimal oil and keep the portion controlled. Pair it with a light side and avoid extra ghee. Serve it with a simple salad or vegetable side for balance.,30–45 mins brisk walking,Keep portions small and avoid extra chutney or ghee.
93,Karnataka,Weight Loss,Lunch,Ragi Mudde (No Oil),260.0,10.0,49,5,10,Low,Medium,Low,Safe,"ragi flour, water, salt",Vegan,,Cook with minimal oil and keep the portion controlled. Pair it with a light side and avoid extra ghee. Serve it with a simple salad or vegetable side for balance.,30–45 mins brisk walking,Keep portions small and avoid extra chutney or ghee.
94,Karnataka,Weight Loss,Lunch,Ragi Mudde (Thin),260.0,10.0,49,5,10,Low,Low,Medium,Safe,"ragi flour, water, salt",Vegan,,Cook with minimal oil and keep the portion controlled. Pair it with a light side and avoid extra ghee. Serve it with a simple salad or vegetable side for balance.,30–45 mins brisk walking,Keep portions small and avoid extra chutney or ghee.
95,Karnataka,Weight Loss,Lunch,Tomato Bath (Minimal Oil),250.0,9.0,46,4,9,Medium,Low,Low,Safe,"rice, tomato, onion, spice mix, curry leaves",Vegan,,Cook with minimal oil and keep the portion controlled. Pair it with a light side and avoid extra ghee. Serve it with a simple salad or vegetable side for balance.,30–45 mins brisk walking,Keep portions small and avoid extra chutney or ghee.
96,Karnataka,Weight Loss,Lunch,Tomato Bath (No Oil),250.0,9.0,46,4,9,High,Medium,Low,Safe,"rice, tomato, onion, spice mix, curry leaves",Vegan,,Cook with minimal oil and keep the portion controlled. Pair it with a light side and avoid extra ghee. Serve it with a simple salad or vegetable side for balance.,30–45 mins brisk walking,Keep portions small and avoid extra chutney or ghee.
97,Karnataka,Weight Loss,Snack,Boiled Peanuts (Small Handful),160.0,8.0,12,11,4,Low,Low,Low,"Peanut, Peanuts",Peanuts,Vegetarian,,Boil peanuts in salted water. Eat only 30g portion.,15 mins walk,High fat - control portion
98,Karnataka,Weight Loss,Snack,Buttermilk (Majjige) with Jeera,53.0,3.0,8,1,0,Low,Medium,Low,Dairy,"Buttermilk, Jeera, Curry Leaves",Vegetarian,,"Dilute curd with water, add roasted jeera and curry leaves.",Light walk,Good probiotic option
99,Karnataka,Weight Loss,Snack,Carrot & Beetroot Salad with Lemon,100.0,2.0,20,1,4,Low,Low,Low,Safe,"Carrot, Beetroot, Lemon, Coriander",Vegetarian,,Grate raw carrot and beetroot. Toss with lemon and coriander.,Light activity,Good micronutrient source
100,Karnataka,Weight Loss,Snack,Carrot and Cucumber Kosambari,100.0,3.0,20,1,5,Low,Medium,Low,Safe,"Carrot, Cucumber, Lemon",Vegetarian,,Grate vegetables and mix raw.,15 mins yoga,No specific warning
101,Karnataka,Weight Loss,Snack,Chia Seeds Water with Lemon,70.0,2.0,10,2,6,Low,Low,Low,Safe,"Chia Seeds, Lemon, Water",Vegetarian,,Soak chia seeds in water for 20 mins. Add lemon juice and drink.,Light activity,Drink within 30 mins
102,Karnataka,Weight Loss,Snack,Cucumber Sticks + Hummus (Small),140.0,5.0,18,5,4,Low,Low,Low,Sesame,"Cucumber, Chickpeas, Sesame Paste",Vegetarian,,Slice cucumber thin. Use 2 tbsp hummus only.,Light activity,Avoid store-bought hummus
103,Karnataka,Weight Loss,Snack,Fresh Papaya Bowl,120.0,2.0,28,0,5,Medium,Low,Low,Safe,Papaya,Vegetarian,,Serve fresh without any added sugar or chaat masala.,15 mins yoga,No specific warning
104,Karnataka,Weight Loss,Snack,Hurigadale (Roasted Chana),150.0,8.0,22,3,6,Low,Medium,Low,Safe,Roasted Bengal Gram,Vegetarian,,Dry roast on slow flame. Do not add oil.,15 mins yoga,Drink water
105,Karnataka,Weight Loss,Snack,Kadle Puri (Puffed Rice) with Onion,130.0,3.0,25,1,2,Medium,Medium,Low,Safe,"Puffed Rice, Onion, Tomato",Vegetarian,,Mix puffed rice with raw veggies. No oil.,15 mins yoga,Eat immediately
106,Karnataka,Weight Loss,Snack,Majjige (Spiced Buttermilk),80.0,4.0,10,2,0,Low,Medium,Low,Dairy,"Yogurt, Coriander, Ginger",Vegetarian,,Dilute yogurt heavily with water. Skip the oil tadka.,15 mins yoga,No specific warning
107,Karnataka,Weight Loss,Snack,Moong Dal Chilla (1 pc),140.0,9.0,20,2,5,Low,Low,Low,Safe,"Green Moong Dal, Onion, Coriander",Vegetarian,,Grind soaked moong dal. Make thin chilla on non-stick pan.,15 mins walk,Avoid extra chutney
108,Karnataka,Weight Loss,Snack,Papaya Cubes (200g),80.0,1.0,20,0,3,Low,Low,Low,Safe,Papaya,Vegetarian,,Consume fresh ripe papaya. Avoid adding sugar.,Light activity,Good for digestion
109,Karnataka,Weight Loss,Snack,Roasted Chana (Chickpeas),160.0,9.0,22,3,6,Low,Low,Low,Safe,"Chickpeas, Spices",Vegetarian,,Dry roast chickpeas with minimal spices. No oil needed.,15 mins walk post-snack,Measure 30g portion
110,Karnataka,Weight Loss,Snack,Sprouted Hesaru Kaalu,140.0,10.0,20,2,8,Low,Medium,Low,Safe,"Green Gram Sprouts, Lemon",Vegetarian,,Steam sprouts lightly to aid digestion. Add lemon.,15 mins yoga,Chew thoroughly
111,Karnataka,Weight Loss,Snack,Steamed Sweet Corn,150.0,5.0,30,1,4,Medium,Medium,Low,Safe,Sweet Corn,Vegetarian,,Boil plain. Do not add butter.,15 mins yoga,No specific warning
112,Karnataka,Weight Loss,Snack,Tomato Soup (No Cream),100.0,3.0,16,2,3,Low,Low,Low,Safe,"Tomato, Garlic, Pepper",Vegetarian,,Cook tomatoes with garlic. Blend and strain. No cream or butter.,Light walk,Low calorie filling snack
113,Karnataka,Weight Loss,Snack,Bangude Pulimunchi (Minimal Oil),221.0,16.0,10,13,4,Medium,Low,Low,Fish,"mackerel, tamarind, chilli, garlic",Non-Vegetarian,Fish,Cook with minimal oil and keep the portion controlled. Pair it with a light side and avoid extra ghee. Keep it as a small snack portion rather than a full meal.,30–45 mins brisk walking,Keep portions small and avoid extra chutney or ghee. Contains fish.
114,Karnataka,Weight Loss,Snack,Bangude Pulimunchi (No Oil),221.0,16.0,10,13,4,Low,Medium,Low,Fish,"mackerel, tamarind, chilli, garlic",Non-Vegetarian,Fish,Cook with minimal oil and keep the portion controlled. Pair it with a light side and avoid extra ghee. Keep it as a small snack portion rather than a full meal.,30–45 mins brisk walking,Keep portions small and avoid extra chutney or ghee. Contains fish.
115,Karnataka,Weight Loss,Snack,Chicken Ghee Roast (Minimal Oil),170.0,14.0,10,11,4,Low,Low,Medium,"Chicken, Dairy","chicken, ghee, red chilli, curry leaves",Non-Vegetarian,Chicken,Cook with minimal oil and keep the portion controlled. Pair it with a light side and avoid extra ghee. Keep it as a small snack portion rather than a full meal.,30–45 mins brisk walking,"Keep portions small and avoid extra chutney or ghee. Contains dairy, chicken."
116,Karnataka,Weight Loss,Snack,Chicken Ghee Roast (No Oil),170.0,14.0,10,11,4,Medium,Low,Low,"Chicken, Dairy","chicken, ghee, red chilli, curry leaves",Non-Vegetarian,Chicken,Cook with minimal oil and keep the portion controlled. Pair it with a light side and avoid extra ghee. Keep it as a small snack portion rather than a full meal.,30–45 mins brisk walking,"Keep portions small and avoid extra chutney or ghee. Contains dairy, chicken."
117,Karnataka,Weight Loss,Snack,Chicken Ghee Roast (Thin),170.0,14.0,10,11,4,Low,Medium,Low,"Chicken, Dairy","chicken, ghee, red chilli, curry leaves",Non-Vegetarian,Chicken,Cook with minimal oil and keep the portion controlled. Pair it with a light side and avoid extra ghee. Keep it as a small snack portion rather than a full meal.,30–45 mins brisk walking,"Keep portions small and avoid extra chutney or ghee. Contains dairy, chicken."
118,Karnataka,Weight Loss,Snack,Crab Sukka (Minimal Oil),180.0,15.0,10,12,3,Low,Medium,Low,"Fish, Shellfish","crab, coconut, spices, garlic",Non-Vegetarian,Crab,Cook with minimal oil and keep the portion controlled. Pair it with a light side and avoid extra ghee. Keep it as a small snack portion rather than a full meal.,30–45 mins brisk walking,Keep portions small and avoid extra chutney or ghee. Contains shellfish.
119,Karnataka,Weight Loss,Snack,Crab Sukka (No Oil),180.0,15.0,10,12,3,Low,Low,Medium,"Fish, Shellfish","crab, coconut, spices, garlic",Non-Vegetarian,Crab,Cook with minimal oil and keep the portion controlled. Pair it with a light side and avoid extra ghee. Keep it as a small snack portion rather than a full meal.,30–45 mins brisk walking,Keep portions small and avoid extra chutney or ghee. Contains shellfish.
120,Karnataka,Weight Loss,Snack,Fish Pulimunchi (Minimal Oil),170.0,14.0,10,11,4,Low,Medium,Low,Fish,"fish, tamarind, chilli, garlic",Non-Vegetarian,Fish,Cook with minimal oil and keep the portion controlled. Pair it with a light side and avoid extra ghee. Keep it as a small snack portion rather than a full meal.,30–45 mins brisk walking,Keep portions small and avoid extra chutney or ghee. Contains fish.
121,Karnataka,Weight Loss,Snack,Fish Pulimunchi (No Oil),170.0,14.0,10,11,4,Low,Low,Medium,Fish,"fish, tamarind, chilli, garlic",Non-Vegetarian,Fish,Cook with minimal oil and keep the portion controlled. Pair it with a light side and avoid extra ghee. Keep it as a small snack portion rather than a full meal.,30–45 mins brisk walking,Keep portions small and avoid extra chutney or ghee. Contains fish.
122,Karnataka,Weight Loss,Snack,Kane Rava Fry (Minimal Oil),160.0,13.0,10,10,3,Medium,Low,Low,"Fish, Gluten","fish, semolina, chilli, lemon",Non-Vegetarian,Fish,Cook with minimal oil and keep the portion controlled. Pair it with a light side and avoid extra ghee. Keep it as a small snack portion rather than a full meal.,30–45 mins brisk walking,"Keep portions small and avoid extra chutney or ghee. Contains gluten, fish."
123,Karnataka,Weight Loss,Snack,Kane Rava Fry (No Oil),160.0,13.0,10,10,3,Low,Medium,Low,"Fish, Gluten","fish, semolina, chilli, lemon",Non-Vegetarian,Fish,Cook with minimal oil and keep the portion controlled. Pair it with a light side and avoid extra ghee. Keep it as a small snack portion rather than a full meal.,30–45 mins brisk walking,"Keep portions small and avoid extra chutney or ghee. Contains gluten, fish."
124,Karnataka,Weight Loss,Snack,Kane Rava Fry (Thin),160.0,13.0,10,10,3,Low,Low,Medium,"Fish, Gluten","fish, semolina, chilli, lemon",Non-Vegetarian,Fish,Cook with minimal oil and keep the portion controlled. Pair it with a light side and avoid extra ghee. Keep it as a small snack portion rather than a full meal.,30–45 mins brisk walking,"Keep portions small and avoid extra chutney or ghee. Contains gluten, fish."
125,Karnataka,Weight Loss,Snack,Prawn Curry (Minimal Oil),160.0,13.0,10,10,3,Low,Low,Medium,"Fish, Shellfish","prawn, coconut, chilli, spices",Non-Vegetarian,Seafood,Cook with minimal oil and keep the portion controlled. Pair it with a light side and avoid extra ghee. Keep it as a small snack portion rather than a full meal.,30–45 mins brisk walking,Keep portions small and avoid extra chutney or ghee. Contains shellfish.
126,Karnataka,Weight Loss,Snack,Prawn Curry (No Oil),160.0,13.0,10,10,3,Medium,Low,Low,"Fish, Shellfish","prawn, coconut, chilli, spices",Non-Vegetarian,Seafood,Cook with minimal oil and keep the portion controlled. Pair it with a light side and avoid extra ghee. Keep it as a small snack portion rather than a full meal.,30–45 mins brisk walking,Keep portions small and avoid extra chutney or ghee. Contains shellfish.
127,Karnataka,Weight Loss,Snack,Prawn Ghee Roast (Minimal Oil),180.0,15.0,10,12,3,Medium,Low,Low,"Dairy, Fish, Shellfish","prawn, ghee, red chilli, spices",Non-Vegetarian,Seafood,Cook with minimal oil and keep the portion controlled. Pair it with a light side and avoid extra ghee. Keep it as a small snack portion rather than a full meal.,30–45 mins brisk walking,"Keep portions small and avoid extra chutney or ghee. Contains dairy, shellfish."
128,Karnataka,Weight Loss,Snack,Prawn Ghee Roast (No Oil),180.0,15.0,10,12,3,Low,Medium,Low,"Dairy, Fish, Shellfish","prawn, ghee, red chilli, spices",Non-Vegetarian,Seafood,Cook with minimal oil and keep the portion controlled. Pair it with a light side and avoid extra ghee. Keep it as a small snack portion rather than a full meal.,30–45 mins brisk walking,"Keep portions small and avoid extra chutney or ghee. Contains dairy, shellfish."
129,Karnataka,Weight Loss,Snack,Chakkuli (Minimal Oil),91.0,4.0,12,3,6,High,Medium,Low,Sesame,"rice flour, urad dal, sesame, cumin",Vegan,,Cook with minimal oil and keep the portion controlled. Pair it with a light side and avoid extra ghee. Keep it as a small snack portion rather than a full meal.,30–45 mins brisk walking,Keep portions small and avoid extra chutney or ghee. Contains sesame.
130,Karnataka,Weight Loss,Snack,Chakkuli (No Oil),91.0,4.0,12,3,6,High,Low,Medium,Sesame,"rice flour, urad dal, sesame, cumin",Vegan,,Cook with minimal oil and keep the portion controlled. Pair it with a light side and avoid extra ghee. Keep it as a small snack portion rather than a full meal.,30–45 mins brisk walking,Keep portions small and avoid extra chutney or ghee. Contains sesame.
131,Karnataka,Weight Loss,Snack,Gojju Avalakki (Minimal Oil),130.0,6.0,17,5,6,Medium,Low,Low,"Peanut, Peanuts","flattened rice, tamarind, peanuts, coconut",Vegan,,Cook with minimal oil and keep the portion controlled. Pair it with a light side and avoid extra ghee. Keep it as a small snack portion rather than a full meal.,30–45 mins brisk walking,Keep portions small and avoid extra chutney or ghee. Contains peanuts.
132,Karnataka,Weight Loss,Snack,Gojju Avalakki (No Oil),130.0,6.0,17,5,6,High,Medium,Low,"Peanut, Peanuts","flattened rice, tamarind, peanuts, coconut",Vegan,,Cook with minimal oil and keep the portion controlled. Pair it with a light side and avoid extra ghee. Keep it as a small snack portion rather than a full meal.,30–45 mins brisk walking,Keep portions small and avoid extra chutney or ghee. Contains peanuts.
133,Karnataka,Weight Loss,Snack,Kodubale (Minimal Oil),120.0,7.0,14,6,7,High,Low,Medium,Sesame,"rice flour, roasted gram, sesame, cumin",Vegan,,Cook with minimal oil and keep the portion controlled. Pair it with a light side and avoid extra ghee. Keep it as a small snack portion rather than a full meal.,30–45 mins brisk walking,Keep portions small and avoid extra chutney or ghee. Contains sesame.
134,Karnataka,Weight Loss,Snack,Kodubale (No Oil),120.0,7.0,14,6,7,Medium,Low,Low,Sesame,"rice flour, roasted gram, sesame, cumin",Vegan,,Cook with minimal oil and keep the portion controlled. Pair it with a light side and avoid extra ghee. Keep it as a small snack portion rather than a full meal.,30–45 mins brisk walking,Keep portions small and avoid extra chutney or ghee. Contains sesame.
135,Karnataka,Weight Loss,Snack,Mandakki Usli (Minimal Oil),120.0,5.0,15,4,7,High,Medium,Low,"Peanut, Peanuts","puffed rice, onion, peanuts, curry leaves",Vegan,,Cook with minimal oil and keep the portion controlled. Pair it with a light side and avoid extra ghee. Keep it as a small snack portion rather than a full meal.,30–45 mins brisk walking,Keep portions small and avoid extra chutney or ghee. Contains peanuts.
136,Karnataka,Weight Loss,Snack,Mandakki Usli (No Oil),120.0,5.0,15,4,7,High,Low,Medium,"Peanut, Peanuts","puffed rice, onion, peanuts, curry leaves",Vegan,,Cook with minimal oil and keep the portion controlled. Pair it with a light side and avoid extra ghee. Keep it as a small snack portion rather than a full meal.,30–45 mins brisk walking,Keep portions small and avoid extra chutney or ghee. Contains peanuts.
137,Karnataka,Weight Loss,Snack,Mandakki Usli (Thin),120.0,5.0,15,4,7,Medium,Low,Low,"Peanut, Peanuts","puffed rice, onion, peanuts, curry leaves",Vegan,,Cook with minimal oil and keep the portion controlled. Pair it with a light side and avoid extra ghee. Keep it as a small snack portion rather than a full meal.,30–45 mins brisk walking,Keep portions small and avoid extra chutney or ghee. Contains peanuts.
138,Karnataka,Weight Loss,Snack,Nippattu (Minimal Oil),120.0,5.0,15,4,7,Medium,Low,Low,"Peanut, Peanuts","rice flour, roasted gram, peanuts, curry leaves",Vegan,,Cook with minimal oil and keep the portion controlled. Pair it with a light side and avoid extra ghee. Keep it as a small snack portion rather than a full meal.,30–45 mins brisk walking,Keep portions small and avoid extra chutney or ghee. Contains peanuts.
139,Karnataka,Weight Loss,Snack,Nippattu (No Oil),120.0,5.0,15,4,7,High,Medium,Low,"Peanut, Peanuts","rice flour, roasted gram, peanuts, curry leaves",Vegan,,Cook with minimal oil and keep the portion controlled. Pair it with a light side and avoid extra ghee. Keep it as a small snack portion rather than a full meal.,30–45 mins brisk walking,Keep portions small and avoid extra chutney or ghee. Contains peanuts.
140,Karnataka,Weight Loss,Snack,Nuchinunde (Minimal Oil),91.0,4.0,12,3,6,Low,Low,Medium,Safe,"chana dal, dill leaves, coconut, cumin",Vegan,,Cook with minimal oil and keep the portion controlled. Pair it with a light side and avoid extra ghee. Keep it as a small snack portion rather than a full meal.,30–45 mins brisk walking,Keep portions small and avoid extra chutney or ghee.
141,Karnataka,Weight Loss,Snack,Nuchinunde (No Oil),91.0,4.0,12,3,6,Medium,Low,Low,Safe,"chana dal, dill leaves, coconut, cumin",Vegan,,Cook with minimal oil and keep the portion controlled. Pair it with a light side and avoid extra ghee. Keep it as a small snack portion rather than a full meal.,30–45 mins brisk walking,Keep portions small and avoid extra chutney or ghee.
142,Karnataka,Weight Loss,Snack,Nuchinunde (Thin),91.0,4.0,12,3,6,Low,Medium,Low,Safe,"chana dal, dill leaves, coconut, cumin",Vegan,,Cook with minimal oil and keep the portion controlled. Pair it with a light side and avoid extra ghee. Keep it as a small snack portion rather than a full meal.,30–45 mins brisk walking,Keep portions small and avoid extra chutney or ghee.
143,Karnataka,Weight Loss,Snack,Puri Unde (Minimal Oil),130.0,6.0,17,5,6,High,Low,Medium,"Peanut, Peanuts, Sesame","puffed rice, jaggery, peanuts, sesame",Vegan,,Cook with minimal oil and keep the portion controlled. Pair it with a light side and avoid extra ghee. Keep it as a small snack portion rather than a full meal.,30–45 mins brisk walking,"Keep portions small and avoid extra chutney or ghee. Contains peanuts, sesame."
144,Karnataka,Weight Loss,Snack,Puri Unde (No Oil),130.0,6.0,17,5,6,Medium,Low,Low,"Peanut, Peanuts, Sesame","puffed rice, jaggery, peanuts, sesame",Vegan,,Cook with minimal oil and keep the portion controlled. Pair it with a light side and avoid extra ghee. Keep it as a small snack portion rather than a full meal.,30–45 mins brisk walking,"Keep portions small and avoid extra chutney or ghee. Contains peanuts, sesame."
145,Karnataka,Weight Loss,Dinner,Akki Roti (No Oil) + Heerekai (Ridge Gourd) Palya,320.0,10.0,55,6,10,Medium,Medium,Low,Safe,"Rice Flour, Ridge Gourd",Vegetarian,,Dry roast the roti. Cook ridge gourd in its own water.,20 mins walk,No specific warning
146,Karnataka,Weight Loss,Dinner,Brown Rice + Upsaaru + Cabbage Palya,340.0,16.0,50,8,11,High,Medium,Low,Safe,"Brown Rice, Horsegram, Cabbage",Vegetarian,,Strain the broth for upsaaru and consume without coconut.,20 mins walk,No specific warning
147,Karnataka,Weight Loss,Dinner,Chapati + Hurali (Horsegram) Saaru,330.0,18.0,50,6,12,Low,Medium,Low,Gluten,"Wheat, Horsegram, Spices",Vegetarian,,Boil horsegram thoroughly to extract broth. Zero oil tadka.,20 mins walk,Horsegram generates heat
148,Karnataka,Weight Loss,Dinner,Curd Rice (Low Fat) + Pickle (Small),290.0,9.0,48,4,3,High,Medium,Low,Dairy,"Brown Rice, Low Fat Curd, Curry Leaves",Vegetarian,,Use low-fat curd. Limit pickle to 1 tsp for sodium control.,20 mins light walk,Cooling and light dinner
149,Karnataka,Weight Loss,Dinner,Godhi (Wheat) Dosa + Pudina Chutney,320.0,14.0,50,7,8,Low,Medium,Low,Gluten,"Wheat Flour, Mint",Vegetarian,,Make instant batter and cook with zero oil spray.,20 mins walk,No specific warning
150,Karnataka,Weight Loss,Dinner,Jolada Roti + Badanekayi Yennegayi (Steamed),350.0,15.0,55,8,12,Low,Medium,Low,"Egg, Peanut","Sorghum, Eggplant, Peanut",Vegetarian,,Steam the eggplant instead of deep frying. Use minimal peanut powder.,20 mins walk,Ensure eggplant is fully cooked
151,Karnataka,Weight Loss,Dinner,Kesari Bath (No Oil),250.0,10.0,43,8,8,High,Medium,Low,"Dairy, Gluten, Nut","semolina, sugar, ghee, saffron, cashew",Vegetarian,,Cook with minimal oil and keep the portion controlled. Pair it with a light side and avoid extra ghee. Keep the dinner portion moderate so it sits lightly.,30–45 mins brisk walking,"Keep portions small and avoid extra chutney or ghee. Contains gluten, dairy."
152,Karnataka,Weight Loss,Dinner,Mixed Vegetable Saagu + 2 Phulkas,310.0,12.0,50,6,10,Low,Medium,Low,Gluten,"Wheat, Mixed Veg, Spices",Vegetarian,,Boil vegetables and thicken with dal instead of coconut.,20 mins walk,No specific warning
153,Karnataka,Weight Loss,Dinner,Obbattu (Holige) (No Oil),240.0,9.0,40,7,7,High,Low,Medium,"Dairy, Gluten","wheat flour, chana dal, jaggery, ghee, cardamom",Vegetarian,,Cook with minimal oil and keep the portion controlled. Pair it with a light side and avoid extra ghee. Keep the dinner portion moderate so it sits lightly.,30–45 mins brisk walking,"Keep portions small and avoid extra chutney or ghee. Contains gluten, dairy."
154,Karnataka,Weight Loss,Dinner,Pesarattu + Tomato Chutney,240.0,14.0,34,4,8,Low,Low,Low,Safe,"Green Moong Dal, Tomato, Ginger",Vegetarian,,Spread thin on non-stick tawa. Minimal oil. Pair with light chutney.,20 mins evening walk,Good protein for night
155,Karnataka,Weight Loss,Dinner,Phulka (2) + Dal Tadka + Salad,380.0,16.0,58,8,10,Low,Medium,Low,Gluten,"Wheat, Toor Dal, Mixed Salad",Vegetarian,,Make oil-free phulkas. Prepare dal with minimal oil tadka.,20 mins walk,Eat dinner light
156,Karnataka,Weight Loss,Dinner,Ragi Dosa + Tomato Chutney,300.0,12.0,45,8,8,Low,Medium,Low,Safe,"Finger Millet, Urad Dal, Tomato",Vegetarian,,Cook dosa on non-stick pan without oil.,20 mins walk,No specific warning
157,Karnataka,Weight Loss,Dinner,Ragi Mudde (Small) + Light Sambar,280.0,8.0,50,4,9,Low,Low,Low,Safe,"Finger Millet, Toor Dal, Vegetables",Vegetarian,,Prepare small ragi mudde. Make thin sambar with minimal lentils.,20 mins post-dinner walk,Eat before 7:30 PM
158,Karnataka,Weight Loss,Dinner,Sagu (No Oil),260.0,11.0,45,9,7,Medium,Low,Low,Safe,"mixed vegetables, coconut, onion, spices",Vegetarian,,Cook with minimal oil and keep the portion controlled. Pair it with a light side and avoid extra ghee. Keep the dinner portion moderate so it sits lightly.,30–45 mins brisk walking,Keep portions small and avoid extra chutney or ghee.
159,Karnataka,Weight Loss,Dinner,Tofu Stir Fry + Steamed Brown Rice (Small),350.0,18.0,46,8,7,High,Low,Low,Soy,"Tofu, Brown Rice, Mixed Vegetables, Soy Sauce",Vegetarian,,Stir fry tofu and vegetables with minimal oil and low sodium soy.,20 mins walk,Watch sodium in soy sauce
160,Karnataka,Weight Loss,Dinner,Vegetable Khichdi (Low Oil),330.0,13.0,54,5,9,High,Medium,Low,Safe,"Brown Rice, Moong Dal, Mixed Vegetables",Vegetarian,,Cook khichdi with excess vegetables. Minimal ghee and salt.,20 mins walk,Eat slowly
161,Karnataka,Weight Loss,Dinner,Anjal Fry (Minimal Oil),300.0,22.0,26,13,5,Low,Low,Medium,"Fish, Gluten","kingfish, spice mix, semolina, lemon",Non-Vegetarian,Fish,Cook with minimal oil and keep the portion controlled. Pair it with a light side and avoid extra ghee. Keep the dinner portion moderate so it sits lightly.,30–45 mins brisk walking,"Keep portions small and avoid extra chutney or ghee. Contains gluten, fish."
162,Karnataka,Weight Loss,Dinner,Anjal Fry (No Oil),300.0,22.0,26,13,5,Low,Medium,Low,"Fish, Gluten","kingfish, spice mix, semolina, lemon",Non-Vegetarian,Fish,Cook with minimal oil and keep the portion controlled. Pair it with a light side and avoid extra ghee. Keep the dinner portion moderate so it sits lightly.,30–45 mins brisk walking,"Keep portions small and avoid extra chutney or ghee. Contains gluten, fish."
163,Karnataka,Weight Loss,Dinner,Chicken Pulimunchi (Minimal Oil),300.0,22.0,26,13,5,Medium,Low,Low,Chicken,"chicken, tamarind, chilli, garlic",Non-Vegetarian,Chicken,Cook with minimal oil and keep the portion controlled. Pair it with a light side and avoid extra ghee. Keep the dinner portion moderate so it sits lightly.,30–45 mins brisk walking,Keep portions small and avoid extra chutney or ghee. Contains chicken.
164,Karnataka,Weight Loss,Dinner,Chicken Pulimunchi (No Oil),300.0,22.0,26,13,5,Low,Low,Medium,Chicken,"chicken, tamarind, chilli, garlic",Non-Vegetarian,Chicken,Cook with minimal oil and keep the portion controlled. Pair it with a light side and avoid extra ghee. Keep the dinner portion moderate so it sits lightly.,30–45 mins brisk walking,Keep portions small and avoid extra chutney or ghee. Contains chicken.
165,Karnataka,Weight Loss,Dinner,Chicken Pulimunchi (Thin),300.0,22.0,26,13,5,Low,Medium,Low,Chicken,"chicken, tamarind, chilli, garlic",Non-Vegetarian,Chicken,Cook with minimal oil and keep the portion controlled. Pair it with a light side and avoid extra ghee. Keep the dinner portion moderate so it sits lightly.,30–45 mins brisk walking,Keep portions small and avoid extra chutney or ghee. Contains chicken.
166,Karnataka,Weight Loss,Dinner,Clear Chicken Soup + 1 Roti,310.0,25.0,28,7,4,Low,Low,Low,Gluten,"Chicken, Wheat, Vegetables, Herbs",Non-Vegetarian,Chicken,Prepare thin broth with chicken and vegetables. One thin roti.,20 mins walk,Remove fat from broth
167,Karnataka,Weight Loss,Dinner,Crab Curry (Minimal Oil),310.0,23.0,29,14,6,Low,Low,Medium,"Fish, Shellfish","crab, coconut, spices, chilli",Non-Vegetarian,Crab,Cook with minimal oil and keep the portion controlled. Pair it with a light side and avoid extra ghee. Keep the dinner portion moderate so it sits lightly.,30–45 mins brisk walking,Keep portions small and avoid extra chutney or ghee. Contains shellfish.
168,Karnataka,Weight Loss,Dinner,Crab Curry (No Oil),310.0,23.0,29,14,6,Low,Medium,Low,"Fish, Shellfish","crab, coconut, spices, chilli",Non-Vegetarian,Crab,Cook with minimal oil and keep the portion controlled. Pair it with a light side and avoid extra ghee. Keep the dinner portion moderate so it sits lightly.,30–45 mins brisk walking,Keep portions small and avoid extra chutney or ghee. Contains shellfish.
169,Karnataka,Weight Loss,Dinner,Crab Curry (Thin),310.0,23.0,29,14,6,Medium,Low,Low,"Fish, Shellfish","crab, coconut, spices, chilli",Non-Vegetarian,Crab,Cook with minimal oil and keep the portion controlled. Pair it with a light side and avoid extra ghee. Keep the dinner portion moderate so it sits lightly.,30–45 mins brisk walking,Keep portions small and avoid extra chutney or ghee. Contains shellfish.
170,Karnataka,Weight Loss,Dinner,Egg White Bhurji + 1 Phulka,280.0,22.0,28,6,4,Low,Low,Low,"Egg, Gluten","Egg Whites, Onion, Tomato, Capsicum",Non-Vegetarian,,Use 4 egg whites. Cook with minimal oil. Serve with thin phulka.,20 mins walk,Good lean protein dinner
171,Karnataka,Weight Loss,Dinner,Grilled Fish + Steamed Vegetables,320.0,30.0,18,10,6,Low,Low,Low,Fish,"Fish Fillet, Capsicum, Broccoli, Spices",Non-Vegetarian,Fish,"Grill fish with herbs, no butter. Steam vegetables.",20 mins walk,Avoid heavy sauces
172,Karnataka,Weight Loss,Dinner,Koli Saaru (Minimal Oil),356.0,25.0,28,16,6,Medium,Low,Low,Chicken,"chicken, coconut, pepper, coriander",Non-Vegetarian,Chicken,Cook with minimal oil and keep the portion controlled. Pair it with a light side and avoid extra ghee. Keep the dinner portion moderate so it sits lightly.,30–45 mins brisk walking,Keep portions small and avoid extra chutney or ghee. Contains chicken.
173,Karnataka,Weight Loss,Dinner,Koli Saaru (No Oil),356.0,25.0,28,16,6,Low,Low,Medium,Chicken,"chicken, coconut, pepper, coriander",Non-Vegetarian,Chicken,Cook with minimal oil and keep the portion controlled. Pair it with a light side and avoid extra ghee. Keep the dinner portion moderate so it sits lightly.,30–45 mins brisk walking,Keep portions small and avoid extra chutney or ghee. Contains chicken.
174,Karnataka,Weight Loss,Dinner,Mutton Biryani (Minimal Oil),320.0,24.0,31,15,5,High,Medium,Low,"Dairy, Mutton","mutton, rice, spices, ghee",Non-Vegetarian,Mutton,Cook with minimal oil and keep the portion controlled. Pair it with a light side and avoid extra ghee. Keep the dinner portion moderate so it sits lightly.,30–45 mins brisk walking,"Keep portions small and avoid extra chutney or ghee. Contains dairy, mutton."
175,Karnataka,Weight Loss,Dinner,Mutton Biryani (No Oil),320.0,24.0,31,15,5,Medium,Low,Low,"Dairy, Mutton","mutton, rice, spices, ghee",Non-Vegetarian,Mutton,Cook with minimal oil and keep the portion controlled. Pair it with a light side and avoid extra ghee. Keep the dinner portion moderate so it sits lightly.,30–45 mins brisk walking,"Keep portions small and avoid extra chutney or ghee. Contains dairy, mutton."
176,Karnataka,Weight Loss,Dinner,Mutton Biryani (Thin),320.0,24.0,31,15,5,High,Low,Medium,"Dairy, Mutton","mutton, rice, spices, ghee",Non-Vegetarian,Mutton,Cook with minimal oil and keep the portion controlled. Pair it with a light side and avoid extra ghee. Keep the dinner portion moderate so it sits lightly.,30–45 mins brisk walking,"Keep portions small and avoid extra chutney or ghee. Contains dairy, mutton."
177,Karnataka,Weight Loss,Dinner,Avarekalu Saaru (Minimal Oil),267.0,11.0,40,7,9,Medium,Low,Low,Safe,"hyacinth beans, coconut, tamarind, spices",Vegan,,Cook with minimal oil and keep the portion controlled. Pair it with a light side and avoid extra ghee. Keep the dinner portion moderate so it sits lightly.,30–45 mins brisk walking,Keep portions small and avoid extra chutney or ghee.
178,Karnataka,Weight Loss,Dinner,Avarekalu Saaru (No Oil),267.0,11.0,40,7,9,Low,Medium,Low,Safe,"hyacinth beans, coconut, tamarind, spices",Vegan,,Cook with minimal oil and keep the portion controlled. Pair it with a light side and avoid extra ghee. Keep the dinner portion moderate so it sits lightly.,30–45 mins brisk walking,Keep portions small and avoid extra chutney or ghee.
179,Karnataka,Weight Loss,Dinner,Bendekaayi Palya (Minimal Oil),230.0,10.0,43,6,8,Medium,Low,Low,Mustard,"okra, onion, mustard seeds, curry leaves",Vegan,,Cook with minimal oil and keep the portion controlled. Pair it with a light side and avoid extra ghee. Keep the dinner portion moderate so it sits lightly.,30–45 mins brisk walking,Keep portions small and avoid extra chutney or ghee.
180,Karnataka,Weight Loss,Dinner,Bendekaayi Palya (No Oil),230.0,10.0,43,6,8,Low,Medium,Low,Mustard,"okra, onion, mustard seeds, curry leaves",Vegan,,Cook with minimal oil and keep the portion controlled. Pair it with a light side and avoid extra ghee. Keep the dinner portion moderate so it sits lightly.,30–45 mins brisk walking,Keep portions small and avoid extra chutney or ghee.
181,Karnataka,Weight Loss,Dinner,Huli (Minimal Oil),210.0,8.0,38,4,8,Medium,Low,Low,Sesame,"vegetables, tamarind, lentils, spices",Vegan,,Cook with minimal oil and keep the portion controlled. Pair it with a light side and avoid extra ghee. Keep the dinner portion moderate so it sits lightly.,30–45 mins brisk walking,Keep portions small and avoid extra chutney or ghee. Contains sesame.
182,Karnataka,Weight Loss,Dinner,Huli (No Oil),210.0,8.0,38,4,8,Low,Medium,Low,Sesame,"vegetables, tamarind, lentils, spices",Vegan,,Cook with minimal oil and keep the portion controlled. Pair it with a light side and avoid extra ghee. Keep the dinner portion moderate so it sits lightly.,30–45 mins brisk walking,Keep portions small and avoid extra chutney or ghee. Contains sesame.
183,Karnataka,Weight Loss,Dinner,Huli (Thin),210.0,8.0,38,4,8,Low,Low,Medium,Sesame,"vegetables, tamarind, lentils, spices",Vegan,,Cook with minimal oil and keep the portion controlled. Pair it with a light side and avoid extra ghee. Keep the dinner portion moderate so it sits lightly.,30–45 mins brisk walking,Keep portions small and avoid extra chutney or ghee. Contains sesame.
184,Karnataka,Weight Loss,Dinner,Kosambari (Minimal Oil),220.0,9.0,41,5,9,Low,Medium,Low,Safe,"moong dal, cucumber, coconut, coriander",Vegan,,Cook with minimal oil and keep the portion controlled. Pair it with a light side and avoid extra ghee. Keep the dinner portion moderate so it sits lightly.,30–45 mins brisk walking,Keep portions small and avoid extra chutney or ghee.
185,Karnataka,Weight Loss,Dinner,Kosambari (No Oil),220.0,9.0,41,5,9,Low,Low,Medium,Safe,"moong dal, cucumber, coconut, coriander",Vegan,,Cook with minimal oil and keep the portion controlled. Pair it with a light side and avoid extra ghee. Keep the dinner portion moderate so it sits lightly.,30–45 mins brisk walking,Keep portions small and avoid extra chutney or ghee.
186,Karnataka,Weight Loss,Dinner,Menthya Bath (Minimal Oil),210.0,8.0,38,4,8,High,Low,Medium,Safe,"rice, fenugreek leaves, tamarind, spices",Vegan,,Cook with minimal oil and keep the portion controlled. Pair it with a light side and avoid extra ghee. Keep the dinner portion moderate so it sits lightly.,30–45 mins brisk walking,Keep portions small and avoid extra chutney or ghee.
187,Karnataka,Weight Loss,Dinner,Menthya Bath (No Oil),210.0,8.0,38,4,8,Medium,Low,Low,Safe,"rice, fenugreek leaves, tamarind, spices",Vegan,,Cook with minimal oil and keep the portion controlled. Pair it with a light side and avoid extra ghee. Keep the dinner portion moderate so it sits lightly.,30–45 mins brisk walking,Keep portions small and avoid extra chutney or ghee.
188,Karnataka,Weight Loss,Dinner,Saaru (Minimal Oil),220.0,9.0,41,5,9,Low,Low,Medium,Safe,"tomato, pepper, cumin, garlic",Vegan,,Cook with minimal oil and keep the portion controlled. Pair it with a light side and avoid extra ghee. Keep the dinner portion moderate so it sits lightly.,30–45 mins brisk walking,Keep portions small and avoid extra chutney or ghee.
189,Karnataka,Weight Loss,Dinner,Saaru (No Oil),220.0,9.0,41,5,9,Medium,Low,Low,Safe,"tomato, pepper, cumin, garlic",Vegan,,Cook with minimal oil and keep the portion controlled. Pair it with a light side and avoid extra ghee. Keep the dinner portion moderate so it sits lightly.,30–45 mins brisk walking,Keep portions small and avoid extra chutney or ghee.
190,Karnataka,Weight Loss,Dinner,Saaru (Thin),220.0,9.0,41,5,9,Low,Medium,Low,Safe,"tomato, pepper, cumin, garlic",Vegan,,Cook with minimal oil and keep the portion controlled. Pair it with a light side and avoid extra ghee. Keep the dinner portion moderate so it sits lightly.,30–45 mins brisk walking,Keep portions small and avoid extra chutney or ghee.
191,Karnataka,Weight Loss,Dinner,Soppina Saaru (Minimal Oil),230.0,10.0,43,6,8,Low,Medium,Low,Sesame,"greens, lentils, garlic, spices",Vegan,,Cook with minimal oil and keep the portion controlled. Pair it with a light side and avoid extra ghee. Keep the dinner portion moderate so it sits lightly.,30–45 mins brisk walking,Keep portions small and avoid extra chutney or ghee. Contains sesame.
192,Karnataka,Weight Loss,Dinner,Soppina Saaru (No Oil),230.0,10.0,43,6,8,Low,Low,Medium,Sesame,"greens, lentils, garlic, spices",Vegan,,Cook with minimal oil and keep the portion controlled. Pair it with a light side and avoid extra ghee. Keep the dinner portion moderate so it sits lightly.,30–45 mins brisk walking,Keep portions small and avoid extra chutney or ghee. Contains sesame.
193,Karnataka,Weight Gain,Breakfast,Banana Milkshake (Full Fat) + Poha,620.0,14.0,96,18,6,Medium,Medium,Low,"Dairy, Peanut, Peanuts","Banana, Full Fat Milk, Poha, Peanuts",Vegetarian,,Blend banana with full fat milk. Prepare peanut poha on side.,Light morning walk,High sugar content
194,Karnataka,Weight Gain,Breakfast,Benne Dosa + Coconut Chutney + Potato Sagu,600.0,15.0,85,22,6,Low,Medium,Medium,Dairy,"Rice, Urad Dal, Butter, Potato",Vegetarian,,Cook dosa with generous amounts of butter for high calories.,30 mins weight lifting,Monitor digestion
195,Karnataka,Weight Gain,Breakfast,Chapati (4) + Ghee + Peanut Chutney,600.0,18.0,88,20,10,Medium,Medium,Medium,"Dairy, Gluten, Peanut, Peanuts","Wheat, Ghee, Peanuts, Coconut",Vegetarian,,Prepare thick chapatis with ghee. Rich peanut chutney on side.,20 mins walk,Monitor fat intake
196,Karnataka,Weight Gain,Breakfast,Idli (5) + Sambar + Coconut Chutney,520.0,18.0,88,10,8,Medium,Medium,Low,Dairy,"Rice, Urad Dal, Toor Dal, Coconut",Vegetarian,,Steam fluffy idlis. Thick sambar and generous coconut chutney.,Light stretching,Good mass gain option
197,Karnataka,Weight Gain,Breakfast,Kesari Bath + Uppittu (Chow Chow Bath),580.0,12.0,90,18,5,High,Medium,Medium,"Dairy, Egg, Gluten","Semolina, Ghee, Sugar, Veggies",Vegetarian,,Use ample ghee in Kesari bath and roasted cashews.,30 mins weight lifting,High sugar content
198,Karnataka,Weight Gain,Breakfast,Mangalore Buns + Coconut Chutney,590.0,12.0,95,18,5,High,Medium,Medium,"Dairy, Gluten","Maida, Banana, Curd, Oil",Vegetarian,,Deep fry the banana-infused dough until golden brown.,30 mins weight lifting,No specific warning
199,Karnataka,Weight Gain,Breakfast,Masala Dosa + Full Fat Coconut Chutney + Sambar,580.0,14.0,88,18,7,Medium,Medium,Medium,Dairy,"Rice, Urad Dal, Potato, Coconut",Vegetarian,,Prepare crispy masala dosa with potato filling. Rich coconut chutney.,Light stretching,Monitor if weight gain plateau
200,Karnataka,Weight Gain,Breakfast,Methi Paratha (3) + Butter + Lassi,640.0,16.0,88,22,9,Medium,High,Medium,"Dairy, Gluten","Wheat, Fenugreek, Butter, Curd",Vegetarian,,Prepare thick methi parathas with butter. Full fat sweet lassi.,20 mins walk,High calorie combination
201,Karnataka,Weight Gain,Breakfast,Mysore Masala Dosa (Traditional),370.0,12.0,57,17,4,Medium,High,High,Dairy,"rice, urad dal, potato, onion, red chilli, ghee",Vegetarian,,"Serve a fuller portion and keep the preparation richer in the traditional style. Add nuts, coconut, or a little ghee when appropriate. It works best as a light breakfast with tea or chutney.",20 mins light strength training,Calorie-dense dish; best on active days. Contains dairy.
202,Karnataka,Weight Gain,Breakfast,Pongal + Coconut Chutney + Filter Coffee,560.0,14.0,80,20,6,Medium,Medium,Medium,Dairy,"Rice, Moong Dal, Ghee, Coconut, Milk",Vegetarian,,Cook pongal with generous ghee. Pair with thick coconut chutney.,Light morning exercise,Add ghee only after cooking
203,Karnataka,Weight Gain,Breakfast,Puri Saagu + Filter Coffee,620.0,14.0,85,24,6,High,Medium,Medium,"Dairy, Gluten","Wheat, Potato, Oil, Milk",Vegetarian,,Deep fry puris in clean oil. Serve with rich potato sagu.,30 mins weight lifting,No specific warning
204,Karnataka,Weight Gain,Breakfast,Ragi Roti with Avarekalu (Hyacinth beans) + Ghee,580.0,16.0,80,22,12,Medium,Medium,Medium,Dairy,"Finger Millet, Hyacinth Beans, Ghee",Vegetarian,,Knead beans into dough and cook with abundant ghee.,30 mins weight lifting,No specific warning
205,Karnataka,Weight Gain,Breakfast,Rava Idli (Traditional),454.0,13.0,60,18,5,High,Medium,High,"Dairy, Gluten, Mustard","semolina, curd, carrot, mustard seeds, curry leaves",Vegetarian,,"Serve a fuller portion and keep the preparation richer in the traditional style. Add nuts, coconut, or a little ghee when appropriate. It works best as a light breakfast with tea or chutney.",20 mins light strength training,"Calorie-dense dish; best on active days. Contains gluten, dairy."
206,Karnataka,Weight Gain,Breakfast,Rava Kesari Bath + Milk,520.0,12.0,80,14,3,High,Medium,Medium,"Dairy, Gluten, Nut","Semolina, Ghee, Sugar, Milk, Cashews",Vegetarian,,Cook rava in ghee with cashews and sugar. Serve warm with milk.,20 mins light stretching,High calorie - portion to goal
207,Karnataka,Weight Gain,Breakfast,Shavige Bath with Roasted Cashews & Coconut,550.0,10.0,85,18,6,Medium,Medium,Medium,"Nut, Nuts","Rice Noodles, Cashew, Coconut, Oil",Vegetarian,,"Temper generously with oil, coconut, and cashews.",30 mins weight lifting,No specific warning
208,Karnataka,Weight Gain,Breakfast,Tattekal (Thatte) Idli + Sambar + Vada,650.0,18.0,90,24,8,Low,Medium,Medium,Safe,"Rice, Urad Dal, Oil",Vegetarian,,Deep fry vada and serve with large steamed idli and ghee.,30 mins weight lifting,No specific warning
209,Karnataka,Weight Gain,Breakfast,Akki Rotti with Chicken Sukka (Home Style),420.0,22.0,48,21,4,High,Medium,High,Chicken,"rice flour, chicken, coconut, spices",Non-Vegetarian,Chicken,"Serve a fuller portion and keep the preparation richer in the traditional style. Add nuts, coconut, or a little ghee when appropriate. It works best as a light breakfast with tea or chutney.",20 mins light strength training,Calorie-dense dish; best on active days. Contains chicken.
210,Karnataka,Weight Gain,Breakfast,Akki Rotti with Chicken Sukka (Traditional),420.0,22.0,48,21,4,High,Medium,High,Chicken,"rice flour, chicken, coconut, spices",Non-Vegetarian,Chicken,"Serve a fuller portion and keep the preparation richer in the traditional style. Add nuts, coconut, or a little ghee when appropriate. It works best as a light breakfast with tea or chutney.",20 mins light strength training,Calorie-dense dish; best on active days. Contains chicken.
211,Karnataka,Weight Gain,Breakfast,Bread Omelette (3 Eggs) + Butter Toast,550.0,24.0,50,28,3,Medium,High,High,"Dairy, Egg, Gluten","Eggs, Bread, Butter, Onion",Non-Vegetarian,,Make thick omelette with 3 eggs and butter toast on side.,Light morning walk,High cholesterol concern
212,Karnataka,Weight Gain,Breakfast,Chicken Sukka (Home Style),410.0,21.0,45,20,3,High,Medium,High,Chicken,"chicken, coconut, pepper, curry leaves",Non-Vegetarian,Chicken,"Serve a fuller portion and keep the preparation richer in the traditional style. Add nuts, coconut, or a little ghee when appropriate. It works best as a light breakfast with tea or chutney.",20 mins light strength training,Calorie-dense dish; best on active days. Contains chicken.
213,Karnataka,Weight Gain,Breakfast,Chicken Sukka (Rich),410.0,21.0,45,20,3,High,Medium,High,Chicken,"chicken, coconut, pepper, curry leaves",Non-Vegetarian,Chicken,"Serve a fuller portion and keep the preparation richer in the traditional style. Add nuts, coconut, or a little ghee when appropriate. It works best as a light breakfast with tea or chutney.",20 mins light strength training,Calorie-dense dish; best on active days. Contains chicken.
214,Karnataka,Weight Gain,Breakfast,Chicken Sukka (Traditional),410.0,21.0,45,20,3,High,Medium,High,Chicken,"chicken, coconut, pepper, curry leaves",Non-Vegetarian,Chicken,"Serve a fuller portion and keep the preparation richer in the traditional style. Add nuts, coconut, or a little ghee when appropriate. It works best as a light breakfast with tea or chutney.",20 mins light strength training,Calorie-dense dish; best on active days. Contains chicken.
215,Karnataka,Weight Gain,Breakfast,Egg Paratha (2) + Full Fat Curd,580.0,24.0,68,22,6,Medium,High,Medium,"Dairy, Egg, Gluten","Wheat, Eggs, Onion, Full Fat Curd",Non-Vegetarian,,Stuff paratha with spiced egg mixture. Serve with full fat curd.,20 mins walk,Rich protein breakfast
216,Karnataka,Weight Gain,Breakfast,Koli Curry (Home Style),491.0,24.0,47,23,4,High,High,Medium,Chicken,"chicken, red chilli, coconut, garlic",Non-Vegetarian,Chicken,"Serve a fuller portion and keep the preparation richer in the traditional style. Add nuts, coconut, or a little ghee when appropriate. It works best as a light breakfast with tea or chutney.",20 mins light strength training,Calorie-dense dish; best on active days. Contains chicken.
217,Karnataka,Weight Gain,Breakfast,Koli Curry (Rich),491.0,24.0,47,23,4,High,High,Medium,Chicken,"chicken, red chilli, coconut, garlic",Non-Vegetarian,Chicken,"Serve a fuller portion and keep the preparation richer in the traditional style. Add nuts, coconut, or a little ghee when appropriate. It works best as a light breakfast with tea or chutney.",20 mins light strength training,Calorie-dense dish; best on active days. Contains chicken.
218,Karnataka,Weight Gain,Breakfast,Koli Curry (Traditional),491.0,24.0,47,23,4,High,High,Medium,Chicken,"chicken, red chilli, coconut, garlic",Non-Vegetarian,Chicken,"Serve a fuller portion and keep the preparation richer in the traditional style. Add nuts, coconut, or a little ghee when appropriate. It works best as a light breakfast with tea or chutney.",20 mins light strength training,Calorie-dense dish; best on active days. Contains chicken.
219,Karnataka,Weight Gain,Breakfast,Kori Rotti (Home Style),430.0,23.0,50,22,3,Medium,High,High,Chicken,"rice wafers, chicken curry, coconut, spices",Non-Vegetarian,Chicken,"Serve a fuller portion and keep the preparation richer in the traditional style. Add nuts, coconut, or a little ghee when appropriate. It works best as a light breakfast with tea or chutney.",20 mins light strength training,Calorie-dense dish; best on active days. Contains chicken.
220,Karnataka,Weight Gain,Breakfast,Kori Rotti (Traditional),430.0,23.0,50,22,3,Medium,High,High,Chicken,"rice wafers, chicken curry, coconut, spices",Non-Vegetarian,Chicken,"Serve a fuller portion and keep the preparation richer in the traditional style. Add nuts, coconut, or a little ghee when appropriate. It works best as a light breakfast with tea or chutney.",20 mins light strength training,Calorie-dense dish; best on active days. Contains chicken.
221,Karnataka,Weight Gain,Breakfast,Mangalore Fish Fry (Home Style),420.0,22.0,48,21,4,Medium,High,High,"Fish, Gluten","fish, rava, spices, lemon",Non-Vegetarian,Fish,"Serve a fuller portion and keep the preparation richer in the traditional style. Add nuts, coconut, or a little ghee when appropriate. It works best as a light breakfast with tea or chutney.",20 mins light strength training,"Calorie-dense dish; best on active days. Contains gluten, fish."
222,Karnataka,Weight Gain,Breakfast,Mangalore Fish Fry (Traditional),420.0,22.0,48,21,4,Medium,High,High,"Fish, Gluten","fish, rava, spices, lemon",Non-Vegetarian,Fish,"Serve a fuller portion and keep the preparation richer in the traditional style. Add nuts, coconut, or a little ghee when appropriate. It works best as a light breakfast with tea or chutney.",20 mins light strength training,"Calorie-dense dish; best on active days. Contains gluten, fish."
223,Karnataka,Weight Gain,Breakfast,Neer Dose with Kori Gassi (Home Style),410.0,21.0,45,20,3,High,High,Medium,Chicken,"rice, chicken, coconut, spices",Non-Vegetarian,Chicken,"Serve a fuller portion and keep the preparation richer in the traditional style. Add nuts, coconut, or a little ghee when appropriate. It works best as a light breakfast with tea or chutney.",20 mins light strength training,Calorie-dense dish; best on active days. Contains chicken.
224,Karnataka,Weight Gain,Breakfast,Neer Dose with Kori Gassi (Traditional),410.0,21.0,45,20,3,High,High,Medium,Chicken,"rice, chicken, coconut, spices",Non-Vegetarian,Chicken,"Serve a fuller portion and keep the preparation richer in the traditional style. Add nuts, coconut, or a little ghee when appropriate. It works best as a light breakfast with tea or chutney.",20 mins light strength training,Calorie-dense dish; best on active days. Contains chicken.
225,Karnataka,Weight Gain,Breakfast,Akki Rotti (Home Style),340.0,11.0,55,13,5,Medium,High,High,Safe,"rice flour, onion, coriander, green chilli",Vegan,,"Serve a fuller portion and keep the preparation richer in the traditional style. Add nuts, coconut, or a little ghee when appropriate. It works best as a light breakfast with tea or chutney.",20 mins light strength training,Calorie-dense dish; best on active days.
226,Karnataka,Weight Gain,Breakfast,Akki Rotti (Traditional),340.0,11.0,55,13,5,High,Medium,High,Safe,"rice flour, onion, coriander, green chilli",Vegan,,"Serve a fuller portion and keep the preparation richer in the traditional style. Add nuts, coconut, or a little ghee when appropriate. It works best as a light breakfast with tea or chutney.",20 mins light strength training,Calorie-dense dish; best on active days.
227,Karnataka,Weight Gain,Breakfast,Avalakki Uppittu (Home Style),427.0,13.0,60,15,5,High,Medium,High,"Peanut, Peanuts","flattened rice, onion, peanuts, curry leaves",Vegan,,"Serve a fuller portion and keep the preparation richer in the traditional style. Add nuts, coconut, or a little ghee when appropriate. It works best as a light breakfast with tea or chutney.",20 mins light strength training,Calorie-dense dish; best on active days. Contains peanuts.
228,Karnataka,Weight Gain,Breakfast,Avalakki Uppittu (Traditional),427.0,13.0,60,15,5,High,High,Medium,"Peanut, Peanuts","flattened rice, onion, peanuts, curry leaves",Vegan,,"Serve a fuller portion and keep the preparation richer in the traditional style. Add nuts, coconut, or a little ghee when appropriate. It works best as a light breakfast with tea or chutney.",20 mins light strength training,Calorie-dense dish; best on active days. Contains peanuts.
229,Karnataka,Weight Gain,Breakfast,Neer Dose (Home Style),350.0,12.0,58,14,6,High,High,Medium,Safe,"rice, coconut, salt",Vegan,,"Serve a fuller portion and keep the preparation richer in the traditional style. Add nuts, coconut, or a little ghee when appropriate. It works best as a light breakfast with tea or chutney.",20 mins light strength training,Calorie-dense dish; best on active days.
230,Karnataka,Weight Gain,Breakfast,Neer Dose (Traditional),350.0,12.0,58,14,6,Medium,High,High,Safe,"rice, coconut, salt",Vegan,,"Serve a fuller portion and keep the preparation richer in the traditional style. Add nuts, coconut, or a little ghee when appropriate. It works best as a light breakfast with tea or chutney.",20 mins light strength training,Calorie-dense dish; best on active days.
231,Karnataka,Weight Gain,Breakfast,Paddu (Gundponglu) (Home Style),340.0,11.0,55,13,5,Medium,High,High,Safe,"rice batter, urad dal, curry leaves, onion",Vegan,,"Serve a fuller portion and keep the preparation richer in the traditional style. Add nuts, coconut, or a little ghee when appropriate. It works best as a light breakfast with tea or chutney.",20 mins light strength training,Calorie-dense dish; best on active days.
232,Karnataka,Weight Gain,Breakfast,Paddu (Gundponglu) (Traditional),340.0,11.0,55,13,5,Low,Medium,High,Safe,"rice batter, urad dal, curry leaves, onion",Vegan,,"Serve a fuller portion and keep the preparation richer in the traditional style. Add nuts, coconut, or a little ghee when appropriate. It works best as a light breakfast with tea or chutney.",20 mins light strength training,Calorie-dense dish; best on active days.
233,Karnataka,Weight Gain,Breakfast,Ragi Rotti (Home Style),427.0,13.0,60,15,5,High,High,Medium,Safe,"ragi flour, onion, coriander, green chilli",Vegan,,"Serve a fuller portion and keep the preparation richer in the traditional style. Add nuts, coconut, or a little ghee when appropriate. It works best as a light breakfast with tea or chutney.",20 mins light strength training,Calorie-dense dish; best on active days.
234,Karnataka,Weight Gain,Breakfast,Ragi Rotti (Rich),427.0,13.0,60,15,5,High,Medium,High,Safe,"ragi flour, onion, coriander, green chilli",Vegan,,"Serve a fuller portion and keep the preparation richer in the traditional style. Add nuts, coconut, or a little ghee when appropriate. It works best as a light breakfast with tea or chutney.",20 mins light strength training,Calorie-dense dish; best on active days.
235,Karnataka,Weight Gain,Breakfast,Ragi Rotti (Traditional),427.0,13.0,60,15,5,Medium,High,High,Safe,"ragi flour, onion, coriander, green chilli",Vegan,,"Serve a fuller portion and keep the preparation richer in the traditional style. Add nuts, coconut, or a little ghee when appropriate. It works best as a light breakfast with tea or chutney.",20 mins light strength training,Calorie-dense dish; best on active days.
236,Karnataka,Weight Gain,Breakfast,Sajje Rotti (Home Style),428.0,14.0,57,16,6,High,Medium,High,Safe,"pearl millet flour, onion, coriander, green chilli",Vegan,,"Serve a fuller portion and keep the preparation richer in the traditional style. Add nuts, coconut, or a little ghee when appropriate. It works best as a light breakfast with tea or chutney.",20 mins light strength training,Calorie-dense dish; best on active days.
237,Karnataka,Weight Gain,Breakfast,Sajje Rotti (Rich),428.0,14.0,57,16,6,Medium,High,High,Safe,"pearl millet flour, onion, coriander, green chilli",Vegan,,"Serve a fuller portion and keep the preparation richer in the traditional style. Add nuts, coconut, or a little ghee when appropriate. It works best as a light breakfast with tea or chutney.",20 mins light strength training,Calorie-dense dish; best on active days.
238,Karnataka,Weight Gain,Breakfast,Sajje Rotti (Traditional),428.0,14.0,57,16,6,High,High,Medium,Safe,"pearl millet flour, onion, coriander, green chilli",Vegan,,"Serve a fuller portion and keep the preparation richer in the traditional style. Add nuts, coconut, or a little ghee when appropriate. It works best as a light breakfast with tea or chutney.",20 mins light strength training,Calorie-dense dish; best on active days.
239,Karnataka,Weight Gain,Breakfast,Shavige Uppittu (Home Style),350.0,12.0,58,14,6,High,High,Medium,Mustard,"rice vermicelli, onion, mustard seeds, curry leaves",Vegan,,"Serve a fuller portion and keep the preparation richer in the traditional style. Add nuts, coconut, or a little ghee when appropriate. It works best as a light breakfast with tea or chutney.",20 mins light strength training,Calorie-dense dish; best on active days.
240,Karnataka,Weight Gain,Breakfast,Shavige Uppittu (Traditional),350.0,12.0,58,14,6,Medium,High,High,Mustard,"rice vermicelli, onion, mustard seeds, curry leaves",Vegan,,"Serve a fuller portion and keep the preparation richer in the traditional style. Add nuts, coconut, or a little ghee when appropriate. It works best as a light breakfast with tea or chutney.",20 mins light strength training,Calorie-dense dish; best on active days.
241,Karnataka,Weight Gain,Lunch,Bisi Bele Bath (Home Style),430.0,14.0,71,18,6,Low,Medium,High,Dairy,"rice, toor dal, vegetables, bisi bele bath masala, ghee",Vegetarian,,"Serve a fuller portion and keep the preparation richer in the traditional style. Add nuts, coconut, or a little ghee when appropriate. Serve it with a simple salad or vegetable side for balance.",20 mins light strength training,Calorie-dense dish; best on active days. Contains dairy.
242,Karnataka,Weight Gain,Lunch,Bisi Bele Bath (Rich),430.0,14.0,71,18,6,Low,Medium,High,Dairy,"rice, toor dal, vegetables, bisi bele bath masala, ghee",Vegetarian,,"Serve a fuller portion and keep the preparation richer in the traditional style. Add nuts, coconut, or a little ghee when appropriate. Serve it with a simple salad or vegetable side for balance.",20 mins light strength training,Calorie-dense dish; best on active days. Contains dairy.
243,Karnataka,Weight Gain,Lunch,Bisi Bele Bath (Traditional),430.0,14.0,71,18,6,Low,Medium,High,Dairy,"rice, toor dal, vegetables, bisi bele bath masala, ghee",Vegetarian,,"Serve a fuller portion and keep the preparation richer in the traditional style. Add nuts, coconut, or a little ghee when appropriate. Serve it with a simple salad or vegetable side for balance.",20 mins light strength training,Calorie-dense dish; best on active days. Contains dairy.
244,Karnataka,Weight Gain,Lunch,Bisi Bele Bath + Boondi + Potato Roast,800.0,20.0,110,30,12,Low,Medium,Medium,"Dairy, Egg","Rice, Toor Dal, Veggies, Ghee, Besan",Vegetarian,,Top with generous ghee and deep-fried boondi.,45 mins strength training,No specific warning
245,Karnataka,Weight Gain,Lunch,Curd Rice + Pickle + Papads (Fried),620.0,14.0,96,18,4,Medium,High,Medium,Dairy,"Rice, Full Fat Curd, Pickle, Papad",Vegetarian,,Prepare generous curd rice with full fat curd. Fry papad in oil.,30 mins walk,Good gut health meal
246,Karnataka,Weight Gain,Lunch,Dal Makhani + Butter Naan (2),740.0,26.0,96,24,12,Medium,High,Medium,"Dairy, Gluten, Sesame","Black Lentil, Butter, Cream, Wheat",Vegetarian,,Slow cook dal with butter and cream. Serve with butter naan.,30 mins walk,Rich in protein and fats
247,Karnataka,Weight Gain,Lunch,Full Meals Oota (Rice + 4 Curries + Papad),800.0,24.0,120,24,12,Medium,High,Medium,"Dairy, Gluten","Rice, Toor Dal, Sambar, Rasam, Curd, Ghee",Vegetarian,,"Full Karnataka thali with ghee on rice, sambar, palya, kosambari, papad.",45 mins post lunch rest,Traditional high-calorie meal
248,Karnataka,Weight Gain,Lunch,Jolada Roti + Yennegayi (Stuffed Eggplant) + Rice,780.0,22.0,100,32,15,Medium,Medium,Medium,"Egg, Peanut, Peanuts","Sorghum, Eggplant, Peanuts, Oil",Vegetarian,,Stuff eggplant with peanut-sesame masala and cook in heavy oil.,45 mins strength training,No specific warning
249,Karnataka,Weight Gain,Lunch,Kharabath (Home Style),548.0,16.0,76,20,6,High,High,Medium,Dairy,"rice, vegetables, spice mix, ghee",Vegetarian,,"Serve a fuller portion and keep the preparation richer in the traditional style. Add nuts, coconut, or a little ghee when appropriate. Serve it with a simple salad or vegetable side for balance.",20 mins light strength training,Calorie-dense dish; best on active days. Contains dairy.
250,Karnataka,Weight Gain,Lunch,Kharabath (Rich),548.0,16.0,76,20,6,High,High,Medium,Dairy,"rice, vegetables, spice mix, ghee",Vegetarian,,"Serve a fuller portion and keep the preparation richer in the traditional style. Add nuts, coconut, or a little ghee when appropriate. Serve it with a simple salad or vegetable side for balance.",20 mins light strength training,Calorie-dense dish; best on active days. Contains dairy.
251,Karnataka,Weight Gain,Lunch,Kharabath (Traditional),548.0,16.0,76,20,6,High,High,Medium,Dairy,"rice, vegetables, spice mix, ghee",Vegetarian,,"Serve a fuller portion and keep the preparation richer in the traditional style. Add nuts, coconut, or a little ghee when appropriate. Serve it with a simple salad or vegetable side for balance.",20 mins light strength training,Calorie-dense dish; best on active days. Contains dairy.
252,Karnataka,Weight Gain,Lunch,Paneer Butter Masala + Chapati (4),700.0,28.0,80,28,8,Medium,High,Medium,"Dairy, Gluten, Nut","Paneer, Wheat, Butter, Tomato, Cashew",Vegetarian,,Prepare rich butter masala gravy with cashew paste and cream.,30 mins walk after 1 hour,High dairy content
253,Karnataka,Weight Gain,Lunch,Udupi Sambar (Home Style),527.0,15.0,74,19,7,Medium,High,High,Safe,"toor dal, mixed vegetables, tamarind, coconut, spices",Vegetarian,,"Serve a fuller portion and keep the preparation richer in the traditional style. Add nuts, coconut, or a little ghee when appropriate. Serve it with a simple salad or vegetable side for balance.",20 mins light strength training,Calorie-dense dish; best on active days.
254,Karnataka,Weight Gain,Lunch,Udupi Sambar (Traditional),527.0,15.0,74,19,7,Medium,High,High,Safe,"toor dal, mixed vegetables, tamarind, coconut, spices",Vegetarian,,"Serve a fuller portion and keep the preparation richer in the traditional style. Add nuts, coconut, or a little ghee when appropriate. Serve it with a simple salad or vegetable side for balance.",20 mins light strength training,Calorie-dense dish; best on active days.
255,Karnataka,Weight Gain,Lunch,Ven Pongal + Coconut Chutney + Sambar (Lunch),580.0,16.0,84,20,7,Medium,Medium,Medium,Dairy,"Rice, Moong Dal, Ghee, Pepper",Vegetarian,,Generous ghee ven pongal for lunch with full sambar and chutney.,30 mins rest then walk,High ghee - manage intake
256,Karnataka,Weight Gain,Lunch,Wheat Paratha (4) + Rajma Masala + Curd,760.0,28.0,104,22,14,Medium,High,Medium,"Dairy, Gluten","Wheat, Rajma, Onion, Spices, Curd",Vegetarian,,Prepare thick parathas with ghee. Spiced rajma masala with curd.,30 mins walk,High fibre and protein
257,Karnataka,Weight Gain,Lunch,Chapati + Pork Pandi Curry + White Rice,890.0,40.0,95,38,6,Medium,Medium,High,Gluten,"Wheat, Pork, Kachampuli, Rice",Non-Vegetarian,Pork,Cook pork in its own fat with Coorgi spices.,45 mins strength training,Very high fat
258,Karnataka,Weight Gain,Lunch,Chicken Biryani (2 Cups) + Raita,760.0,40.0,96,22,6,High,High,Medium,Dairy,"Basmati Rice, Chicken, Ghee, Spices, Curd",Non-Vegetarian,Chicken,Layer chicken and rice with generous ghee and whole spices.,Rest then 45 mins walk,Once a week indulgence
259,Karnataka,Weight Gain,Lunch,Fish Curry (Home Style),628.0,31.0,63,28,5,High,High,Medium,Fish,"fish, tamarind, coconut, chilli, spices",Non-Vegetarian,Fish,"Serve a fuller portion and keep the preparation richer in the traditional style. Add nuts, coconut, or a little ghee when appropriate. Serve it with a simple salad or vegetable side for balance.",20 mins light strength training,Calorie-dense dish; best on active days. Contains fish.
260,Karnataka,Weight Gain,Lunch,Fish Curry (Traditional),628.0,31.0,63,28,5,High,Medium,High,Fish,"fish, tamarind, coconut, chilli, spices",Non-Vegetarian,Fish,"Serve a fuller portion and keep the preparation richer in the traditional style. Add nuts, coconut, or a little ghee when appropriate. Serve it with a simple salad or vegetable side for balance.",20 mins light strength training,Calorie-dense dish; best on active days. Contains fish.
261,Karnataka,Weight Gain,Lunch,Fish Fry (Full) + White Rice + Rasam,680.0,44.0,80,18,6,Medium,Medium,Medium,Fish,"Fish, Rice, Tomato, Tamarind, Spices",Non-Vegetarian,Fish,Deep fry whole fish with spice coat. Serve with rice and rasam.,45 mins walk,High calorie fish meal
262,Karnataka,Weight Gain,Lunch,Ghee Rice + Chicken Sukka + Onion Raitha,820.0,38.0,90,34,5,High,Medium,Medium,Dairy,"Rice, Chicken, Ghee, Coconut",Non-Vegetarian,Chicken,Use copious ghee for rice and fresh grated coconut for sukka.,45 mins strength training,No specific warning
263,Karnataka,Weight Gain,Lunch,Kori Gassi (Traditional),510.0,28.0,61,25,4,High,High,Medium,Chicken,"chicken, coconut, red chilli, garlic",Non-Vegetarian,Chicken,"Serve a fuller portion and keep the preparation richer in the traditional style. Add nuts, coconut, or a little ghee when appropriate. Serve it with a simple salad or vegetable side for balance.",20 mins light strength training,Calorie-dense dish; best on active days. Contains chicken.
264,Karnataka,Weight Gain,Lunch,Mangalorean Biryani (Home Style),627.0,30.0,66,27,4,Medium,High,High,"Chicken, Dairy","rice, chicken, mint, spices, ghee",Non-Vegetarian,Chicken,"Serve a fuller portion and keep the preparation richer in the traditional style. Add nuts, coconut, or a little ghee when appropriate. Serve it with a simple salad or vegetable side for balance.",20 mins light strength training,"Calorie-dense dish; best on active days. Contains dairy, chicken."
265,Karnataka,Weight Gain,Lunch,Mangalorean Biryani (Traditional),627.0,30.0,66,27,4,High,High,Medium,"Chicken, Dairy","rice, chicken, mint, spices, ghee",Non-Vegetarian,Chicken,"Serve a fuller portion and keep the preparation richer in the traditional style. Add nuts, coconut, or a little ghee when appropriate. Serve it with a simple salad or vegetable side for balance.",20 mins light strength training,"Calorie-dense dish; best on active days. Contains dairy, chicken."
266,Karnataka,Weight Gain,Lunch,Mutton Saaru (Traditional),510.0,28.0,61,25,4,Medium,High,High,Mutton,"mutton, onion, garlic, spices",Non-Vegetarian,Mutton,"Serve a fuller portion and keep the preparation richer in the traditional style. Add nuts, coconut, or a little ghee when appropriate. Serve it with a simple salad or vegetable side for balance.",20 mins light strength training,Calorie-dense dish; best on active days. Contains mutton.
267,Karnataka,Weight Gain,Lunch,Mutton Saaru + Rice + Coconut Palya,720.0,38.0,84,26,8,Medium,High,High,Safe,"Mutton, Rice, Coconut, Mixed Vegetables",Non-Vegetarian,Mutton,Slow cook mutton in spiced broth. Serve with white rice and coconut palya.,"Rest, then 30 mins walk",Rich meal - balance weekly
268,Karnataka,Weight Gain,Lunch,Pandi Curry (Home Style),520.0,29.0,64,26,5,High,Medium,High,Pork,"pork, kachampuli, black pepper, coconut",Non-Vegetarian,Pork,"Serve a fuller portion and keep the preparation richer in the traditional style. Add nuts, coconut, or a little ghee when appropriate. Serve it with a simple salad or vegetable side for balance.",20 mins light strength training,Calorie-dense dish; best on active days. Contains pork.
269,Karnataka,Weight Gain,Lunch,Pandi Curry (Traditional),520.0,29.0,64,26,5,Medium,High,High,Pork,"pork, kachampuli, black pepper, coconut",Non-Vegetarian,Pork,"Serve a fuller portion and keep the preparation richer in the traditional style. Add nuts, coconut, or a little ghee when appropriate. Serve it with a simple salad or vegetable side for balance.",20 mins light strength training,Calorie-dense dish; best on active days. Contains pork.
270,Karnataka,Weight Gain,Lunch,Ragi Mudde + Mutton Curry (Fatty) + White Rice,880.0,45.0,95,35,8,Medium,Medium,High,Safe,"Finger Millet, Mutton, Rice",Non-Vegetarian,Mutton,Slow cook mutton with fat to extract rich broth. Serve with mudde.,45 mins strength training,Heavy on digestion
271,Karnataka,Weight Gain,Lunch,White Rice + Kori Gassi (Chicken) + Neer Dosa,850.0,40.0,100,32,6,High,Medium,High,Dairy,"Rice, Chicken, Coconut Milk",Non-Vegetarian,Chicken,Cook chicken in thick coconut milk base. Do not skim fat.,45 mins strength training,Avoid if uric acid is elevated
272,Karnataka,Weight Gain,Lunch,White Rice + Mangalorean Fish Curry + Fish Fry,850.0,45.0,90,32,4,High,Medium,High,Fish,"Rice, Fish, Coconut, Oil",Non-Vegetarian,Fish,Deep fry fish coated in rava. Use coconut milk for curry.,45 mins strength training,Watch for bones
273,Karnataka,Weight Gain,Lunch,Bassaru (Home Style),500.0,15.0,74,16,7,Low,High,Medium,Sesame,"greens, lentils, spices, rice",Vegan,,"Serve a fuller portion and keep the preparation richer in the traditional style. Add nuts, coconut, or a little ghee when appropriate. Serve it with a simple salad or vegetable side for balance.",20 mins light strength training,Calorie-dense dish; best on active days. Contains sesame.
274,Karnataka,Weight Gain,Lunch,Bassaru (Traditional),500.0,15.0,74,16,7,Medium,High,High,Sesame,"greens, lentils, spices, rice",Vegan,,"Serve a fuller portion and keep the preparation richer in the traditional style. Add nuts, coconut, or a little ghee when appropriate. Serve it with a simple salad or vegetable side for balance.",20 mins light strength training,Calorie-dense dish; best on active days. Contains sesame.
275,Karnataka,Weight Gain,Lunch,Chitranna (Home Style),501.0,16.0,71,17,8,High,High,Medium,Mustard,"rice, lemon, mustard seeds, turmeric",Vegan,,"Serve a fuller portion and keep the preparation richer in the traditional style. Add nuts, coconut, or a little ghee when appropriate. Serve it with a simple salad or vegetable side for balance.",20 mins light strength training,Calorie-dense dish; best on active days.
276,Karnataka,Weight Gain,Lunch,Chitranna (Rich),501.0,16.0,71,17,8,High,Medium,High,Mustard,"rice, lemon, mustard seeds, turmeric",Vegan,,"Serve a fuller portion and keep the preparation richer in the traditional style. Add nuts, coconut, or a little ghee when appropriate. Serve it with a simple salad or vegetable side for balance.",20 mins light strength training,Calorie-dense dish; best on active days.
277,Karnataka,Weight Gain,Lunch,Chitranna (Traditional),501.0,16.0,71,17,8,Medium,High,High,Mustard,"rice, lemon, mustard seeds, turmeric",Vegan,,"Serve a fuller portion and keep the preparation richer in the traditional style. Add nuts, coconut, or a little ghee when appropriate. Serve it with a simple salad or vegetable side for balance.",20 mins light strength training,Calorie-dense dish; best on active days.
278,Karnataka,Weight Gain,Lunch,Coconut Rice (Home Style),410.0,14.0,72,15,8,Medium,High,High,Mustard,"rice, coconut, mustard seeds, curry leaves",Vegan,,"Serve a fuller portion and keep the preparation richer in the traditional style. Add nuts, coconut, or a little ghee when appropriate. Serve it with a simple salad or vegetable side for balance.",20 mins light strength training,Calorie-dense dish; best on active days.
279,Karnataka,Weight Gain,Lunch,Coconut Rice (Traditional),410.0,14.0,72,15,8,High,Medium,High,Mustard,"rice, coconut, mustard seeds, curry leaves",Vegan,,"Serve a fuller portion and keep the preparation richer in the traditional style. Add nuts, coconut, or a little ghee when appropriate. Serve it with a simple salad or vegetable side for balance.",20 mins light strength training,Calorie-dense dish; best on active days.
280,Karnataka,Weight Gain,Lunch,Jolada Rotti (Home Style),400.0,13.0,69,14,7,High,Medium,High,Safe,"jowar flour, onion, coriander, green chilli",Vegan,,"Serve a fuller portion and keep the preparation richer in the traditional style. Add nuts, coconut, or a little ghee when appropriate. Serve it with a simple salad or vegetable side for balance.",20 mins light strength training,Calorie-dense dish; best on active days.
281,Karnataka,Weight Gain,Lunch,Jolada Rotti (Traditional),400.0,13.0,69,14,7,High,High,Medium,Safe,"jowar flour, onion, coriander, green chilli",Vegan,,"Serve a fuller portion and keep the preparation richer in the traditional style. Add nuts, coconut, or a little ghee when appropriate. Serve it with a simple salad or vegetable side for balance.",20 mins light strength training,Calorie-dense dish; best on active days.
282,Karnataka,Weight Gain,Lunch,Puliyogare (Home Style),500.0,15.0,74,16,7,Medium,High,High,"Peanut, Peanuts","rice, tamarind, peanuts, curry leaves",Vegan,,"Serve a fuller portion and keep the preparation richer in the traditional style. Add nuts, coconut, or a little ghee when appropriate. Serve it with a simple salad or vegetable side for balance.",20 mins light strength training,Calorie-dense dish; best on active days. Contains peanuts.
283,Karnataka,Weight Gain,Lunch,Puliyogare (Rich),500.0,15.0,74,16,7,High,High,Medium,"Peanut, Peanuts","rice, tamarind, peanuts, curry leaves",Vegan,,"Serve a fuller portion and keep the preparation richer in the traditional style. Add nuts, coconut, or a little ghee when appropriate. Serve it with a simple salad or vegetable side for balance.",20 mins light strength training,Calorie-dense dish; best on active days. Contains peanuts.
284,Karnataka,Weight Gain,Lunch,Puliyogare (Traditional),500.0,15.0,74,16,7,High,Medium,High,"Peanut, Peanuts","rice, tamarind, peanuts, curry leaves",Vegan,,"Serve a fuller portion and keep the preparation richer in the traditional style. Add nuts, coconut, or a little ghee when appropriate. Serve it with a simple salad or vegetable side for balance.",20 mins light strength training,Calorie-dense dish; best on active days. Contains peanuts.
285,Karnataka,Weight Gain,Lunch,Ragi Mudde (Home Style),410.0,14.0,72,15,8,Medium,High,High,Safe,"ragi flour, water, salt",Vegan,,"Serve a fuller portion and keep the preparation richer in the traditional style. Add nuts, coconut, or a little ghee when appropriate. Serve it with a simple salad or vegetable side for balance.",20 mins light strength training,Calorie-dense dish; best on active days.
286,Karnataka,Weight Gain,Lunch,Ragi Mudde (Traditional),410.0,14.0,72,15,8,High,Medium,High,Safe,"ragi flour, water, salt",Vegan,,"Serve a fuller portion and keep the preparation richer in the traditional style. Add nuts, coconut, or a little ghee when appropriate. Serve it with a simple salad or vegetable side for balance.",20 mins light strength training,Calorie-dense dish; best on active days.
287,Karnataka,Weight Gain,Lunch,Tomato Bath (Home Style),400.0,13.0,69,14,7,High,Medium,High,Safe,"rice, tomato, onion, spice mix, curry leaves",Vegan,,"Serve a fuller portion and keep the preparation richer in the traditional style. Add nuts, coconut, or a little ghee when appropriate. Serve it with a simple salad or vegetable side for balance.",20 mins light strength training,Calorie-dense dish; best on active days.
288,Karnataka,Weight Gain,Lunch,Tomato Bath (Traditional),400.0,13.0,69,14,7,High,High,Medium,Safe,"rice, tomato, onion, spice mix, curry leaves",Vegan,,"Serve a fuller portion and keep the preparation richer in the traditional style. Add nuts, coconut, or a little ghee when appropriate. Serve it with a simple salad or vegetable side for balance.",20 mins light strength training,Calorie-dense dish; best on active days.
289,Karnataka,Weight Gain,Snack,Banana + Peanut Butter (2 tbsp),340.0,9.0,48,14,5,Medium,Low,Low,"Dairy, Peanut, Peanuts","Banana, Peanut Butter",Vegetarian,,Eat ripe banana with 2 tbsp natural peanut butter.,Light activity,High calorie dense snack
290,Karnataka,Weight Gain,Snack,Banana Bajji,350.0,5.0,50,15,4,High,Medium,Medium,Safe,"Raw Banana, Besan, Oil",Vegetarian,,Deep fry thick slices of banana coated in batter.,Rest,No specific warning
291,Karnataka,Weight Gain,Snack,Chikki (Groundnut) 2 pcs,320.0,10.0,40,14,4,Medium,Low,Low,"Peanut, Peanuts","Peanuts, Jaggery",Vegetarian,,Traditional peanut chikki made with jaggery and peanuts.,Light activity,Watch jaggery sugar content
292,Karnataka,Weight Gain,Snack,Churumuri with Extra Oil & Peanuts,300.0,6.0,40,14,4,Medium,Medium,Medium,"Peanut, Peanuts","Puffed Rice, Peanuts, Coconut Oil",Vegetarian,,Add extra roasted peanuts and coconut oil to the puffed rice.,Rest,No specific warning
293,Karnataka,Weight Gain,Snack,Dry Fruit Ladoo (2 pcs),380.0,8.0,48,18,5,Medium,Low,Medium,"Dairy, Nut, Nuts","Dates, Almonds, Cashews, Ghee",Vegetarian,,Blend dates with dry fruits and roll into ladoos with minimal ghee.,Light stretching,High sugar from dates
294,Karnataka,Weight Gain,Snack,Halasina Hannina (Jackfruit) Mulik,350.0,4.0,65,10,4,High,Medium,Medium,Safe,"Ripe Jackfruit, Rice, Jaggery, Oil",Vegetarian,,Deep fry the jackfruit and rice batter.,Rest,No specific warning
295,Karnataka,Weight Gain,Snack,Maddur Vada,380.0,6.0,50,18,3,High,Medium,Medium,Gluten,"Semolina, Maida, Onion, Oil",Vegetarian,,Deep fry the thick patties perfectly.,Rest,No specific warning
296,Karnataka,Weight Gain,Snack,Masala Milk (Full Fat) + Nuts,360.0,12.0,38,18,2,Medium,Medium,Medium,"Dairy, Nut, Nuts","Full Fat Milk, Almonds, Cardamom, Turmeric",Vegetarian,,Heat full fat milk with turmeric and cardamom. Add soaked almonds.,Light activity,Good bone health drink
297,Karnataka,Weight Gain,Snack,Mysore Pak (1 piece),280.0,5.0,34,16,2,High,Low,Medium,Dairy,"Besan, Ghee, Sugar",Vegetarian,,Traditional sweet with besan and generous ghee. Eat in moderation.,Light stretching,Very high calorie sweet
298,Karnataka,Weight Gain,Snack,Mysore Pak (Ghee Sweet),400.0,4.0,45,22,1,High,Low,High,Dairy,"Gram Flour, Ghee, Sugar",Vegetarian,,Consume traditional dense ghee sweet for pure caloric surplus.,Rest,High sugar and saturated fat
299,Karnataka,Weight Gain,Snack,Nippattu (Deep Fried Crackers),360.0,6.0,45,18,3,Medium,High,Medium,"Peanut, Peanuts","Rice Flour, Peanuts, Oil",Vegetarian,,Deep fry the flattened rice dough discs.,Rest,No specific warning
300,Karnataka,Weight Gain,Snack,Oats Kheer with Dates,380.0,10.0,58,10,5,Medium,Medium,Low,"Dairy, Gluten","Oats, Full Fat Milk, Dates, Cardamom",Vegetarian,,Cook oats in full fat milk. Sweeten with date paste.,Light activity,Good calorie and fibre snack
301,Karnataka,Weight Gain,Snack,Obbattu (Holige) with Ghee,390.0,8.0,60,14,4,Low,Medium,Medium,"Dairy, Gluten","Wheat, Chana Dal, Jaggery, Ghee",Vegetarian,,Pour hot ghee over the sweet stuffed flatbread.,Rest,No specific warning
302,Karnataka,Weight Gain,Snack,Protein Shake + Banana (Post Workout),450.0,30.0,52,8,4,Medium,Low,Low,Dairy,"Whey Protein, Banana, Milk",Vegetarian,,Blend whey with banana and full fat milk post workout.,Post workout consumption,Consume within 30 mins post exercise
303,Karnataka,Weight Gain,Snack,Rava Laddoo (2 pcs),400.0,8.0,56,16,3,High,Low,Medium,"Dairy, Gluten","Semolina, Ghee, Sugar, Coconut",Vegetarian,,Roast rava in ghee. Mix with sugar and roll into laddoos.,Light stretching,High sugar - monitor
304,Karnataka,Weight Gain,Snack,Sweet Pongal (Small Bowl),420.0,10.0,64,14,4,Low,Low,Medium,"Dairy, Nut","Rice, Moong Dal, Jaggery, Ghee, Cashews",Vegetarian,,Cook with generous ghee and jaggery. Top with roasted cashews.,Light activity,Good energy dense snack
305,Karnataka,Weight Gain,Snack,Bangude Pulimunchi (Home Style),403.0,20.0,29,23,2,High,Medium,High,Fish,"mackerel, tamarind, chilli, garlic",Non-Vegetarian,Fish,"Serve a fuller portion and keep the preparation richer in the traditional style. Add nuts, coconut, or a little ghee when appropriate. Keep it as a small snack portion rather than a full meal.",20 mins light strength training,Calorie-dense dish; best on active days. Contains fish.
306,Karnataka,Weight Gain,Snack,Bangude Pulimunchi (Rich),403.0,20.0,29,23,2,Medium,High,High,Fish,"mackerel, tamarind, chilli, garlic",Non-Vegetarian,Fish,"Serve a fuller portion and keep the preparation richer in the traditional style. Add nuts, coconut, or a little ghee when appropriate. Keep it as a small snack portion rather than a full meal.",20 mins light strength training,Calorie-dense dish; best on active days. Contains fish.
307,Karnataka,Weight Gain,Snack,Bangude Pulimunchi (Traditional),403.0,20.0,29,23,2,High,High,Medium,Fish,"mackerel, tamarind, chilli, garlic",Non-Vegetarian,Fish,"Serve a fuller portion and keep the preparation richer in the traditional style. Add nuts, coconut, or a little ghee when appropriate. Keep it as a small snack portion rather than a full meal.",20 mins light strength training,Calorie-dense dish; best on active days. Contains fish.
308,Karnataka,Weight Gain,Snack,Chicken Ghee Roast (Home Style),381.0,18.0,30,21,2,High,High,Medium,"Chicken, Dairy","chicken, ghee, red chilli, curry leaves",Non-Vegetarian,Chicken,"Serve a fuller portion and keep the preparation richer in the traditional style. Add nuts, coconut, or a little ghee when appropriate. Keep it as a small snack portion rather than a full meal.",20 mins light strength training,"Calorie-dense dish; best on active days. Contains dairy, chicken."
309,Karnataka,Weight Gain,Snack,Chicken Ghee Roast (Traditional),381.0,18.0,30,21,2,Medium,High,High,"Chicken, Dairy","chicken, ghee, red chilli, curry leaves",Non-Vegetarian,Chicken,"Serve a fuller portion and keep the preparation richer in the traditional style. Add nuts, coconut, or a little ghee when appropriate. Keep it as a small snack portion rather than a full meal.",20 mins light strength training,"Calorie-dense dish; best on active days. Contains dairy, chicken."
310,Karnataka,Weight Gain,Snack,Crab Sukka (Home Style),402.0,19.0,32,22,1,High,High,Medium,"Fish, Shellfish","crab, coconut, spices, garlic",Non-Vegetarian,Crab,"Serve a fuller portion and keep the preparation richer in the traditional style. Add nuts, coconut, or a little ghee when appropriate. Keep it as a small snack portion rather than a full meal.",20 mins light strength training,Calorie-dense dish; best on active days. Contains shellfish.
311,Karnataka,Weight Gain,Snack,Crab Sukka (Rich),402.0,19.0,32,22,1,High,Medium,High,"Fish, Shellfish","crab, coconut, spices, garlic",Non-Vegetarian,Crab,"Serve a fuller portion and keep the preparation richer in the traditional style. Add nuts, coconut, or a little ghee when appropriate. Keep it as a small snack portion rather than a full meal.",20 mins light strength training,Calorie-dense dish; best on active days. Contains shellfish.
312,Karnataka,Weight Gain,Snack,Crab Sukka (Traditional),402.0,19.0,32,22,1,Medium,High,High,"Fish, Shellfish","crab, coconut, spices, garlic",Non-Vegetarian,Crab,"Serve a fuller portion and keep the preparation richer in the traditional style. Add nuts, coconut, or a little ghee when appropriate. Keep it as a small snack portion rather than a full meal.",20 mins light strength training,Calorie-dense dish; best on active days. Contains shellfish.
313,Karnataka,Weight Gain,Snack,Fish Pulimunchi (Home Style),381.0,18.0,30,21,2,High,High,Medium,Fish,"fish, tamarind, chilli, garlic",Non-Vegetarian,Fish,"Serve a fuller portion and keep the preparation richer in the traditional style. Add nuts, coconut, or a little ghee when appropriate. Keep it as a small snack portion rather than a full meal.",20 mins light strength training,Calorie-dense dish; best on active days. Contains fish.
314,Karnataka,Weight Gain,Snack,Fish Pulimunchi (Traditional),381.0,18.0,30,21,2,Medium,High,High,Fish,"fish, tamarind, chilli, garlic",Non-Vegetarian,Fish,"Serve a fuller portion and keep the preparation richer in the traditional style. Add nuts, coconut, or a little ghee when appropriate. Keep it as a small snack portion rather than a full meal.",20 mins light strength training,Calorie-dense dish; best on active days. Contains fish.
315,Karnataka,Weight Gain,Snack,Kane Rava Fry (Home Style),310.0,17.0,27,20,1,Medium,High,High,"Fish, Gluten","fish, semolina, chilli, lemon",Non-Vegetarian,Fish,"Serve a fuller portion and keep the preparation richer in the traditional style. Add nuts, coconut, or a little ghee when appropriate. Keep it as a small snack portion rather than a full meal.",20 mins light strength training,"Calorie-dense dish; best on active days. Contains gluten, fish."
316,Karnataka,Weight Gain,Snack,Kane Rava Fry (Traditional),310.0,17.0,27,20,1,High,Medium,High,"Fish, Gluten","fish, semolina, chilli, lemon",Non-Vegetarian,Fish,"Serve a fuller portion and keep the preparation richer in the traditional style. Add nuts, coconut, or a little ghee when appropriate. Keep it as a small snack portion rather than a full meal.",20 mins light strength training,"Calorie-dense dish; best on active days. Contains gluten, fish."
317,Karnataka,Weight Gain,Snack,Prawn Curry (Home Style),310.0,17.0,27,20,1,Medium,High,High,"Fish, Shellfish","prawn, coconut, chilli, spices",Non-Vegetarian,Seafood,"Serve a fuller portion and keep the preparation richer in the traditional style. Add nuts, coconut, or a little ghee when appropriate. Keep it as a small snack portion rather than a full meal.",20 mins light strength training,Calorie-dense dish; best on active days. Contains shellfish.
318,Karnataka,Weight Gain,Snack,Prawn Curry (Traditional),310.0,17.0,27,20,1,High,Medium,High,"Fish, Shellfish","prawn, coconut, chilli, spices",Non-Vegetarian,Seafood,"Serve a fuller portion and keep the preparation richer in the traditional style. Add nuts, coconut, or a little ghee when appropriate. Keep it as a small snack portion rather than a full meal.",20 mins light strength training,Calorie-dense dish; best on active days. Contains shellfish.
319,Karnataka,Weight Gain,Snack,Prawn Ghee Roast (Home Style),402.0,19.0,32,22,1,High,Medium,High,"Dairy, Fish, Shellfish","prawn, ghee, red chilli, spices",Non-Vegetarian,Seafood,"Serve a fuller portion and keep the preparation richer in the traditional style. Add nuts, coconut, or a little ghee when appropriate. Keep it as a small snack portion rather than a full meal.",20 mins light strength training,"Calorie-dense dish; best on active days. Contains dairy, shellfish."
320,Karnataka,Weight Gain,Snack,Prawn Ghee Roast (Traditional),402.0,19.0,32,22,1,High,High,Medium,"Dairy, Fish, Shellfish","prawn, ghee, red chilli, spices",Non-Vegetarian,Seafood,"Serve a fuller portion and keep the preparation richer in the traditional style. Add nuts, coconut, or a little ghee when appropriate. Keep it as a small snack portion rather than a full meal.",20 mins light strength training,"Calorie-dense dish; best on active days. Contains dairy, shellfish."
321,Karnataka,Weight Gain,Snack,Chakkuli (Home Style),260.0,8.0,35,13,4,Low,High,Medium,Sesame,"rice flour, urad dal, sesame, cumin",Vegan,,"Serve a fuller portion and keep the preparation richer in the traditional style. Add nuts, coconut, or a little ghee when appropriate. Keep it as a small snack portion rather than a full meal.",20 mins light strength training,Calorie-dense dish; best on active days. Contains sesame.
322,Karnataka,Weight Gain,Snack,Chakkuli (Traditional),260.0,8.0,35,13,4,Medium,High,High,Sesame,"rice flour, urad dal, sesame, cumin",Vegan,,"Serve a fuller portion and keep the preparation richer in the traditional style. Add nuts, coconut, or a little ghee when appropriate. Keep it as a small snack portion rather than a full meal.",20 mins light strength training,Calorie-dense dish; best on active days. Contains sesame.
323,Karnataka,Weight Gain,Snack,Gojju Avalakki (Home Style),335.0,10.0,40,15,4,High,Medium,High,"Peanut, Peanuts","flattened rice, tamarind, peanuts, coconut",Vegan,,"Serve a fuller portion and keep the preparation richer in the traditional style. Add nuts, coconut, or a little ghee when appropriate. Keep it as a small snack portion rather than a full meal.",20 mins light strength training,Calorie-dense dish; best on active days. Contains peanuts.
324,Karnataka,Weight Gain,Snack,Gojju Avalakki (Rich),335.0,10.0,40,15,4,Medium,High,High,"Peanut, Peanuts","flattened rice, tamarind, peanuts, coconut",Vegan,,"Serve a fuller portion and keep the preparation richer in the traditional style. Add nuts, coconut, or a little ghee when appropriate. Keep it as a small snack portion rather than a full meal.",20 mins light strength training,Calorie-dense dish; best on active days. Contains peanuts.
325,Karnataka,Weight Gain,Snack,Gojju Avalakki (Traditional),335.0,10.0,40,15,4,High,High,Medium,"Peanut, Peanuts","flattened rice, tamarind, peanuts, coconut",Vegan,,"Serve a fuller portion and keep the preparation richer in the traditional style. Add nuts, coconut, or a little ghee when appropriate. Keep it as a small snack portion rather than a full meal.",20 mins light strength training,Calorie-dense dish; best on active days. Contains peanuts.
326,Karnataka,Weight Gain,Snack,Kodubale (Home Style),336.0,11.0,37,16,5,Medium,High,High,Sesame,"rice flour, roasted gram, sesame, cumin",Vegan,,"Serve a fuller portion and keep the preparation richer in the traditional style. Add nuts, coconut, or a little ghee when appropriate. Keep it as a small snack portion rather than a full meal.",20 mins light strength training,Calorie-dense dish; best on active days. Contains sesame.
327,Karnataka,Weight Gain,Snack,Kodubale (Rich),336.0,11.0,37,16,5,High,High,Medium,Sesame,"rice flour, roasted gram, sesame, cumin",Vegan,,"Serve a fuller portion and keep the preparation richer in the traditional style. Add nuts, coconut, or a little ghee when appropriate. Keep it as a small snack portion rather than a full meal.",20 mins light strength training,Calorie-dense dish; best on active days. Contains sesame.
328,Karnataka,Weight Gain,Snack,Kodubale (Traditional),336.0,11.0,37,16,5,High,Medium,High,Sesame,"rice flour, roasted gram, sesame, cumin",Vegan,,"Serve a fuller portion and keep the preparation richer in the traditional style. Add nuts, coconut, or a little ghee when appropriate. Keep it as a small snack portion rather than a full meal.",20 mins light strength training,Calorie-dense dish; best on active days. Contains sesame.
329,Karnataka,Weight Gain,Snack,Mandakki Usli (Home Style),270.0,9.0,38,14,5,High,Medium,High,"Peanut, Peanuts","puffed rice, onion, peanuts, curry leaves",Vegan,,"Serve a fuller portion and keep the preparation richer in the traditional style. Add nuts, coconut, or a little ghee when appropriate. Keep it as a small snack portion rather than a full meal.",20 mins light strength training,Calorie-dense dish; best on active days. Contains peanuts.
330,Karnataka,Weight Gain,Snack,Mandakki Usli (Traditional),270.0,9.0,38,14,5,High,High,Medium,"Peanut, Peanuts","puffed rice, onion, peanuts, curry leaves",Vegan,,"Serve a fuller portion and keep the preparation richer in the traditional style. Add nuts, coconut, or a little ghee when appropriate. Keep it as a small snack portion rather than a full meal.",20 mins light strength training,Calorie-dense dish; best on active days. Contains peanuts.
331,Karnataka,Weight Gain,Snack,Nippattu (Home Style),270.0,9.0,38,14,5,High,Medium,High,"Peanut, Peanuts","rice flour, roasted gram, peanuts, curry leaves",Vegan,,"Serve a fuller portion and keep the preparation richer in the traditional style. Add nuts, coconut, or a little ghee when appropriate. Keep it as a small snack portion rather than a full meal.",20 mins light strength training,Calorie-dense dish; best on active days. Contains peanuts.
332,Karnataka,Weight Gain,Snack,Nippattu (Traditional),270.0,9.0,38,14,5,High,High,Medium,"Peanut, Peanuts","rice flour, roasted gram, peanuts, curry leaves",Vegan,,"Serve a fuller portion and keep the preparation richer in the traditional style. Add nuts, coconut, or a little ghee when appropriate. Keep it as a small snack portion rather than a full meal.",20 mins light strength training,Calorie-dense dish; best on active days. Contains peanuts.
333,Karnataka,Weight Gain,Snack,Nuchinunde (Home Style),260.0,8.0,35,13,4,Low,High,Medium,Safe,"chana dal, dill leaves, coconut, cumin",Vegan,,"Serve a fuller portion and keep the preparation richer in the traditional style. Add nuts, coconut, or a little ghee when appropriate. Keep it as a small snack portion rather than a full meal.",20 mins light strength training,Calorie-dense dish; best on active days.
334,Karnataka,Weight Gain,Snack,Nuchinunde (Traditional),260.0,8.0,35,13,4,Medium,High,High,Safe,"chana dal, dill leaves, coconut, cumin",Vegan,,"Serve a fuller portion and keep the preparation richer in the traditional style. Add nuts, coconut, or a little ghee when appropriate. Keep it as a small snack portion rather than a full meal.",20 mins light strength training,Calorie-dense dish; best on active days.
335,Karnataka,Weight Gain,Snack,Puri Unde (Home Style),335.0,10.0,40,15,4,Medium,High,High,"Peanut, Peanuts, Sesame","puffed rice, jaggery, peanuts, sesame",Vegan,,"Serve a fuller portion and keep the preparation richer in the traditional style. Add nuts, coconut, or a little ghee when appropriate. Keep it as a small snack portion rather than a full meal.",20 mins light strength training,"Calorie-dense dish; best on active days. Contains peanuts, sesame."
336,Karnataka,Weight Gain,Snack,Puri Unde (Traditional),335.0,10.0,40,15,4,High,Medium,High,"Peanut, Peanuts, Sesame","puffed rice, jaggery, peanuts, sesame",Vegan,,"Serve a fuller portion and keep the preparation richer in the traditional style. Add nuts, coconut, or a little ghee when appropriate. Keep it as a small snack portion rather than a full meal.",20 mins light strength training,"Calorie-dense dish; best on active days. Contains peanuts, sesame."
337,Karnataka,Weight Gain,Dinner,Bisibelebath (Large) + Raita + Ghee,700.0,22.0,100,22,12,Medium,High,Medium,Dairy,"Rice, Toor Dal, Mixed Vegetables, Ghee, Curd",Vegetarian,,Generous bisibelebath with lots of ghee. Full fat raita.,Evening walk,Good one-pot meal for mass
338,Karnataka,Weight Gain,Dinner,Chapati (5) + Paneer Bhurji + Dal,720.0,30.0,96,22,10,Medium,High,Medium,"Dairy, Gluten","Wheat, Paneer, Toor Dal, Spices",Vegetarian,,Thick chapatis with ghee. Spiced paneer bhurji and dal.,Evening walk before dinner,High protein dinner
339,Karnataka,Weight Gain,Dinner,Chitranna (Lemon Rice) + Fried Eggplant + Vada,750.0,15.0,100,32,8,High,Medium,Medium,"Egg, Peanut","Rice, Peanuts, Lemon, Eggplant, Oil",Vegetarian,,Use ample oil for lemon rice tempering and fry the eggplant.,Rest,No specific warning
340,Karnataka,Weight Gain,Dinner,Ghee Rice + Paneer Butter Masala (Local Style),800.0,25.0,90,38,6,High,Medium,High,"Dairy, Nut","Rice, Paneer, Ghee, Cashew",Vegetarian,,Cook full-fat paneer in a heavy cashew and ghee gravy.,Rest,Avoid if lactose intolerant
341,Karnataka,Weight Gain,Dinner,Kesari Bath (Home Style),482.0,14.0,66,18,6,Medium,High,High,"Dairy, Gluten, Nut","semolina, sugar, ghee, saffron, cashew",Vegetarian,,"Serve a fuller portion and keep the preparation richer in the traditional style. Add nuts, coconut, or a little ghee when appropriate. Keep the dinner portion moderate so it sits lightly.",20 mins light strength training,"Calorie-dense dish; best on active days. Contains gluten, dairy."
342,Karnataka,Weight Gain,Dinner,Kesari Bath (Rich),482.0,14.0,66,18,6,Medium,High,High,"Dairy, Gluten, Nut","semolina, sugar, ghee, saffron, cashew",Vegetarian,,"Serve a fuller portion and keep the preparation richer in the traditional style. Add nuts, coconut, or a little ghee when appropriate. Keep the dinner portion moderate so it sits lightly.",20 mins light strength training,"Calorie-dense dish; best on active days. Contains gluten, dairy."
343,Karnataka,Weight Gain,Dinner,Kesari Bath (Traditional),482.0,14.0,66,18,6,Medium,High,High,"Dairy, Gluten, Nut","semolina, sugar, ghee, saffron, cashew",Vegetarian,,"Serve a fuller portion and keep the preparation richer in the traditional style. Add nuts, coconut, or a little ghee when appropriate. Keep the dinner portion moderate so it sits lightly.",20 mins light strength training,"Calorie-dense dish; best on active days. Contains gluten, dairy."
344,Karnataka,Weight Gain,Dinner,Mixed Dal + 4 Chapati + Butter + Sweet,760.0,26.0,108,22,12,Medium,High,Medium,"Dairy, Gluten, Sesame","Mixed Lentils, Wheat, Butter, Jaggery Sweet",Vegetarian,,Mixed lentil dal with butter. Chapatis with generous butter.,Evening walk,Manage added sweets
345,Karnataka,Weight Gain,Dinner,Obbattu (Holige) (Home Style),390.0,13.0,63,17,5,Low,Medium,High,"Dairy, Gluten","wheat flour, chana dal, jaggery, ghee, cardamom",Vegetarian,,"Serve a fuller portion and keep the preparation richer in the traditional style. Add nuts, coconut, or a little ghee when appropriate. Keep the dinner portion moderate so it sits lightly.",20 mins light strength training,"Calorie-dense dish; best on active days. Contains gluten, dairy."
346,Karnataka,Weight Gain,Dinner,Obbattu (Holige) (Rich),390.0,13.0,63,17,5,Low,Medium,High,"Dairy, Gluten","wheat flour, chana dal, jaggery, ghee, cardamom",Vegetarian,,"Serve a fuller portion and keep the preparation richer in the traditional style. Add nuts, coconut, or a little ghee when appropriate. Keep the dinner portion moderate so it sits lightly.",20 mins light strength training,"Calorie-dense dish; best on active days. Contains gluten, dairy."
347,Karnataka,Weight Gain,Dinner,Obbattu (Holige) (Traditional),390.0,13.0,63,17,5,Low,Medium,High,"Dairy, Gluten","wheat flour, chana dal, jaggery, ghee, cardamom",Vegetarian,,"Serve a fuller portion and keep the preparation richer in the traditional style. Add nuts, coconut, or a little ghee when appropriate. Keep the dinner portion moderate so it sits lightly.",20 mins light strength training,"Calorie-dense dish; best on active days. Contains gluten, dairy."
348,Karnataka,Weight Gain,Dinner,Palak Paneer + 4 Rotis + Kheer,780.0,30.0,100,26,10,Medium,High,Medium,"Dairy, Gluten","Paneer, Spinach, Wheat, Milk, Sugar",Vegetarian,,Rich spinach-paneer curry. Sweet kheer for calories.,Evening walk,High dairy content
349,Karnataka,Weight Gain,Dinner,Parotta + Vegetable Kurma (Rich Coconut),780.0,18.0,95,36,8,High,Medium,Medium,Gluten,"Maida, Mixed Veg, Coconut, Oil",Vegetarian,,Serve layered maida parottas with coconut-heavy kurma.,Rest,No specific warning
350,Karnataka,Weight Gain,Dinner,Sagu (Home Style),503.0,15.0,68,19,5,High,High,Medium,Safe,"mixed vegetables, coconut, onion, spices",Vegetarian,,"Serve a fuller portion and keep the preparation richer in the traditional style. Add nuts, coconut, or a little ghee when appropriate. Keep the dinner portion moderate so it sits lightly.",20 mins light strength training,Calorie-dense dish; best on active days.
351,Karnataka,Weight Gain,Dinner,Sagu (Rich),503.0,15.0,68,19,5,High,High,Medium,Safe,"mixed vegetables, coconut, onion, spices",Vegetarian,,"Serve a fuller portion and keep the preparation richer in the traditional style. Add nuts, coconut, or a little ghee when appropriate. Keep the dinner portion moderate so it sits lightly.",20 mins light strength training,Calorie-dense dish; best on active days.
352,Karnataka,Weight Gain,Dinner,Sagu (Traditional),503.0,15.0,68,19,5,High,High,Medium,Safe,"mixed vegetables, coconut, onion, spices",Vegetarian,,"Serve a fuller portion and keep the preparation richer in the traditional style. Add nuts, coconut, or a little ghee when appropriate. Keep the dinner portion moderate so it sits lightly.",20 mins light strength training,Calorie-dense dish; best on active days.
353,Karnataka,Weight Gain,Dinner,Akki Roti + Chicken Ghee Roast,840.0,40.0,85,36,8,Medium,Medium,High,Dairy,"Rice Flour, Chicken, Ghee",Non-Vegetarian,Chicken,Roast the chicken in abundant ghee and native spices.,Rest,No specific warning
354,Karnataka,Weight Gain,Dinner,Anjal Fry (Home Style),450.0,26.0,49,23,3,High,Medium,High,"Fish, Gluten","kingfish, spice mix, semolina, lemon",Non-Vegetarian,Fish,"Serve a fuller portion and keep the preparation richer in the traditional style. Add nuts, coconut, or a little ghee when appropriate. Keep the dinner portion moderate so it sits lightly.",20 mins light strength training,"Calorie-dense dish; best on active days. Contains gluten, fish."
355,Karnataka,Weight Gain,Dinner,Anjal Fry (Traditional),450.0,26.0,49,23,3,Medium,High,High,"Fish, Gluten","kingfish, spice mix, semolina, lemon",Non-Vegetarian,Fish,"Serve a fuller portion and keep the preparation richer in the traditional style. Add nuts, coconut, or a little ghee when appropriate. Keep the dinner portion moderate so it sits lightly.",20 mins light strength training,"Calorie-dense dish; best on active days. Contains gluten, fish."
356,Karnataka,Weight Gain,Dinner,Chicken Pulimunchi (Traditional),450.0,26.0,49,23,3,High,High,Medium,Chicken,"chicken, tamarind, chilli, garlic",Non-Vegetarian,Chicken,"Serve a fuller portion and keep the preparation richer in the traditional style. Add nuts, coconut, or a little ghee when appropriate. Keep the dinner portion moderate so it sits lightly.",20 mins light strength training,Calorie-dense dish; best on active days. Contains chicken.
357,Karnataka,Weight Gain,Dinner,Crab Curry (Traditional),460.0,27.0,52,24,4,High,Medium,High,"Fish, Shellfish","crab, coconut, spices, chilli",Non-Vegetarian,Crab,"Serve a fuller portion and keep the preparation richer in the traditional style. Add nuts, coconut, or a little ghee when appropriate. Keep the dinner portion moderate so it sits lightly.",20 mins light strength training,Calorie-dense dish; best on active days. Contains shellfish.
358,Karnataka,Weight Gain,Dinner,Donne Biryani (Mutton) + Raitha,850.0,45.0,90,34,5,High,Medium,High,Dairy,"Seeraga Samba Rice, Mutton, Mint",Non-Vegetarian,Mutton,Cook rice in mutton stock and fat.,Rest,No specific warning
359,Karnataka,Weight Gain,Dinner,Egg Curry (3 eggs) + Rice + Papad,680.0,30.0,84,24,6,High,High,High,Egg,"Eggs, White Rice, Coconut, Tomato",Non-Vegetarian,,3-egg coconut-based curry. Generous rice. Fried papad.,Evening walk,Monitor cholesterol
360,Karnataka,Weight Gain,Dinner,Fish Curry + White Rice (2 Cups) + Papad,700.0,40.0,88,20,5,High,High,Medium,Fish,"Fish, White Rice, Coconut, Tamarind",Non-Vegetarian,Fish,Coconut fish curry Karnataka style. Large rice serving.,Evening walk,Omega-3 rich dinner
361,Karnataka,Weight Gain,Dinner,Koli Saaru (Home Style),554.0,29.0,51,26,4,High,High,Medium,Chicken,"chicken, coconut, pepper, coriander",Non-Vegetarian,Chicken,"Serve a fuller portion and keep the preparation richer in the traditional style. Add nuts, coconut, or a little ghee when appropriate. Keep the dinner portion moderate so it sits lightly.",20 mins light strength training,Calorie-dense dish; best on active days. Contains chicken.
362,Karnataka,Weight Gain,Dinner,Koli Saaru (Traditional),554.0,29.0,51,26,4,High,Medium,High,Chicken,"chicken, coconut, pepper, coriander",Non-Vegetarian,Chicken,"Serve a fuller portion and keep the preparation richer in the traditional style. Add nuts, coconut, or a little ghee when appropriate. Keep the dinner portion moderate so it sits lightly.",20 mins light strength training,Calorie-dense dish; best on active days. Contains chicken.
363,Karnataka,Weight Gain,Dinner,Kori Rotti + Chicken Curry (Rich),820.0,45.0,95,28,5,High,Medium,Medium,Safe,"Rice Wafers, Chicken, Coconut",Non-Vegetarian,Chicken,"Soak crisp rice rottis in thick, coconut-heavy chicken gravy.",Rest,No specific warning
364,Karnataka,Weight Gain,Dinner,Mutton Biryani (Traditional),553.0,28.0,54,25,3,Medium,High,High,"Dairy, Mutton","mutton, rice, spices, ghee",Non-Vegetarian,Mutton,"Serve a fuller portion and keep the preparation richer in the traditional style. Add nuts, coconut, or a little ghee when appropriate. Keep the dinner portion moderate so it sits lightly.",20 mins light strength training,"Calorie-dense dish; best on active days. Contains dairy, mutton."
365,Karnataka,Weight Gain,Dinner,Mutton Pepper Fry + White Rice,740.0,42.0,80,28,4,High,High,High,Safe,"Mutton, White Rice, Pepper, Onion",Non-Vegetarian,Mutton,Dry fry mutton with pepper and spices. Generous white rice.,Evening walk before,Rich in protein and fat
366,Karnataka,Weight Gain,Dinner,Prawn Masala + Rice + Coconut Chutney,680.0,38.0,84,22,5,High,High,Medium,"Fish, Shellfish","Prawns, White Rice, Coconut, Spices",Non-Vegetarian,Seafood,Spicy prawn masala with coconut. Large rice serving.,Evening walk,Shellfish allergy caution
367,Karnataka,Weight Gain,Dinner,White Rice + Chicken Curry + Papad,720.0,40.0,88,22,6,High,High,Medium,Safe,"White Rice, Chicken, Coconut, Spices",Non-Vegetarian,Chicken,Rich chicken curry with coconut base. Generous rice portion.,Evening walk before dinner,Balance with vegetables
368,Karnataka,Weight Gain,Dinner,White Rice + Mutton Keema Ball Curry,860.0,50.0,90,32,6,High,Medium,High,Safe,"Rice, Minced Mutton, Coconut",Non-Vegetarian,Mutton,Form meatballs with fat included and cook in rich coconut base.,Rest,No specific warning
369,Karnataka,Weight Gain,Dinner,Avarekalu Saaru (Home Style),465.0,15.0,63,17,7,Low,Medium,High,Safe,"hyacinth beans, coconut, tamarind, spices",Vegan,,"Serve a fuller portion and keep the preparation richer in the traditional style. Add nuts, coconut, or a little ghee when appropriate. Keep the dinner portion moderate so it sits lightly.",20 mins light strength training,Calorie-dense dish; best on active days.
370,Karnataka,Weight Gain,Dinner,Avarekalu Saaru (Rich),465.0,15.0,63,17,7,Medium,High,High,Safe,"hyacinth beans, coconut, tamarind, spices",Vegan,,"Serve a fuller portion and keep the preparation richer in the traditional style. Add nuts, coconut, or a little ghee when appropriate. Keep the dinner portion moderate so it sits lightly.",20 mins light strength training,Calorie-dense dish; best on active days.
371,Karnataka,Weight Gain,Dinner,Avarekalu Saaru (Traditional),465.0,15.0,63,17,7,Low,High,Medium,Safe,"hyacinth beans, coconut, tamarind, spices",Vegan,,"Serve a fuller portion and keep the preparation richer in the traditional style. Add nuts, coconut, or a little ghee when appropriate. Keep the dinner portion moderate so it sits lightly.",20 mins light strength training,Calorie-dense dish; best on active days.
372,Karnataka,Weight Gain,Dinner,Bendekaayi Palya (Home Style),464.0,14.0,66,16,6,High,Medium,High,Mustard,"okra, onion, mustard seeds, curry leaves",Vegan,,"Serve a fuller portion and keep the preparation richer in the traditional style. Add nuts, coconut, or a little ghee when appropriate. Keep the dinner portion moderate so it sits lightly.",20 mins light strength training,Calorie-dense dish; best on active days.
373,Karnataka,Weight Gain,Dinner,Bendekaayi Palya (Traditional),464.0,14.0,66,16,6,High,High,Medium,Mustard,"okra, onion, mustard seeds, curry leaves",Vegan,,"Serve a fuller portion and keep the preparation richer in the traditional style. Add nuts, coconut, or a little ghee when appropriate. Keep the dinner portion moderate so it sits lightly.",20 mins light strength training,Calorie-dense dish; best on active days.
374,Karnataka,Weight Gain,Dinner,Huli (Home Style),360.0,12.0,61,14,6,Medium,High,High,Sesame,"vegetables, tamarind, lentils, spices",Vegan,,"Serve a fuller portion and keep the preparation richer in the traditional style. Add nuts, coconut, or a little ghee when appropriate. Keep the dinner portion moderate so it sits lightly.",20 mins light strength training,Calorie-dense dish; best on active days. Contains sesame.
375,Karnataka,Weight Gain,Dinner,Huli (Traditional),360.0,12.0,61,14,6,Low,Medium,High,Sesame,"vegetables, tamarind, lentils, spices",Vegan,,"Serve a fuller portion and keep the preparation richer in the traditional style. Add nuts, coconut, or a little ghee when appropriate. Keep the dinner portion moderate so it sits lightly.",20 mins light strength training,Calorie-dense dish; best on active days. Contains sesame.
376,Karnataka,Weight Gain,Dinner,Kosambari (Home Style),443.0,13.0,64,15,7,Low,High,Medium,Safe,"moong dal, cucumber, coconut, coriander",Vegan,,"Serve a fuller portion and keep the preparation richer in the traditional style. Add nuts, coconut, or a little ghee when appropriate. Keep the dinner portion moderate so it sits lightly.",20 mins light strength training,Calorie-dense dish; best on active days.
377,Karnataka,Weight Gain,Dinner,Kosambari (Traditional),443.0,13.0,64,15,7,Medium,High,High,Safe,"moong dal, cucumber, coconut, coriander",Vegan,,"Serve a fuller portion and keep the preparation richer in the traditional style. Add nuts, coconut, or a little ghee when appropriate. Keep the dinner portion moderate so it sits lightly.",20 mins light strength training,Calorie-dense dish; best on active days.
378,Karnataka,Weight Gain,Dinner,Menthya Bath (Home Style),360.0,12.0,61,14,6,Medium,High,High,Safe,"rice, fenugreek leaves, tamarind, spices",Vegan,,"Serve a fuller portion and keep the preparation richer in the traditional style. Add nuts, coconut, or a little ghee when appropriate. Keep the dinner portion moderate so it sits lightly.",20 mins light strength training,Calorie-dense dish; best on active days.
379,Karnataka,Weight Gain,Dinner,Menthya Bath (Traditional),360.0,12.0,61,14,6,High,Medium,High,Safe,"rice, fenugreek leaves, tamarind, spices",Vegan,,"Serve a fuller portion and keep the preparation richer in the traditional style. Add nuts, coconut, or a little ghee when appropriate. Keep the dinner portion moderate so it sits lightly.",20 mins light strength training,Calorie-dense dish; best on active days.
380,Karnataka,Weight Gain,Dinner,Saaru (Home Style),443.0,13.0,64,15,7,High,High,Medium,Safe,"tomato, pepper, cumin, garlic",Vegan,,"Serve a fuller portion and keep the preparation richer in the traditional style. Add nuts, coconut, or a little ghee when appropriate. Keep the dinner portion moderate so it sits lightly.",20 mins light strength training,Calorie-dense dish; best on active days.
381,Karnataka,Weight Gain,Dinner,Saaru (Traditional),443.0,13.0,64,15,7,Medium,High,High,Safe,"tomato, pepper, cumin, garlic",Vegan,,"Serve a fuller portion and keep the preparation richer in the traditional style. Add nuts, coconut, or a little ghee when appropriate. Keep the dinner portion moderate so it sits lightly.",20 mins light strength training,Calorie-dense dish; best on active days.
382,Karnataka,Weight Gain,Dinner,Soppina Saaru (Home Style),464.0,14.0,66,16,6,Low,High,Medium,Sesame,"greens, lentils, garlic, spices",Vegan,,"Serve a fuller portion and keep the preparation richer in the traditional style. Add nuts, coconut, or a little ghee when appropriate. Keep the dinner portion moderate so it sits lightly.",20 mins light strength training,Calorie-dense dish; best on active days. Contains sesame.
383,Karnataka,Weight Gain,Dinner,Soppina Saaru (Rich),464.0,14.0,66,16,6,Low,Medium,High,Sesame,"greens, lentils, garlic, spices",Vegan,,"Serve a fuller portion and keep the preparation richer in the traditional style. Add nuts, coconut, or a little ghee when appropriate. Keep the dinner portion moderate so it sits lightly.",20 mins light strength training,Calorie-dense dish; best on active days. Contains sesame.
384,Karnataka,Weight Gain,Dinner,Soppina Saaru (Traditional),464.0,14.0,66,16,6,Medium,High,High,Sesame,"greens, lentils, garlic, spices",Vegan,,"Serve a fuller portion and keep the preparation richer in the traditional style. Add nuts, coconut, or a little ghee when appropriate. Keep the dinner portion moderate so it sits lightly.",20 mins light strength training,Calorie-dense dish; best on active days. Contains sesame.
385,Karnataka,Bulking,Breakfast,Chow Chow Bath + 2 Scoops Whey + Almonds,650.0,45.0,70,22,6,High,Medium,Medium,"Dairy, Gluten, Nut, Nuts","Semolina, Whey Protein, Almonds",Vegetarian,,Supplement traditional breakfast with clean whey protein.,60 mins heavy lifting,No specific warning
386,Karnataka,Bulking,Breakfast,Idli (6) + Sambar + Peanut Chutney,600.0,22.0,100,14,9,Medium,Medium,Low,"Peanut, Peanuts","Rice, Urad Dal, Toor Dal, Peanuts",Vegetarian,,Steam 6 idlis. Protein-rich peanut chutney. Full sambar.,Pre-workout,High carb loading meal
387,Karnataka,Bulking,Breakfast,Masala Dosa (Large) + Sambar + Peanut Butter,660.0,20.0,96,20,8,Medium,Medium,Low,"Dairy, Peanut, Peanuts","Rice, Urad Dal, Potato, Peanut Butter",Vegetarian,,Large masala dosa with peanut butter on side for extra protein.,Pre-workout,High carb meal
388,Karnataka,Bulking,Breakfast,Mysore Masala Dosa (High Fibre),350.0,20.0,50,14,4,Low,High,Medium,Dairy,"rice, urad dal, potato, onion, red chilli, ghee",Vegetarian,,Keep the dish hearty and add the protein side where possible. Use the traditional spices but avoid deep frying. It works best as a light breakfast with tea or chutney.,45 mins resistance training,Best paired with resistance training. Contains dairy.
389,Karnataka,Bulking,Breakfast,Mysore Masala Dosa (Home Style),350.0,20.0,50,14,4,Medium,High,High,Dairy,"rice, urad dal, potato, onion, red chilli, ghee",Vegetarian,,Keep the dish hearty and add the protein side where possible. Use the traditional spices but avoid deep frying. It works best as a light breakfast with tea or chutney.,45 mins resistance training,Best paired with resistance training. Contains dairy.
390,Karnataka,Bulking,Breakfast,Mysore Masala Dosa (Protein-Rich),350.0,20.0,50,14,4,Low,Medium,High,Dairy,"rice, urad dal, potato, onion, red chilli, ghee",Vegetarian,,Keep the dish hearty and add the protein side where possible. Use the traditional spices but avoid deep frying. It works best as a light breakfast with tea or chutney.,45 mins resistance training,Best paired with resistance training. Contains dairy.
391,Karnataka,Bulking,Breakfast,Mysore Masala Dosa (With Lentils),350.0,20.0,50,14,4,Low,Medium,High,Dairy,"rice, urad dal, potato, onion, red chilli, ghee",Vegetarian,,Keep the dish hearty and add the protein side where possible. Use the traditional spices but avoid deep frying. It works best as a light breakfast with tea or chutney.,45 mins resistance training,Best paired with resistance training. Contains dairy.
392,Karnataka,Bulking,Breakfast,Oats + Whey Protein + Banana Smoothie,600.0,40.0,74,12,8,Medium,Low,Low,"Dairy, Gluten","Oats, Whey, Banana, Milk",Vegetarian,,"Blend oats with whey protein, banana and full fat milk.",Pre-workout,Consume 45 mins before workout
393,Karnataka,Bulking,Breakfast,Paneer Paratha (3) + Lassi + Almonds,750.0,34.0,88,26,7,Medium,High,Medium,"Dairy, Gluten, Nut, Nuts","Paneer, Wheat, Curd, Almonds",Vegetarian,,Thick paneer parathas. Generous lassi and 10 soaked almonds.,Pre-workout,High calorie dense option
394,Karnataka,Bulking,Breakfast,Poha (Avalakki) + 200g Paneer Burji,690.0,38.0,75,28,8,Medium,Medium,High,"Dairy, Peanut, Peanuts","Flattened Rice, Paneer, Peanuts",Vegetarian,,Combine carb-rich poha with high-protein paneer.,60 mins heavy lifting,No specific warning
395,Karnataka,Bulking,Breakfast,Rava Idli (High Fibre),431.0,21.0,53,15,5,Medium,High,High,"Dairy, Gluten, Mustard","semolina, curd, carrot, mustard seeds, curry leaves",Vegetarian,,Keep the dish hearty and add the protein side where possible. Use the traditional spices but avoid deep frying. It works best as a light breakfast with tea or chutney.,45 mins resistance training,"Best paired with resistance training. Contains gluten, dairy."
396,Karnataka,Bulking,Breakfast,Rava Idli (Home Style),431.0,21.0,53,15,5,High,Medium,High,"Dairy, Gluten, Mustard","semolina, curd, carrot, mustard seeds, curry leaves",Vegetarian,,Keep the dish hearty and add the protein side where possible. Use the traditional spices but avoid deep frying. It works best as a light breakfast with tea or chutney.,45 mins resistance training,"Best paired with resistance training. Contains gluten, dairy."
397,Karnataka,Bulking,Breakfast,Rava Idli (Protein-Rich),431.0,21.0,53,15,5,High,High,Medium,"Dairy, Gluten, Mustard","semolina, curd, carrot, mustard seeds, curry leaves",Vegetarian,,Keep the dish hearty and add the protein side where possible. Use the traditional spices but avoid deep frying. It works best as a light breakfast with tea or chutney.,45 mins resistance training,"Best paired with resistance training. Contains gluten, dairy."
398,Karnataka,Bulking,Breakfast,Rava Idli (With Greens),431.0,21.0,53,15,5,Medium,High,High,"Dairy, Gluten, Mustard","semolina, curd, carrot, mustard seeds, curry leaves",Vegetarian,,Keep the dish hearty and add the protein side where possible. Use the traditional spices but avoid deep frying. It works best as a light breakfast with tea or chutney.,45 mins resistance training,"Best paired with resistance training. Contains gluten, dairy."
399,Karnataka,Bulking,Breakfast,Rava Idli (With Lentils),431.0,21.0,53,15,5,High,High,Medium,"Dairy, Gluten, Mustard","semolina, curd, carrot, mustard seeds, curry leaves",Vegetarian,,Keep the dish hearty and add the protein side where possible. Use the traditional spices but avoid deep frying. It works best as a light breakfast with tea or chutney.,45 mins resistance training,"Best paired with resistance training. Contains gluten, dairy."
400,Karnataka,Bulking,Breakfast,Wheat Paratha (4) + Ghee + Curd + Nuts,720.0,22.0,96,26,10,Medium,High,Medium,"Dairy, Gluten, Nut, Nuts","Wheat, Ghee, Curd, Almonds, Walnuts",Vegetarian,,Ghee wheat paratha with full fat curd and mixed nuts.,Pre-workout,Good fat and carb combo
401,Karnataka,Bulking,Breakfast,6 Egg Omelette + Brown Bread (4 slices),650.0,44.0,60,28,5,Medium,High,High,"Dairy, Egg, Gluten","Eggs, Bread, Vegetables, Cheese",Non-Vegetarian,,Whole eggs omelette with cheese. Brown bread slices.,Pre-workout,High cholesterol warning
402,Karnataka,Bulking,Breakfast,Akki Roti + Minced Chicken (Kheema) Curry,710.0,46.0,75,24,8,Medium,Medium,Medium,Safe,"Rice Flour, Minced Chicken",Non-Vegetarian,Chicken,Top akki roti with dense chicken kheema.,60 mins heavy lifting,No specific warning
403,Karnataka,Bulking,Breakfast,Akki Rotti with Chicken Sukka (Protein-Rich),400.0,30.0,41,18,4,Medium,High,High,Chicken,"rice flour, chicken, coconut, spices",Non-Vegetarian,Chicken,Keep the dish hearty and add the protein side where possible. Use the traditional spices but avoid deep frying. It works best as a light breakfast with tea or chutney.,45 mins resistance training,Best paired with resistance training. Contains chicken.
404,Karnataka,Bulking,Breakfast,Chicken Sandwich (Double) + Milk,680.0,42.0,72,20,5,Medium,High,Medium,"Dairy, Gluten","Chicken, Brown Bread, Milk, Vegetables",Non-Vegetarian,Chicken,Double chicken breast sandwich with whole wheat bread and milk.,Pre-workout,Good protein start for bulking
405,Karnataka,Bulking,Breakfast,Chicken Sukka (Protein-Rich),390.0,29.0,38,17,3,Medium,High,High,Chicken,"chicken, coconut, pepper, curry leaves",Non-Vegetarian,Chicken,Keep the dish hearty and add the protein side where possible. Use the traditional spices but avoid deep frying. It works best as a light breakfast with tea or chutney.,45 mins resistance training,Best paired with resistance training. Contains chicken.
406,Karnataka,Bulking,Breakfast,Jolada Roti + 5 Egg Bhurji,680.0,40.0,70,26,10,Medium,Medium,High,"Egg, Eggs","Sorghum, Eggs, Onion",Non-Vegetarian,,Scramble 5 whole eggs in nominal oil to pair with sorghum flatbread.,60 mins heavy lifting,Monitor cholesterol
407,Karnataka,Bulking,Breakfast,Koli Curry (Protein-Rich),468.0,32.0,40,20,4,High,Medium,High,Chicken,"chicken, red chilli, coconut, garlic",Non-Vegetarian,Chicken,Keep the dish hearty and add the protein side where possible. Use the traditional spices but avoid deep frying. It works best as a light breakfast with tea or chutney.,45 mins resistance training,Best paired with resistance training. Contains chicken.
408,Karnataka,Bulking,Breakfast,Kori Rotti (Protein-Rich),410.0,31.0,43,19,3,High,High,Medium,Chicken,"rice wafers, chicken curry, coconut, spices",Non-Vegetarian,Chicken,Keep the dish hearty and add the protein side where possible. Use the traditional spices but avoid deep frying. It works best as a light breakfast with tea or chutney.,45 mins resistance training,Best paired with resistance training. Contains chicken.
409,Karnataka,Bulking,Breakfast,Mangalore Fish Fry (High Fibre),400.0,30.0,41,18,4,High,High,Medium,"Fish, Gluten","fish, rava, spices, lemon",Non-Vegetarian,Fish,Keep the dish hearty and add the protein side where possible. Use the traditional spices but avoid deep frying. It works best as a light breakfast with tea or chutney.,45 mins resistance training,"Best paired with resistance training. Contains gluten, fish."
410,Karnataka,Bulking,Breakfast,Mangalore Fish Fry (Protein-Rich),400.0,30.0,41,18,4,High,High,Medium,"Fish, Gluten","fish, rava, spices, lemon",Non-Vegetarian,Fish,Keep the dish hearty and add the protein side where possible. Use the traditional spices but avoid deep frying. It works best as a light breakfast with tea or chutney.,45 mins resistance training,"Best paired with resistance training. Contains gluten, fish."
411,Karnataka,Bulking,Breakfast,Neer Dose with Kori Gassi (Protein-Rich),390.0,29.0,38,17,3,High,Medium,High,Chicken,"rice, chicken, coconut, spices",Non-Vegetarian,Chicken,Keep the dish hearty and add the protein side where possible. Use the traditional spices but avoid deep frying. It works best as a light breakfast with tea or chutney.,45 mins resistance training,Best paired with resistance training. Contains chicken.
412,Karnataka,Bulking,Breakfast,Poha + Peanuts + Egg Whites (3),540.0,28.0,68,16,7,Medium,Medium,Low,"Egg, Peanut, Peanuts","Poha, Peanuts, Egg Whites, Onion",Non-Vegetarian,,Peanut-heavy poha topped with pan fried egg whites.,Pre-workout stretching,Good pre-workout combo
413,Karnataka,Bulking,Breakfast,Ragi Mudde (Large) + Chicken Sambar,620.0,36.0,80,14,10,Low,Medium,Low,Safe,"Finger Millet, Chicken, Toor Dal, Vegetables",Non-Vegetarian,Chicken,Large ragi mudde with protein-rich chicken-based sambar.,Pre-workout,Good bulking Karnataka meal
414,Karnataka,Bulking,Breakfast,Ragi Mudde + Nati Koli (Chicken) Saaru,680.0,45.0,85,18,12,Medium,Medium,Medium,Safe,"Finger Millet, Chicken, Spices",Non-Vegetarian,Chicken,Cook whole local chicken for high protein. Pair with complex carb mudde.,60 mins heavy lifting,No specific warning
415,Karnataka,Bulking,Breakfast,Set Dosa + Chicken Sukka,720.0,40.0,80,26,6,High,Medium,Medium,Safe,"Rice, Poha, Chicken, Coconut",Non-Vegetarian,Chicken,Serve spongy dosas with dry roasted high-protein chicken sukka.,60 mins heavy lifting,No specific warning
416,Karnataka,Bulking,Breakfast,Thatte Idli + Udupi Sambar + 4 Boiled Eggs,700.0,42.0,80,24,8,Low,Medium,High,"Egg, Eggs","Rice, Urad Dal, Eggs",Non-Vegetarian,,Serve large flattened idlis with protein-dense whole eggs.,60 mins heavy lifting,Ensure eggs are fully cooked
417,Karnataka,Bulking,Breakfast,Akki Rotti (High Fibre),320.0,19.0,48,10,5,Medium,High,High,Safe,"rice flour, onion, coriander, green chilli",Vegan,,Keep the dish hearty and add the protein side where possible. Use the traditional spices but avoid deep frying. It works best as a light breakfast with tea or chutney.,45 mins resistance training,Best paired with resistance training.
418,Karnataka,Bulking,Breakfast,Akki Rotti (Protein-Rich),320.0,19.0,48,10,5,High,Medium,High,Safe,"rice flour, onion, coriander, green chilli",Vegan,,Keep the dish hearty and add the protein side where possible. Use the traditional spices but avoid deep frying. It works best as a light breakfast with tea or chutney.,45 mins resistance training,Best paired with resistance training.
419,Karnataka,Bulking,Breakfast,Avalakki Uppittu (High Fibre),404.0,21.0,53,12,5,High,Medium,High,"Peanut, Peanuts","flattened rice, onion, peanuts, curry leaves",Vegan,,Keep the dish hearty and add the protein side where possible. Use the traditional spices but avoid deep frying. It works best as a light breakfast with tea or chutney.,45 mins resistance training,Best paired with resistance training. Contains peanuts.
420,Karnataka,Bulking,Breakfast,Avalakki Uppittu (Protein-Rich),404.0,21.0,53,12,5,High,High,Medium,"Peanut, Peanuts","flattened rice, onion, peanuts, curry leaves",Vegan,,Keep the dish hearty and add the protein side where possible. Use the traditional spices but avoid deep frying. It works best as a light breakfast with tea or chutney.,45 mins resistance training,Best paired with resistance training. Contains peanuts.
421,Karnataka,Bulking,Breakfast,Neer Dose (High Fibre),330.0,20.0,51,11,6,High,High,Medium,Safe,"rice, coconut, salt",Vegan,,Keep the dish hearty and add the protein side where possible. Use the traditional spices but avoid deep frying. It works best as a light breakfast with tea or chutney.,45 mins resistance training,Best paired with resistance training.
422,Karnataka,Bulking,Breakfast,Neer Dose (Protein-Rich),330.0,20.0,51,11,6,Medium,High,High,Safe,"rice, coconut, salt",Vegan,,Keep the dish hearty and add the protein side where possible. Use the traditional spices but avoid deep frying. It works best as a light breakfast with tea or chutney.,45 mins resistance training,Best paired with resistance training.
423,Karnataka,Bulking,Breakfast,Paddu (Gundponglu) (High Fibre),320.0,19.0,48,10,5,Medium,High,High,Safe,"rice batter, urad dal, curry leaves, onion",Vegan,,Keep the dish hearty and add the protein side where possible. Use the traditional spices but avoid deep frying. It works best as a light breakfast with tea or chutney.,45 mins resistance training,Best paired with resistance training.
424,Karnataka,Bulking,Breakfast,Paddu (Gundponglu) (Protein-Rich),320.0,19.0,48,10,5,Low,Medium,High,Safe,"rice batter, urad dal, curry leaves, onion",Vegan,,Keep the dish hearty and add the protein side where possible. Use the traditional spices but avoid deep frying. It works best as a light breakfast with tea or chutney.,45 mins resistance training,Best paired with resistance training.
425,Karnataka,Bulking,Breakfast,Paddu (Gundponglu) (With Lentils),320.0,19.0,48,10,5,Low,High,Medium,Safe,"rice batter, urad dal, curry leaves, onion",Vegan,,Keep the dish hearty and add the protein side where possible. Use the traditional spices but avoid deep frying. It works best as a light breakfast with tea or chutney.,45 mins resistance training,Best paired with resistance training.
426,Karnataka,Bulking,Breakfast,Ragi Rotti (High Fibre),404.0,21.0,53,12,5,High,Medium,High,Safe,"ragi flour, onion, coriander, green chilli",Vegan,,Keep the dish hearty and add the protein side where possible. Use the traditional spices but avoid deep frying. It works best as a light breakfast with tea or chutney.,45 mins resistance training,Best paired with resistance training.
427,Karnataka,Bulking,Breakfast,Ragi Rotti (Protein-Rich),404.0,21.0,53,12,5,High,High,Medium,Safe,"ragi flour, onion, coriander, green chilli",Vegan,,Keep the dish hearty and add the protein side where possible. Use the traditional spices but avoid deep frying. It works best as a light breakfast with tea or chutney.,45 mins resistance training,Best paired with resistance training.
428,Karnataka,Bulking,Breakfast,Sajje Rotti (High Fibre),405.0,22.0,50,13,6,Medium,High,High,Safe,"pearl millet flour, onion, coriander, green chilli",Vegan,,Keep the dish hearty and add the protein side where possible. Use the traditional spices but avoid deep frying. It works best as a light breakfast with tea or chutney.,45 mins resistance training,Best paired with resistance training.
429,Karnataka,Bulking,Breakfast,Sajje Rotti (Protein-Rich),405.0,22.0,50,13,6,High,Medium,High,Safe,"pearl millet flour, onion, coriander, green chilli",Vegan,,Keep the dish hearty and add the protein side where possible. Use the traditional spices but avoid deep frying. It works best as a light breakfast with tea or chutney.,45 mins resistance training,Best paired with resistance training.
430,Karnataka,Bulking,Breakfast,Shavige Uppittu (High Fibre),330.0,20.0,51,11,6,High,High,Medium,Mustard,"rice vermicelli, onion, mustard seeds, curry leaves",Vegan,,Keep the dish hearty and add the protein side where possible. Use the traditional spices but avoid deep frying. It works best as a light breakfast with tea or chutney.,45 mins resistance training,Best paired with resistance training.
431,Karnataka,Bulking,Breakfast,Shavige Uppittu (Protein-Rich),330.0,20.0,51,11,6,Medium,High,High,Mustard,"rice vermicelli, onion, mustard seeds, curry leaves",Vegan,,Keep the dish hearty and add the protein side where possible. Use the traditional spices but avoid deep frying. It works best as a light breakfast with tea or chutney.,45 mins resistance training,Best paired with resistance training.
432,Karnataka,Bulking,Breakfast,Shavige Uppittu (With Lentils),330.0,20.0,51,11,6,High,Medium,High,Mustard,"rice vermicelli, onion, mustard seeds, curry leaves",Vegan,,Keep the dish hearty and add the protein side where possible. Use the traditional spices but avoid deep frying. It works best as a light breakfast with tea or chutney.,45 mins resistance training,Best paired with resistance training.
433,Karnataka,Bulking,Lunch,Bisi Bele Bath (High Fibre),410.0,22.0,64,15,6,Low,Medium,High,Dairy,"rice, toor dal, vegetables, bisi bele bath masala, ghee",Vegetarian,,Keep the dish hearty and add the protein side where possible. Use the traditional spices but avoid deep frying. Serve it with a simple salad or vegetable side for balance.,45 mins resistance training,Best paired with resistance training. Contains dairy.
434,Karnataka,Bulking,Lunch,Bisi Bele Bath (Protein-Rich),410.0,22.0,64,15,6,Low,Medium,High,Dairy,"rice, toor dal, vegetables, bisi bele bath masala, ghee",Vegetarian,,Keep the dish hearty and add the protein side where possible. Use the traditional spices but avoid deep frying. Serve it with a simple salad or vegetable side for balance.,45 mins resistance training,Best paired with resistance training. Contains dairy.
435,Karnataka,Bulking,Lunch,Bisi Bele Bath (With Lentils),410.0,22.0,64,15,6,Low,Medium,High,Dairy,"rice, toor dal, vegetables, bisi bele bath masala, ghee",Vegetarian,,Keep the dish hearty and add the protein side where possible. Use the traditional spices but avoid deep frying. Serve it with a simple salad or vegetable side for balance.,45 mins resistance training,Best paired with resistance training. Contains dairy.
436,Karnataka,Bulking,Lunch,Jolada Roti + Soya Chunks Ennegayi + Sprouts,850.0,48.0,100,28,20,Medium,Medium,Medium,Soy,"Sorghum, Soya Chunks, Green Gram",Vegetarian,,Use high-protein soya chunks in the traditional stuffed eggplant style.,45 mins hypertrophy training,No specific warning
437,Karnataka,Bulking,Lunch,Kharabath (High Fibre),525.0,24.0,69,17,6,High,High,Medium,Dairy,"rice, vegetables, spice mix, ghee",Vegetarian,,Keep the dish hearty and add the protein side where possible. Use the traditional spices but avoid deep frying. Serve it with a simple salad or vegetable side for balance.,45 mins resistance training,Best paired with resistance training. Contains dairy.
438,Karnataka,Bulking,Lunch,Kharabath (Protein-Rich),525.0,24.0,69,17,6,High,High,Medium,Dairy,"rice, vegetables, spice mix, ghee",Vegetarian,,Keep the dish hearty and add the protein side where possible. Use the traditional spices but avoid deep frying. Serve it with a simple salad or vegetable side for balance.,45 mins resistance training,Best paired with resistance training. Contains dairy.
439,Karnataka,Bulking,Lunch,Kharabath (With Greens),525.0,24.0,69,17,6,High,High,Medium,Dairy,"rice, vegetables, spice mix, ghee",Vegetarian,,Keep the dish hearty and add the protein side where possible. Use the traditional spices but avoid deep frying. Serve it with a simple salad or vegetable side for balance.,45 mins resistance training,Best paired with resistance training. Contains dairy.
440,Karnataka,Bulking,Lunch,Kharabath (With Lentils),525.0,24.0,69,17,6,High,High,Medium,Dairy,"rice, vegetables, spice mix, ghee",Vegetarian,,Keep the dish hearty and add the protein side where possible. Use the traditional spices but avoid deep frying. Serve it with a simple salad or vegetable side for balance.,45 mins resistance training,Best paired with resistance training. Contains dairy.
441,Karnataka,Bulking,Lunch,Lentil Soup (Large) + 4 Chapati + Butter,760.0,30.0,100,20,14,Medium,High,Medium,"Dairy, Gluten, Sesame","Mixed Lentils, Wheat, Butter, Spices",Vegetarian,,Large mixed lentil soup. Buttered chapatis.,Post-workout,High amino acids from lentils
442,Karnataka,Bulking,Lunch,Paneer Tikka + Dal Khichdi (Large),760.0,36.0,88,26,10,Medium,High,Medium,Dairy,"Paneer, Rice, Moong Dal, Spices",Vegetarian,,Grilled paneer tikka with large dal khichdi bowl.,Post-workout,Complete amino acid profile
443,Karnataka,Bulking,Lunch,Rajma Rice (2 Cups) + Curd + Chapati,780.0,32.0,110,16,18,Medium,High,Low,"Dairy, Gluten","Rajma, White Rice, Curd, Wheat",Vegetarian,,Spiced rajma curry with generous rice. Chapati and curd.,Post-workout,High fibre and protein
444,Karnataka,Bulking,Lunch,Soya Chunks Curry + White Rice (2 Cups),720.0,44.0,92,12,12,Medium,Medium,Low,Soy,"Soya Chunks, White Rice, Onion, Tomato",Vegetarian,,High protein soya curry. Generous white rice for carbs.,Post-workout,Excellent veg protein source
445,Karnataka,Bulking,Lunch,Udupi Sambar (High Fibre),504.0,23.0,67,16,7,Medium,High,High,Safe,"toor dal, mixed vegetables, tamarind, coconut, spices",Vegetarian,,Keep the dish hearty and add the protein side where possible. Use the traditional spices but avoid deep frying. Serve it with a simple salad or vegetable side for balance.,45 mins resistance training,Best paired with resistance training.
446,Karnataka,Bulking,Lunch,Udupi Sambar (Protein-Rich),504.0,23.0,67,16,7,Medium,High,High,Safe,"toor dal, mixed vegetables, tamarind, coconut, spices",Vegetarian,,Keep the dish hearty and add the protein side where possible. Use the traditional spices but avoid deep frying. Serve it with a simple salad or vegetable side for balance.,45 mins resistance training,Best paired with resistance training.
447,Karnataka,Bulking,Lunch,Udupi Sambar (With Greens),504.0,23.0,67,16,7,Medium,High,High,Safe,"toor dal, mixed vegetables, tamarind, coconut, spices",Vegetarian,,Keep the dish hearty and add the protein side where possible. Use the traditional spices but avoid deep frying. Serve it with a simple salad or vegetable side for balance.,45 mins resistance training,Best paired with resistance training.
448,Karnataka,Bulking,Lunch,Udupi Sambar (With Lentils),504.0,23.0,67,16,7,Medium,High,High,Safe,"toor dal, mixed vegetables, tamarind, coconut, spices",Vegetarian,,Keep the dish hearty and add the protein side where possible. Use the traditional spices but avoid deep frying. Serve it with a simple salad or vegetable side for balance.,45 mins resistance training,Best paired with resistance training.
449,Karnataka,Bulking,Lunch,Bisi Bele Bath + 250g Chicken Tikka (Local Style),870.0,58.0,95,28,12,Low,Medium,Medium,Dairy,"Rice, Toor Dal, Chicken",Non-Vegetarian,Chicken,Add roasted chicken chunks on the side of the lentil-rice dish.,45 mins hypertrophy training,No specific warning
450,Karnataka,Bulking,Lunch,Chapati + Pork Pandi Curry + 2 Boiled Eggs,910.0,50.0,90,35,8,Medium,Medium,High,"Egg, Eggs, Gluten","Wheat, Pork, Eggs",Non-Vegetarian,Pork,Consume heavy pork curry with extra egg protein.,45 mins hypertrophy training,No specific warning
451,Karnataka,Bulking,Lunch,Chicken Breast Rice Bowl + Dal + Palya,780.0,50.0,88,18,10,Medium,High,Low,Safe,"Chicken, White Rice, Toor Dal, Vegetables",Non-Vegetarian,Chicken,Grilled/boiled chicken breast over rice with dal and veggie side.,Post-workout,Excellent muscle building meal
452,Karnataka,Bulking,Lunch,Egg Biryani (2 Cups) + Raita,780.0,34.0,100,24,6,High,High,High,"Dairy, Egg","Eggs, Basmati Rice, Curd, Spices",Non-Vegetarian,,Fragrant egg biryani with whole spices. Full fat raita.,"Rest, then walk",High calorie post-workout
453,Karnataka,Bulking,Lunch,Fish Curry (Protein-Rich),605.0,39.0,56,25,5,Medium,High,High,Fish,"fish, tamarind, coconut, chilli, spices",Non-Vegetarian,Fish,Keep the dish hearty and add the protein side where possible. Use the traditional spices but avoid deep frying. Serve it with a simple salad or vegetable side for balance.,45 mins resistance training,Best paired with resistance training. Contains fish.
454,Karnataka,Bulking,Lunch,Fish Curry + 2 Cups Rice + Vegetables,740.0,46.0,88,18,8,Medium,High,Low,Fish,"Fish, White Rice, Coconut, Vegetables",Non-Vegetarian,Fish,Rich fish curry with coconut. Large rice serving with vegetables.,Post-workout,Excellent protein for muscle
455,Karnataka,Bulking,Lunch,Kori Gassi (Protein-Rich),490.0,36.0,54,22,4,Medium,High,High,Chicken,"chicken, coconut, red chilli, garlic",Non-Vegetarian,Chicken,Keep the dish hearty and add the protein side where possible. Use the traditional spices but avoid deep frying. Serve it with a simple salad or vegetable side for balance.,45 mins resistance training,Best paired with resistance training. Contains chicken.
456,Karnataka,Bulking,Lunch,Mangalorean Biryani (Protein-Rich),604.0,38.0,59,24,4,High,Medium,High,"Chicken, Dairy","rice, chicken, mint, spices, ghee",Non-Vegetarian,Chicken,Keep the dish hearty and add the protein side where possible. Use the traditional spices but avoid deep frying. Serve it with a simple salad or vegetable side for balance.,45 mins resistance training,"Best paired with resistance training. Contains dairy, chicken."
457,Karnataka,Bulking,Lunch,Mutton Biryani (Small) + Raita + Salad,800.0,45.0,88,28,6,High,High,High,Dairy,"Mutton, Basmati Rice, Ghee, Curd",Non-Vegetarian,Mutton,Fragrant mutton biryani with raita. Rich and calorie dense.,Post-workout rest,Reserve for intense workout days
458,Karnataka,Bulking,Lunch,Mutton Saaru (Protein-Rich),490.0,36.0,54,22,4,High,Medium,High,Mutton,"mutton, onion, garlic, spices",Non-Vegetarian,Mutton,Keep the dish hearty and add the protein side where possible. Use the traditional spices but avoid deep frying. Serve it with a simple salad or vegetable side for balance.,45 mins resistance training,Best paired with resistance training. Contains mutton.
459,Karnataka,Bulking,Lunch,Pandi Curry (Protein-Rich),500.0,37.0,57,23,5,High,High,Medium,Pork,"pork, kachampuli, black pepper, coconut",Non-Vegetarian,Pork,Keep the dish hearty and add the protein side where possible. Use the traditional spices but avoid deep frying. Serve it with a simple salad or vegetable side for balance.,45 mins resistance training,Best paired with resistance training. Contains pork.
460,Karnataka,Bulking,Lunch,Ragi Mudde + Mutton Kheema + Boiled Eggs,791.2,35.799999999999955,90,32,12,Medium,Medium,High,"Egg, Eggs","Finger Millet, Minced Mutton, Eggs",Non-Vegetarian,Mutton,Mix minced mutton with boiled eggs for extreme protein.,45 mins hypertrophy training,No specific warning
461,Karnataka,Bulking,Lunch,Red Rice + Mangalorean Fish Curry + Prawn Sukka,900.0,60.0,100,28,10,Medium,Medium,Medium,"Fish, Shellfish","Red Rice, Fish, Prawns, Coconut",Non-Vegetarian,Fish,Double seafood portion for maximum lean protein load.,45 mins hypertrophy training,Maintain hydration
462,Karnataka,Bulking,Lunch,Red Rice + Mutton Saaru + Fish Fry (Kane),811.2,35.799999999999955,95,32,8,Medium,Medium,High,Fish,"Red Rice, Mutton, Ladyfish",Non-Vegetarian,Mutton,Combine heavy mutton broth with protein-dense fish fry.,45 mins hypertrophy training,Watch for bones
463,Karnataka,Bulking,Lunch,Tuna Fried Rice + Egg (2),740.0,46.0,80,22,6,Medium,High,Low,"Egg, Fish","Tuna, Rice, Eggs, Vegetables",Non-Vegetarian,Fish,"Stir fry rice with tuna and eggs. Minimal oil, high protein.",Post-workout,Good omega and protein combo
464,Karnataka,Bulking,Lunch,White Rice + Chicken Ghee Roast + Dal,880.0,55.0,95,30,8,Low,Medium,Medium,Dairy,"Rice, Chicken, Ghee, Toor Dal",Non-Vegetarian,Chicken,Roast large chicken chunks in ghee. Balance with dal.,45 mins hypertrophy training,No specific warning
465,Karnataka,Bulking,Lunch,Bassaru (High Fibre),477.0,23.0,67,13,7,Low,High,Medium,Sesame,"greens, lentils, spices, rice",Vegan,,Keep the dish hearty and add the protein side where possible. Use the traditional spices but avoid deep frying. Serve it with a simple salad or vegetable side for balance.,45 mins resistance training,Best paired with resistance training. Contains sesame.
466,Karnataka,Bulking,Lunch,Bassaru (Protein-Rich),477.0,23.0,67,13,7,Medium,High,High,Sesame,"greens, lentils, spices, rice",Vegan,,Keep the dish hearty and add the protein side where possible. Use the traditional spices but avoid deep frying. Serve it with a simple salad or vegetable side for balance.,45 mins resistance training,Best paired with resistance training. Contains sesame.
467,Karnataka,Bulking,Lunch,Chitranna (High Fibre),478.0,24.0,64,14,8,High,Medium,High,Mustard,"rice, lemon, mustard seeds, turmeric",Vegan,,Keep the dish hearty and add the protein side where possible. Use the traditional spices but avoid deep frying. Serve it with a simple salad or vegetable side for balance.,45 mins resistance training,Best paired with resistance training.
468,Karnataka,Bulking,Lunch,Chitranna (Protein-Rich),478.0,24.0,64,14,8,High,High,Medium,Mustard,"rice, lemon, mustard seeds, turmeric",Vegan,,Keep the dish hearty and add the protein side where possible. Use the traditional spices but avoid deep frying. Serve it with a simple salad or vegetable side for balance.,45 mins resistance training,Best paired with resistance training.
469,Karnataka,Bulking,Lunch,Coconut Rice (High Fibre),390.0,22.0,65,12,8,Medium,High,High,Mustard,"rice, coconut, mustard seeds, curry leaves",Vegan,,Keep the dish hearty and add the protein side where possible. Use the traditional spices but avoid deep frying. Serve it with a simple salad or vegetable side for balance.,45 mins resistance training,Best paired with resistance training.
470,Karnataka,Bulking,Lunch,Coconut Rice (Protein-Rich),390.0,22.0,65,12,8,High,Medium,High,Mustard,"rice, coconut, mustard seeds, curry leaves",Vegan,,Keep the dish hearty and add the protein side where possible. Use the traditional spices but avoid deep frying. Serve it with a simple salad or vegetable side for balance.,45 mins resistance training,Best paired with resistance training.
471,Karnataka,Bulking,Lunch,Coconut Rice (With Lentils),390.0,22.0,65,12,8,High,High,Medium,Mustard,"rice, coconut, mustard seeds, curry leaves",Vegan,,Keep the dish hearty and add the protein side where possible. Use the traditional spices but avoid deep frying. Serve it with a simple salad or vegetable side for balance.,45 mins resistance training,Best paired with resistance training.
472,Karnataka,Bulking,Lunch,Jolada Rotti (High Fibre),380.0,21.0,62,11,7,High,Medium,High,Safe,"jowar flour, onion, coriander, green chilli",Vegan,,Keep the dish hearty and add the protein side where possible. Use the traditional spices but avoid deep frying. Serve it with a simple salad or vegetable side for balance.,45 mins resistance training,Best paired with resistance training.
473,Karnataka,Bulking,Lunch,Jolada Rotti (Protein-Rich),380.0,21.0,62,11,7,High,High,Medium,Safe,"jowar flour, onion, coriander, green chilli",Vegan,,Keep the dish hearty and add the protein side where possible. Use the traditional spices but avoid deep frying. Serve it with a simple salad or vegetable side for balance.,45 mins resistance training,Best paired with resistance training.
474,Karnataka,Bulking,Lunch,Puliyogare (High Fibre),477.0,23.0,67,13,7,High,High,Medium,"Peanut, Peanuts","rice, tamarind, peanuts, curry leaves",Vegan,,Keep the dish hearty and add the protein side where possible. Use the traditional spices but avoid deep frying. Serve it with a simple salad or vegetable side for balance.,45 mins resistance training,Best paired with resistance training. Contains peanuts.
475,Karnataka,Bulking,Lunch,Puliyogare (Protein-Rich),477.0,23.0,67,13,7,Medium,High,High,"Peanut, Peanuts","rice, tamarind, peanuts, curry leaves",Vegan,,Keep the dish hearty and add the protein side where possible. Use the traditional spices but avoid deep frying. Serve it with a simple salad or vegetable side for balance.,45 mins resistance training,Best paired with resistance training. Contains peanuts.
476,Karnataka,Bulking,Lunch,Ragi Mudde (High Fibre),390.0,22.0,65,12,8,Medium,High,High,Safe,"ragi flour, water, salt",Vegan,,Keep the dish hearty and add the protein side where possible. Use the traditional spices but avoid deep frying. Serve it with a simple salad or vegetable side for balance.,45 mins resistance training,Best paired with resistance training.
477,Karnataka,Bulking,Lunch,Ragi Mudde (Protein-Rich),390.0,22.0,65,12,8,High,Medium,High,Safe,"ragi flour, water, salt",Vegan,,Keep the dish hearty and add the protein side where possible. Use the traditional spices but avoid deep frying. Serve it with a simple salad or vegetable side for balance.,45 mins resistance training,Best paired with resistance training.
478,Karnataka,Bulking,Lunch,Tomato Bath (High Fibre),380.0,21.0,62,11,7,High,Medium,High,Safe,"rice, tomato, onion, spice mix, curry leaves",Vegan,,Keep the dish hearty and add the protein side where possible. Use the traditional spices but avoid deep frying. Serve it with a simple salad or vegetable side for balance.,45 mins resistance training,Best paired with resistance training.
479,Karnataka,Bulking,Lunch,Tomato Bath (Protein-Rich),380.0,21.0,62,11,7,High,High,Medium,Safe,"rice, tomato, onion, spice mix, curry leaves",Vegan,,Keep the dish hearty and add the protein side where possible. Use the traditional spices but avoid deep frying. Serve it with a simple salad or vegetable side for balance.,45 mins resistance training,Best paired with resistance training.
480,Karnataka,Bulking,Lunch,Tomato Bath (With Lentils),380.0,21.0,62,11,7,Medium,High,High,Safe,"rice, tomato, onion, spice mix, curry leaves",Vegan,,Keep the dish hearty and add the protein side where possible. Use the traditional spices but avoid deep frying. Serve it with a simple salad or vegetable side for balance.,45 mins resistance training,Best paired with resistance training.
481,Karnataka,Bulking,Snack,Cheese Sandwich + Milk (500ml),560.0,28.0,56,24,4,Medium,High,High,"Dairy, Gluten","Cheese, Brown Bread, Full Fat Milk",Vegetarian,,Double cheese sandwich with whole grain bread. Full glass milk.,Post workout,High calcium and protein
482,Karnataka,Bulking,Snack,Dry Fruit Mix (50g) + Milk,420.0,10.0,44,22,5,Medium,Low,Medium,"Dairy, Nut, Nuts","Almonds, Cashews, Raisins, Milk",Vegetarian,,Mixed dry fruits soaked overnight. Full fat milk.,Light activity,High calorie dense snack
483,Karnataka,Bulking,Snack,Kadale Puri + Roasted Peanuts (Large Portion),400.0,14.0,55,16,8,Medium,Medium,Medium,"Peanut, Peanuts","Puffed Rice, Peanuts",Vegetarian,,Load the puffed rice heavily with roasted peanuts.,Active recovery,No specific warning
484,Karnataka,Bulking,Snack,Maddur Vada (High Fibre),260.0,17.0,30,13,3,Medium,High,High,"Gluten, Peanut, Peanuts","maida, rice flour, onion, coconut, peanuts, curry leaves",Vegetarian,,Keep the dish hearty and add the protein side where possible. Use the traditional spices but avoid deep frying. Keep it as a small snack portion rather than a full meal.,45 mins resistance training,"Best paired with resistance training. Contains gluten, peanuts."
485,Karnataka,Bulking,Snack,Maddur Vada (Protein-Rich),260.0,17.0,30,13,3,High,Medium,High,"Gluten, Peanut, Peanuts","maida, rice flour, onion, coconut, peanuts, curry leaves",Vegetarian,,Keep the dish hearty and add the protein side where possible. Use the traditional spices but avoid deep frying. Keep it as a small snack portion rather than a full meal.,45 mins resistance training,"Best paired with resistance training. Contains gluten, peanuts."
486,Karnataka,Bulking,Snack,Maddur Vada (Traditional),260.0,17.0,30,13,3,High,High,Medium,"Gluten, Peanut, Peanuts","maida, rice flour, onion, coconut, peanuts, curry leaves",Vegetarian,,Keep the dish hearty and add the protein side where possible. Use the traditional spices but avoid deep frying. Keep it as a small snack portion rather than a full meal.,45 mins resistance training,"Best paired with resistance training. Contains gluten, peanuts."
487,Karnataka,Bulking,Snack,Mango Banana Smoothie (Full Fat),440.0,10.0,70,12,5,High,Low,Low,Dairy,"Mango, Banana, Full Fat Milk, Honey",Vegetarian,,Blend ripe mango and banana in full fat milk. Add honey.,Post workout,High sugar - match to workout
488,Karnataka,Bulking,Snack,Paneer Cubes (100g) + Fruit Salad,380.0,20.0,36,18,4,Low,Low,Medium,Dairy,"Paneer, Mixed Fruits",Vegetarian,,Raw or lightly seasoned paneer with mixed fresh fruits.,Light activity,Good mid-day bulking snack
489,Karnataka,Bulking,Snack,Paneer Kosambari,410.0,25.0,20,26,4,Low,Medium,High,Dairy,"Paneer, Cucumber, Moong Dal",Vegetarian,,Add raw paneer cubes to the traditional lentil salad.,Active recovery,No specific warning
490,Karnataka,Bulking,Snack,Peanut Butter Toast (2 slices) + Banana,420.0,16.0,58,16,6,Medium,Medium,Low,"Dairy, Gluten, Peanut, Peanuts","Brown Bread, Peanut Butter, Banana",Vegetarian,,Thick peanut butter on whole grain toast. Ripe banana.,Post workout,Good recovery snack
491,Karnataka,Bulking,Snack,Peanut Chikki (Kadalekai Mitti) + Milk,400.0,16.0,50,18,6,Medium,Low,Low,"Dairy, Peanut, Peanuts","Peanuts, Jaggery, Milk",Vegetarian,,Consume dense peanut and jaggery blocks with full milk.,Active recovery,Chew thoroughly
492,Karnataka,Bulking,Snack,Rajma Chaat (1 cup),320.0,14.0,52,4,12,Medium,Medium,Low,Safe,"Rajma, Onion, Tomato, Lemon, Spices",Vegetarian,,"Boiled rajma tossed with onion, tomato and chaat spices.",Light activity,High fibre and protein
493,Karnataka,Bulking,Snack,Roasted Kadale (Bengal Gram) + Jaggery Block,390.0,15.0,60,10,12,High,Medium,Low,Safe,"Bengal Gram, Jaggery",Vegetarian,,Eat large handfuls of roasted gram with raw jaggery.,Active recovery,No specific warning
494,Karnataka,Bulking,Snack,Soya Chunks Dry Fry (Pepper/Jeera),380.0,35.0,30,12,14,Low,Medium,Low,Soy,"Soya Chunks, Pepper, Cumin",Vegetarian,,Pan fry boiled soya chunks with pepper and cumin.,Active recovery,No specific warning
495,Karnataka,Bulking,Snack,Sweet Potato Chaat + Peanuts,360.0,10.0,58,10,8,Medium,Low,Low,"Peanut, Peanuts","Sweet Potato, Peanuts, Spices, Lemon",Vegetarian,,"Boil sweet potato, toss with roasted peanuts and spices.",Post workout,Good complex carb + protein
496,Karnataka,Bulking,Snack,Whey Protein Shake + Oats,420.0,34.0,52,8,6,Medium,Low,Low,"Dairy, Gluten","Whey Protein, Oats, Milk",Vegetarian,,Blend whey in milk post workout. Add oats for carbs.,Post workout,Consume within 30 mins
497,Karnataka,Bulking,Snack,Bangude Pulimunchi (Protein-Rich),380.0,28.0,22,20,2,High,Medium,High,Fish,"mackerel, tamarind, chilli, garlic",Non-Vegetarian,Fish,Keep the dish hearty and add the protein side where possible. Use the traditional spices but avoid deep frying. Keep it as a small snack portion rather than a full meal.,45 mins resistance training,Best paired with resistance training. Contains fish.
498,Karnataka,Bulking,Snack,Boiled Eggs (3) + Brown Bread,380.0,24.0,36,16,3,Medium,Medium,High,"Egg, Gluten","Eggs, Brown Bread",Non-Vegetarian,,3 whole boiled eggs with 2 slices of brown bread.,Post workout,Good complete protein
499,Karnataka,Bulking,Snack,Boiled Eggs (4) + Sprouted Hesaru Kaalu,380.0,32.0,30,16,10,Low,Medium,Medium,"Egg, Eggs","Eggs, Green Gram Sprouts",Non-Vegetarian,,Mix diced hard-boiled eggs into raw sprouts.,Active recovery,No specific warning
500,Karnataka,Bulking,Snack,Chicken Ghee Roast (High Fibre),358.0,26.0,23,18,2,High,High,Medium,"Chicken, Dairy","chicken, ghee, red chilli, curry leaves",Non-Vegetarian,Chicken,Keep the dish hearty and add the protein side where possible. Use the traditional spices but avoid deep frying. Keep it as a small snack portion rather than a full meal.,45 mins resistance training,"Best paired with resistance training. Contains dairy, chicken."
501,Karnataka,Bulking,Snack,Chicken Ghee Roast (Protein-Rich),358.0,26.0,23,18,2,Medium,High,High,"Chicken, Dairy","chicken, ghee, red chilli, curry leaves",Non-Vegetarian,Chicken,Keep the dish hearty and add the protein side where possible. Use the traditional spices but avoid deep frying. Keep it as a small snack portion rather than a full meal.,45 mins resistance training,"Best paired with resistance training. Contains dairy, chicken."
502,Karnataka,Bulking,Snack,Chicken Sukka (Dry Portion),420.0,45.0,15,20,2,Low,Medium,Medium,Safe,"Chicken, Coconut, Spices",Non-Vegetarian,Chicken,Consume a pure protein bowl of dry roasted chicken.,Active recovery,No specific warning
503,Karnataka,Bulking,Snack,Crab Sukka (High Fibre),379.0,27.0,25,19,1,High,Medium,High,"Fish, Shellfish","crab, coconut, spices, garlic",Non-Vegetarian,Crab,Keep the dish hearty and add the protein side where possible. Use the traditional spices but avoid deep frying. Keep it as a small snack portion rather than a full meal.,45 mins resistance training,Best paired with resistance training. Contains shellfish.
504,Karnataka,Bulking,Snack,Crab Sukka (Protein-Rich),379.0,27.0,25,19,1,High,High,Medium,"Fish, Shellfish","crab, coconut, spices, garlic",Non-Vegetarian,Crab,Keep the dish hearty and add the protein side where possible. Use the traditional spices but avoid deep frying. Keep it as a small snack portion rather than a full meal.,45 mins resistance training,Best paired with resistance training. Contains shellfish.
505,Karnataka,Bulking,Snack,Fish Pulimunchi (High Fibre),358.0,26.0,23,18,2,High,High,Medium,Fish,"fish, tamarind, chilli, garlic",Non-Vegetarian,Fish,Keep the dish hearty and add the protein side where possible. Use the traditional spices but avoid deep frying. Keep it as a small snack portion rather than a full meal.,45 mins resistance training,Best paired with resistance training. Contains fish.
506,Karnataka,Bulking,Snack,Fish Pulimunchi (Protein-Rich),358.0,26.0,23,18,2,Medium,High,High,Fish,"fish, tamarind, chilli, garlic",Non-Vegetarian,Fish,Keep the dish hearty and add the protein side where possible. Use the traditional spices but avoid deep frying. Keep it as a small snack portion rather than a full meal.,45 mins resistance training,Best paired with resistance training. Contains fish.
507,Karnataka,Bulking,Snack,Kane Rava Fry (High Fibre),290.0,25.0,20,17,1,Medium,High,High,"Fish, Gluten","fish, semolina, chilli, lemon",Non-Vegetarian,Fish,Keep the dish hearty and add the protein side where possible. Use the traditional spices but avoid deep frying. Keep it as a small snack portion rather than a full meal.,45 mins resistance training,"Best paired with resistance training. Contains gluten, fish."
508,Karnataka,Bulking,Snack,Kane Rava Fry (Protein-Rich),290.0,25.0,20,17,1,High,Medium,High,"Fish, Gluten","fish, semolina, chilli, lemon",Non-Vegetarian,Fish,Keep the dish hearty and add the protein side where possible. Use the traditional spices but avoid deep frying. Keep it as a small snack portion rather than a full meal.,45 mins resistance training,"Best paired with resistance training. Contains gluten, fish."
509,Karnataka,Bulking,Snack,Prawn Curry (High Fibre),290.0,25.0,20,17,1,Medium,High,High,"Fish, Shellfish","prawn, coconut, chilli, spices",Non-Vegetarian,Seafood,Keep the dish hearty and add the protein side where possible. Use the traditional spices but avoid deep frying. Keep it as a small snack portion rather than a full meal.,45 mins resistance training,Best paired with resistance training. Contains shellfish.
510,Karnataka,Bulking,Snack,Prawn Curry (Protein-Rich),290.0,25.0,20,17,1,High,Medium,High,"Fish, Shellfish","prawn, coconut, chilli, spices",Non-Vegetarian,Seafood,Keep the dish hearty and add the protein side where possible. Use the traditional spices but avoid deep frying. Keep it as a small snack portion rather than a full meal.,45 mins resistance training,Best paired with resistance training. Contains shellfish.
511,Karnataka,Bulking,Snack,Prawn Ghee Roast (High Fibre),379.0,27.0,25,19,1,High,Medium,High,"Dairy, Fish, Shellfish","prawn, ghee, red chilli, spices",Non-Vegetarian,Seafood,Keep the dish hearty and add the protein side where possible. Use the traditional spices but avoid deep frying. Keep it as a small snack portion rather than a full meal.,45 mins resistance training,"Best paired with resistance training. Contains dairy, shellfish."
512,Karnataka,Bulking,Snack,Prawn Ghee Roast (Protein-Rich),379.0,27.0,25,19,1,High,High,Medium,"Dairy, Fish, Shellfish","prawn, ghee, red chilli, spices",Non-Vegetarian,Seafood,Keep the dish hearty and add the protein side where possible. Use the traditional spices but avoid deep frying. Keep it as a small snack portion rather than a full meal.,45 mins resistance training,"Best paired with resistance training. Contains dairy, shellfish."
513,Karnataka,Bulking,Snack,Chakkuli (High Fibre),240.0,16.0,28,10,4,Low,High,Medium,Sesame,"rice flour, urad dal, sesame, cumin",Vegan,,Keep the dish hearty and add the protein side where possible. Use the traditional spices but avoid deep frying. Keep it as a small snack portion rather than a full meal.,45 mins resistance training,Best paired with resistance training. Contains sesame.
514,Karnataka,Bulking,Snack,Chakkuli (Protein-Rich),240.0,16.0,28,10,4,Medium,High,High,Sesame,"rice flour, urad dal, sesame, cumin",Vegan,,Keep the dish hearty and add the protein side where possible. Use the traditional spices but avoid deep frying. Keep it as a small snack portion rather than a full meal.,45 mins resistance training,Best paired with resistance training. Contains sesame.
515,Karnataka,Bulking,Snack,Chakkuli (With Lentils),240.0,16.0,28,10,4,Low,Medium,High,Sesame,"rice flour, urad dal, sesame, cumin",Vegan,,Keep the dish hearty and add the protein side where possible. Use the traditional spices but avoid deep frying. Keep it as a small snack portion rather than a full meal.,45 mins resistance training,Best paired with resistance training. Contains sesame.
516,Karnataka,Bulking,Snack,Gojju Avalakki (High Fibre),312.0,18.0,33,12,4,Medium,High,High,"Peanut, Peanuts","flattened rice, tamarind, peanuts, coconut",Vegan,,Keep the dish hearty and add the protein side where possible. Use the traditional spices but avoid deep frying. Keep it as a small snack portion rather than a full meal.,45 mins resistance training,Best paired with resistance training. Contains peanuts.
517,Karnataka,Bulking,Snack,Gojju Avalakki (Protein-Rich),312.0,18.0,33,12,4,High,Medium,High,"Peanut, Peanuts","flattened rice, tamarind, peanuts, coconut",Vegan,,Keep the dish hearty and add the protein side where possible. Use the traditional spices but avoid deep frying. Keep it as a small snack portion rather than a full meal.,45 mins resistance training,Best paired with resistance training. Contains peanuts.
518,Karnataka,Bulking,Snack,Kodubale (High Fibre),313.0,19.0,30,13,5,High,High,Medium,Sesame,"rice flour, roasted gram, sesame, cumin",Vegan,,Keep the dish hearty and add the protein side where possible. Use the traditional spices but avoid deep frying. Keep it as a small snack portion rather than a full meal.,45 mins resistance training,Best paired with resistance training. Contains sesame.
519,Karnataka,Bulking,Snack,Kodubale (Protein-Rich),313.0,19.0,30,13,5,Medium,High,High,Sesame,"rice flour, roasted gram, sesame, cumin",Vegan,,Keep the dish hearty and add the protein side where possible. Use the traditional spices but avoid deep frying. Keep it as a small snack portion rather than a full meal.,45 mins resistance training,Best paired with resistance training. Contains sesame.
520,Karnataka,Bulking,Snack,Mandakki Usli (High Fibre),250.0,17.0,31,11,5,High,Medium,High,"Peanut, Peanuts","puffed rice, onion, peanuts, curry leaves",Vegan,,Keep the dish hearty and add the protein side where possible. Use the traditional spices but avoid deep frying. Keep it as a small snack portion rather than a full meal.,45 mins resistance training,Best paired with resistance training. Contains peanuts.
521,Karnataka,Bulking,Snack,Mandakki Usli (Protein-Rich),250.0,17.0,31,11,5,High,High,Medium,"Peanut, Peanuts","puffed rice, onion, peanuts, curry leaves",Vegan,,Keep the dish hearty and add the protein side where possible. Use the traditional spices but avoid deep frying. Keep it as a small snack portion rather than a full meal.,45 mins resistance training,Best paired with resistance training. Contains peanuts.
522,Karnataka,Bulking,Snack,Nippattu (High Fibre),250.0,17.0,31,11,5,High,Medium,High,"Peanut, Peanuts","rice flour, roasted gram, peanuts, curry leaves",Vegan,,Keep the dish hearty and add the protein side where possible. Use the traditional spices but avoid deep frying. Keep it as a small snack portion rather than a full meal.,45 mins resistance training,Best paired with resistance training. Contains peanuts.
523,Karnataka,Bulking,Snack,Nippattu (Protein-Rich),250.0,17.0,31,11,5,High,High,Medium,"Peanut, Peanuts","rice flour, roasted gram, peanuts, curry leaves",Vegan,,Keep the dish hearty and add the protein side where possible. Use the traditional spices but avoid deep frying. Keep it as a small snack portion rather than a full meal.,45 mins resistance training,Best paired with resistance training. Contains peanuts.
524,Karnataka,Bulking,Snack,Nippattu (With Lentils),250.0,17.0,31,11,5,Medium,High,High,"Peanut, Peanuts","rice flour, roasted gram, peanuts, curry leaves",Vegan,,Keep the dish hearty and add the protein side where possible. Use the traditional spices but avoid deep frying. Keep it as a small snack portion rather than a full meal.,45 mins resistance training,Best paired with resistance training. Contains peanuts.
525,Karnataka,Bulking,Snack,Nuchinunde (High Fibre),240.0,16.0,28,10,4,Low,High,Medium,Safe,"chana dal, dill leaves, coconut, cumin",Vegan,,Keep the dish hearty and add the protein side where possible. Use the traditional spices but avoid deep frying. Keep it as a small snack portion rather than a full meal.,45 mins resistance training,Best paired with resistance training.
526,Karnataka,Bulking,Snack,Nuchinunde (Protein-Rich),240.0,16.0,28,10,4,Medium,High,High,Safe,"chana dal, dill leaves, coconut, cumin",Vegan,,Keep the dish hearty and add the protein side where possible. Use the traditional spices but avoid deep frying. Keep it as a small snack portion rather than a full meal.,45 mins resistance training,Best paired with resistance training.
527,Karnataka,Bulking,Snack,Puri Unde (High Fibre),312.0,18.0,33,12,4,Medium,High,High,"Peanut, Peanuts, Sesame","puffed rice, jaggery, peanuts, sesame",Vegan,,Keep the dish hearty and add the protein side where possible. Use the traditional spices but avoid deep frying. Keep it as a small snack portion rather than a full meal.,45 mins resistance training,"Best paired with resistance training. Contains peanuts, sesame."
528,Karnataka,Bulking,Snack,Puri Unde (Protein-Rich),312.0,18.0,33,12,4,High,Medium,High,"Peanut, Peanuts, Sesame","puffed rice, jaggery, peanuts, sesame",Vegan,,Keep the dish hearty and add the protein side where possible. Use the traditional spices but avoid deep frying. Keep it as a small snack portion rather than a full meal.,45 mins resistance training,"Best paired with resistance training. Contains peanuts, sesame."
529,Karnataka,Bulking,Dinner,Bisibelebath (Large) + Ghee + Raita + Sweet,820.0,26.0,112,26,12,Low,High,Medium,Dairy,"Rice, Dal, Mixed Veg, Ghee, Curd",Vegetarian,,Large bisibelebath with generous ghee. Full fat raita and sweet.,Post dinner walk,Good traditional bulking meal
530,Karnataka,Bulking,Dinner,Brown Rice + Thick Dal Makhani (Udupi twist) + Paneer,850.0,45.0,100,32,15,Medium,Medium,High,Dairy,"Brown Rice, Black Gram, Paneer",Vegetarian,,Combine heavy lentils and full-fat paneer.,Rest,No specific warning
531,Karnataka,Bulking,Dinner,Dal Makhani + 4 Naan + Curd,800.0,30.0,108,26,14,Low,High,Medium,"Dairy, Gluten, Sesame","Black Lentil, Butter, Cream, Wheat Naan",Vegetarian,,Slow cooked dal makhani with cream and butter. Buttered naan.,Post dinner walk,High dairy bulking dinner
532,Karnataka,Bulking,Dinner,Kesari Bath (High Fibre),459.0,22.0,59,15,6,High,Medium,High,"Dairy, Gluten, Nut","semolina, sugar, ghee, saffron, cashew",Vegetarian,,Keep the dish hearty and add the protein side where possible. Use the traditional spices but avoid deep frying. Keep the dinner portion moderate so it sits lightly.,45 mins resistance training,"Best paired with resistance training. Contains gluten, dairy."
533,Karnataka,Bulking,Dinner,Kesari Bath (Protein-Rich),459.0,22.0,59,15,6,High,Medium,High,"Dairy, Gluten, Nut","semolina, sugar, ghee, saffron, cashew",Vegetarian,,Keep the dish hearty and add the protein side where possible. Use the traditional spices but avoid deep frying. Keep the dinner portion moderate so it sits lightly.,45 mins resistance training,"Best paired with resistance training. Contains gluten, dairy."
534,Karnataka,Bulking,Dinner,Kesari Bath (With Greens),459.0,22.0,59,15,6,High,Medium,High,"Dairy, Gluten, Nut","semolina, sugar, ghee, saffron, cashew",Vegetarian,,Keep the dish hearty and add the protein side where possible. Use the traditional spices but avoid deep frying. Keep the dinner portion moderate so it sits lightly.,45 mins resistance training,"Best paired with resistance training. Contains gluten, dairy."
535,Karnataka,Bulking,Dinner,Kesari Bath (With Lentils),459.0,22.0,59,15,6,High,Medium,High,"Dairy, Gluten, Nut","semolina, sugar, ghee, saffron, cashew",Vegetarian,,Keep the dish hearty and add the protein side where possible. Use the traditional spices but avoid deep frying. Keep the dinner portion moderate so it sits lightly.,45 mins resistance training,"Best paired with resistance training. Contains gluten, dairy."
536,Karnataka,Bulking,Dinner,Obbattu (Holige) (High Fibre),370.0,21.0,56,14,5,Low,High,Medium,"Dairy, Gluten","wheat flour, chana dal, jaggery, ghee, cardamom",Vegetarian,,Keep the dish hearty and add the protein side where possible. Use the traditional spices but avoid deep frying. Keep the dinner portion moderate so it sits lightly.,45 mins resistance training,"Best paired with resistance training. Contains gluten, dairy."
537,Karnataka,Bulking,Dinner,Obbattu (Holige) (Protein-Rich),370.0,21.0,56,14,5,Low,High,Medium,"Dairy, Gluten","wheat flour, chana dal, jaggery, ghee, cardamom",Vegetarian,,Keep the dish hearty and add the protein side where possible. Use the traditional spices but avoid deep frying. Keep the dinner portion moderate so it sits lightly.,45 mins resistance training,"Best paired with resistance training. Contains gluten, dairy."
538,Karnataka,Bulking,Dinner,Obbattu (Holige) (With Greens),370.0,21.0,56,14,5,Low,High,Medium,"Dairy, Gluten","wheat flour, chana dal, jaggery, ghee, cardamom",Vegetarian,,Keep the dish hearty and add the protein side where possible. Use the traditional spices but avoid deep frying. Keep the dinner portion moderate so it sits lightly.,45 mins resistance training,"Best paired with resistance training. Contains gluten, dairy."
539,Karnataka,Bulking,Dinner,Obbattu (Holige) (With Lentils),370.0,21.0,56,14,5,Low,High,Medium,"Dairy, Gluten","wheat flour, chana dal, jaggery, ghee, cardamom",Vegetarian,,Keep the dish hearty and add the protein side where possible. Use the traditional spices but avoid deep frying. Keep the dinner portion moderate so it sits lightly.,45 mins resistance training,"Best paired with resistance training. Contains gluten, dairy."
540,Karnataka,Bulking,Dinner,Palak Paneer + 4 Paratha + Butter + Kheer,840.0,32.0,104,30,10,Low,High,Medium,"Dairy, Gluten","Paneer, Spinach, Wheat, Butter, Milk, Sugar",Vegetarian,,Rich palak paneer. Buttered parathas. Sweet kheer.,Post dinner walk,Complete bulking dinner
541,Karnataka,Bulking,Dinner,Paneer Butter Masala + 5 Chapati + Lassi,820.0,34.0,104,30,9,High,High,High,"Dairy, Gluten, Nut","Paneer, Wheat, Butter, Cashew, Curd",Vegetarian,,Rich butter masala with cream. 5 thick chapatis. Sweet lassi.,Post dinner walk,Very high calorie bulking dinner
542,Karnataka,Bulking,Dinner,Sagu (High Fibre),480.0,23.0,61,16,5,Medium,High,High,Safe,"mixed vegetables, coconut, onion, spices",Vegetarian,,Keep the dish hearty and add the protein side where possible. Use the traditional spices but avoid deep frying. Keep the dinner portion moderate so it sits lightly.,45 mins resistance training,Best paired with resistance training.
543,Karnataka,Bulking,Dinner,Sagu (Protein-Rich),480.0,23.0,61,16,5,Medium,High,High,Safe,"mixed vegetables, coconut, onion, spices",Vegetarian,,Keep the dish hearty and add the protein side where possible. Use the traditional spices but avoid deep frying. Keep the dinner portion moderate so it sits lightly.,45 mins resistance training,Best paired with resistance training.
544,Karnataka,Bulking,Dinner,Sagu (With Lentils),480.0,23.0,61,16,5,Medium,High,High,Safe,"mixed vegetables, coconut, onion, spices",Vegetarian,,Keep the dish hearty and add the protein side where possible. Use the traditional spices but avoid deep frying. Keep the dinner portion moderate so it sits lightly.,45 mins resistance training,Best paired with resistance training.
545,Karnataka,Bulking,Dinner,Akki Roti + Pork Pandi Curry (Large),880.0,50.0,90,35,8,Medium,Medium,High,Safe,"Rice Flour, Pork, Spices",Non-Vegetarian,Pork,Consume large chunks of pork meat with rice flatbread.,Rest,No specific warning
546,Karnataka,Bulking,Dinner,Chapati + Chicken Kheema Masala,820.0,55.0,85,28,10,Medium,Medium,Medium,Gluten,"Wheat, Minced Chicken",Non-Vegetarian,Chicken,Eat thick chapatis with dense chicken mince.,Rest,No specific warning
547,Karnataka,Bulking,Dinner,Chicken Leg Curry + White Rice (2 Cups) + Dal,820.0,52.0,96,24,8,Low,High,High,Safe,"Chicken Legs, White Rice, Toor Dal, Coconut",Non-Vegetarian,Chicken,Rich chicken leg curry in coconut gravy. Large rice and dal.,Post dinner walk,Excellent muscle building dinner
548,Karnataka,Bulking,Dinner,Chicken Pulimunchi (Protein-Rich),430.0,34.0,42,20,3,Medium,High,High,Chicken,"chicken, tamarind, chilli, garlic",Non-Vegetarian,Chicken,Keep the dish hearty and add the protein side where possible. Use the traditional spices but avoid deep frying. Keep the dinner portion moderate so it sits lightly.,45 mins resistance training,Best paired with resistance training. Contains chicken.
549,Karnataka,Bulking,Dinner,Crab Curry (Protein-Rich),440.0,35.0,45,21,4,High,High,Medium,"Fish, Shellfish","crab, coconut, spices, chilli",Non-Vegetarian,Crab,Keep the dish hearty and add the protein side where possible. Use the traditional spices but avoid deep frying. Keep the dinner portion moderate so it sits lightly.,45 mins resistance training,Best paired with resistance training. Contains shellfish.
550,Karnataka,Bulking,Dinner,Egg Fried Rice (Large) + Chicken 65,820.0,44.0,96,28,6,High,High,Medium,Egg,"Eggs, White Rice, Chicken, Oil, Spices",Non-Vegetarian,Chicken,Egg fried rice in wok style. Crispy chicken 65 on side.,Post dinner walk,High calorie combo
551,Karnataka,Bulking,Dinner,Fish Curry (Coconut) + 2 Cups Rice + Egg Fry,800.0,52.0,88,26,7,High,High,Medium,"Egg, Fish","Fish, White Rice, Coconut, Egg, Spices",Non-Vegetarian,Fish,Full coconut fish curry. Large rice. Pan fried egg on side.,Post dinner walk,Excellent macro combo for bulk
552,Karnataka,Bulking,Dinner,Jolada Roti + Mutton Liver Pepper Fry,840.0,58.0,80,30,12,Medium,Medium,High,Safe,"Sorghum, Mutton Liver, Pepper",Non-Vegetarian,Mutton,Liver provides massive iron and protein for recovery.,Rest,High cholesterol
553,Karnataka,Bulking,Dinner,Koli Saaru (Protein-Rich),531.0,37.0,44,23,4,Medium,High,High,Chicken,"chicken, coconut, pepper, coriander",Non-Vegetarian,Chicken,Keep the dish hearty and add the protein side where possible. Use the traditional spices but avoid deep frying. Keep the dinner portion moderate so it sits lightly.,45 mins resistance training,Best paired with resistance training. Contains chicken.
554,Karnataka,Bulking,Dinner,Mutton Biryani (Protein-Rich),530.0,36.0,47,22,3,High,Medium,High,"Dairy, Mutton","mutton, rice, spices, ghee",Non-Vegetarian,Mutton,Keep the dish hearty and add the protein side where possible. Use the traditional spices but avoid deep frying. Keep the dinner portion moderate so it sits lightly.,45 mins resistance training,"Best paired with resistance training. Contains dairy, mutton."
555,Karnataka,Bulking,Dinner,Mutton Keema + 4 Rotis + Curd,780.0,46.0,84,28,8,High,High,High,"Dairy, Gluten","Mutton Mince, Wheat, Curd, Spices",Non-Vegetarian,Mutton,Spiced minced mutton with thick rotis and curd.,Post dinner walk,High protein and fat
556,Karnataka,Bulking,Dinner,Prawn Masala + Rice + Papad (Fried),780.0,44.0,88,22,5,High,High,Medium,"Fish, Shellfish","Prawns, White Rice, Coconut, Spices",Non-Vegetarian,Seafood,Spicy prawn masala. Large rice. Fried papad.,Post dinner walk,Shellfish allergy caution
557,Karnataka,Bulking,Dinner,Ragi Mudde + Beef Curry (Local style),870.0,55.0,85,32,10,Medium,Medium,Medium,Safe,"Finger Millet, Beef, Spices",Non-Vegetarian,Beef,Cook beef thoroughly with local spices.,Rest,Ensure meat is fully cooked
558,Karnataka,Bulking,Dinner,Ragi Mudde + Nati Koli Saaru (Double Portion),850.0,60.0,85,28,12,Medium,Medium,Medium,Safe,"Finger Millet, Chicken, Spices",Non-Vegetarian,Chicken,Double the chicken pieces to maximize night-time recovery.,Rest,No specific warning
559,Karnataka,Bulking,Dinner,Red Rice + Prawn Curry + Chicken Sukka,775.2,35.799999999999955,95,28,8,Medium,Medium,Medium,"Fish, Shellfish","Red Rice, Prawns, Chicken",Non-Vegetarian,Chicken,Mix seafood and poultry for massive protein intake.,Rest,No specific warning
560,Karnataka,Bulking,Dinner,White Rice + Fish Pulimunchi + Boiled Eggs,860.0,55.0,95,26,6,High,Medium,Medium,"Egg, Eggs, Fish","Rice, Fish, Tamarind, Eggs",Non-Vegetarian,Fish,Combine tangy fish curry with whole boiled eggs.,Rest,No specific warning
561,Karnataka,Bulking,Dinner,Avarekalu Saaru (High Fibre),442.0,23.0,56,14,7,Low,Medium,High,Safe,"hyacinth beans, coconut, tamarind, spices",Vegan,,Keep the dish hearty and add the protein side where possible. Use the traditional spices but avoid deep frying. Keep the dinner portion moderate so it sits lightly.,45 mins resistance training,Best paired with resistance training.
562,Karnataka,Bulking,Dinner,Avarekalu Saaru (Protein-Rich),442.0,23.0,56,14,7,Low,High,Medium,Safe,"hyacinth beans, coconut, tamarind, spices",Vegan,,Keep the dish hearty and add the protein side where possible. Use the traditional spices but avoid deep frying. Keep the dinner portion moderate so it sits lightly.,45 mins resistance training,Best paired with resistance training.
563,Karnataka,Bulking,Dinner,Bendekaayi Palya (High Fibre),441.0,22.0,59,13,6,High,High,Medium,Mustard,"okra, onion, mustard seeds, curry leaves",Vegan,,Keep the dish hearty and add the protein side where possible. Use the traditional spices but avoid deep frying. Keep the dinner portion moderate so it sits lightly.,45 mins resistance training,Best paired with resistance training.
564,Karnataka,Bulking,Dinner,Bendekaayi Palya (Protein-Rich),441.0,22.0,59,13,6,Medium,High,High,Mustard,"okra, onion, mustard seeds, curry leaves",Vegan,,Keep the dish hearty and add the protein side where possible. Use the traditional spices but avoid deep frying. Keep the dinner portion moderate so it sits lightly.,45 mins resistance training,Best paired with resistance training.
565,Karnataka,Bulking,Dinner,Huli (High Fibre),340.0,20.0,54,11,6,Low,Medium,High,Sesame,"vegetables, tamarind, lentils, spices",Vegan,,Keep the dish hearty and add the protein side where possible. Use the traditional spices but avoid deep frying. Keep the dinner portion moderate so it sits lightly.,45 mins resistance training,Best paired with resistance training. Contains sesame.
566,Karnataka,Bulking,Dinner,Huli (Protein-Rich),340.0,20.0,54,11,6,Low,High,Medium,Sesame,"vegetables, tamarind, lentils, spices",Vegan,,Keep the dish hearty and add the protein side where possible. Use the traditional spices but avoid deep frying. Keep the dinner portion moderate so it sits lightly.,45 mins resistance training,Best paired with resistance training. Contains sesame.
567,Karnataka,Bulking,Dinner,Kosambari (High Fibre),420.0,21.0,57,12,7,Medium,High,High,Safe,"moong dal, cucumber, coconut, coriander",Vegan,,Keep the dish hearty and add the protein side where possible. Use the traditional spices but avoid deep frying. Keep the dinner portion moderate so it sits lightly.,45 mins resistance training,Best paired with resistance training.
568,Karnataka,Bulking,Dinner,Kosambari (Protein-Rich),420.0,21.0,57,12,7,Low,Medium,High,Safe,"moong dal, cucumber, coconut, coriander",Vegan,,Keep the dish hearty and add the protein side where possible. Use the traditional spices but avoid deep frying. Keep the dinner portion moderate so it sits lightly.,45 mins resistance training,Best paired with resistance training.
569,Karnataka,Bulking,Dinner,Kosambari (With Lentils),420.0,21.0,57,12,7,Low,High,Medium,Safe,"moong dal, cucumber, coconut, coriander",Vegan,,Keep the dish hearty and add the protein side where possible. Use the traditional spices but avoid deep frying. Keep the dinner portion moderate so it sits lightly.,45 mins resistance training,Best paired with resistance training.
570,Karnataka,Bulking,Dinner,Menthya Bath (High Fibre),340.0,20.0,54,11,6,High,Medium,High,Safe,"rice, fenugreek leaves, tamarind, spices",Vegan,,Keep the dish hearty and add the protein side where possible. Use the traditional spices but avoid deep frying. Keep the dinner portion moderate so it sits lightly.,45 mins resistance training,Best paired with resistance training.
571,Karnataka,Bulking,Dinner,Menthya Bath (Protein-Rich),340.0,20.0,54,11,6,High,High,Medium,Safe,"rice, fenugreek leaves, tamarind, spices",Vegan,,Keep the dish hearty and add the protein side where possible. Use the traditional spices but avoid deep frying. Keep the dinner portion moderate so it sits lightly.,45 mins resistance training,Best paired with resistance training.
572,Karnataka,Bulking,Dinner,Menthya Bath (With Lentils),340.0,20.0,54,11,6,Medium,High,High,Safe,"rice, fenugreek leaves, tamarind, spices",Vegan,,Keep the dish hearty and add the protein side where possible. Use the traditional spices but avoid deep frying. Keep the dinner portion moderate so it sits lightly.,45 mins resistance training,Best paired with resistance training.
573,Karnataka,Bulking,Dinner,Saaru (High Fibre),420.0,21.0,57,12,7,Medium,High,High,Safe,"tomato, pepper, cumin, garlic",Vegan,,Keep the dish hearty and add the protein side where possible. Use the traditional spices but avoid deep frying. Keep the dinner portion moderate so it sits lightly.,45 mins resistance training,Best paired with resistance training.
574,Karnataka,Bulking,Dinner,Saaru (Protein-Rich),420.0,21.0,57,12,7,High,Medium,High,Safe,"tomato, pepper, cumin, garlic",Vegan,,Keep the dish hearty and add the protein side where possible. Use the traditional spices but avoid deep frying. Keep the dinner portion moderate so it sits lightly.,45 mins resistance training,Best paired with resistance training.
575,Karnataka,Bulking,Dinner,Soppina Saaru (High Fibre),441.0,22.0,59,13,6,Low,High,Medium,Sesame,"greens, lentils, garlic, spices",Vegan,,Keep the dish hearty and add the protein side where possible. Use the traditional spices but avoid deep frying. Keep the dinner portion moderate so it sits lightly.,45 mins resistance training,Best paired with resistance training. Contains sesame.
576,Karnataka,Bulking,Dinner,Soppina Saaru (Protein-Rich),441.0,22.0,59,13,6,Medium,High,High,Sesame,"greens, lentils, garlic, spices",Vegan,,Keep the dish hearty and add the protein side where possible. Use the traditional spices but avoid deep frying. Keep the dinner portion moderate so it sits lightly.,45 mins resistance training,Best paired with resistance training. Contains sesame.
577,Karnataka,Maintaining Balanced Diet,Breakfast,Akki Roti (Vegetable loaded) + Chutney,410.0,9.0,65,12,8,Medium,Medium,Low,Safe,"Rice Flour, Dill Leaves, Carrot",Vegetarian,,Mix grated vegetables into the dough before roasting.,30 mins jogging,No specific warning
578,Karnataka,Maintaining Balanced Diet,Breakfast,Akki Roti + Coconut Chutney + Curd,380.0,9.0,62,10,5,Medium,Medium,Low,Dairy,"Rice Flour, Coconut, Curd",Vegetarian,,Thin akki roti on tawa. Fresh coconut chutney. Full fat curd.,30 mins walk,Traditional Karnataka balanced meal
579,Karnataka,Maintaining Balanced Diet,Breakfast,Idli (3) + Sambar + Coconut Chutney,380.0,12.0,66,8,7,Medium,Medium,Low,Dairy,"Rice, Urad Dal, Toor Dal, Coconut",Vegetarian,,Steam fluffy idlis. Well-fermented batter. Balanced sambar.,30 mins morning walk,Good balanced traditional breakfast
580,Karnataka,Maintaining Balanced Diet,Breakfast,Idli + Sambar + Coconut Chutney,400.0,12.0,65,10,8,Medium,Medium,Low,Safe,"Rice, Urad Dal, Toor Dal, Coconut",Vegetarian,,Steam idlis perfectly. Serve with veggie-loaded sambar.,30 mins jogging,No specific warning
581,Karnataka,Maintaining Balanced Diet,Breakfast,Masala Dosa (Less Oil) + Sambar,420.0,10.0,65,12,6,Medium,Medium,Low,Safe,"Rice, Urad Dal, Potato",Vegetarian,,Cook dosa crisp with minimal oil. Avoid extra butter.,30 mins jogging,No specific warning
582,Karnataka,Maintaining Balanced Diet,Breakfast,Mysore Masala Dosa (With Greens),290.0,9.0,44,11,5,Medium,High,Low,Dairy,"rice, urad dal, potato, onion, red chilli, ghee",Vegetarian,,Prepare it in a balanced home-style way with measured oil. Add vegetables or lentils to keep the plate complete. It works best as a light breakfast with tea or chutney.,30 mins walking or yoga,Watch total oil and keep the plate balanced. Contains dairy.
583,Karnataka,Maintaining Balanced Diet,Breakfast,Mysore Masala Dosa (With Vegetables),290.0,9.0,44,11,5,Low,Low,Medium,Dairy,"rice, urad dal, potato, onion, red chilli, ghee",Vegetarian,,Prepare it in a balanced home-style way with measured oil. Add vegetables or lentils to keep the plate complete. It works best as a light breakfast with tea or chutney.,30 mins walking or yoga,Watch total oil and keep the plate balanced. Contains dairy.
584,Karnataka,Maintaining Balanced Diet,Breakfast,Ragi Dosa + Peanut Chutney + Sambar,360.0,12.0,54,9,8,Low,Medium,Low,"Peanut, Peanuts","Ragi, Peanuts, Toor Dal",Vegetarian,,Crispy ragi dosa. Peanut chutney for protein. Vegetable sambar.,30 mins walk,Nutritionally complete breakfast
585,Karnataka,Maintaining Balanced Diet,Breakfast,Ragi Roti + Southekai (Cucumber) Chutney,390.0,10.0,65,10,12,Low,Medium,Low,Safe,"Finger Millet, Cucumber",Vegetarian,,Roast roti with 1 tsp oil.,30 mins jogging,No specific warning
586,Karnataka,Maintaining Balanced Diet,Breakfast,Rava Idli (With Vegetables),300.0,10.0,47,12,6,Low,Medium,High,"Dairy, Gluten, Mustard","semolina, curd, carrot, mustard seeds, curry leaves",Vegetarian,,Prepare it in a balanced home-style way with measured oil. Add vegetables or lentils to keep the plate complete. It works best as a light breakfast with tea or chutney.,30 mins walking or yoga,"Watch total oil and keep the plate balanced. Contains gluten, dairy."
587,Karnataka,Maintaining Balanced Diet,Breakfast,Sabudana Khichdi + Curd + Fruit,420.0,8.0,72,10,4,High,Medium,Low,"Dairy, Peanut","Sabudana, Peanuts, Curd, Fruit",Vegetarian,,Tapioca with peanuts. Low fat curd and seasonal fruit.,30 mins walk,Good energy balanced option
588,Karnataka,Maintaining Balanced Diet,Breakfast,Set Dosa + Veg Saagu,430.0,12.0,65,14,7,Medium,Medium,Low,Safe,"Rice, Poha, Mixed Veg",Vegetarian,,Cook thick dosas with minimal oil.,30 mins jogging,No specific warning
589,Karnataka,Maintaining Balanced Diet,Breakfast,Shavige Bath (Lemon/Coconut),380.0,8.0,60,12,4,Medium,Medium,Low,Safe,"Rice Noodles, Lemon, Coconut",Vegetarian,,Temper lightly with mustard and curry leaves.,30 mins jogging,No specific warning
590,Karnataka,Maintaining Balanced Diet,Breakfast,Uppittu (Upma) + Banana,400.0,8.0,70,10,6,Medium,Medium,Low,"Egg, Gluten","Semolina, Banana, Veggies",Vegetarian,,Load upma with carrots and peas.,30 mins jogging,No specific warning
591,Karnataka,Maintaining Balanced Diet,Breakfast,Ven Pongal + Coconut Chutney + Coffee,440.0,14.0,64,14,7,Medium,Medium,Medium,Dairy,"Rice, Moong Dal, Ghee, Coconut, Milk",Vegetarian,,Traditional ven pongal with ghee. Coconut chutney. Filter coffee.,30 mins walk,Classic Karnataka balanced breakfast
592,Karnataka,Maintaining Balanced Diet,Breakfast,Wheat Dosa + Tomato Onion Chutney + Sambar,350.0,12.0,56,7,8,Medium,Medium,Low,Gluten,"Wheat, Tomato, Onion, Toor Dal",Vegetarian,,Thin wheat dosa. Spicy chutney. Vegetable sambar.,30 mins walk,Good complex carb breakfast
593,Karnataka,Maintaining Balanced Diet,Breakfast,Akki Rotti with Chicken Sukka (With Greens),340.0,19.0,35,15,5,High,Medium,High,Chicken,"rice flour, chicken, coconut, spices",Non-Vegetarian,Chicken,Prepare it in a balanced home-style way with measured oil. Add vegetables or lentils to keep the plate complete. It works best as a light breakfast with tea or chutney.,30 mins walking or yoga,Watch total oil and keep the plate balanced. Contains chicken.
594,Karnataka,Maintaining Balanced Diet,Breakfast,Akki Rotti with Chicken Sukka (With Vegetables),340.0,19.0,35,15,5,High,Medium,High,Chicken,"rice flour, chicken, coconut, spices",Non-Vegetarian,Chicken,Prepare it in a balanced home-style way with measured oil. Add vegetables or lentils to keep the plate complete. It works best as a light breakfast with tea or chutney.,30 mins walking or yoga,Watch total oil and keep the plate balanced. Contains chicken.
595,Karnataka,Maintaining Balanced Diet,Breakfast,Bread Omelette (2 Eggs) + Orange Juice,420.0,18.0,46,18,4,Medium,Medium,Medium,"Egg, Gluten","Eggs, Bread, Vegetables, Orange",Non-Vegetarian,,Omelette with vegetables on toast. Fresh orange juice.,30 mins walk,Balanced macro breakfast
596,Karnataka,Maintaining Balanced Diet,Breakfast,Chicken Sukka (With Greens),330.0,18.0,32,14,4,Low,Medium,High,Chicken,"chicken, coconut, pepper, curry leaves",Non-Vegetarian,Chicken,Prepare it in a balanced home-style way with measured oil. Add vegetables or lentils to keep the plate complete. It works best as a light breakfast with tea or chutney.,30 mins walking or yoga,Watch total oil and keep the plate balanced. Contains chicken.
597,Karnataka,Maintaining Balanced Diet,Breakfast,Chicken Sukka (With Vegetables),330.0,18.0,32,14,4,Low,Medium,High,Chicken,"chicken, coconut, pepper, curry leaves",Non-Vegetarian,Chicken,Prepare it in a balanced home-style way with measured oil. Add vegetables or lentils to keep the plate complete. It works best as a light breakfast with tea or chutney.,30 mins walking or yoga,Watch total oil and keep the plate balanced. Contains chicken.
598,Karnataka,Maintaining Balanced Diet,Breakfast,Koli Curry (With Greens),320.0,21.0,34,17,5,High,Low,Medium,Chicken,"chicken, red chilli, coconut, garlic",Non-Vegetarian,Chicken,Prepare it in a balanced home-style way with measured oil. Add vegetables or lentils to keep the plate complete. It works best as a light breakfast with tea or chutney.,30 mins walking or yoga,Watch total oil and keep the plate balanced. Contains chicken.
599,Karnataka,Maintaining Balanced Diet,Breakfast,Koli Curry (With Vegetables),320.0,21.0,34,17,5,High,Low,Medium,Chicken,"chicken, red chilli, coconut, garlic",Non-Vegetarian,Chicken,Prepare it in a balanced home-style way with measured oil. Add vegetables or lentils to keep the plate complete. It works best as a light breakfast with tea or chutney.,30 mins walking or yoga,Watch total oil and keep the plate balanced. Contains chicken.
600,Karnataka,Maintaining Balanced Diet,Breakfast,Kori Rotti (With Greens),350.0,20.0,37,16,4,Medium,High,Low,Chicken,"rice wafers, chicken curry, coconut, spices",Non-Vegetarian,Chicken,Prepare it in a balanced home-style way with measured oil. Add vegetables or lentils to keep the plate complete. It works best as a light breakfast with tea or chutney.,30 mins walking or yoga,Watch total oil and keep the plate balanced. Contains chicken.
601,Karnataka,Maintaining Balanced Diet,Breakfast,Kori Rotti (With Vegetables),350.0,20.0,37,16,4,Medium,High,Low,Chicken,"rice wafers, chicken curry, coconut, spices",Non-Vegetarian,Chicken,Prepare it in a balanced home-style way with measured oil. Add vegetables or lentils to keep the plate complete. It works best as a light breakfast with tea or chutney.,30 mins walking or yoga,Watch total oil and keep the plate balanced. Contains chicken.
602,Karnataka,Maintaining Balanced Diet,Breakfast,Mangalore Fish Fry (With Greens),340.0,19.0,35,15,5,Medium,High,Low,"Fish, Gluten","fish, rava, spices, lemon",Non-Vegetarian,Fish,Prepare it in a balanced home-style way with measured oil. Add vegetables or lentils to keep the plate complete. It works best as a light breakfast with tea or chutney.,30 mins walking or yoga,"Watch total oil and keep the plate balanced. Contains gluten, fish."
603,Karnataka,Maintaining Balanced Diet,Breakfast,Mangalore Fish Fry (With Vegetables),340.0,19.0,35,15,5,Medium,High,Low,"Fish, Gluten","fish, rava, spices, lemon",Non-Vegetarian,Fish,Prepare it in a balanced home-style way with measured oil. Add vegetables or lentils to keep the plate complete. It works best as a light breakfast with tea or chutney.,30 mins walking or yoga,"Watch total oil and keep the plate balanced. Contains gluten, fish."
604,Karnataka,Maintaining Balanced Diet,Breakfast,Neer Dose with Kori Gassi (With Greens),330.0,18.0,32,14,4,High,Low,Medium,Chicken,"rice, chicken, coconut, spices",Non-Vegetarian,Chicken,Prepare it in a balanced home-style way with measured oil. Add vegetables or lentils to keep the plate complete. It works best as a light breakfast with tea or chutney.,30 mins walking or yoga,Watch total oil and keep the plate balanced. Contains chicken.
605,Karnataka,Maintaining Balanced Diet,Breakfast,Neer Dose with Kori Gassi (With Herbs),330.0,18.0,32,14,4,High,Low,Medium,Chicken,"rice, chicken, coconut, spices",Non-Vegetarian,Chicken,Prepare it in a balanced home-style way with measured oil. Add vegetables or lentils to keep the plate complete. It works best as a light breakfast with tea or chutney.,30 mins walking or yoga,Watch total oil and keep the plate balanced. Contains chicken.
606,Karnataka,Maintaining Balanced Diet,Breakfast,Neer Dose with Kori Gassi (With Vegetables),330.0,18.0,32,14,4,High,Low,Medium,Chicken,"rice, chicken, coconut, spices",Non-Vegetarian,Chicken,Prepare it in a balanced home-style way with measured oil. Add vegetables or lentils to keep the plate complete. It works best as a light breakfast with tea or chutney.,30 mins walking or yoga,Watch total oil and keep the plate balanced. Contains chicken.
607,Karnataka,Maintaining Balanced Diet,Breakfast,Oats with Fruits + Milk + Boiled Egg,420.0,18.0,56,12,7,Low,Medium,Medium,"Dairy, Egg, Gluten","Oats, Mixed Fruits, Milk, Egg",Non-Vegetarian,,Oats cooked in milk with fruits. Boiled egg on side.,30 mins walk,Wholesome balanced morning meal
608,Karnataka,Maintaining Balanced Diet,Breakfast,Poha with Vegetables + Boiled Egg,380.0,16.0,52,10,6,Medium,Medium,Medium,"Egg, Peanut, Peanuts","Poha, Vegetables, Peanuts, Egg",Non-Vegetarian,,Vegetable peanut poha with boiled egg on side.,30 mins walk,Good protein carb fat balance
609,Karnataka,Maintaining Balanced Diet,Breakfast,Akki Rotti (With Greens),260.0,8.0,42,7,6,High,Low,Medium,Safe,"rice flour, onion, coriander, green chilli",Vegan,,Prepare it in a balanced home-style way with measured oil. Add vegetables or lentils to keep the plate complete. It works best as a light breakfast with tea or chutney.,30 mins walking or yoga,Watch total oil and keep the plate balanced.
610,Karnataka,Maintaining Balanced Diet,Breakfast,Akki Rotti (With Herbs),260.0,8.0,42,7,6,High,Medium,High,Safe,"rice flour, onion, coriander, green chilli",Vegan,,Prepare it in a balanced home-style way with measured oil. Add vegetables or lentils to keep the plate complete. It works best as a light breakfast with tea or chutney.,30 mins walking or yoga,Watch total oil and keep the plate balanced.
611,Karnataka,Maintaining Balanced Diet,Breakfast,Akki Rotti (With Vegetables),260.0,8.0,42,7,6,Medium,High,Low,Safe,"rice flour, onion, coriander, green chilli",Vegan,,Prepare it in a balanced home-style way with measured oil. Add vegetables or lentils to keep the plate complete. It works best as a light breakfast with tea or chutney.,30 mins walking or yoga,Watch total oil and keep the plate balanced.
612,Karnataka,Maintaining Balanced Diet,Breakfast,Avalakki Uppittu (With Greens),280.0,10.0,47,9,6,Medium,High,Low,"Peanut, Peanuts","flattened rice, onion, peanuts, curry leaves",Vegan,,Prepare it in a balanced home-style way with measured oil. Add vegetables or lentils to keep the plate complete. It works best as a light breakfast with tea or chutney.,30 mins walking or yoga,Watch total oil and keep the plate balanced. Contains peanuts.
613,Karnataka,Maintaining Balanced Diet,Breakfast,Avalakki Uppittu (With Herbs),280.0,10.0,47,9,6,High,Low,Medium,"Peanut, Peanuts","flattened rice, onion, peanuts, curry leaves",Vegan,,Prepare it in a balanced home-style way with measured oil. Add vegetables or lentils to keep the plate complete. It works best as a light breakfast with tea or chutney.,30 mins walking or yoga,Watch total oil and keep the plate balanced. Contains peanuts.
614,Karnataka,Maintaining Balanced Diet,Breakfast,Avalakki Uppittu (With Vegetables),280.0,10.0,47,9,6,High,Medium,High,"Peanut, Peanuts","flattened rice, onion, peanuts, curry leaves",Vegan,,Prepare it in a balanced home-style way with measured oil. Add vegetables or lentils to keep the plate complete. It works best as a light breakfast with tea or chutney.,30 mins walking or yoga,Watch total oil and keep the plate balanced. Contains peanuts.
615,Karnataka,Maintaining Balanced Diet,Breakfast,Neer Dose (With Greens),270.0,9.0,45,8,7,High,Medium,High,Safe,"rice, coconut, salt",Vegan,,Prepare it in a balanced home-style way with measured oil. Add vegetables or lentils to keep the plate complete. It works best as a light breakfast with tea or chutney.,30 mins walking or yoga,Watch total oil and keep the plate balanced.
616,Karnataka,Maintaining Balanced Diet,Breakfast,Neer Dose (With Vegetables),270.0,9.0,45,8,7,High,Low,Medium,Safe,"rice, coconut, salt",Vegan,,Prepare it in a balanced home-style way with measured oil. Add vegetables or lentils to keep the plate complete. It works best as a light breakfast with tea or chutney.,30 mins walking or yoga,Watch total oil and keep the plate balanced.
617,Karnataka,Maintaining Balanced Diet,Breakfast,Paddu (Gundponglu) (With Greens),260.0,8.0,42,7,6,High,Medium,High,Safe,"rice batter, urad dal, curry leaves, onion",Vegan,,Prepare it in a balanced home-style way with measured oil. Add vegetables or lentils to keep the plate complete. It works best as a light breakfast with tea or chutney.,30 mins walking or yoga,Watch total oil and keep the plate balanced.
618,Karnataka,Maintaining Balanced Diet,Breakfast,Paddu (Gundponglu) (With Vegetables),260.0,8.0,42,7,6,Low,Low,Medium,Safe,"rice batter, urad dal, curry leaves, onion",Vegan,,Prepare it in a balanced home-style way with measured oil. Add vegetables or lentils to keep the plate complete. It works best as a light breakfast with tea or chutney.,30 mins walking or yoga,Watch total oil and keep the plate balanced.
619,Karnataka,Maintaining Balanced Diet,Breakfast,Ragi Rotti (With Greens),280.0,10.0,47,9,6,Medium,High,Low,Safe,"ragi flour, onion, coriander, green chilli",Vegan,,Prepare it in a balanced home-style way with measured oil. Add vegetables or lentils to keep the plate complete. It works best as a light breakfast with tea or chutney.,30 mins walking or yoga,Watch total oil and keep the plate balanced.
620,Karnataka,Maintaining Balanced Diet,Breakfast,Ragi Rotti (With Vegetables),280.0,10.0,47,9,6,Low,Medium,High,Safe,"ragi flour, onion, coriander, green chilli",Vegan,,Prepare it in a balanced home-style way with measured oil. Add vegetables or lentils to keep the plate complete. It works best as a light breakfast with tea or chutney.,30 mins walking or yoga,Watch total oil and keep the plate balanced.
621,Karnataka,Maintaining Balanced Diet,Breakfast,Sajje Rotti (With Greens),310.0,11.0,44,10,7,High,Low,Medium,Safe,"pearl millet flour, onion, coriander, green chilli",Vegan,,Prepare it in a balanced home-style way with measured oil. Add vegetables or lentils to keep the plate complete. It works best as a light breakfast with tea or chutney.,30 mins walking or yoga,Watch total oil and keep the plate balanced.
622,Karnataka,Maintaining Balanced Diet,Breakfast,Sajje Rotti (With Vegetables),310.0,11.0,44,10,7,Medium,High,Low,Safe,"pearl millet flour, onion, coriander, green chilli",Vegan,,Prepare it in a balanced home-style way with measured oil. Add vegetables or lentils to keep the plate complete. It works best as a light breakfast with tea or chutney.,30 mins walking or yoga,Watch total oil and keep the plate balanced.
623,Karnataka,Maintaining Balanced Diet,Breakfast,Shavige Uppittu (With Greens),270.0,9.0,45,8,7,Medium,High,Low,Mustard,"rice vermicelli, onion, mustard seeds, curry leaves",Vegan,,Prepare it in a balanced home-style way with measured oil. Add vegetables or lentils to keep the plate complete. It works best as a light breakfast with tea or chutney.,30 mins walking or yoga,Watch total oil and keep the plate balanced.
624,Karnataka,Maintaining Balanced Diet,Breakfast,Shavige Uppittu (With Vegetables),270.0,9.0,45,8,7,High,Medium,High,Mustard,"rice vermicelli, onion, mustard seeds, curry leaves",Vegan,,Prepare it in a balanced home-style way with measured oil. Add vegetables or lentils to keep the plate complete. It works best as a light breakfast with tea or chutney.,30 mins walking or yoga,Watch total oil and keep the plate balanced.
625,Karnataka,Maintaining Balanced Diet,Lunch,Bisi Bele Bath (With Greens),350.0,11.0,58,12,7,Medium,High,Low,Dairy,"rice, toor dal, vegetables, bisi bele bath masala, ghee",Vegetarian,,Prepare it in a balanced home-style way with measured oil. Add vegetables or lentils to keep the plate complete. Serve it with a simple salad or vegetable side for balance.,30 mins walking or yoga,Watch total oil and keep the plate balanced. Contains dairy.
626,Karnataka,Maintaining Balanced Diet,Lunch,Bisi Bele Bath (With Vegetables),350.0,11.0,58,12,7,Medium,High,Low,Dairy,"rice, toor dal, vegetables, bisi bele bath masala, ghee",Vegetarian,,Prepare it in a balanced home-style way with measured oil. Add vegetables or lentils to keep the plate complete. Serve it with a simple salad or vegetable side for balance.,30 mins walking or yoga,Watch total oil and keep the plate balanced. Contains dairy.
627,Karnataka,Maintaining Balanced Diet,Lunch,Bisi Bele Bath + Carrot Kosambari,610.0,18.0,95,18,14,Low,Medium,Low,Safe,"Rice, Toor Dal, Carrot",Vegetarian,,Keep ghee moderate in the bath. Pair with fresh salad.,30 mins cycling,No specific warning
628,Karnataka,Maintaining Balanced Diet,Lunch,Bisibelebath + Raita + Papad,580.0,18.0,88,16,12,Medium,High,Low,Dairy,"Rice, Toor Dal, Vegetables, Ghee, Curd",Vegetarian,,Traditional bisibelebath. Moderate ghee. Raita and papad.,40 mins walk,Wholesome balanced one-pot meal
629,Karnataka,Maintaining Balanced Diet,Lunch,Chapati (3) + Dal Makhani + Vegetable + Raita,580.0,22.0,80,18,12,Medium,High,Medium,"Dairy, Gluten, Sesame","Wheat, Black Lentil, Butter, Curd",Vegetarian,,Balanced North-Karnataka style meal. Dal makhani with chapati.,40 mins walk,Good protein and fibre balance
630,Karnataka,Maintaining Balanced Diet,Lunch,Jolada Roti + Kaalu Palya + Tomato Rasam,570.0,22.0,85,15,16,Low,Medium,Low,Safe,"Sorghum, Mixed Sprouts, Tomato",Vegetarian,,Highly nutritious North Karnataka staple.,30 mins cycling,No specific warning
631,Karnataka,Maintaining Balanced Diet,Lunch,Kharabath (With Herbs),370.0,13.0,63,14,7,High,Medium,High,Dairy,"rice, vegetables, spice mix, ghee",Vegetarian,,Prepare it in a balanced home-style way with measured oil. Add vegetables or lentils to keep the plate complete. Serve it with a simple salad or vegetable side for balance.,30 mins walking or yoga,Watch total oil and keep the plate balanced. Contains dairy.
632,Karnataka,Maintaining Balanced Diet,Lunch,Kharabath (With Vegetables),370.0,13.0,63,14,7,High,Medium,High,Dairy,"rice, vegetables, spice mix, ghee",Vegetarian,,Prepare it in a balanced home-style way with measured oil. Add vegetables or lentils to keep the plate complete. Serve it with a simple salad or vegetable side for balance.,30 mins walking or yoga,Watch total oil and keep the plate balanced. Contains dairy.
633,Karnataka,Maintaining Balanced Diet,Lunch,Ragi Mudde + Massoppu + Rice (Small),580.0,20.0,90,14,15,Medium,Medium,Low,Safe,"Finger Millet, Mixed Greens, Rice",Vegetarian,,"Perfect balance of complex carbs, protein, and iron.",30 mins cycling,No specific warning
634,Karnataka,Maintaining Balanced Diet,Lunch,Rajma Rice + Curd + Salad + Pickle,560.0,22.0,88,10,14,Medium,High,Low,Dairy,"Rajma, White Rice, Curd, Salad",Vegetarian,,Rajma and rice with curd and salad. Balanced one pot.,40 mins walk,High fibre balanced meal
635,Karnataka,Maintaining Balanced Diet,Lunch,Udupi Sambar (With Herbs),360.0,12.0,61,13,8,Low,Low,Medium,Safe,"toor dal, mixed vegetables, tamarind, coconut, spices",Vegetarian,,Prepare it in a balanced home-style way with measured oil. Add vegetables or lentils to keep the plate complete. Serve it with a simple salad or vegetable side for balance.,30 mins walking or yoga,Watch total oil and keep the plate balanced.
636,Karnataka,Maintaining Balanced Diet,Lunch,Udupi Sambar (With Vegetables),360.0,12.0,61,13,8,Low,Low,Medium,Safe,"toor dal, mixed vegetables, tamarind, coconut, spices",Vegetarian,,Prepare it in a balanced home-style way with measured oil. Add vegetables or lentils to keep the plate complete. Serve it with a simple salad or vegetable side for balance.,30 mins walking or yoga,Watch total oil and keep the plate balanced.
637,Karnataka,Maintaining Balanced Diet,Lunch,Wheat Roti (4) + Paneer Masala + Dal + Salad,600.0,26.0,80,20,10,Medium,High,Medium,"Dairy, Gluten","Wheat, Paneer, Toor Dal, Salad",Vegetarian,,Balanced vegetarian meal. Protein from paneer and dal.,40 mins walk,Complete protein vegetarian lunch
638,Karnataka,Maintaining Balanced Diet,Lunch,White Rice + Majjige Huli + Bendekayi Palya,600.0,15.0,95,16,10,Medium,Medium,Low,Dairy,"Rice, Yogurt, Ash Gourd, Okra",Vegetarian,,Cook ash gourd in yogurt base. Sauté okra lightly.,30 mins cycling,No specific warning
639,Karnataka,Maintaining Balanced Diet,Lunch,White Rice + Sambar + Rasam + Palya + Papad,560.0,18.0,88,12,10,Low,Medium,Low,Safe,"White Rice, Toor Dal, Vegetables, Papad",Vegetarian,,Traditional Karnataka oota. Balance all components.,45 mins afternoon rest,Complete balanced meal
640,Karnataka,Maintaining Balanced Diet,Lunch,White Rice + Udupi Sambar + Beans Palya,600.0,18.0,95,16,12,Low,Medium,Low,Safe,"Rice, Toor Dal, Beans",Vegetarian,,Standard balanced South Indian meal. Boil beans lightly.,30 mins cycling,No specific warning
641,Karnataka,Maintaining Balanced Diet,Lunch,Brown Rice + Fish Curry + Stir Fry Greens,560.0,36.0,68,14,9,High,Medium,Low,Fish,"Brown Rice, Fish, Leafy Greens, Coconut",Non-Vegetarian,Fish,Healthy fish meal. Brown rice for complex carbs.,40 mins walk,Omega-3 balanced meal
642,Karnataka,Maintaining Balanced Diet,Lunch,Brown Rice + Mangalorean Fish Curry + Cabbage,590.0,30.0,80,16,10,Medium,Medium,Low,Fish,"Brown Rice, Fish, Cabbage",Non-Vegetarian,Fish,Use standard coconut milk base for curry.,30 mins cycling,No specific warning
643,Karnataka,Maintaining Balanced Diet,Lunch,Chapati + Chicken Curry (Balanced) + Salad,620.0,35.0,70,22,10,Medium,Medium,Low,Gluten,"Wheat, Chicken, Cucumber",Non-Vegetarian,Chicken,Use moderate oil for chicken. Serve with raw salad.,30 mins cycling,No specific warning
644,Karnataka,Maintaining Balanced Diet,Lunch,Chicken Curry + Rice + Dal + Vegetable,620.0,38.0,76,18,8,Medium,High,Medium,Safe,"Chicken, White Rice, Dal, Vegetables",Non-Vegetarian,Chicken,"Balanced chicken meal with rice, dal and vegetable side.",45 mins walk,Well-rounded macro profile
645,Karnataka,Maintaining Balanced Diet,Lunch,Egg Fried Rice + Mixed Vegetables + Dal,540.0,22.0,76,14,9,Medium,High,Medium,Egg,"Eggs, White Rice, Mixed Vegetables, Dal",Non-Vegetarian,,Wok fried rice with eggs and vegetables. Dal on side.,40 mins walk,Balanced macro combination
646,Karnataka,Maintaining Balanced Diet,Lunch,Fish Curry (With Greens),510.0,28.0,50,22,6,Medium,High,Low,Fish,"fish, tamarind, coconut, chilli, spices",Non-Vegetarian,Fish,Prepare it in a balanced home-style way with measured oil. Add vegetables or lentils to keep the plate complete. Serve it with a simple salad or vegetable side for balance.,30 mins walking or yoga,Watch total oil and keep the plate balanced. Contains fish.
647,Karnataka,Maintaining Balanced Diet,Lunch,Fish Curry (With Vegetables),510.0,28.0,50,22,6,High,Low,Medium,Fish,"fish, tamarind, coconut, chilli, spices",Non-Vegetarian,Fish,Prepare it in a balanced home-style way with measured oil. Add vegetables or lentils to keep the plate complete. Serve it with a simple salad or vegetable side for balance.,30 mins walking or yoga,Watch total oil and keep the plate balanced. Contains fish.
648,Karnataka,Maintaining Balanced Diet,Lunch,Kori Gassi (Home Style),430.0,25.0,48,19,5,High,Low,Medium,Chicken,"chicken, coconut, red chilli, garlic",Non-Vegetarian,Chicken,Prepare it in a balanced home-style way with measured oil. Add vegetables or lentils to keep the plate complete. Serve it with a simple salad or vegetable side for balance.,30 mins walking or yoga,Watch total oil and keep the plate balanced. Contains chicken.
649,Karnataka,Maintaining Balanced Diet,Lunch,Kori Gassi (With Vegetables),430.0,25.0,48,19,5,Medium,High,Low,Chicken,"chicken, coconut, red chilli, garlic",Non-Vegetarian,Chicken,Prepare it in a balanced home-style way with measured oil. Add vegetables or lentils to keep the plate complete. Serve it with a simple salad or vegetable side for balance.,30 mins walking or yoga,Watch total oil and keep the plate balanced. Contains chicken.
650,Karnataka,Maintaining Balanced Diet,Lunch,Mangalorean Biryani (With Greens),450.0,27.0,53,21,5,High,Medium,High,"Chicken, Dairy","rice, chicken, mint, spices, ghee",Non-Vegetarian,Chicken,Prepare it in a balanced home-style way with measured oil. Add vegetables or lentils to keep the plate complete. Serve it with a simple salad or vegetable side for balance.,30 mins walking or yoga,"Watch total oil and keep the plate balanced. Contains dairy, chicken."
651,Karnataka,Maintaining Balanced Diet,Lunch,Mangalorean Biryani (With Vegetables),450.0,27.0,53,21,5,Medium,High,Low,"Chicken, Dairy","rice, chicken, mint, spices, ghee",Non-Vegetarian,Chicken,Prepare it in a balanced home-style way with measured oil. Add vegetables or lentils to keep the plate complete. Serve it with a simple salad or vegetable side for balance.,30 mins walking or yoga,"Watch total oil and keep the plate balanced. Contains dairy, chicken."
652,Karnataka,Maintaining Balanced Diet,Lunch,Mutton Saaru (Home Style),430.0,25.0,48,19,5,Medium,High,Low,Mutton,"mutton, onion, garlic, spices",Non-Vegetarian,Mutton,Prepare it in a balanced home-style way with measured oil. Add vegetables or lentils to keep the plate complete. Serve it with a simple salad or vegetable side for balance.,30 mins walking or yoga,Watch total oil and keep the plate balanced. Contains mutton.
653,Karnataka,Maintaining Balanced Diet,Lunch,Mutton Saaru (With Vegetables),430.0,25.0,48,19,5,Low,Medium,High,Mutton,"mutton, onion, garlic, spices",Non-Vegetarian,Mutton,Prepare it in a balanced home-style way with measured oil. Add vegetables or lentils to keep the plate complete. Serve it with a simple salad or vegetable side for balance.,30 mins walking or yoga,Watch total oil and keep the plate balanced. Contains mutton.
654,Karnataka,Maintaining Balanced Diet,Lunch,Pandi Curry (With Greens),440.0,26.0,51,20,6,High,Low,Medium,Pork,"pork, kachampuli, black pepper, coconut",Non-Vegetarian,Pork,Prepare it in a balanced home-style way with measured oil. Add vegetables or lentils to keep the plate complete. Serve it with a simple salad or vegetable side for balance.,30 mins walking or yoga,Watch total oil and keep the plate balanced. Contains pork.
655,Karnataka,Maintaining Balanced Diet,Lunch,Pandi Curry (With Vegetables),440.0,26.0,51,20,6,Low,Medium,High,Pork,"pork, kachampuli, black pepper, coconut",Non-Vegetarian,Pork,Prepare it in a balanced home-style way with measured oil. Add vegetables or lentils to keep the plate complete. Serve it with a simple salad or vegetable side for balance.,30 mins walking or yoga,Watch total oil and keep the plate balanced. Contains pork.
656,Karnataka,Maintaining Balanced Diet,Lunch,Prawn Masala + Rice + Rasam + Greens,580.0,36.0,72,14,7,Medium,High,Medium,"Fish, Shellfish","Prawns, White Rice, Tomato, Greens",Non-Vegetarian,Seafood,Balanced seafood lunch. Rasam for digestion. Green side.,40 mins walk,High protein balanced meal
657,Karnataka,Maintaining Balanced Diet,Lunch,Bassaru (With Greens),340.0,12.0,61,10,8,High,Medium,High,Sesame,"greens, lentils, spices, rice",Vegan,,Prepare it in a balanced home-style way with measured oil. Add vegetables or lentils to keep the plate complete. Serve it with a simple salad or vegetable side for balance.,30 mins walking or yoga,Watch total oil and keep the plate balanced. Contains sesame.
658,Karnataka,Maintaining Balanced Diet,Lunch,Bassaru (With Herbs),340.0,12.0,61,10,8,Medium,High,Low,Sesame,"greens, lentils, spices, rice",Vegan,,Prepare it in a balanced home-style way with measured oil. Add vegetables or lentils to keep the plate complete. Serve it with a simple salad or vegetable side for balance.,30 mins walking or yoga,Watch total oil and keep the plate balanced. Contains sesame.
659,Karnataka,Maintaining Balanced Diet,Lunch,Bassaru (With Vegetables),340.0,12.0,61,10,8,Low,Low,Medium,Sesame,"greens, lentils, spices, rice",Vegan,,Prepare it in a balanced home-style way with measured oil. Add vegetables or lentils to keep the plate complete. Serve it with a simple salad or vegetable side for balance.,30 mins walking or yoga,Watch total oil and keep the plate balanced. Contains sesame.
660,Karnataka,Maintaining Balanced Diet,Lunch,Chitranna (With Greens),383.0,13.0,58,11,9,Medium,High,Low,Mustard,"rice, lemon, mustard seeds, turmeric",Vegan,,Prepare it in a balanced home-style way with measured oil. Add vegetables or lentils to keep the plate complete. Serve it with a simple salad or vegetable side for balance.,30 mins walking or yoga,Watch total oil and keep the plate balanced.
661,Karnataka,Maintaining Balanced Diet,Lunch,Chitranna (With Vegetables),383.0,13.0,58,11,9,High,Medium,High,Mustard,"rice, lemon, mustard seeds, turmeric",Vegan,,Prepare it in a balanced home-style way with measured oil. Add vegetables or lentils to keep the plate complete. Serve it with a simple salad or vegetable side for balance.,30 mins walking or yoga,Watch total oil and keep the plate balanced.
662,Karnataka,Maintaining Balanced Diet,Lunch,Coconut Rice (With Greens),330.0,11.0,59,9,9,High,Medium,High,Mustard,"rice, coconut, mustard seeds, curry leaves",Vegan,,Prepare it in a balanced home-style way with measured oil. Add vegetables or lentils to keep the plate complete. Serve it with a simple salad or vegetable side for balance.,30 mins walking or yoga,Watch total oil and keep the plate balanced.
663,Karnataka,Maintaining Balanced Diet,Lunch,Coconut Rice (With Vegetables),330.0,11.0,59,9,9,High,Low,Medium,Mustard,"rice, coconut, mustard seeds, curry leaves",Vegan,,Prepare it in a balanced home-style way with measured oil. Add vegetables or lentils to keep the plate complete. Serve it with a simple salad or vegetable side for balance.,30 mins walking or yoga,Watch total oil and keep the plate balanced.
664,Karnataka,Maintaining Balanced Diet,Lunch,Jolada Rotti (With Greens),320.0,10.0,56,8,8,Medium,High,Low,Safe,"jowar flour, onion, coriander, green chilli",Vegan,,Prepare it in a balanced home-style way with measured oil. Add vegetables or lentils to keep the plate complete. Serve it with a simple salad or vegetable side for balance.,30 mins walking or yoga,Watch total oil and keep the plate balanced.
665,Karnataka,Maintaining Balanced Diet,Lunch,Jolada Rotti (With Herbs),320.0,10.0,56,8,8,High,Low,Medium,Safe,"jowar flour, onion, coriander, green chilli",Vegan,,Prepare it in a balanced home-style way with measured oil. Add vegetables or lentils to keep the plate complete. Serve it with a simple salad or vegetable side for balance.,30 mins walking or yoga,Watch total oil and keep the plate balanced.
666,Karnataka,Maintaining Balanced Diet,Lunch,Jolada Rotti (With Vegetables),320.0,10.0,56,8,8,Low,Medium,High,Safe,"jowar flour, onion, coriander, green chilli",Vegan,,Prepare it in a balanced home-style way with measured oil. Add vegetables or lentils to keep the plate complete. Serve it with a simple salad or vegetable side for balance.,30 mins walking or yoga,Watch total oil and keep the plate balanced.
667,Karnataka,Maintaining Balanced Diet,Lunch,Puliyogare (With Greens),340.0,12.0,61,10,8,High,Medium,High,"Peanut, Peanuts","rice, tamarind, peanuts, curry leaves",Vegan,,Prepare it in a balanced home-style way with measured oil. Add vegetables or lentils to keep the plate complete. Serve it with a simple salad or vegetable side for balance.,30 mins walking or yoga,Watch total oil and keep the plate balanced. Contains peanuts.
668,Karnataka,Maintaining Balanced Diet,Lunch,Puliyogare (With Vegetables),340.0,12.0,61,10,8,High,Low,Medium,"Peanut, Peanuts","rice, tamarind, peanuts, curry leaves",Vegan,,Prepare it in a balanced home-style way with measured oil. Add vegetables or lentils to keep the plate complete. Serve it with a simple salad or vegetable side for balance.,30 mins walking or yoga,Watch total oil and keep the plate balanced. Contains peanuts.
669,Karnataka,Maintaining Balanced Diet,Lunch,Ragi Mudde (With Greens),330.0,11.0,59,9,9,High,Low,Medium,Safe,"ragi flour, water, salt",Vegan,,Prepare it in a balanced home-style way with measured oil. Add vegetables or lentils to keep the plate complete. Serve it with a simple salad or vegetable side for balance.,30 mins walking or yoga,Watch total oil and keep the plate balanced.
670,Karnataka,Maintaining Balanced Diet,Lunch,Ragi Mudde (With Vegetables),330.0,11.0,59,9,9,Medium,High,Low,Safe,"ragi flour, water, salt",Vegan,,Prepare it in a balanced home-style way with measured oil. Add vegetables or lentils to keep the plate complete. Serve it with a simple salad or vegetable side for balance.,30 mins walking or yoga,Watch total oil and keep the plate balanced.
671,Karnataka,Maintaining Balanced Diet,Lunch,Tomato Bath (With Greens),320.0,10.0,56,8,8,High,Low,Medium,Safe,"rice, tomato, onion, spice mix, curry leaves",Vegan,,Prepare it in a balanced home-style way with measured oil. Add vegetables or lentils to keep the plate complete. Serve it with a simple salad or vegetable side for balance.,30 mins walking or yoga,Watch total oil and keep the plate balanced.
672,Karnataka,Maintaining Balanced Diet,Lunch,Tomato Bath (With Vegetables),320.0,10.0,56,8,8,Medium,High,Low,Safe,"rice, tomato, onion, spice mix, curry leaves",Vegan,,Prepare it in a balanced home-style way with measured oil. Add vegetables or lentils to keep the plate complete. Serve it with a simple salad or vegetable side for balance.,30 mins walking or yoga,Watch total oil and keep the plate balanced.
673,Karnataka,Maintaining Balanced Diet,Snack,Banana + Handful of Mixed Nuts,260.0,5.0,40,12,5,Medium,Low,Low,"Nut, Nuts","Banana, Almonds, Cashews, Walnuts",Vegetarian,,One ripe banana with 15g mixed nuts.,Light activity,Good natural energy snack
674,Karnataka,Maintaining Balanced Diet,Snack,Churumuri (Puffed Rice Salad),200.0,4.0,35,5,3,Medium,Medium,Low,Safe,"Puffed Rice, Carrot, Onion",Vegetarian,,Mix fresh veggies with puffed rice and a dash of coconut oil.,General daily activity,Eat immediately
675,Karnataka,Maintaining Balanced Diet,Snack,Coconut Water + 2 Biscuits,180.0,2.0,36,4,1,Low,Low,Low,Gluten,"Coconut Water, Oat Biscuits",Vegetarian,,Fresh coconut water with 2 plain biscuits.,Light activity,Light hydrating snack
676,Karnataka,Maintaining Balanced Diet,Snack,Curd (1 cup) + Jaggery + Banana,220.0,6.0,40,5,2,Medium,Low,Low,Dairy,"Full Fat Curd, Jaggery, Banana",Vegetarian,,Curd with a small piece of jaggery and banana.,Light activity,Traditional Karnataka balanced snack
677,Karnataka,Maintaining Balanced Diet,Snack,Filter Coffee + 2 Marie Biscuits,180.0,4.0,30,5,2,Medium,Medium,Low,"Dairy, Gluten","Milk, Coffee, Wheat Biscuit",Vegetarian,,Standard local beverage break. Control sugar.,General daily activity,No specific warning
678,Karnataka,Maintaining Balanced Diet,Snack,Fresh Banana + Handful Peanuts,220.0,6.0,30,10,5,Medium,Low,Low,"Peanut, Peanuts","Banana, Peanuts",Vegetarian,,"Simple, balanced whole food snack.",General daily activity,No specific warning
679,Karnataka,Maintaining Balanced Diet,Snack,Fruit Chaat (Seasonal),160.0,2.0,36,1,4,Medium,Low,Low,Safe,"Mixed Seasonal Fruits, Chaat Masala",Vegetarian,,Seasonal fruits tossed with chaat masala and lemon.,Light activity,Good vitamin and mineral balance
680,Karnataka,Maintaining Balanced Diet,Snack,Kadle Bele Kosambari (Chana Dal Salad),180.0,9.0,26,4,6,Low,Low,Low,Safe,"Chana Dal, Coconut, Cucumber, Lemon",Vegetarian,,Soaked chana dal with fresh coconut and cucumber.,Light activity,Traditional Karnataka healthy snack
681,Karnataka,Maintaining Balanced Diet,Snack,Kosambari (Carrot & Moong Dal),150.0,8.0,20,3,6,Low,Medium,Low,Safe,"Carrot, Moong Dal",Vegetarian,,"Fresh, raw, and high protein.",General daily activity,No specific warning
682,Karnataka,Maintaining Balanced Diet,Snack,Maddur Vada (Baked/Air-fried),200.0,5.0,35,5,3,Medium,Medium,Low,Gluten,"Semolina, Onion",Vegetarian,,Air fry to maintain balance while enjoying the flavor.,General daily activity,No specific warning
683,Karnataka,Maintaining Balanced Diet,Snack,Masala Chai + Murukku (2 pcs),220.0,4.0,32,9,2,Medium,Medium,Low,"Dairy, Gluten","Tea, Milk, Wheat, Rice Flour",Vegetarian,,Light tea with 2 baked murukku. Traditional Karnataka snack time.,Light activity,Control portions of murukku
684,Karnataka,Maintaining Balanced Diet,Snack,Mixed Nuts + Dry Fruits (30g),200.0,5.0,20,12,3,Low,Low,Low,"Nut, Nuts","Almonds, Cashews, Raisins, Apricots",Vegetarian,,30g mix of nuts and dry fruits as portion snack.,Light activity,Good micronutrient dense snack
685,Karnataka,Maintaining Balanced Diet,Snack,Peanut Chikki + Buttermilk,260.0,8.0,36,10,4,Medium,Low,Low,"Dairy, Peanut, Peanuts","Peanuts, Jaggery, Buttermilk",Vegetarian,,One piece peanut chikki. Diluted spiced buttermilk.,Light activity,Traditional balanced snack combo
686,Karnataka,Maintaining Balanced Diet,Snack,Roasted Kadale (Bengal Gram),180.0,10.0,25,4,8,Low,Medium,Low,Safe,Bengal Gram,Vegetarian,,Dry roast perfectly.,General daily activity,No specific warning
687,Karnataka,Maintaining Balanced Diet,Snack,Steamed Corn + Butter (Small),200.0,4.0,34,7,4,Medium,Low,Low,Dairy,"Corn, Butter",Vegetarian,,Steam corn on cob. Small butter pat on top.,Light activity,Balanced traditional snack
688,Karnataka,Maintaining Balanced Diet,Snack,Steamed Kadubu (Sweet),210.0,4.0,40,4,3,Medium,Medium,Low,Safe,"Rice Flour, Jaggery, Coconut",Vegetarian,,Steam the sweet dumpling.,General daily activity,No specific warning
689,Karnataka,Maintaining Balanced Diet,Snack,Bangude Pulimunchi (With Greens),285.0,17.0,16,17,3,Medium,High,Low,Fish,"mackerel, tamarind, chilli, garlic",Non-Vegetarian,Fish,Prepare it in a balanced home-style way with measured oil. Add vegetables or lentils to keep the plate complete. Keep it as a small snack portion rather than a full meal.,30 mins walking or yoga,Watch total oil and keep the plate balanced. Contains fish.
690,Karnataka,Maintaining Balanced Diet,Snack,Bangude Pulimunchi (With Herbs),285.0,17.0,16,17,3,High,Low,Medium,Fish,"mackerel, tamarind, chilli, garlic",Non-Vegetarian,Fish,Prepare it in a balanced home-style way with measured oil. Add vegetables or lentils to keep the plate complete. Keep it as a small snack portion rather than a full meal.,30 mins walking or yoga,Watch total oil and keep the plate balanced. Contains fish.
691,Karnataka,Maintaining Balanced Diet,Snack,Bangude Pulimunchi (With Vegetables),285.0,17.0,16,17,3,Low,Medium,High,Fish,"mackerel, tamarind, chilli, garlic",Non-Vegetarian,Fish,Prepare it in a balanced home-style way with measured oil. Add vegetables or lentils to keep the plate complete. Keep it as a small snack portion rather than a full meal.,30 mins walking or yoga,Watch total oil and keep the plate balanced. Contains fish.
692,Karnataka,Maintaining Balanced Diet,Snack,Chicken Ghee Roast (With Greens),240.0,15.0,17,15,3,Low,Medium,High,"Chicken, Dairy","chicken, ghee, red chilli, curry leaves",Non-Vegetarian,Chicken,Prepare it in a balanced home-style way with measured oil. Add vegetables or lentils to keep the plate complete. Keep it as a small snack portion rather than a full meal.,30 mins walking or yoga,"Watch total oil and keep the plate balanced. Contains dairy, chicken."
693,Karnataka,Maintaining Balanced Diet,Snack,Chicken Ghee Roast (With Vegetables),240.0,15.0,17,15,3,High,Low,Medium,"Chicken, Dairy","chicken, ghee, red chilli, curry leaves",Non-Vegetarian,Chicken,Prepare it in a balanced home-style way with measured oil. Add vegetables or lentils to keep the plate complete. Keep it as a small snack portion rather than a full meal.,30 mins walking or yoga,"Watch total oil and keep the plate balanced. Contains dairy, chicken."
694,Karnataka,Maintaining Balanced Diet,Snack,Crab Sukka (With Greens),250.0,16.0,19,16,2,Medium,High,Low,"Fish, Shellfish","crab, coconut, spices, garlic",Non-Vegetarian,Crab,Prepare it in a balanced home-style way with measured oil. Add vegetables or lentils to keep the plate complete. Keep it as a small snack portion rather than a full meal.,30 mins walking or yoga,Watch total oil and keep the plate balanced. Contains shellfish.
695,Karnataka,Maintaining Balanced Diet,Snack,Crab Sukka (With Vegetables),250.0,16.0,19,16,2,Low,Medium,High,"Fish, Shellfish","crab, coconut, spices, garlic",Non-Vegetarian,Crab,Prepare it in a balanced home-style way with measured oil. Add vegetables or lentils to keep the plate complete. Keep it as a small snack portion rather than a full meal.,30 mins walking or yoga,Watch total oil and keep the plate balanced. Contains shellfish.
696,Karnataka,Maintaining Balanced Diet,Snack,Fish Pulimunchi (With Greens),240.0,15.0,17,15,3,Low,Medium,High,Fish,"fish, tamarind, chilli, garlic",Non-Vegetarian,Fish,Prepare it in a balanced home-style way with measured oil. Add vegetables or lentils to keep the plate complete. Keep it as a small snack portion rather than a full meal.,30 mins walking or yoga,Watch total oil and keep the plate balanced. Contains fish.
697,Karnataka,Maintaining Balanced Diet,Snack,Fish Pulimunchi (With Vegetables),240.0,15.0,17,15,3,High,Low,Medium,Fish,"fish, tamarind, chilli, garlic",Non-Vegetarian,Fish,Prepare it in a balanced home-style way with measured oil. Add vegetables or lentils to keep the plate complete. Keep it as a small snack portion rather than a full meal.,30 mins walking or yoga,Watch total oil and keep the plate balanced. Contains fish.
698,Karnataka,Maintaining Balanced Diet,Snack,Kane Rava Fry (With Greens),230.0,14.0,14,14,2,High,Low,Medium,"Fish, Gluten","fish, semolina, chilli, lemon",Non-Vegetarian,Fish,Prepare it in a balanced home-style way with measured oil. Add vegetables or lentils to keep the plate complete. Keep it as a small snack portion rather than a full meal.,30 mins walking or yoga,"Watch total oil and keep the plate balanced. Contains gluten, fish."
699,Karnataka,Maintaining Balanced Diet,Snack,Kane Rava Fry (With Vegetables),230.0,14.0,14,14,2,Medium,High,Low,"Fish, Gluten","fish, semolina, chilli, lemon",Non-Vegetarian,Fish,Prepare it in a balanced home-style way with measured oil. Add vegetables or lentils to keep the plate complete. Keep it as a small snack portion rather than a full meal.,30 mins walking or yoga,"Watch total oil and keep the plate balanced. Contains gluten, fish."
700,Karnataka,Maintaining Balanced Diet,Snack,Prawn Curry (With Greens),230.0,14.0,14,14,2,High,Low,Medium,"Fish, Shellfish","prawn, coconut, chilli, spices",Non-Vegetarian,Seafood,Prepare it in a balanced home-style way with measured oil. Add vegetables or lentils to keep the plate complete. Keep it as a small snack portion rather than a full meal.,30 mins walking or yoga,Watch total oil and keep the plate balanced. Contains shellfish.
701,Karnataka,Maintaining Balanced Diet,Snack,Prawn Curry (With Herbs),230.0,14.0,14,14,2,Low,Medium,High,"Fish, Shellfish","prawn, coconut, chilli, spices",Non-Vegetarian,Seafood,Prepare it in a balanced home-style way with measured oil. Add vegetables or lentils to keep the plate complete. Keep it as a small snack portion rather than a full meal.,30 mins walking or yoga,Watch total oil and keep the plate balanced. Contains shellfish.
702,Karnataka,Maintaining Balanced Diet,Snack,Prawn Curry (With Vegetables),230.0,14.0,14,14,2,Medium,High,Low,"Fish, Shellfish","prawn, coconut, chilli, spices",Non-Vegetarian,Seafood,Prepare it in a balanced home-style way with measured oil. Add vegetables or lentils to keep the plate complete. Keep it as a small snack portion rather than a full meal.,30 mins walking or yoga,Watch total oil and keep the plate balanced. Contains shellfish.
703,Karnataka,Maintaining Balanced Diet,Snack,Prawn Ghee Roast (With Greens),250.0,16.0,19,16,2,Medium,High,Low,"Dairy, Fish, Shellfish","prawn, ghee, red chilli, spices",Non-Vegetarian,Seafood,Prepare it in a balanced home-style way with measured oil. Add vegetables or lentils to keep the plate complete. Keep it as a small snack portion rather than a full meal.,30 mins walking or yoga,"Watch total oil and keep the plate balanced. Contains dairy, shellfish."
704,Karnataka,Maintaining Balanced Diet,Snack,Prawn Ghee Roast (With Vegetables),250.0,16.0,19,16,2,Low,Medium,High,"Dairy, Fish, Shellfish","prawn, ghee, red chilli, spices",Non-Vegetarian,Seafood,Prepare it in a balanced home-style way with measured oil. Add vegetables or lentils to keep the plate complete. Keep it as a small snack portion rather than a full meal.,30 mins walking or yoga,"Watch total oil and keep the plate balanced. Contains dairy, shellfish."
705,Karnataka,Maintaining Balanced Diet,Snack,Chakkuli (With Greens),180.0,5.0,22,7,5,Medium,High,Low,Sesame,"rice flour, urad dal, sesame, cumin",Vegan,,Prepare it in a balanced home-style way with measured oil. Add vegetables or lentils to keep the plate complete. Keep it as a small snack portion rather than a full meal.,30 mins walking or yoga,Watch total oil and keep the plate balanced. Contains sesame.
706,Karnataka,Maintaining Balanced Diet,Snack,Chakkuli (With Vegetables),180.0,5.0,22,7,5,High,Medium,High,Sesame,"rice flour, urad dal, sesame, cumin",Vegan,,Prepare it in a balanced home-style way with measured oil. Add vegetables or lentils to keep the plate complete. Keep it as a small snack portion rather than a full meal.,30 mins walking or yoga,Watch total oil and keep the plate balanced. Contains sesame.
707,Karnataka,Maintaining Balanced Diet,Snack,Gojju Avalakki (With Greens),200.0,7.0,27,9,5,High,Low,Medium,"Peanut, Peanuts","flattened rice, tamarind, peanuts, coconut",Vegan,,Prepare it in a balanced home-style way with measured oil. Add vegetables or lentils to keep the plate complete. Keep it as a small snack portion rather than a full meal.,30 mins walking or yoga,Watch total oil and keep the plate balanced. Contains peanuts.
708,Karnataka,Maintaining Balanced Diet,Snack,Gojju Avalakki (With Vegetables),200.0,7.0,27,9,5,Medium,High,Low,"Peanut, Peanuts","flattened rice, tamarind, peanuts, coconut",Vegan,,Prepare it in a balanced home-style way with measured oil. Add vegetables or lentils to keep the plate complete. Keep it as a small snack portion rather than a full meal.,30 mins walking or yoga,Watch total oil and keep the plate balanced. Contains peanuts.
709,Karnataka,Maintaining Balanced Diet,Snack,Kodubale (With Greens),218.0,8.0,24,10,6,High,Medium,High,Sesame,"rice flour, roasted gram, sesame, cumin",Vegan,,Prepare it in a balanced home-style way with measured oil. Add vegetables or lentils to keep the plate complete. Keep it as a small snack portion rather than a full meal.,30 mins walking or yoga,Watch total oil and keep the plate balanced. Contains sesame.
710,Karnataka,Maintaining Balanced Diet,Snack,Kodubale (With Vegetables),218.0,8.0,24,10,6,High,Low,Medium,Sesame,"rice flour, roasted gram, sesame, cumin",Vegan,,Prepare it in a balanced home-style way with measured oil. Add vegetables or lentils to keep the plate complete. Keep it as a small snack portion rather than a full meal.,30 mins walking or yoga,Watch total oil and keep the plate balanced. Contains sesame.
711,Karnataka,Maintaining Balanced Diet,Snack,Mandakki Usli (With Greens),190.0,6.0,25,8,6,Medium,High,Low,"Peanut, Peanuts","puffed rice, onion, peanuts, curry leaves",Vegan,,Prepare it in a balanced home-style way with measured oil. Add vegetables or lentils to keep the plate complete. Keep it as a small snack portion rather than a full meal.,30 mins walking or yoga,Watch total oil and keep the plate balanced. Contains peanuts.
712,Karnataka,Maintaining Balanced Diet,Snack,Mandakki Usli (With Vegetables),190.0,6.0,25,8,6,High,Medium,High,"Peanut, Peanuts","puffed rice, onion, peanuts, curry leaves",Vegan,,Prepare it in a balanced home-style way with measured oil. Add vegetables or lentils to keep the plate complete. Keep it as a small snack portion rather than a full meal.,30 mins walking or yoga,Watch total oil and keep the plate balanced. Contains peanuts.
713,Karnataka,Maintaining Balanced Diet,Snack,Nippattu (With Greens),190.0,6.0,25,8,6,High,Low,Medium,"Peanut, Peanuts","rice flour, roasted gram, peanuts, curry leaves",Vegan,,Prepare it in a balanced home-style way with measured oil. Add vegetables or lentils to keep the plate complete. Keep it as a small snack portion rather than a full meal.,30 mins walking or yoga,Watch total oil and keep the plate balanced. Contains peanuts.
714,Karnataka,Maintaining Balanced Diet,Snack,Nippattu (With Vegetables),190.0,6.0,25,8,6,Medium,High,Low,"Peanut, Peanuts","rice flour, roasted gram, peanuts, curry leaves",Vegan,,Prepare it in a balanced home-style way with measured oil. Add vegetables or lentils to keep the plate complete. Keep it as a small snack portion rather than a full meal.,30 mins walking or yoga,Watch total oil and keep the plate balanced. Contains peanuts.
715,Karnataka,Maintaining Balanced Diet,Snack,Nuchinunde (With Greens),180.0,5.0,22,7,5,Low,Medium,High,Safe,"chana dal, dill leaves, coconut, cumin",Vegan,,Prepare it in a balanced home-style way with measured oil. Add vegetables or lentils to keep the plate complete. Keep it as a small snack portion rather than a full meal.,30 mins walking or yoga,Watch total oil and keep the plate balanced.
716,Karnataka,Maintaining Balanced Diet,Snack,Nuchinunde (With Herbs),180.0,5.0,22,7,5,Medium,High,Low,Safe,"chana dal, dill leaves, coconut, cumin",Vegan,,Prepare it in a balanced home-style way with measured oil. Add vegetables or lentils to keep the plate complete. Keep it as a small snack portion rather than a full meal.,30 mins walking or yoga,Watch total oil and keep the plate balanced.
717,Karnataka,Maintaining Balanced Diet,Snack,Nuchinunde (With Vegetables),180.0,5.0,22,7,5,Low,Low,Medium,Safe,"chana dal, dill leaves, coconut, cumin",Vegan,,Prepare it in a balanced home-style way with measured oil. Add vegetables or lentils to keep the plate complete. Keep it as a small snack portion rather than a full meal.,30 mins walking or yoga,Watch total oil and keep the plate balanced.
718,Karnataka,Maintaining Balanced Diet,Snack,Puri Unde (With Greens),200.0,7.0,27,9,5,High,Low,Medium,"Peanut, Peanuts, Sesame","puffed rice, jaggery, peanuts, sesame",Vegan,,Prepare it in a balanced home-style way with measured oil. Add vegetables or lentils to keep the plate complete. Keep it as a small snack portion rather than a full meal.,30 mins walking or yoga,"Watch total oil and keep the plate balanced. Contains peanuts, sesame."
719,Karnataka,Maintaining Balanced Diet,Snack,Puri Unde (With Herbs),200.0,7.0,27,9,5,High,Medium,High,"Peanut, Peanuts, Sesame","puffed rice, jaggery, peanuts, sesame",Vegan,,Prepare it in a balanced home-style way with measured oil. Add vegetables or lentils to keep the plate complete. Keep it as a small snack portion rather than a full meal.,30 mins walking or yoga,"Watch total oil and keep the plate balanced. Contains peanuts, sesame."
720,Karnataka,Maintaining Balanced Diet,Snack,Puri Unde (With Vegetables),200.0,7.0,27,9,5,Medium,High,Low,"Peanut, Peanuts, Sesame","puffed rice, jaggery, peanuts, sesame",Vegan,,Prepare it in a balanced home-style way with measured oil. Add vegetables or lentils to keep the plate complete. Keep it as a small snack portion rather than a full meal.,30 mins walking or yoga,"Watch total oil and keep the plate balanced. Contains peanuts, sesame."
721,Karnataka,Maintaining Balanced Diet,Dinner,Akki Roti + Badanekayi (Eggplant) Palya,490.0,10.0,80,15,10,High,Medium,Low,Egg,"Rice Flour, Eggplant",Vegetarian,,Cook eggplant with standard oil.,20 mins evening walk,No specific warning
722,Karnataka,Maintaining Balanced Diet,Dinner,Bisibelebath + Raita + Papad (Dinner),540.0,16.0,82,14,11,Medium,Medium,Low,Dairy,"Rice, Dal, Vegetables, Ghee, Curd",Vegetarian,,One-pot Karnataka dinner. Moderate portion with raita.,20 mins walk,Traditional balanced dinner
723,Karnataka,Maintaining Balanced Diet,Dinner,Chapati (3) + Dal + Sabji + Curd,500.0,18.0,72,14,10,Medium,Medium,Low,"Dairy, Gluten","Wheat, Mixed Dal, Seasonal Vegetable, Curd",Vegetarian,,"Chapati with seasonal vegetable, dal and curd.",20 mins walk,Classic balanced vegetarian dinner
724,Karnataka,Maintaining Balanced Diet,Dinner,Chapati + Mixed Veg Kurma,500.0,15.0,75,16,12,Medium,Medium,Low,Gluten,"Wheat, Mixed Veg, Coconut",Vegetarian,,Use moderate coconut paste for the kurma.,20 mins evening walk,No specific warning
725,Karnataka,Maintaining Balanced Diet,Dinner,Curd Rice + Pickle + Appalam + Fruit,420.0,10.0,66,10,4,Medium,Medium,Low,Dairy,"Rice, Full Fat Curd, Pickle, Appalam",Vegetarian,,Comfort curd rice dinner. Roasted appalam. Small fruit.,20 mins walk,Light balanced dinner option
726,Karnataka,Maintaining Balanced Diet,Dinner,Dosa (Plain) + Sambar,450.0,12.0,70,12,8,Medium,Medium,Low,Safe,"Rice, Urad Dal, Toor Dal",Vegetarian,,Standard light dinner.,20 mins evening walk,No specific warning
727,Karnataka,Maintaining Balanced Diet,Dinner,Godhi (Wheat) Dosa + Coconut Chutney,460.0,14.0,70,14,8,Medium,Medium,Low,Gluten,"Wheat Flour, Coconut",Vegetarian,,Instant wheat dosa cooked with moderate oil.,20 mins evening walk,No specific warning
728,Karnataka,Maintaining Balanced Diet,Dinner,Kesari Bath (With Vegetables),320.0,11.0,53,12,7,Medium,High,Low,"Dairy, Gluten, Nut","semolina, sugar, ghee, saffron, cashew",Vegetarian,,Prepare it in a balanced home-style way with measured oil. Add vegetables or lentils to keep the plate complete. Keep the dinner portion moderate so it sits lightly.,30 mins walking or yoga,"Watch total oil and keep the plate balanced. Contains gluten, dairy."
729,Karnataka,Maintaining Balanced Diet,Dinner,Obbattu (Holige) (With Herbs),310.0,10.0,50,11,6,High,Medium,High,"Dairy, Gluten","wheat flour, chana dal, jaggery, ghee, cardamom",Vegetarian,,Prepare it in a balanced home-style way with measured oil. Add vegetables or lentils to keep the plate complete. Keep the dinner portion moderate so it sits lightly.,30 mins walking or yoga,"Watch total oil and keep the plate balanced. Contains gluten, dairy."
730,Karnataka,Maintaining Balanced Diet,Dinner,Obbattu (Holige) (With Vegetables),310.0,10.0,50,11,6,High,Medium,High,"Dairy, Gluten","wheat flour, chana dal, jaggery, ghee, cardamom",Vegetarian,,Prepare it in a balanced home-style way with measured oil. Add vegetables or lentils to keep the plate complete. Keep the dinner portion moderate so it sits lightly.,30 mins walking or yoga,"Watch total oil and keep the plate balanced. Contains gluten, dairy."
731,Karnataka,Maintaining Balanced Diet,Dinner,Ragi Mudde + Hurali (Horsegram) Saaru,520.0,22.0,80,12,16,Low,Medium,Low,Safe,"Finger Millet, Horsegram",Vegetarian,,"Nutrient-dense, balanced local dinner.",20 mins evening walk,No specific warning
732,Karnataka,Maintaining Balanced Diet,Dinner,Sagu (With Greens),330.0,12.0,55,13,6,High,Low,Medium,Safe,"mixed vegetables, coconut, onion, spices",Vegetarian,,Prepare it in a balanced home-style way with measured oil. Add vegetables or lentils to keep the plate complete. Keep the dinner portion moderate so it sits lightly.,30 mins walking or yoga,Watch total oil and keep the plate balanced.
733,Karnataka,Maintaining Balanced Diet,Dinner,Sagu (With Vegetables),330.0,12.0,55,13,6,High,Low,Medium,Safe,"mixed vegetables, coconut, onion, spices",Vegetarian,,Prepare it in a balanced home-style way with measured oil. Add vegetables or lentils to keep the plate complete. Keep the dinner portion moderate so it sits lightly.,30 mins walking or yoga,Watch total oil and keep the plate balanced.
734,Karnataka,Maintaining Balanced Diet,Dinner,Tomato Bath (Rice) + Onion Raitha,480.0,10.0,80,14,6,High,Medium,Low,Dairy,"Rice, Tomato, Yogurt",Vegetarian,,Cook rice with tomatoes and spices. Pair with cooling yogurt.,20 mins evening walk,No specific warning
735,Karnataka,Maintaining Balanced Diet,Dinner,Vegetable Biryani + Raita + Salad,540.0,14.0,88,14,8,High,High,Low,Dairy,"Basmati Rice, Mixed Vegetables, Ghee, Curd",Vegetarian,,Fragrant vegetable biryani. Full fat raita. Green salad.,20 mins walk,Festive balanced dinner
736,Karnataka,Maintaining Balanced Diet,Dinner,Wheat Roti (3) + Paneer + Dal + Raita,520.0,24.0,70,16,9,Medium,Medium,Medium,"Dairy, Gluten","Wheat, Paneer, Dal, Curd",Vegetarian,,Balanced vegetarian dinner with protein and carbs.,20 mins walk,Complete amino acid profile
737,Karnataka,Maintaining Balanced Diet,Dinner,Akki Roti + Egg Curry + Salad,480.0,22.0,62,14,7,Medium,Medium,Medium,Egg,"Rice Flour, Eggs, Salad Greens",Non-Vegetarian,,Crispy akki roti with egg curry and fresh salad.,20 mins walk,Traditional balanced Karnataka dinner
738,Karnataka,Maintaining Balanced Diet,Dinner,Anjal Fry (With Greens),370.0,23.0,36,17,4,Low,Medium,High,"Fish, Gluten","kingfish, spice mix, semolina, lemon",Non-Vegetarian,Fish,Prepare it in a balanced home-style way with measured oil. Add vegetables or lentils to keep the plate complete. Keep the dinner portion moderate so it sits lightly.,30 mins walking or yoga,"Watch total oil and keep the plate balanced. Contains gluten, fish."
739,Karnataka,Maintaining Balanced Diet,Dinner,Anjal Fry (With Herbs),370.0,23.0,36,17,4,High,Low,Medium,"Fish, Gluten","kingfish, spice mix, semolina, lemon",Non-Vegetarian,Fish,Prepare it in a balanced home-style way with measured oil. Add vegetables or lentils to keep the plate complete. Keep the dinner portion moderate so it sits lightly.,30 mins walking or yoga,"Watch total oil and keep the plate balanced. Contains gluten, fish."
740,Karnataka,Maintaining Balanced Diet,Dinner,Anjal Fry (With Vegetables),370.0,23.0,36,17,4,Medium,High,Low,"Fish, Gluten","kingfish, spice mix, semolina, lemon",Non-Vegetarian,Fish,Prepare it in a balanced home-style way with measured oil. Add vegetables or lentils to keep the plate complete. Keep the dinner portion moderate so it sits lightly.,30 mins walking or yoga,"Watch total oil and keep the plate balanced. Contains gluten, fish."
741,Karnataka,Maintaining Balanced Diet,Dinner,Brown Rice + Sambar + Fish Fry + Kootu,560.0,36.0,68,14,9,High,Medium,Medium,Fish,"Brown Rice, Fish, Toor Dal, Mixed Vegetables",Non-Vegetarian,Fish,Karnataka style full fish dinner with brown rice.,20 mins walk,Well balanced coastal dinner
742,Karnataka,Maintaining Balanced Diet,Dinner,Chicken Pulimunchi (Home Style),370.0,23.0,36,17,4,High,Low,Medium,Chicken,"chicken, tamarind, chilli, garlic",Non-Vegetarian,Chicken,Prepare it in a balanced home-style way with measured oil. Add vegetables or lentils to keep the plate complete. Keep the dinner portion moderate so it sits lightly.,30 mins walking or yoga,Watch total oil and keep the plate balanced. Contains chicken.
743,Karnataka,Maintaining Balanced Diet,Dinner,Chicken Pulimunchi (With Vegetables),370.0,23.0,36,17,4,Medium,High,Low,Chicken,"chicken, tamarind, chilli, garlic",Non-Vegetarian,Chicken,Prepare it in a balanced home-style way with measured oil. Add vegetables or lentils to keep the plate complete. Keep the dinner portion moderate so it sits lightly.,30 mins walking or yoga,Watch total oil and keep the plate balanced. Contains chicken.
744,Karnataka,Maintaining Balanced Diet,Dinner,Crab Curry (Home Style),380.0,24.0,39,18,5,Low,Medium,High,"Fish, Shellfish","crab, coconut, spices, chilli",Non-Vegetarian,Crab,Prepare it in a balanced home-style way with measured oil. Add vegetables or lentils to keep the plate complete. Keep the dinner portion moderate so it sits lightly.,30 mins walking or yoga,Watch total oil and keep the plate balanced. Contains shellfish.
745,Karnataka,Maintaining Balanced Diet,Dinner,Crab Curry (With Vegetables),380.0,24.0,39,18,5,High,Low,Medium,"Fish, Shellfish","crab, coconut, spices, chilli",Non-Vegetarian,Crab,Prepare it in a balanced home-style way with measured oil. Add vegetables or lentils to keep the plate complete. Keep the dinner portion moderate so it sits lightly.,30 mins walking or yoga,Watch total oil and keep the plate balanced. Contains shellfish.
746,Karnataka,Maintaining Balanced Diet,Dinner,Koli Saaru (With Greens),436.0,26.0,38,20,5,Medium,High,Low,Chicken,"chicken, coconut, pepper, coriander",Non-Vegetarian,Chicken,Prepare it in a balanced home-style way with measured oil. Add vegetables or lentils to keep the plate complete. Keep the dinner portion moderate so it sits lightly.,30 mins walking or yoga,Watch total oil and keep the plate balanced. Contains chicken.
747,Karnataka,Maintaining Balanced Diet,Dinner,Koli Saaru (With Vegetables),436.0,26.0,38,20,5,High,Low,Medium,Chicken,"chicken, coconut, pepper, coriander",Non-Vegetarian,Chicken,Prepare it in a balanced home-style way with measured oil. Add vegetables or lentils to keep the plate complete. Keep the dinner portion moderate so it sits lightly.,30 mins walking or yoga,Watch total oil and keep the plate balanced. Contains chicken.
748,Karnataka,Maintaining Balanced Diet,Dinner,Mutton Biryani (Home Style),390.0,25.0,41,19,4,Medium,High,Low,"Dairy, Mutton","mutton, rice, spices, ghee",Non-Vegetarian,Mutton,Prepare it in a balanced home-style way with measured oil. Add vegetables or lentils to keep the plate complete. Keep the dinner portion moderate so it sits lightly.,30 mins walking or yoga,"Watch total oil and keep the plate balanced. Contains dairy, mutton."
749,Karnataka,Maintaining Balanced Diet,Dinner,Mutton Biryani (With Vegetables),390.0,25.0,41,19,4,High,Medium,High,"Dairy, Mutton","mutton, rice, spices, ghee",Non-Vegetarian,Mutton,Prepare it in a balanced home-style way with measured oil. Add vegetables or lentils to keep the plate complete. Keep the dinner portion moderate so it sits lightly.,30 mins walking or yoga,"Watch total oil and keep the plate balanced. Contains dairy, mutton."
750,Karnataka,Maintaining Balanced Diet,Dinner,Mutton Saaru + Ragi Mudde + Beans Palya,580.0,36.0,66,16,10,Low,Medium,High,Safe,"Mutton, Ragi, Beans, Spices",Non-Vegetarian,Mutton,Traditional Karnataka mutton dinner. Ragi mudde and beans palya.,20 mins walk,Rich traditional balanced dinner
751,Karnataka,Maintaining Balanced Diet,Dinner,Ragi Mudde + Chicken Saaru + Palya,520.0,30.0,68,12,10,Low,Medium,Low,Safe,"Ragi, Chicken, Dal, Vegetables",Non-Vegetarian,Chicken,Traditional Karnataka dinner. Ragi mudde with chicken saaru.,20 mins walk,Complete traditional balanced dinner
752,Karnataka,Maintaining Balanced Diet,Dinner,White Rice + Chicken Rasam + Dry Chicken,550.0,35.0,65,16,4,Medium,Medium,Low,Safe,"Rice, Chicken, Spices",Non-Vegetarian,Chicken,Light chicken broth with a small piece of dry chicken.,20 mins evening walk,No specific warning
753,Karnataka,Maintaining Balanced Diet,Dinner,Avarekalu Saaru (With Greens),347.0,12.0,50,11,8,Low,Low,Medium,Safe,"hyacinth beans, coconut, tamarind, spices",Vegan,,Prepare it in a balanced home-style way with measured oil. Add vegetables or lentils to keep the plate complete. Keep the dinner portion moderate so it sits lightly.,30 mins walking or yoga,Watch total oil and keep the plate balanced.
754,Karnataka,Maintaining Balanced Diet,Dinner,Avarekalu Saaru (With Vegetables),347.0,12.0,50,11,8,Medium,High,Low,Safe,"hyacinth beans, coconut, tamarind, spices",Vegan,,Prepare it in a balanced home-style way with measured oil. Add vegetables or lentils to keep the plate complete. Keep the dinner portion moderate so it sits lightly.,30 mins walking or yoga,Watch total oil and keep the plate balanced.
755,Karnataka,Maintaining Balanced Diet,Dinner,Bendekaayi Palya (With Greens),300.0,11.0,53,10,7,Medium,High,Low,Mustard,"okra, onion, mustard seeds, curry leaves",Vegan,,Prepare it in a balanced home-style way with measured oil. Add vegetables or lentils to keep the plate complete. Keep the dinner portion moderate so it sits lightly.,30 mins walking or yoga,Watch total oil and keep the plate balanced.
756,Karnataka,Maintaining Balanced Diet,Dinner,Bendekaayi Palya (With Herbs),300.0,11.0,53,10,7,High,Low,Medium,Mustard,"okra, onion, mustard seeds, curry leaves",Vegan,,Prepare it in a balanced home-style way with measured oil. Add vegetables or lentils to keep the plate complete. Keep the dinner portion moderate so it sits lightly.,30 mins walking or yoga,Watch total oil and keep the plate balanced.
757,Karnataka,Maintaining Balanced Diet,Dinner,Bendekaayi Palya (With Vegetables),300.0,11.0,53,10,7,Low,Medium,High,Mustard,"okra, onion, mustard seeds, curry leaves",Vegan,,Prepare it in a balanced home-style way with measured oil. Add vegetables or lentils to keep the plate complete. Keep the dinner portion moderate so it sits lightly.,30 mins walking or yoga,Watch total oil and keep the plate balanced.
758,Karnataka,Maintaining Balanced Diet,Dinner,Huli (With Greens),280.0,9.0,48,8,7,Low,Low,Medium,Sesame,"vegetables, tamarind, lentils, spices",Vegan,,Prepare it in a balanced home-style way with measured oil. Add vegetables or lentils to keep the plate complete. Keep the dinner portion moderate so it sits lightly.,30 mins walking or yoga,Watch total oil and keep the plate balanced. Contains sesame.
759,Karnataka,Maintaining Balanced Diet,Dinner,Huli (With Herbs),280.0,9.0,48,8,7,Low,Medium,High,Sesame,"vegetables, tamarind, lentils, spices",Vegan,,Prepare it in a balanced home-style way with measured oil. Add vegetables or lentils to keep the plate complete. Keep the dinner portion moderate so it sits lightly.,30 mins walking or yoga,Watch total oil and keep the plate balanced. Contains sesame.
760,Karnataka,Maintaining Balanced Diet,Dinner,Huli (With Vegetables),280.0,9.0,48,8,7,Medium,High,Low,Sesame,"vegetables, tamarind, lentils, spices",Vegan,,Prepare it in a balanced home-style way with measured oil. Add vegetables or lentils to keep the plate complete. Keep the dinner portion moderate so it sits lightly.,30 mins walking or yoga,Watch total oil and keep the plate balanced. Contains sesame.
761,Karnataka,Maintaining Balanced Diet,Dinner,Kosambari (With Greens),290.0,10.0,51,9,8,Medium,High,Low,Safe,"moong dal, cucumber, coconut, coriander",Vegan,,Prepare it in a balanced home-style way with measured oil. Add vegetables or lentils to keep the plate complete. Keep the dinner portion moderate so it sits lightly.,30 mins walking or yoga,Watch total oil and keep the plate balanced.
762,Karnataka,Maintaining Balanced Diet,Dinner,Kosambari (With Vegetables),290.0,10.0,51,9,8,Low,Medium,High,Safe,"moong dal, cucumber, coconut, coriander",Vegan,,Prepare it in a balanced home-style way with measured oil. Add vegetables or lentils to keep the plate complete. Keep the dinner portion moderate so it sits lightly.,30 mins walking or yoga,Watch total oil and keep the plate balanced.
763,Karnataka,Maintaining Balanced Diet,Dinner,Menthya Bath (With Greens),280.0,9.0,48,8,7,High,Medium,High,Safe,"rice, fenugreek leaves, tamarind, spices",Vegan,,Prepare it in a balanced home-style way with measured oil. Add vegetables or lentils to keep the plate complete. Keep the dinner portion moderate so it sits lightly.,30 mins walking or yoga,Watch total oil and keep the plate balanced.
764,Karnataka,Maintaining Balanced Diet,Dinner,Menthya Bath (With Vegetables),280.0,9.0,48,8,7,High,Low,Medium,Safe,"rice, fenugreek leaves, tamarind, spices",Vegan,,Prepare it in a balanced home-style way with measured oil. Add vegetables or lentils to keep the plate complete. Keep the dinner portion moderate so it sits lightly.,30 mins walking or yoga,Watch total oil and keep the plate balanced.
765,Karnataka,Maintaining Balanced Diet,Dinner,Saaru (With Greens),290.0,10.0,51,9,8,Low,Medium,High,Safe,"tomato, pepper, cumin, garlic",Vegan,,Prepare it in a balanced home-style way with measured oil. Add vegetables or lentils to keep the plate complete. Keep the dinner portion moderate so it sits lightly.,30 mins walking or yoga,Watch total oil and keep the plate balanced.
766,Karnataka,Maintaining Balanced Diet,Dinner,Saaru (With Vegetables),290.0,10.0,51,9,8,High,Low,Medium,Safe,"tomato, pepper, cumin, garlic",Vegan,,Prepare it in a balanced home-style way with measured oil. Add vegetables or lentils to keep the plate complete. Keep the dinner portion moderate so it sits lightly.,30 mins walking or yoga,Watch total oil and keep the plate balanced.
767,Karnataka,Maintaining Balanced Diet,Dinner,Soppina Saaru (With Greens),300.0,11.0,53,10,7,Medium,High,Low,Sesame,"greens, lentils, garlic, spices",Vegan,,Prepare it in a balanced home-style way with measured oil. Add vegetables or lentils to keep the plate complete. Keep the dinner portion moderate so it sits lightly.,30 mins walking or yoga,Watch total oil and keep the plate balanced. Contains sesame.
768,Karnataka,Maintaining Balanced Diet,Dinner,Soppina Saaru (With Vegetables),300.0,11.0,53,10,7,Low,Medium,High,Sesame,"greens, lentils, garlic, spices",Vegan,,Prepare it in a balanced home-style way with measured oil. Add vegetables or lentils to keep the plate complete. Keep the dinner portion moderate so it sits lightly.,30 mins walking or yoga,Watch total oil and keep the plate balanced. Contains sesame.
769,Karnataka,Diabetes,Breakfast,Besan Chilla + Tomato Chutney,240.0,12.0,32,6,6,Low,Low,Low,Safe,"Besan, Onion, Tomato, Spinach",Vegetarian,,Make thin gram flour chilla with vegetables. No added oil.,30 mins walking,Low GI breakfast option
770,Karnataka,Diabetes,Breakfast,Broken Wheat Upma + Vegetables,270.0,9.0,44,5,7,Low,Low,Low,Gluten,"Broken Wheat, Carrot, Peas, Onion",Vegetarian,,Cook broken wheat with extra vegetables. Minimal oil.,30 mins walking,Low GI compared to semolina
771,Karnataka,Diabetes,Breakfast,Godhi (Broken Wheat) Uppittu,310.0,12.0,45,8,9,Low,Medium,Low,"Egg, Gluten","Broken Wheat, Veggies",Vegetarian,,Replace semolina with broken wheat. Add abundant vegetables.,20 mins post-meal walk,Check fasting glucose regularly
772,Karnataka,Diabetes,Breakfast,Jolada Roti + Raw Onion & Chili,280.0,10.0,48,4,10,Low,Medium,Low,Safe,"Sorghum, Onion",Vegetarian,,Sorghum has low GI. Dry roast the roti completely.,20 mins post-meal walk,Check fasting glucose regularly
773,Karnataka,Diabetes,Breakfast,Menthe (Fenugreek) Dosa + Tomato Chutney,320.0,10.0,50,8,9,High,Medium,Low,Safe,"Rice, Fenugreek Seeds, Urad Dal",Vegetarian,,Fenugreek helps lower blood sugar. Cook with zero oil spray.,20 mins post-meal walk,Check fasting glucose regularly
774,Karnataka,Diabetes,Breakfast,Methi (Fenugreek) Thepla + Curd,260.0,10.0,38,6,7,Low,Medium,Low,"Dairy, Gluten","Wheat, Fenugreek Leaves, Curd",Vegetarian,,Fenugreek lowers blood sugar. Make thin theplas. Low fat curd.,30 mins walking,Fenugreek beneficial for diabetes
775,Karnataka,Diabetes,Breakfast,Moong Dal Idli (4) + Sambar,260.0,14.0,36,4,8,Low,Low,Low,Safe,"Moong Dal, Toor Dal, Vegetables",Vegetarian,,Replace rice with moong dal for lower glycemic idli.,30 mins walking,Excellent for diabetes management
776,Karnataka,Diabetes,Breakfast,Navane (Foxtail Millet) Dosa,300.0,10.0,45,8,8,Low,Medium,Low,Safe,"Foxtail Millet, Urad Dal",Vegetarian,,Replace rice entirely with millet.,20 mins post-meal walk,Check fasting glucose regularly
777,Karnataka,Diabetes,Breakfast,Oats Porridge (No Sugar) + Nuts,280.0,10.0,42,9,6,Low,Low,Low,"Dairy, Gluten, Nut, Nuts","Oats, Milk, Almonds, Walnuts, Cinnamon",Vegetarian,,Cook oats in low fat milk. Add nuts and cinnamon. No sugar.,30 mins walking,Cinnamon helps insulin sensitivity
778,Karnataka,Diabetes,Breakfast,Ragi Dosa + Groundnut Chutney (No Sugar),260.0,9.0,40,7,8,Low,Low,Low,"Peanut, Peanuts","Finger Millet, Groundnuts, Ginger",Vegetarian,,Prepare crispy ragi dosa. Groundnut chutney without added sugar.,30 mins brisk walking,Monitor blood sugar post meal
779,Karnataka,Diabetes,Breakfast,Ragi Ganji (Salted Buttermilk base),260.0,8.0,40,4,10,Low,Medium,Low,Dairy,"Finger Millet, Buttermilk",Vegetarian,,Strictly no sugar/jaggery. Boil in water and mix with buttermilk.,20 mins post-meal walk,Check fasting glucose regularly
780,Karnataka,Diabetes,Breakfast,Ragi Idli + Pudina Chutney,300.0,12.0,45,6,10,Low,Medium,Low,Safe,"Finger Millet, Urad Dal, Mint",Vegetarian,,Use ragi instead of rice for the idli batter. Ferment normally.,20 mins post-meal walk,Check fasting glucose regularly
781,Karnataka,Diabetes,Breakfast,Rava Idli (Steamed),265.0,9.0,33,9,8,Low,Medium,Low,"Dairy, Gluten, Mustard","semolina, curd, carrot, mustard seeds, curry leaves",Vegetarian,,Use whole grains or millets where possible and avoid sugar or jaggery. Keep the serving modest and prefer roasting or steaming. It works best as a light breakfast with tea or chutney.,15–20 mins post-meal walk,"Avoid added sugar and keep the serving controlled. Contains gluten, dairy."
782,Karnataka,Diabetes,Breakfast,Sprouted Hesaru Kaalu (Moong) Salad,250.0,15.0,35,4,12,Low,Medium,Low,Safe,"Green Gram Sprouts, Cucumber",Vegetarian,,Raw sprouts provide high fiber and slow-release carbs.,20 mins post-meal walk,Check fasting glucose regularly
783,Karnataka,Diabetes,Breakfast,Sprouts Chaat (No Potatoes),180.0,12.0,26,3,8,Low,Low,Low,Safe,"Mixed Sprouts, Cucumber, Tomato, Lemon",Vegetarian,,Mixed sprouts with raw vegetables and lemon. No potato.,30 mins walking,Raw sprouts risk - wash well
784,Karnataka,Diabetes,Breakfast,Vegetable Upma (Ragi-based),250.0,8.0,38,5,9,Low,Low,Low,Safe,"Ragi Flour, Mixed Vegetables, Curry Leaves",Vegetarian,,Use ragi instead of rava for lower GI. Add extra vegetables.,30 mins walking,Avoid semolina - use ragi only
785,Karnataka,Diabetes,Breakfast,Akki Rotti with Chicken Sukka (High Fibre),264.0,18.0,21,12,7,Medium,Low,Low,Chicken,"rice flour, chicken, coconut, spices",Non-Vegetarian,Chicken,Use whole grains or millets where possible and avoid sugar or jaggery. Keep the serving modest and prefer roasting or steaming. It works best as a light breakfast with tea or chutney.,15–20 mins post-meal walk,Avoid added sugar and keep the serving controlled. Contains chicken.
786,Karnataka,Diabetes,Breakfast,Akki Rotti with Chicken Sukka (Low Salt),264.0,18.0,21,12,7,Medium,Low,Low,Chicken,"rice flour, chicken, coconut, spices",Non-Vegetarian,Chicken,Use whole grains or millets where possible and avoid sugar or jaggery. Keep the serving modest and prefer roasting or steaming. It works best as a light breakfast with tea or chutney.,15–20 mins post-meal walk,Avoid added sugar and keep the serving controlled. Contains chicken.
787,Karnataka,Diabetes,Breakfast,Akki Rotti with Chicken Sukka (Steamed),264.0,18.0,21,12,7,Medium,Low,Low,Chicken,"rice flour, chicken, coconut, spices",Non-Vegetarian,Chicken,Use whole grains or millets where possible and avoid sugar or jaggery. Keep the serving modest and prefer roasting or steaming. It works best as a light breakfast with tea or chutney.,15–20 mins post-meal walk,Avoid added sugar and keep the serving controlled. Contains chicken.
788,Karnataka,Diabetes,Breakfast,Chicken Sukka (Low Salt),239.0,17.0,18,11,6,Medium,Low,Low,Chicken,"chicken, coconut, pepper, curry leaves",Non-Vegetarian,Chicken,Use whole grains or millets where possible and avoid sugar or jaggery. Keep the serving modest and prefer roasting or steaming. It works best as a light breakfast with tea or chutney.,15–20 mins post-meal walk,Avoid added sugar and keep the serving controlled. Contains chicken.
789,Karnataka,Diabetes,Breakfast,Chicken Sukka (Steamed),239.0,17.0,18,11,6,Medium,Low,Low,Chicken,"chicken, coconut, pepper, curry leaves",Non-Vegetarian,Chicken,Use whole grains or millets where possible and avoid sugar or jaggery. Keep the serving modest and prefer roasting or steaming. It works best as a light breakfast with tea or chutney.,15–20 mins post-meal walk,Avoid added sugar and keep the serving controlled. Contains chicken.
790,Karnataka,Diabetes,Breakfast,Egg Whites (3) + Spinach Stir Fry + 1 Roti,260.0,22.0,28,5,6,Low,Low,Low,"Egg, Gluten","Egg Whites, Spinach, Wheat, Garlic",Non-Vegetarian,,Pan fry egg whites with spinach. Thin wheat roti without ghee.,30 mins walking,"Low carb, high protein option"
791,Karnataka,Diabetes,Breakfast,Koli Curry (High Fibre),285.0,20.0,20,14,7,Low,Medium,Low,Chicken,"chicken, red chilli, coconut, garlic",Non-Vegetarian,Chicken,Use whole grains or millets where possible and avoid sugar or jaggery. Keep the serving modest and prefer roasting or steaming. It works best as a light breakfast with tea or chutney.,15–20 mins post-meal walk,Avoid added sugar and keep the serving controlled. Contains chicken.
792,Karnataka,Diabetes,Breakfast,Koli Curry (Low Salt),285.0,20.0,20,14,7,Low,Medium,Low,Chicken,"chicken, red chilli, coconut, garlic",Non-Vegetarian,Chicken,Use whole grains or millets where possible and avoid sugar or jaggery. Keep the serving modest and prefer roasting or steaming. It works best as a light breakfast with tea or chutney.,15–20 mins post-meal walk,Avoid added sugar and keep the serving controlled. Contains chicken.
793,Karnataka,Diabetes,Breakfast,Koli Curry (Steamed),285.0,20.0,20,14,7,Low,Medium,Low,Chicken,"chicken, red chilli, coconut, garlic",Non-Vegetarian,Chicken,Use whole grains or millets where possible and avoid sugar or jaggery. Keep the serving modest and prefer roasting or steaming. It works best as a light breakfast with tea or chutney.,15–20 mins post-meal walk,Avoid added sugar and keep the serving controlled. Contains chicken.
794,Karnataka,Diabetes,Breakfast,Kori Rotti (High Fibre),315.0,19.0,23,13,6,High,Low,Medium,Chicken,"rice wafers, chicken curry, coconut, spices",Non-Vegetarian,Chicken,Use whole grains or millets where possible and avoid sugar or jaggery. Keep the serving modest and prefer roasting or steaming. It works best as a light breakfast with tea or chutney.,15–20 mins post-meal walk,Avoid added sugar and keep the serving controlled. Contains chicken.
795,Karnataka,Diabetes,Breakfast,Kori Rotti (Low Salt),315.0,19.0,23,13,6,High,Low,Medium,Chicken,"rice wafers, chicken curry, coconut, spices",Non-Vegetarian,Chicken,Use whole grains or millets where possible and avoid sugar or jaggery. Keep the serving modest and prefer roasting or steaming. It works best as a light breakfast with tea or chutney.,15–20 mins post-meal walk,Avoid added sugar and keep the serving controlled. Contains chicken.
796,Karnataka,Diabetes,Breakfast,Kori Rotti (Steamed),315.0,19.0,23,13,6,High,Low,Medium,Chicken,"rice wafers, chicken curry, coconut, spices",Non-Vegetarian,Chicken,Use whole grains or millets where possible and avoid sugar or jaggery. Keep the serving modest and prefer roasting or steaming. It works best as a light breakfast with tea or chutney.,15–20 mins post-meal walk,Avoid added sugar and keep the serving controlled. Contains chicken.
797,Karnataka,Diabetes,Breakfast,Mangalore Fish Fry (Low Salt),264.0,18.0,21,12,7,Low,Low,Medium,"Fish, Gluten","fish, rava, spices, lemon",Non-Vegetarian,Fish,Use whole grains or millets where possible and avoid sugar or jaggery. Keep the serving modest and prefer roasting or steaming. It works best as a light breakfast with tea or chutney.,15–20 mins post-meal walk,"Avoid added sugar and keep the serving controlled. Contains gluten, fish."
798,Karnataka,Diabetes,Breakfast,Mangalore Fish Fry (Steamed),264.0,18.0,21,12,7,Low,Low,Medium,"Fish, Gluten","fish, rava, spices, lemon",Non-Vegetarian,Fish,Use whole grains or millets where possible and avoid sugar or jaggery. Keep the serving modest and prefer roasting or steaming. It works best as a light breakfast with tea or chutney.,15–20 mins post-meal walk,"Avoid added sugar and keep the serving controlled. Contains gluten, fish."
799,Karnataka,Diabetes,Breakfast,Neer Dose with Kori Gassi (Low Salt),239.0,17.0,18,11,6,High,Medium,Low,Chicken,"rice, chicken, coconut, spices",Non-Vegetarian,Chicken,Use whole grains or millets where possible and avoid sugar or jaggery. Keep the serving modest and prefer roasting or steaming. It works best as a light breakfast with tea or chutney.,15–20 mins post-meal walk,Avoid added sugar and keep the serving controlled. Contains chicken.
800,Karnataka,Diabetes,Breakfast,Neer Dose with Kori Gassi (Steamed),239.0,17.0,18,11,6,High,Medium,Low,Chicken,"rice, chicken, coconut, spices",Non-Vegetarian,Chicken,Use whole grains or millets where possible and avoid sugar or jaggery. Keep the serving modest and prefer roasting or steaming. It works best as a light breakfast with tea or chutney.,15–20 mins post-meal walk,Avoid added sugar and keep the serving controlled. Contains chicken.
801,Karnataka,Diabetes,Breakfast,Akki Rotti (Low Salt),176.0,7.0,28,4,8,High,Low,Medium,Safe,"rice flour, onion, coriander, green chilli",Vegan,,Use whole grains or millets where possible and avoid sugar or jaggery. Keep the serving modest and prefer roasting or steaming. It works best as a light breakfast with tea or chutney.,15–20 mins post-meal walk,Avoid added sugar and keep the serving controlled.
802,Karnataka,Diabetes,Breakfast,Akki Rotti (Steamed),176.0,7.0,28,4,8,Medium,Low,Low,Safe,"rice flour, onion, coriander, green chilli",Vegan,,Use whole grains or millets where possible and avoid sugar or jaggery. Keep the serving modest and prefer roasting or steaming. It works best as a light breakfast with tea or chutney.,15–20 mins post-meal walk,Avoid added sugar and keep the serving controlled.
803,Karnataka,Diabetes,Breakfast,Avalakki Uppittu (Low Salt),245.0,9.0,33,6,8,Medium,Low,Low,"Peanut, Peanuts","flattened rice, onion, peanuts, curry leaves",Vegan,,Use whole grains or millets where possible and avoid sugar or jaggery. Keep the serving modest and prefer roasting or steaming. It works best as a light breakfast with tea or chutney.,15–20 mins post-meal walk,Avoid added sugar and keep the serving controlled. Contains peanuts.
804,Karnataka,Diabetes,Breakfast,Avalakki Uppittu (Steamed),245.0,9.0,33,6,8,High,Medium,Low,"Peanut, Peanuts","flattened rice, onion, peanuts, curry leaves",Vegan,,Use whole grains or millets where possible and avoid sugar or jaggery. Keep the serving modest and prefer roasting or steaming. It works best as a light breakfast with tea or chutney.,15–20 mins post-meal walk,Avoid added sugar and keep the serving controlled. Contains peanuts.
805,Karnataka,Diabetes,Breakfast,Neer Dose (Low Salt),201.0,8.0,31,5,9,High,Low,Medium,Safe,"rice, coconut, salt",Vegan,,Use whole grains or millets where possible and avoid sugar or jaggery. Keep the serving modest and prefer roasting or steaming. It works best as a light breakfast with tea or chutney.,15–20 mins post-meal walk,Avoid added sugar and keep the serving controlled.
806,Karnataka,Diabetes,Breakfast,Neer Dose (Mini Portion),201.0,8.0,31,5,9,High,Medium,Low,Safe,"rice, coconut, salt",Vegan,,Use whole grains or millets where possible and avoid sugar or jaggery. Keep the serving modest and prefer roasting or steaming. It works best as a light breakfast with tea or chutney.,15–20 mins post-meal walk,Avoid added sugar and keep the serving controlled.
807,Karnataka,Diabetes,Breakfast,Neer Dose (Steamed),201.0,8.0,31,5,9,Medium,Low,Low,Safe,"rice, coconut, salt",Vegan,,Use whole grains or millets where possible and avoid sugar or jaggery. Keep the serving modest and prefer roasting or steaming. It works best as a light breakfast with tea or chutney.,15–20 mins post-meal walk,Avoid added sugar and keep the serving controlled.
808,Karnataka,Diabetes,Breakfast,Paddu (Gundponglu) (Low Salt),176.0,7.0,28,4,8,High,Low,Medium,Safe,"rice batter, urad dal, curry leaves, onion",Vegan,,Use whole grains or millets where possible and avoid sugar or jaggery. Keep the serving modest and prefer roasting or steaming. It works best as a light breakfast with tea or chutney.,15–20 mins post-meal walk,Avoid added sugar and keep the serving controlled.
809,Karnataka,Diabetes,Breakfast,Paddu (Gundponglu) (Steamed),176.0,7.0,28,4,8,Medium,Low,Low,Safe,"rice batter, urad dal, curry leaves, onion",Vegan,,Use whole grains or millets where possible and avoid sugar or jaggery. Keep the serving modest and prefer roasting or steaming. It works best as a light breakfast with tea or chutney.,15–20 mins post-meal walk,Avoid added sugar and keep the serving controlled.
810,Karnataka,Diabetes,Breakfast,Ragi Rotti (Low Salt),245.0,9.0,33,6,8,Low,Medium,Low,Safe,"ragi flour, onion, coriander, green chilli",Vegan,,Use whole grains or millets where possible and avoid sugar or jaggery. Keep the serving modest and prefer roasting or steaming. It works best as a light breakfast with tea or chutney.,15–20 mins post-meal walk,Avoid added sugar and keep the serving controlled.
811,Karnataka,Diabetes,Breakfast,Ragi Rotti (Steamed),245.0,9.0,33,6,8,Low,Low,Medium,Safe,"ragi flour, onion, coriander, green chilli",Vegan,,Use whole grains or millets where possible and avoid sugar or jaggery. Keep the serving modest and prefer roasting or steaming. It works best as a light breakfast with tea or chutney.,15–20 mins post-meal walk,Avoid added sugar and keep the serving controlled.
812,Karnataka,Diabetes,Breakfast,Ragi Rotti (Thin),245.0,9.0,33,6,8,Medium,Low,Low,Safe,"ragi flour, onion, coriander, green chilli",Vegan,,Use whole grains or millets where possible and avoid sugar or jaggery. Keep the serving modest and prefer roasting or steaming. It works best as a light breakfast with tea or chutney.,15–20 mins post-meal walk,Avoid added sugar and keep the serving controlled.
813,Karnataka,Diabetes,Breakfast,Sajje Rotti (Low Salt),215.0,10.0,30,7,9,Medium,Low,Low,Safe,"pearl millet flour, onion, coriander, green chilli",Vegan,,Use whole grains or millets where possible and avoid sugar or jaggery. Keep the serving modest and prefer roasting or steaming. It works best as a light breakfast with tea or chutney.,15–20 mins post-meal walk,Avoid added sugar and keep the serving controlled.
814,Karnataka,Diabetes,Breakfast,Sajje Rotti (Steamed),215.0,10.0,30,7,9,Low,Medium,Low,Safe,"pearl millet flour, onion, coriander, green chilli",Vegan,,Use whole grains or millets where possible and avoid sugar or jaggery. Keep the serving modest and prefer roasting or steaming. It works best as a light breakfast with tea or chutney.,15–20 mins post-meal walk,Avoid added sugar and keep the serving controlled.
815,Karnataka,Diabetes,Breakfast,Shavige Uppittu (Low Salt),201.0,8.0,31,5,9,High,Medium,Low,Mustard,"rice vermicelli, onion, mustard seeds, curry leaves",Vegan,,Use whole grains or millets where possible and avoid sugar or jaggery. Keep the serving modest and prefer roasting or steaming. It works best as a light breakfast with tea or chutney.,15–20 mins post-meal walk,Avoid added sugar and keep the serving controlled.
816,Karnataka,Diabetes,Breakfast,Shavige Uppittu (Steamed),201.0,8.0,31,5,9,High,Low,Medium,Mustard,"rice vermicelli, onion, mustard seeds, curry leaves",Vegan,,Use whole grains or millets where possible and avoid sugar or jaggery. Keep the serving modest and prefer roasting or steaming. It works best as a light breakfast with tea or chutney.,15–20 mins post-meal walk,Avoid added sugar and keep the serving controlled.
817,Karnataka,Diabetes,Lunch,Bisi Bele Bath (Low Salt),315.0,10.0,44,9,9,High,Low,Medium,Dairy,"rice, toor dal, vegetables, bisi bele bath masala, ghee",Vegetarian,,Use whole grains or millets where possible and avoid sugar or jaggery. Keep the serving modest and prefer roasting or steaming. Serve it with a simple salad or vegetable side for balance.,15–20 mins post-meal walk,Avoid added sugar and keep the serving controlled. Contains dairy.
818,Karnataka,Diabetes,Lunch,Bisi Bele Bath (Steamed),315.0,10.0,44,9,9,High,Low,Medium,Dairy,"rice, toor dal, vegetables, bisi bele bath masala, ghee",Vegetarian,,Use whole grains or millets where possible and avoid sugar or jaggery. Keep the serving modest and prefer roasting or steaming. Serve it with a simple salad or vegetable side for balance.,15–20 mins post-meal walk,Avoid added sugar and keep the serving controlled. Contains dairy.
819,Karnataka,Diabetes,Lunch,Brown Rice (Small) + Sambar + Salad,350.0,12.0,58,6,10,High,Low,Low,Safe,"Brown Rice, Toor Dal, Mixed Salad",Vegetarian,,Small portion brown rice. Vegetable-rich sambar. Raw salad.,40 mins walk,Monitor portion of rice closely
820,Karnataka,Diabetes,Lunch,Brown Rice + Majjige Huli + Southekai Palya,450.0,18.0,60,14,12,High,Medium,Low,Dairy,"Brown Rice, Yogurt, Ash Gourd, Cucumber",Vegetarian,,Ash gourd in yogurt is low GI. Brown rice prevents sugar spikes.,15 mins light walking,Avoid if post-meal exceeds 180 mg/dL
821,Karnataka,Diabetes,Lunch,Chapati + Hurali (Horsegram) Saaru + Sorekai,410.0,18.0,55,10,14,Low,Medium,Low,Gluten,"Wheat, Horsegram, Bottle Gourd",Vegetarian,,Horsegram is excellent for insulin resistance.,15 mins light walking,Avoid if post-meal exceeds 180 mg/dL
822,Karnataka,Diabetes,Lunch,Jolada Roti + Hesaru Kaalu (Green Gram) Curry,440.0,22.0,60,10,15,Low,Medium,Low,Safe,"Sorghum, Green Gram",Vegetarian,,Complex carbs paired with plant protein for stable blood glucose.,15 mins light walking,Avoid if post-meal exceeds 180 mg/dL
823,Karnataka,Diabetes,Lunch,Jowar Roti (3) + Dal + Cucumber Salad,360.0,16.0,56,6,12,Low,Low,Low,Safe,"Jowar, Toor Dal, Cucumber",Vegetarian,,Jowar has low GI. Thin rotis without ghee. Light dal and salad.,40 mins walk,Good blood sugar control combo
824,Karnataka,Diabetes,Lunch,Kharabath (Low Salt),335.0,12.0,49,11,9,Medium,Low,Low,Dairy,"rice, vegetables, spice mix, ghee",Vegetarian,,Use whole grains or millets where possible and avoid sugar or jaggery. Keep the serving modest and prefer roasting or steaming. Serve it with a simple salad or vegetable side for balance.,15–20 mins post-meal walk,Avoid added sugar and keep the serving controlled. Contains dairy.
825,Karnataka,Diabetes,Lunch,Kharabath (Steamed),335.0,12.0,49,11,9,Medium,Low,Low,Dairy,"rice, vegetables, spice mix, ghee",Vegetarian,,Use whole grains or millets where possible and avoid sugar or jaggery. Keep the serving modest and prefer roasting or steaming. Serve it with a simple salad or vegetable side for balance.,15–20 mins post-meal walk,Avoid added sugar and keep the serving controlled. Contains dairy.
826,Karnataka,Diabetes,Lunch,Lentil Soup (Large) + 2 Jowar Rotis,380.0,18.0,56,6,14,Low,Low,Low,Sesame,"Mixed Lentils, Jowar, Vegetables",Vegetarian,,Rich lentil soup with vegetables. Jowar rotis for low GI.,40 mins walk,High fibre for glucose control
827,Karnataka,Diabetes,Lunch,Ragi Mudde + Bassaru (No Potato) + Cabbage,420.0,20.0,55,10,16,Low,Medium,Low,Safe,"Finger Millet, Mixed Greens, Dal",Vegetarian,,Remove all starchy vegetables from the broth. Extract maximum greens.,15 mins light walking,Avoid if post-meal exceeds 180 mg/dL
828,Karnataka,Diabetes,Lunch,Siri Dhanya (Millet) Rice + Sambar + Beans,430.0,16.0,65,10,14,Low,Medium,Low,Safe,"Millet, Toor Dal, Beans",Vegetarian,,Use any local millet instead of white rice. Avoid pumpkin/potato in sambar.,15 mins light walking,Avoid if post-meal exceeds 180 mg/dL
829,Karnataka,Diabetes,Lunch,Tofu Curry + 2 Ragi Rotis,340.0,20.0,40,10,8,Low,Low,Low,Soy,"Tofu, Ragi, Onion, Tomato, Spices",Vegetarian,,Light tofu curry. Ragi rotis for low GI carbs.,40 mins walk,Watch soy for hormonal conditions
830,Karnataka,Diabetes,Lunch,Udupi Sambar (Low Salt),325.0,11.0,47,10,10,Low,Medium,Low,Safe,"toor dal, mixed vegetables, tamarind, coconut, spices",Vegetarian,,Use whole grains or millets where possible and avoid sugar or jaggery. Keep the serving modest and prefer roasting or steaming. Serve it with a simple salad or vegetable side for balance.,15–20 mins post-meal walk,Avoid added sugar and keep the serving controlled.
831,Karnataka,Diabetes,Lunch,Udupi Sambar (Steamed),325.0,11.0,47,10,10,Low,Medium,Low,Safe,"toor dal, mixed vegetables, tamarind, coconut, spices",Vegetarian,,Use whole grains or millets where possible and avoid sugar or jaggery. Keep the serving modest and prefer roasting or steaming. Serve it with a simple salad or vegetable side for balance.,15–20 mins post-meal walk,Avoid added sugar and keep the serving controlled.
832,Karnataka,Diabetes,Lunch,Vegetable Daliya Khichdi,340.0,12.0,54,5,9,Low,Low,Low,Gluten,"Broken Wheat, Moong Dal, Mixed Vegetables",Vegetarian,,Broken wheat khichdi with lots of vegetables. No sugar.,40 mins walk,Good one pot diabetic meal
833,Karnataka,Diabetes,Lunch,Brown Rice + Meen (Fish) Curry + Steamed Greens,460.0,30.0,50,14,10,High,Medium,Low,Fish,"Brown Rice, Fish, Mixed Greens",Non-Vegetarian,Fish,"Fish provides omega-3s. Use tamarind base, no sugar.",15 mins light walking,Check for bones
834,Karnataka,Diabetes,Lunch,Clear Fish Broth + 2 Chapati + Salad,360.0,28.0,38,8,7,Low,Low,Low,"Fish, Gluten","Fish, Wheat, Vegetables",Non-Vegetarian,Fish,Light fish broth with thin chapatis and raw salad.,40 mins walk,"Excellent protein, low carb"
835,Karnataka,Diabetes,Lunch,Egg Curry (2 eggs) + Jowar Roti + Salad,360.0,22.0,44,12,9,Low,Low,Medium,Egg,"Eggs, Jowar, Tomato, Onion, Salad",Non-Vegetarian,,Light egg curry. Jowar rotis and green salad.,40 mins walk,Monitor egg intake for cholesterol
836,Karnataka,Diabetes,Lunch,Fish Curry (Low Salt),385.0,27.0,36,19,8,Low,Low,Medium,Fish,"fish, tamarind, coconut, chilli, spices",Non-Vegetarian,Fish,Use whole grains or millets where possible and avoid sugar or jaggery. Keep the serving modest and prefer roasting or steaming. Serve it with a simple salad or vegetable side for balance.,15–20 mins post-meal walk,Avoid added sugar and keep the serving controlled. Contains fish.
837,Karnataka,Diabetes,Lunch,Fish Curry (Steamed),385.0,27.0,36,19,8,Low,Medium,Low,Fish,"fish, tamarind, coconut, chilli, spices",Non-Vegetarian,Fish,Use whole grains or millets where possible and avoid sugar or jaggery. Keep the serving modest and prefer roasting or steaming. Serve it with a simple salad or vegetable side for balance.,15–20 mins post-meal walk,Avoid added sugar and keep the serving controlled. Contains fish.
838,Karnataka,Diabetes,Lunch,Grilled Chicken + Steamed Vegetables + Dal,380.0,34.0,30,10,10,Low,Low,Low,Safe,"Chicken, Mixed Vegetables, Dal",Non-Vegetarian,Chicken,Grilled chicken breast with steamed vegetables and dal. No rice.,40 mins walk,Low carb diabetic friendly
839,Karnataka,Diabetes,Lunch,Kori Gassi (Low Salt),395.0,24.0,34,16,7,Low,Low,Medium,Chicken,"chicken, coconut, red chilli, garlic",Non-Vegetarian,Chicken,Use whole grains or millets where possible and avoid sugar or jaggery. Keep the serving modest and prefer roasting or steaming. Serve it with a simple salad or vegetable side for balance.,15–20 mins post-meal walk,Avoid added sugar and keep the serving controlled. Contains chicken.
840,Karnataka,Diabetes,Lunch,Kori Gassi (Steamed),395.0,24.0,34,16,7,Low,Medium,Low,Chicken,"chicken, coconut, red chilli, garlic",Non-Vegetarian,Chicken,Use whole grains or millets where possible and avoid sugar or jaggery. Keep the serving modest and prefer roasting or steaming. Serve it with a simple salad or vegetable side for balance.,15–20 mins post-meal walk,Avoid added sugar and keep the serving controlled. Contains chicken.
841,Karnataka,Diabetes,Lunch,Mangalorean Biryani (Low Salt),415.0,26.0,39,18,7,Medium,Low,Low,"Chicken, Dairy","rice, chicken, mint, spices, ghee",Non-Vegetarian,Chicken,Use whole grains or millets where possible and avoid sugar or jaggery. Keep the serving modest and prefer roasting or steaming. Serve it with a simple salad or vegetable side for balance.,15–20 mins post-meal walk,"Avoid added sugar and keep the serving controlled. Contains dairy, chicken."
842,Karnataka,Diabetes,Lunch,Mangalorean Biryani (Steamed),415.0,26.0,39,18,7,High,Low,Medium,"Chicken, Dairy","rice, chicken, mint, spices, ghee",Non-Vegetarian,Chicken,Use whole grains or millets where possible and avoid sugar or jaggery. Keep the serving modest and prefer roasting or steaming. Serve it with a simple salad or vegetable side for balance.,15–20 mins post-meal walk,"Avoid added sugar and keep the serving controlled. Contains dairy, chicken."
843,Karnataka,Diabetes,Lunch,Mutton Saaru (Low Salt),395.0,24.0,34,16,7,Medium,Low,Low,Mutton,"mutton, onion, garlic, spices",Non-Vegetarian,Mutton,Use whole grains or millets where possible and avoid sugar or jaggery. Keep the serving modest and prefer roasting or steaming. Serve it with a simple salad or vegetable side for balance.,15–20 mins post-meal walk,Avoid added sugar and keep the serving controlled. Contains mutton.
844,Karnataka,Diabetes,Lunch,Mutton Saaru (Steamed),395.0,24.0,34,16,7,Low,Low,Medium,Mutton,"mutton, onion, garlic, spices",Non-Vegetarian,Mutton,Use whole grains or millets where possible and avoid sugar or jaggery. Keep the serving modest and prefer roasting or steaming. Serve it with a simple salad or vegetable side for balance.,15–20 mins post-meal walk,Avoid added sugar and keep the serving controlled. Contains mutton.
845,Karnataka,Diabetes,Lunch,Pandi Curry (Low Salt),405.0,25.0,37,17,8,Low,Medium,Low,Pork,"pork, kachampuli, black pepper, coconut",Non-Vegetarian,Pork,Use whole grains or millets where possible and avoid sugar or jaggery. Keep the serving modest and prefer roasting or steaming. Serve it with a simple salad or vegetable side for balance.,15–20 mins post-meal walk,Avoid added sugar and keep the serving controlled. Contains pork.
846,Karnataka,Diabetes,Lunch,Pandi Curry (Steamed),405.0,25.0,37,17,8,Medium,Low,Low,Pork,"pork, kachampuli, black pepper, coconut",Non-Vegetarian,Pork,Use whole grains or millets where possible and avoid sugar or jaggery. Keep the serving modest and prefer roasting or steaming. Serve it with a simple salad or vegetable side for balance.,15–20 mins post-meal walk,Avoid added sugar and keep the serving controlled. Contains pork.
847,Karnataka,Diabetes,Lunch,Ragi Mudde (Small) + Fish Saaru,370.0,26.0,54,8,10,Low,Low,Low,Fish,"Ragi, Fish, Tamarind, Curry Leaves",Non-Vegetarian,Fish,Small ragi mudde. Light fish soup without coconut.,40 mins walk,Low GI meal for diabetes
848,Karnataka,Diabetes,Lunch,Ragi Mudde + Chicken Saaru (Lean) + Salad,450.0,35.0,45,12,12,Low,Medium,Low,Safe,"Finger Millet, Lean Chicken, Cucumber",Non-Vegetarian,Chicken,Use skinless chicken. Ragi ensures slow digestion.,15 mins light walking,Avoid if post-meal exceeds 180 mg/dL
849,Karnataka,Diabetes,Lunch,Bassaru (Low Salt),305.0,11.0,47,7,10,High,Medium,Low,Sesame,"greens, lentils, spices, rice",Vegan,,Use whole grains or millets where possible and avoid sugar or jaggery. Keep the serving modest and prefer roasting or steaming. Serve it with a simple salad or vegetable side for balance.,15–20 mins post-meal walk,Avoid added sugar and keep the serving controlled. Contains sesame.
850,Karnataka,Diabetes,Lunch,Bassaru (Steamed),305.0,11.0,47,7,10,High,Low,Medium,Sesame,"greens, lentils, spices, rice",Vegan,,Use whole grains or millets where possible and avoid sugar or jaggery. Keep the serving modest and prefer roasting or steaming. Serve it with a simple salad or vegetable side for balance.,15–20 mins post-meal walk,Avoid added sugar and keep the serving controlled. Contains sesame.
851,Karnataka,Diabetes,Lunch,Chitranna (Low Salt),275.0,12.0,44,8,11,High,Medium,Low,Mustard,"rice, lemon, mustard seeds, turmeric",Vegan,,Use whole grains or millets where possible and avoid sugar or jaggery. Keep the serving modest and prefer roasting or steaming. Serve it with a simple salad or vegetable side for balance.,15–20 mins post-meal walk,Avoid added sugar and keep the serving controlled.
852,Karnataka,Diabetes,Lunch,Chitranna (Steamed),275.0,12.0,44,8,11,High,Low,Medium,Mustard,"rice, lemon, mustard seeds, turmeric",Vegan,,Use whole grains or millets where possible and avoid sugar or jaggery. Keep the serving modest and prefer roasting or steaming. Serve it with a simple salad or vegetable side for balance.,15–20 mins post-meal walk,Avoid added sugar and keep the serving controlled.
853,Karnataka,Diabetes,Lunch,Coconut Rice (Low Salt),295.0,10.0,45,6,11,High,Low,Medium,Mustard,"rice, coconut, mustard seeds, curry leaves",Vegan,,Use whole grains or millets where possible and avoid sugar or jaggery. Keep the serving modest and prefer roasting or steaming. Serve it with a simple salad or vegetable side for balance.,15–20 mins post-meal walk,Avoid added sugar and keep the serving controlled.
854,Karnataka,Diabetes,Lunch,Coconut Rice (Steamed),295.0,10.0,45,6,11,Medium,Low,Low,Mustard,"rice, coconut, mustard seeds, curry leaves",Vegan,,Use whole grains or millets where possible and avoid sugar or jaggery. Keep the serving modest and prefer roasting or steaming. Serve it with a simple salad or vegetable side for balance.,15–20 mins post-meal walk,Avoid added sugar and keep the serving controlled.
855,Karnataka,Diabetes,Lunch,Jolada Rotti (Low Salt),285.0,9.0,42,5,10,Medium,Low,Low,Safe,"jowar flour, onion, coriander, green chilli",Vegan,,Use whole grains or millets where possible and avoid sugar or jaggery. Keep the serving modest and prefer roasting or steaming. Serve it with a simple salad or vegetable side for balance.,15–20 mins post-meal walk,Avoid added sugar and keep the serving controlled.
856,Karnataka,Diabetes,Lunch,Jolada Rotti (Steamed),285.0,9.0,42,5,10,Low,Medium,Low,Safe,"jowar flour, onion, coriander, green chilli",Vegan,,Use whole grains or millets where possible and avoid sugar or jaggery. Keep the serving modest and prefer roasting or steaming. Serve it with a simple salad or vegetable side for balance.,15–20 mins post-meal walk,Avoid added sugar and keep the serving controlled.
857,Karnataka,Diabetes,Lunch,Puliyogare (Low Salt),305.0,11.0,47,7,10,High,Low,Medium,"Peanut, Peanuts","rice, tamarind, peanuts, curry leaves",Vegan,,Use whole grains or millets where possible and avoid sugar or jaggery. Keep the serving modest and prefer roasting or steaming. Serve it with a simple salad or vegetable side for balance.,15–20 mins post-meal walk,Avoid added sugar and keep the serving controlled. Contains peanuts.
858,Karnataka,Diabetes,Lunch,Puliyogare (Steamed),305.0,11.0,47,7,10,Medium,Low,Low,"Peanut, Peanuts","rice, tamarind, peanuts, curry leaves",Vegan,,Use whole grains or millets where possible and avoid sugar or jaggery. Keep the serving modest and prefer roasting or steaming. Serve it with a simple salad or vegetable side for balance.,15–20 mins post-meal walk,Avoid added sugar and keep the serving controlled. Contains peanuts.
859,Karnataka,Diabetes,Lunch,Puliyogare (Thin),305.0,11.0,47,7,10,High,Medium,Low,"Peanut, Peanuts","rice, tamarind, peanuts, curry leaves",Vegan,,Use whole grains or millets where possible and avoid sugar or jaggery. Keep the serving modest and prefer roasting or steaming. Serve it with a simple salad or vegetable side for balance.,15–20 mins post-meal walk,Avoid added sugar and keep the serving controlled. Contains peanuts.
860,Karnataka,Diabetes,Lunch,Ragi Mudde (Low Salt),295.0,10.0,45,6,11,Medium,Low,Low,Safe,"ragi flour, water, salt",Vegan,,Use whole grains or millets where possible and avoid sugar or jaggery. Keep the serving modest and prefer roasting or steaming. Serve it with a simple salad or vegetable side for balance.,15–20 mins post-meal walk,Avoid added sugar and keep the serving controlled.
861,Karnataka,Diabetes,Lunch,Ragi Mudde (Mini Portion),295.0,10.0,45,6,11,Low,Low,Medium,Safe,"ragi flour, water, salt",Vegan,,Use whole grains or millets where possible and avoid sugar or jaggery. Keep the serving modest and prefer roasting or steaming. Serve it with a simple salad or vegetable side for balance.,15–20 mins post-meal walk,Avoid added sugar and keep the serving controlled.
862,Karnataka,Diabetes,Lunch,Ragi Mudde (Steamed),295.0,10.0,45,6,11,Low,Medium,Low,Safe,"ragi flour, water, salt",Vegan,,Use whole grains or millets where possible and avoid sugar or jaggery. Keep the serving modest and prefer roasting or steaming. Serve it with a simple salad or vegetable side for balance.,15–20 mins post-meal walk,Avoid added sugar and keep the serving controlled.
863,Karnataka,Diabetes,Lunch,Tomato Bath (Low Salt),285.0,9.0,42,5,10,Medium,Low,Low,Safe,"rice, tomato, onion, spice mix, curry leaves",Vegan,,Use whole grains or millets where possible and avoid sugar or jaggery. Keep the serving modest and prefer roasting or steaming. Serve it with a simple salad or vegetable side for balance.,15–20 mins post-meal walk,Avoid added sugar and keep the serving controlled.
864,Karnataka,Diabetes,Lunch,Tomato Bath (Steamed),285.0,9.0,42,5,10,High,Medium,Low,Safe,"rice, tomato, onion, spice mix, curry leaves",Vegan,,Use whole grains or millets where possible and avoid sugar or jaggery. Keep the serving modest and prefer roasting or steaming. Serve it with a simple salad or vegetable side for balance.,15–20 mins post-meal walk,Avoid added sugar and keep the serving controlled.
865,Karnataka,Diabetes,Snack,Amla (Indian Gooseberry) + Ginger Drink,52.0,1.0,12,0,3,Low,Low,Low,Safe,"Amla, Ginger, Water",Vegetarian,,Blend amla with ginger and water. Strain. No sugar added.,Light activity,Amla lowers blood glucose
866,Karnataka,Diabetes,Snack,Bitter Gourd Juice (1 glass),40.0,1.0,8,0,3,Low,Low,Low,Safe,"Bitter Gourd, Water, Lemon",Vegetarian,,Blend bitter gourd and strain. Add lemon. No sugar.,Light activity,Excellent blood sugar reducer
867,Karnataka,Diabetes,Snack,Boiled Chickpeas Chaat (Small),160.0,8.0,24,3,6,Low,Low,Low,Safe,"Chickpeas, Onion, Lemon, Chaat Masala",Vegetarian,,Boiled chickpeas with onion and lemon. No fried elements.,Light activity,High fibre low GI snack
868,Karnataka,Diabetes,Snack,Boiled Kadalekai (Peanuts in Shell),160.0,6.0,15,10,5,Low,Medium,Low,"Peanut, Peanuts",Peanuts,Vegetarian,,Boil plain in water. Discard shell.,General mobility,Monitor glucose if snacking often
869,Karnataka,Diabetes,Snack,Cucumber & Tomato Kosambari,120.0,4.0,20,2,6,Low,Low,Low,Safe,"Cucumber, Tomato, Lemon",Vegetarian,,Raw veggies only. No tadka.,General mobility,Monitor glucose if snacking often
870,Karnataka,Diabetes,Snack,Cucumber + Carrot Sticks,60.0,2.0,12,0,4,Low,Low,Low,Safe,"Cucumber, Carrot",Vegetarian,,Slice raw vegetables. Eat as is or with lemon and salt.,Light activity,Very low glycemic snack
871,Karnataka,Diabetes,Snack,Flaxseed Water with Lemon,50.0,2.0,4,3,4,Low,Low,Low,Safe,"Flaxseeds, Water, Lemon",Vegetarian,,"Soak flaxseeds in water overnight, strain and drink with lemon.",Light activity,Omega-3 and fibre help blood sugar
872,Karnataka,Diabetes,Snack,Majjige (Buttermilk) with Jeera,80.0,4.0,10,2,0,Low,Medium,Low,Dairy,"Yogurt, Cumin",Vegetarian,,Hydrating and low calorie.,General mobility,Monitor glucose if snacking often
873,Karnataka,Diabetes,Snack,"Ragi Cookies (2, sugar-free)",160.0,4.0,26,5,4,Low,Low,Low,Safe,"Ragi, Dates, Coconut",Vegetarian,,Bake using ragi with date paste instead of sugar.,Light activity,Diabetic friendly baked snack
874,Karnataka,Diabetes,Snack,Roasted Fox Nuts (Makhana),120.0,4.0,20,1,2,Low,Low,Low,Safe,"Fox Nuts, Light Spices",Vegetarian,,Dry roast with minimal salt and spices. 30g portion.,Light activity,"Very low calorie, low GI snack"
875,Karnataka,Diabetes,Snack,Roasted Foxnuts (Makhana),130.0,4.0,22,3,3,Low,Medium,Low,Safe,Foxnuts,Vegetarian,,Dry roast without ghee.,General mobility,Monitor glucose if snacking often
876,Karnataka,Diabetes,Snack,Roasted Kadale (Bengal Gram),150.0,8.0,20,4,8,Low,Medium,Low,Safe,Bengal Gram,Vegetarian,,Dry roast perfectly. High protein and fiber blunts insulin.,General mobility,Monitor glucose if snacking often
877,Karnataka,Diabetes,Snack,Roasted Pumpkin Seeds,150.0,6.0,15,8,4,Low,Low,Low,Safe,Pumpkin Seeds,Vegetarian,,Dry roast plain.,General mobility,Monitor glucose if snacking often
878,Karnataka,Diabetes,Snack,Steamed Sprouted Moong,140.0,10.0,20,2,8,Low,Medium,Low,Safe,Green Gram Sprouts,Vegetarian,,Lightly steam without oil.,General mobility,Monitor glucose if snacking often
879,Karnataka,Diabetes,Snack,Tomato Rasam (1 cup),65.0,2.0,12,1,2,Low,Low,Low,Safe,"Tomato, Pepper, Tamarind, Cumin",Vegetarian,,Light rasam without rice. Drink as soup. No sugar.,Light activity,Good digestive snack
880,Karnataka,Diabetes,Snack,Walnuts + Almonds (15g mix),100.0,3.0,5,9,2,Low,Low,Low,"Nut, Nuts","Walnuts, Almonds",Vegetarian,,10-12 mixed nuts as portion controlled snack.,Light activity,Good fats help insulin function
881,Karnataka,Diabetes,Snack,Bangude Pulimunchi (Low Salt),230.0,16.0,10,14,5,Medium,Low,Low,Fish,"mackerel, tamarind, chilli, garlic",Non-Vegetarian,Fish,Use whole grains or millets where possible and avoid sugar or jaggery. Keep the serving modest and prefer roasting or steaming. Keep it as a small snack portion rather than a full meal.,15–20 mins post-meal walk,Avoid added sugar and keep the serving controlled. Contains fish.
882,Karnataka,Diabetes,Snack,Bangude Pulimunchi (Steamed),230.0,16.0,10,14,5,Low,Medium,Low,Fish,"mackerel, tamarind, chilli, garlic",Non-Vegetarian,Fish,Use whole grains or millets where possible and avoid sugar or jaggery. Keep the serving modest and prefer roasting or steaming. Keep it as a small snack portion rather than a full meal.,15–20 mins post-meal walk,Avoid added sugar and keep the serving controlled. Contains fish.
883,Karnataka,Diabetes,Snack,Chicken Ghee Roast (Low Salt),205.0,14.0,10,12,5,Low,Low,Medium,"Chicken, Dairy","chicken, ghee, red chilli, curry leaves",Non-Vegetarian,Chicken,Use whole grains or millets where possible and avoid sugar or jaggery. Keep the serving modest and prefer roasting or steaming. Keep it as a small snack portion rather than a full meal.,15–20 mins post-meal walk,"Avoid added sugar and keep the serving controlled. Contains dairy, chicken."
884,Karnataka,Diabetes,Snack,Chicken Ghee Roast (Steamed),205.0,14.0,10,12,5,Medium,Low,Low,"Chicken, Dairy","chicken, ghee, red chilli, curry leaves",Non-Vegetarian,Chicken,Use whole grains or millets where possible and avoid sugar or jaggery. Keep the serving modest and prefer roasting or steaming. Keep it as a small snack portion rather than a full meal.,15–20 mins post-meal walk,"Avoid added sugar and keep the serving controlled. Contains dairy, chicken."
885,Karnataka,Diabetes,Snack,Crab Sukka (Low Salt),215.0,15.0,10,13,4,Low,Medium,Low,"Fish, Shellfish","crab, coconut, spices, garlic",Non-Vegetarian,Crab,Use whole grains or millets where possible and avoid sugar or jaggery. Keep the serving modest and prefer roasting or steaming. Keep it as a small snack portion rather than a full meal.,15–20 mins post-meal walk,Avoid added sugar and keep the serving controlled. Contains shellfish.
886,Karnataka,Diabetes,Snack,Crab Sukka (Steamed),215.0,15.0,10,13,4,Low,Low,Medium,"Fish, Shellfish","crab, coconut, spices, garlic",Non-Vegetarian,Crab,Use whole grains or millets where possible and avoid sugar or jaggery. Keep the serving modest and prefer roasting or steaming. Keep it as a small snack portion rather than a full meal.,15–20 mins post-meal walk,Avoid added sugar and keep the serving controlled. Contains shellfish.
887,Karnataka,Diabetes,Snack,Fish Pulimunchi (Low Salt),205.0,14.0,10,12,5,Low,Low,Medium,Fish,"fish, tamarind, chilli, garlic",Non-Vegetarian,Fish,Use whole grains or millets where possible and avoid sugar or jaggery. Keep the serving modest and prefer roasting or steaming. Keep it as a small snack portion rather than a full meal.,15–20 mins post-meal walk,Avoid added sugar and keep the serving controlled. Contains fish.
888,Karnataka,Diabetes,Snack,Fish Pulimunchi (Steamed),205.0,14.0,10,12,5,Medium,Low,Low,Fish,"fish, tamarind, chilli, garlic",Non-Vegetarian,Fish,Use whole grains or millets where possible and avoid sugar or jaggery. Keep the serving modest and prefer roasting or steaming. Keep it as a small snack portion rather than a full meal.,15–20 mins post-meal walk,Avoid added sugar and keep the serving controlled. Contains fish.
889,Karnataka,Diabetes,Snack,Fish Pulimunchi (Thin),205.0,14.0,10,12,5,Low,Medium,Low,Fish,"fish, tamarind, chilli, garlic",Non-Vegetarian,Fish,Use whole grains or millets where possible and avoid sugar or jaggery. Keep the serving modest and prefer roasting or steaming. Keep it as a small snack portion rather than a full meal.,15–20 mins post-meal walk,Avoid added sugar and keep the serving controlled. Contains fish.
890,Karnataka,Diabetes,Snack,Kane Rava Fry (Low Salt),195.0,13.0,10,11,4,Medium,Low,Low,"Fish, Gluten","fish, semolina, chilli, lemon",Non-Vegetarian,Fish,Use whole grains or millets where possible and avoid sugar or jaggery. Keep the serving modest and prefer roasting or steaming. Keep it as a small snack portion rather than a full meal.,15–20 mins post-meal walk,"Avoid added sugar and keep the serving controlled. Contains gluten, fish."
891,Karnataka,Diabetes,Snack,Kane Rava Fry (Steamed),195.0,13.0,10,11,4,Low,Medium,Low,"Fish, Gluten","fish, semolina, chilli, lemon",Non-Vegetarian,Fish,Use whole grains or millets where possible and avoid sugar or jaggery. Keep the serving modest and prefer roasting or steaming. Keep it as a small snack portion rather than a full meal.,15–20 mins post-meal walk,"Avoid added sugar and keep the serving controlled. Contains gluten, fish."
892,Karnataka,Diabetes,Snack,Prawn Curry (Low Salt),195.0,13.0,10,11,4,Low,Low,Medium,"Fish, Shellfish","prawn, coconut, chilli, spices",Non-Vegetarian,Seafood,Use whole grains or millets where possible and avoid sugar or jaggery. Keep the serving modest and prefer roasting or steaming. Keep it as a small snack portion rather than a full meal.,15–20 mins post-meal walk,Avoid added sugar and keep the serving controlled. Contains shellfish.
893,Karnataka,Diabetes,Snack,Prawn Curry (Steamed),195.0,13.0,10,11,4,Medium,Low,Low,"Fish, Shellfish","prawn, coconut, chilli, spices",Non-Vegetarian,Seafood,Use whole grains or millets where possible and avoid sugar or jaggery. Keep the serving modest and prefer roasting or steaming. Keep it as a small snack portion rather than a full meal.,15–20 mins post-meal walk,Avoid added sugar and keep the serving controlled. Contains shellfish.
894,Karnataka,Diabetes,Snack,Prawn Ghee Roast (Low Salt),215.0,15.0,10,13,4,Low,Medium,Low,"Dairy, Fish, Shellfish","prawn, ghee, red chilli, spices",Non-Vegetarian,Seafood,Use whole grains or millets where possible and avoid sugar or jaggery. Keep the serving modest and prefer roasting or steaming. Keep it as a small snack portion rather than a full meal.,15–20 mins post-meal walk,"Avoid added sugar and keep the serving controlled. Contains dairy, shellfish."
895,Karnataka,Diabetes,Snack,Prawn Ghee Roast (Steamed),215.0,15.0,10,13,4,Low,Low,Medium,"Dairy, Fish, Shellfish","prawn, ghee, red chilli, spices",Non-Vegetarian,Seafood,Use whole grains or millets where possible and avoid sugar or jaggery. Keep the serving modest and prefer roasting or steaming. Keep it as a small snack portion rather than a full meal.,15–20 mins post-meal walk,"Avoid added sugar and keep the serving controlled. Contains dairy, shellfish."
896,Karnataka,Diabetes,Snack,Prawn Ghee Roast (Thin),215.0,15.0,10,13,4,Medium,Low,Low,"Dairy, Fish, Shellfish","prawn, ghee, red chilli, spices",Non-Vegetarian,Seafood,Use whole grains or millets where possible and avoid sugar or jaggery. Keep the serving modest and prefer roasting or steaming. Keep it as a small snack portion rather than a full meal.,15–20 mins post-meal walk,"Avoid added sugar and keep the serving controlled. Contains dairy, shellfish."
897,Karnataka,Diabetes,Snack,Chakkuli (Low Salt),92.0,4.0,10,4,7,High,Medium,Low,Sesame,"rice flour, urad dal, sesame, cumin",Vegan,,Use whole grains or millets where possible and avoid sugar or jaggery. Keep the serving modest and prefer roasting or steaming. Keep it as a small snack portion rather than a full meal.,15–20 mins post-meal walk,Avoid added sugar and keep the serving controlled. Contains sesame.
898,Karnataka,Diabetes,Snack,Chakkuli (Steamed),92.0,4.0,10,4,7,High,Low,Medium,Sesame,"rice flour, urad dal, sesame, cumin",Vegan,,Use whole grains or millets where possible and avoid sugar or jaggery. Keep the serving modest and prefer roasting or steaming. Keep it as a small snack portion rather than a full meal.,15–20 mins post-meal walk,Avoid added sugar and keep the serving controlled. Contains sesame.
899,Karnataka,Diabetes,Snack,Gojju Avalakki (Low Salt),130.0,6.0,13,6,7,Medium,Low,Low,"Peanut, Peanuts","flattened rice, tamarind, peanuts, coconut",Vegan,,Use whole grains or millets where possible and avoid sugar or jaggery. Keep the serving modest and prefer roasting or steaming. Keep it as a small snack portion rather than a full meal.,15–20 mins post-meal walk,Avoid added sugar and keep the serving controlled. Contains peanuts.
900,Karnataka,Diabetes,Snack,Gojju Avalakki (Steamed),130.0,6.0,13,6,7,High,Medium,Low,"Peanut, Peanuts","flattened rice, tamarind, peanuts, coconut",Vegan,,Use whole grains or millets where possible and avoid sugar or jaggery. Keep the serving modest and prefer roasting or steaming. Keep it as a small snack portion rather than a full meal.,15–20 mins post-meal walk,Avoid added sugar and keep the serving controlled. Contains peanuts.
901,Karnataka,Diabetes,Snack,Gojju Avalakki (Thin),130.0,6.0,13,6,7,High,Low,Medium,"Peanut, Peanuts","flattened rice, tamarind, peanuts, coconut",Vegan,,Use whole grains or millets where possible and avoid sugar or jaggery. Keep the serving modest and prefer roasting or steaming. Keep it as a small snack portion rather than a full meal.,15–20 mins post-meal walk,Avoid added sugar and keep the serving controlled. Contains peanuts.
902,Karnataka,Diabetes,Snack,Kodubale (Low Salt),135.0,7.0,10,7,8,High,Low,Medium,Sesame,"rice flour, roasted gram, sesame, cumin",Vegan,,Use whole grains or millets where possible and avoid sugar or jaggery. Keep the serving modest and prefer roasting or steaming. Keep it as a small snack portion rather than a full meal.,15–20 mins post-meal walk,Avoid added sugar and keep the serving controlled. Contains sesame.
903,Karnataka,Diabetes,Snack,Kodubale (Steamed),135.0,7.0,10,7,8,Medium,Low,Low,Sesame,"rice flour, roasted gram, sesame, cumin",Vegan,,Use whole grains or millets where possible and avoid sugar or jaggery. Keep the serving modest and prefer roasting or steaming. Keep it as a small snack portion rather than a full meal.,15–20 mins post-meal walk,Avoid added sugar and keep the serving controlled. Contains sesame.
904,Karnataka,Diabetes,Snack,Mandakki Usli (Low Salt),109.0,5.0,11,5,8,High,Medium,Low,"Peanut, Peanuts","puffed rice, onion, peanuts, curry leaves",Vegan,,Use whole grains or millets where possible and avoid sugar or jaggery. Keep the serving modest and prefer roasting or steaming. Keep it as a small snack portion rather than a full meal.,15–20 mins post-meal walk,Avoid added sugar and keep the serving controlled. Contains peanuts.
905,Karnataka,Diabetes,Snack,Mandakki Usli (Mini Portion),109.0,5.0,11,5,8,Medium,Low,Low,"Peanut, Peanuts","puffed rice, onion, peanuts, curry leaves",Vegan,,Use whole grains or millets where possible and avoid sugar or jaggery. Keep the serving modest and prefer roasting or steaming. Keep it as a small snack portion rather than a full meal.,15–20 mins post-meal walk,Avoid added sugar and keep the serving controlled. Contains peanuts.
906,Karnataka,Diabetes,Snack,Mandakki Usli (Steamed),109.0,5.0,11,5,8,High,Low,Medium,"Peanut, Peanuts","puffed rice, onion, peanuts, curry leaves",Vegan,,Use whole grains or millets where possible and avoid sugar or jaggery. Keep the serving modest and prefer roasting or steaming. Keep it as a small snack portion rather than a full meal.,15–20 mins post-meal walk,Avoid added sugar and keep the serving controlled. Contains peanuts.
907,Karnataka,Diabetes,Snack,Nippattu (Low Salt),109.0,5.0,11,5,8,Medium,Low,Low,"Peanut, Peanuts","rice flour, roasted gram, peanuts, curry leaves",Vegan,,Use whole grains or millets where possible and avoid sugar or jaggery. Keep the serving modest and prefer roasting or steaming. Keep it as a small snack portion rather than a full meal.,15–20 mins post-meal walk,Avoid added sugar and keep the serving controlled. Contains peanuts.
908,Karnataka,Diabetes,Snack,Nippattu (Steamed),109.0,5.0,11,5,8,High,Medium,Low,"Peanut, Peanuts","rice flour, roasted gram, peanuts, curry leaves",Vegan,,Use whole grains or millets where possible and avoid sugar or jaggery. Keep the serving modest and prefer roasting or steaming. Keep it as a small snack portion rather than a full meal.,15–20 mins post-meal walk,Avoid added sugar and keep the serving controlled. Contains peanuts.
909,Karnataka,Diabetes,Snack,Nuchinunde (Low Salt),92.0,4.0,10,4,7,Low,Medium,Low,Safe,"chana dal, dill leaves, coconut, cumin",Vegan,,Use whole grains or millets where possible and avoid sugar or jaggery. Keep the serving modest and prefer roasting or steaming. Keep it as a small snack portion rather than a full meal.,15–20 mins post-meal walk,Avoid added sugar and keep the serving controlled.
910,Karnataka,Diabetes,Snack,Nuchinunde (Steamed),92.0,4.0,10,4,7,Low,Low,Medium,Safe,"chana dal, dill leaves, coconut, cumin",Vegan,,Use whole grains or millets where possible and avoid sugar or jaggery. Keep the serving modest and prefer roasting or steaming. Keep it as a small snack portion rather than a full meal.,15–20 mins post-meal walk,Avoid added sugar and keep the serving controlled.
911,Karnataka,Diabetes,Snack,Puri Unde (Low Salt),130.0,6.0,13,6,7,High,Low,Medium,"Peanut, Peanuts, Sesame","puffed rice, jaggery, peanuts, sesame",Vegan,,Use whole grains or millets where possible and avoid sugar or jaggery. Keep the serving modest and prefer roasting or steaming. Keep it as a small snack portion rather than a full meal.,15–20 mins post-meal walk,"Avoid added sugar and keep the serving controlled. Contains peanuts, sesame."
912,Karnataka,Diabetes,Snack,Puri Unde (Steamed),130.0,6.0,13,6,7,Medium,Low,Low,"Peanut, Peanuts, Sesame","puffed rice, jaggery, peanuts, sesame",Vegan,,Use whole grains or millets where possible and avoid sugar or jaggery. Keep the serving modest and prefer roasting or steaming. Keep it as a small snack portion rather than a full meal.,15–20 mins post-meal walk,"Avoid added sugar and keep the serving controlled. Contains peanuts, sesame."
913,Karnataka,Diabetes,Dinner,Bajra Roti (2) + Methi Dal + Salad,340.0,14.0,52,6,12,Low,Low,Low,Safe,"Bajra, Fenugreek, Toor Dal, Salad",Vegetarian,,Thin bajra rotis. Fenugreek laced dal. Raw salad.,20 mins walk,Excellent diabetic dinner
914,Karnataka,Diabetes,Dinner,Chana Dal Soup + 2 Phulkas,330.0,16.0,52,5,12,Low,Low,Low,Gluten,"Chana Dal, Wheat, Vegetables, Spices",Vegetarian,,Light chana dal soup. Oil-free thin phulkas.,20 mins walk,High fibre good for glucose
915,Karnataka,Diabetes,Dinner,Chapati + Mixed Greens (Soppu) Palya,350.0,14.0,55,8,12,Low,Medium,Low,Gluten,"Wheat, Mixed Greens",Vegetarian,,Steam greens and sauté lightly.,20 mins walk,Ensure gap of 2 hours before sleep
916,Karnataka,Diabetes,Dinner,Drumstick Sambar + Small Brown Rice,320.0,12.0,52,5,10,High,Low,Low,Safe,"Drumstick, Brown Rice, Toor Dal, Tamarind",Vegetarian,,Drumstick is great for diabetes. Light sambar with small rice.,20 mins walk,Drumstick regulates blood sugar
917,Karnataka,Diabetes,Dinner,Godhi (Wheat) Dosa + Tomato Chutney,350.0,14.0,50,8,10,Low,Medium,Low,Gluten,"Wheat Flour, Tomato",Vegetarian,,Instant wheat dosa made with zero oil. Unsweetened chutney.,20 mins walk,Ensure gap of 2 hours before sleep
918,Karnataka,Diabetes,Dinner,Jolada Roti + Badanekayi (Eggplant) Palya,380.0,15.0,55,10,14,Low,Medium,Low,Egg,"Sorghum, Eggplant",Vegetarian,,"Dry roast roti. Cook eggplant with minimal oil, avoid peanut powder.",20 mins walk,Ensure gap of 2 hours before sleep
919,Karnataka,Diabetes,Dinner,Kesari Bath (Low Salt),285.0,10.0,39,9,9,High,Medium,Low,"Dairy, Gluten, Nut","semolina, sugar, ghee, saffron, cashew",Vegetarian,,Use whole grains or millets where possible and avoid sugar or jaggery. Keep the serving modest and prefer roasting or steaming. Keep the dinner portion moderate so it sits lightly.,15–20 mins post-meal walk,"Avoid added sugar and keep the serving controlled. Contains gluten, dairy."
920,Karnataka,Diabetes,Dinner,Kesari Bath (Steamed),285.0,10.0,39,9,9,High,Medium,Low,"Dairy, Gluten, Nut","semolina, sugar, ghee, saffron, cashew",Vegetarian,,Use whole grains or millets where possible and avoid sugar or jaggery. Keep the serving modest and prefer roasting or steaming. Keep the dinner portion moderate so it sits lightly.,15–20 mins post-meal walk,"Avoid added sugar and keep the serving controlled. Contains gluten, dairy."
921,Karnataka,Diabetes,Dinner,Moong Dal Khichdi + Low Fat Curd,310.0,14.0,48,5,9,High,Low,Low,Dairy,"Moong Dal, Brown Rice, Curd, Jeera",Vegetarian,,Light khichdi with moong dal and brown rice. Low fat curd.,20 mins walk,Easy to digest diabetic dinner
922,Karnataka,Diabetes,Dinner,Navane (Foxtail Millet) Bath + Raitha,390.0,12.0,60,10,12,Low,Medium,Low,"Dairy, Egg","Foxtail Millet, Veggies, Yogurt",Vegetarian,,Cook millet like pulao with abundant veggies.,20 mins walk,Ensure gap of 2 hours before sleep
923,Karnataka,Diabetes,Dinner,Obbattu (Holige) (Steamed),275.0,9.0,36,8,8,High,Low,Medium,"Dairy, Gluten","wheat flour, chana dal, jaggery, ghee, cardamom",Vegetarian,,Use whole grains or millets where possible and avoid sugar or jaggery. Keep the serving modest and prefer roasting or steaming. Keep the dinner portion moderate so it sits lightly.,15–20 mins post-meal walk,"Avoid added sugar and keep the serving controlled. Contains gluten, dairy."
924,Karnataka,Diabetes,Dinner,Palak Soup + 2 Ragi Rotis,280.0,10.0,44,5,10,Low,Low,Low,Safe,"Spinach, Ragi, Garlic, Pepper",Vegetarian,,Blend spinach soup. Thin ragi rotis. No cream.,20 mins walk,Very low calorie diabetic dinner
925,Karnataka,Diabetes,Dinner,Ragi Mudde + Tomato Saaru,360.0,12.0,60,6,12,Low,Medium,Low,Safe,"Finger Millet, Tomato",Vegetarian,,Make the tomato broth completely sugar/jaggery free.,20 mins walk,Ensure gap of 2 hours before sleep
926,Karnataka,Diabetes,Dinner,Ragi Roti + Heerekai (Ridge Gourd) Chutney,340.0,12.0,50,8,12,Low,Medium,Low,Safe,"Finger Millet, Ridge Gourd",Vegetarian,,Roast dry. Use ridge gourd skin/flesh for high-fiber chutney.,20 mins walk,Ensure gap of 2 hours before sleep
927,Karnataka,Diabetes,Dinner,Sagu (Steamed),295.0,11.0,41,10,8,Medium,Low,Low,Safe,"mixed vegetables, coconut, onion, spices",Vegetarian,,Use whole grains or millets where possible and avoid sugar or jaggery. Keep the serving modest and prefer roasting or steaming. Keep the dinner portion moderate so it sits lightly.,15–20 mins post-meal walk,Avoid added sugar and keep the serving controlled.
928,Karnataka,Diabetes,Dinner,Vegetable Stir Fry + Tofu + 1 Chapati,300.0,18.0,36,8,8,Low,Low,Low,"Gluten, Soy","Tofu, Mixed Vegetables, Wheat",Vegetarian,,Stir fry tofu with vegetables. Single chapati on side.,20 mins walk,Low carb diabetic option
929,Karnataka,Diabetes,Dinner,Anjal Fry (Low Salt),335.0,22.0,22,14,6,Medium,Low,Low,"Fish, Gluten","kingfish, spice mix, semolina, lemon",Non-Vegetarian,Fish,Use whole grains or millets where possible and avoid sugar or jaggery. Keep the serving modest and prefer roasting or steaming. Keep the dinner portion moderate so it sits lightly.,15–20 mins post-meal walk,"Avoid added sugar and keep the serving controlled. Contains gluten, fish."
930,Karnataka,Diabetes,Dinner,Anjal Fry (Steamed),335.0,22.0,22,14,6,Low,Low,Medium,"Fish, Gluten","kingfish, spice mix, semolina, lemon",Non-Vegetarian,Fish,Use whole grains or millets where possible and avoid sugar or jaggery. Keep the serving modest and prefer roasting or steaming. Keep the dinner portion moderate so it sits lightly.,15–20 mins post-meal walk,"Avoid added sugar and keep the serving controlled. Contains gluten, fish."
931,Karnataka,Diabetes,Dinner,Brown Rice (Small) + Chicken Rasam,360.0,25.0,45,8,6,High,Medium,Low,Safe,"Brown Rice, Chicken",Non-Vegetarian,Chicken,Clear chicken broth with strict portion control on brown rice.,20 mins walk,Ensure gap of 2 hours before sleep
932,Karnataka,Diabetes,Dinner,Chicken Pulimunchi (High Fibre),335.0,22.0,22,14,6,Low,Low,Medium,Chicken,"chicken, tamarind, chilli, garlic",Non-Vegetarian,Chicken,Use whole grains or millets where possible and avoid sugar or jaggery. Keep the serving modest and prefer roasting or steaming. Keep the dinner portion moderate so it sits lightly.,15–20 mins post-meal walk,Avoid added sugar and keep the serving controlled. Contains chicken.
933,Karnataka,Diabetes,Dinner,Chicken Pulimunchi (Low Salt),335.0,22.0,22,14,6,Low,Medium,Low,Chicken,"chicken, tamarind, chilli, garlic",Non-Vegetarian,Chicken,Use whole grains or millets where possible and avoid sugar or jaggery. Keep the serving modest and prefer roasting or steaming. Keep the dinner portion moderate so it sits lightly.,15–20 mins post-meal walk,Avoid added sugar and keep the serving controlled. Contains chicken.
934,Karnataka,Diabetes,Dinner,Chicken Pulimunchi (Steamed),335.0,22.0,22,14,6,Medium,Low,Low,Chicken,"chicken, tamarind, chilli, garlic",Non-Vegetarian,Chicken,Use whole grains or millets where possible and avoid sugar or jaggery. Keep the serving modest and prefer roasting or steaming. Keep the dinner portion moderate so it sits lightly.,15–20 mins post-meal walk,Avoid added sugar and keep the serving controlled. Contains chicken.
935,Karnataka,Diabetes,Dinner,Crab Curry (High Fibre),345.0,23.0,25,15,7,Low,Medium,Low,"Fish, Shellfish","crab, coconut, spices, chilli",Non-Vegetarian,Crab,Use whole grains or millets where possible and avoid sugar or jaggery. Keep the serving modest and prefer roasting or steaming. Keep the dinner portion moderate so it sits lightly.,15–20 mins post-meal walk,Avoid added sugar and keep the serving controlled. Contains shellfish.
936,Karnataka,Diabetes,Dinner,Crab Curry (Low Salt),345.0,23.0,25,15,7,Medium,Low,Low,"Fish, Shellfish","crab, coconut, spices, chilli",Non-Vegetarian,Crab,Use whole grains or millets where possible and avoid sugar or jaggery. Keep the serving modest and prefer roasting or steaming. Keep the dinner portion moderate so it sits lightly.,15–20 mins post-meal walk,Avoid added sugar and keep the serving controlled. Contains shellfish.
937,Karnataka,Diabetes,Dinner,Crab Curry (Steamed),345.0,23.0,25,15,7,Low,Low,Medium,"Fish, Shellfish","crab, coconut, spices, chilli",Non-Vegetarian,Crab,Use whole grains or millets where possible and avoid sugar or jaggery. Keep the serving modest and prefer roasting or steaming. Keep the dinner portion moderate so it sits lightly.,15–20 mins post-meal walk,Avoid added sugar and keep the serving controlled. Contains shellfish.
938,Karnataka,Diabetes,Dinner,Egg Whites Bhurji + 1 Jowar Roti + Salad,280.0,24.0,32,5,6,Low,Low,Low,Egg,"Egg Whites, Jowar, Vegetables, Salad",Non-Vegetarian,,Spiced egg white bhurji. One jowar roti. Raw salad.,20 mins walk,Very low carb dinner
939,Karnataka,Diabetes,Dinner,Fish Tikka + Cucumber Raita + 1 Roti,340.0,32.0,28,10,5,Low,Low,Low,"Dairy, Fish, Gluten","Fish, Curd, Cucumber, Wheat",Non-Vegetarian,Fish,Grilled fish tikka. Cucumber raita. One thin roti.,20 mins walk,High protein low carb dinner
940,Karnataka,Diabetes,Dinner,Grilled Pomfret + Steamed Vegetables,250.0,30.0,10,10,5,Low,Low,Low,Fish,"Pomfret, Broccoli, Capsicum, Lemon",Non-Vegetarian,Fish,Grill fish with herbs and lemon. Steam vegetables separately.,20 mins walk,Very low carb diabetic dinner
941,Karnataka,Diabetes,Dinner,Koli Saaru (Low Salt),325.0,25.0,24,17,7,Low,Medium,Low,Chicken,"chicken, coconut, pepper, coriander",Non-Vegetarian,Chicken,Use whole grains or millets where possible and avoid sugar or jaggery. Keep the serving modest and prefer roasting or steaming. Keep the dinner portion moderate so it sits lightly.,15–20 mins post-meal walk,Avoid added sugar and keep the serving controlled. Contains chicken.
942,Karnataka,Diabetes,Dinner,Koli Saaru (Steamed),325.0,25.0,24,17,7,Medium,Low,Low,Chicken,"chicken, coconut, pepper, coriander",Non-Vegetarian,Chicken,Use whole grains or millets where possible and avoid sugar or jaggery. Keep the serving modest and prefer roasting or steaming. Keep the dinner portion moderate so it sits lightly.,15–20 mins post-meal walk,Avoid added sugar and keep the serving controlled. Contains chicken.
943,Karnataka,Diabetes,Dinner,Mutton Biryani (Low Salt),355.0,24.0,27,16,6,High,Low,Medium,"Dairy, Mutton","mutton, rice, spices, ghee",Non-Vegetarian,Mutton,Use whole grains or millets where possible and avoid sugar or jaggery. Keep the serving modest and prefer roasting or steaming. Keep the dinner portion moderate so it sits lightly.,15–20 mins post-meal walk,"Avoid added sugar and keep the serving controlled. Contains dairy, mutton."
944,Karnataka,Diabetes,Dinner,Mutton Biryani (Steamed),355.0,24.0,27,16,6,High,Medium,Low,"Dairy, Mutton","mutton, rice, spices, ghee",Non-Vegetarian,Mutton,Use whole grains or millets where possible and avoid sugar or jaggery. Keep the serving modest and prefer roasting or steaming. Keep the dinner portion moderate so it sits lightly.,15–20 mins post-meal walk,"Avoid added sugar and keep the serving controlled. Contains dairy, mutton."
945,Karnataka,Diabetes,Dinner,Avarekalu Saaru (Low Salt),235.0,11.0,36,8,10,Medium,Low,Low,Safe,"hyacinth beans, coconut, tamarind, spices",Vegan,,Use whole grains or millets where possible and avoid sugar or jaggery. Keep the serving modest and prefer roasting or steaming. Keep the dinner portion moderate so it sits lightly.,15–20 mins post-meal walk,Avoid added sugar and keep the serving controlled.
946,Karnataka,Diabetes,Dinner,Avarekalu Saaru (Steamed),235.0,11.0,36,8,10,Low,Medium,Low,Safe,"hyacinth beans, coconut, tamarind, spices",Vegan,,Use whole grains or millets where possible and avoid sugar or jaggery. Keep the serving modest and prefer roasting or steaming. Keep the dinner portion moderate so it sits lightly.,15–20 mins post-meal walk,Avoid added sugar and keep the serving controlled.
947,Karnataka,Diabetes,Dinner,Bendekaayi Palya (Low Salt),265.0,10.0,39,7,9,Medium,Low,Low,Mustard,"okra, onion, mustard seeds, curry leaves",Vegan,,Use whole grains or millets where possible and avoid sugar or jaggery. Keep the serving modest and prefer roasting or steaming. Keep the dinner portion moderate so it sits lightly.,15–20 mins post-meal walk,Avoid added sugar and keep the serving controlled.
948,Karnataka,Diabetes,Dinner,Bendekaayi Palya (Steamed),265.0,10.0,39,7,9,Low,Medium,Low,Mustard,"okra, onion, mustard seeds, curry leaves",Vegan,,Use whole grains or millets where possible and avoid sugar or jaggery. Keep the serving modest and prefer roasting or steaming. Keep the dinner portion moderate so it sits lightly.,15–20 mins post-meal walk,Avoid added sugar and keep the serving controlled.
949,Karnataka,Diabetes,Dinner,Huli (Low Salt),213.0,8.0,34,5,9,Low,Low,Medium,Sesame,"vegetables, tamarind, lentils, spices",Vegan,,Use whole grains or millets where possible and avoid sugar or jaggery. Keep the serving modest and prefer roasting or steaming. Keep the dinner portion moderate so it sits lightly.,15–20 mins post-meal walk,Avoid added sugar and keep the serving controlled. Contains sesame.
950,Karnataka,Diabetes,Dinner,Huli (Steamed),213.0,8.0,34,5,9,Medium,Low,Low,Sesame,"vegetables, tamarind, lentils, spices",Vegan,,Use whole grains or millets where possible and avoid sugar or jaggery. Keep the serving modest and prefer roasting or steaming. Keep the dinner portion moderate so it sits lightly.,15–20 mins post-meal walk,Avoid added sugar and keep the serving controlled. Contains sesame.
951,Karnataka,Diabetes,Dinner,Kosambari (Low Salt),255.0,9.0,37,6,10,Low,Medium,Low,Safe,"moong dal, cucumber, coconut, coriander",Vegan,,Use whole grains or millets where possible and avoid sugar or jaggery. Keep the serving modest and prefer roasting or steaming. Keep the dinner portion moderate so it sits lightly.,15–20 mins post-meal walk,Avoid added sugar and keep the serving controlled.
952,Karnataka,Diabetes,Dinner,Kosambari (Steamed),255.0,9.0,37,6,10,Low,Low,Medium,Safe,"moong dal, cucumber, coconut, coriander",Vegan,,Use whole grains or millets where possible and avoid sugar or jaggery. Keep the serving modest and prefer roasting or steaming. Keep the dinner portion moderate so it sits lightly.,15–20 mins post-meal walk,Avoid added sugar and keep the serving controlled.
953,Karnataka,Diabetes,Dinner,Menthya Bath (Low Salt),213.0,8.0,34,5,9,High,Low,Medium,Safe,"rice, fenugreek leaves, tamarind, spices",Vegan,,Use whole grains or millets where possible and avoid sugar or jaggery. Keep the serving modest and prefer roasting or steaming. Keep the dinner portion moderate so it sits lightly.,15–20 mins post-meal walk,Avoid added sugar and keep the serving controlled.
954,Karnataka,Diabetes,Dinner,Menthya Bath (Steamed),213.0,8.0,34,5,9,Medium,Low,Low,Safe,"rice, fenugreek leaves, tamarind, spices",Vegan,,Use whole grains or millets where possible and avoid sugar or jaggery. Keep the serving modest and prefer roasting or steaming. Keep the dinner portion moderate so it sits lightly.,15–20 mins post-meal walk,Avoid added sugar and keep the serving controlled.
955,Karnataka,Diabetes,Dinner,Saaru (Low Salt),255.0,9.0,37,6,10,Low,Low,Medium,Safe,"tomato, pepper, cumin, garlic",Vegan,,Use whole grains or millets where possible and avoid sugar or jaggery. Keep the serving modest and prefer roasting or steaming. Keep the dinner portion moderate so it sits lightly.,15–20 mins post-meal walk,Avoid added sugar and keep the serving controlled.
956,Karnataka,Diabetes,Dinner,Saaru (Mini Portion),255.0,9.0,37,6,10,Low,Medium,Low,Safe,"tomato, pepper, cumin, garlic",Vegan,,Use whole grains or millets where possible and avoid sugar or jaggery. Keep the serving modest and prefer roasting or steaming. Keep the dinner portion moderate so it sits lightly.,15–20 mins post-meal walk,Avoid added sugar and keep the serving controlled.
957,Karnataka,Diabetes,Dinner,Saaru (Steamed),255.0,9.0,37,6,10,Medium,Low,Low,Safe,"tomato, pepper, cumin, garlic",Vegan,,Use whole grains or millets where possible and avoid sugar or jaggery. Keep the serving modest and prefer roasting or steaming. Keep the dinner portion moderate so it sits lightly.,15–20 mins post-meal walk,Avoid added sugar and keep the serving controlled.
958,Karnataka,Diabetes,Dinner,Soppina Saaru (Low Salt),265.0,10.0,39,7,9,Low,Medium,Low,Sesame,"greens, lentils, garlic, spices",Vegan,,Use whole grains or millets where possible and avoid sugar or jaggery. Keep the serving modest and prefer roasting or steaming. Keep the dinner portion moderate so it sits lightly.,15–20 mins post-meal walk,Avoid added sugar and keep the serving controlled. Contains sesame.
959,Karnataka,Diabetes,Dinner,Soppina Saaru (Steamed),265.0,10.0,39,7,9,Low,Low,Medium,Sesame,"greens, lentils, garlic, spices",Vegan,,Use whole grains or millets where possible and avoid sugar or jaggery. Keep the serving modest and prefer roasting or steaming. Keep the dinner portion moderate so it sits lightly.,15–20 mins post-meal walk,Avoid added sugar and keep the serving controlled. Contains sesame.
960,Karnataka,Diabetes,Dinner,Soppina Saaru (Thin),265.0,10.0,39,7,9,Medium,Low,Low,Sesame,"greens, lentils, garlic, spices",Vegan,,Use whole grains or millets where possible and avoid sugar or jaggery. Keep the serving modest and prefer roasting or steaming. Keep the dinner portion moderate so it sits lightly.,15–20 mins post-meal walk,Avoid added sugar and keep the serving controlled. Contains sesame.
961,Karnataka,High Bp,Breakfast,Avocado Toast + Tomato (No Salt),280.0,7.0,36,12,7,Low,Low,Low,Gluten,"Brown Bread, Avocado, Tomato",Vegetarian,,Mash avocado on toast. No salt. Slice tomato on top.,30 mins walk,Potassium rich option
962,Karnataka,High Bp,Breakfast,"Banana Smoothie (Low Fat, No Salt)",220.0,5.0,44,2,4,Medium,Low,Low,Dairy,"Banana, Low Fat Milk",Vegetarian,,Blend banana with low fat milk. No salt. High potassium.,30 mins relaxed walking,Banana's potassium lowers BP
963,Karnataka,High Bp,Breakfast,Cucumber Curd Smoothie (Unsalted),128.0,5.0,18,4,2,Low,Low,Low,Dairy,"Cucumber, Low Fat Curd, Mint",Vegetarian,,Blend cucumber with curd and mint. No salt or sugar.,30 mins walk,Cooling BP management option
964,Karnataka,High Bp,Breakfast,Mysore Masala Dosa (Low Salt),265.0,8.0,40,8,5,High,Low,Medium,Dairy,"rice, urad dal, potato, onion, red chilli, ghee",Vegetarian,,"Keep salt very low and rely on herbs, curry leaves, and souring agents for flavour. Avoid pickle or papad on the side. It works best as a light breakfast with tea or chutney.",30 mins brisk walking and yoga,Use low salt and avoid salty sides. Contains dairy.
965,Karnataka,High Bp,Breakfast,Oats with Flaxseed + Berries,260.0,9.0,40,7,8,Low,Low,Low,Gluten,"Oats, Flaxseed, Mixed Berries",Vegetarian,,"Cook oats, add ground flaxseed and fresh berries. No salt.",30 mins yoga,Omega-3 in flaxseed helps BP
966,Karnataka,High Bp,Breakfast,Poha with Vegetables (Minimal Salt),250.0,6.0,44,4,5,Medium,Low,Low,"Peanut, Peanuts","Flattened Rice, Vegetables, Peanuts",Vegetarian,,Prepare with very minimal salt. Extra vegetables for potassium.,30 mins walk,Watch sodium carefully
967,Karnataka,High Bp,Breakfast,Ragi Kanji + Buttermilk (Unsalted),220.0,7.0,38,3,7,Low,Low,Low,Dairy,"Ragi, Buttermilk",Vegetarian,,Cook ragi porridge. Pair with unsalted buttermilk.,30 mins walk,Avoid salt completely
968,Karnataka,High Bp,Breakfast,Steamed Idli (3) + Low Salt Sambar,270.0,9.0,48,4,6,High,Low,Low,Safe,"Rice, Urad Dal, Low Salt Sambar",Vegetarian,,Steamed idli with very low salt sambar. Avoid papad.,30 mins yoga,Limit salt in all preparations
969,Karnataka,High Bp,Breakfast,"Sweet Potato Porridge (No Sugar, No Salt)",240.0,4.0,48,1,6,Medium,Low,Low,Safe,"Sweet Potato, Water, Cinnamon",Vegetarian,,Boil and mash sweet potato. Add cinnamon. No salt or sugar.,30 mins walk,High potassium from sweet potato
970,Karnataka,High Bp,Breakfast,Unsalted Akki Roti + Pudina Chutney,350.0,8.0,60,8,6,Medium,Low,Low,Safe,"Rice Flour, Mint",Vegetarian,,Knead dough and grind chutney with absolutely zero salt.,30 mins light cardio,Stop if BP exceeds 140/90
971,Karnataka,High Bp,Breakfast,Unsalted Avalakki (Poha) Uppittu,340.0,6.0,60,8,5,Medium,Low,Low,"Egg, Peanut, Peanuts","Flattened Rice, Veggies, Peanuts",Vegetarian,,Use lemon and green chilies to compensate for the lack of salt.,30 mins light cardio,Stop if BP exceeds 140/90
972,Karnataka,High Bp,Breakfast,Unsalted Idli + Unsalted Sambar,360.0,12.0,65,4,8,Medium,Low,Low,Egg,"Rice, Urad Dal, Veggies",Vegetarian,,Ferment batter naturally. Extract flavor from veggies/tamarind.,30 mins light cardio,Stop if BP exceeds 140/90
973,Karnataka,High Bp,Breakfast,Unsalted Neer Dosa + Coconut Milk (Plain),350.0,6.0,60,10,4,Medium,Low,Low,Dairy,"Rice, Coconut Milk",Vegetarian,,Cook crepe without salt. Serve with plain coconut milk.,30 mins light cardio,Stop if BP exceeds 140/90
974,Karnataka,High Bp,Breakfast,Unsalted Ragi Ganji,300.0,8.0,55,5,9,Low,Low,Low,Dairy,"Finger Millet, Buttermilk",Vegetarian,,Boil perfectly without adding salt.,30 mins light cardio,Stop if BP exceeds 140/90
975,Karnataka,High Bp,Breakfast,Unsalted Set Dosa + Veg Saagu,380.0,10.0,65,8,7,Medium,Low,Low,Egg,"Rice, Poha, Veggies",Vegetarian,,Cook without salt.,30 mins light cardio,Stop if BP exceeds 140/90
976,Karnataka,High Bp,Breakfast,Unsalted Shavige (Rice Noodles) Bath,340.0,6.0,65,6,4,Medium,Low,Low,Safe,"Rice Noodles, Lemon",Vegetarian,,Toss with lemon and herbs. Zero salt.,30 mins light cardio,Stop if BP exceeds 140/90
977,Karnataka,High Bp,Breakfast,Akki Rotti with Chicken Sukka (No Salt),315.0,18.0,31,12,5,High,Medium,Low,Chicken,"rice flour, chicken, coconut, spices",Non-Vegetarian,Chicken,"Keep salt very low and rely on herbs, curry leaves, and souring agents for flavour. Avoid pickle or papad on the side. It works best as a light breakfast with tea or chutney.",30 mins brisk walking and yoga,Use low salt and avoid salty sides. Contains chicken.
978,Karnataka,High Bp,Breakfast,Akki Rotti with Chicken Sukka (With Herbs),315.0,18.0,31,12,5,High,Medium,Low,Chicken,"rice flour, chicken, coconut, spices",Non-Vegetarian,Chicken,"Keep salt very low and rely on herbs, curry leaves, and souring agents for flavour. Avoid pickle or papad on the side. It works best as a light breakfast with tea or chutney.",30 mins brisk walking and yoga,Use low salt and avoid salty sides. Contains chicken.
979,Karnataka,High Bp,Breakfast,Chicken Sukka (High Fibre),305.0,17.0,28,11,4,Low,Medium,Low,Chicken,"chicken, coconut, pepper, curry leaves",Non-Vegetarian,Chicken,"Keep salt very low and rely on herbs, curry leaves, and souring agents for flavour. Avoid pickle or papad on the side. It works best as a light breakfast with tea or chutney.",30 mins brisk walking and yoga,Use low salt and avoid salty sides. Contains chicken.
980,Karnataka,High Bp,Breakfast,Chicken Sukka (No Salt),305.0,17.0,28,11,4,Low,Medium,Low,Chicken,"chicken, coconut, pepper, curry leaves",Non-Vegetarian,Chicken,"Keep salt very low and rely on herbs, curry leaves, and souring agents for flavour. Avoid pickle or papad on the side. It works best as a light breakfast with tea or chutney.",30 mins brisk walking and yoga,Use low salt and avoid salty sides. Contains chicken.
981,Karnataka,High Bp,Breakfast,Chicken Sukka (With Herbs),305.0,17.0,28,11,4,Low,Medium,Low,Chicken,"chicken, coconut, pepper, curry leaves",Non-Vegetarian,Chicken,"Keep salt very low and rely on herbs, curry leaves, and souring agents for flavour. Avoid pickle or papad on the side. It works best as a light breakfast with tea or chutney.",30 mins brisk walking and yoga,Use low salt and avoid salty sides. Contains chicken.
982,Karnataka,High Bp,Breakfast,Egg Whites Omelette + Spinach (No Salt),131.0,20.0,6,3,3,Low,Low,Low,Egg,"Egg Whites, Spinach, Garlic",Non-Vegetarian,,Cook egg whites with garlic and spinach. Strictly no salt.,30 mins walk,High potassium from spinach
983,Karnataka,High Bp,Breakfast,Koli Curry (No Salt),295.0,20.0,30,14,5,Low,Low,Medium,Chicken,"chicken, red chilli, coconut, garlic",Non-Vegetarian,Chicken,"Keep salt very low and rely on herbs, curry leaves, and souring agents for flavour. Avoid pickle or papad on the side. It works best as a light breakfast with tea or chutney.",30 mins brisk walking and yoga,Use low salt and avoid salty sides. Contains chicken.
984,Karnataka,High Bp,Breakfast,Koli Curry (With Herbs),295.0,20.0,30,14,5,Low,Low,Medium,Chicken,"chicken, red chilli, coconut, garlic",Non-Vegetarian,Chicken,"Keep salt very low and rely on herbs, curry leaves, and souring agents for flavour. Avoid pickle or papad on the side. It works best as a light breakfast with tea or chutney.",30 mins brisk walking and yoga,Use low salt and avoid salty sides. Contains chicken.
985,Karnataka,High Bp,Breakfast,Kori Rotti (No Salt),325.0,19.0,33,13,4,Medium,Low,Low,Chicken,"rice wafers, chicken curry, coconut, spices",Non-Vegetarian,Chicken,"Keep salt very low and rely on herbs, curry leaves, and souring agents for flavour. Avoid pickle or papad on the side. It works best as a light breakfast with tea or chutney.",30 mins brisk walking and yoga,Use low salt and avoid salty sides. Contains chicken.
986,Karnataka,High Bp,Breakfast,Kori Rotti (With Herbs),325.0,19.0,33,13,4,Medium,Low,Low,Chicken,"rice wafers, chicken curry, coconut, spices",Non-Vegetarian,Chicken,"Keep salt very low and rely on herbs, curry leaves, and souring agents for flavour. Avoid pickle or papad on the side. It works best as a light breakfast with tea or chutney.",30 mins brisk walking and yoga,Use low salt and avoid salty sides. Contains chicken.
987,Karnataka,High Bp,Breakfast,Mangalore Fish Fry (No Salt),315.0,18.0,31,12,5,Medium,Low,Low,"Fish, Gluten","fish, rava, spices, lemon",Non-Vegetarian,Fish,"Keep salt very low and rely on herbs, curry leaves, and souring agents for flavour. Avoid pickle or papad on the side. It works best as a light breakfast with tea or chutney.",30 mins brisk walking and yoga,"Use low salt and avoid salty sides. Contains gluten, fish."
988,Karnataka,High Bp,Breakfast,Mangalore Fish Fry (Thin),315.0,18.0,31,12,5,Medium,Low,Low,"Fish, Gluten","fish, rava, spices, lemon",Non-Vegetarian,Fish,"Keep salt very low and rely on herbs, curry leaves, and souring agents for flavour. Avoid pickle or papad on the side. It works best as a light breakfast with tea or chutney.",30 mins brisk walking and yoga,"Use low salt and avoid salty sides. Contains gluten, fish."
989,Karnataka,High Bp,Breakfast,Mangalore Fish Fry (With Herbs),315.0,18.0,31,12,5,Medium,Low,Low,"Fish, Gluten","fish, rava, spices, lemon",Non-Vegetarian,Fish,"Keep salt very low and rely on herbs, curry leaves, and souring agents for flavour. Avoid pickle or papad on the side. It works best as a light breakfast with tea or chutney.",30 mins brisk walking and yoga,"Use low salt and avoid salty sides. Contains gluten, fish."
990,Karnataka,High Bp,Breakfast,Neer Dose with Kori Gassi (High Fibre),305.0,17.0,28,11,4,High,Low,Medium,Chicken,"rice, chicken, coconut, spices",Non-Vegetarian,Chicken,"Keep salt very low and rely on herbs, curry leaves, and souring agents for flavour. Avoid pickle or papad on the side. It works best as a light breakfast with tea or chutney.",30 mins brisk walking and yoga,Use low salt and avoid salty sides. Contains chicken.
991,Karnataka,High Bp,Breakfast,Neer Dose with Kori Gassi (Light Roast),305.0,17.0,28,11,4,High,Low,Medium,Chicken,"rice, chicken, coconut, spices",Non-Vegetarian,Chicken,"Keep salt very low and rely on herbs, curry leaves, and souring agents for flavour. Avoid pickle or papad on the side. It works best as a light breakfast with tea or chutney.",30 mins brisk walking and yoga,Use low salt and avoid salty sides. Contains chicken.
992,Karnataka,High Bp,Breakfast,Neer Dose with Kori Gassi (No Salt),305.0,17.0,28,11,4,High,Low,Medium,Chicken,"rice, chicken, coconut, spices",Non-Vegetarian,Chicken,"Keep salt very low and rely on herbs, curry leaves, and souring agents for flavour. Avoid pickle or papad on the side. It works best as a light breakfast with tea or chutney.",30 mins brisk walking and yoga,Use low salt and avoid salty sides. Contains chicken.
993,Karnataka,High Bp,Breakfast,Akki Rotti (Light Roast),235.0,7.0,38,4,6,High,Low,Medium,Safe,"rice flour, onion, coriander, green chilli",Vegan,,"Keep salt very low and rely on herbs, curry leaves, and souring agents for flavour. Avoid pickle or papad on the side. It works best as a light breakfast with tea or chutney.",30 mins brisk walking and yoga,Use low salt and avoid salty sides.
994,Karnataka,High Bp,Breakfast,Akki Rotti (No Salt),235.0,7.0,38,4,6,Medium,Low,Low,Safe,"rice flour, onion, coriander, green chilli",Vegan,,"Keep salt very low and rely on herbs, curry leaves, and souring agents for flavour. Avoid pickle or papad on the side. It works best as a light breakfast with tea or chutney.",30 mins brisk walking and yoga,Use low salt and avoid salty sides.
995,Karnataka,High Bp,Breakfast,Avalakki Uppittu (No Salt),255.0,9.0,43,6,6,High,Medium,Low,"Peanut, Peanuts","flattened rice, onion, peanuts, curry leaves",Vegan,,"Keep salt very low and rely on herbs, curry leaves, and souring agents for flavour. Avoid pickle or papad on the side. It works best as a light breakfast with tea or chutney.",30 mins brisk walking and yoga,Use low salt and avoid salty sides. Contains peanuts.
996,Karnataka,High Bp,Breakfast,Avalakki Uppittu (Thin),255.0,9.0,43,6,6,Medium,Low,Low,"Peanut, Peanuts","flattened rice, onion, peanuts, curry leaves",Vegan,,"Keep salt very low and rely on herbs, curry leaves, and souring agents for flavour. Avoid pickle or papad on the side. It works best as a light breakfast with tea or chutney.",30 mins brisk walking and yoga,Use low salt and avoid salty sides. Contains peanuts.
997,Karnataka,High Bp,Breakfast,Neer Dose (No Salt),245.0,8.0,41,5,7,High,Low,Medium,Safe,"rice, coconut, salt",Vegan,,"Keep salt very low and rely on herbs, curry leaves, and souring agents for flavour. Avoid pickle or papad on the side. It works best as a light breakfast with tea or chutney.",30 mins brisk walking and yoga,Use low salt and avoid salty sides.
998,Karnataka,High Bp,Breakfast,Neer Dose (With Herbs),245.0,8.0,41,5,7,High,Medium,Low,Safe,"rice, coconut, salt",Vegan,,"Keep salt very low and rely on herbs, curry leaves, and souring agents for flavour. Avoid pickle or papad on the side. It works best as a light breakfast with tea or chutney.",30 mins brisk walking and yoga,Use low salt and avoid salty sides.
999,Karnataka,High Bp,Breakfast,Paddu (Gundponglu) (No Salt),235.0,7.0,38,4,6,Medium,Low,Low,Safe,"rice batter, urad dal, curry leaves, onion",Vegan,,"Keep salt very low and rely on herbs, curry leaves, and souring agents for flavour. Avoid pickle or papad on the side. It works best as a light breakfast with tea or chutney.",30 mins brisk walking and yoga,Use low salt and avoid salty sides.
1000,Karnataka,High Bp,Breakfast,Paddu (Gundponglu) (Thin),235.0,7.0,38,4,6,High,Medium,Low,Safe,"rice batter, urad dal, curry leaves, onion",Vegan,,"Keep salt very low and rely on herbs, curry leaves, and souring agents for flavour. Avoid pickle or papad on the side. It works best as a light breakfast with tea or chutney.",30 mins brisk walking and yoga,Use low salt and avoid salty sides.
1001,Karnataka,High Bp,Breakfast,Paddu (Gundponglu) (With Herbs),235.0,7.0,38,4,6,High,Low,Medium,Safe,"rice batter, urad dal, curry leaves, onion",Vegan,,"Keep salt very low and rely on herbs, curry leaves, and souring agents for flavour. Avoid pickle or papad on the side. It works best as a light breakfast with tea or chutney.",30 mins brisk walking and yoga,Use low salt and avoid salty sides.
1002,Karnataka,High Bp,Breakfast,Ragi Rotti (No Salt),255.0,9.0,43,6,6,Low,Medium,Low,Safe,"ragi flour, onion, coriander, green chilli",Vegan,,"Keep salt very low and rely on herbs, curry leaves, and souring agents for flavour. Avoid pickle or papad on the side. It works best as a light breakfast with tea or chutney.",30 mins brisk walking and yoga,Use low salt and avoid salty sides.
1003,Karnataka,High Bp,Breakfast,Ragi Rotti (With Herbs),255.0,9.0,43,6,6,Medium,Low,Low,Safe,"ragi flour, onion, coriander, green chilli",Vegan,,"Keep salt very low and rely on herbs, curry leaves, and souring agents for flavour. Avoid pickle or papad on the side. It works best as a light breakfast with tea or chutney.",30 mins brisk walking and yoga,Use low salt and avoid salty sides.
1004,Karnataka,High Bp,Breakfast,Sajje Rotti (No Salt),225.0,10.0,40,7,7,Low,Medium,Low,Safe,"pearl millet flour, onion, coriander, green chilli",Vegan,,"Keep salt very low and rely on herbs, curry leaves, and souring agents for flavour. Avoid pickle or papad on the side. It works best as a light breakfast with tea or chutney.",30 mins brisk walking and yoga,Use low salt and avoid salty sides.
1005,Karnataka,High Bp,Breakfast,Sajje Rotti (Thin),225.0,10.0,40,7,7,Low,Low,Medium,Safe,"pearl millet flour, onion, coriander, green chilli",Vegan,,"Keep salt very low and rely on herbs, curry leaves, and souring agents for flavour. Avoid pickle or papad on the side. It works best as a light breakfast with tea or chutney.",30 mins brisk walking and yoga,Use low salt and avoid salty sides.
1006,Karnataka,High Bp,Breakfast,Sajje Rotti (With Herbs),225.0,10.0,40,7,7,Medium,Low,Low,Safe,"pearl millet flour, onion, coriander, green chilli",Vegan,,"Keep salt very low and rely on herbs, curry leaves, and souring agents for flavour. Avoid pickle or papad on the side. It works best as a light breakfast with tea or chutney.",30 mins brisk walking and yoga,Use low salt and avoid salty sides.
1007,Karnataka,High Bp,Breakfast,Shavige Uppittu (No Salt),245.0,8.0,41,5,7,High,Low,Medium,Mustard,"rice vermicelli, onion, mustard seeds, curry leaves",Vegan,,"Keep salt very low and rely on herbs, curry leaves, and souring agents for flavour. Avoid pickle or papad on the side. It works best as a light breakfast with tea or chutney.",30 mins brisk walking and yoga,Use low salt and avoid salty sides.
1008,Karnataka,High Bp,Breakfast,Shavige Uppittu (With Herbs),245.0,8.0,41,5,7,High,Medium,Low,Mustard,"rice vermicelli, onion, mustard seeds, curry leaves",Vegan,,"Keep salt very low and rely on herbs, curry leaves, and souring agents for flavour. Avoid pickle or papad on the side. It works best as a light breakfast with tea or chutney.",30 mins brisk walking and yoga,Use low salt and avoid salty sides.
1009,Karnataka,High Bp,Lunch,Beetroot Soup + 2 Jowar Rotis,310.0,10.0,52,4,10,Low,Low,Low,Safe,"Beetroot, Jowar, Garlic, Pepper",Vegetarian,,Beetroot juice/soup no cream. Jowar rotis no salt.,40 mins walk,Beetroot significantly lowers BP
1010,Karnataka,High Bp,Lunch,Bisi Bele Bath (No Salt),325.0,10.0,54,9,7,Medium,Low,Low,Dairy,"rice, toor dal, vegetables, bisi bele bath masala, ghee",Vegetarian,,"Keep salt very low and rely on herbs, curry leaves, and souring agents for flavour. Avoid pickle or papad on the side. Serve it with a simple salad or vegetable side for balance.",30 mins brisk walking and yoga,Use low salt and avoid salty sides. Contains dairy.
1011,Karnataka,High Bp,Lunch,Brown Rice + Low Salt Dal + Cucumber Salad,350.0,14.0,60,5,10,High,Low,Low,Safe,"Brown Rice, Toor Dal, Cucumber",Vegetarian,,Prepare dal with very minimal salt. Brown rice. Unseasoned salad.,40 mins relaxed walking,Keep sodium very low throughout meal
1012,Karnataka,High Bp,Lunch,Kharabath (No Salt),345.0,12.0,59,11,7,High,Medium,Low,Dairy,"rice, vegetables, spice mix, ghee",Vegetarian,,"Keep salt very low and rely on herbs, curry leaves, and souring agents for flavour. Avoid pickle or papad on the side. Serve it with a simple salad or vegetable side for balance.",30 mins brisk walking and yoga,Use low salt and avoid salty sides. Contains dairy.
1013,Karnataka,High Bp,Lunch,Lemon Rice (No Salt) + Palya,340.0,8.0,60,6,7,High,Low,Low,Safe,"Rice, Lemon, Tempering, Vegetables",Vegetarian,,Prepare lemon rice without salt. Lemon helps lower BP.,40 mins walk,Lemon is natural BP reducer
1014,Karnataka,High Bp,Lunch,Moong Dal Soup + 2 Ragi Rotis (No Salt),330.0,16.0,52,5,10,Low,Low,Low,Safe,"Moong Dal, Ragi, Vegetables",Vegetarian,,Light moong soup minimal seasoning. Ragi rotis no salt.,40 mins walk,Very low sodium meal
1015,Karnataka,High Bp,Lunch,Ragi Mudde + Drumstick Sambar (Low Salt),360.0,14.0,58,6,11,Low,Low,Low,Safe,"Ragi, Drumstick, Toor Dal",Vegetarian,,Drumstick is great for BP. Low salt sambar with ragi mudde.,40 mins yoga,Drumstick is potassium rich
1016,Karnataka,High Bp,Lunch,Spinach Dal + 2 Phulkas (No Salt),330.0,16.0,50,5,12,Low,Low,Low,Gluten,"Spinach, Toor Dal, Wheat",Vegetarian,,Prepare spinach-laced dal with minimal salt. Oil-free phulkas.,40 mins walk,Potassium from spinach helps BP
1017,Karnataka,High Bp,Lunch,Udupi Sambar (No Salt),335.0,11.0,57,10,8,Low,Low,Medium,Safe,"toor dal, mixed vegetables, tamarind, coconut, spices",Vegetarian,,"Keep salt very low and rely on herbs, curry leaves, and souring agents for flavour. Avoid pickle or papad on the side. Serve it with a simple salad or vegetable side for balance.",30 mins brisk walking and yoga,Use low salt and avoid salty sides.
1018,Karnataka,High Bp,Lunch,Unsalted Brown Rice + Majjige Huli,490.0,14.0,85,10,10,High,Low,Low,Dairy,"Brown Rice, Yogurt, Ash Gourd",Vegetarian,,Yogurt provides natural tanginess to replace salt.,Breathing exercises,Monitor BP daily
1019,Karnataka,High Bp,Lunch,Unsalted Chapati + Hurali Saaru,490.0,18.0,80,8,12,Low,Low,Low,Gluten,"Wheat, Horsegram",Vegetarian,,Extract broth without salt.,Breathing exercises,Monitor BP daily
1020,Karnataka,High Bp,Lunch,Unsalted Jolada Roti + Hesaru Kaalu,480.0,20.0,80,8,14,Low,Low,Low,Safe,"Sorghum, Green Gram",Vegetarian,,"Use tomato and spices for flavor, strictly zero salt.",Breathing exercises,Monitor BP daily
1021,Karnataka,High Bp,Lunch,Unsalted Ragi Mudde + Massoppu,510.0,18.0,85,8,15,Low,Low,Low,Safe,"Finger Millet, Mixed Greens",Vegetarian,,Greens provide potassium. Cook completely without salt.,Breathing exercises,Monitor BP daily
1022,Karnataka,High Bp,Lunch,Unsalted Siri Dhanya Rice + Tomato Rasam,470.0,12.0,85,6,10,Low,Low,Low,Safe,"Millet, Tomato",Vegetarian,,Heavy tomato use to mask lack of salt.,Breathing exercises,Monitor BP daily
1023,Karnataka,High Bp,Lunch,Unsalted White Rice + Bele Saaru + Sorekai Palya,500.0,16.0,85,10,10,Medium,Low,Low,Safe,"Rice, Toor Dal, Bottle Gourd",Vegetarian,,Cook dal and gourd plainly. Sorekai is excellent for fluid balance.,Breathing exercises,Monitor BP daily
1024,Karnataka,High Bp,Lunch,Vegetable Daliya + Raita (No Salt),320.0,11.0,52,5,9,Low,Low,Low,"Dairy, Gluten","Broken Wheat, Mixed Vegetables, Curd",Vegetarian,,Cook broken wheat with vegetables. Unsalted raita on side.,40 mins walk,Low sodium complete meal
1025,Karnataka,High Bp,Lunch,Boiled Chicken Salad + Brown Rice (Small),380.0,34.0,38,8,7,High,Low,Low,Safe,"Chicken, Brown Rice, Salad Greens, Lemon",Non-Vegetarian,Chicken,"Boil chicken, shred and toss with greens and lemon. Small rice.",40 mins walk,Avoid salt in chicken cooking
1026,Karnataka,High Bp,Lunch,Fish Curry (No Salt),395.0,27.0,46,19,6,Low,Low,Medium,Fish,"fish, tamarind, coconut, chilli, spices",Non-Vegetarian,Fish,"Keep salt very low and rely on herbs, curry leaves, and souring agents for flavour. Avoid pickle or papad on the side. Serve it with a simple salad or vegetable side for balance.",30 mins brisk walking and yoga,Use low salt and avoid salty sides. Contains fish.
1027,Karnataka,High Bp,Lunch,Fish Curry (With Herbs),395.0,27.0,46,19,6,Medium,Low,Low,Fish,"fish, tamarind, coconut, chilli, spices",Non-Vegetarian,Fish,"Keep salt very low and rely on herbs, curry leaves, and souring agents for flavour. Avoid pickle or papad on the side. Serve it with a simple salad or vegetable side for balance.",30 mins brisk walking and yoga,Use low salt and avoid salty sides. Contains fish.
1028,Karnataka,High Bp,Lunch,Grilled Fish (No Salt) + Steamed Greens,266.0,34.0,10,10,6,Low,Low,Low,Fish,"Fish, Mixed Greens, Lemon, Herbs",Non-Vegetarian,Fish,Grill fish with herbs and lemon juice. Steam greens separately.,40 mins walk,Omega-3 beneficial for BP
1029,Karnataka,High Bp,Lunch,Kori Gassi (No Salt),405.0,24.0,44,16,5,Low,Low,Medium,Chicken,"chicken, coconut, red chilli, garlic",Non-Vegetarian,Chicken,"Keep salt very low and rely on herbs, curry leaves, and souring agents for flavour. Avoid pickle or papad on the side. Serve it with a simple salad or vegetable side for balance.",30 mins brisk walking and yoga,Use low salt and avoid salty sides. Contains chicken.
1030,Karnataka,High Bp,Lunch,Kori Gassi (With Greens),405.0,24.0,44,16,5,Medium,Low,Low,Chicken,"chicken, coconut, red chilli, garlic",Non-Vegetarian,Chicken,"Keep salt very low and rely on herbs, curry leaves, and souring agents for flavour. Avoid pickle or papad on the side. Serve it with a simple salad or vegetable side for balance.",30 mins brisk walking and yoga,Use low salt and avoid salty sides. Contains chicken.
1031,Karnataka,High Bp,Lunch,Kori Gassi (With Herbs),405.0,24.0,44,16,5,Low,Medium,Low,Chicken,"chicken, coconut, red chilli, garlic",Non-Vegetarian,Chicken,"Keep salt very low and rely on herbs, curry leaves, and souring agents for flavour. Avoid pickle or papad on the side. Serve it with a simple salad or vegetable side for balance.",30 mins brisk walking and yoga,Use low salt and avoid salty sides. Contains chicken.
1032,Karnataka,High Bp,Lunch,Mangalorean Biryani (No Salt),425.0,26.0,49,18,5,Medium,Low,Low,"Chicken, Dairy","rice, chicken, mint, spices, ghee",Non-Vegetarian,Chicken,"Keep salt very low and rely on herbs, curry leaves, and souring agents for flavour. Avoid pickle or papad on the side. Serve it with a simple salad or vegetable side for balance.",30 mins brisk walking and yoga,"Use low salt and avoid salty sides. Contains dairy, chicken."
1033,Karnataka,High Bp,Lunch,Mangalorean Biryani (With Herbs),425.0,26.0,49,18,5,High,Medium,Low,"Chicken, Dairy","rice, chicken, mint, spices, ghee",Non-Vegetarian,Chicken,"Keep salt very low and rely on herbs, curry leaves, and souring agents for flavour. Avoid pickle or papad on the side. Serve it with a simple salad or vegetable side for balance.",30 mins brisk walking and yoga,"Use low salt and avoid salty sides. Contains dairy, chicken."
1034,Karnataka,High Bp,Lunch,Mutton Saaru (No Salt),405.0,24.0,44,16,5,Medium,Low,Low,Mutton,"mutton, onion, garlic, spices",Non-Vegetarian,Mutton,"Keep salt very low and rely on herbs, curry leaves, and souring agents for flavour. Avoid pickle or papad on the side. Serve it with a simple salad or vegetable side for balance.",30 mins brisk walking and yoga,Use low salt and avoid salty sides. Contains mutton.
1035,Karnataka,High Bp,Lunch,Mutton Saaru (With Greens),405.0,24.0,44,16,5,Low,Medium,Low,Mutton,"mutton, onion, garlic, spices",Non-Vegetarian,Mutton,"Keep salt very low and rely on herbs, curry leaves, and souring agents for flavour. Avoid pickle or papad on the side. Serve it with a simple salad or vegetable side for balance.",30 mins brisk walking and yoga,Use low salt and avoid salty sides. Contains mutton.
1036,Karnataka,High Bp,Lunch,Mutton Saaru (With Herbs),405.0,24.0,44,16,5,Low,Low,Medium,Mutton,"mutton, onion, garlic, spices",Non-Vegetarian,Mutton,"Keep salt very low and rely on herbs, curry leaves, and souring agents for flavour. Avoid pickle or papad on the side. Serve it with a simple salad or vegetable side for balance.",30 mins brisk walking and yoga,Use low salt and avoid salty sides. Contains mutton.
1037,Karnataka,High Bp,Lunch,Pandi Curry (High Fibre),415.0,25.0,47,17,6,Medium,Low,Low,Pork,"pork, kachampuli, black pepper, coconut",Non-Vegetarian,Pork,"Keep salt very low and rely on herbs, curry leaves, and souring agents for flavour. Avoid pickle or papad on the side. Serve it with a simple salad or vegetable side for balance.",30 mins brisk walking and yoga,Use low salt and avoid salty sides. Contains pork.
1038,Karnataka,High Bp,Lunch,Pandi Curry (No Salt),415.0,25.0,47,17,6,Low,Medium,Low,Pork,"pork, kachampuli, black pepper, coconut",Non-Vegetarian,Pork,"Keep salt very low and rely on herbs, curry leaves, and souring agents for flavour. Avoid pickle or papad on the side. Serve it with a simple salad or vegetable side for balance.",30 mins brisk walking and yoga,Use low salt and avoid salty sides. Contains pork.
1039,Karnataka,High Bp,Lunch,Pandi Curry (With Herbs),415.0,25.0,47,17,6,Low,Low,Medium,Pork,"pork, kachampuli, black pepper, coconut",Non-Vegetarian,Pork,"Keep salt very low and rely on herbs, curry leaves, and souring agents for flavour. Avoid pickle or papad on the side. Serve it with a simple salad or vegetable side for balance.",30 mins brisk walking and yoga,Use low salt and avoid salty sides. Contains pork.
1040,Karnataka,High Bp,Lunch,Unsalted White Rice + Fish Broth (Clear),480.0,30.0,75,8,4,Medium,Low,Low,Fish,"Rice, Fish, Spices",Non-Vegetarian,Fish,"Use lemon, pepper, and herbs to flavor the fish broth.",Breathing exercises,Monitor BP daily
1041,Karnataka,High Bp,Lunch,Bassaru (No Salt),315.0,11.0,57,7,8,High,Low,Medium,Sesame,"greens, lentils, spices, rice",Vegan,,"Keep salt very low and rely on herbs, curry leaves, and souring agents for flavour. Avoid pickle or papad on the side. Serve it with a simple salad or vegetable side for balance.",30 mins brisk walking and yoga,Use low salt and avoid salty sides. Contains sesame.
1042,Karnataka,High Bp,Lunch,Bassaru (Thin),315.0,11.0,57,7,8,High,Medium,Low,Sesame,"greens, lentils, spices, rice",Vegan,,"Keep salt very low and rely on herbs, curry leaves, and souring agents for flavour. Avoid pickle or papad on the side. Serve it with a simple salad or vegetable side for balance.",30 mins brisk walking and yoga,Use low salt and avoid salty sides. Contains sesame.
1043,Karnataka,High Bp,Lunch,Chitranna (No Salt),336.0,12.0,54,8,9,High,Low,Medium,Mustard,"rice, lemon, mustard seeds, turmeric",Vegan,,"Keep salt very low and rely on herbs, curry leaves, and souring agents for flavour. Avoid pickle or papad on the side. Serve it with a simple salad or vegetable side for balance.",30 mins brisk walking and yoga,Use low salt and avoid salty sides.
1044,Karnataka,High Bp,Lunch,Chitranna (Thin),336.0,12.0,54,8,9,Medium,Low,Low,Mustard,"rice, lemon, mustard seeds, turmeric",Vegan,,"Keep salt very low and rely on herbs, curry leaves, and souring agents for flavour. Avoid pickle or papad on the side. Serve it with a simple salad or vegetable side for balance.",30 mins brisk walking and yoga,Use low salt and avoid salty sides.
1045,Karnataka,High Bp,Lunch,Chitranna (With Herbs),336.0,12.0,54,8,9,High,Medium,Low,Mustard,"rice, lemon, mustard seeds, turmeric",Vegan,,"Keep salt very low and rely on herbs, curry leaves, and souring agents for flavour. Avoid pickle or papad on the side. Serve it with a simple salad or vegetable side for balance.",30 mins brisk walking and yoga,Use low salt and avoid salty sides.
1046,Karnataka,High Bp,Lunch,Coconut Rice (No Salt),305.0,10.0,55,6,9,Medium,Low,Low,Mustard,"rice, coconut, mustard seeds, curry leaves",Vegan,,"Keep salt very low and rely on herbs, curry leaves, and souring agents for flavour. Avoid pickle or papad on the side. Serve it with a simple salad or vegetable side for balance.",30 mins brisk walking and yoga,Use low salt and avoid salty sides.
1047,Karnataka,High Bp,Lunch,Coconut Rice (With Herbs),305.0,10.0,55,6,9,High,Low,Medium,Mustard,"rice, coconut, mustard seeds, curry leaves",Vegan,,"Keep salt very low and rely on herbs, curry leaves, and souring agents for flavour. Avoid pickle or papad on the side. Serve it with a simple salad or vegetable side for balance.",30 mins brisk walking and yoga,Use low salt and avoid salty sides.
1048,Karnataka,High Bp,Lunch,Jolada Rotti (Light Roast),295.0,9.0,52,5,8,Medium,Low,Low,Safe,"jowar flour, onion, coriander, green chilli",Vegan,,"Keep salt very low and rely on herbs, curry leaves, and souring agents for flavour. Avoid pickle or papad on the side. Serve it with a simple salad or vegetable side for balance.",30 mins brisk walking and yoga,Use low salt and avoid salty sides.
1049,Karnataka,High Bp,Lunch,Jolada Rotti (No Salt),295.0,9.0,52,5,8,Low,Medium,Low,Safe,"jowar flour, onion, coriander, green chilli",Vegan,,"Keep salt very low and rely on herbs, curry leaves, and souring agents for flavour. Avoid pickle or papad on the side. Serve it with a simple salad or vegetable side for balance.",30 mins brisk walking and yoga,Use low salt and avoid salty sides.
1050,Karnataka,High Bp,Lunch,Puliyogare (No Salt),315.0,11.0,57,7,8,High,Low,Medium,"Peanut, Peanuts","rice, tamarind, peanuts, curry leaves",Vegan,,"Keep salt very low and rely on herbs, curry leaves, and souring agents for flavour. Avoid pickle or papad on the side. Serve it with a simple salad or vegetable side for balance.",30 mins brisk walking and yoga,Use low salt and avoid salty sides. Contains peanuts.
1051,Karnataka,High Bp,Lunch,Puliyogare (With Herbs),315.0,11.0,57,7,8,High,Medium,Low,"Peanut, Peanuts","rice, tamarind, peanuts, curry leaves",Vegan,,"Keep salt very low and rely on herbs, curry leaves, and souring agents for flavour. Avoid pickle or papad on the side. Serve it with a simple salad or vegetable side for balance.",30 mins brisk walking and yoga,Use low salt and avoid salty sides. Contains peanuts.
1052,Karnataka,High Bp,Lunch,Ragi Mudde (No Salt),305.0,10.0,55,6,9,Medium,Low,Low,Safe,"ragi flour, water, salt",Vegan,,"Keep salt very low and rely on herbs, curry leaves, and souring agents for flavour. Avoid pickle or papad on the side. Serve it with a simple salad or vegetable side for balance.",30 mins brisk walking and yoga,Use low salt and avoid salty sides.
1053,Karnataka,High Bp,Lunch,Ragi Mudde (With Herbs),305.0,10.0,55,6,9,Low,Low,Medium,Safe,"ragi flour, water, salt",Vegan,,"Keep salt very low and rely on herbs, curry leaves, and souring agents for flavour. Avoid pickle or papad on the side. Serve it with a simple salad or vegetable side for balance.",30 mins brisk walking and yoga,Use low salt and avoid salty sides.
1054,Karnataka,High Bp,Lunch,Tomato Bath (No Salt),295.0,9.0,52,5,8,High,Medium,Low,Safe,"rice, tomato, onion, spice mix, curry leaves",Vegan,,"Keep salt very low and rely on herbs, curry leaves, and souring agents for flavour. Avoid pickle or papad on the side. Serve it with a simple salad or vegetable side for balance.",30 mins brisk walking and yoga,Use low salt and avoid salty sides.
1055,Karnataka,High Bp,Lunch,Tomato Bath (Thin),295.0,9.0,52,5,8,High,Low,Medium,Safe,"rice, tomato, onion, spice mix, curry leaves",Vegan,,"Keep salt very low and rely on herbs, curry leaves, and souring agents for flavour. Avoid pickle or papad on the side. Serve it with a simple salad or vegetable side for balance.",30 mins brisk walking and yoga,Use low salt and avoid salty sides.
1056,Karnataka,High Bp,Lunch,Tomato Bath (With Herbs),295.0,9.0,52,5,8,Medium,Low,Low,Safe,"rice, tomato, onion, spice mix, curry leaves",Vegan,,"Keep salt very low and rely on herbs, curry leaves, and souring agents for flavour. Avoid pickle or papad on the side. Serve it with a simple salad or vegetable side for balance.",30 mins brisk walking and yoga,Use low salt and avoid salty sides.
1057,Karnataka,High Bp,Snack,Amla Juice (Unsweetened),40.0,1.0,9,0,2,Low,Low,Low,Safe,"Amla, Water",Vegetarian,,Fresh amla juice diluted with water. No salt.,Light activity,Amla known to lower BP
1058,Karnataka,High Bp,Snack,Banana + Walnuts (2 pcs),180.0,4.0,30,7,4,Medium,Low,Low,"Nut, Nuts","Banana, Walnuts",Vegetarian,,One ripe banana with 4 halves of walnuts.,Light activity,High potassium combo
1059,Karnataka,High Bp,Snack,Coconut Water (Fresh),50.0,1.0,10,0,1,Low,Low,Low,Safe,Tender Coconut Water,Vegetarian,,Fresh tender coconut water. No added salt or sugar.,Light activity,Natural electrolytes help BP
1060,Karnataka,High Bp,Snack,Fresh Banana,110.0,1.0,28,0,3,Medium,Low,Low,Safe,Banana,Vegetarian,,High potassium helps regulate BP.,10 mins stretching,Avoid commercial snacks
1061,Karnataka,High Bp,Snack,Fresh Papaya,120.0,2.0,28,0,5,Medium,Low,Low,Safe,Papaya,Vegetarian,,Serve plain.,10 mins stretching,Avoid commercial snacks
1062,Karnataka,High Bp,Snack,Hibiscus Tea (Unsweetened),320.0,0.0,2,0,0,Low,Low,Low,Safe,"Hibiscus Flowers, Water",Vegetarian,,Brew hibiscus flowers in hot water. No sugar.,Light rest,Clinically shown to reduce BP
1063,Karnataka,High Bp,Snack,Pomegranate Seeds (100g),80.0,2.0,18,1,4,Low,Low,Low,Safe,Pomegranate,Vegetarian,,Fresh pomegranate seeds. Rich in antioxidants.,Light activity,Pomegranate extract clinically lowers BP
1064,Karnataka,High Bp,Snack,Ragi Porridge Bar (Unsalted),160.0,5.0,28,3,5,High,Low,Low,Safe,"Ragi, Jaggery, Flaxseed",Vegetarian,,Prepare ragi with minimal jaggery and flaxseed. No salt.,Light activity,Good BP management snack
1065,Karnataka,High Bp,Snack,Sweet Potato Boiled (100g),90.0,2.0,20,0,3,Medium,Low,Low,Safe,Sweet Potato,Vegetarian,,Boiled sweet potato with no salt. Rich in potassium.,Light activity,Potassium helps regulate BP
1066,Karnataka,High Bp,Snack,Unsalted Almonds + Walnuts (20g),130.0,4.0,5,12,2,Low,Low,Low,"Nut, Nuts","Almonds, Walnuts",Vegetarian,,Raw unsalted nuts. 15-20g portion only.,Light activity,Strictly no salt on nuts
1067,Karnataka,High Bp,Snack,Unsalted Cucumber Sticks,50.0,1.0,10,0,4,Low,Low,Low,Safe,Cucumber,Vegetarian,,Raw and hydrating.,10 mins stretching,Avoid commercial snacks
1068,Karnataka,High Bp,Snack,Unsalted Puffed Rice (Kadle Puri),130.0,3.0,25,1,2,Medium,Low,Low,Safe,Puffed Rice,Vegetarian,,Eat dry and plain.,10 mins stretching,Avoid commercial snacks
1069,Karnataka,High Bp,Snack,Unsalted Roasted Bengal Gram,150.0,8.0,20,4,8,Low,Low,Low,Safe,Bengal Gram,Vegetarian,,Dry roast plain.,10 mins stretching,Avoid commercial snacks
1070,Karnataka,High Bp,Snack,Unsalted Roasted Peanuts,180.0,8.0,15,10,4,Low,Low,Low,"Peanut, Peanuts",Peanuts,Vegetarian,,Ensure absolutely no salt coating.,10 mins stretching,Avoid commercial snacks
1071,Karnataka,High Bp,Snack,Unsalted Steamed Corn,150.0,5.0,30,1,4,Medium,Low,Low,Safe,Corn,Vegetarian,,Steam plain.,10 mins stretching,Avoid commercial snacks
1072,Karnataka,High Bp,Snack,Watermelon (200g),60.0,1.0,14,0,1,Low,Low,Low,Safe,Watermelon,Vegetarian,,Fresh watermelon chunks. No salt. Good for BP.,Light activity,Watermelon has natural BP lowering effects
1073,Karnataka,High Bp,Snack,Bangude Pulimunchi (High Fibre),238.0,16.0,12,14,3,Medium,Low,Low,Fish,"mackerel, tamarind, chilli, garlic",Non-Vegetarian,Fish,"Keep salt very low and rely on herbs, curry leaves, and souring agents for flavour. Avoid pickle or papad on the side. Keep it as a small snack portion rather than a full meal.",30 mins brisk walking and yoga,Use low salt and avoid salty sides. Contains fish.
1074,Karnataka,High Bp,Snack,Bangude Pulimunchi (No Salt),238.0,16.0,12,14,3,Low,Medium,Low,Fish,"mackerel, tamarind, chilli, garlic",Non-Vegetarian,Fish,"Keep salt very low and rely on herbs, curry leaves, and souring agents for flavour. Avoid pickle or papad on the side. Keep it as a small snack portion rather than a full meal.",30 mins brisk walking and yoga,Use low salt and avoid salty sides. Contains fish.
1075,Karnataka,High Bp,Snack,Chicken Ghee Roast (Light Roast),215.0,14.0,13,12,3,Low,Medium,Low,"Chicken, Dairy","chicken, ghee, red chilli, curry leaves",Non-Vegetarian,Chicken,"Keep salt very low and rely on herbs, curry leaves, and souring agents for flavour. Avoid pickle or papad on the side. Keep it as a small snack portion rather than a full meal.",30 mins brisk walking and yoga,"Use low salt and avoid salty sides. Contains dairy, chicken."
1076,Karnataka,High Bp,Snack,Chicken Ghee Roast (No Salt),215.0,14.0,13,12,3,Medium,Low,Low,"Chicken, Dairy","chicken, ghee, red chilli, curry leaves",Non-Vegetarian,Chicken,"Keep salt very low and rely on herbs, curry leaves, and souring agents for flavour. Avoid pickle or papad on the side. Keep it as a small snack portion rather than a full meal.",30 mins brisk walking and yoga,"Use low salt and avoid salty sides. Contains dairy, chicken."
1077,Karnataka,High Bp,Snack,Chicken Ghee Roast (With Herbs),215.0,14.0,13,12,3,Low,Low,Medium,"Chicken, Dairy","chicken, ghee, red chilli, curry leaves",Non-Vegetarian,Chicken,"Keep salt very low and rely on herbs, curry leaves, and souring agents for flavour. Avoid pickle or papad on the side. Keep it as a small snack portion rather than a full meal.",30 mins brisk walking and yoga,"Use low salt and avoid salty sides. Contains dairy, chicken."
1078,Karnataka,High Bp,Snack,Crab Sukka (No Salt),225.0,15.0,15,13,2,Low,Low,Medium,"Fish, Shellfish","crab, coconut, spices, garlic",Non-Vegetarian,Crab,"Keep salt very low and rely on herbs, curry leaves, and souring agents for flavour. Avoid pickle or papad on the side. Keep it as a small snack portion rather than a full meal.",30 mins brisk walking and yoga,Use low salt and avoid salty sides. Contains shellfish.
1079,Karnataka,High Bp,Snack,Crab Sukka (With Herbs),225.0,15.0,15,13,2,Low,Medium,Low,"Fish, Shellfish","crab, coconut, spices, garlic",Non-Vegetarian,Crab,"Keep salt very low and rely on herbs, curry leaves, and souring agents for flavour. Avoid pickle or papad on the side. Keep it as a small snack portion rather than a full meal.",30 mins brisk walking and yoga,Use low salt and avoid salty sides. Contains shellfish.
1080,Karnataka,High Bp,Snack,Fish Pulimunchi (No Salt),215.0,14.0,13,12,3,Low,Low,Medium,Fish,"fish, tamarind, chilli, garlic",Non-Vegetarian,Fish,"Keep salt very low and rely on herbs, curry leaves, and souring agents for flavour. Avoid pickle or papad on the side. Keep it as a small snack portion rather than a full meal.",30 mins brisk walking and yoga,Use low salt and avoid salty sides. Contains fish.
1081,Karnataka,High Bp,Snack,Fish Pulimunchi (With Herbs),215.0,14.0,13,12,3,Low,Medium,Low,Fish,"fish, tamarind, chilli, garlic",Non-Vegetarian,Fish,"Keep salt very low and rely on herbs, curry leaves, and souring agents for flavour. Avoid pickle or papad on the side. Keep it as a small snack portion rather than a full meal.",30 mins brisk walking and yoga,Use low salt and avoid salty sides. Contains fish.
1082,Karnataka,High Bp,Snack,Kane Rava Fry (Light Roast),205.0,13.0,10,11,2,Low,Low,Medium,"Fish, Gluten","fish, semolina, chilli, lemon",Non-Vegetarian,Fish,"Keep salt very low and rely on herbs, curry leaves, and souring agents for flavour. Avoid pickle or papad on the side. Keep it as a small snack portion rather than a full meal.",30 mins brisk walking and yoga,"Use low salt and avoid salty sides. Contains gluten, fish."
1083,Karnataka,High Bp,Snack,Kane Rava Fry (No Salt),205.0,13.0,10,11,2,Low,Medium,Low,"Fish, Gluten","fish, semolina, chilli, lemon",Non-Vegetarian,Fish,"Keep salt very low and rely on herbs, curry leaves, and souring agents for flavour. Avoid pickle or papad on the side. Keep it as a small snack portion rather than a full meal.",30 mins brisk walking and yoga,"Use low salt and avoid salty sides. Contains gluten, fish."
1084,Karnataka,High Bp,Snack,Kane Rava Fry (With Herbs),205.0,13.0,10,11,2,Medium,Low,Low,"Fish, Gluten","fish, semolina, chilli, lemon",Non-Vegetarian,Fish,"Keep salt very low and rely on herbs, curry leaves, and souring agents for flavour. Avoid pickle or papad on the side. Keep it as a small snack portion rather than a full meal.",30 mins brisk walking and yoga,"Use low salt and avoid salty sides. Contains gluten, fish."
1085,Karnataka,High Bp,Snack,Prawn Curry (No Salt),205.0,13.0,10,11,2,Medium,Low,Low,"Fish, Shellfish","prawn, coconut, chilli, spices",Non-Vegetarian,Seafood,"Keep salt very low and rely on herbs, curry leaves, and souring agents for flavour. Avoid pickle or papad on the side. Keep it as a small snack portion rather than a full meal.",30 mins brisk walking and yoga,Use low salt and avoid salty sides. Contains shellfish.
1086,Karnataka,High Bp,Snack,Prawn Curry (Thin),205.0,13.0,10,11,2,Low,Low,Medium,"Fish, Shellfish","prawn, coconut, chilli, spices",Non-Vegetarian,Seafood,"Keep salt very low and rely on herbs, curry leaves, and souring agents for flavour. Avoid pickle or papad on the side. Keep it as a small snack portion rather than a full meal.",30 mins brisk walking and yoga,Use low salt and avoid salty sides. Contains shellfish.
1087,Karnataka,High Bp,Snack,Prawn Ghee Roast (No Salt),225.0,15.0,15,13,2,Low,Medium,Low,"Dairy, Fish, Shellfish","prawn, ghee, red chilli, spices",Non-Vegetarian,Seafood,"Keep salt very low and rely on herbs, curry leaves, and souring agents for flavour. Avoid pickle or papad on the side. Keep it as a small snack portion rather than a full meal.",30 mins brisk walking and yoga,"Use low salt and avoid salty sides. Contains dairy, shellfish."
1088,Karnataka,High Bp,Snack,Prawn Ghee Roast (With Herbs),225.0,15.0,15,13,2,Medium,Low,Low,"Dairy, Fish, Shellfish","prawn, ghee, red chilli, spices",Non-Vegetarian,Seafood,"Keep salt very low and rely on herbs, curry leaves, and souring agents for flavour. Avoid pickle or papad on the side. Keep it as a small snack portion rather than a full meal.",30 mins brisk walking and yoga,"Use low salt and avoid salty sides. Contains dairy, shellfish."
1089,Karnataka,High Bp,Snack,Chakkuli (No Salt),124.0,4.0,18,4,5,High,Low,Medium,Sesame,"rice flour, urad dal, sesame, cumin",Vegan,,"Keep salt very low and rely on herbs, curry leaves, and souring agents for flavour. Avoid pickle or papad on the side. Keep it as a small snack portion rather than a full meal.",30 mins brisk walking and yoga,Use low salt and avoid salty sides. Contains sesame.
1090,Karnataka,High Bp,Snack,Chakkuli (Thin),124.0,4.0,18,4,5,Medium,Low,Low,Sesame,"rice flour, urad dal, sesame, cumin",Vegan,,"Keep salt very low and rely on herbs, curry leaves, and souring agents for flavour. Avoid pickle or papad on the side. Keep it as a small snack portion rather than a full meal.",30 mins brisk walking and yoga,Use low salt and avoid salty sides. Contains sesame.
1091,Karnataka,High Bp,Snack,Chakkuli (With Herbs),124.0,4.0,18,4,5,High,Medium,Low,Sesame,"rice flour, urad dal, sesame, cumin",Vegan,,"Keep salt very low and rely on herbs, curry leaves, and souring agents for flavour. Avoid pickle or papad on the side. Keep it as a small snack portion rather than a full meal.",30 mins brisk walking and yoga,Use low salt and avoid salty sides. Contains sesame.
1092,Karnataka,High Bp,Snack,Gojju Avalakki (No Salt),175.0,6.0,23,6,5,Medium,Low,Low,"Peanut, Peanuts","flattened rice, tamarind, peanuts, coconut",Vegan,,"Keep salt very low and rely on herbs, curry leaves, and souring agents for flavour. Avoid pickle or papad on the side. Keep it as a small snack portion rather than a full meal.",30 mins brisk walking and yoga,Use low salt and avoid salty sides. Contains peanuts.
1093,Karnataka,High Bp,Snack,Gojju Avalakki (With Herbs),175.0,6.0,23,6,5,High,Low,Medium,"Peanut, Peanuts","flattened rice, tamarind, peanuts, coconut",Vegan,,"Keep salt very low and rely on herbs, curry leaves, and souring agents for flavour. Avoid pickle or papad on the side. Keep it as a small snack portion rather than a full meal.",30 mins brisk walking and yoga,Use low salt and avoid salty sides. Contains peanuts.
1094,Karnataka,High Bp,Snack,Kodubale (No Salt),171.0,7.0,20,7,6,Medium,Low,Low,Sesame,"rice flour, roasted gram, sesame, cumin",Vegan,,"Keep salt very low and rely on herbs, curry leaves, and souring agents for flavour. Avoid pickle or papad on the side. Keep it as a small snack portion rather than a full meal.",30 mins brisk walking and yoga,Use low salt and avoid salty sides. Contains sesame.
1095,Karnataka,High Bp,Snack,Kodubale (Thin),171.0,7.0,20,7,6,High,Medium,Low,Sesame,"rice flour, roasted gram, sesame, cumin",Vegan,,"Keep salt very low and rely on herbs, curry leaves, and souring agents for flavour. Avoid pickle or papad on the side. Keep it as a small snack portion rather than a full meal.",30 mins brisk walking and yoga,Use low salt and avoid salty sides. Contains sesame.
1096,Karnataka,High Bp,Snack,Kodubale (With Herbs),171.0,7.0,20,7,6,High,Low,Medium,Sesame,"rice flour, roasted gram, sesame, cumin",Vegan,,"Keep salt very low and rely on herbs, curry leaves, and souring agents for flavour. Avoid pickle or papad on the side. Keep it as a small snack portion rather than a full meal.",30 mins brisk walking and yoga,Use low salt and avoid salty sides. Contains sesame.
1097,Karnataka,High Bp,Snack,Mandakki Usli (No Salt),165.0,5.0,21,5,6,High,Medium,Low,"Peanut, Peanuts","puffed rice, onion, peanuts, curry leaves",Vegan,,"Keep salt very low and rely on herbs, curry leaves, and souring agents for flavour. Avoid pickle or papad on the side. Keep it as a small snack portion rather than a full meal.",30 mins brisk walking and yoga,Use low salt and avoid salty sides. Contains peanuts.
1098,Karnataka,High Bp,Snack,Mandakki Usli (With Herbs),165.0,5.0,21,5,6,Medium,Low,Low,"Peanut, Peanuts","puffed rice, onion, peanuts, curry leaves",Vegan,,"Keep salt very low and rely on herbs, curry leaves, and souring agents for flavour. Avoid pickle or papad on the side. Keep it as a small snack portion rather than a full meal.",30 mins brisk walking and yoga,Use low salt and avoid salty sides. Contains peanuts.
1099,Karnataka,High Bp,Snack,Nippattu (No Salt),165.0,5.0,21,5,6,High,Medium,Low,"Peanut, Peanuts","rice flour, roasted gram, peanuts, curry leaves",Vegan,,"Keep salt very low and rely on herbs, curry leaves, and souring agents for flavour. Avoid pickle or papad on the side. Keep it as a small snack portion rather than a full meal.",30 mins brisk walking and yoga,Use low salt and avoid salty sides. Contains peanuts.
1100,Karnataka,High Bp,Snack,Nippattu (With Herbs),165.0,5.0,21,5,6,Medium,Low,Low,"Peanut, Peanuts","rice flour, roasted gram, peanuts, curry leaves",Vegan,,"Keep salt very low and rely on herbs, curry leaves, and souring agents for flavour. Avoid pickle or papad on the side. Keep it as a small snack portion rather than a full meal.",30 mins brisk walking and yoga,Use low salt and avoid salty sides. Contains peanuts.
1101,Karnataka,High Bp,Snack,Nuchinunde (Light Roast),124.0,4.0,18,4,5,Low,Medium,Low,Safe,"chana dal, dill leaves, coconut, cumin",Vegan,,"Keep salt very low and rely on herbs, curry leaves, and souring agents for flavour. Avoid pickle or papad on the side. Keep it as a small snack portion rather than a full meal.",30 mins brisk walking and yoga,Use low salt and avoid salty sides.
1102,Karnataka,High Bp,Snack,Nuchinunde (No Salt),124.0,4.0,18,4,5,Low,Low,Medium,Safe,"chana dal, dill leaves, coconut, cumin",Vegan,,"Keep salt very low and rely on herbs, curry leaves, and souring agents for flavour. Avoid pickle or papad on the side. Keep it as a small snack portion rather than a full meal.",30 mins brisk walking and yoga,Use low salt and avoid salty sides.
1103,Karnataka,High Bp,Snack,Puri Unde (No Salt),175.0,6.0,23,6,5,Medium,Low,Low,"Peanut, Peanuts, Sesame","puffed rice, jaggery, peanuts, sesame",Vegan,,"Keep salt very low and rely on herbs, curry leaves, and souring agents for flavour. Avoid pickle or papad on the side. Keep it as a small snack portion rather than a full meal.",30 mins brisk walking and yoga,"Use low salt and avoid salty sides. Contains peanuts, sesame."
1104,Karnataka,High Bp,Snack,Puri Unde (Thin),175.0,6.0,23,6,5,High,Low,Medium,"Peanut, Peanuts, Sesame","puffed rice, jaggery, peanuts, sesame",Vegan,,"Keep salt very low and rely on herbs, curry leaves, and souring agents for flavour. Avoid pickle or papad on the side. Keep it as a small snack portion rather than a full meal.",30 mins brisk walking and yoga,"Use low salt and avoid salty sides. Contains peanuts, sesame."
1105,Karnataka,High Bp,Dinner,Bajra Roti (2) + Spinach Dal (Low Salt),320.0,14.0,50,6,12,Low,Low,Low,Safe,"Bajra, Spinach, Toor Dal",Vegetarian,,Bajra roti without salt. Spinach dal very minimal salt.,20 mins walk,Magnesium in bajra helps BP
1106,Karnataka,High Bp,Dinner,Curd Rice (Low Salt) + Pomegranate,310.0,9.0,50,5,4,High,Low,Low,Dairy,"Brown Rice, Low Fat Curd, Pomegranate",Vegetarian,,Low salt curd rice. Top with pomegranate seeds.,20 mins walk,Probiotic with BP benefits
1107,Karnataka,High Bp,Dinner,Grilled Tofu (No Salt) + Stir Fry Vegetables,280.0,18.0,20,12,6,Low,Low,Low,Soy,"Tofu, Mixed Vegetables, Garlic",Vegetarian,,Grill tofu with garlic. Stir fry vegetables minimal oil no salt.,20 mins walk,Low calorie BP friendly
1108,Karnataka,High Bp,Dinner,Kesari Bath (No Salt),295.0,10.0,49,9,7,Medium,Low,Low,"Dairy, Gluten, Nut","semolina, sugar, ghee, saffron, cashew",Vegetarian,,"Keep salt very low and rely on herbs, curry leaves, and souring agents for flavour. Avoid pickle or papad on the side. Keep the dinner portion moderate so it sits lightly.",30 mins brisk walking and yoga,"Use low salt and avoid salty sides. Contains gluten, dairy."
1109,Karnataka,High Bp,Dinner,Moong Dal Khichdi (No Salt) + Buttermilk,310.0,14.0,50,5,9,High,Low,Low,Dairy,"Moong Dal, Rice, Unsalted Buttermilk",Vegetarian,,Khichdi without salt. Unsalted thin buttermilk.,20 mins walk,Probiotic and low sodium dinner
1110,Karnataka,High Bp,Dinner,Obbattu (Holige) (Low Salt),285.0,9.0,46,8,6,High,Medium,Low,"Dairy, Gluten","wheat flour, chana dal, jaggery, ghee, cardamom",Vegetarian,,"Keep salt very low and rely on herbs, curry leaves, and souring agents for flavour. Avoid pickle or papad on the side. Keep the dinner portion moderate so it sits lightly.",30 mins brisk walking and yoga,"Use low salt and avoid salty sides. Contains gluten, dairy."
1111,Karnataka,High Bp,Dinner,Palak Paneer (No Salt) + 2 Rotis,350.0,18.0,38,14,8,Low,Low,Medium,"Dairy, Gluten","Paneer, Spinach, Wheat, Garlic",Vegetarian,,Prepare without salt. Garlic and spices for flavour.,20 mins walk,Potassium rich dinner
1112,Karnataka,High Bp,Dinner,Sagu (Low Salt),305.0,11.0,51,10,6,Low,Low,Medium,Safe,"mixed vegetables, coconut, onion, spices",Vegetarian,,"Keep salt very low and rely on herbs, curry leaves, and souring agents for flavour. Avoid pickle or papad on the side. Keep the dinner portion moderate so it sits lightly.",30 mins brisk walking and yoga,Use low salt and avoid salty sides.
1113,Karnataka,High Bp,Dinner,Tomato Rasam + Ragi Mudde (Small),270.0,8.0,46,4,9,Low,Low,Low,Safe,"Ragi, Tomato, Pepper, Cumin",Vegetarian,,Thin tomato rasam without salt. Small ragi mudde.,20 mins walk,Traditional cooling BP dinner
1114,Karnataka,High Bp,Dinner,Unsalted Brown Rice + Bassaru,460.0,18.0,75,10,14,High,Low,Low,Safe,"Brown Rice, Mixed Greens",Vegetarian,,Extract broth without salt.,20 mins relaxing walk,Do not consume pickles with meal
1115,Karnataka,High Bp,Dinner,Unsalted Chapati + Padvalkai (Snake Gourd) Palya,430.0,12.0,75,10,10,Low,Low,Low,Gluten,"Wheat, Snake Gourd",Vegetarian,,Snake gourd is excellent for heart health. Cook plain.,20 mins relaxing walk,Do not consume pickles with meal
1116,Karnataka,High Bp,Dinner,Unsalted Godhi Dosa + Mint Chutney,420.0,12.0,75,8,8,Low,Low,Low,Gluten,"Wheat Flour, Mint",Vegetarian,,Cook dosa without salt.,20 mins relaxing walk,Do not consume pickles with meal
1117,Karnataka,High Bp,Dinner,Unsalted Idli + Vegetable Stew,400.0,10.0,75,6,8,Medium,Low,Low,Egg,"Rice, Veggies",Vegetarian,,Steam plainly.,20 mins relaxing walk,Do not consume pickles with meal
1118,Karnataka,High Bp,Dinner,Unsalted Jolada Roti + Badanekayi Palya,440.0,14.0,75,10,12,Low,Low,Low,Egg,"Sorghum, Eggplant",Vegetarian,,Cook eggplant plainly.,20 mins relaxing walk,Do not consume pickles with meal
1119,Karnataka,High Bp,Dinner,Unsalted Ragi Mudde + Tomato Saaru,450.0,14.0,80,8,12,Low,Low,Low,Safe,"Finger Millet, Tomato",Vegetarian,,"Use tomatoes, pepper, and coriander. No salt.",20 mins relaxing walk,Do not consume pickles with meal
1120,Karnataka,High Bp,Dinner,Vegetable Soup + 2 Phulkas (No Salt),280.0,8.0,44,4,9,Low,Low,Low,Gluten,"Mixed Vegetables, Wheat, Herbs",Vegetarian,,Clear vegetable soup no salt. Oil-free phulkas.,20 mins walk,Light low sodium dinner
1121,Karnataka,High Bp,Dinner,Anjal Fry (High Fibre),345.0,22.0,32,14,4,Low,Medium,Low,"Fish, Gluten","kingfish, spice mix, semolina, lemon",Non-Vegetarian,Fish,"Keep salt very low and rely on herbs, curry leaves, and souring agents for flavour. Avoid pickle or papad on the side. Keep the dinner portion moderate so it sits lightly.",30 mins brisk walking and yoga,"Use low salt and avoid salty sides. Contains gluten, fish."
1122,Karnataka,High Bp,Dinner,Anjal Fry (No Salt),345.0,22.0,32,14,4,Medium,Low,Low,"Fish, Gluten","kingfish, spice mix, semolina, lemon",Non-Vegetarian,Fish,"Keep salt very low and rely on herbs, curry leaves, and souring agents for flavour. Avoid pickle or papad on the side. Keep the dinner portion moderate so it sits lightly.",30 mins brisk walking and yoga,"Use low salt and avoid salty sides. Contains gluten, fish."
1123,Karnataka,High Bp,Dinner,Anjal Fry (Thin),345.0,22.0,32,14,4,Low,Low,Medium,"Fish, Gluten","kingfish, spice mix, semolina, lemon",Non-Vegetarian,Fish,"Keep salt very low and rely on herbs, curry leaves, and souring agents for flavour. Avoid pickle or papad on the side. Keep the dinner portion moderate so it sits lightly.",30 mins brisk walking and yoga,"Use low salt and avoid salty sides. Contains gluten, fish."
1124,Karnataka,High Bp,Dinner,Chicken Pulimunchi (No Salt),345.0,22.0,32,14,4,Low,Low,Medium,Chicken,"chicken, tamarind, chilli, garlic",Non-Vegetarian,Chicken,"Keep salt very low and rely on herbs, curry leaves, and souring agents for flavour. Avoid pickle or papad on the side. Keep the dinner portion moderate so it sits lightly.",30 mins brisk walking and yoga,Use low salt and avoid salty sides. Contains chicken.
1125,Karnataka,High Bp,Dinner,Chicken Pulimunchi (With Greens),345.0,22.0,32,14,4,Medium,Low,Low,Chicken,"chicken, tamarind, chilli, garlic",Non-Vegetarian,Chicken,"Keep salt very low and rely on herbs, curry leaves, and souring agents for flavour. Avoid pickle or papad on the side. Keep the dinner portion moderate so it sits lightly.",30 mins brisk walking and yoga,Use low salt and avoid salty sides. Contains chicken.
1126,Karnataka,High Bp,Dinner,Crab Curry (No Salt),355.0,23.0,35,15,5,Low,Medium,Low,"Fish, Shellfish","crab, coconut, spices, chilli",Non-Vegetarian,Crab,"Keep salt very low and rely on herbs, curry leaves, and souring agents for flavour. Avoid pickle or papad on the side. Keep the dinner portion moderate so it sits lightly.",30 mins brisk walking and yoga,Use low salt and avoid salty sides. Contains shellfish.
1127,Karnataka,High Bp,Dinner,Crab Curry (With Greens),355.0,23.0,35,15,5,Low,Low,Medium,"Fish, Shellfish","crab, coconut, spices, chilli",Non-Vegetarian,Crab,"Keep salt very low and rely on herbs, curry leaves, and souring agents for flavour. Avoid pickle or papad on the side. Keep the dinner portion moderate so it sits lightly.",30 mins brisk walking and yoga,Use low salt and avoid salty sides. Contains shellfish.
1128,Karnataka,High Bp,Dinner,Egg White Curry (No Salt) + 2 Jowar Rotis,300.0,24.0,38,6,7,Low,Low,Low,Egg,"Egg Whites, Jowar, Tomato, Herbs",Non-Vegetarian,,Egg white curry without salt. Jowar rotis.,20 mins walk,Very low sodium high protein dinner
1129,Karnataka,High Bp,Dinner,Koli Saaru (High Fibre),335.0,25.0,34,17,5,Medium,Low,Low,Chicken,"chicken, coconut, pepper, coriander",Non-Vegetarian,Chicken,"Keep salt very low and rely on herbs, curry leaves, and souring agents for flavour. Avoid pickle or papad on the side. Keep the dinner portion moderate so it sits lightly.",30 mins brisk walking and yoga,Use low salt and avoid salty sides. Contains chicken.
1130,Karnataka,High Bp,Dinner,Koli Saaru (No Salt),335.0,25.0,34,17,5,Low,Medium,Low,Chicken,"chicken, coconut, pepper, coriander",Non-Vegetarian,Chicken,"Keep salt very low and rely on herbs, curry leaves, and souring agents for flavour. Avoid pickle or papad on the side. Keep the dinner portion moderate so it sits lightly.",30 mins brisk walking and yoga,Use low salt and avoid salty sides. Contains chicken.
1131,Karnataka,High Bp,Dinner,Koli Saaru (With Herbs),335.0,25.0,34,17,5,Low,Low,Medium,Chicken,"chicken, coconut, pepper, coriander",Non-Vegetarian,Chicken,"Keep salt very low and rely on herbs, curry leaves, and souring agents for flavour. Avoid pickle or papad on the side. Keep the dinner portion moderate so it sits lightly.",30 mins brisk walking and yoga,Use low salt and avoid salty sides. Contains chicken.
1132,Karnataka,High Bp,Dinner,Mutton Biryani (No Salt),365.0,24.0,37,16,4,High,Low,Medium,"Dairy, Mutton","mutton, rice, spices, ghee",Non-Vegetarian,Mutton,"Keep salt very low and rely on herbs, curry leaves, and souring agents for flavour. Avoid pickle or papad on the side. Keep the dinner portion moderate so it sits lightly.",30 mins brisk walking and yoga,"Use low salt and avoid salty sides. Contains dairy, mutton."
1133,Karnataka,High Bp,Dinner,Mutton Biryani (With Greens),365.0,24.0,37,16,4,Medium,Low,Low,"Dairy, Mutton","mutton, rice, spices, ghee",Non-Vegetarian,Mutton,"Keep salt very low and rely on herbs, curry leaves, and souring agents for flavour. Avoid pickle or papad on the side. Keep the dinner portion moderate so it sits lightly.",30 mins brisk walking and yoga,"Use low salt and avoid salty sides. Contains dairy, mutton."
1134,Karnataka,High Bp,Dinner,Mutton Biryani (With Herbs),365.0,24.0,37,16,4,High,Medium,Low,"Dairy, Mutton","mutton, rice, spices, ghee",Non-Vegetarian,Mutton,"Keep salt very low and rely on herbs, curry leaves, and souring agents for flavour. Avoid pickle or papad on the side. Keep the dinner portion moderate so it sits lightly.",30 mins brisk walking and yoga,"Use low salt and avoid salty sides. Contains dairy, mutton."
1135,Karnataka,High Bp,Dinner,Steamed Fish + Vegetables + Brown Rice (Small),350.0,32.0,40,8,7,High,Low,Low,Fish,"Fish, Brown Rice, Mixed Vegetables",Non-Vegetarian,Fish,Steam fish with herbs. Steamed vegetables. Small rice.,20 mins walk,Minimal sodium preparation
1136,Karnataka,High Bp,Dinner,Unsalted White Rice + Chicken Broth (Clear),480.0,30.0,75,8,4,Medium,Low,Low,Safe,"Rice, Chicken",Non-Vegetarian,Chicken,Flavor broth with pepper only.,20 mins relaxing walk,Do not consume pickles with meal
1137,Karnataka,High Bp,Dinner,Avarekalu Saaru (No Salt),300.0,11.0,46,8,8,Low,Medium,Low,Safe,"hyacinth beans, coconut, tamarind, spices",Vegan,,"Keep salt very low and rely on herbs, curry leaves, and souring agents for flavour. Avoid pickle or papad on the side. Keep the dinner portion moderate so it sits lightly.",30 mins brisk walking and yoga,Use low salt and avoid salty sides.
1138,Karnataka,High Bp,Dinner,Avarekalu Saaru (Thin),300.0,11.0,46,8,8,Low,Low,Medium,Safe,"hyacinth beans, coconut, tamarind, spices",Vegan,,"Keep salt very low and rely on herbs, curry leaves, and souring agents for flavour. Avoid pickle or papad on the side. Keep the dinner portion moderate so it sits lightly.",30 mins brisk walking and yoga,Use low salt and avoid salty sides.
1139,Karnataka,High Bp,Dinner,Avarekalu Saaru (With Herbs),300.0,11.0,46,8,8,Medium,Low,Low,Safe,"hyacinth beans, coconut, tamarind, spices",Vegan,,"Keep salt very low and rely on herbs, curry leaves, and souring agents for flavour. Avoid pickle or papad on the side. Keep the dinner portion moderate so it sits lightly.",30 mins brisk walking and yoga,Use low salt and avoid salty sides.
1140,Karnataka,High Bp,Dinner,Bendekaayi Palya (No Salt),275.0,10.0,49,7,7,Low,Medium,Low,Mustard,"okra, onion, mustard seeds, curry leaves",Vegan,,"Keep salt very low and rely on herbs, curry leaves, and souring agents for flavour. Avoid pickle or papad on the side. Keep the dinner portion moderate so it sits lightly.",30 mins brisk walking and yoga,Use low salt and avoid salty sides.
1141,Karnataka,High Bp,Dinner,Bendekaayi Palya (Thin),275.0,10.0,49,7,7,Medium,Low,Low,Mustard,"okra, onion, mustard seeds, curry leaves",Vegan,,"Keep salt very low and rely on herbs, curry leaves, and souring agents for flavour. Avoid pickle or papad on the side. Keep the dinner portion moderate so it sits lightly.",30 mins brisk walking and yoga,Use low salt and avoid salty sides.
1142,Karnataka,High Bp,Dinner,Huli (Light Roast),255.0,8.0,44,5,7,Low,Low,Medium,Sesame,"vegetables, tamarind, lentils, spices",Vegan,,"Keep salt very low and rely on herbs, curry leaves, and souring agents for flavour. Avoid pickle or papad on the side. Keep the dinner portion moderate so it sits lightly.",30 mins brisk walking and yoga,Use low salt and avoid salty sides. Contains sesame.
1143,Karnataka,High Bp,Dinner,Huli (No Salt),255.0,8.0,44,5,7,Medium,Low,Low,Sesame,"vegetables, tamarind, lentils, spices",Vegan,,"Keep salt very low and rely on herbs, curry leaves, and souring agents for flavour. Avoid pickle or papad on the side. Keep the dinner portion moderate so it sits lightly.",30 mins brisk walking and yoga,Use low salt and avoid salty sides. Contains sesame.
1144,Karnataka,High Bp,Dinner,Kosambari (No Salt),265.0,9.0,47,6,8,Low,Low,Medium,Safe,"moong dal, cucumber, coconut, coriander",Vegan,,"Keep salt very low and rely on herbs, curry leaves, and souring agents for flavour. Avoid pickle or papad on the side. Keep the dinner portion moderate so it sits lightly.",30 mins brisk walking and yoga,Use low salt and avoid salty sides.
1145,Karnataka,High Bp,Dinner,Kosambari (With Herbs),265.0,9.0,47,6,8,Low,Medium,Low,Safe,"moong dal, cucumber, coconut, coriander",Vegan,,"Keep salt very low and rely on herbs, curry leaves, and souring agents for flavour. Avoid pickle or papad on the side. Keep the dinner portion moderate so it sits lightly.",30 mins brisk walking and yoga,Use low salt and avoid salty sides.
1146,Karnataka,High Bp,Dinner,Menthya Bath (No Salt),255.0,8.0,44,5,7,Medium,Low,Low,Safe,"rice, fenugreek leaves, tamarind, spices",Vegan,,"Keep salt very low and rely on herbs, curry leaves, and souring agents for flavour. Avoid pickle or papad on the side. Keep the dinner portion moderate so it sits lightly.",30 mins brisk walking and yoga,Use low salt and avoid salty sides.
1147,Karnataka,High Bp,Dinner,Menthya Bath (Thin),255.0,8.0,44,5,7,High,Medium,Low,Safe,"rice, fenugreek leaves, tamarind, spices",Vegan,,"Keep salt very low and rely on herbs, curry leaves, and souring agents for flavour. Avoid pickle or papad on the side. Keep the dinner portion moderate so it sits lightly.",30 mins brisk walking and yoga,Use low salt and avoid salty sides.
1148,Karnataka,High Bp,Dinner,Menthya Bath (With Herbs),255.0,8.0,44,5,7,High,Low,Medium,Safe,"rice, fenugreek leaves, tamarind, spices",Vegan,,"Keep salt very low and rely on herbs, curry leaves, and souring agents for flavour. Avoid pickle or papad on the side. Keep the dinner portion moderate so it sits lightly.",30 mins brisk walking and yoga,Use low salt and avoid salty sides.
1149,Karnataka,High Bp,Dinner,Saaru (No Salt),265.0,9.0,47,6,8,Low,Low,Medium,Safe,"tomato, pepper, cumin, garlic",Vegan,,"Keep salt very low and rely on herbs, curry leaves, and souring agents for flavour. Avoid pickle or papad on the side. Keep the dinner portion moderate so it sits lightly.",30 mins brisk walking and yoga,Use low salt and avoid salty sides.
1150,Karnataka,High Bp,Dinner,Saaru (With Herbs),265.0,9.0,47,6,8,Low,Medium,Low,Safe,"tomato, pepper, cumin, garlic",Vegan,,"Keep salt very low and rely on herbs, curry leaves, and souring agents for flavour. Avoid pickle or papad on the side. Keep the dinner portion moderate so it sits lightly.",30 mins brisk walking and yoga,Use low salt and avoid salty sides.
1151,Karnataka,High Bp,Dinner,Soppina Saaru (No Salt),275.0,10.0,49,7,7,Low,Medium,Low,Sesame,"greens, lentils, garlic, spices",Vegan,,"Keep salt very low and rely on herbs, curry leaves, and souring agents for flavour. Avoid pickle or papad on the side. Keep the dinner portion moderate so it sits lightly.",30 mins brisk walking and yoga,Use low salt and avoid salty sides. Contains sesame.
1152,Karnataka,High Bp,Dinner,Soppina Saaru (With Herbs),275.0,10.0,49,7,7,Medium,Low,Low,Sesame,"greens, lentils, garlic, spices",Vegan,,"Keep salt very low and rely on herbs, curry leaves, and souring agents for flavour. Avoid pickle or papad on the side. Keep the dinner portion moderate so it sits lightly.",30 mins brisk walking and yoga,Use low salt and avoid salty sides. Contains sesame.
1153,Karnataka,High Cholesterol,Breakfast,Besan Chilla + Tomato Chutney (No Oil),220.0,12.0,28,4,6,Low,Low,Low,Safe,"Besan, Spinach, Tomato",Vegetarian,,Thin gram flour pancake. No oil. Cholesterol neutral tomato chutney.,30 mins brisk walking,No ghee or butter
1154,Karnataka,High Cholesterol,Breakfast,Broken Wheat Porridge (No Milk),220.0,7.0,40,2,7,Low,Low,Low,Gluten,"Broken Wheat, Water, Vegetables",Vegetarian,,Cook broken wheat in water with vegetables. No milk or butter.,30 mins walk,Soluble fibre reduces cholesterol
1155,Karnataka,High Cholesterol,Breakfast,Idli + Sambar (No Coconut/No Tadka),340.0,14.0,60,4,8,Medium,Medium,Low,Safe,"Rice, Urad Dal, Toor Dal",Vegetarian,,Avoid coconut in sambar.,40 mins steady cardio,Monitor lipid profile monthly
1156,Karnataka,High Cholesterol,Breakfast,Jolada Roti + Raw Onion,280.0,10.0,50,4,10,Low,Medium,Low,Safe,"Sorghum, Onion",Vegetarian,,Dry roast perfectly.,40 mins steady cardio,Monitor lipid profile monthly
1157,Karnataka,High Cholesterol,Breakfast,Methi Dosa (Fenugreek) + Tomato Chutney,230.0,8.0,36,3,7,High,Low,Low,Safe,"Fenugreek, Rice, Urad Dal, Tomato",Vegetarian,,Add fenugreek seeds to dosa batter. Minimal oil. Tomato chutney.,30 mins walk,Fenugreek reduces LDL cholesterol
1158,Karnataka,High Cholesterol,Breakfast,Moong Dal Dosa (Pesarattu) + Ginger Chutney,240.0,14.0,34,3,8,Low,Low,Low,Safe,"Moong Dal, Ginger, Green Chilli",Vegetarian,,Thin moong dosa on non-stick. No oil. Ginger aids cholesterol.,30 mins brisk walking,Ginger reduces bad cholesterol
1159,Karnataka,High Cholesterol,Breakfast,Neer Dosa + Tomato Chutney,300.0,8.0,55,4,6,Medium,Medium,Low,Safe,"Rice, Tomato",Vegetarian,,Skip coconut in chutney.,40 mins steady cardio,Monitor lipid profile monthly
1160,Karnataka,High Cholesterol,Breakfast,Oats Porridge with Flaxseed + Berries (No Butter),250.0,8.0,40,6,8,Low,Low,Low,Gluten,"Oats, Flaxseed, Mixed Berries",Vegetarian,,Cook oats in water. Add ground flaxseed and fresh berries.,30 mins brisk walking,Soluble fibre in oats reduces LDL
1161,Karnataka,High Cholesterol,Breakfast,Oats Uppittu (Local Style),320.0,12.0,50,8,10,Low,Medium,Low,Egg,"Oats, Veggies",Vegetarian,,Use oats instead of rava. Skip oil tadka.,40 mins steady cardio,Monitor lipid profile monthly
1162,Karnataka,High Cholesterol,Breakfast,Ragi Dosa (Zero Oil) + Tomato Chutney,310.0,10.0,55,5,8,Low,Medium,Low,Safe,"Finger Millet, Tomato",Vegetarian,,Cook on non-stick pan without any oil.,40 mins steady cardio,Monitor lipid profile monthly
1163,Karnataka,High Cholesterol,Breakfast,Ragi Mudde + Drumstick Sambar,270.0,10.0,46,4,10,Low,Low,Low,Safe,"Ragi, Drumstick, Toor Dal",Vegetarian,,Small ragi mudde. Light drumstick sambar without coconut.,30 mins brisk walking,No coconut in preparations
1164,Karnataka,High Cholesterol,Breakfast,"Ragi Porridge (No Sugar, No Butter)",210.0,7.0,38,2,8,Low,Low,Low,Safe,"Ragi, Water, Cardamom",Vegetarian,,Cook ragi in water. Cardamom for flavour. No butter or sugar.,30 mins walk,Zero cholesterol breakfast
1165,Karnataka,High Cholesterol,Breakfast,Rava Idli (No Oil),270.0,9.0,45,6,7,Medium,Low,Low,"Dairy, Gluten, Mustard","semolina, curd, carrot, mustard seeds, curry leaves",Vegetarian,,"Avoid ghee, cream, and deep frying, and keep the oil very light. Pair the dish with vegetables or legumes. It works best as a light breakfast with tea or chutney.",30 mins cardio or cycling,"Avoid ghee and fried accompaniments. Contains gluten, dairy."
1166,Karnataka,High Cholesterol,Breakfast,Sprouted Moong Salad (Raw),250.0,15.0,40,3,10,Low,Medium,Low,Safe,Green Gram Sprouts,Vegetarian,,Eat raw to bind cholesterol.,40 mins steady cardio,Monitor lipid profile monthly
1167,Karnataka,High Cholesterol,Breakfast,Sprouted Moong Salad + Lemon,160.0,12.0,24,2,8,Low,Low,Low,Safe,"Sprouted Moong, Tomato, Cucumber, Lemon",Vegetarian,,Raw sprouted salad. No oil. Lemon helps reduce cholesterol.,30 mins brisk walking,Raw food is best for cholesterol
1168,Karnataka,High Cholesterol,Breakfast,Steamed Kadubu (Zero Oil),300.0,10.0,55,4,6,Low,Medium,Low,Gluten,"Wheat, Dal",Vegetarian,,Steam thoroughly. Do not temper.,40 mins steady cardio,Monitor lipid profile monthly
1169,Karnataka,High Cholesterol,Breakfast,Akki Rotti with Chicken Sukka (Light Roast),310.0,18.0,33,9,6,High,Low,Medium,Chicken,"rice flour, chicken, coconut, spices",Non-Vegetarian,Chicken,"Avoid ghee, cream, and deep frying, and keep the oil very light. Pair the dish with vegetables or legumes. It works best as a light breakfast with tea or chutney.",30 mins cardio or cycling,Avoid ghee and fried accompaniments. Contains chicken.
1170,Karnataka,High Cholesterol,Breakfast,Akki Rotti with Chicken Sukka (Low Oil),310.0,18.0,33,9,6,High,Low,Medium,Chicken,"rice flour, chicken, coconut, spices",Non-Vegetarian,Chicken,"Avoid ghee, cream, and deep frying, and keep the oil very light. Pair the dish with vegetables or legumes. It works best as a light breakfast with tea or chutney.",30 mins cardio or cycling,Avoid ghee and fried accompaniments. Contains chicken.
1171,Karnataka,High Cholesterol,Breakfast,Akki Rotti with Chicken Sukka (Mini Portion),310.0,18.0,33,9,6,High,Low,Medium,Chicken,"rice flour, chicken, coconut, spices",Non-Vegetarian,Chicken,"Avoid ghee, cream, and deep frying, and keep the oil very light. Pair the dish with vegetables or legumes. It works best as a light breakfast with tea or chutney.",30 mins cardio or cycling,Avoid ghee and fried accompaniments. Contains chicken.
1172,Karnataka,High Cholesterol,Breakfast,Chicken Sukka (Low Oil),260.0,17.0,30,8,5,Low,Low,Medium,Chicken,"chicken, coconut, pepper, curry leaves",Non-Vegetarian,Chicken,"Avoid ghee, cream, and deep frying, and keep the oil very light. Pair the dish with vegetables or legumes. It works best as a light breakfast with tea or chutney.",30 mins cardio or cycling,Avoid ghee and fried accompaniments. Contains chicken.
1173,Karnataka,High Cholesterol,Breakfast,Chicken Sukka (Thin),260.0,17.0,30,8,5,Low,Low,Medium,Chicken,"chicken, coconut, pepper, curry leaves",Non-Vegetarian,Chicken,"Avoid ghee, cream, and deep frying, and keep the oil very light. Pair the dish with vegetables or legumes. It works best as a light breakfast with tea or chutney.",30 mins cardio or cycling,Avoid ghee and fried accompaniments. Contains chicken.
1174,Karnataka,High Cholesterol,Breakfast,Egg White Omelette + Brown Bread,240.0,20.0,28,4,4,Low,Low,Low,"Egg, Gluten","Egg Whites, Brown Bread, Vegetables",Non-Vegetarian,,3 egg whites only. Brown bread. No butter or cheese.,30 mins brisk walking,Avoid egg yolks for cholesterol
1175,Karnataka,High Cholesterol,Breakfast,Koli Curry (Light Roast),290.0,20.0,32,11,6,Medium,Low,Low,Chicken,"chicken, red chilli, coconut, garlic",Non-Vegetarian,Chicken,"Avoid ghee, cream, and deep frying, and keep the oil very light. Pair the dish with vegetables or legumes. It works best as a light breakfast with tea or chutney.",30 mins cardio or cycling,Avoid ghee and fried accompaniments. Contains chicken.
1176,Karnataka,High Cholesterol,Breakfast,Koli Curry (Low Oil),290.0,20.0,32,11,6,Medium,Low,Low,Chicken,"chicken, red chilli, coconut, garlic",Non-Vegetarian,Chicken,"Avoid ghee, cream, and deep frying, and keep the oil very light. Pair the dish with vegetables or legumes. It works best as a light breakfast with tea or chutney.",30 mins cardio or cycling,Avoid ghee and fried accompaniments. Contains chicken.
1177,Karnataka,High Cholesterol,Breakfast,Koli Curry (Thin),290.0,20.0,32,11,6,Medium,Low,Low,Chicken,"chicken, red chilli, coconut, garlic",Non-Vegetarian,Chicken,"Avoid ghee, cream, and deep frying, and keep the oil very light. Pair the dish with vegetables or legumes. It works best as a light breakfast with tea or chutney.",30 mins cardio or cycling,Avoid ghee and fried accompaniments. Contains chicken.
1178,Karnataka,High Cholesterol,Breakfast,Kori Rotti (Light Roast),320.0,19.0,35,10,5,High,Medium,Low,Chicken,"rice wafers, chicken curry, coconut, spices",Non-Vegetarian,Chicken,"Avoid ghee, cream, and deep frying, and keep the oil very light. Pair the dish with vegetables or legumes. It works best as a light breakfast with tea or chutney.",30 mins cardio or cycling,Avoid ghee and fried accompaniments. Contains chicken.
1179,Karnataka,High Cholesterol,Breakfast,Kori Rotti (Low Oil),320.0,19.0,35,10,5,High,Medium,Low,Chicken,"rice wafers, chicken curry, coconut, spices",Non-Vegetarian,Chicken,"Avoid ghee, cream, and deep frying, and keep the oil very light. Pair the dish with vegetables or legumes. It works best as a light breakfast with tea or chutney.",30 mins cardio or cycling,Avoid ghee and fried accompaniments. Contains chicken.
1180,Karnataka,High Cholesterol,Breakfast,Kori Rotti (Mini Portion),320.0,19.0,35,10,5,High,Medium,Low,Chicken,"rice wafers, chicken curry, coconut, spices",Non-Vegetarian,Chicken,"Avoid ghee, cream, and deep frying, and keep the oil very light. Pair the dish with vegetables or legumes. It works best as a light breakfast with tea or chutney.",30 mins cardio or cycling,Avoid ghee and fried accompaniments. Contains chicken.
1181,Karnataka,High Cholesterol,Breakfast,Mangalore Fish Fry (Light Roast),310.0,18.0,33,9,6,Low,Medium,Low,"Fish, Gluten","fish, rava, spices, lemon",Non-Vegetarian,Fish,"Avoid ghee, cream, and deep frying, and keep the oil very light. Pair the dish with vegetables or legumes. It works best as a light breakfast with tea or chutney.",30 mins cardio or cycling,"Avoid ghee and fried accompaniments. Contains gluten, fish."
1182,Karnataka,High Cholesterol,Breakfast,Mangalore Fish Fry (Low Oil),310.0,18.0,33,9,6,Low,Medium,Low,"Fish, Gluten","fish, rava, spices, lemon",Non-Vegetarian,Fish,"Avoid ghee, cream, and deep frying, and keep the oil very light. Pair the dish with vegetables or legumes. It works best as a light breakfast with tea or chutney.",30 mins cardio or cycling,"Avoid ghee and fried accompaniments. Contains gluten, fish."
1183,Karnataka,High Cholesterol,Breakfast,Neer Dose with Kori Gassi (Low Oil),260.0,17.0,30,8,5,Medium,Low,Low,Chicken,"rice, chicken, coconut, spices",Non-Vegetarian,Chicken,"Avoid ghee, cream, and deep frying, and keep the oil very light. Pair the dish with vegetables or legumes. It works best as a light breakfast with tea or chutney.",30 mins cardio or cycling,Avoid ghee and fried accompaniments. Contains chicken.
1184,Karnataka,High Cholesterol,Breakfast,Neer Dose with Kori Gassi (Mini Portion),260.0,17.0,30,8,5,Medium,Low,Low,Chicken,"rice, chicken, coconut, spices",Non-Vegetarian,Chicken,"Avoid ghee, cream, and deep frying, and keep the oil very light. Pair the dish with vegetables or legumes. It works best as a light breakfast with tea or chutney.",30 mins cardio or cycling,Avoid ghee and fried accompaniments. Contains chicken.
1185,Karnataka,High Cholesterol,Breakfast,Akki Rotti (Low Oil),197.0,7.0,40,1,7,Medium,Low,Low,Safe,"rice flour, onion, coriander, green chilli",Vegan,,"Avoid ghee, cream, and deep frying, and keep the oil very light. Pair the dish with vegetables or legumes. It works best as a light breakfast with tea or chutney.",30 mins cardio or cycling,Avoid ghee and fried accompaniments.
1186,Karnataka,High Cholesterol,Breakfast,Akki Rotti (Mini Portion),197.0,7.0,40,1,7,High,Low,Medium,Safe,"rice flour, onion, coriander, green chilli",Vegan,,"Avoid ghee, cream, and deep frying, and keep the oil very light. Pair the dish with vegetables or legumes. It works best as a light breakfast with tea or chutney.",30 mins cardio or cycling,Avoid ghee and fried accompaniments.
1187,Karnataka,High Cholesterol,Breakfast,Avalakki Uppittu (Light Roast),250.0,9.0,45,3,7,Medium,Low,Low,"Peanut, Peanuts","flattened rice, onion, peanuts, curry leaves",Vegan,,"Avoid ghee, cream, and deep frying, and keep the oil very light. Pair the dish with vegetables or legumes. It works best as a light breakfast with tea or chutney.",30 mins cardio or cycling,Avoid ghee and fried accompaniments. Contains peanuts.
1188,Karnataka,High Cholesterol,Breakfast,Avalakki Uppittu (Low Oil),250.0,9.0,45,3,7,High,Medium,Low,"Peanut, Peanuts","flattened rice, onion, peanuts, curry leaves",Vegan,,"Avoid ghee, cream, and deep frying, and keep the oil very light. Pair the dish with vegetables or legumes. It works best as a light breakfast with tea or chutney.",30 mins cardio or cycling,Avoid ghee and fried accompaniments. Contains peanuts.
1189,Karnataka,High Cholesterol,Breakfast,Avalakki Uppittu (Mini Portion),250.0,9.0,45,3,7,High,Low,Medium,"Peanut, Peanuts","flattened rice, onion, peanuts, curry leaves",Vegan,,"Avoid ghee, cream, and deep frying, and keep the oil very light. Pair the dish with vegetables or legumes. It works best as a light breakfast with tea or chutney.",30 mins cardio or cycling,Avoid ghee and fried accompaniments. Contains peanuts.
1190,Karnataka,High Cholesterol,Breakfast,Neer Dose (Light Roast),240.0,8.0,43,2,8,High,Medium,Low,Safe,"rice, coconut, salt",Vegan,,"Avoid ghee, cream, and deep frying, and keep the oil very light. Pair the dish with vegetables or legumes. It works best as a light breakfast with tea or chutney.",30 mins cardio or cycling,Avoid ghee and fried accompaniments.
1191,Karnataka,High Cholesterol,Breakfast,Neer Dose (Low Oil),240.0,8.0,43,2,8,High,Low,Medium,Safe,"rice, coconut, salt",Vegan,,"Avoid ghee, cream, and deep frying, and keep the oil very light. Pair the dish with vegetables or legumes. It works best as a light breakfast with tea or chutney.",30 mins cardio or cycling,Avoid ghee and fried accompaniments.
1192,Karnataka,High Cholesterol,Breakfast,Paddu (Gundponglu) (Light Roast),197.0,7.0,40,1,7,High,Medium,Low,Safe,"rice batter, urad dal, curry leaves, onion",Vegan,,"Avoid ghee, cream, and deep frying, and keep the oil very light. Pair the dish with vegetables or legumes. It works best as a light breakfast with tea or chutney.",30 mins cardio or cycling,Avoid ghee and fried accompaniments.
1193,Karnataka,High Cholesterol,Breakfast,Paddu (Gundponglu) (Low Oil),197.0,7.0,40,1,7,High,Low,Medium,Safe,"rice batter, urad dal, curry leaves, onion",Vegan,,"Avoid ghee, cream, and deep frying, and keep the oil very light. Pair the dish with vegetables or legumes. It works best as a light breakfast with tea or chutney.",30 mins cardio or cycling,Avoid ghee and fried accompaniments.
1194,Karnataka,High Cholesterol,Breakfast,Ragi Rotti (Light Roast),250.0,9.0,45,3,7,Medium,Low,Low,Safe,"ragi flour, onion, coriander, green chilli",Vegan,,"Avoid ghee, cream, and deep frying, and keep the oil very light. Pair the dish with vegetables or legumes. It works best as a light breakfast with tea or chutney.",30 mins cardio or cycling,Avoid ghee and fried accompaniments.
1195,Karnataka,High Cholesterol,Breakfast,Ragi Rotti (Low Oil),250.0,9.0,45,3,7,Low,Medium,Low,Safe,"ragi flour, onion, coriander, green chilli",Vegan,,"Avoid ghee, cream, and deep frying, and keep the oil very light. Pair the dish with vegetables or legumes. It works best as a light breakfast with tea or chutney.",30 mins cardio or cycling,Avoid ghee and fried accompaniments.
1196,Karnataka,High Cholesterol,Breakfast,Sajje Rotti (Light Roast),220.0,10.0,42,4,8,Low,Low,Medium,Safe,"pearl millet flour, onion, coriander, green chilli",Vegan,,"Avoid ghee, cream, and deep frying, and keep the oil very light. Pair the dish with vegetables or legumes. It works best as a light breakfast with tea or chutney.",30 mins cardio or cycling,Avoid ghee and fried accompaniments.
1197,Karnataka,High Cholesterol,Breakfast,Sajje Rotti (Low Oil),220.0,10.0,42,4,8,Medium,Low,Low,Safe,"pearl millet flour, onion, coriander, green chilli",Vegan,,"Avoid ghee, cream, and deep frying, and keep the oil very light. Pair the dish with vegetables or legumes. It works best as a light breakfast with tea or chutney.",30 mins cardio or cycling,Avoid ghee and fried accompaniments.
1198,Karnataka,High Cholesterol,Breakfast,Shavige Uppittu (Light Roast),240.0,8.0,43,2,8,Medium,Low,Low,Mustard,"rice vermicelli, onion, mustard seeds, curry leaves",Vegan,,"Avoid ghee, cream, and deep frying, and keep the oil very light. Pair the dish with vegetables or legumes. It works best as a light breakfast with tea or chutney.",30 mins cardio or cycling,Avoid ghee and fried accompaniments.
1199,Karnataka,High Cholesterol,Breakfast,Shavige Uppittu (Low Oil),240.0,8.0,43,2,8,High,Low,Medium,Mustard,"rice vermicelli, onion, mustard seeds, curry leaves",Vegan,,"Avoid ghee, cream, and deep frying, and keep the oil very light. Pair the dish with vegetables or legumes. It works best as a light breakfast with tea or chutney.",30 mins cardio or cycling,Avoid ghee and fried accompaniments.
1200,Karnataka,High Cholesterol,Breakfast,Shavige Uppittu (Thin),240.0,8.0,43,2,8,High,Medium,Low,Mustard,"rice vermicelli, onion, mustard seeds, curry leaves",Vegan,,"Avoid ghee, cream, and deep frying, and keep the oil very light. Pair the dish with vegetables or legumes. It works best as a light breakfast with tea or chutney.",30 mins cardio or cycling,Avoid ghee and fried accompaniments.
1201,Karnataka,High Cholesterol,Lunch,Bisi Bele Bath (Low Oil),320.0,10.0,56,6,8,High,Medium,Low,Dairy,"rice, toor dal, vegetables, bisi bele bath masala, ghee",Vegetarian,,"Avoid ghee, cream, and deep frying, and keep the oil very light. Pair the dish with vegetables or legumes. Serve it with a simple salad or vegetable side for balance.",30 mins cardio or cycling,Avoid ghee and fried accompaniments. Contains dairy.
1202,Karnataka,High Cholesterol,Lunch,Bisi Bele Bath (Thin),320.0,10.0,56,6,8,High,Medium,Low,Dairy,"rice, toor dal, vegetables, bisi bele bath masala, ghee",Vegetarian,,"Avoid ghee, cream, and deep frying, and keep the oil very light. Pair the dish with vegetables or legumes. Serve it with a simple salad or vegetable side for balance.",30 mins cardio or cycling,Avoid ghee and fried accompaniments. Contains dairy.
1203,Karnataka,High Cholesterol,Lunch,Brown Rice + Sambar + Stir Fry Greens (No Coconut),360.0,14.0,60,5,11,High,Low,Low,Safe,"Brown Rice, Toor Dal, Leafy Greens",Vegetarian,,Brown rice with sambar. Greens stir fry without coconut.,40 mins walk,Avoid coconut in all preparations
1204,Karnataka,High Cholesterol,Lunch,Brown Rice + Tomato Rasam + Steamed Beans,450.0,16.0,80,6,12,High,Medium,Low,Safe,"Brown Rice, Tomato, Beans",Vegetarian,,Boil beans. Do not temper rasam with ghee/oil.,30 mins cycling,Check cholesterol levels quarterly
1205,Karnataka,High Cholesterol,Lunch,Chapati + Hurali Saaru (Boiled),450.0,18.0,75,6,12,Low,Medium,Low,Gluten,"Wheat, Horsegram",Vegetarian,,Boil horsegram plain.,30 mins cycling,Check cholesterol levels quarterly
1206,Karnataka,High Cholesterol,Lunch,Jolada Roti + Yennegayi (Steamed/No Oil),460.0,18.0,75,8,14,Low,Medium,Low,Egg,"Sorghum, Eggplant",Vegetarian,,Steam the stuffed eggplant instead of frying.,30 mins cycling,Check cholesterol levels quarterly
1207,Karnataka,High Cholesterol,Lunch,Jowar Roti (3) + Dal + Salad,350.0,16.0,56,5,12,Low,Low,Low,Safe,"Jowar, Toor Dal, Cucumber Salad",Vegetarian,,Thin jowar rotis. Light dal. Raw salad with lemon.,40 mins walk,Jowar has cholesterol lowering fibre
1208,Karnataka,High Cholesterol,Lunch,Kharabath (Low Oil),340.0,12.0,61,8,8,High,Low,Medium,Dairy,"rice, vegetables, spice mix, ghee",Vegetarian,,"Avoid ghee, cream, and deep frying, and keep the oil very light. Pair the dish with vegetables or legumes. Serve it with a simple salad or vegetable side for balance.",30 mins cardio or cycling,Avoid ghee and fried accompaniments. Contains dairy.
1209,Karnataka,High Cholesterol,Lunch,Lentil Stew + 2 Oat Rotis,340.0,18.0,52,5,12,Low,Low,Low,"Gluten, Sesame","Red Lentils, Oats, Vegetables",Vegetarian,,Thick lentil stew. Oat rotis for extra soluble fibre.,40 mins walk,Beta-glucan in oats lowers LDL
1210,Karnataka,High Cholesterol,Lunch,Ragi Mudde + Massoppu (No Tadka),480.0,20.0,85,6,15,Low,Medium,Low,Safe,"Finger Millet, Mixed Greens",Vegetarian,,Mash greens plainly.,30 mins cycling,Check cholesterol levels quarterly
1211,Karnataka,High Cholesterol,Lunch,Siri Dhanya Rice + Majjige Huli (Skimmed),440.0,14.0,80,6,10,Low,Medium,Low,Dairy,"Millet, Skimmed Yogurt, Ash Gourd",Vegetarian,,Use fully skimmed milk for yogurt.,30 mins cycling,Check cholesterol levels quarterly
1212,Karnataka,High Cholesterol,Lunch,Soya Chunks Curry (No Coconut) + Ragi Rotis,360.0,30.0,42,6,10,Low,Low,Low,Soy,"Soya Chunks, Ragi, Tomato, Spices",Vegetarian,,Soya is proven to lower cholesterol. Ragi rotis.,40 mins walk,Soy protein reduces LDL
1213,Karnataka,High Cholesterol,Lunch,Spinach Moong Dal Soup + 2 Phulkas,320.0,16.0,48,4,12,Low,Low,Low,Gluten,"Moong Dal, Spinach, Wheat",Vegetarian,,Spinach and moong soup. Oil-free phulkas.,40 mins walk,High soluble fibre meal
1214,Karnataka,High Cholesterol,Lunch,Udupi Sambar (Low Oil),330.0,11.0,59,7,9,Medium,Low,Low,Safe,"toor dal, mixed vegetables, tamarind, coconut, spices",Vegetarian,,"Avoid ghee, cream, and deep frying, and keep the oil very light. Pair the dish with vegetables or legumes. Serve it with a simple salad or vegetable side for balance.",30 mins cardio or cycling,Avoid ghee and fried accompaniments.
1215,Karnataka,High Cholesterol,Lunch,Udupi Sambar (Thin),330.0,11.0,59,7,9,Medium,Low,Low,Safe,"toor dal, mixed vegetables, tamarind, coconut, spices",Vegetarian,,"Avoid ghee, cream, and deep frying, and keep the oil very light. Pair the dish with vegetables or legumes. Serve it with a simple salad or vegetable side for balance.",30 mins cardio or cycling,Avoid ghee and fried accompaniments.
1216,Karnataka,High Cholesterol,Lunch,Vegetable Daliya + Raita (Low Fat),330.0,12.0,52,5,9,Low,Low,Low,"Dairy, Gluten","Broken Wheat, Mixed Vegetables, Low Fat Curd",Vegetarian,,Broken wheat with vegetables. Low fat curd raita. No cream.,40 mins walk,Avoid full fat dairy
1217,Karnataka,High Cholesterol,Lunch,Brown Rice + Boiled Chicken + Steamed Carrot,480.0,35.0,65,8,8,High,Medium,Low,Safe,"Brown Rice, Chicken, Carrot",Non-Vegetarian,Chicken,Poach chicken breast plainly.,30 mins cycling,Check cholesterol levels quarterly
1218,Karnataka,High Cholesterol,Lunch,Brown Rice + Steamed Fish + Cabbage,470.0,30.0,70,8,10,High,Medium,Low,Fish,"Brown Rice, Fish, Cabbage",Non-Vegetarian,Fish,Steam fish in banana leaf. Zero oil.,30 mins cycling,Check cholesterol levels quarterly
1219,Karnataka,High Cholesterol,Lunch,Chicken Breast (Boiled) + Brown Rice + Greens,400.0,38.0,44,6,8,High,Low,Low,Safe,"Chicken Breast, Brown Rice, Spinach",Non-Vegetarian,Chicken,Boil chicken breast. Brown rice. Steamed spinach.,40 mins walk,Lean protein for cholesterol management
1220,Karnataka,High Cholesterol,Lunch,Fish Curry (High Fibre),390.0,27.0,48,16,7,Low,Low,Medium,Fish,"fish, tamarind, coconut, chilli, spices",Non-Vegetarian,Fish,"Avoid ghee, cream, and deep frying, and keep the oil very light. Pair the dish with vegetables or legumes. Serve it with a simple salad or vegetable side for balance.",30 mins cardio or cycling,Avoid ghee and fried accompaniments. Contains fish.
1221,Karnataka,High Cholesterol,Lunch,Fish Curry (Low Oil),390.0,27.0,48,16,7,Low,Medium,Low,Fish,"fish, tamarind, coconut, chilli, spices",Non-Vegetarian,Fish,"Avoid ghee, cream, and deep frying, and keep the oil very light. Pair the dish with vegetables or legumes. Serve it with a simple salad or vegetable side for balance.",30 mins cardio or cycling,Avoid ghee and fried accompaniments. Contains fish.
1222,Karnataka,High Cholesterol,Lunch,Grilled Fish + Lemon + Steamed Vegetables,257.0,34.0,10,9,6,Low,Low,Low,Fish,"Fish, Broccoli, Capsicum, Lemon",Non-Vegetarian,Fish,Omega-3 rich grilled fish. No oil. Steamed vegetables.,40 mins walk,Omega-3 reduces triglycerides
1223,Karnataka,High Cholesterol,Lunch,Kori Gassi (High Fibre),400.0,24.0,46,13,6,Medium,Low,Low,Chicken,"chicken, coconut, red chilli, garlic",Non-Vegetarian,Chicken,"Avoid ghee, cream, and deep frying, and keep the oil very light. Pair the dish with vegetables or legumes. Serve it with a simple salad or vegetable side for balance.",30 mins cardio or cycling,Avoid ghee and fried accompaniments. Contains chicken.
1224,Karnataka,High Cholesterol,Lunch,Kori Gassi (Low Oil),400.0,24.0,46,13,6,Low,Low,Medium,Chicken,"chicken, coconut, red chilli, garlic",Non-Vegetarian,Chicken,"Avoid ghee, cream, and deep frying, and keep the oil very light. Pair the dish with vegetables or legumes. Serve it with a simple salad or vegetable side for balance.",30 mins cardio or cycling,Avoid ghee and fried accompaniments. Contains chicken.
1225,Karnataka,High Cholesterol,Lunch,Mangalorean Biryani (High Fibre),420.0,26.0,51,15,6,Medium,Low,Low,"Chicken, Dairy","rice, chicken, mint, spices, ghee",Non-Vegetarian,Chicken,"Avoid ghee, cream, and deep frying, and keep the oil very light. Pair the dish with vegetables or legumes. Serve it with a simple salad or vegetable side for balance.",30 mins cardio or cycling,"Avoid ghee and fried accompaniments. Contains dairy, chicken."
1226,Karnataka,High Cholesterol,Lunch,Mangalorean Biryani (Low Oil),420.0,26.0,51,15,6,High,Low,Medium,"Chicken, Dairy","rice, chicken, mint, spices, ghee",Non-Vegetarian,Chicken,"Avoid ghee, cream, and deep frying, and keep the oil very light. Pair the dish with vegetables or legumes. Serve it with a simple salad or vegetable side for balance.",30 mins cardio or cycling,"Avoid ghee and fried accompaniments. Contains dairy, chicken."
1227,Karnataka,High Cholesterol,Lunch,Mangalorean Biryani (Thin),420.0,26.0,51,15,6,High,Medium,Low,"Chicken, Dairy","rice, chicken, mint, spices, ghee",Non-Vegetarian,Chicken,"Avoid ghee, cream, and deep frying, and keep the oil very light. Pair the dish with vegetables or legumes. Serve it with a simple salad or vegetable side for balance.",30 mins cardio or cycling,"Avoid ghee and fried accompaniments. Contains dairy, chicken."
1228,Karnataka,High Cholesterol,Lunch,Mutton Saaru (High Fibre),400.0,24.0,46,13,6,Low,Medium,Low,Mutton,"mutton, onion, garlic, spices",Non-Vegetarian,Mutton,"Avoid ghee, cream, and deep frying, and keep the oil very light. Pair the dish with vegetables or legumes. Serve it with a simple salad or vegetable side for balance.",30 mins cardio or cycling,Avoid ghee and fried accompaniments. Contains mutton.
1229,Karnataka,High Cholesterol,Lunch,Mutton Saaru (Low Oil),400.0,24.0,46,13,6,Medium,Low,Low,Mutton,"mutton, onion, garlic, spices",Non-Vegetarian,Mutton,"Avoid ghee, cream, and deep frying, and keep the oil very light. Pair the dish with vegetables or legumes. Serve it with a simple salad or vegetable side for balance.",30 mins cardio or cycling,Avoid ghee and fried accompaniments. Contains mutton.
1230,Karnataka,High Cholesterol,Lunch,Pandi Curry (Low Oil),410.0,25.0,49,14,7,Low,Medium,Low,Pork,"pork, kachampuli, black pepper, coconut",Non-Vegetarian,Pork,"Avoid ghee, cream, and deep frying, and keep the oil very light. Pair the dish with vegetables or legumes. Serve it with a simple salad or vegetable side for balance.",30 mins cardio or cycling,Avoid ghee and fried accompaniments. Contains pork.
1231,Karnataka,High Cholesterol,Lunch,Pandi Curry (Thin),410.0,25.0,49,14,7,Low,Low,Medium,Pork,"pork, kachampuli, black pepper, coconut",Non-Vegetarian,Pork,"Avoid ghee, cream, and deep frying, and keep the oil very light. Pair the dish with vegetables or legumes. Serve it with a simple salad or vegetable side for balance.",30 mins cardio or cycling,Avoid ghee and fried accompaniments. Contains pork.
1232,Karnataka,High Cholesterol,Lunch,Tuna Salad + Brown Bread (No Mayo),340.0,36.0,30,6,6,Low,Low,Low,"Fish, Gluten","Tuna, Brown Bread, Salad Greens, Lemon",Non-Vegetarian,Fish,Tuna mixed with lemon and greens. Brown bread slices. No mayo.,40 mins walk,High omega-3 low saturated fat
1233,Karnataka,High Cholesterol,Lunch,Bassaru (Light Roast),310.0,11.0,59,4,9,High,Medium,Low,Sesame,"greens, lentils, spices, rice",Vegan,,"Avoid ghee, cream, and deep frying, and keep the oil very light. Pair the dish with vegetables or legumes. Serve it with a simple salad or vegetable side for balance.",30 mins cardio or cycling,Avoid ghee and fried accompaniments. Contains sesame.
1234,Karnataka,High Cholesterol,Lunch,Bassaru (Low Oil),310.0,11.0,59,4,9,High,Low,Medium,Sesame,"greens, lentils, spices, rice",Vegan,,"Avoid ghee, cream, and deep frying, and keep the oil very light. Pair the dish with vegetables or legumes. Serve it with a simple salad or vegetable side for balance.",30 mins cardio or cycling,Avoid ghee and fried accompaniments. Contains sesame.
1235,Karnataka,High Cholesterol,Lunch,Bassaru (Mini Portion),310.0,11.0,59,4,9,Medium,Low,Low,Sesame,"greens, lentils, spices, rice",Vegan,,"Avoid ghee, cream, and deep frying, and keep the oil very light. Pair the dish with vegetables or legumes. Serve it with a simple salad or vegetable side for balance.",30 mins cardio or cycling,Avoid ghee and fried accompaniments. Contains sesame.
1236,Karnataka,High Cholesterol,Lunch,Chitranna (Light Roast),280.0,12.0,56,5,10,Medium,Low,Low,Mustard,"rice, lemon, mustard seeds, turmeric",Vegan,,"Avoid ghee, cream, and deep frying, and keep the oil very light. Pair the dish with vegetables or legumes. Serve it with a simple salad or vegetable side for balance.",30 mins cardio or cycling,Avoid ghee and fried accompaniments.
1237,Karnataka,High Cholesterol,Lunch,Chitranna (Low Oil),280.0,12.0,56,5,10,High,Medium,Low,Mustard,"rice, lemon, mustard seeds, turmeric",Vegan,,"Avoid ghee, cream, and deep frying, and keep the oil very light. Pair the dish with vegetables or legumes. Serve it with a simple salad or vegetable side for balance.",30 mins cardio or cycling,Avoid ghee and fried accompaniments.
1238,Karnataka,High Cholesterol,Lunch,Coconut Rice (Light Roast),300.0,10.0,57,3,10,High,Medium,Low,Mustard,"rice, coconut, mustard seeds, curry leaves",Vegan,,"Avoid ghee, cream, and deep frying, and keep the oil very light. Pair the dish with vegetables or legumes. Serve it with a simple salad or vegetable side for balance.",30 mins cardio or cycling,Avoid ghee and fried accompaniments.
1239,Karnataka,High Cholesterol,Lunch,Coconut Rice (Low Oil),300.0,10.0,57,3,10,Medium,Low,Low,Mustard,"rice, coconut, mustard seeds, curry leaves",Vegan,,"Avoid ghee, cream, and deep frying, and keep the oil very light. Pair the dish with vegetables or legumes. Serve it with a simple salad or vegetable side for balance.",30 mins cardio or cycling,Avoid ghee and fried accompaniments.
1240,Karnataka,High Cholesterol,Lunch,Coconut Rice (Thin),300.0,10.0,57,3,10,High,Low,Medium,Mustard,"rice, coconut, mustard seeds, curry leaves",Vegan,,"Avoid ghee, cream, and deep frying, and keep the oil very light. Pair the dish with vegetables or legumes. Serve it with a simple salad or vegetable side for balance.",30 mins cardio or cycling,Avoid ghee and fried accompaniments.
1241,Karnataka,High Cholesterol,Lunch,Jolada Rotti (Low Oil),290.0,9.0,54,2,9,Low,Medium,Low,Safe,"jowar flour, onion, coriander, green chilli",Vegan,,"Avoid ghee, cream, and deep frying, and keep the oil very light. Pair the dish with vegetables or legumes. Serve it with a simple salad or vegetable side for balance.",30 mins cardio or cycling,Avoid ghee and fried accompaniments.
1242,Karnataka,High Cholesterol,Lunch,Jolada Rotti (Mini Portion),290.0,9.0,54,2,9,Medium,Low,Low,Safe,"jowar flour, onion, coriander, green chilli",Vegan,,"Avoid ghee, cream, and deep frying, and keep the oil very light. Pair the dish with vegetables or legumes. Serve it with a simple salad or vegetable side for balance.",30 mins cardio or cycling,Avoid ghee and fried accompaniments.
1243,Karnataka,High Cholesterol,Lunch,Puliyogare (Light Roast),310.0,11.0,59,4,9,High,Medium,Low,"Peanut, Peanuts","rice, tamarind, peanuts, curry leaves",Vegan,,"Avoid ghee, cream, and deep frying, and keep the oil very light. Pair the dish with vegetables or legumes. Serve it with a simple salad or vegetable side for balance.",30 mins cardio or cycling,Avoid ghee and fried accompaniments. Contains peanuts.
1244,Karnataka,High Cholesterol,Lunch,Puliyogare (Low Oil),310.0,11.0,59,4,9,High,Low,Medium,"Peanut, Peanuts","rice, tamarind, peanuts, curry leaves",Vegan,,"Avoid ghee, cream, and deep frying, and keep the oil very light. Pair the dish with vegetables or legumes. Serve it with a simple salad or vegetable side for balance.",30 mins cardio or cycling,Avoid ghee and fried accompaniments. Contains peanuts.
1245,Karnataka,High Cholesterol,Lunch,Ragi Mudde (Light Roast),300.0,10.0,57,3,10,Low,Low,Medium,Safe,"ragi flour, water, salt",Vegan,,"Avoid ghee, cream, and deep frying, and keep the oil very light. Pair the dish with vegetables or legumes. Serve it with a simple salad or vegetable side for balance.",30 mins cardio or cycling,Avoid ghee and fried accompaniments.
1246,Karnataka,High Cholesterol,Lunch,Ragi Mudde (Low Oil),300.0,10.0,57,3,10,Medium,Low,Low,Safe,"ragi flour, water, salt",Vegan,,"Avoid ghee, cream, and deep frying, and keep the oil very light. Pair the dish with vegetables or legumes. Serve it with a simple salad or vegetable side for balance.",30 mins cardio or cycling,Avoid ghee and fried accompaniments.
1247,Karnataka,High Cholesterol,Lunch,Tomato Bath (Light Roast),290.0,9.0,54,2,9,High,Low,Medium,Safe,"rice, tomato, onion, spice mix, curry leaves",Vegan,,"Avoid ghee, cream, and deep frying, and keep the oil very light. Pair the dish with vegetables or legumes. Serve it with a simple salad or vegetable side for balance.",30 mins cardio or cycling,Avoid ghee and fried accompaniments.
1248,Karnataka,High Cholesterol,Lunch,Tomato Bath (Low Oil),290.0,9.0,54,2,9,Medium,Low,Low,Safe,"rice, tomato, onion, spice mix, curry leaves",Vegan,,"Avoid ghee, cream, and deep frying, and keep the oil very light. Pair the dish with vegetables or legumes. Serve it with a simple salad or vegetable side for balance.",30 mins cardio or cycling,Avoid ghee and fried accompaniments.
1249,Karnataka,High Cholesterol,Snack,Amla Juice (Unsweetened),40.0,1.0,9,0,2,Low,Low,Low,Safe,"Amla, Water",Vegetarian,,Fresh amla juice diluted. No sugar or salt.,Light activity,Amla is clinically proven to lower LDL
1250,Karnataka,High Cholesterol,Snack,Apple (1 medium),80.0,0.0,20,0,4,Low,Low,Low,Safe,Apple,Vegetarian,,Fresh apple with skin. Pectin fibre reduces cholesterol.,Light activity,Apple pectin is a natural LDL reducer
1251,Karnataka,High Cholesterol,Snack,Carrot & Cucumber Kosambari,120.0,4.0,25,1,6,Low,Medium,Low,Safe,"Carrot, Cucumber",Vegetarian,,Raw veggies bind bile acids.,Stay active,No specific warning
1252,Karnataka,High Cholesterol,Snack,Flaxseed Buttermilk,83.0,4.0,10,3,4,Low,Low,Low,Dairy,"Buttermilk, Ground Flaxseed, Jeera",Vegetarian,,Dilute curd with water. Add ground flaxseed and roasted jeera.,Light activity,Omega-3 and fibre help cholesterol
1253,Karnataka,High Cholesterol,Snack,Fresh Apple,100.0,1.0,25,0,5,Low,Low,Low,Safe,Apple,Vegetarian,,Pectin helps lower cholesterol.,Stay active,No specific warning
1254,Karnataka,High Cholesterol,Snack,Green Tea (2 cups),320.0,0.0,1,0,0,Low,Low,Low,Safe,"Green Tea, Water",Vegetarian,,Brew green tea for 3 minutes. No sugar or milk.,Light activity,Catechins in green tea reduce LDL
1255,Karnataka,High Cholesterol,Snack,Guava (1 medium),70.0,2.0,14,1,5,Low,Low,Low,Safe,Guava,Vegetarian,,Fresh guava with skin. High in soluble fibre.,Light activity,Guava fibre reduces cholesterol absorption
1256,Karnataka,High Cholesterol,Snack,Mixed Sprouts (1 cup),160.0,10.0,24,2,8,Low,Low,Low,Safe,"Mixed Sprouts, Lemon, Jeera",Vegetarian,,Mixed sprouted legumes with lemon. No oil.,Light activity,High fibre lowers cholesterol
1257,Karnataka,High Cholesterol,Snack,"Oat Biscuits (2, sugar-free)",180.0,4.0,32,5,4,Low,Low,Low,Gluten,"Oats, Dates, Cinnamon",Vegetarian,,Bake oat cookies with dates and cinnamon. No butter.,Light activity,Beta-glucan lowers cholesterol
1258,Karnataka,High Cholesterol,Snack,Papaya Bowl,120.0,2.0,28,0,5,Medium,Low,Low,Safe,Papaya,Vegetarian,,Serve fresh.,Stay active,No specific warning
1259,Karnataka,High Cholesterol,Snack,Puffed Rice (Plain),130.0,3.0,25,1,2,Medium,Medium,Low,Safe,Puffed Rice,Vegetarian,,Dry roast plain.,Stay active,No specific warning
1260,Karnataka,High Cholesterol,Snack,Roasted Kadale,160.0,8.0,28,3,8,Low,Medium,Low,Safe,Bengal Gram,Vegetarian,,Dry roast plain.,Stay active,No specific warning
1261,Karnataka,High Cholesterol,Snack,Roasted Sunflower Seeds (30g),170.0,6.0,6,14,3,Low,Low,Low,Safe,Sunflower Seeds,Vegetarian,,Dry roast with no oil. 30g portion.,Light activity,Phytosterols in seeds lower LDL
1262,Karnataka,High Cholesterol,Snack,Sprouted Moong,140.0,10.0,22,2,8,Low,Medium,Low,Safe,Green Gram Sprouts,Vegetarian,,Steam plain.,Stay active,No specific warning
1263,Karnataka,High Cholesterol,Snack,Steamed Corn,150.0,5.0,30,1,4,Medium,Medium,Low,Safe,Sweet Corn,Vegetarian,,Plain boiled.,Stay active,No specific warning
1264,Karnataka,High Cholesterol,Snack,Tomato Slices,50.0,2.0,10,0,3,Low,Low,Low,Safe,Tomato,Vegetarian,,Raw plain.,Stay active,No specific warning
1265,Karnataka,High Cholesterol,Snack,Walnuts (30g),200.0,5.0,4,20,2,Low,Low,Low,"Nut, Nuts",Walnuts,Vegetarian,,Raw unsalted walnuts. 30g measured portion.,Light activity,Omega-3 in walnuts reduces LDL
1266,Karnataka,High Cholesterol,Snack,Bangude Pulimunchi (Light Roast),190.0,16.0,14,11,4,Low,Low,Medium,Fish,"mackerel, tamarind, chilli, garlic",Non-Vegetarian,Fish,"Avoid ghee, cream, and deep frying, and keep the oil very light. Pair the dish with vegetables or legumes. Keep it as a small snack portion rather than a full meal.",30 mins cardio or cycling,Avoid ghee and fried accompaniments. Contains fish.
1267,Karnataka,High Cholesterol,Snack,Bangude Pulimunchi (Low Oil),190.0,16.0,14,11,4,Low,Medium,Low,Fish,"mackerel, tamarind, chilli, garlic",Non-Vegetarian,Fish,"Avoid ghee, cream, and deep frying, and keep the oil very light. Pair the dish with vegetables or legumes. Keep it as a small snack portion rather than a full meal.",30 mins cardio or cycling,Avoid ghee and fried accompaniments. Contains fish.
1268,Karnataka,High Cholesterol,Snack,Bangude Pulimunchi (Thin),190.0,16.0,14,11,4,Medium,Low,Low,Fish,"mackerel, tamarind, chilli, garlic",Non-Vegetarian,Fish,"Avoid ghee, cream, and deep frying, and keep the oil very light. Pair the dish with vegetables or legumes. Keep it as a small snack portion rather than a full meal.",30 mins cardio or cycling,Avoid ghee and fried accompaniments. Contains fish.
1269,Karnataka,High Cholesterol,Snack,Chicken Ghee Roast (Low Oil),210.0,14.0,15,9,4,Low,Low,Medium,"Chicken, Dairy","chicken, ghee, red chilli, curry leaves",Non-Vegetarian,Chicken,"Avoid ghee, cream, and deep frying, and keep the oil very light. Pair the dish with vegetables or legumes. Keep it as a small snack portion rather than a full meal.",30 mins cardio or cycling,"Avoid ghee and fried accompaniments. Contains dairy, chicken."
1270,Karnataka,High Cholesterol,Snack,Chicken Ghee Roast (Mini Portion),210.0,14.0,15,9,4,Low,Medium,Low,"Chicken, Dairy","chicken, ghee, red chilli, curry leaves",Non-Vegetarian,Chicken,"Avoid ghee, cream, and deep frying, and keep the oil very light. Pair the dish with vegetables or legumes. Keep it as a small snack portion rather than a full meal.",30 mins cardio or cycling,"Avoid ghee and fried accompaniments. Contains dairy, chicken."
1271,Karnataka,High Cholesterol,Snack,Crab Sukka (Light Roast),220.0,15.0,17,10,3,Medium,Low,Low,"Fish, Shellfish","crab, coconut, spices, garlic",Non-Vegetarian,Crab,"Avoid ghee, cream, and deep frying, and keep the oil very light. Pair the dish with vegetables or legumes. Keep it as a small snack portion rather than a full meal.",30 mins cardio or cycling,Avoid ghee and fried accompaniments. Contains shellfish.
1272,Karnataka,High Cholesterol,Snack,Crab Sukka (Low Oil),220.0,15.0,17,10,3,Low,Low,Medium,"Fish, Shellfish","crab, coconut, spices, garlic",Non-Vegetarian,Crab,"Avoid ghee, cream, and deep frying, and keep the oil very light. Pair the dish with vegetables or legumes. Keep it as a small snack portion rather than a full meal.",30 mins cardio or cycling,Avoid ghee and fried accompaniments. Contains shellfish.
1273,Karnataka,High Cholesterol,Snack,Crab Sukka (Thin),220.0,15.0,17,10,3,Low,Medium,Low,"Fish, Shellfish","crab, coconut, spices, garlic",Non-Vegetarian,Crab,"Avoid ghee, cream, and deep frying, and keep the oil very light. Pair the dish with vegetables or legumes. Keep it as a small snack portion rather than a full meal.",30 mins cardio or cycling,Avoid ghee and fried accompaniments. Contains shellfish.
1274,Karnataka,High Cholesterol,Snack,Fish Pulimunchi (Light Roast),210.0,14.0,15,9,4,Low,Medium,Low,Fish,"fish, tamarind, chilli, garlic",Non-Vegetarian,Fish,"Avoid ghee, cream, and deep frying, and keep the oil very light. Pair the dish with vegetables or legumes. Keep it as a small snack portion rather than a full meal.",30 mins cardio or cycling,Avoid ghee and fried accompaniments. Contains fish.
1275,Karnataka,High Cholesterol,Snack,Fish Pulimunchi (Low Oil),210.0,14.0,15,9,4,Low,Low,Medium,Fish,"fish, tamarind, chilli, garlic",Non-Vegetarian,Fish,"Avoid ghee, cream, and deep frying, and keep the oil very light. Pair the dish with vegetables or legumes. Keep it as a small snack portion rather than a full meal.",30 mins cardio or cycling,Avoid ghee and fried accompaniments. Contains fish.
1276,Karnataka,High Cholesterol,Snack,Kane Rava Fry (Low Oil),172.0,13.0,12,8,3,Medium,Low,Low,"Fish, Gluten","fish, semolina, chilli, lemon",Non-Vegetarian,Fish,"Avoid ghee, cream, and deep frying, and keep the oil very light. Pair the dish with vegetables or legumes. Keep it as a small snack portion rather than a full meal.",30 mins cardio or cycling,"Avoid ghee and fried accompaniments. Contains gluten, fish."
1277,Karnataka,High Cholesterol,Snack,Kane Rava Fry (Mini Portion),172.0,13.0,12,8,3,Low,Low,Medium,"Fish, Gluten","fish, semolina, chilli, lemon",Non-Vegetarian,Fish,"Avoid ghee, cream, and deep frying, and keep the oil very light. Pair the dish with vegetables or legumes. Keep it as a small snack portion rather than a full meal.",30 mins cardio or cycling,"Avoid ghee and fried accompaniments. Contains gluten, fish."
1278,Karnataka,High Cholesterol,Snack,Prawn Curry (Light Roast),172.0,13.0,12,8,3,Low,Low,Medium,"Fish, Shellfish","prawn, coconut, chilli, spices",Non-Vegetarian,Seafood,"Avoid ghee, cream, and deep frying, and keep the oil very light. Pair the dish with vegetables or legumes. Keep it as a small snack portion rather than a full meal.",30 mins cardio or cycling,Avoid ghee and fried accompaniments. Contains shellfish.
1279,Karnataka,High Cholesterol,Snack,Prawn Curry (Low Oil),172.0,13.0,12,8,3,Medium,Low,Low,"Fish, Shellfish","prawn, coconut, chilli, spices",Non-Vegetarian,Seafood,"Avoid ghee, cream, and deep frying, and keep the oil very light. Pair the dish with vegetables or legumes. Keep it as a small snack portion rather than a full meal.",30 mins cardio or cycling,Avoid ghee and fried accompaniments. Contains shellfish.
1280,Karnataka,High Cholesterol,Snack,Prawn Ghee Roast (Light Roast),220.0,15.0,17,10,3,Medium,Low,Low,"Dairy, Fish, Shellfish","prawn, ghee, red chilli, spices",Non-Vegetarian,Seafood,"Avoid ghee, cream, and deep frying, and keep the oil very light. Pair the dish with vegetables or legumes. Keep it as a small snack portion rather than a full meal.",30 mins cardio or cycling,"Avoid ghee and fried accompaniments. Contains dairy, shellfish."
1281,Karnataka,High Cholesterol,Snack,Prawn Ghee Roast (Low Oil),220.0,15.0,17,10,3,Low,Medium,Low,"Dairy, Fish, Shellfish","prawn, ghee, red chilli, spices",Non-Vegetarian,Seafood,"Avoid ghee, cream, and deep frying, and keep the oil very light. Pair the dish with vegetables or legumes. Keep it as a small snack portion rather than a full meal.",30 mins cardio or cycling,"Avoid ghee and fried accompaniments. Contains dairy, shellfish."
1282,Karnataka,High Cholesterol,Snack,Chakkuli (Light Roast),105.0,4.0,20,1,6,Medium,Low,Low,Sesame,"rice flour, urad dal, sesame, cumin",Vegan,,"Avoid ghee, cream, and deep frying, and keep the oil very light. Pair the dish with vegetables or legumes. Keep it as a small snack portion rather than a full meal.",30 mins cardio or cycling,Avoid ghee and fried accompaniments. Contains sesame.
1283,Karnataka,High Cholesterol,Snack,Chakkuli (Low Oil),105.0,4.0,20,1,6,High,Medium,Low,Sesame,"rice flour, urad dal, sesame, cumin",Vegan,,"Avoid ghee, cream, and deep frying, and keep the oil very light. Pair the dish with vegetables or legumes. Keep it as a small snack portion rather than a full meal.",30 mins cardio or cycling,Avoid ghee and fried accompaniments. Contains sesame.
1284,Karnataka,High Cholesterol,Snack,Gojju Avalakki (Light Roast),170.0,6.0,25,3,6,High,Low,Medium,"Peanut, Peanuts","flattened rice, tamarind, peanuts, coconut",Vegan,,"Avoid ghee, cream, and deep frying, and keep the oil very light. Pair the dish with vegetables or legumes. Keep it as a small snack portion rather than a full meal.",30 mins cardio or cycling,Avoid ghee and fried accompaniments. Contains peanuts.
1285,Karnataka,High Cholesterol,Snack,Gojju Avalakki (Low Oil),170.0,6.0,25,3,6,Medium,Low,Low,"Peanut, Peanuts","flattened rice, tamarind, peanuts, coconut",Vegan,,"Avoid ghee, cream, and deep frying, and keep the oil very light. Pair the dish with vegetables or legumes. Keep it as a small snack portion rather than a full meal.",30 mins cardio or cycling,Avoid ghee and fried accompaniments. Contains peanuts.
1286,Karnataka,High Cholesterol,Snack,Kodubale (Light Roast),140.0,7.0,22,4,7,High,Medium,Low,Sesame,"rice flour, roasted gram, sesame, cumin",Vegan,,"Avoid ghee, cream, and deep frying, and keep the oil very light. Pair the dish with vegetables or legumes. Keep it as a small snack portion rather than a full meal.",30 mins cardio or cycling,Avoid ghee and fried accompaniments. Contains sesame.
1287,Karnataka,High Cholesterol,Snack,Kodubale (Low Oil),140.0,7.0,22,4,7,High,Low,Medium,Sesame,"rice flour, roasted gram, sesame, cumin",Vegan,,"Avoid ghee, cream, and deep frying, and keep the oil very light. Pair the dish with vegetables or legumes. Keep it as a small snack portion rather than a full meal.",30 mins cardio or cycling,Avoid ghee and fried accompaniments. Contains sesame.
1288,Karnataka,High Cholesterol,Snack,Mandakki Usli (Light Roast),130.0,5.0,23,2,7,Medium,Low,Low,"Peanut, Peanuts","puffed rice, onion, peanuts, curry leaves",Vegan,,"Avoid ghee, cream, and deep frying, and keep the oil very light. Pair the dish with vegetables or legumes. Keep it as a small snack portion rather than a full meal.",30 mins cardio or cycling,Avoid ghee and fried accompaniments. Contains peanuts.
1289,Karnataka,High Cholesterol,Snack,Mandakki Usli (Low Oil),130.0,5.0,23,2,7,High,Medium,Low,"Peanut, Peanuts","puffed rice, onion, peanuts, curry leaves",Vegan,,"Avoid ghee, cream, and deep frying, and keep the oil very light. Pair the dish with vegetables or legumes. Keep it as a small snack portion rather than a full meal.",30 mins cardio or cycling,Avoid ghee and fried accompaniments. Contains peanuts.
1290,Karnataka,High Cholesterol,Snack,Nippattu (Light Roast),130.0,5.0,23,2,7,High,Low,Medium,"Peanut, Peanuts","rice flour, roasted gram, peanuts, curry leaves",Vegan,,"Avoid ghee, cream, and deep frying, and keep the oil very light. Pair the dish with vegetables or legumes. Keep it as a small snack portion rather than a full meal.",30 mins cardio or cycling,Avoid ghee and fried accompaniments. Contains peanuts.
1291,Karnataka,High Cholesterol,Snack,Nippattu (Low Oil),130.0,5.0,23,2,7,High,Medium,Low,"Peanut, Peanuts","rice flour, roasted gram, peanuts, curry leaves",Vegan,,"Avoid ghee, cream, and deep frying, and keep the oil very light. Pair the dish with vegetables or legumes. Keep it as a small snack portion rather than a full meal.",30 mins cardio or cycling,Avoid ghee and fried accompaniments. Contains peanuts.
1292,Karnataka,High Cholesterol,Snack,Nippattu (Thin),130.0,5.0,23,2,7,Medium,Low,Low,"Peanut, Peanuts","rice flour, roasted gram, peanuts, curry leaves",Vegan,,"Avoid ghee, cream, and deep frying, and keep the oil very light. Pair the dish with vegetables or legumes. Keep it as a small snack portion rather than a full meal.",30 mins cardio or cycling,Avoid ghee and fried accompaniments. Contains peanuts.
1293,Karnataka,High Cholesterol,Snack,Nuchinunde (Low Oil),105.0,4.0,20,1,6,Low,Low,Medium,Safe,"chana dal, dill leaves, coconut, cumin",Vegan,,"Avoid ghee, cream, and deep frying, and keep the oil very light. Pair the dish with vegetables or legumes. Keep it as a small snack portion rather than a full meal.",30 mins cardio or cycling,Avoid ghee and fried accompaniments.
1294,Karnataka,High Cholesterol,Snack,Nuchinunde (Mini Portion),105.0,4.0,20,1,6,Low,Medium,Low,Safe,"chana dal, dill leaves, coconut, cumin",Vegan,,"Avoid ghee, cream, and deep frying, and keep the oil very light. Pair the dish with vegetables or legumes. Keep it as a small snack portion rather than a full meal.",30 mins cardio or cycling,Avoid ghee and fried accompaniments.
1295,Karnataka,High Cholesterol,Snack,Puri Unde (Light Roast),170.0,6.0,25,3,6,High,Low,Medium,"Peanut, Peanuts, Sesame","puffed rice, jaggery, peanuts, sesame",Vegan,,"Avoid ghee, cream, and deep frying, and keep the oil very light. Pair the dish with vegetables or legumes. Keep it as a small snack portion rather than a full meal.",30 mins cardio or cycling,"Avoid ghee and fried accompaniments. Contains peanuts, sesame."
1296,Karnataka,High Cholesterol,Snack,Puri Unde (Low Oil),170.0,6.0,25,3,6,Medium,Low,Low,"Peanut, Peanuts, Sesame","puffed rice, jaggery, peanuts, sesame",Vegan,,"Avoid ghee, cream, and deep frying, and keep the oil very light. Pair the dish with vegetables or legumes. Keep it as a small snack portion rather than a full meal.",30 mins cardio or cycling,"Avoid ghee and fried accompaniments. Contains peanuts, sesame."
1297,Karnataka,High Cholesterol,Snack,Puri Unde (Mini Portion),170.0,6.0,25,3,6,High,Medium,Low,"Peanut, Peanuts, Sesame","puffed rice, jaggery, peanuts, sesame",Vegan,,"Avoid ghee, cream, and deep frying, and keep the oil very light. Pair the dish with vegetables or legumes. Keep it as a small snack portion rather than a full meal.",30 mins cardio or cycling,"Avoid ghee and fried accompaniments. Contains peanuts, sesame."
1298,Karnataka,High Cholesterol,Dinner,Akki Roti (No Oil) + Sorekai Palya,350.0,8.0,70,4,8,Medium,Medium,Low,Safe,"Rice Flour, Bottle Gourd",Vegetarian,,Cook plainly.,20 mins walk,Avoid rich gravies
1299,Karnataka,High Cholesterol,Dinner,Brown Rice + Upsaaru (No Coconut),390.0,16.0,70,5,12,High,Medium,Low,Safe,"Brown Rice, Mixed Greens",Vegetarian,,Plain broth and mashed greens.,20 mins walk,Avoid rich gravies
1300,Karnataka,High Cholesterol,Dinner,Chapati + Heerekai (Ridge Gourd) Palya,360.0,12.0,65,6,10,Low,Medium,Low,Gluten,"Wheat, Ridge Gourd",Vegetarian,,Cook with zero oil.,20 mins walk,Avoid rich gravies
1301,Karnataka,High Cholesterol,Dinner,Curd Rice (Low Fat) + Pomegranate + Flaxseed,290.0,9.0,48,4,5,High,Low,Low,Dairy,"Brown Rice, Low Fat Curd, Pomegranate, Flaxseed",Vegetarian,,Low fat curd rice. Top with pomegranate and ground flaxseed.,20 mins walk,Triple action on cholesterol
1302,Karnataka,High Cholesterol,Dinner,Godhi Dosa (Non-stick) + Pudina Chutney,360.0,12.0,65,5,8,Low,Medium,Low,Gluten,"Wheat Flour, Mint",Vegetarian,,Cook without oil.,20 mins walk,Avoid rich gravies
1303,Karnataka,High Cholesterol,Dinner,Grilled Tofu + Stir Fry Greens + Brown Rice,320.0,18.0,42,8,8,High,Low,Low,Soy,"Tofu, Mixed Greens, Brown Rice",Vegetarian,,Grill tofu no oil. Stir fry greens minimal oil. Brown rice.,20 mins walk,Soy protein reduces LDL
1304,Karnataka,High Cholesterol,Dinner,Jolada Roti + Steamed Badanekayi,370.0,14.0,65,5,12,Low,Medium,Low,Egg,"Sorghum, Eggplant",Vegetarian,,Steam eggplant plainly.,20 mins walk,Avoid rich gravies
1305,Karnataka,High Cholesterol,Dinner,Kesari Bath (Low Oil),290.0,10.0,51,6,8,High,Medium,Low,"Dairy, Gluten, Nut","semolina, sugar, ghee, saffron, cashew",Vegetarian,,"Avoid ghee, cream, and deep frying, and keep the oil very light. Pair the dish with vegetables or legumes. Keep the dinner portion moderate so it sits lightly.",30 mins cardio or cycling,"Avoid ghee and fried accompaniments. Contains gluten, dairy."
1306,Karnataka,High Cholesterol,Dinner,Methi Thepla + Raita (Low Fat) + Salad,300.0,12.0,44,6,9,Low,Low,Low,"Dairy, Gluten","Fenugreek, Wheat, Low Fat Curd, Salad",Vegetarian,,Fenugreek thepla baked. Low fat raita. Raw salad.,20 mins walk,Fenugreek reduces LDL
1307,Karnataka,High Cholesterol,Dinner,Obbattu (Holige) (Low Oil),280.0,9.0,48,5,7,High,Low,Medium,"Dairy, Gluten","wheat flour, chana dal, jaggery, ghee, cardamom",Vegetarian,,"Avoid ghee, cream, and deep frying, and keep the oil very light. Pair the dish with vegetables or legumes. Keep the dinner portion moderate so it sits lightly.",30 mins cardio or cycling,"Avoid ghee and fried accompaniments. Contains gluten, dairy."
1308,Karnataka,High Cholesterol,Dinner,Palak Moong Dal + 2 Jowar Rotis,320.0,16.0,50,5,12,Low,Low,Low,Safe,"Moong Dal, Spinach, Jowar",Vegetarian,,Spinach moong dal no coconut. Jowar rotis no ghee.,20 mins walk,High fibre low saturated fat
1309,Karnataka,High Cholesterol,Dinner,Plain Oats Idli + Tomato Chutney,350.0,12.0,65,5,10,Low,Medium,Low,Safe,"Oats, Tomato",Vegetarian,,Steam oats idli. Avoid coconut in chutney.,20 mins walk,Avoid rich gravies
1310,Karnataka,High Cholesterol,Dinner,Ragi Mudde + Hurali Saaru (Zero Oil),380.0,18.0,65,4,14,Low,Medium,Low,Safe,"Finger Millet, Horsegram",Vegetarian,,Extract broth plainly. Horsegram cuts lipid levels.,20 mins walk,Avoid rich gravies
1311,Karnataka,High Cholesterol,Dinner,Rajma Soup + 2 Ragi Rotis (No Ghee),340.0,18.0,52,5,14,Low,Low,Low,Safe,"Rajma, Ragi, Onion, Tomato",Vegetarian,,Light rajma soup no cream. Ragi rotis no ghee.,20 mins walk,Soluble fibre in rajma lowers LDL
1312,Karnataka,High Cholesterol,Dinner,Sagu (Low Oil),300.0,11.0,53,7,7,Medium,Low,Low,Safe,"mixed vegetables, coconut, onion, spices",Vegetarian,,"Avoid ghee, cream, and deep frying, and keep the oil very light. Pair the dish with vegetables or legumes. Keep the dinner portion moderate so it sits lightly.",30 mins cardio or cycling,Avoid ghee and fried accompaniments.
1313,Karnataka,High Cholesterol,Dinner,Vegetable Soup + 2 Oat Rotis (No Butter),290.0,10.0,48,4,10,Low,Low,Low,Gluten,"Mixed Vegetables, Oats, Herbs",Vegetarian,,Clear vegetable soup. Oat rotis baked without butter.,20 mins walk,Light cholesterol friendly dinner
1314,Karnataka,High Cholesterol,Dinner,Anjal Fry (Low Oil),340.0,22.0,34,11,5,Low,Low,Medium,"Fish, Gluten","kingfish, spice mix, semolina, lemon",Non-Vegetarian,Fish,"Avoid ghee, cream, and deep frying, and keep the oil very light. Pair the dish with vegetables or legumes. Keep the dinner portion moderate so it sits lightly.",30 mins cardio or cycling,"Avoid ghee and fried accompaniments. Contains gluten, fish."
1315,Karnataka,High Cholesterol,Dinner,Anjal Fry (Protein-Rich),340.0,22.0,34,11,5,Medium,Low,Low,"Fish, Gluten","kingfish, spice mix, semolina, lemon",Non-Vegetarian,Fish,"Avoid ghee, cream, and deep frying, and keep the oil very light. Pair the dish with vegetables or legumes. Keep the dinner portion moderate so it sits lightly.",30 mins cardio or cycling,"Avoid ghee and fried accompaniments. Contains gluten, fish."
1316,Karnataka,High Cholesterol,Dinner,Brown Rice + Clear Chicken Broth,400.0,30.0,60,4,4,Medium,Medium,Low,Safe,"Brown Rice, Chicken",Non-Vegetarian,Chicken,Skim all fat from broth.,20 mins walk,Avoid rich gravies
1317,Karnataka,High Cholesterol,Dinner,Chicken Pulimunchi (Light Roast),340.0,22.0,34,11,5,Low,Medium,Low,Chicken,"chicken, tamarind, chilli, garlic",Non-Vegetarian,Chicken,"Avoid ghee, cream, and deep frying, and keep the oil very light. Pair the dish with vegetables or legumes. Keep the dinner portion moderate so it sits lightly.",30 mins cardio or cycling,Avoid ghee and fried accompaniments. Contains chicken.
1318,Karnataka,High Cholesterol,Dinner,Chicken Pulimunchi (Low Oil),340.0,22.0,34,11,5,Medium,Low,Low,Chicken,"chicken, tamarind, chilli, garlic",Non-Vegetarian,Chicken,"Avoid ghee, cream, and deep frying, and keep the oil very light. Pair the dish with vegetables or legumes. Keep the dinner portion moderate so it sits lightly.",30 mins cardio or cycling,Avoid ghee and fried accompaniments. Contains chicken.
1319,Karnataka,High Cholesterol,Dinner,Chicken Pulimunchi (Mini Portion),340.0,22.0,34,11,5,Low,Low,Medium,Chicken,"chicken, tamarind, chilli, garlic",Non-Vegetarian,Chicken,"Avoid ghee, cream, and deep frying, and keep the oil very light. Pair the dish with vegetables or legumes. Keep the dinner portion moderate so it sits lightly.",30 mins cardio or cycling,Avoid ghee and fried accompaniments. Contains chicken.
1320,Karnataka,High Cholesterol,Dinner,Chicken Stew (No Coconut) + Brown Rice,360.0,34.0,38,8,6,High,Low,Low,Safe,"Chicken, Brown Rice, Vegetables, Herbs",Non-Vegetarian,Chicken,Clear chicken stew no coconut cream. Brown rice.,20 mins walk,Lean chicken is cholesterol neutral
1321,Karnataka,High Cholesterol,Dinner,Crab Curry (Light Roast),350.0,23.0,37,12,6,Medium,Low,Low,"Fish, Shellfish","crab, coconut, spices, chilli",Non-Vegetarian,Crab,"Avoid ghee, cream, and deep frying, and keep the oil very light. Pair the dish with vegetables or legumes. Keep the dinner portion moderate so it sits lightly.",30 mins cardio or cycling,Avoid ghee and fried accompaniments. Contains shellfish.
1322,Karnataka,High Cholesterol,Dinner,Crab Curry (Low Oil),350.0,23.0,37,12,6,Low,Low,Medium,"Fish, Shellfish","crab, coconut, spices, chilli",Non-Vegetarian,Crab,"Avoid ghee, cream, and deep frying, and keep the oil very light. Pair the dish with vegetables or legumes. Keep the dinner portion moderate so it sits lightly.",30 mins cardio or cycling,Avoid ghee and fried accompaniments. Contains shellfish.
1323,Karnataka,High Cholesterol,Dinner,Crab Curry (Mini Portion),350.0,23.0,37,12,6,Low,Medium,Low,"Fish, Shellfish","crab, coconut, spices, chilli",Non-Vegetarian,Crab,"Avoid ghee, cream, and deep frying, and keep the oil very light. Pair the dish with vegetables or legumes. Keep the dinner portion moderate so it sits lightly.",30 mins cardio or cycling,Avoid ghee and fried accompaniments. Contains shellfish.
1324,Karnataka,High Cholesterol,Dinner,Egg White Curry + 2 Phulkas,300.0,22.0,38,5,6,Low,Low,Low,"Egg, Gluten","Egg Whites, Wheat, Tomato, Onion",Non-Vegetarian,,Egg white curry no yolks. Oil-free phulkas.,20 mins walk,Zero cholesterol from egg whites
1325,Karnataka,High Cholesterol,Dinner,Koli Saaru (Low Oil),330.0,25.0,36,14,6,Medium,Low,Low,Chicken,"chicken, coconut, pepper, coriander",Non-Vegetarian,Chicken,"Avoid ghee, cream, and deep frying, and keep the oil very light. Pair the dish with vegetables or legumes. Keep the dinner portion moderate so it sits lightly.",30 mins cardio or cycling,Avoid ghee and fried accompaniments. Contains chicken.
1326,Karnataka,High Cholesterol,Dinner,Koli Saaru (Thin),330.0,25.0,36,14,6,Low,Medium,Low,Chicken,"chicken, coconut, pepper, coriander",Non-Vegetarian,Chicken,"Avoid ghee, cream, and deep frying, and keep the oil very light. Pair the dish with vegetables or legumes. Keep the dinner portion moderate so it sits lightly.",30 mins cardio or cycling,Avoid ghee and fried accompaniments. Contains chicken.
1327,Karnataka,High Cholesterol,Dinner,Mutton Biryani (High Fibre),360.0,24.0,39,13,5,High,Low,Medium,"Dairy, Mutton","mutton, rice, spices, ghee",Non-Vegetarian,Mutton,"Avoid ghee, cream, and deep frying, and keep the oil very light. Pair the dish with vegetables or legumes. Keep the dinner portion moderate so it sits lightly.",30 mins cardio or cycling,"Avoid ghee and fried accompaniments. Contains dairy, mutton."
1328,Karnataka,High Cholesterol,Dinner,Mutton Biryani (Low Oil),360.0,24.0,39,13,5,High,Medium,Low,"Dairy, Mutton","mutton, rice, spices, ghee",Non-Vegetarian,Mutton,"Avoid ghee, cream, and deep frying, and keep the oil very light. Pair the dish with vegetables or legumes. Keep the dinner portion moderate so it sits lightly.",30 mins cardio or cycling,"Avoid ghee and fried accompaniments. Contains dairy, mutton."
1329,Karnataka,High Cholesterol,Dinner,Steamed Fish + Brown Rice (Small) + Greens,350.0,32.0,42,8,7,High,Low,Low,Fish,"Fish, Brown Rice, Spinach, Lemon",Non-Vegetarian,Fish,Steam fish no oil. Small brown rice. Steam greens.,20 mins walk,Best cholesterol-friendly dinner
1330,Karnataka,High Cholesterol,Dinner,Avarekalu Saaru (Light Roast),240.0,11.0,48,5,9,Medium,Low,Low,Safe,"hyacinth beans, coconut, tamarind, spices",Vegan,,"Avoid ghee, cream, and deep frying, and keep the oil very light. Pair the dish with vegetables or legumes. Keep the dinner portion moderate so it sits lightly.",30 mins cardio or cycling,Avoid ghee and fried accompaniments.
1331,Karnataka,High Cholesterol,Dinner,Avarekalu Saaru (Low Oil),240.0,11.0,48,5,9,Low,Medium,Low,Safe,"hyacinth beans, coconut, tamarind, spices",Vegan,,"Avoid ghee, cream, and deep frying, and keep the oil very light. Pair the dish with vegetables or legumes. Keep the dinner portion moderate so it sits lightly.",30 mins cardio or cycling,Avoid ghee and fried accompaniments.
1332,Karnataka,High Cholesterol,Dinner,Bendekaayi Palya (Light Roast),270.0,10.0,51,4,8,Low,Medium,Low,Mustard,"okra, onion, mustard seeds, curry leaves",Vegan,,"Avoid ghee, cream, and deep frying, and keep the oil very light. Pair the dish with vegetables or legumes. Keep the dinner portion moderate so it sits lightly.",30 mins cardio or cycling,Avoid ghee and fried accompaniments.
1333,Karnataka,High Cholesterol,Dinner,Bendekaayi Palya (Low Oil),270.0,10.0,51,4,8,Low,Low,Medium,Mustard,"okra, onion, mustard seeds, curry leaves",Vegan,,"Avoid ghee, cream, and deep frying, and keep the oil very light. Pair the dish with vegetables or legumes. Keep the dinner portion moderate so it sits lightly.",30 mins cardio or cycling,Avoid ghee and fried accompaniments.
1334,Karnataka,High Cholesterol,Dinner,Bendekaayi Palya (Mini Portion),270.0,10.0,51,4,8,Medium,Low,Low,Mustard,"okra, onion, mustard seeds, curry leaves",Vegan,,"Avoid ghee, cream, and deep frying, and keep the oil very light. Pair the dish with vegetables or legumes. Keep the dinner portion moderate so it sits lightly.",30 mins cardio or cycling,Avoid ghee and fried accompaniments.
1335,Karnataka,High Cholesterol,Dinner,Huli (Low Oil),250.0,8.0,46,2,8,Low,Medium,Low,Sesame,"vegetables, tamarind, lentils, spices",Vegan,,"Avoid ghee, cream, and deep frying, and keep the oil very light. Pair the dish with vegetables or legumes. Keep the dinner portion moderate so it sits lightly.",30 mins cardio or cycling,Avoid ghee and fried accompaniments. Contains sesame.
1336,Karnataka,High Cholesterol,Dinner,Huli (Mini Portion),250.0,8.0,46,2,8,Medium,Low,Low,Sesame,"vegetables, tamarind, lentils, spices",Vegan,,"Avoid ghee, cream, and deep frying, and keep the oil very light. Pair the dish with vegetables or legumes. Keep the dinner portion moderate so it sits lightly.",30 mins cardio or cycling,Avoid ghee and fried accompaniments. Contains sesame.
1337,Karnataka,High Cholesterol,Dinner,Kosambari (Light Roast),260.0,9.0,49,3,9,Low,Medium,Low,Safe,"moong dal, cucumber, coconut, coriander",Vegan,,"Avoid ghee, cream, and deep frying, and keep the oil very light. Pair the dish with vegetables or legumes. Keep the dinner portion moderate so it sits lightly.",30 mins cardio or cycling,Avoid ghee and fried accompaniments.
1338,Karnataka,High Cholesterol,Dinner,Kosambari (Low Oil),260.0,9.0,49,3,9,Medium,Low,Low,Safe,"moong dal, cucumber, coconut, coriander",Vegan,,"Avoid ghee, cream, and deep frying, and keep the oil very light. Pair the dish with vegetables or legumes. Keep the dinner portion moderate so it sits lightly.",30 mins cardio or cycling,Avoid ghee and fried accompaniments.
1339,Karnataka,High Cholesterol,Dinner,Kosambari (Thin),260.0,9.0,49,3,9,Low,Low,Medium,Safe,"moong dal, cucumber, coconut, coriander",Vegan,,"Avoid ghee, cream, and deep frying, and keep the oil very light. Pair the dish with vegetables or legumes. Keep the dinner portion moderate so it sits lightly.",30 mins cardio or cycling,Avoid ghee and fried accompaniments.
1340,Karnataka,High Cholesterol,Dinner,Menthya Bath (Light Roast),250.0,8.0,46,2,8,High,Low,Medium,Safe,"rice, fenugreek leaves, tamarind, spices",Vegan,,"Avoid ghee, cream, and deep frying, and keep the oil very light. Pair the dish with vegetables or legumes. Keep the dinner portion moderate so it sits lightly.",30 mins cardio or cycling,Avoid ghee and fried accompaniments.
1341,Karnataka,High Cholesterol,Dinner,Menthya Bath (Low Oil),250.0,8.0,46,2,8,Medium,Low,Low,Safe,"rice, fenugreek leaves, tamarind, spices",Vegan,,"Avoid ghee, cream, and deep frying, and keep the oil very light. Pair the dish with vegetables or legumes. Keep the dinner portion moderate so it sits lightly.",30 mins cardio or cycling,Avoid ghee and fried accompaniments.
1342,Karnataka,High Cholesterol,Dinner,Saaru (Light Roast),260.0,9.0,49,3,9,Low,Low,Medium,Safe,"tomato, pepper, cumin, garlic",Vegan,,"Avoid ghee, cream, and deep frying, and keep the oil very light. Pair the dish with vegetables or legumes. Keep the dinner portion moderate so it sits lightly.",30 mins cardio or cycling,Avoid ghee and fried accompaniments.
1343,Karnataka,High Cholesterol,Dinner,Saaru (Low Oil),260.0,9.0,49,3,9,Medium,Low,Low,Safe,"tomato, pepper, cumin, garlic",Vegan,,"Avoid ghee, cream, and deep frying, and keep the oil very light. Pair the dish with vegetables or legumes. Keep the dinner portion moderate so it sits lightly.",30 mins cardio or cycling,Avoid ghee and fried accompaniments.
1344,Karnataka,High Cholesterol,Dinner,Soppina Saaru (Light Roast),270.0,10.0,51,4,8,Low,Medium,Low,Sesame,"greens, lentils, garlic, spices",Vegan,,"Avoid ghee, cream, and deep frying, and keep the oil very light. Pair the dish with vegetables or legumes. Keep the dinner portion moderate so it sits lightly.",30 mins cardio or cycling,Avoid ghee and fried accompaniments. Contains sesame.
1345,Karnataka,High Cholesterol,Dinner,Soppina Saaru (Low Oil),270.0,10.0,51,4,8,Low,Low,Medium,Sesame,"greens, lentils, garlic, spices",Vegan,,"Avoid ghee, cream, and deep frying, and keep the oil very light. Pair the dish with vegetables or legumes. Keep the dinner portion moderate so it sits lightly.",30 mins cardio or cycling,Avoid ghee and fried accompaniments. Contains sesame.
