id,state,diet_need,meal_type,meal_name,calories,protein_g,carbs_g,fat_g,fiber_g,glycemic_index,sodium_level,cholesterol_impact,allergens,base_ingredients,diet_type,meat_type,instructions,exercise_recommendation,medical_warning
1,Kerala,Weight Loss,Breakfast,"Cherupayar Sundal (Dry-Roasted, No Oil)",235,15,37,4,9,Low,Low,Low,Mustard,"Green Gram, Coconut, Curry Leaves, Mustard Seeds",Vegetarian,,"Keep the cooking oil minimal, serve a small portion, and lean on steaming or light tempering. This version keeps the seasoning lighter while staying close to the Kerala original.",45 mins brisk walk,Watch portion size and keep extras like fried sides or extra coconut oil to a minimum.
2,Kerala,Weight Loss,Breakfast,"Dosa + Sambar (Steamed, Minimal Oil)",225,12,38,3,7,High,Low,Low,Safe,"Rice, Urad Dal, Toor Dal, Mixed Vegetables",Vegetarian,,"Keep the cooking oil minimal, serve a small portion, and lean on steaming or light tempering. This version keeps the seasoning lighter while staying close to the Kerala original.",45 mins brisk walk,Watch portion size and keep extras like fried sides or extra coconut oil to a minimum.
3,Kerala,Weight Loss,Breakfast,"Idiyappam + Cherupayar Curry (Air-Crisped, No Oil)",235,15,37,4,9,High,Low,Low,Safe,"Rice Flour, Green Gram, Coconut, Curry Leaves",Vegetarian,,"Keep the cooking oil minimal, serve a small portion, and lean on steaming or light tempering. This version keeps the seasoning lighter while staying close to the Kerala original.",45 mins brisk walk,Watch portion size and keep extras like fried sides or extra coconut oil to a minimum.
4,Kerala,Weight Loss,Breakfast,Idiyappam + Kadala Curry (Less Coconut),300,15,45,6,8,Medium,Medium,Low,Safe,"Rice Flour, Black Chickpeas",Vegetarian,,Steam idiyappam; use roasted coriander instead of coconut for curry.,45 mins cardio,Ensure adequate hydration
5,Kerala,Weight Loss,Breakfast,"Idli + Sambar (Steamed, No Oil)",235,15,37,4,9,High,Low,Low,Safe,"Rice, Urad Dal, Toor Dal, Mixed Vegetables",Vegetarian,,"Keep the cooking oil minimal, serve a small portion, and lean on steaming or light tempering. This version keeps the seasoning lighter while staying close to the Kerala original.",45 mins brisk walk,Watch portion size and keep extras like fried sides or extra coconut oil to a minimum.
6,Kerala,Weight Loss,Breakfast,"Kadala Sundal (Griddled, No Oil)",235,15,37,4,9,Low,Medium,Low,Mustard,"Black Chickpeas, Coconut, Curry Leaves, Mustard Seeds",Vegetarian,,"Keep the cooking oil minimal, serve a small portion, and lean on steaming or light tempering. This version keeps the seasoning lighter while staying close to the Kerala original.",45 mins brisk walk,Watch portion size and keep extras like fried sides or extra coconut oil to a minimum.
7,Kerala,Weight Loss,Breakfast,"Kappa Puzhukku + Kadala Curry (Boiled, Minimal Oil)",240,13,42,5,8,Low,Medium,Low,Safe,"Tapioca, Black Chickpeas, Coconut, Curry Leaves",Vegetarian,,"Keep the cooking oil minimal, serve a small portion, and lean on steaming or light tempering. This version keeps the seasoning lighter while staying close to the Kerala original.",45 mins brisk walk,Watch portion size and keep extras like fried sides or extra coconut oil to a minimum.
8,Kerala,Weight Loss,Breakfast,Oats Idli + Sambar,300,15,45,6,8,Low,Medium,Low,Safe,"Oats, Mixed Vegetables, Toor Dal",Vegetarian,,Steam idlis; load sambar with vegetables.,45 mins cardio,Ensure adequate hydration
9,Kerala,Weight Loss,Breakfast,"Pathiri + Kadala Curry (Slow-Simmered, No Oil)",225,12,38,3,7,High,Medium,Low,Safe,"Rice Flour, Black Chickpeas, Onion, Ginger, Coconut",Vegetarian,,"Keep the cooking oil minimal, serve a small portion, and lean on steaming or light tempering. This version keeps the seasoning lighter while staying close to the Kerala original.",45 mins brisk walk,Watch portion size and keep extras like fried sides or extra coconut oil to a minimum.
10,Kerala,Weight Loss,Breakfast,"Peppered Kanji + Cherupayar Curry (Lightly Cooked, No Oil)",225,12,38,3,7,High,Low,Low,Safe,"Rice, Pepper, Green Gram, Curry Leaves",Vegetarian,,"Keep the cooking oil minimal, serve a small portion, and lean on steaming or light tempering. This version keeps the seasoning lighter while staying close to the Kerala original.",45 mins brisk walk,Watch portion size and keep extras like fried sides or extra coconut oil to a minimum.
11,Kerala,Weight Loss,Breakfast,Puttu + Cherupayar Curry,300,15,45,6,8,Medium,Medium,Low,Safe,"Rice Flour, Green Gram",Vegetarian,,Steam puttu; boil green gram with minimal tempering.,45 mins cardio,Ensure adequate hydration
12,Kerala,Weight Loss,Breakfast,"Puttu + Kadala Curry (Pan-Cooked, No Oil)",235,15,37,4,9,High,Medium,Low,Safe,"Rice Flour, Black Chickpeas, Coconut, Curry Leaves",Vegetarian,,"Keep the cooking oil minimal, serve a small portion, and lean on steaming or light tempering. This version keeps the seasoning lighter while staying close to the Kerala original.",45 mins brisk walk,Watch portion size and keep extras like fried sides or extra coconut oil to a minimum.
13,Kerala,Weight Loss,Breakfast,"Ragi Puttu + Cherupayar Curry (Boiled, No Oil)",225,12,38,3,7,Low,Medium,Low,Safe,"Finger Millet, Green Gram, Coconut, Curry Leaves",Vegetarian,,"Keep the cooking oil minimal, serve a small portion, and lean on steaming or light tempering. This version keeps the seasoning lighter while staying close to the Kerala original.",45 mins brisk walk,Watch portion size and keep extras like fried sides or extra coconut oil to a minimum.
14,Kerala,Weight Loss,Breakfast,Ragi Puttu + Kadala Curry,300,15,45,6,8,Low,Medium,Low,Safe,"Finger Millet, Black Chickpeas",Vegetarian,,Steam ragi puttu; skip coconut in curry.,45 mins cardio,Ensure adequate hydration
15,Kerala,Weight Loss,Breakfast,Uppumavu + Green Peas Curry,300,15,45,6,8,Medium,Medium,Low,Gluten,"Semolina, Green Peas",Vegetarian,,Dry roast rava; use minimal oil for cooking.,45 mins cardio,Ensure adequate hydration
16,Kerala,Weight Loss,Breakfast,Wheat Dosa + Tomato Chutney,300,15,45,6,8,Medium,Medium,Low,Gluten,"Wheat Flour, Tomato",Vegetarian,,Cook dosa on non-stick without oil.,45 mins cardio,Ensure adequate hydration
17,Kerala,Weight Loss,Breakfast,"Appam + Chicken Stew (Lightly Cooked, Minimal Oil)",309,23,34,9,6,Medium,Medium,Low,Dairy,"Rice Flour, Chicken, Coconut Milk, Onion, Pepper",Non-Vegetarian,Chicken,"Keep the cooking oil minimal, serve a small portion, and lean on steaming or light tempering. This version keeps the seasoning lighter while staying close to the Kerala original.",45 mins brisk walk,Watch portion size and keep extras like fried sides or extra coconut oil to a minimum. Contains Dairy.
18,Kerala,Weight Loss,Breakfast,"Appam + Fish Moilee (Pan-Cooked, Minimal Oil)",250,21,34,7,6,Medium,Low,Low,"Dairy, Fish","Rice Flour, Fish, Coconut Milk, Green Chilli, Curry Leaves",Non-Vegetarian,Fish,"Keep the cooking oil minimal, serve a small portion, and lean on steaming or light tempering. This version keeps the seasoning lighter while staying close to the Kerala original.",45 mins brisk walk,"Watch portion size and keep extras like fried sides or extra coconut oil to a minimum. Contains Fish, Dairy."
19,Kerala,Weight Loss,Breakfast,Appam + Mutta Vellari Curry,300,15,45,6,8,Medium,Medium,Low,"Egg, Eggs","Rice Flour, Egg Whites, Onion",Non-Vegetarian,,Cook appam without oil; use egg whites to reduce fat.,45 mins cardio,Ensure adequate hydration
20,Kerala,Weight Loss,Breakfast,"Boiled Egg + Pepper (Dry-Roasted, Minimal Oil)",245,19,34,8,6,Low,Medium,Low,"Egg, Eggs","Eggs, Black Pepper, Curry Leaves, Salt",Non-Vegetarian,,"Keep the cooking oil minimal, serve a small portion, and lean on steaming or light tempering. This version keeps the seasoning lighter while staying close to the Kerala original.",45 mins brisk walk,Watch portion size and keep extras like fried sides or extra coconut oil to a minimum. Contains Eggs.
21,Kerala,Weight Loss,Breakfast,"Egg White Roast (Griddled, Minimal Oil)",245,19,34,8,6,Low,Low,Low,"Egg, Eggs","Egg Whites, Onion, Tomato, Black Pepper, Curry Leaves",Non-Vegetarian,,"Keep the cooking oil minimal, serve a small portion, and lean on steaming or light tempering. This version keeps the seasoning lighter while staying close to the Kerala original.",45 mins brisk walk,Watch portion size and keep extras like fried sides or extra coconut oil to a minimum. Contains Eggs.
22,Kerala,Weight Loss,Breakfast,"Idiyappam + Chicken Curry (Slow-Simmered, Minimal Oil)",309,23,34,9,6,Medium,Low,Low,Safe,"Rice Flour, Chicken, Onion, Ginger, Coconut",Non-Vegetarian,Chicken,"Keep the cooking oil minimal, serve a small portion, and lean on steaming or light tempering. This version keeps the seasoning lighter while staying close to the Kerala original.",45 mins brisk walk,Watch portion size and keep extras like fried sides or extra coconut oil to a minimum.
23,Kerala,Weight Loss,Breakfast,"Idiyappam + Egg Roast (Air-Crisped, Minimal Oil)",245,19,34,8,6,Medium,Medium,Low,"Egg, Eggs","Rice Flour, Eggs, Onion, Tomato, Coconut Oil",Non-Vegetarian,,"Keep the cooking oil minimal, serve a small portion, and lean on steaming or light tempering. This version keeps the seasoning lighter while staying close to the Kerala original.",45 mins brisk walk,Watch portion size and keep extras like fried sides or extra coconut oil to a minimum. Contains Eggs.
24,Kerala,Weight Loss,Breakfast,"Kalappam + Chicken Curry (Griddled, Low Salt)",309,23,34,9,6,Medium,Low,Medium,Safe,"Rice Flour, Coconut, Chicken, Curry Leaves, Onion",Non-Vegetarian,Chicken,"Keep the cooking oil minimal, serve a small portion, and lean on steaming or light tempering. This version keeps the seasoning lighter while staying close to the Kerala original.",45 mins brisk walk,Watch portion size and keep extras like fried sides or extra coconut oil to a minimum.
25,Kerala,Weight Loss,Breakfast,"Kalappam + Fish Curry (Steamed, Small Portion)",250,21,34,7,6,Medium,Medium,Low,Fish,"Rice Flour, Fish, Coconut, Tamarind, Curry Leaves",Non-Vegetarian,Fish,"Keep the cooking oil minimal, serve a small portion, and lean on steaming or light tempering.",45 mins brisk walk,Watch portion size and keep extras like fried sides or extra coconut oil to a minimum. Contains Fish.
26,Kerala,Weight Loss,Breakfast,"Kappa Puzhukku + Fish Curry (Pan-Cooked, Low Salt)",250,21,34,7,6,Medium,Low,Low,Fish,"Tapioca, Fish, Coconut, Curry Leaves, Tamarind",Non-Vegetarian,Fish,"Keep the cooking oil minimal, serve a small portion, and lean on steaming or light tempering. This version keeps the seasoning lighter while staying close to the Kerala original.",45 mins brisk walk,Watch portion size and keep extras like fried sides or extra coconut oil to a minimum. Contains Fish.
27,Kerala,Weight Loss,Breakfast,"Pathiri + Chicken Curry (Dry-Roasted, Low Salt)",309,23,34,9,6,Medium,Low,Medium,Safe,"Rice Flour, Chicken, Onion, Ginger, Coconut",Non-Vegetarian,Chicken,"Keep the cooking oil minimal, serve a small portion, and lean on steaming or light tempering. This version keeps the seasoning lighter while staying close to the Kerala original.",45 mins brisk walk,Watch portion size and keep extras like fried sides or extra coconut oil to a minimum.
28,Kerala,Weight Loss,Breakfast,"Puttu + Chicken Curry (Slow-Simmered, Low Salt)",309,23,34,9,6,Medium,Low,Low,Safe,"Rice Flour, Chicken, Onion, Ginger, Curry Leaves",Non-Vegetarian,Chicken,"Keep the cooking oil minimal, serve a small portion, and lean on steaming or light tempering. This version keeps the seasoning lighter while staying close to the Kerala original.",45 mins brisk walk,Watch portion size and keep extras like fried sides or extra coconut oil to a minimum.
29,Kerala,Weight Loss,Breakfast,"Puttu + Egg Curry (Boiled, Low Salt)",245,19,34,8,6,Medium,Low,Low,"Egg, Eggs","Rice Flour, Eggs, Onion, Tomato, Coconut",Non-Vegetarian,,"Keep the cooking oil minimal, serve a small portion, and lean on steaming or light tempering. This version keeps the seasoning lighter while staying close to the Kerala original.",45 mins brisk walk,Watch portion size and keep extras like fried sides or extra coconut oil to a minimum. Contains Eggs.
30,Kerala,Weight Loss,Breakfast,"Puttu + Fish Curry (Steamed, Low Salt)",250,21,34,7,6,Medium,Low,Low,Fish,"Rice Flour, Fish, Coconut, Tamarind, Curry Leaves",Non-Vegetarian,Fish,"Keep the cooking oil minimal, serve a small portion, and lean on steaming or light tempering. This version keeps the seasoning lighter while staying close to the Kerala original.",45 mins brisk walk,Watch portion size and keep extras like fried sides or extra coconut oil to a minimum. Contains Fish.
31,Kerala,Weight Loss,Breakfast,"Uppumavu + Egg Roast (Air-Crisped, Low Salt)",245,19,34,8,6,Medium,Low,Low,"Egg, Eggs, Gluten","Semolina, Eggs, Onion, Curry Leaves",Non-Vegetarian,,"Keep the cooking oil minimal, serve a small portion, and lean on steaming or light tempering. This version keeps the seasoning lighter while staying close to the Kerala original.",45 mins brisk walk,"Watch portion size and keep extras like fried sides or extra coconut oil to a minimum. Contains Eggs, Gluten."
32,Kerala,Weight Loss,Breakfast,"Wheat Dosa + Fish Curry (Lightly Cooked, Low Salt)",250,21,34,7,6,Medium,Low,Low,"Fish, Gluten","Wheat Flour, Fish, Onion, Tamarind, Curry Leaves",Non-Vegetarian,Fish,"Keep the cooking oil minimal, serve a small portion, and lean on steaming or light tempering. This version keeps the seasoning lighter while staying close to the Kerala original.",45 mins brisk walk,"Watch portion size and keep extras like fried sides or extra coconut oil to a minimum. Contains Fish, Gluten."
33,Kerala,Weight Loss,Breakfast,"Appam + Vegetable Stew (Griddled, High Fibre)",225,12,38,3,10,High,Medium,Medium,Safe,"Rice Flour, Coconut, Mixed Vegetables, Ginger, Curry Leaves",Vegan,,"Keep the cooking oil minimal, serve a small portion, and lean on steaming or light tempering.",45 mins brisk walk,Watch portion size and keep extras like fried sides or extra coconut oil to a minimum.
34,Kerala,Weight Loss,Breakfast,"Cherupayar Sundal (Griddled, Small Portion)",235,15,37,4,9,Low,Medium,Low,Mustard,"Green Gram, Coconut, Curry Leaves, Mustard Seeds",Vegan,,"Keep the cooking oil minimal, serve a small portion, and lean on steaming or light tempering.",45 mins brisk walk,Watch portion size and keep extras like fried sides or extra coconut oil to a minimum.
35,Kerala,Weight Loss,Breakfast,"Dosa + Sambar (Boiled, High Fibre)",225,12,38,3,10,High,Medium,Low,Safe,"Rice, Urad Dal, Toor Dal, Mixed Vegetables",Vegan,,"Keep the cooking oil minimal, serve a small portion, and lean on steaming or light tempering.",45 mins brisk walk,Watch portion size and keep extras like fried sides or extra coconut oil to a minimum.
36,Kerala,Weight Loss,Breakfast,"Idiyappam + Cherupayar Curry (Slow-Simmered, Small Portion)",235,15,37,4,9,High,Medium,Low,Safe,"Rice Flour, Green Gram, Coconut, Curry Leaves",Vegan,,"Keep the cooking oil minimal, serve a small portion, and lean on steaming or light tempering.",45 mins brisk walk,Watch portion size and keep extras like fried sides or extra coconut oil to a minimum.
37,Kerala,Weight Loss,Breakfast,"Idli + Sambar (Boiled, Small Portion)",235,15,37,4,9,High,Medium,Low,Safe,"Rice, Urad Dal, Toor Dal, Mixed Vegetables",Vegan,,"Keep the cooking oil minimal, serve a small portion, and lean on steaming or light tempering.",45 mins brisk walk,Watch portion size and keep extras like fried sides or extra coconut oil to a minimum.
38,Kerala,Weight Loss,Breakfast,"Kadala Sundal (Lightly Cooked, Small Portion)",235,15,37,4,9,Low,Low,Low,Mustard,"Black Chickpeas, Coconut, Curry Leaves, Mustard Seeds",Vegan,,"Keep the cooking oil minimal, serve a small portion, and lean on steaming or light tempering.",45 mins brisk walk,Watch portion size and keep extras like fried sides or extra coconut oil to a minimum.
39,Kerala,Weight Loss,Breakfast,"Kappa Puzhukku + Kadala Curry (Dry-Roasted, High Fibre)",265,13,42,8,11,Low,Low,Low,Safe,"Tapioca, Black Chickpeas, Coconut, Curry Leaves",Vegan,,"Keep the cooking oil minimal, serve a small portion, and lean on steaming or light tempering.",45 mins brisk walk,Watch portion size and keep extras like fried sides or extra coconut oil to a minimum.
40,Kerala,Weight Loss,Breakfast,"Karikku Dosa + Coconut Chutney (Slow-Simmered, High Fibre)",225,12,38,3,10,High,Medium,Low,Safe,"Rice, Tender Coconut, Coconut, Green Chilli, Curry Leaves",Vegan,,"Keep the cooking oil minimal, serve a small portion, and lean on steaming or light tempering.",45 mins brisk walk,Watch portion size and keep extras like fried sides or extra coconut oil to a minimum.
41,Kerala,Weight Loss,Breakfast,"Pathiri + Kadala Curry (Steamed, High Fibre)",225,12,38,3,10,High,Low,Low,Safe,"Rice Flour, Black Chickpeas, Onion, Ginger, Coconut",Vegan,,"Keep the cooking oil minimal, serve a small portion, and lean on steaming or light tempering.",45 mins brisk walk,Watch portion size and keep extras like fried sides or extra coconut oil to a minimum.
42,Kerala,Weight Loss,Breakfast,"Pathiri + Vegetable Kurma (Air-Crisped, High Fibre)",250,12,38,6,10,High,Low,Medium,Safe,"Rice Flour, Mixed Vegetables, Coconut, Cumin",Vegan,,"Keep the cooking oil minimal, serve a small portion, and lean on steaming or light tempering.",45 mins brisk walk,Watch portion size and keep extras like fried sides or extra coconut oil to a minimum.
43,Kerala,Weight Loss,Breakfast,"Peppered Kanji + Cherupayar Curry (Pan-Cooked, Small Portion)",225,12,38,3,7,High,Medium,Medium,Safe,"Rice, Pepper, Green Gram, Curry Leaves",Vegan,,"Keep the cooking oil minimal, serve a small portion, and lean on steaming or light tempering.",45 mins brisk walk,Watch portion size and keep extras like fried sides or extra coconut oil to a minimum.
44,Kerala,Weight Loss,Breakfast,"Puttu + Kadala Curry (Air-Crisped, Small Portion)",235,15,37,4,9,High,Low,Low,Safe,"Rice Flour, Black Chickpeas, Coconut, Curry Leaves",Vegan,,"Keep the cooking oil minimal, serve a small portion, and lean on steaming or light tempering.",45 mins brisk walk,Watch portion size and keep extras like fried sides or extra coconut oil to a minimum.
45,Kerala,Weight Loss,Breakfast,"Ragi Puttu + Cherupayar Curry (Dry-Roasted, Small Portion)",225,12,38,3,7,Low,Low,Medium,Safe,"Finger Millet, Green Gram, Coconut, Curry Leaves",Vegan,,"Keep the cooking oil minimal, serve a small portion, and lean on steaming or light tempering.",45 mins brisk walk,Watch portion size and keep extras like fried sides or extra coconut oil to a minimum.
46,Kerala,Weight Loss,Breakfast,"Tender Coconut (Pan-Cooked, High Fibre)",188,10,28,4,9,Low,Medium,Low,Safe,"Tender Coconut Water, Tender Coconut Flesh",Vegan,,"Keep the cooking oil minimal, serve a small portion, and lean on steaming or light tempering.",45 mins brisk walk,Watch portion size and keep extras like fried sides or extra coconut oil to a minimum.
47,Kerala,Weight Loss,Breakfast,"Uppumavu + Green Peas Curry (Steamed, Light Coconut)",225,12,38,3,7,Low,Low,Low,"Gluten, Mustard","Semolina, Green Peas, Onion, Mustard Seeds, Curry Leaves",Vegan,,"Keep the cooking oil minimal, serve a small portion, and lean on steaming or light tempering.",45 mins brisk walk,Watch portion size and keep extras like fried sides or extra coconut oil to a minimum. Contains Gluten.
48,Kerala,Weight Loss,Breakfast,"Vishu Katta + Vegetable Curry (Lightly Cooked, High Fibre)",225,12,38,3,10,High,Low,Low,Safe,"Rice Flour, Cumin, Vegetables, Curry Leaves",Vegan,,"Keep the cooking oil minimal, serve a small portion, and lean on steaming or light tempering.",45 mins brisk walk,Watch portion size and keep extras like fried sides or extra coconut oil to a minimum.
49,Kerala,Weight Loss,Lunch,"Cucumber Salad (Steamed, No Ghee)",260,17,39,4,9,Low,Low,Low,Safe,"Cucumber, Onion, Lemon, Curry Leaves",Vegetarian,,"Keep the cooking oil minimal, serve a small portion, and lean on steaming or light tempering.",30 mins walk,Watch portion size and keep extras like fried sides or extra coconut oil to a minimum.
50,Kerala,Weight Loss,Lunch,"Idiyappam + Cherupayar Curry (Air-Crisped, Light Coconut)",365,22,48,7,12,High,Low,Medium,Safe,"Rice Flour, Green Gram, Coconut, Curry Leaves",Vegetarian,,"Keep the cooking oil minimal, serve a small portion, and lean on steaming or light tempering.",30 mins walk,Watch portion size and keep extras like fried sides or extra coconut oil to a minimum.
51,Kerala,Weight Loss,Lunch,"Idli + Sambar (Boiled, Light Coconut)",365,22,48,7,12,High,Medium,Low,Safe,"Rice, Urad Dal, Toor Dal, Mixed Vegetables",Vegetarian,,"Keep the cooking oil minimal, serve a small portion, and lean on steaming or light tempering.",30 mins walk,Watch portion size and keep extras like fried sides or extra coconut oil to a minimum.
52,Kerala,Weight Loss,Lunch,Matta Rice + Kalan + Kaya Mezhukkupuratti,400,20,55,11,10,High,Medium,Low,"Dairy, Gluten","Matta Rice, Yogurt, Raw Banana",Vegetarian,,Use low-fat yogurt for kalan; dry roast raw banana.,40 mins HIIT,Ensure adequate hydration
53,Kerala,Weight Loss,Lunch,"Matta Rice + Koottu Curry (Dry-Roasted, No Ghee)",285,19,41,5,12,High,Low,Low,Gluten,"Matta Rice, Yam, Plantain, Black Chickpeas, Coconut",Vegetarian,,"Keep the cooking oil minimal, serve a small portion, and lean on steaming or light tempering.",30 mins walk,Watch portion size and keep extras like fried sides or extra coconut oil to a minimum.
54,Kerala,Weight Loss,Lunch,Matta Rice + Olan + Cabbage Thoran,400,20,55,11,10,High,Medium,Low,Gluten,"Matta Rice, Ashgourd, Black Eyed Peas, Cabbage",Vegetarian,,Olan uses light coconut milk; steam cabbage.,40 mins HIIT,Ensure adequate hydration
55,Kerala,Weight Loss,Lunch,"Matta Rice + Parippu Curry (Boiled, No Ghee)",367,21,51,7,11,High,Medium,Low,Gluten,"Matta Rice, Toor Dal, Coconut, Curry Leaves",Vegetarian,,"Keep the cooking oil minimal, serve a small portion, and lean on steaming or light tempering.",30 mins walk,Watch portion size and keep extras like fried sides or extra coconut oil to a minimum.
56,Kerala,Weight Loss,Lunch,Matta Rice + Parippu Curry + Vendakka Mezhukkupuratti,400,20,55,11,10,High,Medium,Low,Gluten,"Matta Rice, Moong Dal, Okra",Vegetarian,,Boil dal without ghee; lightly toss okra.,40 mins HIIT,Ensure adequate hydration
57,Kerala,Weight Loss,Lunch,Matta Rice + Pulissery + Beans Mezhukkupuratti,400,20,55,11,10,High,Medium,Low,"Dairy, Gluten","Matta Rice, Yogurt, Green Beans",Vegetarian,,Use low-fat yogurt for pulissery; stir-fry beans with 1 tsp oil.,40 mins HIIT,Ensure adequate hydration
58,Kerala,Weight Loss,Lunch,"Matta Rice + Sambar (Griddled, Light Coconut)",367,21,51,7,11,High,Medium,Medium,Gluten,"Matta Rice, Toor Dal, Mixed Vegetables, Tamarind",Vegetarian,,"Keep the cooking oil minimal, serve a small portion, and lean on steaming or light tempering.",30 mins walk,Watch portion size and keep extras like fried sides or extra coconut oil to a minimum.
59,Kerala,Weight Loss,Lunch,Matta Rice + Sambar + Cheera Thoran,400,20,55,11,10,High,Medium,Low,Gluten,"Matta Rice, Spinach, Toor Dal",Vegetarian,,Load sambar with veggies; steam spinach.,40 mins HIIT,Ensure adequate hydration
60,Kerala,Weight Loss,Lunch,"Olan (Griddled, No Ghee)",285,19,41,5,12,Low,Medium,Low,Dairy,"Ash Gourd, Black Eyed Peas, Coconut Milk, Green Chillies",Vegetarian,,"Keep the cooking oil minimal, serve a small portion, and lean on steaming or light tempering.",30 mins walk,Watch portion size and keep extras like fried sides or extra coconut oil to a minimum.
61,Kerala,Weight Loss,Lunch,"Pathiri + Kadala Curry (Slow-Simmered, Light Coconut)",355,19,49,6,10,High,Medium,Low,Safe,"Rice Flour, Black Chickpeas, Onion, Ginger, Coconut",Vegetarian,,"Keep the cooking oil minimal, serve a small portion, and lean on steaming or light tempering.",30 mins walk,Watch portion size and keep extras like fried sides or extra coconut oil to a minimum.
62,Kerala,Weight Loss,Lunch,"Peppered Kanji + Cherupayar Curry (Lightly Cooked, Light Coconut)",355,19,49,6,10,High,Low,Low,Safe,"Rice, Pepper, Green Gram, Curry Leaves",Vegetarian,,"Keep the cooking oil minimal, serve a small portion, and lean on steaming or light tempering.",30 mins walk,Watch portion size and keep extras like fried sides or extra coconut oil to a minimum.
63,Kerala,Weight Loss,Lunch,"Puttu + Kadala Curry (Pan-Cooked, Light Coconut)",365,22,48,7,12,High,Medium,Low,Safe,"Rice Flour, Black Chickpeas, Coconut, Curry Leaves",Vegetarian,,"Keep the cooking oil minimal, serve a small portion, and lean on steaming or light tempering.",30 mins walk,Watch portion size and keep extras like fried sides or extra coconut oil to a minimum.
64,Kerala,Weight Loss,Lunch,"Ragi Puttu + Cherupayar Curry (Dry-Roasted, Light Coconut)",355,19,49,6,10,Low,Low,Low,Safe,"Finger Millet, Green Gram, Coconut, Curry Leaves",Vegetarian,,"Keep the cooking oil minimal, serve a small portion, and lean on steaming or light tempering.",30 mins walk,Watch portion size and keep extras like fried sides or extra coconut oil to a minimum.
65,Kerala,Weight Loss,Lunch,"Appam + Fish Moilee (Air-Crisped, No Ghee)",380,28,45,10,9,Medium,Low,Low,"Dairy, Fish","Rice Flour, Fish, Coconut Milk, Green Chilli, Curry Leaves",Non-Vegetarian,Fish,"Keep the cooking oil minimal, serve a small portion, and lean on steaming or light tempering.",30 mins walk,"Watch portion size and keep extras like fried sides or extra coconut oil to a minimum. Contains Fish, Dairy."
66,Kerala,Weight Loss,Lunch,"Chicken Pepper Fry (Pan-Cooked, No Ghee)",385,30,45,12,9,Medium,Medium,Low,Safe,"Chicken, Black Pepper, Curry Leaves, Shallots, Coconut Oil",Non-Vegetarian,Chicken,"Keep the cooking oil minimal, serve a small portion, and lean on steaming or light tempering.",30 mins walk,Watch portion size and keep extras like fried sides or extra coconut oil to a minimum.
67,Kerala,Weight Loss,Lunch,"Fish Fry (Tawa Roasted) (Lightly Cooked, No Ghee)",380,28,45,10,9,Medium,Low,Low,Fish,"Fish, Pepper, Lemon, Curry Leaves, Coconut Oil",Non-Vegetarian,Fish,"Keep the cooking oil minimal, serve a small portion, and lean on steaming or light tempering.",30 mins walk,Watch portion size and keep extras like fried sides or extra coconut oil to a minimum. Contains Fish.
68,Kerala,Weight Loss,Lunch,"Kappa + Egg Roast (Lightly Cooked, With Greens)",375,26,45,11,12,Medium,Low,Low,"Egg, Eggs","Tapioca, Eggs, Onion, Tomato, Coconut Oil",Non-Vegetarian,,"Keep the cooking oil minimal, serve a small portion, and lean on steaming or light tempering.",30 mins walk,Watch portion size and keep extras like fried sides or extra coconut oil to a minimum. Contains Eggs.
69,Kerala,Weight Loss,Lunch,"Kappa Puzhukku + Fish Curry (Dry-Roasted, With Greens)",405,28,45,13,12,Medium,Low,Low,Fish,"Tapioca, Fish, Coconut, Curry Leaves, Tamarind",Non-Vegetarian,Fish,"Keep the cooking oil minimal, serve a small portion, and lean on steaming or light tempering.",30 mins walk,Watch portion size and keep extras like fried sides or extra coconut oil to a minimum. Contains Fish.
70,Kerala,Weight Loss,Lunch,"Matta Rice + Alleppey Fish Curry (Air-Crisped, With Greens)",405,28,45,13,12,Medium,Low,Low,"Fish, Gluten","Matta Rice, Fish, Kudampuli, Coconut, Curry Leaves",Non-Vegetarian,Fish,"Keep the cooking oil minimal, serve a small portion, and lean on steaming or light tempering.",30 mins walk,Watch portion size and keep extras like fried sides or extra coconut oil to a minimum. Contains Fish.
71,Kerala,Weight Loss,Lunch,"Matta Rice + Chicken Curry (Steamed, No Oil)",385,30,45,12,9,Medium,Low,Low,Gluten,"Matta Rice, Chicken, Onion, Ginger, Tomato",Non-Vegetarian,Chicken,"Keep the cooking oil minimal, serve a small portion, and lean on steaming or light tempering. This version keeps the seasoning lighter while staying close to the Kerala original.",30 mins walk,Watch portion size and keep extras like fried sides or extra coconut oil to a minimum.
72,Kerala,Weight Loss,Lunch,Matta Rice + Chicken Stew + Carrot Thoran,400,20,55,11,10,High,Medium,Low,Gluten,"Matta Rice, Lean Chicken, Carrot",Non-Vegetarian,chicken,Use skimmed coconut milk and lean chicken breast.,40 mins HIIT,Ensure adequate hydration
73,Kerala,Weight Loss,Lunch,"Matta Rice + Fish Moilee (Slow-Simmered, With Greens)",380,28,45,10,12,Medium,Medium,Low,"Dairy, Fish, Gluten","Matta Rice, Fish, Coconut Milk, Onion, Curry Leaves",Non-Vegetarian,Fish,"Keep the cooking oil minimal, serve a small portion, and lean on steaming or light tempering.",30 mins walk,"Watch portion size and keep extras like fried sides or extra coconut oil to a minimum. Contains Fish, Dairy."
74,Kerala,Weight Loss,Lunch,"Matta Rice + Kerala Fish Curry (Pan-Cooked, With Greens)",405,28,45,13,12,Medium,Medium,Low,"Fish, Gluten","Matta Rice, Fish, Tamarind, Coconut, Curry Leaves",Non-Vegetarian,Fish,"Keep the cooking oil minimal, serve a small portion, and lean on steaming or light tempering.",30 mins walk,Watch portion size and keep extras like fried sides or extra coconut oil to a minimum. Contains Fish.
75,Kerala,Weight Loss,Lunch,Matta Rice + Mathi Curry + Kovakka Thoran,400,20,55,11,10,High,Medium,Low,"Fish, Gluten","Matta Rice, Sardine, Ivy Gourd",Non-Vegetarian,fish,Cook fish in tamarind without coconut; steam ivy gourd.,40 mins HIIT,Ensure adequate hydration
76,Kerala,Weight Loss,Lunch,Matta Rice + Meen Peera + Cabbage Thoran,400,20,55,11,10,High,Medium,Low,"Fish, Gluten","Matta Rice, Small Fish, Cabbage",Non-Vegetarian,fish,Use minimal coconut for peera; steam cabbage thoran.,40 mins HIIT,Ensure adequate hydration
77,Kerala,Weight Loss,Lunch,"Pathiri + Chicken Curry (Boiled, With Greens)",385,30,45,12,12,Medium,Medium,Low,Safe,"Rice Flour, Chicken, Onion, Ginger, Coconut",Non-Vegetarian,Chicken,"Keep the cooking oil minimal, serve a small portion, and lean on steaming or light tempering.",30 mins walk,Watch portion size and keep extras like fried sides or extra coconut oil to a minimum.
78,Kerala,Weight Loss,Lunch,"Puttu + Chicken Curry (Griddled, With Greens)",385,30,45,12,12,Medium,Medium,Low,Safe,"Rice Flour, Chicken, Onion, Ginger, Curry Leaves",Non-Vegetarian,Chicken,"Keep the cooking oil minimal, serve a small portion, and lean on steaming or light tempering.",30 mins walk,Watch portion size and keep extras like fried sides or extra coconut oil to a minimum.
79,Kerala,Weight Loss,Lunch,"Puttu + Egg Curry (Steamed, With Greens)",375,26,45,11,12,Medium,Low,Low,"Egg, Eggs","Rice Flour, Eggs, Onion, Tomato, Coconut",Non-Vegetarian,,"Keep the cooking oil minimal, serve a small portion, and lean on steaming or light tempering.",30 mins walk,Watch portion size and keep extras like fried sides or extra coconut oil to a minimum. Contains Eggs.
80,Kerala,Weight Loss,Lunch,"Puttu + Fish Curry (Slow-Simmered, No Ghee)",380,28,45,10,9,Medium,Medium,Low,Fish,"Rice Flour, Fish, Coconut, Tamarind, Curry Leaves",Non-Vegetarian,Fish,"Keep the cooking oil minimal, serve a small portion, and lean on steaming or light tempering.",30 mins walk,Watch portion size and keep extras like fried sides or extra coconut oil to a minimum. Contains Fish.
81,Kerala,Weight Loss,Lunch,"Cucumber Salad (Boiled, Minimal Oil)",260,17,39,4,9,Low,Low,Low,Safe,"Cucumber, Onion, Lemon, Curry Leaves",Vegan,,"Keep the cooking oil minimal, serve a small portion, and lean on steaming or light tempering. This version keeps the seasoning lighter while staying close to the Kerala original.",30 mins walk,Watch portion size and keep extras like fried sides or extra coconut oil to a minimum.
82,Kerala,Weight Loss,Lunch,"Idiyappam + Cherupayar Curry (Slow-Simmered, No Oil)",365,22,48,7,12,High,Low,Low,Safe,"Rice Flour, Green Gram, Coconut, Curry Leaves",Vegan,,"Keep the cooking oil minimal, serve a small portion, and lean on steaming or light tempering. This version keeps the seasoning lighter while staying close to the Kerala original.",30 mins walk,Watch portion size and keep extras like fried sides or extra coconut oil to a minimum.
83,Kerala,Weight Loss,Lunch,"Idli + Sambar (Boiled, No Oil)",365,22,48,7,12,High,Medium,Low,Safe,"Rice, Urad Dal, Toor Dal, Mixed Vegetables",Vegan,,"Keep the cooking oil minimal, serve a small portion, and lean on steaming or light tempering. This version keeps the seasoning lighter while staying close to the Kerala original.",30 mins walk,Watch portion size and keep extras like fried sides or extra coconut oil to a minimum.
84,Kerala,Weight Loss,Lunch,"Kappa Puzhukku + Kadala Curry (Boiled, Low Salt)",370,20,53,8,11,Low,Low,Low,Safe,"Tapioca, Black Chickpeas, Coconut, Curry Leaves",Vegan,,"Keep the cooking oil minimal, serve a small portion, and lean on steaming or light tempering. This version keeps the seasoning lighter while staying close to the Kerala original.",30 mins walk,Watch portion size and keep extras like fried sides or extra coconut oil to a minimum.
85,Kerala,Weight Loss,Lunch,"Matta Rice + Koottu Curry (Griddled, Minimal Oil)",285,19,41,5,12,High,Low,Low,Gluten,"Matta Rice, Yam, Plantain, Black Chickpeas, Coconut",Vegan,,"Keep the cooking oil minimal, serve a small portion, and lean on steaming or light tempering. This version keeps the seasoning lighter while staying close to the Kerala original.",30 mins walk,Watch portion size and keep extras like fried sides or extra coconut oil to a minimum.
86,Kerala,Weight Loss,Lunch,"Matta Rice + Parippu Curry (Dry-Roasted, Minimal Oil)",367,21,51,7,11,High,Medium,Low,Gluten,"Matta Rice, Toor Dal, Coconut, Curry Leaves",Vegan,,"Keep the cooking oil minimal, serve a small portion, and lean on steaming or light tempering. This version keeps the seasoning lighter while staying close to the Kerala original.",30 mins walk,Watch portion size and keep extras like fried sides or extra coconut oil to a minimum.
87,Kerala,Weight Loss,Lunch,"Matta Rice + Sambar (Griddled, No Oil)",367,21,51,7,11,High,Medium,Low,Gluten,"Matta Rice, Toor Dal, Mixed Vegetables, Tamarind",Vegan,,"Keep the cooking oil minimal, serve a small portion, and lean on steaming or light tempering. This version keeps the seasoning lighter while staying close to the Kerala original.",30 mins walk,Watch portion size and keep extras like fried sides or extra coconut oil to a minimum.
88,Kerala,Weight Loss,Lunch,"Olan (Lightly Cooked, Minimal Oil)",285,19,41,5,12,Low,Medium,Low,Dairy,"Ash Gourd, Black Eyed Peas, Coconut Milk, Green Chillies",Vegan,,"Keep the cooking oil minimal, serve a small portion, and lean on steaming or light tempering. This version keeps the seasoning lighter while staying close to the Kerala original.",30 mins walk,Watch portion size and keep extras like fried sides or extra coconut oil to a minimum.
89,Kerala,Weight Loss,Lunch,"Pathiri + Kadala Curry (Steamed, Minimal Oil)",355,19,49,6,10,High,Medium,Low,Safe,"Rice Flour, Black Chickpeas, Onion, Ginger, Coconut",Vegan,,"Keep the cooking oil minimal, serve a small portion, and lean on steaming or light tempering. This version keeps the seasoning lighter while staying close to the Kerala original.",30 mins walk,Watch portion size and keep extras like fried sides or extra coconut oil to a minimum.
90,Kerala,Weight Loss,Lunch,"Peppered Kanji + Cherupayar Curry (Pan-Cooked, No Oil)",355,19,49,6,10,High,Low,Low,Safe,"Rice, Pepper, Green Gram, Curry Leaves",Vegan,,"Keep the cooking oil minimal, serve a small portion, and lean on steaming or light tempering. This version keeps the seasoning lighter while staying close to the Kerala original.",30 mins walk,Watch portion size and keep extras like fried sides or extra coconut oil to a minimum.
91,Kerala,Weight Loss,Lunch,"Puttu + Kadala Curry (Air-Crisped, No Oil)",365,22,48,7,12,High,Medium,Low,Safe,"Rice Flour, Black Chickpeas, Coconut, Curry Leaves",Vegan,,"Keep the cooking oil minimal, serve a small portion, and lean on steaming or light tempering. This version keeps the seasoning lighter while staying close to the Kerala original.",30 mins walk,Watch portion size and keep extras like fried sides or extra coconut oil to a minimum.
92,Kerala,Weight Loss,Lunch,"Ragi Puttu + Cherupayar Curry (Dry-Roasted, No Oil)",355,19,49,6,10,Low,Low,Low,Safe,"Finger Millet, Green Gram, Coconut, Curry Leaves",Vegan,,"Keep the cooking oil minimal, serve a small portion, and lean on steaming or light tempering. This version keeps the seasoning lighter while staying close to the Kerala original.",30 mins walk,Watch portion size and keep extras like fried sides or extra coconut oil to a minimum.
93,Kerala,Weight Loss,Lunch,"Rice + Beetroot Thoran (Air-Crisped, Minimal Oil)",285,19,41,5,12,High,Medium,Low,Mustard,"Rice, Beetroot, Coconut, Curry Leaves, Mustard Seeds",Vegan,,"Keep the cooking oil minimal, serve a small portion, and lean on steaming or light tempering. This version keeps the seasoning lighter while staying close to the Kerala original.",30 mins walk,Watch portion size and keep extras like fried sides or extra coconut oil to a minimum.
94,Kerala,Weight Loss,Lunch,"Rice + Cabbage Thoran (Slow-Simmered, Minimal Oil)",285,19,41,5,12,High,Low,Low,Mustard,"Rice, Cabbage, Coconut, Curry Leaves, Mustard Seeds",Vegan,,"Keep the cooking oil minimal, serve a small portion, and lean on steaming or light tempering. This version keeps the seasoning lighter while staying close to the Kerala original.",30 mins walk,Watch portion size and keep extras like fried sides or extra coconut oil to a minimum.
95,Kerala,Weight Loss,Lunch,"Rice + Drumstick Curry (Pan-Cooked, Minimal Oil)",285,19,41,5,12,High,Low,Low,Safe,"Rice, Drumstick, Tamarind, Coconut, Curry Leaves",Vegan,,"Keep the cooking oil minimal, serve a small portion, and lean on steaming or light tempering. This version keeps the seasoning lighter while staying close to the Kerala original.",30 mins walk,Watch portion size and keep extras like fried sides or extra coconut oil to a minimum.
96,Kerala,Weight Loss,Lunch,"Rice + Vendakka Mezhukkupuratti (Steamed, Low Salt)",285,19,41,5,12,High,Low,Low,Safe,"Rice, Okra, Shallots, Coconut Oil, Curry Leaves",Vegan,,"Keep the cooking oil minimal, serve a small portion, and lean on steaming or light tempering. This version keeps the seasoning lighter while staying close to the Kerala original.",30 mins walk,Watch portion size and keep extras like fried sides or extra coconut oil to a minimum.
97,Kerala,Weight Loss,Snack,Cherupayar Sundal,150,5,20,5,5,Low,Medium,Low,Safe,Green Gram,Vegetarian,,Boil green gram and temper lightly.,45 mins cardio,Ensure adequate hydration
98,Kerala,Weight Loss,Snack,"Cherupayar Sundal (Dry-Roasted, Low Salt)",135,9,21,2,7,Low,Low,Medium,Mustard,"Green Gram, Coconut, Curry Leaves, Mustard Seeds",Vegetarian,,"Keep the cooking oil minimal, serve a small portion, and lean on steaming or light tempering. This version keeps the seasoning lighter while staying close to the Kerala original.",20 mins mobility work,Watch portion size and keep extras like fried sides or extra coconut oil to a minimum.
99,Kerala,Weight Loss,Snack,"Cherupayar Sundal (Steamed, Small Portion)",135,9,21,2,7,Low,Medium,Low,Mustard,"Green Gram, Coconut, Curry Leaves, Mustard Seeds",Vegetarian,,"Keep the cooking oil minimal, serve a small portion, and lean on steaming or light tempering.",20 mins mobility work,Watch portion size and keep extras like fried sides or extra coconut oil to a minimum.
100,Kerala,Weight Loss,Snack,Cucumber Salad,150,5,20,5,5,Low,Low,Low,Safe,"Cucumber, Lemon",Vegetarian,,Slice fresh cucumber and toss with lemon juice.,45 mins cardio,Ensure adequate hydration
101,Kerala,Weight Loss,Snack,"Cucumber Salad (Dry-Roasted, Small Portion)",73,4,12,1,4,Low,Medium,Medium,Safe,"Cucumber, Onion, Lemon, Curry Leaves",Vegetarian,,"Keep the cooking oil minimal, serve a small portion, and lean on steaming or light tempering.",20 mins mobility work,Watch portion size and keep extras like fried sides or extra coconut oil to a minimum.
102,Kerala,Weight Loss,Snack,"Cucumber Salad (Lightly Cooked, Low Salt)",73,4,12,1,4,Low,Low,Medium,Safe,"Cucumber, Onion, Lemon, Curry Leaves",Vegetarian,,"Keep the cooking oil minimal, serve a small portion, and lean on steaming or light tempering. This version keeps the seasoning lighter while staying close to the Kerala original.",20 mins mobility work,Watch portion size and keep extras like fried sides or extra coconut oil to a minimum.
103,Kerala,Weight Loss,Snack,Kadala Sundal,150,5,20,5,5,Low,Medium,Low,Safe,Black Chickpeas,Vegetarian,,Boil chickpeas; skip grated coconut.,45 mins cardio,Ensure adequate hydration
104,Kerala,Weight Loss,Snack,"Kadala Sundal (Boiled, Small Portion)",135,9,21,2,7,Low,Low,Low,Mustard,"Black Chickpeas, Coconut, Curry Leaves, Mustard Seeds",Vegetarian,,"Keep the cooking oil minimal, serve a small portion, and lean on steaming or light tempering.",20 mins mobility work,Watch portion size and keep extras like fried sides or extra coconut oil to a minimum.
105,Kerala,Weight Loss,Snack,"Kadala Sundal (Griddled, Low Salt)",135,9,21,2,7,Low,Low,Low,Mustard,"Black Chickpeas, Coconut, Curry Leaves, Mustard Seeds",Vegetarian,,"Keep the cooking oil minimal, serve a small portion, and lean on steaming or light tempering. This version keeps the seasoning lighter while staying close to the Kerala original.",20 mins mobility work,Watch portion size and keep extras like fried sides or extra coconut oil to a minimum.
106,Kerala,Weight Loss,Snack,Nellikka (Gooseberry) Slices,150,5,20,5,5,Low,Low,Low,Safe,Gooseberry,Vegetarian,,Consume raw for Vitamin C.,45 mins cardio,Ensure adequate hydration
107,Kerala,Weight Loss,Snack,Roasted Peanuts,150,5,20,5,5,Low,Medium,Low,"Peanut, Peanuts",Peanuts,Vegetarian,,Dry roast in a pan without oil.,45 mins cardio,Ensure adequate hydration
108,Kerala,Weight Loss,Snack,"Roasted Peanuts (Pan-Cooked, Low Salt)",73,4,12,1,4,Medium,Low,Medium,"Peanut, Peanuts","Peanuts, Curry Leaves, Salt",Vegetarian,,"Keep the cooking oil minimal, serve a small portion, and lean on steaming or light tempering. This version keeps the seasoning lighter while staying close to the Kerala original.",20 mins mobility work,Watch portion size and keep extras like fried sides or extra coconut oil to a minimum. Contains Peanuts.
109,Kerala,Weight Loss,Snack,Steamed Koova (Arrowroot),150,5,20,5,5,Low,Low,Low,Safe,Arrowroot,Vegetarian,,Steam arrowroot chunks.,45 mins cardio,Ensure adequate hydration
110,Kerala,Weight Loss,Snack,Steamed Nendran Pazham,150,5,20,5,5,Medium,Low,Low,Safe,Nendran Banana,Vegetarian,,Steam ripe plantain without added sugar.,45 mins cardio,Ensure adequate hydration
111,Kerala,Weight Loss,Snack,"Tender Coconut (Slow-Simmered, Low Salt)",73,4,12,1,4,Low,Low,Medium,Safe,"Tender Coconut Water, Tender Coconut Flesh",Vegetarian,,"Keep the cooking oil minimal, serve a small portion, and lean on steaming or light tempering. This version keeps the seasoning lighter while staying close to the Kerala original.",20 mins mobility work,Watch portion size and keep extras like fried sides or extra coconut oil to a minimum.
112,Kerala,Weight Loss,Snack,"Vishu Katta + Vegetable Curry (Air-Crisped, Low Salt)",125,6,22,1,5,High,Low,Low,Safe,"Rice Flour, Cumin, Vegetables, Curry Leaves",Vegetarian,,"Keep the cooking oil minimal, serve a small portion, and lean on steaming or light tempering. This version keeps the seasoning lighter while staying close to the Kerala original.",20 mins mobility work,Watch portion size and keep extras like fried sides or extra coconut oil to a minimum.
113,Kerala,Weight Loss,Snack,"Boiled Egg + Pepper (Boiled, Light Coconut)",178,13,18,6,4,Low,Low,Low,"Egg, Eggs","Eggs, Black Pepper, Curry Leaves, Salt",Non-Vegetarian,,"Keep the cooking oil minimal, serve a small portion, and lean on steaming or light tempering.",20 mins mobility work,Watch portion size and keep extras like fried sides or extra coconut oil to a minimum. Contains Eggs.
114,Kerala,Weight Loss,Snack,"Boiled Egg + Pepper (Dry-Roasted, High Fibre)",205,13,18,9,7,Low,Medium,Low,"Egg, Eggs","Eggs, Black Pepper, Curry Leaves, Salt",Non-Vegetarian,,"Keep the cooking oil minimal, serve a small portion, and lean on steaming or light tempering.",20 mins mobility work,Watch portion size and keep extras like fried sides or extra coconut oil to a minimum. Contains Eggs.
115,Kerala,Weight Loss,Snack,"Boiled Egg + Pepper (Griddled, Small Portion)",178,13,18,6,4,Low,Low,Low,"Egg, Eggs","Eggs, Black Pepper, Curry Leaves, Salt",Non-Vegetarian,,"Keep the cooking oil minimal, serve a small portion, and lean on steaming or light tempering.",20 mins mobility work,Watch portion size and keep extras like fried sides or extra coconut oil to a minimum. Contains Eggs.
116,Kerala,Weight Loss,Snack,"Chicken Pepper Fry (Air-Crisped, High Fibre)",230,17,18,10,7,Low,Medium,Low,Safe,"Chicken, Black Pepper, Curry Leaves, Shallots, Coconut Oil",Non-Vegetarian,Chicken,"Keep the cooking oil minimal, serve a small portion, and lean on steaming or light tempering.",20 mins mobility work,Watch portion size and keep extras like fried sides or extra coconut oil to a minimum.
117,Kerala,Weight Loss,Snack,"Chicken Pepper Fry (Slow-Simmered, Small Portion)",203,17,18,7,4,Low,Low,Low,Safe,"Chicken, Black Pepper, Curry Leaves, Shallots, Coconut Oil",Non-Vegetarian,Chicken,"Keep the cooking oil minimal, serve a small portion, and lean on steaming or light tempering.",20 mins mobility work,Watch portion size and keep extras like fried sides or extra coconut oil to a minimum.
118,Kerala,Weight Loss,Snack,"Chicken Soup (Boiled, High Fibre)",203,17,18,7,7,Low,Low,Low,Safe,"Chicken, Pepper, Ginger, Curry Leaves, Onion",Non-Vegetarian,Chicken,"Keep the cooking oil minimal, serve a small portion, and lean on steaming or light tempering.",20 mins mobility work,Watch portion size and keep extras like fried sides or extra coconut oil to a minimum.
119,Kerala,Weight Loss,Snack,"Chicken Soup (Steamed, Light Coconut)",203,17,18,7,4,Low,Medium,Low,Safe,"Chicken, Pepper, Ginger, Curry Leaves, Onion",Non-Vegetarian,Chicken,"Keep the cooking oil minimal, serve a small portion, and lean on steaming or light tempering.",20 mins mobility work,Watch portion size and keep extras like fried sides or extra coconut oil to a minimum.
120,Kerala,Weight Loss,Snack,"Egg White Roast (Dry-Roasted, Light Coconut)",178,13,18,6,4,Low,Medium,Low,"Egg, Eggs","Egg Whites, Onion, Tomato, Black Pepper, Curry Leaves",Non-Vegetarian,,"Keep the cooking oil minimal, serve a small portion, and lean on steaming or light tempering.",20 mins mobility work,Watch portion size and keep extras like fried sides or extra coconut oil to a minimum. Contains Eggs.
121,Kerala,Weight Loss,Snack,"Egg White Roast (Griddled, High Fibre)",178,13,18,6,7,Low,Low,Low,"Egg, Eggs","Egg Whites, Onion, Tomato, Black Pepper, Curry Leaves",Non-Vegetarian,,"Keep the cooking oil minimal, serve a small portion, and lean on steaming or light tempering.",20 mins mobility work,Watch portion size and keep extras like fried sides or extra coconut oil to a minimum. Contains Eggs.
122,Kerala,Weight Loss,Snack,"Egg White Roast (Lightly Cooked, Small Portion)",178,13,18,6,4,Low,Medium,Low,"Egg, Eggs","Egg Whites, Onion, Tomato, Black Pepper, Curry Leaves",Non-Vegetarian,,"Keep the cooking oil minimal, serve a small portion, and lean on steaming or light tempering.",20 mins mobility work,Watch portion size and keep extras like fried sides or extra coconut oil to a minimum. Contains Eggs.
123,Kerala,Weight Loss,Snack,"Fish Fry (Tawa Roasted) (Air-Crisped, Small Portion)",177,15,18,5,4,Low,Medium,Low,Fish,"Fish, Pepper, Lemon, Curry Leaves, Coconut Oil",Non-Vegetarian,Fish,"Keep the cooking oil minimal, serve a small portion, and lean on steaming or light tempering.",20 mins mobility work,Watch portion size and keep extras like fried sides or extra coconut oil to a minimum. Contains Fish.
124,Kerala,Weight Loss,Snack,"Fish Fry (Tawa Roasted) (Pan-Cooked, High Fibre)",175,15,18,8,7,Low,Low,Low,Fish,"Fish, Pepper, Lemon, Curry Leaves, Coconut Oil",Non-Vegetarian,Fish,"Keep the cooking oil minimal, serve a small portion, and lean on steaming or light tempering.",20 mins mobility work,Watch portion size and keep extras like fried sides or extra coconut oil to a minimum. Contains Fish.
125,Kerala,Weight Loss,Snack,"Grilled Fish Bites (Lightly Cooked, High Fibre)",177,15,18,5,7,Low,Medium,Low,Fish,"Fish, Lemon, Pepper, Curry Leaves, Coconut Oil",Non-Vegetarian,Fish,"Keep the cooking oil minimal, serve a small portion, and lean on steaming or light tempering.",20 mins mobility work,Watch portion size and keep extras like fried sides or extra coconut oil to a minimum. Contains Fish.
126,Kerala,Weight Loss,Snack,"Grilled Fish Bites (Pan-Cooked, Small Portion)",177,15,18,5,4,Low,Low,Low,Fish,"Fish, Lemon, Pepper, Curry Leaves, Coconut Oil",Non-Vegetarian,Fish,"Keep the cooking oil minimal, serve a small portion, and lean on steaming or light tempering.",20 mins mobility work,Watch portion size and keep extras like fried sides or extra coconut oil to a minimum. Contains Fish.
127,Kerala,Weight Loss,Snack,"Steamed Prawns (Slow-Simmered, High Fibre)",150,14,18,5,7,Low,Low,Low,"Fish, Shellfish","Prawns, Lemon, Pepper, Curry Leaves",Non-Vegetarian,Seafood,"Keep the cooking oil minimal, serve a small portion, and lean on steaming or light tempering.",20 mins mobility work,Watch portion size and keep extras like fried sides or extra coconut oil to a minimum. Contains Shellfish.
128,Kerala,Weight Loss,Snack,"Steamed Prawns (Steamed, High Fibre)",150,14,18,5,7,Low,Medium,Low,"Fish, Shellfish","Prawns, Lemon, Pepper, Curry Leaves",Non-Vegetarian,Seafood,"Keep the cooking oil minimal, serve a small portion, and lean on steaming or light tempering.",20 mins mobility work,Watch portion size and keep extras like fried sides or extra coconut oil to a minimum. Contains Shellfish.
129,Kerala,Weight Loss,Snack,"Cherupayar Sundal (Boiled, No Ghee)",135,9,21,2,7,Low,Low,Low,Mustard,"Green Gram, Coconut, Curry Leaves, Mustard Seeds",Vegan,,"Keep the cooking oil minimal, serve a small portion, and lean on steaming or light tempering.",20 mins mobility work,Watch portion size and keep extras like fried sides or extra coconut oil to a minimum.
130,Kerala,Weight Loss,Snack,"Cherupayar Sundal (Griddled, Light Coconut)",135,9,21,2,7,Low,Low,Low,Mustard,"Green Gram, Coconut, Curry Leaves, Mustard Seeds",Vegan,,"Keep the cooking oil minimal, serve a small portion, and lean on steaming or light tempering.",20 mins mobility work,Watch portion size and keep extras like fried sides or extra coconut oil to a minimum.
131,Kerala,Weight Loss,Snack,"Cherupayar Sundal (Slow-Simmered, No Ghee)",135,9,21,2,7,Low,Low,Low,Mustard,"Green Gram, Coconut, Curry Leaves, Mustard Seeds",Vegan,,"Keep the cooking oil minimal, serve a small portion, and lean on steaming or light tempering.",20 mins mobility work,Watch portion size and keep extras like fried sides or extra coconut oil to a minimum.
132,Kerala,Weight Loss,Snack,"Cucumber Salad (Boiled, With Greens)",73,4,12,1,7,Low,Low,Low,Safe,"Cucumber, Onion, Lemon, Curry Leaves",Vegan,,"Keep the cooking oil minimal, serve a small portion, and lean on steaming or light tempering.",20 mins mobility work,Watch portion size and keep extras like fried sides or extra coconut oil to a minimum.
133,Kerala,Weight Loss,Snack,"Cucumber Salad (Griddled, No Ghee)",73,4,12,1,4,Low,Low,Low,Safe,"Cucumber, Onion, Lemon, Curry Leaves",Vegan,,"Keep the cooking oil minimal, serve a small portion, and lean on steaming or light tempering.",20 mins mobility work,Watch portion size and keep extras like fried sides or extra coconut oil to a minimum.
134,Kerala,Weight Loss,Snack,"Cucumber Salad (Pan-Cooked, Light Coconut)",73,4,12,1,4,Low,Low,Medium,Safe,"Cucumber, Onion, Lemon, Curry Leaves",Vegan,,"Keep the cooking oil minimal, serve a small portion, and lean on steaming or light tempering.",20 mins mobility work,Watch portion size and keep extras like fried sides or extra coconut oil to a minimum.
135,Kerala,Weight Loss,Snack,"Kadala Sundal (Dry-Roasted, No Ghee)",135,9,21,2,7,Low,Medium,Low,Mustard,"Black Chickpeas, Coconut, Curry Leaves, Mustard Seeds",Vegan,,"Keep the cooking oil minimal, serve a small portion, and lean on steaming or light tempering.",20 mins mobility work,Watch portion size and keep extras like fried sides or extra coconut oil to a minimum.
136,Kerala,Weight Loss,Snack,"Kadala Sundal (Lightly Cooked, Light Coconut)",135,9,21,2,7,Low,Medium,Low,Mustard,"Black Chickpeas, Coconut, Curry Leaves, Mustard Seeds",Vegan,,"Keep the cooking oil minimal, serve a small portion, and lean on steaming or light tempering.",20 mins mobility work,Watch portion size and keep extras like fried sides or extra coconut oil to a minimum.
137,Kerala,Weight Loss,Snack,"Kadala Sundal (Steamed, With Greens)",135,9,21,2,10,Low,Medium,Low,Mustard,"Black Chickpeas, Coconut, Curry Leaves, Mustard Seeds",Vegan,,"Keep the cooking oil minimal, serve a small portion, and lean on steaming or light tempering.",20 mins mobility work,Watch portion size and keep extras like fried sides or extra coconut oil to a minimum.
138,Kerala,Weight Loss,Snack,"Roasted Peanuts (Air-Crisped, Light Coconut)",73,4,12,1,4,Low,Medium,Low,"Peanut, Peanuts","Peanuts, Curry Leaves, Salt",Vegan,,"Keep the cooking oil minimal, serve a small portion, and lean on steaming or light tempering.",20 mins mobility work,Watch portion size and keep extras like fried sides or extra coconut oil to a minimum. Contains Peanuts.
139,Kerala,Weight Loss,Snack,"Roasted Peanuts (Dry-Roasted, With Greens)",82,4,12,2,7,Low,Medium,Low,"Peanut, Peanuts","Peanuts, Curry Leaves, Salt",Vegan,,"Keep the cooking oil minimal, serve a small portion, and lean on steaming or light tempering.",20 mins mobility work,Watch portion size and keep extras like fried sides or extra coconut oil to a minimum. Contains Peanuts.
140,Kerala,Weight Loss,Snack,"Roasted Peanuts (Lightly Cooked, No Ghee)",73,4,12,1,4,Low,Medium,Low,"Peanut, Peanuts","Peanuts, Curry Leaves, Salt",Vegan,,"Keep the cooking oil minimal, serve a small portion, and lean on steaming or light tempering.",20 mins mobility work,Watch portion size and keep extras like fried sides or extra coconut oil to a minimum. Contains Peanuts.
141,Kerala,Weight Loss,Snack,"Tender Coconut (Air-Crisped, No Ghee)",73,4,12,1,4,Low,Medium,Low,Safe,"Tender Coconut Water, Tender Coconut Flesh",Vegan,,"Keep the cooking oil minimal, serve a small portion, and lean on steaming or light tempering.",20 mins mobility work,Watch portion size and keep extras like fried sides or extra coconut oil to a minimum.
142,Kerala,Weight Loss,Snack,"Tender Coconut (Steamed, No Ghee)",73,4,12,1,4,Low,Medium,Low,Safe,"Tender Coconut Water, Tender Coconut Flesh",Vegan,,"Keep the cooking oil minimal, serve a small portion, and lean on steaming or light tempering.",20 mins mobility work,Watch portion size and keep extras like fried sides or extra coconut oil to a minimum.
143,Kerala,Weight Loss,Snack,"Vishu Katta + Vegetable Curry (Pan-Cooked, No Ghee)",125,6,22,1,5,High,Low,Low,Safe,"Rice Flour, Cumin, Vegetables, Curry Leaves",Vegan,,"Keep the cooking oil minimal, serve a small portion, and lean on steaming or light tempering.",20 mins mobility work,Watch portion size and keep extras like fried sides or extra coconut oil to a minimum.
144,Kerala,Weight Loss,Snack,"Vishu Katta + Vegetable Curry (Slow-Simmered, Light Coconut)",125,6,22,1,5,High,Low,Low,Safe,"Rice Flour, Cumin, Vegetables, Curry Leaves",Vegan,,"Keep the cooking oil minimal, serve a small portion, and lean on steaming or light tempering.",20 mins mobility work,Watch portion size and keep extras like fried sides or extra coconut oil to a minimum.
145,Kerala,Weight Loss,Dinner,"Dosa + Sambar (Dry-Roasted, No Oil)",275,15,39,4,7,High,Medium,Low,Safe,"Rice, Urad Dal, Toor Dal, Mixed Vegetables",Vegetarian,,"Keep the cooking oil minimal, serve a small portion, and lean on steaming or light tempering. This version keeps the seasoning lighter while staying close to the Kerala original.",30 mins easy walk,Watch portion size and keep extras like fried sides or extra coconut oil to a minimum.
146,Kerala,Weight Loss,Dinner,"Idiyappam + Cherupayar Curry (Steamed, No Oil)",285,18,38,5,9,High,Medium,Low,Safe,"Rice Flour, Green Gram, Coconut, Curry Leaves",Vegetarian,,"Keep the cooking oil minimal, serve a small portion, and lean on steaming or light tempering. This version keeps the seasoning lighter while staying close to the Kerala original.",30 mins easy walk,Watch portion size and keep extras like fried sides or extra coconut oil to a minimum.
147,Kerala,Weight Loss,Dinner,Idiyappam + Veg Stew,300,15,45,6,8,Medium,Medium,Low,Safe,"Rice Flour, Mixed Vegetables",Vegetarian,,Steam idiyappam; load stew with veggies.,45 mins cardio,Ensure adequate hydration
148,Kerala,Weight Loss,Dinner,"Idli + Sambar (Griddled, With Greens)",285,18,38,5,12,High,Low,Medium,Safe,"Rice, Urad Dal, Toor Dal, Mixed Vegetables",Vegetarian,,"Keep the cooking oil minimal, serve a small portion, and lean on steaming or light tempering.",30 mins easy walk,Watch portion size and keep extras like fried sides or extra coconut oil to a minimum.
149,Kerala,Weight Loss,Dinner,Kanji + Payar + Chammanthi,300,15,45,6,8,High,Medium,Low,Gluten,"Matta Rice, Green Gram, Coconut",Vegetarian,,Serve rice gruel with boiled green gram; minimal coconut in chammanthi.,45 mins cardio,Ensure adequate hydration
150,Kerala,Weight Loss,Dinner,"Matta Rice + Koottu Curry (Lightly Cooked, No Oil)",211,15,31,3,9,High,Medium,Low,Gluten,"Matta Rice, Yam, Plantain, Black Chickpeas, Coconut",Vegetarian,,"Keep the cooking oil minimal, serve a small portion, and lean on steaming or light tempering. This version keeps the seasoning lighter while staying close to the Kerala original.",30 mins easy walk,Watch portion size and keep extras like fried sides or extra coconut oil to a minimum.
151,Kerala,Weight Loss,Dinner,"Matta Rice + Parippu Curry (Griddled, No Oil)",287,17,41,5,8,High,Low,Low,Gluten,"Matta Rice, Toor Dal, Coconut, Curry Leaves",Vegetarian,,"Keep the cooking oil minimal, serve a small portion, and lean on steaming or light tempering. This version keeps the seasoning lighter while staying close to the Kerala original.",30 mins easy walk,Watch portion size and keep extras like fried sides or extra coconut oil to a minimum.
152,Kerala,Weight Loss,Dinner,"Matta Rice + Sambar (Pan-Cooked, With Greens)",312,17,41,8,11,High,Low,Low,Gluten,"Matta Rice, Toor Dal, Mixed Vegetables, Tamarind",Vegetarian,,"Keep the cooking oil minimal, serve a small portion, and lean on steaming or light tempering.",30 mins easy walk,Watch portion size and keep extras like fried sides or extra coconut oil to a minimum.
153,Kerala,Weight Loss,Dinner,"Olan (Pan-Cooked, No Oil)",211,15,31,3,9,Low,Low,Low,Dairy,"Ash Gourd, Black Eyed Peas, Coconut Milk, Green Chillies",Vegetarian,,"Keep the cooking oil minimal, serve a small portion, and lean on steaming or light tempering. This version keeps the seasoning lighter while staying close to the Kerala original.",30 mins easy walk,Watch portion size and keep extras like fried sides or extra coconut oil to a minimum.
154,Kerala,Weight Loss,Dinner,"Pathiri + Kadala Curry (Boiled, No Oil)",275,15,39,4,7,High,Low,Low,Safe,"Rice Flour, Black Chickpeas, Onion, Ginger, Coconut",Vegetarian,,"Keep the cooking oil minimal, serve a small portion, and lean on steaming or light tempering. This version keeps the seasoning lighter while staying close to the Kerala original.",30 mins easy walk,Watch portion size and keep extras like fried sides or extra coconut oil to a minimum.
155,Kerala,Weight Loss,Dinner,"Peppered Kanji + Cherupayar Curry (Air-Crisped, With Greens)",300,15,39,7,10,High,Medium,Medium,Safe,"Rice, Pepper, Green Gram, Curry Leaves",Vegetarian,,"Keep the cooking oil minimal, serve a small portion, and lean on steaming or light tempering.",30 mins easy walk,Watch portion size and keep extras like fried sides or extra coconut oil to a minimum.
156,Kerala,Weight Loss,Dinner,Puttu + Cherupayar,300,15,45,6,8,Medium,Medium,Low,Safe,"Rice Flour, Green Gram",Vegetarian,,Steam puttu; boil green gram.,45 mins cardio,Ensure adequate hydration
157,Kerala,Weight Loss,Dinner,"Puttu + Kadala Curry (Slow-Simmered, With Greens)",285,18,38,5,12,High,Low,Low,Safe,"Rice Flour, Black Chickpeas, Coconut, Curry Leaves",Vegetarian,,"Keep the cooking oil minimal, serve a small portion, and lean on steaming or light tempering.",30 mins easy walk,Watch portion size and keep extras like fried sides or extra coconut oil to a minimum.
158,Kerala,Weight Loss,Dinner,Ragi Dosa + Sambar,300,15,45,6,8,Low,Medium,Low,Safe,"Finger Millet, Toor Dal",Vegetarian,,Make dosa crisp without oil; load sambar with gourds.,45 mins cardio,Ensure adequate hydration
159,Kerala,Weight Loss,Dinner,"Ragi Puttu + Cherupayar Curry (Lightly Cooked, With Greens)",275,15,39,4,10,Low,Medium,Low,Safe,"Finger Millet, Green Gram, Coconut, Curry Leaves",Vegetarian,,"Keep the cooking oil minimal, serve a small portion, and lean on steaming or light tempering.",30 mins easy walk,Watch portion size and keep extras like fried sides or extra coconut oil to a minimum.
160,Kerala,Weight Loss,Dinner,Wheat Dosa + Onion Chutney,300,15,45,6,8,Medium,Medium,Low,Gluten,"Wheat Flour, Onion",Vegetarian,,Cook dosa without oil.,45 mins cardio,Ensure adequate hydration
161,Kerala,Weight Loss,Dinner,"Appam + Chicken Stew (Steamed, Minimal Oil)",305,26,35,10,6,Medium,Medium,Low,Dairy,"Rice Flour, Chicken, Coconut Milk, Onion, Pepper",Non-Vegetarian,Chicken,"Keep the cooking oil minimal, serve a small portion, and lean on steaming or light tempering. This version keeps the seasoning lighter while staying close to the Kerala original.",30 mins easy walk,Watch portion size and keep extras like fried sides or extra coconut oil to a minimum. Contains Dairy.
162,Kerala,Weight Loss,Dinner,Appam + Fish Curry (No coconut),300,15,45,6,8,Medium,Medium,Low,Fish,"Rice Flour, Fish, Tamarind",Non-Vegetarian,fish,Cook fish in red chilli and tamarind broth.,45 mins cardio,Ensure adequate hydration
163,Kerala,Weight Loss,Dinner,"Appam + Fish Moilee (Boiled, Minimal Oil)",300,24,35,8,6,Medium,Low,Low,"Dairy, Fish","Rice Flour, Fish, Coconut Milk, Green Chilli, Curry Leaves",Non-Vegetarian,Fish,"Keep the cooking oil minimal, serve a small portion, and lean on steaming or light tempering. This version keeps the seasoning lighter while staying close to the Kerala original.",30 mins easy walk,"Watch portion size and keep extras like fried sides or extra coconut oil to a minimum. Contains Fish, Dairy."
164,Kerala,Weight Loss,Dinner,"Chicken Pepper Fry (Air-Crisped, No Oil)",305,26,35,10,6,Medium,Medium,Low,Safe,"Chicken, Black Pepper, Curry Leaves, Shallots, Coconut Oil",Non-Vegetarian,Chicken,"Keep the cooking oil minimal, serve a small portion, and lean on steaming or light tempering. This version keeps the seasoning lighter while staying close to the Kerala original.",30 mins easy walk,Watch portion size and keep extras like fried sides or extra coconut oil to a minimum.
165,Kerala,Weight Loss,Dinner,"Chicken Soup (Slow-Simmered, No Oil)",305,26,35,10,6,Medium,Low,Low,Safe,"Chicken, Pepper, Ginger, Curry Leaves, Onion",Non-Vegetarian,Chicken,"Keep the cooking oil minimal, serve a small portion, and lean on steaming or light tempering. This version keeps the seasoning lighter while staying close to the Kerala original.",30 mins easy walk,Watch portion size and keep extras like fried sides or extra coconut oil to a minimum.
166,Kerala,Weight Loss,Dinner,"Idiyappam + Chicken Curry (Griddled, Minimal Oil)",305,26,35,10,6,Medium,Low,Low,Safe,"Rice Flour, Chicken, Onion, Ginger, Coconut",Non-Vegetarian,Chicken,"Keep the cooking oil minimal, serve a small portion, and lean on steaming or light tempering. This version keeps the seasoning lighter while staying close to the Kerala original.",30 mins easy walk,Watch portion size and keep extras like fried sides or extra coconut oil to a minimum.
167,Kerala,Weight Loss,Dinner,"Idiyappam + Egg Roast (Dry-Roasted, Minimal Oil)",295,22,35,9,6,Medium,Medium,Low,"Egg, Eggs","Rice Flour, Eggs, Onion, Tomato, Coconut Oil",Non-Vegetarian,,"Keep the cooking oil minimal, serve a small portion, and lean on steaming or light tempering. This version keeps the seasoning lighter while staying close to the Kerala original.",30 mins easy walk,Watch portion size and keep extras like fried sides or extra coconut oil to a minimum. Contains Eggs.
168,Kerala,Weight Loss,Dinner,"Kalappam + Chicken Curry (Slow-Simmered, Minimal Oil)",305,26,35,10,6,Medium,Low,Low,Safe,"Rice Flour, Coconut, Chicken, Curry Leaves, Onion",Non-Vegetarian,Chicken,"Keep the cooking oil minimal, serve a small portion, and lean on steaming or light tempering. This version keeps the seasoning lighter while staying close to the Kerala original.",30 mins easy walk,Watch portion size and keep extras like fried sides or extra coconut oil to a minimum.
169,Kerala,Weight Loss,Dinner,"Kappa Puzhukku + Fish Curry (Boiled, Low Salt)",300,24,35,8,6,Medium,Low,Low,Fish,"Tapioca, Fish, Coconut, Curry Leaves, Tamarind",Non-Vegetarian,Fish,"Keep the cooking oil minimal, serve a small portion, and lean on steaming or light tempering. This version keeps the seasoning lighter while staying close to the Kerala original.",30 mins easy walk,Watch portion size and keep extras like fried sides or extra coconut oil to a minimum. Contains Fish.
170,Kerala,Weight Loss,Dinner,"Pathiri + Chicken Curry (Air-Crisped, Minimal Oil)",305,26,35,10,6,Medium,Medium,Low,Safe,"Rice Flour, Chicken, Onion, Ginger, Coconut",Non-Vegetarian,Chicken,"Keep the cooking oil minimal, serve a small portion, and lean on steaming or light tempering. This version keeps the seasoning lighter while staying close to the Kerala original.",30 mins easy walk,Watch portion size and keep extras like fried sides or extra coconut oil to a minimum.
171,Kerala,Weight Loss,Dinner,"Puttu + Chicken Curry (Griddled, Low Salt)",305,26,35,10,6,Medium,Low,Low,Safe,"Rice Flour, Chicken, Onion, Ginger, Curry Leaves",Non-Vegetarian,Chicken,"Keep the cooking oil minimal, serve a small portion, and lean on steaming or light tempering. This version keeps the seasoning lighter while staying close to the Kerala original.",30 mins easy walk,Watch portion size and keep extras like fried sides or extra coconut oil to a minimum.
172,Kerala,Weight Loss,Dinner,"Puttu + Egg Curry (Pan-Cooked, Minimal Oil)",295,22,35,9,6,Medium,Low,Low,"Egg, Eggs","Rice Flour, Eggs, Onion, Tomato, Coconut",Non-Vegetarian,,"Keep the cooking oil minimal, serve a small portion, and lean on steaming or light tempering. This version keeps the seasoning lighter while staying close to the Kerala original.",30 mins easy walk,Watch portion size and keep extras like fried sides or extra coconut oil to a minimum. Contains Eggs.
173,Kerala,Weight Loss,Dinner,"Puttu + Fish Curry (Lightly Cooked, Minimal Oil)",300,24,35,8,6,Medium,Medium,Low,Fish,"Rice Flour, Fish, Coconut, Tamarind, Curry Leaves",Non-Vegetarian,Fish,"Keep the cooking oil minimal, serve a small portion, and lean on steaming or light tempering. This version keeps the seasoning lighter while staying close to the Kerala original.",30 mins easy walk,Watch portion size and keep extras like fried sides or extra coconut oil to a minimum. Contains Fish.
174,Kerala,Weight Loss,Dinner,"Uppumavu + Egg Roast (Dry-Roasted, Low Salt)",295,22,35,9,6,Medium,Low,Low,"Egg, Eggs, Gluten","Semolina, Eggs, Onion, Curry Leaves",Non-Vegetarian,,"Keep the cooking oil minimal, serve a small portion, and lean on steaming or light tempering. This version keeps the seasoning lighter while staying close to the Kerala original.",30 mins easy walk,"Watch portion size and keep extras like fried sides or extra coconut oil to a minimum. Contains Eggs, Gluten."
175,Kerala,Weight Loss,Dinner,"Wheat Dosa + Fish Curry (Steamed, Low Salt)",300,24,35,8,6,Medium,Low,Low,"Fish, Gluten","Wheat Flour, Fish, Onion, Tamarind, Curry Leaves",Non-Vegetarian,Fish,"Keep the cooking oil minimal, serve a small portion, and lean on steaming or light tempering. This version keeps the seasoning lighter while staying close to the Kerala original.",30 mins easy walk,"Watch portion size and keep extras like fried sides or extra coconut oil to a minimum. Contains Fish, Gluten."
176,Kerala,Weight Loss,Dinner,Wheat Pathiri + Chicken Stew,300,15,45,6,8,Medium,Medium,Low,Gluten,"Wheat Flour, Lean Chicken",Non-Vegetarian,chicken,Dry roast pathiri; use thin coconut milk for stew.,45 mins cardio,Ensure adequate hydration
177,Kerala,Weight Loss,Dinner,"Dosa + Sambar (Griddled, Small Portion)",275,15,39,4,7,High,Medium,Low,Safe,"Rice, Urad Dal, Toor Dal, Mixed Vegetables",Vegan,,"Keep the cooking oil minimal, serve a small portion, and lean on steaming or light tempering.",30 mins easy walk,Watch portion size and keep extras like fried sides or extra coconut oil to a minimum.
178,Kerala,Weight Loss,Dinner,"Idiyappam + Cherupayar Curry (Boiled, Small Portion)",285,18,38,5,9,High,Medium,Low,Safe,"Rice Flour, Green Gram, Coconut, Curry Leaves",Vegan,,"Keep the cooking oil minimal, serve a small portion, and lean on steaming or light tempering.",30 mins easy walk,Watch portion size and keep extras like fried sides or extra coconut oil to a minimum.
179,Kerala,Weight Loss,Dinner,"Idli + Sambar (Lightly Cooked, Low Salt)",285,18,38,5,9,High,Low,Medium,Safe,"Rice, Urad Dal, Toor Dal, Mixed Vegetables",Vegan,,"Keep the cooking oil minimal, serve a small portion, and lean on steaming or light tempering. This version keeps the seasoning lighter while staying close to the Kerala original.",30 mins easy walk,Watch portion size and keep extras like fried sides or extra coconut oil to a minimum.
180,Kerala,Weight Loss,Dinner,"Kappa Puzhukku + Kadala Curry (Griddled, High Fibre)",290,16,43,6,11,Low,Medium,Medium,Safe,"Tapioca, Black Chickpeas, Coconut, Curry Leaves",Vegan,,"Keep the cooking oil minimal, serve a small portion, and lean on steaming or light tempering.",30 mins easy walk,Watch portion size and keep extras like fried sides or extra coconut oil to a minimum.
181,Kerala,Weight Loss,Dinner,"Matta Rice + Koottu Curry (Pan-Cooked, Small Portion)",211,15,31,3,9,High,Medium,Medium,Gluten,"Matta Rice, Yam, Plantain, Black Chickpeas, Coconut",Vegan,,"Keep the cooking oil minimal, serve a small portion, and lean on steaming or light tempering.",30 mins easy walk,Watch portion size and keep extras like fried sides or extra coconut oil to a minimum.
182,Kerala,Weight Loss,Dinner,"Matta Rice + Parippu Curry (Lightly Cooked, Small Portion)",287,17,41,5,8,High,Low,Medium,Gluten,"Matta Rice, Toor Dal, Coconut, Curry Leaves",Vegan,,"Keep the cooking oil minimal, serve a small portion, and lean on steaming or light tempering.",30 mins easy walk,Watch portion size and keep extras like fried sides or extra coconut oil to a minimum.
183,Kerala,Weight Loss,Dinner,"Matta Rice + Sambar (Air-Crisped, Low Salt)",287,17,41,5,8,High,Low,Medium,Gluten,"Matta Rice, Toor Dal, Mixed Vegetables, Tamarind",Vegan,,"Keep the cooking oil minimal, serve a small portion, and lean on steaming or light tempering. This version keeps the seasoning lighter while staying close to the Kerala original.",30 mins easy walk,Watch portion size and keep extras like fried sides or extra coconut oil to a minimum.
184,Kerala,Weight Loss,Dinner,"Olan (Air-Crisped, Small Portion)",211,15,31,3,9,Low,Low,Low,Dairy,"Ash Gourd, Black Eyed Peas, Coconut Milk, Green Chillies",Vegan,,"Keep the cooking oil minimal, serve a small portion, and lean on steaming or light tempering.",30 mins easy walk,Watch portion size and keep extras like fried sides or extra coconut oil to a minimum.
185,Kerala,Weight Loss,Dinner,"Pathiri + Kadala Curry (Dry-Roasted, Small Portion)",275,15,39,4,7,High,Low,Medium,Safe,"Rice Flour, Black Chickpeas, Onion, Ginger, Coconut",Vegan,,"Keep the cooking oil minimal, serve a small portion, and lean on steaming or light tempering.",30 mins easy walk,Watch portion size and keep extras like fried sides or extra coconut oil to a minimum.
186,Kerala,Weight Loss,Dinner,"Peppered Kanji + Cherupayar Curry (Slow-Simmered, Low Salt)",275,15,39,4,7,High,Low,Medium,Safe,"Rice, Pepper, Green Gram, Curry Leaves",Vegan,,"Keep the cooking oil minimal, serve a small portion, and lean on steaming or light tempering. This version keeps the seasoning lighter while staying close to the Kerala original.",30 mins easy walk,Watch portion size and keep extras like fried sides or extra coconut oil to a minimum.
187,Kerala,Weight Loss,Dinner,"Puttu + Kadala Curry (Steamed, Small Portion)",285,18,38,5,9,High,Low,Low,Safe,"Rice Flour, Black Chickpeas, Coconut, Curry Leaves",Vegan,,"Keep the cooking oil minimal, serve a small portion, and lean on steaming or light tempering.",30 mins easy walk,Watch portion size and keep extras like fried sides or extra coconut oil to a minimum.
188,Kerala,Weight Loss,Dinner,"Ragi Puttu + Cherupayar Curry (Pan-Cooked, Low Salt)",275,15,39,4,7,Low,Low,Low,Safe,"Finger Millet, Green Gram, Coconut, Curry Leaves",Vegan,,"Keep the cooking oil minimal, serve a small portion, and lean on steaming or light tempering. This version keeps the seasoning lighter while staying close to the Kerala original.",30 mins easy walk,Watch portion size and keep extras like fried sides or extra coconut oil to a minimum.
189,Kerala,Weight Loss,Dinner,"Rice + Beetroot Thoran (Steamed, High Fibre)",211,15,31,3,12,High,Low,Low,Mustard,"Rice, Beetroot, Coconut, Curry Leaves, Mustard Seeds",Vegan,,"Keep the cooking oil minimal, serve a small portion, and lean on steaming or light tempering.",30 mins easy walk,Watch portion size and keep extras like fried sides or extra coconut oil to a minimum.
190,Kerala,Weight Loss,Dinner,"Rice + Cabbage Thoran (Boiled, High Fibre)",211,15,31,3,12,High,Medium,Low,Mustard,"Rice, Cabbage, Coconut, Curry Leaves, Mustard Seeds",Vegan,,"Keep the cooking oil minimal, serve a small portion, and lean on steaming or light tempering.",30 mins easy walk,Watch portion size and keep extras like fried sides or extra coconut oil to a minimum.
191,Kerala,Weight Loss,Dinner,"Rice + Drumstick Curry (Slow-Simmered, Small Portion)",211,15,31,3,9,High,Medium,Medium,Safe,"Rice, Drumstick, Tamarind, Coconut, Curry Leaves",Vegan,,"Keep the cooking oil minimal, serve a small portion, and lean on steaming or light tempering.",30 mins easy walk,Watch portion size and keep extras like fried sides or extra coconut oil to a minimum.
192,Kerala,Weight Loss,Dinner,"Rice + Vendakka Mezhukkupuratti (Dry-Roasted, High Fibre)",238,15,31,6,12,High,Low,Medium,Safe,"Rice, Okra, Shallots, Coconut Oil, Curry Leaves",Vegan,,"Keep the cooking oil minimal, serve a small portion, and lean on steaming or light tempering.",30 mins easy walk,Watch portion size and keep extras like fried sides or extra coconut oil to a minimum.
193,Kerala,Weight Gain,Breakfast,"Avalose Podi (Pan-Fried, With Ghee)",545,17,78,25,4,High,High,Medium,Safe,"Rice Flour, Coconut, Cumin, Jaggery",Vegetarian,,Prepare it in the richer traditional style and keep the portion generous enough to add calories. Stay with a sensible serving if you are watching overall intake.,45 mins strength training,"A fuller plate is fine, but keep digestion comfort in mind and spread large meals through the day."
194,Kerala,Weight Gain,Breakfast,"Avalose Unda (Slow-Cooked, With Coconut Milk)",515,17,72,21,4,High,High,Medium,Safe,"Rice Flour, Coconut, Jaggery, Cumin",Vegetarian,,Prepare it in the richer traditional style and keep the portion generous enough to add calories.,45 mins strength training,"A fuller plate is fine, but keep digestion comfort in mind and spread large meals through the day."
195,Kerala,Weight Gain,Breakfast,"Chakka Ada (Layered, With Coconut Milk)",515,17,72,21,4,High,High,Medium,Safe,"Jackfruit, Rice Flour, Jaggery, Coconut",Vegetarian,,Prepare it in the richer traditional style and keep the portion generous enough to add calories.,45 mins strength training,"A fuller plate is fine, but keep digestion comfort in mind and spread large meals through the day."
196,Kerala,Weight Gain,Breakfast,Ghee Dosa + Sambar,600,25,85,18,6,Medium,Medium,Medium,Dairy,"Rice, Urad Dal, Ghee, Toor Dal",Vegetarian,,Roast dosa in pure ghee.,45 mins strength training,Monitor lipid profile
197,Kerala,Weight Gain,Breakfast,"Idiyappam + Cherupayar Curry (Traditionally Prepared, With Ghee)",500,22,69,20,8,High,Medium,Medium,Safe,"Rice Flour, Green Gram, Coconut, Curry Leaves",Vegetarian,,Prepare it in the richer traditional style and keep the portion generous enough to add calories. Stay with a sensible serving if you are watching overall intake.,45 mins strength training,"A fuller plate is fine, but keep digestion comfort in mind and spread large meals through the day."
198,Kerala,Weight Gain,Breakfast,"Ilayada (Slow-Cooked, With Ghee)",545,17,78,25,4,High,High,Medium,Safe,"Rice Flour, Jaggery, Coconut, Banana Leaf",Vegetarian,,Prepare it in the richer traditional style and keep the portion generous enough to add calories. Stay with a sensible serving if you are watching overall intake.,45 mins strength training,"A fuller plate is fine, but keep digestion comfort in mind and spread large meals through the day."
199,Kerala,Weight Gain,Breakfast,"Kalappam + Kadala Curry (Hearty, With Coconut Milk)",490,17,70,19,6,Medium,Medium,Medium,Safe,"Rice Flour, Coconut, Black Chickpeas, Onion",Vegetarian,,Prepare it in the richer traditional style and keep the portion generous enough to add calories. Stay with a sensible serving if you are watching overall intake.,45 mins strength training,"A fuller plate is fine, but keep digestion comfort in mind and spread large meals through the day."
200,Kerala,Weight Gain,Breakfast,"Kappa Puzhukku + Kadala Curry (Rich, With Coconut Milk)",490,18,68,17,7,High,Medium,Medium,Safe,"Tapioca, Black Chickpeas, Coconut, Curry Leaves",Vegetarian,,Prepare it in the richer traditional style and keep the portion generous enough to add calories. Stay with a sensible serving if you are watching overall intake.,45 mins strength training,"A fuller plate is fine, but keep digestion comfort in mind and spread large meals through the day."
201,Kerala,Weight Gain,Breakfast,"Kozhukkatta (Rich, With Ghee)",545,17,78,25,4,High,High,Medium,Safe,"Rice Flour, Jaggery, Coconut",Vegetarian,,Prepare it in the richer traditional style and keep the portion generous enough to add calories. Stay with a sensible serving if you are watching overall intake.,45 mins strength training,"A fuller plate is fine, but keep digestion comfort in mind and spread large meals through the day."
202,Kerala,Weight Gain,Breakfast,"Pathiri + Kadala Curry (Golden-Fried, With Ghee)",490,17,70,19,6,High,Low,Medium,Safe,"Rice Flour, Black Chickpeas, Onion, Ginger, Coconut",Vegetarian,,Prepare it in the richer traditional style and keep the portion generous enough to add calories. Stay with a sensible serving if you are watching overall intake.,45 mins strength training,"A fuller plate is fine, but keep digestion comfort in mind and spread large meals through the day."
203,Kerala,Weight Gain,Breakfast,"Puttu + Kadala Curry (Layered, With Ghee)",500,22,69,20,8,Medium,High,Medium,Safe,"Rice Flour, Black Chickpeas, Coconut, Curry Leaves",Vegetarian,,Prepare it in the richer traditional style and keep the portion generous enough to add calories. Stay with a sensible serving if you are watching overall intake.,45 mins strength training,"A fuller plate is fine, but keep digestion comfort in mind and spread large meals through the day."
204,Kerala,Weight Gain,Breakfast,"Unnakaya (Traditionally Prepared, With Coconut Milk)",515,17,72,21,4,High,High,Medium,Safe,"Banana, Coconut, Jaggery, Cardamom",Vegetarian,,Prepare it in the richer traditional style and keep the portion generous enough to add calories.,45 mins strength training,"A fuller plate is fine, but keep digestion comfort in mind and spread large meals through the day."
205,Kerala,Weight Gain,Breakfast,"Unniyappam (Pan-Fried, With Coconut Milk)",515,17,72,21,4,High,High,High,Safe,"Rice Flour, Banana, Jaggery, Coconut",Vegetarian,,Prepare it in the richer traditional style and keep the portion generous enough to add calories.,45 mins strength training,"A fuller plate is fine, but keep digestion comfort in mind and spread large meals through the day."
206,Kerala,Weight Gain,Breakfast,Upma + Banana + Sugar,600,25,85,18,6,High,Medium,Medium,Gluten,"Semolina, Banana, Sugar",Vegetarian,,Roast rava in ghee; serve with sweet banana.,45 mins strength training,Monitor lipid profile
207,Kerala,Weight Gain,Breakfast,"Uzhunnu Vada (Oven-Finished, With Coconut Milk)",530,20,70,27,4,Low,High,High,Safe,"Urad Dal, Onion, Pepper, Curry Leaves",Vegetarian,,Prepare it in the richer traditional style and keep the portion generous enough to add calories.,45 mins strength training,"A fuller plate is fine, but keep digestion comfort in mind and spread large meals through the day."
208,Kerala,Weight Gain,Breakfast,"Vattayappam (Golden-Fried, With Coconut Milk)",515,17,72,21,4,High,High,Medium,Dairy,"Rice Flour, Coconut Milk, Jaggery, Cardamom",Vegetarian,,Prepare it in the richer traditional style and keep the portion generous enough to add calories.,45 mins strength training,"A fuller plate is fine, but keep digestion comfort in mind and spread large meals through the day."
209,Kerala,Weight Gain,Breakfast,"Appam + Chicken Stew (Golden-Fried, Full Portion)",535,30,66,25,5,High,High,Medium,Dairy,"Rice Flour, Chicken, Coconut Milk, Onion, Pepper",Non-Vegetarian,Chicken,Prepare it in the richer traditional style and keep the portion generous enough to add calories.,45 mins strength training,"A fuller plate is fine, but keep digestion comfort in mind and spread large meals through the day. Contains Dairy."
210,Kerala,Weight Gain,Breakfast,"Appam + Duck Roast (Pan-Fried, Full Portion)",654,30,66,30,4,Medium,High,High,Safe,"Rice Flour, Duck, Onion, Ginger, Pepper",Non-Vegetarian,Duck,Prepare it in the richer traditional style and keep the portion generous enough to add calories.,45 mins strength training,"A fuller plate is fine, but keep digestion comfort in mind and spread large meals through the day."
211,Kerala,Weight Gain,Breakfast,"Appam + Fish Moilee (Oven-Finished, Full Portion)",530,28,66,23,5,Medium,Medium,Medium,"Dairy, Fish","Rice Flour, Fish, Coconut Milk, Green Chilli, Curry Leaves",Non-Vegetarian,Fish,Prepare it in the richer traditional style and keep the portion generous enough to add calories.,45 mins strength training,"A fuller plate is fine, but keep digestion comfort in mind and spread large meals through the day. Contains Fish, Dairy."
212,Kerala,Weight Gain,Breakfast,Appam + Mutton Stew,600,25,85,18,6,Medium,Medium,Medium,Dairy,"Rice Flour, Mutton, Coconut Milk",Non-Vegetarian,mutton,Cook mutton in rich coconut milk.,45 mins strength training,Monitor lipid profile
213,Kerala,Weight Gain,Breakfast,"Appam + Mutton Stew (Oven-Finished, With Ghee)",667,31,66,31,4,Medium,High,High,Dairy,"Rice Flour, Mutton, Coconut Milk, Onion, Pepper",Non-Vegetarian,Mutton,Prepare it in the richer traditional style and keep the portion generous enough to add calories. Stay with a sensible serving if you are watching overall intake.,45 mins strength training,"A fuller plate is fine, but keep digestion comfort in mind and spread large meals through the day. Contains Dairy."
214,Kerala,Weight Gain,Breakfast,"Dosa + Double Egg Roast (Hearty, With Ghee)",510,26,66,24,5,Low,Medium,Medium,"Egg, Eggs","Rice, Urad Dal, Eggs, Onion, Tomato",Non-Vegetarian,,Prepare it in the richer traditional style and keep the portion generous enough to add calories. Stay with a sensible serving if you are watching overall intake.,45 mins strength training,"A fuller plate is fine, but keep digestion comfort in mind and spread large meals through the day. Contains Eggs."
215,Kerala,Weight Gain,Breakfast,"Idiyappam + Chicken Curry (Rich, Jaggery-Sweetened)",535,30,66,25,5,High,High,Medium,Safe,"Rice Flour, Chicken, Onion, Ginger, Coconut",Non-Vegetarian,Chicken,Prepare it in the richer traditional style and keep the portion generous enough to add calories. Stay with a sensible serving if you are watching overall intake.,45 mins strength training,"A fuller plate is fine, but keep digestion comfort in mind and spread large meals through the day."
216,Kerala,Weight Gain,Breakfast,"Idiyappam + Egg Roast (Hearty, Full Portion)",510,26,66,24,5,High,Medium,Medium,"Egg, Eggs","Rice Flour, Eggs, Onion, Tomato, Coconut Oil",Non-Vegetarian,,Prepare it in the richer traditional style and keep the portion generous enough to add calories. Stay with a sensible serving if you are watching overall intake.,45 mins strength training,"A fuller plate is fine, but keep digestion comfort in mind and spread large meals through the day. Contains Eggs."
217,Kerala,Weight Gain,Breakfast,Idiyappam + Egg Roast (Whole Eggs),600,25,85,18,6,Medium,Medium,High,"Egg, Eggs","Rice Flour, Eggs, Onion",Non-Vegetarian,,Use whole eggs and sauté onions well in oil.,45 mins strength training,Monitor lipid profile
218,Kerala,Weight Gain,Breakfast,"Idiyappam + Mutton Stew (Slow-Cooked, Full Portion)",667,31,66,31,4,Medium,High,High,Dairy,"Rice Flour, Mutton, Coconut Milk, Onion, Pepper",Non-Vegetarian,Mutton,Prepare it in the richer traditional style and keep the portion generous enough to add calories.,45 mins strength training,"A fuller plate is fine, but keep digestion comfort in mind and spread large meals through the day. Contains Dairy."
219,Kerala,Weight Gain,Breakfast,"Kappa + Egg Roast (Traditionally Prepared, Full Portion)",510,26,66,24,5,High,Low,Medium,"Egg, Eggs","Tapioca, Eggs, Onion, Tomato, Coconut Oil",Non-Vegetarian,,Prepare it in the richer traditional style and keep the portion generous enough to add calories.,45 mins strength training,"A fuller plate is fine, but keep digestion comfort in mind and spread large meals through the day. Contains Eggs."
220,Kerala,Weight Gain,Breakfast,"Kappa Puzhukku + Fish Curry (Rich, Full Portion)",530,28,66,23,5,High,High,Medium,Fish,"Tapioca, Fish, Coconut, Curry Leaves, Tamarind",Non-Vegetarian,Fish,Prepare it in the richer traditional style and keep the portion generous enough to add calories. Stay with a sensible serving if you are watching overall intake.,45 mins strength training,"A fuller plate is fine, but keep digestion comfort in mind and spread large meals through the day. Contains Fish."
221,Kerala,Weight Gain,Breakfast,"Pathiri + Beef Fry (Layered, Full Portion)",667,31,66,31,4,Medium,High,High,Safe,"Rice Flour, Beef, Onion, Curry Leaves, Coconut Oil",Non-Vegetarian,Beef,Prepare it in the richer traditional style and keep the portion generous enough to add calories.,45 mins strength training,"A fuller plate is fine, but keep digestion comfort in mind and spread large meals through the day."
222,Kerala,Weight Gain,Breakfast,Porotta + Chicken Curry,600,25,85,18,6,High,Medium,Medium,Gluten,"Maida, Chicken, Coconut",Non-Vegetarian,chicken,Serve layered porotta with rich chicken curry.,45 mins strength training,Monitor lipid profile
223,Kerala,Weight Gain,Breakfast,Puttu + Beef Roast,600,25,85,18,6,Medium,Medium,Medium,Safe,"Rice Flour, Beef, Coconut",Non-Vegetarian,beef,Layer puttu with coconut; roast beef with spices.,45 mins strength training,Monitor lipid profile
224,Kerala,Weight Gain,Breakfast,Vellayappam + Beef Fry,600,25,85,18,6,Medium,Medium,Medium,Safe,"Rice Flour, Beef, Coconut Oil",Non-Vegetarian,beef,Deep fry beef pieces in coconut oil.,45 mins strength training,Monitor lipid profile
225,Kerala,Weight Gain,Breakfast,"Avalose Podi (Slow-Cooked, Extra Rice)",545,17,78,25,4,High,High,Medium,Safe,"Rice Flour, Coconut, Cumin, Jaggery",Vegan,,Prepare it in the richer traditional style and keep the portion generous enough to add calories.,45 mins strength training,"A fuller plate is fine, but keep digestion comfort in mind and spread large meals through the day."
226,Kerala,Weight Gain,Breakfast,"Avalose Unda (Layered, Jaggery-Sweetened)",545,17,78,25,4,High,High,Medium,Safe,"Rice Flour, Coconut, Jaggery, Cumin",Vegan,,Prepare it in the richer traditional style and keep the portion generous enough to add calories.,45 mins strength training,"A fuller plate is fine, but keep digestion comfort in mind and spread large meals through the day."
227,Kerala,Weight Gain,Breakfast,"Chakka Ada (Traditionally Prepared, Jaggery-Sweetened)",545,17,78,25,4,High,High,Medium,Safe,"Jackfruit, Rice Flour, Jaggery, Coconut",Vegan,,Prepare it in the richer traditional style and keep the portion generous enough to add calories.,45 mins strength training,"A fuller plate is fine, but keep digestion comfort in mind and spread large meals through the day."
228,Kerala,Weight Gain,Breakfast,"Dosa + Sambar (Rich, Extra Banana)",490,17,70,19,6,Medium,Medium,Medium,Safe,"Rice, Urad Dal, Toor Dal, Mixed Vegetables",Vegan,,Prepare it in the richer traditional style and keep the portion generous enough to add calories. Stay with a sensible serving if you are watching overall intake.,45 mins strength training,"A fuller plate is fine, but keep digestion comfort in mind and spread large meals through the day."
229,Kerala,Weight Gain,Breakfast,"Idiyappam + Cherupayar Curry (Golden-Fried, Extra Rice)",500,22,69,20,8,Medium,High,Medium,Safe,"Rice Flour, Green Gram, Coconut, Curry Leaves",Vegan,,Prepare it in the richer traditional style and keep the portion generous enough to add calories.,45 mins strength training,"A fuller plate is fine, but keep digestion comfort in mind and spread large meals through the day."
230,Kerala,Weight Gain,Breakfast,"Idli + Sambar (Hearty, Extra Rice)",500,22,69,20,8,Low,High,Medium,Safe,"Rice, Urad Dal, Toor Dal, Mixed Vegetables",Vegan,,Prepare it in the richer traditional style and keep the portion generous enough to add calories. Stay with a sensible serving if you are watching overall intake.,45 mins strength training,"A fuller plate is fine, but keep digestion comfort in mind and spread large meals through the day."
231,Kerala,Weight Gain,Breakfast,"Ilayada (Layered, Extra Rice)",545,17,78,25,4,High,High,Medium,Safe,"Rice Flour, Jaggery, Coconut, Banana Leaf",Vegan,,Prepare it in the richer traditional style and keep the portion generous enough to add calories.,45 mins strength training,"A fuller plate is fine, but keep digestion comfort in mind and spread large meals through the day."
232,Kerala,Weight Gain,Breakfast,"Kalappam + Kadala Curry (Rich, Extra Rice)",490,17,70,19,6,Medium,Medium,Medium,Safe,"Rice Flour, Coconut, Black Chickpeas, Onion",Vegan,,Prepare it in the richer traditional style and keep the portion generous enough to add calories. Stay with a sensible serving if you are watching overall intake.,45 mins strength training,"A fuller plate is fine, but keep digestion comfort in mind and spread large meals through the day."
233,Kerala,Weight Gain,Breakfast,"Kappa Puzhukku + Kadala Curry (Pan-Fried, Jaggery-Sweetened)",520,18,74,21,7,Medium,Low,Medium,Safe,"Tapioca, Black Chickpeas, Coconut, Curry Leaves",Vegan,,Prepare it in the richer traditional style and keep the portion generous enough to add calories.,45 mins strength training,"A fuller plate is fine, but keep digestion comfort in mind and spread large meals through the day."
234,Kerala,Weight Gain,Breakfast,"Kozhukkatta (Pan-Fried, Extra Rice)",545,17,78,25,4,High,High,Medium,Safe,"Rice Flour, Jaggery, Coconut",Vegan,,Prepare it in the richer traditional style and keep the portion generous enough to add calories.,45 mins strength training,"A fuller plate is fine, but keep digestion comfort in mind and spread large meals through the day."
235,Kerala,Weight Gain,Breakfast,"Pathiri + Kadala Curry (Oven-Finished, Extra Rice)",490,17,70,19,6,Medium,Medium,Medium,Safe,"Rice Flour, Black Chickpeas, Onion, Ginger, Coconut",Vegan,,Prepare it in the richer traditional style and keep the portion generous enough to add calories.,45 mins strength training,"A fuller plate is fine, but keep digestion comfort in mind and spread large meals through the day."
236,Kerala,Weight Gain,Breakfast,"Puttu + Kadala Curry (Traditionally Prepared, Extra Rice)",500,22,69,20,8,Medium,Medium,Medium,Safe,"Rice Flour, Black Chickpeas, Coconut, Curry Leaves",Vegan,,Prepare it in the richer traditional style and keep the portion generous enough to add calories.,45 mins strength training,"A fuller plate is fine, but keep digestion comfort in mind and spread large meals through the day."
237,Kerala,Weight Gain,Breakfast,"Unnakaya (Golden-Fried, Jaggery-Sweetened)",545,17,78,25,4,High,High,Medium,Safe,"Banana, Coconut, Jaggery, Cardamom",Vegan,,Prepare it in the richer traditional style and keep the portion generous enough to add calories.,45 mins strength training,"A fuller plate is fine, but keep digestion comfort in mind and spread large meals through the day."
238,Kerala,Weight Gain,Breakfast,"Unniyappam (Slow-Cooked, Jaggery-Sweetened)",545,17,78,25,4,High,High,High,Safe,"Rice Flour, Banana, Jaggery, Coconut",Vegan,,Prepare it in the richer traditional style and keep the portion generous enough to add calories.,45 mins strength training,"A fuller plate is fine, but keep digestion comfort in mind and spread large meals through the day."
239,Kerala,Weight Gain,Breakfast,"Uzhunnu Vada (Hearty, Jaggery-Sweetened)",663,20,76,31,4,Low,High,High,Safe,"Urad Dal, Onion, Pepper, Curry Leaves",Vegan,,Prepare it in the richer traditional style and keep the portion generous enough to add calories. Stay with a sensible serving if you are watching overall intake.,45 mins strength training,"A fuller plate is fine, but keep digestion comfort in mind and spread large meals through the day."
240,Kerala,Weight Gain,Breakfast,"Vattayappam (Oven-Finished, Jaggery-Sweetened)",545,17,78,25,4,High,High,Medium,Dairy,"Rice Flour, Coconut Milk, Jaggery, Cardamom",Vegan,,Prepare it in the richer traditional style and keep the portion generous enough to add calories.,45 mins strength training,"A fuller plate is fine, but keep digestion comfort in mind and spread large meals through the day."
241,Kerala,Weight Gain,Lunch,"Chemba Rice + Pulissery (Slow-Cooked, Coconut-Oil Finished)",707,28,97,27,10,Medium,High,Medium,Dairy,"Chemba Rice, Buttermilk, Cucumber, Coconut",Vegetarian,,Prepare it in the richer traditional style and keep the portion generous enough to add calories.,30 mins resistance work,"A fuller plate is fine, but keep digestion comfort in mind and spread large meals through the day. Contains Dairy."
242,Kerala,Weight Gain,Lunch,"Idiyappam + Cherupayar Curry (Traditionally Prepared, Coconut-Oil Finished)",690,31,94,27,11,Medium,Medium,Medium,Safe,"Rice Flour, Green Gram, Coconut, Curry Leaves",Vegetarian,,Prepare it in the richer traditional style and keep the portion generous enough to add calories.,30 mins resistance work,"A fuller plate is fine, but keep digestion comfort in mind and spread large meals through the day."
243,Kerala,Weight Gain,Lunch,"Idli + Sambar (Oven-Finished, Coconut-Oil Finished)",690,31,94,27,11,Medium,Medium,Medium,Safe,"Rice, Urad Dal, Toor Dal, Mixed Vegetables",Vegetarian,,Prepare it in the richer traditional style and keep the portion generous enough to add calories.,30 mins resistance work,"A fuller plate is fine, but keep digestion comfort in mind and spread large meals through the day."
244,Kerala,Weight Gain,Lunch,"Kappa + Cherupayar Curry (Layered, Extra Banana)",710,27,99,28,10,High,Medium,Medium,Safe,"Tapioca, Green Gram, Coconut, Curry Leaves",Vegetarian,,Prepare it in the richer traditional style and keep the portion generous enough to add calories.,30 mins resistance work,"A fuller plate is fine, but keep digestion comfort in mind and spread large meals through the day."
245,Kerala,Weight Gain,Lunch,"Kappa + Kadala Curry (Slow-Cooked, Extra Banana)",710,27,99,28,10,Medium,High,Medium,Safe,"Tapioca, Black Chickpeas, Coconut, Curry Leaves",Vegetarian,,Prepare it in the richer traditional style and keep the portion generous enough to add calories.,30 mins resistance work,"A fuller plate is fine, but keep digestion comfort in mind and spread large meals through the day."
246,Kerala,Weight Gain,Lunch,"Kappa + Vegetable Stew (Traditionally Prepared, Extra Banana)",710,27,99,28,10,Medium,Medium,Medium,Dairy,"Tapioca, Mixed Vegetables, Coconut Milk, Curry Leaves",Vegetarian,,Prepare it in the richer traditional style and keep the portion generous enough to add calories.,30 mins resistance work,"A fuller plate is fine, but keep digestion comfort in mind and spread large meals through the day."
247,Kerala,Weight Gain,Lunch,"Kappa Puzhukku + Kadala Curry (Pan-Fried, Extra Banana)",710,27,99,28,10,Medium,Low,Medium,Safe,"Tapioca, Black Chickpeas, Coconut, Curry Leaves",Vegetarian,,Prepare it in the richer traditional style and keep the portion generous enough to add calories.,30 mins resistance work,"A fuller plate is fine, but keep digestion comfort in mind and spread large meals through the day."
248,Kerala,Weight Gain,Lunch,"Matta Rice + Erissery (Oven-Finished, Extra Banana)",670,26,87,25,11,Medium,Medium,Medium,Gluten,"Matta Rice, Pumpkin, Red Gram, Coconut, Cumin",Vegetarian,,Prepare it in the richer traditional style and keep the portion generous enough to add calories.,30 mins resistance work,"A fuller plate is fine, but keep digestion comfort in mind and spread large meals through the day."
249,Kerala,Weight Gain,Lunch,"Matta Rice + Koottu Curry (Rich, Coconut-Oil Finished)",670,26,87,25,11,Medium,Medium,Medium,Gluten,"Matta Rice, Yam, Plantain, Black Chickpeas, Coconut",Vegetarian,,Prepare it in the richer traditional style and keep the portion generous enough to add calories. Stay with a sensible serving if you are watching overall intake.,30 mins resistance work,"A fuller plate is fine, but keep digestion comfort in mind and spread large meals through the day."
250,Kerala,Weight Gain,Lunch,"Matta Rice + Parippu Curry (Golden-Fried, Extra Banana)",707,28,97,27,10,Medium,High,Medium,Gluten,"Matta Rice, Toor Dal, Coconut, Curry Leaves",Vegetarian,,Prepare it in the richer traditional style and keep the portion generous enough to add calories.,30 mins resistance work,"A fuller plate is fine, but keep digestion comfort in mind and spread large meals through the day."
251,Kerala,Weight Gain,Lunch,"Matta Rice + Sambar (Pan-Fried, Coconut-Oil Finished)",707,28,97,27,10,Medium,Low,Medium,Gluten,"Matta Rice, Toor Dal, Mixed Vegetables, Tamarind",Vegetarian,,Prepare it in the richer traditional style and keep the portion generous enough to add calories.,30 mins resistance work,"A fuller plate is fine, but keep digestion comfort in mind and spread large meals through the day."
252,Kerala,Weight Gain,Lunch,"Pathiri + Kadala Curry (Golden-Fried, Coconut-Oil Finished)",680,26,95,26,9,Medium,High,Medium,Safe,"Rice Flour, Black Chickpeas, Onion, Ginger, Coconut",Vegetarian,,Prepare it in the richer traditional style and keep the portion generous enough to add calories.,30 mins resistance work,"A fuller plate is fine, but keep digestion comfort in mind and spread large meals through the day."
253,Kerala,Weight Gain,Lunch,"Puttu + Kadala Curry (Layered, Coconut-Oil Finished)",690,31,94,27,11,High,Medium,Medium,Safe,"Rice Flour, Black Chickpeas, Coconut, Curry Leaves",Vegetarian,,Prepare it in the richer traditional style and keep the portion generous enough to add calories.,30 mins resistance work,"A fuller plate is fine, but keep digestion comfort in mind and spread large meals through the day."
254,Kerala,Weight Gain,Lunch,"Ragi Puttu + Cherupayar Curry (Hearty, Coconut-Oil Finished)",680,26,95,26,9,High,High,Medium,Safe,"Finger Millet, Green Gram, Coconut, Curry Leaves",Vegetarian,,Prepare it in the richer traditional style and keep the portion generous enough to add calories. Stay with a sensible serving if you are watching overall intake.,30 mins resistance work,"A fuller plate is fine, but keep digestion comfort in mind and spread large meals through the day."
255,Kerala,Weight Gain,Lunch,"Rice + Pumpkin Erissery (Hearty, Extra Banana)",670,26,87,25,11,High,High,Medium,Safe,"Rice, Pumpkin, Red Gram, Coconut, Cumin",Vegetarian,,Prepare it in the richer traditional style and keep the portion generous enough to add calories. Stay with a sensible serving if you are watching overall intake.,30 mins resistance work,"A fuller plate is fine, but keep digestion comfort in mind and spread large meals through the day."
256,Kerala,Weight Gain,Lunch,"Veg Sadya Plate (Rich, Creamy Texture)",670,26,87,25,11,Medium,Medium,Medium,Safe,"Rice, Avial, Thoran, Olan, Sambar, Parippu, Pickles",Vegetarian,,Prepare it in the richer traditional style and keep the portion generous enough to add calories. Stay with a sensible serving if you are watching overall intake.,30 mins resistance work,"A fuller plate is fine, but keep digestion comfort in mind and spread large meals through the day."
257,Kerala,Weight Gain,Lunch,"Chuttirachi (Grilled Beef) (Traditionally Prepared, Creamy Texture)",745,40,91,38,7,Medium,High,High,Safe,"Beef, Black Pepper, Garlic, Coconut Oil",Non-Vegetarian,Beef,Prepare it in the richer traditional style and keep the portion generous enough to add calories.,30 mins resistance work,"A fuller plate is fine, but keep digestion comfort in mind and spread large meals through the day."
258,Kerala,Weight Gain,Lunch,"Duck Mappas (Oven-Finished, Creamy Texture)",740,39,91,37,7,Medium,High,High,Dairy,"Duck, Coconut Milk, Shallots, Ginger, Pepper",Non-Vegetarian,Duck,Prepare it in the richer traditional style and keep the portion generous enough to add calories.,30 mins resistance work,"A fuller plate is fine, but keep digestion comfort in mind and spread large meals through the day. Contains Dairy."
259,Kerala,Weight Gain,Lunch,Ghee Rice + Chicken Kurma + Salad,800,35,110,24,8,High,Medium,Medium,Dairy,"Kaima Rice, Chicken, Coconut, Ghee",Non-Vegetarian,chicken,Cook rice in ghee; use cashew/coconut for kurma.,45 mins strength training,Monitor lipid profile
260,Kerala,Weight Gain,Lunch,"Kappa + Egg Roast (Layered, Creamy Texture)",700,35,91,31,8,High,Medium,Medium,"Egg, Eggs","Tapioca, Eggs, Onion, Tomato, Coconut Oil",Non-Vegetarian,,Prepare it in the richer traditional style and keep the portion generous enough to add calories.,30 mins resistance work,"A fuller plate is fine, but keep digestion comfort in mind and spread large meals through the day. Contains Eggs."
261,Kerala,Weight Gain,Lunch,"Kappa Puzhukku + Fish Curry (Pan-Fried, Creamy Texture)",720,37,91,30,8,Medium,Low,Medium,Fish,"Tapioca, Fish, Coconut, Curry Leaves, Tamarind",Non-Vegetarian,Fish,Prepare it in the richer traditional style and keep the portion generous enough to add calories.,30 mins resistance work,"A fuller plate is fine, but keep digestion comfort in mind and spread large meals through the day. Contains Fish."
262,Kerala,Weight Gain,Lunch,"Matta Rice + Beef Fry (Hearty, Creamy Texture)",745,40,91,38,7,Medium,High,High,Gluten,"Matta Rice, Beef, Onion, Coconut Oil, Curry Leaves",Non-Vegetarian,Beef,Prepare it in the richer traditional style and keep the portion generous enough to add calories. Stay with a sensible serving if you are watching overall intake.,30 mins resistance work,"A fuller plate is fine, but keep digestion comfort in mind and spread large meals through the day."
263,Kerala,Weight Gain,Lunch,"Matta Rice + Beef Ularthiyathu (Rich, With Coconut Milk)",715,40,85,34,7,Medium,High,High,Gluten,"Matta Rice, Beef, Shallots, Spices, Curry Leaves",Non-Vegetarian,Beef,Prepare it in the richer traditional style and keep the portion generous enough to add calories. Stay with a sensible serving if you are watching overall intake.,30 mins resistance work,"A fuller plate is fine, but keep digestion comfort in mind and spread large meals through the day."
264,Kerala,Weight Gain,Lunch,Matta Rice + Beef Ularthiyathu + Avial,800,35,110,24,8,Medium,Medium,Medium,Gluten,"Matta Rice, Beef, Mixed Veg, Coconut",Non-Vegetarian,beef,Slow roast beef; use generous coconut for avial.,45 mins strength training,Monitor lipid profile
265,Kerala,Weight Gain,Lunch,Matta Rice + Duck Roast + Cabbage Thoran,800,35,110,24,8,Medium,Medium,Medium,Gluten,"Matta Rice, Duck, Cabbage",Non-Vegetarian,duck,Cook duck with skin for extra calories.,45 mins strength training,Monitor lipid profile
266,Kerala,Weight Gain,Lunch,Matta Rice + Fish Fry + Sambar + Thoran,800,35,110,24,8,Medium,Medium,Medium,"Fish, Gluten","Matta Rice, Fish, Toor Dal",Non-Vegetarian,fish,Shallow fry fish in coconut oil.,45 mins strength training,Monitor lipid profile
267,Kerala,Weight Gain,Lunch,Matta Rice + Meen Vevichathu + Mathanga Erissery,800,35,110,24,8,Medium,Medium,Medium,"Fish, Gluten","Matta Rice, Fish, Pumpkin, Coconut",Non-Vegetarian,fish,Use coconut paste for erissery.,45 mins strength training,Monitor lipid profile
268,Kerala,Weight Gain,Lunch,Matta Rice + Mutton Roast + Cheera Thoran,800,35,110,24,8,Medium,Medium,Medium,Gluten,"Matta Rice, Mutton, Spinach",Non-Vegetarian,mutton,Roast mutton heavily; add grated coconut to thoran.,45 mins strength training,Monitor lipid profile
269,Kerala,Weight Gain,Lunch,Matta Rice + Nadan Kozhi Curry + Kalan,800,35,110,24,8,Medium,Medium,Medium,"Dairy, Gluten","Matta Rice, Chicken, Yogurt, Raw Banana",Non-Vegetarian,chicken,Use coconut milk for chicken; rich yogurt for kalan.,45 mins strength training,Monitor lipid profile
270,Kerala,Weight Gain,Lunch,Matta Rice + Pork Curry + Beans Thoran,800,35,110,24,8,Medium,Medium,High,Gluten,"Matta Rice, Pork, Green Beans",Non-Vegetarian,pork,Cook pork with its fat intact.,45 mins strength training,Monitor lipid profile
271,Kerala,Weight Gain,Lunch,"Pathiri + Beef Fry (Slow-Cooked, Creamy Texture)",745,40,91,38,7,Medium,High,High,Safe,"Rice Flour, Beef, Onion, Curry Leaves, Coconut Oil",Non-Vegetarian,Beef,Prepare it in the richer traditional style and keep the portion generous enough to add calories.,30 mins resistance work,"A fuller plate is fine, but keep digestion comfort in mind and spread large meals through the day."
272,Kerala,Weight Gain,Lunch,"Pork Peralan (Golden-Fried, Creamy Texture)",745,40,91,38,7,Medium,High,High,Safe,"Pork, Coriander Powder, Chilli Powder, Pepper, Vinegar",Non-Vegetarian,Pork,Prepare it in the richer traditional style and keep the portion generous enough to add calories.,30 mins resistance work,"A fuller plate is fine, but keep digestion comfort in mind and spread large meals through the day."
273,Kerala,Weight Gain,Lunch,"Idiyappam + Cherupayar Curry (Layered, With Ghee)",690,31,94,27,11,High,High,Medium,Safe,"Rice Flour, Green Gram, Coconut, Curry Leaves",Vegan,,Prepare it in the richer traditional style and keep the portion generous enough to add calories. Stay with a sensible serving if you are watching overall intake.,30 mins resistance work,"A fuller plate is fine, but keep digestion comfort in mind and spread large meals through the day."
274,Kerala,Weight Gain,Lunch,"Idli + Sambar (Golden-Fried, With Ghee)",690,31,94,27,11,Medium,Low,Medium,Safe,"Rice, Urad Dal, Toor Dal, Mixed Vegetables",Vegan,,Prepare it in the richer traditional style and keep the portion generous enough to add calories. Stay with a sensible serving if you are watching overall intake.,30 mins resistance work,"A fuller plate is fine, but keep digestion comfort in mind and spread large meals through the day."
275,Kerala,Weight Gain,Lunch,"Kappa + Cherupayar Curry (Layered, With Coconut Milk)",680,27,93,24,10,High,High,Medium,Safe,"Tapioca, Green Gram, Coconut, Curry Leaves",Vegan,,Prepare it in the richer traditional style and keep the portion generous enough to add calories.,30 mins resistance work,"A fuller plate is fine, but keep digestion comfort in mind and spread large meals through the day."
276,Kerala,Weight Gain,Lunch,"Kappa + Kadala Curry (Slow-Cooked, With Coconut Milk)",680,27,93,24,10,Medium,Medium,High,Safe,"Tapioca, Black Chickpeas, Coconut, Curry Leaves",Vegan,,Prepare it in the richer traditional style and keep the portion generous enough to add calories.,30 mins resistance work,"A fuller plate is fine, but keep digestion comfort in mind and spread large meals through the day."
277,Kerala,Weight Gain,Lunch,"Kappa + Vegetable Stew (Traditionally Prepared, With Coconut Milk)",680,27,93,24,10,Medium,Medium,Medium,Dairy,"Tapioca, Mixed Vegetables, Coconut Milk, Curry Leaves",Vegan,,Prepare it in the richer traditional style and keep the portion generous enough to add calories.,30 mins resistance work,"A fuller plate is fine, but keep digestion comfort in mind and spread large meals through the day."
278,Kerala,Weight Gain,Lunch,"Kappa Puzhukku + Kadala Curry (Pan-Fried, With Coconut Milk)",680,27,93,24,10,Medium,High,High,Safe,"Tapioca, Black Chickpeas, Coconut, Curry Leaves",Vegan,,Prepare it in the richer traditional style and keep the portion generous enough to add calories.,30 mins resistance work,"A fuller plate is fine, but keep digestion comfort in mind and spread large meals through the day."
279,Kerala,Weight Gain,Lunch,"Matta Rice + Erissery (Oven-Finished, With Coconut Milk)",640,26,81,21,11,Medium,High,High,Gluten,"Matta Rice, Pumpkin, Red Gram, Coconut, Cumin",Vegan,,Prepare it in the richer traditional style and keep the portion generous enough to add calories.,30 mins resistance work,"A fuller plate is fine, but keep digestion comfort in mind and spread large meals through the day."
280,Kerala,Weight Gain,Lunch,"Matta Rice + Koottu Curry (Rich, With Ghee)",670,26,87,25,11,Medium,Medium,Medium,Gluten,"Matta Rice, Yam, Plantain, Black Chickpeas, Coconut",Vegan,,Prepare it in the richer traditional style and keep the portion generous enough to add calories. Stay with a sensible serving if you are watching overall intake.,30 mins resistance work,"A fuller plate is fine, but keep digestion comfort in mind and spread large meals through the day."
281,Kerala,Weight Gain,Lunch,"Matta Rice + Parippu Curry (Golden-Fried, With Coconut Milk)",677,28,91,23,10,Medium,Low,Medium,Gluten,"Matta Rice, Toor Dal, Coconut, Curry Leaves",Vegan,,Prepare it in the richer traditional style and keep the portion generous enough to add calories.,30 mins resistance work,"A fuller plate is fine, but keep digestion comfort in mind and spread large meals through the day."
282,Kerala,Weight Gain,Lunch,"Matta Rice + Sambar (Pan-Fried, With Ghee)",707,28,97,27,10,Medium,High,Medium,Gluten,"Matta Rice, Toor Dal, Mixed Vegetables, Tamarind",Vegan,,Prepare it in the richer traditional style and keep the portion generous enough to add calories. Stay with a sensible serving if you are watching overall intake.,30 mins resistance work,"A fuller plate is fine, but keep digestion comfort in mind and spread large meals through the day."
283,Kerala,Weight Gain,Lunch,"Pathiri + Kadala Curry (Traditionally Prepared, With Ghee)",680,26,95,26,9,Medium,Medium,Medium,Safe,"Rice Flour, Black Chickpeas, Onion, Ginger, Coconut",Vegan,,Prepare it in the richer traditional style and keep the portion generous enough to add calories. Stay with a sensible serving if you are watching overall intake.,30 mins resistance work,"A fuller plate is fine, but keep digestion comfort in mind and spread large meals through the day."
284,Kerala,Weight Gain,Lunch,"Puttu + Kadala Curry (Slow-Cooked, With Ghee)",690,31,94,27,11,Medium,Medium,Medium,Safe,"Rice Flour, Black Chickpeas, Coconut, Curry Leaves",Vegan,,Prepare it in the richer traditional style and keep the portion generous enough to add calories. Stay with a sensible serving if you are watching overall intake.,30 mins resistance work,"A fuller plate is fine, but keep digestion comfort in mind and spread large meals through the day."
285,Kerala,Weight Gain,Lunch,"Ragi Puttu + Cherupayar Curry (Oven-Finished, With Ghee)",680,26,95,26,9,Medium,High,Medium,Safe,"Finger Millet, Green Gram, Coconut, Curry Leaves",Vegan,,Prepare it in the richer traditional style and keep the portion generous enough to add calories. Stay with a sensible serving if you are watching overall intake.,30 mins resistance work,"A fuller plate is fine, but keep digestion comfort in mind and spread large meals through the day."
286,Kerala,Weight Gain,Lunch,"Rice + Pumpkin Erissery (Hearty, With Coconut Milk)",670,26,87,25,11,High,Medium,Medium,Safe,"Rice, Pumpkin, Red Gram, Coconut, Cumin",Vegan,,Prepare it in the richer traditional style and keep the portion generous enough to add calories. Stay with a sensible serving if you are watching overall intake.,30 mins resistance work,"A fuller plate is fine, but keep digestion comfort in mind and spread large meals through the day."
287,Kerala,Weight Gain,Lunch,"Rice + Vegetable Theeyal (Rich, Full Portion)",670,26,87,25,11,Medium,Medium,Medium,Safe,"Rice, Vegetables, Roasted Coconut, Tamarind",Vegan,,Prepare it in the richer traditional style and keep the portion generous enough to add calories. Stay with a sensible serving if you are watching overall intake.,30 mins resistance work,"A fuller plate is fine, but keep digestion comfort in mind and spread large meals through the day."
288,Kerala,Weight Gain,Lunch,"Veg Sadya Plate (Hearty, With Ghee)",670,26,87,25,11,High,Medium,Medium,Safe,"Rice, Avial, Thoran, Olan, Sambar, Parippu, Pickles",Vegan,,Prepare it in the richer traditional style and keep the portion generous enough to add calories. Stay with a sensible serving if you are watching overall intake.,30 mins resistance work,"A fuller plate is fine, but keep digestion comfort in mind and spread large meals through the day."
289,Kerala,Weight Gain,Snack,Achappam,400,10,60,13,4,High,Medium,Medium,"Dairy, Egg, Eggs","Rice Flour, Coconut Milk, Eggs",Vegetarian,,Deep fry in coconut oil.,45 mins strength training,Monitor lipid profile
290,Kerala,Weight Gain,Snack,Aval Vilayichathu,400,10,60,13,4,Medium,Medium,Medium,Safe,"Flattened Rice, Jaggery, Coconut",Vegetarian,,Mix poha with melted jaggery and coconut.,45 mins strength training,Monitor lipid profile
291,Kerala,Weight Gain,Snack,"Avalose Unda (Slow-Cooked, Full Portion)",454,11,53,22,2,High,High,Medium,Safe,"Rice Flour, Coconut, Jaggery, Cumin",Vegetarian,,Prepare it in the richer traditional style and keep the portion generous enough to add calories.,20 mins core work,"A fuller plate is fine, but keep digestion comfort in mind and spread large meals through the day."
292,Kerala,Weight Gain,Snack,"Banana Chips (Slow-Cooked, Jaggery-Sweetened)",512,14,51,28,2,High,High,High,Safe,"Raw Banana, Coconut Oil, Salt",Vegetarian,,Prepare it in the richer traditional style and keep the portion generous enough to add calories.,20 mins core work,"A fuller plate is fine, but keep digestion comfort in mind and spread large meals through the day."
293,Kerala,Weight Gain,Snack,"Chakka Ada (Layered, Full Portion)",454,11,53,22,2,High,High,Medium,Safe,"Jackfruit, Rice Flour, Jaggery, Coconut",Vegetarian,,Prepare it in the richer traditional style and keep the portion generous enough to add calories.,20 mins core work,"A fuller plate is fine, but keep digestion comfort in mind and spread large meals through the day."
294,Kerala,Weight Gain,Snack,"Ellunda (Traditionally Prepared, Full Portion)",454,11,53,22,2,High,High,Medium,Sesame,"Sesame, Jaggery, Coconut",Vegetarian,,Prepare it in the richer traditional style and keep the portion generous enough to add calories.,20 mins core work,"A fuller plate is fine, but keep digestion comfort in mind and spread large meals through the day. Contains Sesame."
295,Kerala,Weight Gain,Snack,"Kottayam Churuttu (Oven-Finished, Full Portion)",454,11,53,22,2,High,High,Medium,Safe,"Rice Flour, Jaggery, Coconut, Banana Leaf",Vegetarian,,Prepare it in the richer traditional style and keep the portion generous enough to add calories.,20 mins core work,"A fuller plate is fine, but keep digestion comfort in mind and spread large meals through the day."
296,Kerala,Weight Gain,Snack,Kuzhalappam,400,10,60,13,4,Medium,Medium,Medium,Safe,"Rice Flour, Onion, Cumin",Vegetarian,,Deep fry rice flour tubes.,45 mins strength training,Monitor lipid profile
297,Kerala,Weight Gain,Snack,Pazham Pori (Banana Fritters),400,10,60,13,4,High,Medium,Medium,Gluten,"Nendran Banana, Maida, Oil",Vegetarian,,Deep fry battered plantain.,45 mins strength training,Monitor lipid profile
298,Kerala,Weight Gain,Snack,"Pazham Pori (Golden-Fried, Full Portion)",512,14,51,28,2,High,High,High,Gluten,"Banana, Rice Flour, Coconut Oil",Vegetarian,,Prepare it in the richer traditional style and keep the portion generous enough to add calories.,20 mins core work,"A fuller plate is fine, but keep digestion comfort in mind and spread large meals through the day. Contains Gluten."
299,Kerala,Weight Gain,Snack,Sukhiyan,400,10,60,13,4,Medium,Medium,Medium,Gluten,"Green Gram, Jaggery, Maida",Vegetarian,,Deep fry sweetened green gram balls.,45 mins strength training,Monitor lipid profile
300,Kerala,Weight Gain,Snack,"Unnakaya (Hearty, Full Portion)",454,11,53,22,2,High,High,Medium,Safe,"Banana, Coconut, Jaggery, Cardamom",Vegetarian,,Prepare it in the richer traditional style and keep the portion generous enough to add calories. Stay with a sensible serving if you are watching overall intake.,20 mins core work,"A fuller plate is fine, but keep digestion comfort in mind and spread large meals through the day."
301,Kerala,Weight Gain,Snack,Unniyappam,400,10,60,13,4,Medium,Medium,Medium,Safe,"Rice Flour, Jaggery, Banana",Vegetarian,,Fry in traditional appe pan with ghee/oil.,45 mins strength training,Monitor lipid profile
302,Kerala,Weight Gain,Snack,"Unniyappam (Pan-Fried, Full Portion)",454,11,53,22,2,High,High,High,Safe,"Rice Flour, Banana, Jaggery, Coconut",Vegetarian,,Prepare it in the richer traditional style and keep the portion generous enough to add calories.,20 mins core work,"A fuller plate is fine, but keep digestion comfort in mind and spread large meals through the day."
303,Kerala,Weight Gain,Snack,"Uzhunnu Vada (Pan-Fried, Jaggery-Sweetened)",512,14,51,28,2,Low,High,High,Safe,"Urad Dal, Onion, Pepper, Curry Leaves",Vegetarian,,Prepare it in the richer traditional style and keep the portion generous enough to add calories.,20 mins core work,"A fuller plate is fine, but keep digestion comfort in mind and spread large meals through the day."
304,Kerala,Weight Gain,Snack,"Vattayappam (Rich, Jaggery-Sweetened)",454,11,53,22,2,High,High,Medium,Dairy,"Rice Flour, Coconut Milk, Jaggery, Cardamom",Vegetarian,,Prepare it in the richer traditional style and keep the portion generous enough to add calories. Stay with a sensible serving if you are watching overall intake.,20 mins core work,"A fuller plate is fine, but keep digestion comfort in mind and spread large meals through the day."
305,Kerala,Weight Gain,Snack,"Beef Chikki Fry (Oven-Finished, Jaggery-Sweetened)",516,25,41,28,2,Medium,High,High,Safe,"Beef, Chilli Powder, Shallots, Coconut Oil",Non-Vegetarian,Beef,Prepare it in the richer traditional style and keep the portion generous enough to add calories.,20 mins core work,"A fuller plate is fine, but keep digestion comfort in mind and spread large meals through the day."
306,Kerala,Weight Gain,Snack,"Boiled Egg + Pepper (Rich, Extra Rice)",433,20,41,21,3,High,High,Medium,"Egg, Eggs","Eggs, Black Pepper, Curry Leaves, Salt",Non-Vegetarian,,Prepare it in the richer traditional style and keep the portion generous enough to add calories. Stay with a sensible serving if you are watching overall intake.,20 mins core work,"A fuller plate is fine, but keep digestion comfort in mind and spread large meals through the day. Contains Eggs."
307,Kerala,Weight Gain,Snack,"Chicken Pepper Fry (Traditionally Prepared, Extra Rice)",458,24,41,22,3,High,Medium,Medium,Safe,"Chicken, Black Pepper, Curry Leaves, Shallots, Coconut Oil",Non-Vegetarian,Chicken,Prepare it in the richer traditional style and keep the portion generous enough to add calories.,20 mins core work,"A fuller plate is fine, but keep digestion comfort in mind and spread large meals through the day."
308,Kerala,Weight Gain,Snack,"Chicken Soup (Oven-Finished, Extra Rice)",458,24,41,22,3,Medium,High,Medium,Safe,"Chicken, Pepper, Ginger, Curry Leaves, Onion",Non-Vegetarian,Chicken,Prepare it in the richer traditional style and keep the portion generous enough to add calories.,20 mins core work,"A fuller plate is fine, but keep digestion comfort in mind and spread large meals through the day."
309,Kerala,Weight Gain,Snack,"Chuttirachi (Grilled Beef) (Hearty, Jaggery-Sweetened)",516,25,41,28,2,Medium,High,High,Safe,"Beef, Black Pepper, Garlic, Coconut Oil",Non-Vegetarian,Beef,Prepare it in the richer traditional style and keep the portion generous enough to add calories. Stay with a sensible serving if you are watching overall intake.,20 mins core work,"A fuller plate is fine, but keep digestion comfort in mind and spread large meals through the day."
310,Kerala,Weight Gain,Snack,"Egg Cutlet (Hearty, Extra Rice)",433,20,41,21,3,Medium,Medium,High,"Egg, Eggs, Gluten","Eggs, Potato, Onion, Breadcrumbs",Non-Vegetarian,,Prepare it in the richer traditional style and keep the portion generous enough to add calories. Stay with a sensible serving if you are watching overall intake.,20 mins core work,"A fuller plate is fine, but keep digestion comfort in mind and spread large meals through the day. Contains Eggs, Gluten."
311,Kerala,Weight Gain,Snack,"Egg Cutlet (Layered, Jaggery-Sweetened)",433,20,41,21,3,Medium,High,High,"Egg, Eggs, Gluten","Eggs, Potato, Onion, Breadcrumbs",Non-Vegetarian,,Prepare it in the richer traditional style and keep the portion generous enough to add calories.,20 mins core work,"A fuller plate is fine, but keep digestion comfort in mind and spread large meals through the day. Contains Eggs, Gluten."
312,Kerala,Weight Gain,Snack,"Egg White Roast (Pan-Fried, Extra Rice)",433,20,41,21,3,Medium,Medium,Medium,"Egg, Eggs","Egg Whites, Onion, Tomato, Black Pepper, Curry Leaves",Non-Vegetarian,,Prepare it in the richer traditional style and keep the portion generous enough to add calories.,20 mins core work,"A fuller plate is fine, but keep digestion comfort in mind and spread large meals through the day. Contains Eggs."
313,Kerala,Weight Gain,Snack,"Finger Prawns (Golden-Fried, Jaggery-Sweetened)",370,21,41,20,3,Medium,Medium,High,"Fish, Gluten, Shellfish","Prawns, Lime, Pepper, Breadcrumbs, Oil",Non-Vegetarian,Seafood,Prepare it in the richer traditional style and keep the portion generous enough to add calories.,20 mins core work,"A fuller plate is fine, but keep digestion comfort in mind and spread large meals through the day. Contains Shellfish, Gluten."
314,Kerala,Weight Gain,Snack,"Finger Prawns (Pan-Fried, Extra Banana)",370,21,41,20,3,Medium,Medium,High,"Fish, Gluten, Shellfish","Prawns, Lime, Pepper, Breadcrumbs, Oil",Non-Vegetarian,Seafood,Prepare it in the richer traditional style and keep the portion generous enough to add calories.,20 mins core work,"A fuller plate is fine, but keep digestion comfort in mind and spread large meals through the day. Contains Shellfish, Gluten."
315,Kerala,Weight Gain,Snack,"Fish Fry (Tawa Roasted) (Layered, Extra Rice)",370,22,41,20,3,Medium,High,Medium,Fish,"Fish, Pepper, Lemon, Curry Leaves, Coconut Oil",Non-Vegetarian,Fish,Prepare it in the richer traditional style and keep the portion generous enough to add calories.,20 mins core work,"A fuller plate is fine, but keep digestion comfort in mind and spread large meals through the day. Contains Fish."
316,Kerala,Weight Gain,Snack,"Grilled Fish Bites (Slow-Cooked, Extra Rice)",370,22,41,20,3,Medium,Low,Medium,Fish,"Fish, Lemon, Pepper, Curry Leaves, Coconut Oil",Non-Vegetarian,Fish,Prepare it in the richer traditional style and keep the portion generous enough to add calories.,20 mins core work,"A fuller plate is fine, but keep digestion comfort in mind and spread large meals through the day. Contains Fish."
317,Kerala,Weight Gain,Snack,"Prawns Chilly Fry (Rich, Extra Banana)",370,21,41,20,3,High,High,High,"Fish, Shellfish","Prawns, Green Chilli, Garlic, Onion, Curry Leaves",Non-Vegetarian,Seafood,Prepare it in the richer traditional style and keep the portion generous enough to add calories. Stay with a sensible serving if you are watching overall intake.,20 mins core work,"A fuller plate is fine, but keep digestion comfort in mind and spread large meals through the day. Contains Shellfish."
318,Kerala,Weight Gain,Snack,"Prawns Chilly Fry (Traditionally Prepared, Jaggery-Sweetened)",370,21,41,20,3,High,Medium,High,"Fish, Shellfish","Prawns, Green Chilli, Garlic, Onion, Curry Leaves",Non-Vegetarian,Seafood,Prepare it in the richer traditional style and keep the portion generous enough to add calories.,20 mins core work,"A fuller plate is fine, but keep digestion comfort in mind and spread large meals through the day. Contains Shellfish."
319,Kerala,Weight Gain,Snack,"Steamed Prawns (Golden-Fried, Extra Rice)",370,21,41,20,3,Medium,Medium,Medium,"Fish, Shellfish","Prawns, Lemon, Pepper, Curry Leaves",Non-Vegetarian,Seafood,Prepare it in the richer traditional style and keep the portion generous enough to add calories.,20 mins core work,"A fuller plate is fine, but keep digestion comfort in mind and spread large meals through the day. Contains Shellfish."
320,Kerala,Weight Gain,Snack,Vettu Cake,400,10,60,13,4,High,Medium,Medium,"Egg, Gluten, Gluten|Eggs","Maida, Eggs, Sugar",Non-Vegetarian,,Deep fry dense cake pieces.,45 mins strength training,Monitor lipid profile
321,Kerala,Weight Gain,Snack,"Avalose Podi (Oven-Finished, Coconut-Oil Finished)",454,11,53,22,2,High,High,Medium,Safe,"Rice Flour, Coconut, Cumin, Jaggery",Vegan,,Prepare it in the richer traditional style and keep the portion generous enough to add calories.,20 mins core work,"A fuller plate is fine, but keep digestion comfort in mind and spread large meals through the day."
322,Kerala,Weight Gain,Snack,"Avalose Unda (Layered, Extra Banana)",454,11,53,22,2,High,High,Medium,Safe,"Rice Flour, Coconut, Jaggery, Cumin",Vegan,,Prepare it in the richer traditional style and keep the portion generous enough to add calories.,20 mins core work,"A fuller plate is fine, but keep digestion comfort in mind and spread large meals through the day."
323,Kerala,Weight Gain,Snack,"Banana Chips (Layered, Coconut-Oil Finished)",512,14,51,28,2,High,High,High,Safe,"Raw Banana, Coconut Oil, Salt",Vegan,,Prepare it in the richer traditional style and keep the portion generous enough to add calories.,20 mins core work,"A fuller plate is fine, but keep digestion comfort in mind and spread large meals through the day."
324,Kerala,Weight Gain,Snack,"Chakka Ada (Traditionally Prepared, Extra Banana)",454,11,53,22,2,High,High,Medium,Safe,"Jackfruit, Rice Flour, Jaggery, Coconut",Vegan,,Prepare it in the richer traditional style and keep the portion generous enough to add calories.,20 mins core work,"A fuller plate is fine, but keep digestion comfort in mind and spread large meals through the day."
325,Kerala,Weight Gain,Snack,"Cherupayar Sundal (Pan-Fried, Creamy Texture)",340,16,44,17,6,High,Medium,Medium,Mustard,"Green Gram, Coconut, Curry Leaves, Mustard Seeds",Vegan,,Prepare it in the richer traditional style and keep the portion generous enough to add calories.,20 mins core work,"A fuller plate is fine, but keep digestion comfort in mind and spread large meals through the day."
326,Kerala,Weight Gain,Snack,"Ellunda (Golden-Fried, Extra Banana)",454,11,53,22,2,High,High,Medium,Sesame,"Sesame, Jaggery, Coconut",Vegan,,Prepare it in the richer traditional style and keep the portion generous enough to add calories.,20 mins core work,"A fuller plate is fine, but keep digestion comfort in mind and spread large meals through the day. Contains Sesame."
327,Kerala,Weight Gain,Snack,"Ilayada (Hearty, Coconut-Oil Finished)",454,11,53,22,2,High,High,Medium,Safe,"Rice Flour, Jaggery, Coconut, Banana Leaf",Vegan,,Prepare it in the richer traditional style and keep the portion generous enough to add calories. Stay with a sensible serving if you are watching overall intake.,20 mins core work,"A fuller plate is fine, but keep digestion comfort in mind and spread large meals through the day."
328,Kerala,Weight Gain,Snack,"Jackfruit Chips (Traditionally Prepared, Coconut-Oil Finished)",512,14,51,28,2,High,High,High,Safe,"Raw Jackfruit, Coconut Oil, Salt",Vegan,,Prepare it in the richer traditional style and keep the portion generous enough to add calories.,20 mins core work,"A fuller plate is fine, but keep digestion comfort in mind and spread large meals through the day."
329,Kerala,Weight Gain,Snack,"Kottayam Churuttu (Hearty, Extra Banana)",454,11,53,22,2,High,High,Medium,Safe,"Rice Flour, Jaggery, Coconut, Banana Leaf",Vegan,,Prepare it in the richer traditional style and keep the portion generous enough to add calories. Stay with a sensible serving if you are watching overall intake.,20 mins core work,"A fuller plate is fine, but keep digestion comfort in mind and spread large meals through the day."
330,Kerala,Weight Gain,Snack,"Kozhukkatta (Golden-Fried, Coconut-Oil Finished)",454,11,53,22,2,High,High,Medium,Safe,"Rice Flour, Jaggery, Coconut",Vegan,,Prepare it in the richer traditional style and keep the portion generous enough to add calories.,20 mins core work,"A fuller plate is fine, but keep digestion comfort in mind and spread large meals through the day."
331,Kerala,Weight Gain,Snack,"Pazham Pori (Oven-Finished, Extra Banana)",512,14,51,28,2,High,High,High,Gluten,"Banana, Rice Flour, Coconut Oil",Vegan,,Prepare it in the richer traditional style and keep the portion generous enough to add calories.,20 mins core work,"A fuller plate is fine, but keep digestion comfort in mind and spread large meals through the day. Contains Gluten."
332,Kerala,Weight Gain,Snack,"Roasted Peanuts (Rich, Creamy Texture)",305,9,35,14,3,Medium,High,Medium,"Peanut, Peanuts","Peanuts, Curry Leaves, Salt",Vegan,,Prepare it in the richer traditional style and keep the portion generous enough to add calories. Stay with a sensible serving if you are watching overall intake.,20 mins core work,"A fuller plate is fine, but keep digestion comfort in mind and spread large meals through the day. Contains Peanuts."
333,Kerala,Weight Gain,Snack,"Unnakaya (Rich, Coconut-Oil Finished)",454,11,53,22,2,High,High,Medium,Safe,"Banana, Coconut, Jaggery, Cardamom",Vegan,,Prepare it in the richer traditional style and keep the portion generous enough to add calories. Stay with a sensible serving if you are watching overall intake.,20 mins core work,"A fuller plate is fine, but keep digestion comfort in mind and spread large meals through the day."
334,Kerala,Weight Gain,Snack,"Unniyappam (Slow-Cooked, Extra Banana)",454,11,53,22,2,High,High,High,Safe,"Rice Flour, Banana, Jaggery, Coconut",Vegan,,Prepare it in the richer traditional style and keep the portion generous enough to add calories.,20 mins core work,"A fuller plate is fine, but keep digestion comfort in mind and spread large meals through the day."
335,Kerala,Weight Gain,Snack,"Uzhunnu Vada (Slow-Cooked, Coconut-Oil Finished)",512,14,51,28,2,Low,High,High,Safe,"Urad Dal, Onion, Pepper, Curry Leaves",Vegan,,Prepare it in the richer traditional style and keep the portion generous enough to add calories.,20 mins core work,"A fuller plate is fine, but keep digestion comfort in mind and spread large meals through the day."
336,Kerala,Weight Gain,Snack,"Vattayappam (Pan-Fried, Coconut-Oil Finished)",454,11,53,22,2,High,High,Medium,Dairy,"Rice Flour, Coconut Milk, Jaggery, Cardamom",Vegan,,Prepare it in the richer traditional style and keep the portion generous enough to add calories.,20 mins core work,"A fuller plate is fine, but keep digestion comfort in mind and spread large meals through the day."
337,Kerala,Weight Gain,Dinner,"Chemba Rice + Pulissery (Traditionally Prepared, With Coconut Milk)",577,25,76,19,9,Medium,Medium,Medium,Dairy,"Chemba Rice, Buttermilk, Cucumber, Coconut",Vegetarian,,Prepare it in the richer traditional style and keep the portion generous enough to add calories.,45 mins strength training,"A fuller plate is fine, but keep digestion comfort in mind and spread large meals through the day. Contains Dairy."
338,Kerala,Weight Gain,Dinner,"Idiyappam + Cherupayar Curry (Oven-Finished, With Coconut Milk)",560,28,73,19,10,High,High,High,Safe,"Rice Flour, Green Gram, Coconut, Curry Leaves",Vegetarian,,Prepare it in the richer traditional style and keep the portion generous enough to add calories.,45 mins strength training,"A fuller plate is fine, but keep digestion comfort in mind and spread large meals through the day."
339,Kerala,Weight Gain,Dinner,"Idli + Sambar (Rich, With Ghee)",590,28,79,23,10,Medium,High,Medium,Safe,"Rice, Urad Dal, Toor Dal, Mixed Vegetables",Vegetarian,,Prepare it in the richer traditional style and keep the portion generous enough to add calories. Stay with a sensible serving if you are watching overall intake.,45 mins strength training,"A fuller plate is fine, but keep digestion comfort in mind and spread large meals through the day."
340,Kerala,Weight Gain,Dinner,"Kalappam + Kadala Curry (Pan-Fried, With Coconut Milk)",550,23,74,18,8,High,Medium,Low,Safe,"Rice Flour, Coconut, Black Chickpeas, Onion",Vegetarian,,Prepare it in the richer traditional style and keep the portion generous enough to add calories.,45 mins strength training,"A fuller plate is fine, but keep digestion comfort in mind and spread large meals through the day."
341,Kerala,Weight Gain,Dinner,"Kappa + Cherupayar Curry (Traditionally Prepared, Creamy Texture)",610,24,84,24,9,Medium,Medium,Medium,Safe,"Tapioca, Green Gram, Coconut, Curry Leaves",Vegetarian,,Prepare it in the richer traditional style and keep the portion generous enough to add calories.,45 mins strength training,"A fuller plate is fine, but keep digestion comfort in mind and spread large meals through the day."
342,Kerala,Weight Gain,Dinner,"Kappa + Kadala Curry (Layered, Creamy Texture)",610,24,84,24,9,Low,High,Medium,Safe,"Tapioca, Black Chickpeas, Coconut, Curry Leaves",Vegetarian,,Prepare it in the richer traditional style and keep the portion generous enough to add calories.,45 mins strength training,"A fuller plate is fine, but keep digestion comfort in mind and spread large meals through the day."
343,Kerala,Weight Gain,Dinner,"Kappa + Vegetable Stew (Golden-Fried, Creamy Texture)",610,24,84,24,9,High,Medium,Medium,Dairy,"Tapioca, Mixed Vegetables, Coconut Milk, Curry Leaves",Vegetarian,,Prepare it in the richer traditional style and keep the portion generous enough to add calories.,45 mins strength training,"A fuller plate is fine, but keep digestion comfort in mind and spread large meals through the day."
344,Kerala,Weight Gain,Dinner,"Kappa Puzhukku + Kadala Curry (Slow-Cooked, Creamy Texture)",610,24,84,24,9,High,Low,Medium,Safe,"Tapioca, Black Chickpeas, Coconut, Curry Leaves",Vegetarian,,Prepare it in the richer traditional style and keep the portion generous enough to add calories.,45 mins strength training,"A fuller plate is fine, but keep digestion comfort in mind and spread large meals through the day."
345,Kerala,Weight Gain,Dinner,"Matta Rice + Erissery (Hearty, Creamy Texture)",570,23,72,21,10,High,Medium,Medium,Gluten,"Matta Rice, Pumpkin, Red Gram, Coconut, Cumin",Vegetarian,,Prepare it in the richer traditional style and keep the portion generous enough to add calories. Stay with a sensible serving if you are watching overall intake.,45 mins strength training,"A fuller plate is fine, but keep digestion comfort in mind and spread large meals through the day."
346,Kerala,Weight Gain,Dinner,"Matta Rice + Koottu Curry (Slow-Cooked, With Coconut Milk)",540,23,66,17,10,High,Low,High,Gluten,"Matta Rice, Yam, Plantain, Black Chickpeas, Coconut",Vegetarian,,Prepare it in the richer traditional style and keep the portion generous enough to add calories.,45 mins strength training,"A fuller plate is fine, but keep digestion comfort in mind and spread large meals through the day."
347,Kerala,Weight Gain,Dinner,"Matta Rice + Parippu Curry (Oven-Finished, Creamy Texture)",607,25,82,23,9,Low,High,Medium,Gluten,"Matta Rice, Toor Dal, Coconut, Curry Leaves",Vegetarian,,Prepare it in the richer traditional style and keep the portion generous enough to add calories.,45 mins strength training,"A fuller plate is fine, but keep digestion comfort in mind and spread large meals through the day."
348,Kerala,Weight Gain,Dinner,"Matta Rice + Sambar (Layered, With Coconut Milk)",577,25,76,19,9,High,High,Medium,Gluten,"Matta Rice, Toor Dal, Mixed Vegetables, Tamarind",Vegetarian,,Prepare it in the richer traditional style and keep the portion generous enough to add calories.,45 mins strength training,"A fuller plate is fine, but keep digestion comfort in mind and spread large meals through the day."
349,Kerala,Weight Gain,Dinner,"Pathiri + Kadala Curry (Hearty, With Coconut Milk)",580,23,80,22,8,High,Medium,Medium,Safe,"Rice Flour, Black Chickpeas, Onion, Ginger, Coconut",Vegetarian,,Prepare it in the richer traditional style and keep the portion generous enough to add calories. Stay with a sensible serving if you are watching overall intake.,45 mins strength training,"A fuller plate is fine, but keep digestion comfort in mind and spread large meals through the day."
350,Kerala,Weight Gain,Dinner,"Puttu + Kadala Curry (Golden-Fried, With Coconut Milk)",560,28,73,19,10,High,Medium,Medium,Safe,"Rice Flour, Black Chickpeas, Coconut, Curry Leaves",Vegetarian,,Prepare it in the richer traditional style and keep the portion generous enough to add calories.,45 mins strength training,"A fuller plate is fine, but keep digestion comfort in mind and spread large meals through the day."
351,Kerala,Weight Gain,Dinner,Puttu + Kadala Curry + Pappadam,600,25,85,18,6,Medium,Medium,Medium,Safe,"Rice Flour, Black Chickpeas, Coconut",Vegetarian,,Add copious coconut to kadala curry; fry pappadam.,45 mins strength training,Monitor lipid profile
352,Kerala,Weight Gain,Dinner,"Rice + Pumpkin Erissery (Rich, With Coconut Milk)",540,23,66,17,10,Medium,High,Low,Safe,"Rice, Pumpkin, Red Gram, Coconut, Cumin",Vegetarian,,Prepare it in the richer traditional style and keep the portion generous enough to add calories. Stay with a sensible serving if you are watching overall intake.,45 mins strength training,"A fuller plate is fine, but keep digestion comfort in mind and spread large meals through the day."
353,Kerala,Weight Gain,Dinner,Appam + Duck Curry,600,25,85,18,6,Medium,Medium,Medium,Dairy,"Rice Flour, Duck, Coconut Milk",Non-Vegetarian,duck,Cook duck in rich coconut milk.,45 mins strength training,Monitor lipid profile
354,Kerala,Weight Gain,Dinner,"Appam + Duck Roast (Traditionally Prepared, With Ghee)",640,36,76,33,6,Medium,High,High,Safe,"Rice Flour, Duck, Onion, Ginger, Pepper",Non-Vegetarian,Duck,Prepare it in the richer traditional style and keep the portion generous enough to add calories. Stay with a sensible serving if you are watching overall intake.,45 mins strength training,"A fuller plate is fine, but keep digestion comfort in mind and spread large meals through the day."
355,Kerala,Weight Gain,Dinner,"Appam + Mutton Stew (Pan-Fried, With Ghee)",645,37,76,34,6,Medium,High,High,Dairy,"Rice Flour, Mutton, Coconut Milk, Onion, Pepper",Non-Vegetarian,Mutton,Prepare it in the richer traditional style and keep the portion generous enough to add calories. Stay with a sensible serving if you are watching overall intake.,45 mins strength training,"A fuller plate is fine, but keep digestion comfort in mind and spread large meals through the day. Contains Dairy."
356,Kerala,Weight Gain,Dinner,"Chuttirachi (Grilled Beef) (Rich, Full Portion)",645,37,76,34,6,Medium,High,High,Safe,"Beef, Black Pepper, Garlic, Coconut Oil",Non-Vegetarian,Beef,Prepare it in the richer traditional style and keep the portion generous enough to add calories. Stay with a sensible serving if you are watching overall intake.,45 mins strength training,"A fuller plate is fine, but keep digestion comfort in mind and spread large meals through the day."
357,Kerala,Weight Gain,Dinner,"Dosa + Double Egg Roast (Slow-Cooked, With Ghee)",600,32,76,27,7,Medium,High,Medium,"Egg, Eggs","Rice, Urad Dal, Eggs, Onion, Tomato",Non-Vegetarian,,Prepare it in the richer traditional style and keep the portion generous enough to add calories. Stay with a sensible serving if you are watching overall intake.,45 mins strength training,"A fuller plate is fine, but keep digestion comfort in mind and spread large meals through the day. Contains Eggs."
358,Kerala,Weight Gain,Dinner,"Duck Mappas (Slow-Cooked, Full Portion)",640,36,76,33,6,Medium,High,High,Dairy,"Duck, Coconut Milk, Shallots, Ginger, Pepper",Non-Vegetarian,Duck,Prepare it in the richer traditional style and keep the portion generous enough to add calories.,45 mins strength training,"A fuller plate is fine, but keep digestion comfort in mind and spread large meals through the day. Contains Dairy."
359,Kerala,Weight Gain,Dinner,Ghee Rice + Mutton Curry,600,25,85,18,6,High,Medium,Medium,Dairy,"Kaima Rice, Mutton, Ghee",Non-Vegetarian,mutton,Serve ghee rice with thick mutton gravy.,45 mins strength training,Monitor lipid profile
360,Kerala,Weight Gain,Dinner,Idiyappam + Beef Stew,600,25,85,18,6,Medium,Medium,Medium,Dairy,"Rice Flour, Beef, Coconut Milk",Non-Vegetarian,beef,Use thick coconut milk for the stew.,45 mins strength training,Monitor lipid profile
361,Kerala,Weight Gain,Dinner,"Idiyappam + Mutton Stew (Golden-Fried, With Ghee)",645,37,76,34,6,Medium,High,High,Dairy,"Rice Flour, Mutton, Coconut Milk, Onion, Pepper",Non-Vegetarian,Mutton,Prepare it in the richer traditional style and keep the portion generous enough to add calories. Stay with a sensible serving if you are watching overall intake.,45 mins strength training,"A fuller plate is fine, but keep digestion comfort in mind and spread large meals through the day. Contains Dairy."
362,Kerala,Weight Gain,Dinner,Kappa (Tapioca) + Meen Curry,600,25,85,18,6,Medium,Medium,Medium,Fish,"Tapioca, Fish, Coconut",Non-Vegetarian,fish,Mash tapioca with coconut; serve with rich fish curry.,45 mins strength training,Monitor lipid profile
363,Kerala,Weight Gain,Dinner,"Kappa + Egg Roast (Hearty, With Ghee)",600,32,76,27,7,High,High,Medium,"Egg, Eggs","Tapioca, Eggs, Onion, Tomato, Coconut Oil",Non-Vegetarian,,Prepare it in the richer traditional style and keep the portion generous enough to add calories. Stay with a sensible serving if you are watching overall intake.,45 mins strength training,"A fuller plate is fine, but keep digestion comfort in mind and spread large meals through the day. Contains Eggs."
364,Kerala,Weight Gain,Dinner,"Kappa Puzhukku + Fish Curry (Layered, With Ghee)",620,34,76,26,7,High,Medium,Medium,Fish,"Tapioca, Fish, Coconut, Curry Leaves, Tamarind",Non-Vegetarian,Fish,Prepare it in the richer traditional style and keep the portion generous enough to add calories. Stay with a sensible serving if you are watching overall intake.,45 mins strength training,"A fuller plate is fine, but keep digestion comfort in mind and spread large meals through the day. Contains Fish."
365,Kerala,Weight Gain,Dinner,"Pathiri + Beef Fry (Oven-Finished, With Ghee)",645,37,76,34,6,Medium,High,High,Safe,"Rice Flour, Beef, Onion, Curry Leaves, Coconut Oil",Non-Vegetarian,Beef,Prepare it in the richer traditional style and keep the portion generous enough to add calories. Stay with a sensible serving if you are watching overall intake.,45 mins strength training,"A fuller plate is fine, but keep digestion comfort in mind and spread large meals through the day."
366,Kerala,Weight Gain,Dinner,Pathiri + Kozhi Roast,600,25,85,18,6,Medium,Medium,Medium,Safe,"Rice Flour, Chicken, Onion",Non-Vegetarian,chicken,Dry roast pathiri; serve with heavy chicken roast.,45 mins strength training,Monitor lipid profile
367,Kerala,Weight Gain,Dinner,"Pork Peralan (Pan-Fried, Full Portion)",645,37,76,34,6,Medium,High,High,Safe,"Pork, Coriander Powder, Chilli Powder, Pepper, Vinegar",Non-Vegetarian,Pork,Prepare it in the richer traditional style and keep the portion generous enough to add calories.,45 mins strength training,"A fuller plate is fine, but keep digestion comfort in mind and spread large meals through the day."
368,Kerala,Weight Gain,Dinner,Porotta + Beef Fry,600,25,85,18,6,High,Medium,Medium,Gluten,"Maida, Beef, Coconut Oil",Non-Vegetarian,beef,Serve flaky porotta with deeply roasted beef.,45 mins strength training,Monitor lipid profile
369,Kerala,Weight Gain,Dinner,"Dosa + Sambar (Pan-Fried, Extra Rice)",580,23,80,22,8,Medium,Medium,Medium,Safe,"Rice, Urad Dal, Toor Dal, Mixed Vegetables",Vegan,,Prepare it in the richer traditional style and keep the portion generous enough to add calories.,45 mins strength training,"A fuller plate is fine, but keep digestion comfort in mind and spread large meals through the day."
370,Kerala,Weight Gain,Dinner,"Idiyappam + Cherupayar Curry (Oven-Finished, Jaggery-Sweetened)",590,28,79,23,10,Medium,Low,Medium,Safe,"Rice Flour, Green Gram, Coconut, Curry Leaves",Vegan,,Prepare it in the richer traditional style and keep the portion generous enough to add calories.,45 mins strength training,"A fuller plate is fine, but keep digestion comfort in mind and spread large meals through the day."
371,Kerala,Weight Gain,Dinner,"Idli + Sambar (Rich, Extra Rice)",590,28,79,23,10,Low,Medium,Medium,Safe,"Rice, Urad Dal, Toor Dal, Mixed Vegetables",Vegan,,Prepare it in the richer traditional style and keep the portion generous enough to add calories. Stay with a sensible serving if you are watching overall intake.,45 mins strength training,"A fuller plate is fine, but keep digestion comfort in mind and spread large meals through the day."
372,Kerala,Weight Gain,Dinner,"Kalappam + Kadala Curry (Slow-Cooked, Jaggery-Sweetened)",580,23,80,22,8,Medium,High,Medium,Safe,"Rice Flour, Coconut, Black Chickpeas, Onion",Vegan,,Prepare it in the richer traditional style and keep the portion generous enough to add calories.,45 mins strength training,"A fuller plate is fine, but keep digestion comfort in mind and spread large meals through the day."
373,Kerala,Weight Gain,Dinner,"Kappa + Cherupayar Curry (Golden-Fried, Full Portion)",610,24,84,24,9,Medium,Medium,Medium,Safe,"Tapioca, Green Gram, Coconut, Curry Leaves",Vegan,,Prepare it in the richer traditional style and keep the portion generous enough to add calories.,45 mins strength training,"A fuller plate is fine, but keep digestion comfort in mind and spread large meals through the day."
374,Kerala,Weight Gain,Dinner,"Kappa + Kadala Curry (Traditionally Prepared, Full Portion)",610,24,84,24,9,High,High,Medium,Safe,"Tapioca, Black Chickpeas, Coconut, Curry Leaves",Vegan,,Prepare it in the richer traditional style and keep the portion generous enough to add calories.,45 mins strength training,"A fuller plate is fine, but keep digestion comfort in mind and spread large meals through the day."
375,Kerala,Weight Gain,Dinner,"Kappa + Vegetable Stew (Oven-Finished, Full Portion)",610,24,84,24,9,Medium,Low,Medium,Dairy,"Tapioca, Mixed Vegetables, Coconut Milk, Curry Leaves",Vegan,,Prepare it in the richer traditional style and keep the portion generous enough to add calories.,45 mins strength training,"A fuller plate is fine, but keep digestion comfort in mind and spread large meals through the day."
376,Kerala,Weight Gain,Dinner,"Kappa Puzhukku + Kadala Curry (Layered, Full Portion)",610,24,84,24,9,Medium,Medium,Medium,Safe,"Tapioca, Black Chickpeas, Coconut, Curry Leaves",Vegan,,Prepare it in the richer traditional style and keep the portion generous enough to add calories.,45 mins strength training,"A fuller plate is fine, but keep digestion comfort in mind and spread large meals through the day."
377,Kerala,Weight Gain,Dinner,"Matta Rice + Erissery (Rich, Jaggery-Sweetened)",570,23,72,21,10,High,Medium,Medium,Gluten,"Matta Rice, Pumpkin, Red Gram, Coconut, Cumin",Vegan,,Prepare it in the richer traditional style and keep the portion generous enough to add calories. Stay with a sensible serving if you are watching overall intake.,45 mins strength training,"A fuller plate is fine, but keep digestion comfort in mind and spread large meals through the day."
378,Kerala,Weight Gain,Dinner,"Matta Rice + Koottu Curry (Layered, Jaggery-Sweetened)",570,23,72,21,10,Medium,Medium,Medium,Gluten,"Matta Rice, Yam, Plantain, Black Chickpeas, Coconut",Vegan,,Prepare it in the richer traditional style and keep the portion generous enough to add calories.,45 mins strength training,"A fuller plate is fine, but keep digestion comfort in mind and spread large meals through the day."
379,Kerala,Weight Gain,Dinner,"Matta Rice + Parippu Curry (Hearty, Full Portion)",607,25,82,23,9,Medium,High,Medium,Gluten,"Matta Rice, Toor Dal, Coconut, Curry Leaves",Vegan,,Prepare it in the richer traditional style and keep the portion generous enough to add calories. Stay with a sensible serving if you are watching overall intake.,45 mins strength training,"A fuller plate is fine, but keep digestion comfort in mind and spread large meals through the day."
380,Kerala,Weight Gain,Dinner,"Matta Rice + Sambar (Traditionally Prepared, Jaggery-Sweetened)",607,25,82,23,9,Low,High,Medium,Gluten,"Matta Rice, Toor Dal, Mixed Vegetables, Tamarind",Vegan,,Prepare it in the richer traditional style and keep the portion generous enough to add calories.,45 mins strength training,"A fuller plate is fine, but keep digestion comfort in mind and spread large meals through the day."
381,Kerala,Weight Gain,Dinner,"Pathiri + Kadala Curry (Hearty, Jaggery-Sweetened)",580,23,80,22,8,Medium,High,Medium,Safe,"Rice Flour, Black Chickpeas, Onion, Ginger, Coconut",Vegan,,Prepare it in the richer traditional style and keep the portion generous enough to add calories. Stay with a sensible serving if you are watching overall intake.,45 mins strength training,"A fuller plate is fine, but keep digestion comfort in mind and spread large meals through the day."
382,Kerala,Weight Gain,Dinner,"Puttu + Kadala Curry (Golden-Fried, Jaggery-Sweetened)",590,28,79,23,10,Medium,Medium,Medium,Safe,"Rice Flour, Black Chickpeas, Coconut, Curry Leaves",Vegan,,Prepare it in the richer traditional style and keep the portion generous enough to add calories.,45 mins strength training,"A fuller plate is fine, but keep digestion comfort in mind and spread large meals through the day."
383,Kerala,Weight Gain,Dinner,"Ragi Puttu + Cherupayar Curry (Slow-Cooked, Extra Rice)",580,23,80,22,8,Medium,High,Medium,Safe,"Finger Millet, Green Gram, Coconut, Curry Leaves",Vegan,,Prepare it in the richer traditional style and keep the portion generous enough to add calories.,45 mins strength training,"A fuller plate is fine, but keep digestion comfort in mind and spread large meals through the day."
384,Kerala,Weight Gain,Dinner,"Rice + Pumpkin Erissery (Pan-Fried, Jaggery-Sweetened)",570,23,72,21,10,Medium,Medium,Medium,Safe,"Rice, Pumpkin, Red Gram, Coconut, Cumin",Vegan,,Prepare it in the richer traditional style and keep the portion generous enough to add calories.,45 mins strength training,"A fuller plate is fine, but keep digestion comfort in mind and spread large meals through the day."
385,Kerala,Bulking,Breakfast,"Appam + Vegetable Stew (Grilled, With Egg)",470,31,59,11,6,Medium,High,High,Safe,"Rice Flour, Coconut, Mixed Vegetables, Ginger, Curry Leaves",Vegetarian,,Keep the authentic base and add enough protein-rich components so the meal supports training and recovery. The added protein makes the meal more filling and better aligned to the goal.,45 mins strength training,Keep hydration high and avoid letting the added calories come only from fried food.
386,Kerala,Bulking,Breakfast,"Cherupayar Sundal (Protein-Boosted, With Egg)",510,36,58,17,8,High,Medium,High,Mustard,"Green Gram, Coconut, Curry Leaves, Mustard Seeds",Vegetarian,,Keep the authentic base and add enough protein-rich components so the meal supports training and recovery. The added protein makes the meal more filling and better aligned to the goal.,45 mins strength training,Keep hydration high and avoid letting the added calories come only from fried food.
387,Kerala,Bulking,Breakfast,"Dosa + Sambar (Well-Portioned, With Extra Legumes)",500,31,59,16,9,Low,High,High,Safe,"Rice, Urad Dal, Toor Dal, Mixed Vegetables",Vegetarian,,Keep the authentic base and add enough protein-rich components so the meal supports training and recovery. The added protein makes the meal more filling and better aligned to the goal.,45 mins strength training,Keep hydration high and avoid letting the added calories come only from fried food.
388,Kerala,Bulking,Breakfast,"Idiyappam + Cherupayar Curry (Pan-Cooked, With Extra Legumes)",510,36,58,17,11,High,Medium,High,Safe,"Rice Flour, Green Gram, Coconut, Curry Leaves",Vegetarian,,Keep the authentic base and add enough protein-rich components so the meal supports training and recovery. The added protein makes the meal more filling and better aligned to the goal.,45 mins strength training,Keep hydration high and avoid letting the added calories come only from fried food.
389,Kerala,Bulking,Breakfast,"Idli + Sambar (Slow-Cooked, With Extra Legumes)",510,36,58,17,11,Low,Medium,High,Safe,"Rice, Urad Dal, Toor Dal, Mixed Vegetables",Vegetarian,,Keep the authentic base and add enough protein-rich components so the meal supports training and recovery. The added protein makes the meal more filling and better aligned to the goal.,45 mins strength training,Keep hydration high and avoid letting the added calories come only from fried food.
390,Kerala,Bulking,Breakfast,"Kadala Sundal (Hearty, With Egg)",540,36,64,21,8,High,High,Medium,Mustard,"Black Chickpeas, Coconut, Curry Leaves, Mustard Seeds",Vegetarian,,Keep the authentic base and add enough protein-rich components so the meal supports training and recovery. The added protein makes the meal more filling and better aligned to the goal.,45 mins strength training,Keep hydration high and avoid letting the added calories come only from fried food.
391,Kerala,Bulking,Breakfast,"Kalappam + Kadala Curry (Post-Workout, With Extra Legumes)",500,31,59,16,9,Medium,High,High,Safe,"Rice Flour, Coconut, Black Chickpeas, Onion",Vegetarian,,Keep the authentic base and add enough protein-rich components so the meal supports training and recovery. The added protein makes the meal more filling and better aligned to the goal.,45 mins strength training,Keep hydration high and avoid letting the added calories come only from fried food.
392,Kerala,Bulking,Breakfast,"Kappa Puzhukku + Kadala Curry (Protein-Boosted, With Extra Legumes)",530,32,63,18,10,High,Medium,Medium,Safe,"Tapioca, Black Chickpeas, Coconut, Curry Leaves",Vegetarian,,Keep the authentic base and add enough protein-rich components so the meal supports training and recovery. The added protein makes the meal more filling and better aligned to the goal.,45 mins strength training,Keep hydration high and avoid letting the added calories come only from fried food.
393,Kerala,Bulking,Breakfast,"Karikku Dosa + Coconut Chutney (Double Protein, With Egg)",500,31,59,16,6,High,Medium,High,Safe,"Rice, Tender Coconut, Coconut, Green Chilli, Curry Leaves",Vegetarian,,Keep the authentic base and add enough protein-rich components so the meal supports training and recovery. The added protein makes the meal more filling and better aligned to the goal.,45 mins strength training,Keep hydration high and avoid letting the added calories come only from fried food.
394,Kerala,Bulking,Breakfast,"Pathiri + Kadala Curry (Grilled, With Extra Legumes)",470,31,59,11,9,Medium,High,Medium,Safe,"Rice Flour, Black Chickpeas, Onion, Ginger, Coconut",Vegetarian,,Keep the authentic base and add enough protein-rich components so the meal supports training and recovery. The added protein makes the meal more filling and better aligned to the goal.,45 mins strength training,Keep hydration high and avoid letting the added calories come only from fried food.
395,Kerala,Bulking,Breakfast,"Pathiri + Vegetable Kurma (Well-Portioned, With Egg)",500,31,59,16,6,High,High,High,Safe,"Rice Flour, Mixed Vegetables, Coconut, Cumin",Vegetarian,,Keep the authentic base and add enough protein-rich components so the meal supports training and recovery. The added protein makes the meal more filling and better aligned to the goal.,45 mins strength training,Keep hydration high and avoid letting the added calories come only from fried food.
396,Kerala,Bulking,Breakfast,"Peppered Kanji + Cherupayar Curry (Slow-Cooked, With Egg)",500,31,59,16,6,High,Medium,Medium,Safe,"Rice, Pepper, Green Gram, Curry Leaves",Vegetarian,,Keep the authentic base and add enough protein-rich components so the meal supports training and recovery. The added protein makes the meal more filling and better aligned to the goal.,45 mins strength training,Keep hydration high and avoid letting the added calories come only from fried food.
397,Kerala,Bulking,Breakfast,"Puttu + Kadala Curry (Hearty, With Extra Legumes)",540,36,64,21,11,High,High,Medium,Safe,"Rice Flour, Black Chickpeas, Coconut, Curry Leaves",Vegetarian,,Keep the authentic base and add enough protein-rich components so the meal supports training and recovery. The added protein makes the meal more filling and better aligned to the goal.,45 mins strength training,Keep hydration high and avoid letting the added calories come only from fried food.
398,Kerala,Bulking,Breakfast,"Ragi Puttu + Cherupayar Curry (Double Protein, With Extra Legumes)",500,31,59,16,9,High,Medium,Medium,Safe,"Finger Millet, Green Gram, Coconut, Curry Leaves",Vegetarian,,Keep the authentic base and add enough protein-rich components so the meal supports training and recovery. The added protein makes the meal more filling and better aligned to the goal.,45 mins strength training,Keep hydration high and avoid letting the added calories come only from fried food.
399,Kerala,Bulking,Breakfast,"Uppumavu + Green Peas Curry (Post-Workout, With Egg)",500,31,59,16,6,Medium,High,Medium,"Gluten, Mustard","Semolina, Green Peas, Onion, Mustard Seeds, Curry Leaves",Vegetarian,,Keep the authentic base and add enough protein-rich components so the meal supports training and recovery. The added protein makes the meal more filling and better aligned to the goal.,45 mins strength training,Keep hydration high and avoid letting the added calories come only from fried food. Contains Gluten.
400,Kerala,Bulking,Breakfast,"Uzhunnu Vada (Pan-Cooked, With Egg)",570,34,65,28,4,Low,High,High,Safe,"Urad Dal, Onion, Pepper, Curry Leaves",Vegetarian,,Keep the authentic base and add enough protein-rich components so the meal supports training and recovery. The added protein makes the meal more filling and better aligned to the goal.,45 mins strength training,Keep hydration high and avoid letting the added calories come only from fried food.
401,Kerala,Bulking,Breakfast,"Appam + Chicken Stew (Pan-Cooked, With Fish)",545,44,55,22,5,High,Medium,High,Dairy,"Rice Flour, Chicken, Coconut Milk, Onion, Pepper",Non-Vegetarian,Chicken,Keep the authentic base and add enough protein-rich components so the meal supports training and recovery. The added protein makes the meal more filling and better aligned to the goal.,45 mins strength training,Keep hydration high and avoid letting the added calories come only from fried food. Contains Dairy.
402,Kerala,Bulking,Breakfast,"Appam + Fish Moilee (Slow-Cooked, With Fish)",540,42,55,20,5,High,Medium,Medium,"Dairy, Fish","Rice Flour, Fish, Coconut Milk, Green Chilli, Curry Leaves",Non-Vegetarian,Fish,Keep the authentic base and add enough protein-rich components so the meal supports training and recovery. The added protein makes the meal more filling and better aligned to the goal.,45 mins strength training,"Keep hydration high and avoid letting the added calories come only from fried food. Contains Fish, Dairy."
403,Kerala,Bulking,Breakfast,Appam + Mutton Keema,700,45,80,22,8,Medium,Medium,Medium,Safe,"Rice Flour, Minced Mutton",Non-Vegetarian,mutton,Serve appam with protein-dense mutton keema.,60 mins heavy lifting,Maintain high water intake for protein metabolism
404,Kerala,Bulking,Breakfast,"Appam + Mutton Stew (Grilled, With Fish)",535,45,55,23,4,Medium,High,High,Dairy,"Rice Flour, Mutton, Coconut Milk, Onion, Pepper",Non-Vegetarian,Mutton,Keep the authentic base and add enough protein-rich components so the meal supports training and recovery. The added protein makes the meal more filling and better aligned to the goal.,45 mins strength training,Keep hydration high and avoid letting the added calories come only from fried food. Contains Dairy.
405,Kerala,Bulking,Breakfast,Dosa + Beef Keema,700,45,80,22,8,Medium,Medium,Medium,Safe,"Rice, Urad Dal, Minced Beef",Non-Vegetarian,beef,Top dosa with heavy beef keema.,60 mins heavy lifting,Maintain high water intake for protein metabolism
406,Kerala,Bulking,Breakfast,"Idiyappam + Chicken Curry (Double Protein, With Fish)",545,44,55,22,5,High,Medium,High,Safe,"Rice Flour, Chicken, Onion, Ginger, Coconut",Non-Vegetarian,Chicken,Keep the authentic base and add enough protein-rich components so the meal supports training and recovery. The added protein makes the meal more filling and better aligned to the goal.,45 mins strength training,Keep hydration high and avoid letting the added calories come only from fried food.
407,Kerala,Bulking,Breakfast,Idiyappam + Chicken Roast,700,45,80,22,8,Medium,Medium,Medium,Safe,"Rice Flour, Chicken",Non-Vegetarian,chicken,Pair idiyappam with a large portion of dry chicken roast.,60 mins heavy lifting,Maintain high water intake for protein metabolism
408,Kerala,Bulking,Breakfast,"Idiyappam + Egg Roast (Well-Portioned, With Fish)",520,40,55,21,5,High,High,High,"Egg, Eggs","Rice Flour, Eggs, Onion, Tomato, Coconut Oil",Non-Vegetarian,,Keep the authentic base and add enough protein-rich components so the meal supports training and recovery. The added protein makes the meal more filling and better aligned to the goal.,45 mins strength training,Keep hydration high and avoid letting the added calories come only from fried food. Contains Eggs.
409,Kerala,Bulking,Breakfast,"Kappa + Egg Roast (Hearty, With Fish)",550,40,61,25,5,High,High,Medium,"Egg, Eggs","Tapioca, Eggs, Onion, Tomato, Coconut Oil",Non-Vegetarian,,Keep the authentic base and add enough protein-rich components so the meal supports training and recovery. The added protein makes the meal more filling and better aligned to the goal.,45 mins strength training,Keep hydration high and avoid letting the added calories come only from fried food. Contains Eggs.
410,Kerala,Bulking,Breakfast,"Kappa Puzhukku + Fish Curry (Protein-Boosted, With Fish)",540,42,55,20,5,High,Medium,High,Fish,"Tapioca, Fish, Coconut, Curry Leaves, Tamarind",Non-Vegetarian,Fish,Keep the authentic base and add enough protein-rich components so the meal supports training and recovery. The added protein makes the meal more filling and better aligned to the goal.,45 mins strength training,Keep hydration high and avoid letting the added calories come only from fried food. Contains Fish.
411,Kerala,Bulking,Breakfast,Puttu + 4 Whole Eggs Curry,700,45,80,22,8,Medium,Medium,High,"Egg, Eggs","Rice Flour, Eggs, Coconut",Non-Vegetarian,,Steam puttu; cook 4 whole eggs in thick gravy.,60 mins heavy lifting,Maintain high water intake for protein metabolism
412,Kerala,Bulking,Breakfast,Puttu + Beef Ularthiyathu,700,45,80,22,8,Medium,Medium,Medium,Safe,"Rice Flour, Beef",Non-Vegetarian,beef,Serve puttu with an extra large portion of beef.,60 mins heavy lifting,Maintain high water intake for protein metabolism
413,Kerala,Bulking,Breakfast,"Puttu + Egg Curry (Protein-Boosted, With Chicken)",520,40,55,21,5,High,Medium,High,"Egg, Eggs","Rice Flour, Eggs, Onion, Tomato, Coconut",Non-Vegetarian,,Keep the authentic base and add enough protein-rich components so the meal supports training and recovery. The added protein makes the meal more filling and better aligned to the goal.,45 mins strength training,Keep hydration high and avoid letting the added calories come only from fried food. Contains Eggs.
414,Kerala,Bulking,Breakfast,"Puttu + Fish Curry (Post-Workout, With Fish)",540,42,55,20,5,Medium,High,Medium,Fish,"Rice Flour, Fish, Coconut, Tamarind, Curry Leaves",Non-Vegetarian,Fish,Keep the authentic base and add enough protein-rich components so the meal supports training and recovery. The added protein makes the meal more filling and better aligned to the goal.,45 mins strength training,Keep hydration high and avoid letting the added calories come only from fried food. Contains Fish.
415,Kerala,Bulking,Breakfast,Ragi Puttu + Chicken Curry,700,45,80,22,8,Low,Medium,Medium,Safe,"Finger Millet, Chicken",Non-Vegetarian,chicken,Use ragi for complex carbs; heavy chicken pieces for protein.,60 mins heavy lifting,Maintain high water intake for protein metabolism
416,Kerala,Bulking,Breakfast,Wheat Porotta + Egg Roast,700,45,80,22,8,Medium,Medium,High,"Egg, Gluten, Gluten|Eggs","Wheat Flour, Eggs, Onion",Non-Vegetarian,,Serve porotta with a 4-egg roast.,60 mins heavy lifting,Maintain high water intake for protein metabolism
417,Kerala,Bulking,Breakfast,"Appam + Vegetable Stew (Slow-Cooked, Lean Protein)",495,31,59,14,6,Medium,Medium,Medium,Safe,"Rice Flour, Coconut, Mixed Vegetables, Ginger, Curry Leaves",Vegan,,Keep the authentic base and add enough protein-rich components so the meal supports training and recovery.,45 mins strength training,Keep hydration high and avoid letting the added calories come only from fried food.
418,Kerala,Bulking,Breakfast,"Cherupayar Sundal (Hearty, Lean Protein)",535,36,64,19,8,Medium,High,Medium,Mustard,"Green Gram, Coconut, Curry Leaves, Mustard Seeds",Vegan,,Keep the authentic base and add enough protein-rich components so the meal supports training and recovery. Stay with a sensible serving if you are watching overall intake.,45 mins strength training,Keep hydration high and avoid letting the added calories come only from fried food.
419,Kerala,Bulking,Breakfast,"Dosa + Sambar (Double Protein, With Chicken)",500,31,59,16,6,Medium,Medium,Medium,Safe,"Rice, Urad Dal, Toor Dal, Mixed Vegetables",Vegan,,Keep the authentic base and add enough protein-rich components so the meal supports training and recovery. The added protein makes the meal more filling and better aligned to the goal.,45 mins strength training,Keep hydration high and avoid letting the added calories come only from fried food.
420,Kerala,Bulking,Breakfast,"Idiyappam + Cherupayar Curry (Grilled, With Chicken)",480,36,58,12,8,High,High,Medium,Safe,"Rice Flour, Green Gram, Coconut, Curry Leaves",Vegan,,Keep the authentic base and add enough protein-rich components so the meal supports training and recovery. The added protein makes the meal more filling and better aligned to the goal.,45 mins strength training,Keep hydration high and avoid letting the added calories come only from fried food.
421,Kerala,Bulking,Breakfast,"Idli + Sambar (Well-Portioned, With Chicken)",510,36,58,17,8,Medium,High,High,Safe,"Rice, Urad Dal, Toor Dal, Mixed Vegetables",Vegan,,Keep the authentic base and add enough protein-rich components so the meal supports training and recovery. The added protein makes the meal more filling and better aligned to the goal.,45 mins strength training,Keep hydration high and avoid letting the added calories come only from fried food.
422,Kerala,Bulking,Breakfast,"Kadala Sundal (Pan-Cooked, Lean Protein)",505,36,58,15,8,Medium,Medium,Medium,Mustard,"Black Chickpeas, Coconut, Curry Leaves, Mustard Seeds",Vegan,,Keep the authentic base and add enough protein-rich components so the meal supports training and recovery.,45 mins strength training,Keep hydration high and avoid letting the added calories come only from fried food.
423,Kerala,Bulking,Breakfast,"Kalappam + Kadala Curry (Protein-Boosted, Lean Protein)",495,31,59,14,6,Medium,Medium,High,Safe,"Rice Flour, Coconut, Black Chickpeas, Onion",Vegan,,Keep the authentic base and add enough protein-rich components so the meal supports training and recovery.,45 mins strength training,Keep hydration high and avoid letting the added calories come only from fried food.
424,Kerala,Bulking,Breakfast,"Kappa Puzhukku + Kadala Curry (Hearty, With Chicken)",560,32,69,22,7,Medium,High,Medium,Safe,"Tapioca, Black Chickpeas, Coconut, Curry Leaves",Vegan,,Keep the authentic base and add enough protein-rich components so the meal supports training and recovery. The added protein makes the meal more filling and better aligned to the goal.,45 mins strength training,Keep hydration high and avoid letting the added calories come only from fried food.
425,Kerala,Bulking,Breakfast,"Karikku Dosa + Coconut Chutney (Post-Workout, Lean Protein)",495,31,59,14,6,High,High,Medium,Safe,"Rice, Tender Coconut, Coconut, Green Chilli, Curry Leaves",Vegan,,Keep the authentic base and add enough protein-rich components so the meal supports training and recovery.,45 mins strength training,Keep hydration high and avoid letting the added calories come only from fried food.
426,Kerala,Bulking,Breakfast,"Pathiri + Kadala Curry (Slow-Cooked, With Chicken)",500,31,59,16,6,Medium,Medium,Medium,Safe,"Rice Flour, Black Chickpeas, Onion, Ginger, Coconut",Vegan,,Keep the authentic base and add enough protein-rich components so the meal supports training and recovery. The added protein makes the meal more filling and better aligned to the goal.,45 mins strength training,Keep hydration high and avoid letting the added calories come only from fried food.
427,Kerala,Bulking,Breakfast,"Pathiri + Vegetable Kurma (Double Protein, Lean Protein)",495,31,59,14,6,Medium,Medium,High,Safe,"Rice Flour, Mixed Vegetables, Coconut, Cumin",Vegan,,Keep the authentic base and add enough protein-rich components so the meal supports training and recovery.,45 mins strength training,Keep hydration high and avoid letting the added calories come only from fried food.
428,Kerala,Bulking,Breakfast,"Peppered Kanji + Cherupayar Curry (Well-Portioned, Lean Protein)",495,31,59,14,6,Medium,High,Medium,Safe,"Rice, Pepper, Green Gram, Curry Leaves",Vegan,,Keep the authentic base and add enough protein-rich components so the meal supports training and recovery.,45 mins strength training,Keep hydration high and avoid letting the added calories come only from fried food.
429,Kerala,Bulking,Breakfast,"Puttu + Kadala Curry (Pan-Cooked, With Chicken)",510,36,58,17,8,Medium,Medium,High,Safe,"Rice Flour, Black Chickpeas, Coconut, Curry Leaves",Vegan,,Keep the authentic base and add enough protein-rich components so the meal supports training and recovery. The added protein makes the meal more filling and better aligned to the goal.,45 mins strength training,Keep hydration high and avoid letting the added calories come only from fried food.
430,Kerala,Bulking,Breakfast,"Ragi Puttu + Cherupayar Curry (Post-Workout, With Chicken)",500,31,59,16,6,Low,High,Medium,Safe,"Finger Millet, Green Gram, Coconut, Curry Leaves",Vegan,,Keep the authentic base and add enough protein-rich components so the meal supports training and recovery. The added protein makes the meal more filling and better aligned to the goal.,45 mins strength training,Keep hydration high and avoid letting the added calories come only from fried food.
431,Kerala,Bulking,Breakfast,"Uppumavu + Green Peas Curry (Protein-Boosted, Fiber-Rich)",500,31,59,16,9,Medium,Medium,Medium,"Gluten, Mustard","Semolina, Green Peas, Onion, Mustard Seeds, Curry Leaves",Vegan,,Keep the authentic base and add enough protein-rich components so the meal supports training and recovery. Stay with a sensible serving if you are watching overall intake.,45 mins strength training,Keep hydration high and avoid letting the added calories come only from fried food. Contains Gluten.
432,Kerala,Bulking,Breakfast,"Uzhunnu Vada (Grilled, Lean Protein)",540,34,65,23,4,Low,High,High,Safe,"Urad Dal, Onion, Pepper, Curry Leaves",Vegan,,Keep the authentic base and add enough protein-rich components so the meal supports training and recovery.,45 mins strength training,Keep hydration high and avoid letting the added calories come only from fried food.
433,Kerala,Bulking,Lunch,"Appam + Vegetable Stew (Post-Workout, Balanced Carbs)",720,42,89,24,9,High,High,High,Safe,"Rice Flour, Coconut, Mixed Vegetables, Ginger, Curry Leaves",Vegetarian,,Keep the authentic base and add enough protein-rich components so the meal supports training and recovery.,30 mins resistance work,Keep hydration high and avoid letting the added calories come only from fried food.
434,Kerala,Bulking,Lunch,"Idiyappam + Cherupayar Curry (Well-Portioned, Fiber-Rich)",730,41,88,25,14,Medium,High,Medium,Safe,"Rice Flour, Green Gram, Coconut, Curry Leaves",Vegetarian,,Keep the authentic base and add enough protein-rich components so the meal supports training and recovery. Stay with a sensible serving if you are watching overall intake.,30 mins resistance work,Keep hydration high and avoid letting the added calories come only from fried food.
435,Kerala,Bulking,Lunch,"Idli + Sambar (Post-Workout, Fiber-Rich)",730,47,88,25,14,High,High,Medium,Safe,"Rice, Urad Dal, Toor Dal, Mixed Vegetables",Vegetarian,,Keep the authentic base and add enough protein-rich components so the meal supports training and recovery. Stay with a sensible serving if you are watching overall intake.,30 mins resistance work,Keep hydration high and avoid letting the added calories come only from fried food.
436,Kerala,Bulking,Lunch,"Kappa + Cherupayar Curry (Grilled, Fiber-Rich)",720,37,93,21,13,Low,High,High,Safe,"Tapioca, Green Gram, Coconut, Curry Leaves",Vegetarian,,Keep the authentic base and add enough protein-rich components so the meal supports training and recovery. Stay with a sensible serving if you are watching overall intake.,30 mins resistance work,Keep hydration high and avoid letting the added calories come only from fried food.
437,Kerala,Bulking,Lunch,"Kappa + Kadala Curry (Pan-Cooked, Fiber-Rich)",750,37,93,26,13,Medium,Medium,Medium,Safe,"Tapioca, Black Chickpeas, Coconut, Curry Leaves",Vegetarian,,Keep the authentic base and add enough protein-rich components so the meal supports training and recovery. Stay with a sensible serving if you are watching overall intake.,30 mins resistance work,Keep hydration high and avoid letting the added calories come only from fried food.
438,Kerala,Bulking,Lunch,"Kappa + Vegetable Stew (Well-Portioned, Balanced Carbs)",750,37,93,26,10,Medium,High,Medium,Dairy,"Tapioca, Mixed Vegetables, Coconut Milk, Curry Leaves",Vegetarian,,Keep the authentic base and add enough protein-rich components so the meal supports training and recovery.,30 mins resistance work,Keep hydration high and avoid letting the added calories come only from fried food.
439,Kerala,Bulking,Lunch,"Kappa Puzhukku + Kadala Curry (Hearty, Fiber-Rich)",780,37,99,30,13,Medium,High,Medium,Safe,"Tapioca, Black Chickpeas, Coconut, Curry Leaves",Vegetarian,,Keep the authentic base and add enough protein-rich components so the meal supports training and recovery. Stay with a sensible serving if you are watching overall intake.,30 mins resistance work,Keep hydration high and avoid letting the added calories come only from fried food.
440,Kerala,Bulking,Lunch,"Matta Rice + Erissery (Slow-Cooked, Balanced Carbs)",710,36,81,23,11,Medium,Medium,High,Gluten,"Matta Rice, Pumpkin, Red Gram, Coconut, Cumin",Vegetarian,,Keep the authentic base and add enough protein-rich components so the meal supports training and recovery.,30 mins resistance work,Keep hydration high and avoid letting the added calories come only from fried food.
441,Kerala,Bulking,Lunch,"Matta Rice + Koottu Curry (Pan-Cooked, Balanced Carbs)",710,36,81,23,11,Medium,Medium,Medium,Gluten,"Matta Rice, Yam, Plantain, Black Chickpeas, Coconut",Vegetarian,,Keep the authentic base and add enough protein-rich components so the meal supports training and recovery.,30 mins resistance work,Keep hydration high and avoid letting the added calories come only from fried food.
442,Kerala,Bulking,Lunch,"Matta Rice + Parippu Curry (Hearty, Balanced Carbs)",777,38,97,29,10,Medium,High,Medium,Gluten,"Matta Rice, Toor Dal, Coconut, Curry Leaves",Vegetarian,,Keep the authentic base and add enough protein-rich components so the meal supports training and recovery. Stay with a sensible serving if you are watching overall intake.,30 mins resistance work,Keep hydration high and avoid letting the added calories come only from fried food.
443,Kerala,Bulking,Lunch,"Matta Rice + Sambar (Protein-Boosted, Balanced Carbs)",747,44,91,25,10,Medium,Medium,Medium,Gluten,"Matta Rice, Toor Dal, Mixed Vegetables, Tamarind",Vegetarian,,Keep the authentic base and add enough protein-rich components so the meal supports training and recovery.,30 mins resistance work,Keep hydration high and avoid letting the added calories come only from fried food.
444,Kerala,Bulking,Lunch,"Pathiri + Kadala Curry (Double Protein, Fiber-Rich)",720,42,89,24,12,Medium,Medium,High,Safe,"Rice Flour, Black Chickpeas, Onion, Ginger, Coconut",Vegetarian,,Keep the authentic base and add enough protein-rich components so the meal supports training and recovery. Stay with a sensible serving if you are watching overall intake.,30 mins resistance work,Keep hydration high and avoid letting the added calories come only from fried food.
445,Kerala,Bulking,Lunch,"Peppered Kanji + Cherupayar Curry (Protein-Boosted, Energy Dense)",750,42,95,28,9,Medium,Medium,Medium,Safe,"Rice, Pepper, Green Gram, Curry Leaves",Vegetarian,,Keep the authentic base and add enough protein-rich components so the meal supports training and recovery.,30 mins resistance work,Keep hydration high and avoid letting the added calories come only from fried food.
446,Kerala,Bulking,Lunch,"Puttu + Kadala Curry (Slow-Cooked, Fiber-Rich)",730,41,88,25,14,Medium,Medium,Medium,Safe,"Rice Flour, Black Chickpeas, Coconut, Curry Leaves",Vegetarian,,Keep the authentic base and add enough protein-rich components so the meal supports training and recovery. Stay with a sensible serving if you are watching overall intake.,30 mins resistance work,Keep hydration high and avoid letting the added calories come only from fried food.
447,Kerala,Bulking,Lunch,"Ragi Puttu + Cherupayar Curry (Grilled, Balanced Carbs)",690,36,89,19,9,Low,High,Medium,Safe,"Finger Millet, Green Gram, Coconut, Curry Leaves",Vegetarian,,Keep the authentic base and add enough protein-rich components so the meal supports training and recovery.,30 mins resistance work,Keep hydration high and avoid letting the added calories come only from fried food.
448,Kerala,Bulking,Lunch,"Rice + Pumpkin Erissery (Double Protein, Balanced Carbs)",710,42,81,23,11,Medium,Medium,Medium,Safe,"Rice, Pumpkin, Red Gram, Coconut, Cumin",Vegetarian,,Keep the authentic base and add enough protein-rich components so the meal supports training and recovery.,30 mins resistance work,Keep hydration high and avoid letting the added calories come only from fried food.
449,Kerala,Bulking,Lunch,"Appam + Fish Moilee (Post-Workout, Energy Dense)",790,53,91,32,8,High,High,Medium,"Dairy, Fish","Rice Flour, Fish, Coconut Milk, Green Chilli, Curry Leaves",Non-Vegetarian,Fish,Keep the authentic base and add enough protein-rich components so the meal supports training and recovery.,30 mins resistance work,"Keep hydration high and avoid letting the added calories come only from fried food. Contains Fish, Dairy."
450,Kerala,Bulking,Lunch,"Kappa + Chicken Curry (Well-Portioned, Energy Dense)",795,49,91,34,8,Medium,High,Medium,Safe,"Tapioca, Chicken, Onion, Ginger, Curry Leaves",Non-Vegetarian,Chicken,Keep the authentic base and add enough protein-rich components so the meal supports training and recovery.,30 mins resistance work,Keep hydration high and avoid letting the added calories come only from fried food.
451,Kerala,Bulking,Lunch,"Kappa + Egg Roast (Pan-Cooked, Energy Dense)",770,45,91,33,8,Medium,Medium,Medium,"Egg, Eggs","Tapioca, Eggs, Onion, Tomato, Coconut Oil",Non-Vegetarian,,Keep the authentic base and add enough protein-rich components so the meal supports training and recovery.,30 mins resistance work,Keep hydration high and avoid letting the added calories come only from fried food. Contains Eggs.
452,Kerala,Bulking,Lunch,"Kappa + Fish Curry (Slow-Cooked, Energy Dense)",790,47,91,32,8,Medium,Medium,Medium,Fish,"Tapioca, Fish, Coconut, Tamarind, Curry Leaves",Non-Vegetarian,Fish,Keep the authentic base and add enough protein-rich components so the meal supports training and recovery.,30 mins resistance work,Keep hydration high and avoid letting the added calories come only from fried food. Contains Fish.
453,Kerala,Bulking,Lunch,"Kappa + Fish Moilee (Double Protein, Energy Dense)",790,53,91,32,8,Medium,Medium,Medium,"Dairy, Fish","Tapioca, Fish, Coconut Milk, Onion, Pepper",Non-Vegetarian,Fish,Keep the authentic base and add enough protein-rich components so the meal supports training and recovery.,30 mins resistance work,"Keep hydration high and avoid letting the added calories come only from fried food. Contains Fish, Dairy."
454,Kerala,Bulking,Lunch,"Kappa + Meen Mulakittathu (Grilled, Energy Dense)",760,47,91,27,8,Low,High,Medium,Fish,"Tapioca, Fish, Chilli Powder, Tamarind, Curry Leaves",Non-Vegetarian,Fish,Keep the authentic base and add enough protein-rich components so the meal supports training and recovery.,30 mins resistance work,Keep hydration high and avoid letting the added calories come only from fried food. Contains Fish.
455,Kerala,Bulking,Lunch,"Kappa Puzhukku + Fish Curry (Hearty, Energy Dense)",790,47,91,32,8,Medium,High,Medium,Fish,"Tapioca, Fish, Coconut, Curry Leaves, Tamarind",Non-Vegetarian,Fish,Keep the authentic base and add enough protein-rich components so the meal supports training and recovery. Stay with a sensible serving if you are watching overall intake.,30 mins resistance work,Keep hydration high and avoid letting the added calories come only from fried food. Contains Fish.
456,Kerala,Bulking,Lunch,Matta Rice + 4 Egg Roast + Sambar,900,55,110,26,10,Medium,Medium,High,"Egg, Eggs, Gluten","Matta Rice, Eggs, Toor Dal",Non-Vegetarian,,4 whole eggs roasted; sambar for extra carbs.,60 mins heavy lifting,Maintain high water intake for protein metabolism
457,Kerala,Bulking,Lunch,Matta Rice + Double Beef Roast + Thoran,900,55,110,26,10,Medium,Medium,Medium,Gluten,"Matta Rice, Beef, Cabbage",Non-Vegetarian,beef,Double the beef portion for bulking macros.,60 mins heavy lifting,Maintain high water intake for protein metabolism
458,Kerala,Bulking,Lunch,Matta Rice + Double Fish Curry + Avial,900,55,110,26,10,Medium,Medium,Medium,"Fish, Gluten","Matta Rice, Fish, Mixed Veg, Coconut",Non-Vegetarian,fish,Double fish serving; rich avial for calories.,60 mins heavy lifting,Maintain high water intake for protein metabolism
459,Kerala,Bulking,Lunch,Matta Rice + Duck Roast + Beans Mezhukkupuratti,900,55,110,26,10,Medium,Medium,Medium,Gluten,"Matta Rice, Duck, Green Beans",Non-Vegetarian,duck,Duck meat is calorie-dense and protein-rich.,60 mins heavy lifting,Maintain high water intake for protein metabolism
460,Kerala,Bulking,Lunch,Matta Rice + Mutton Ularthiyathu + Cabbage Thoran,900,55,110,26,10,Medium,Medium,Medium,Gluten,"Matta Rice, Mutton, Cabbage",Non-Vegetarian,mutton,Large mutton chunks roasted well.,60 mins heavy lifting,Maintain high water intake for protein metabolism
461,Kerala,Bulking,Lunch,Matta Rice + Nadan Kozhi Roast + Parippu,900,55,110,26,10,Medium,Medium,Medium,Gluten,"Matta Rice, Chicken, Moong Dal",Non-Vegetarian,chicken,Combine heavy chicken roast with lentil protein.,60 mins heavy lifting,Maintain high water intake for protein metabolism
462,Kerala,Bulking,Lunch,Matta Rice + Pork Fry + Cheera Thoran,900,55,110,26,10,Medium,Medium,High,Gluten,"Matta Rice, Pork, Spinach",Non-Vegetarian,pork,Pork fry provides dense calories; cheera for micronutrients.,60 mins heavy lifting,Maintain high water intake for protein metabolism
463,Kerala,Bulking,Lunch,Matta Rice + Prawns Roast + Erissery,900,55,110,26,10,Medium,Medium,Medium,"Fish, Gluten, Shellfish","Matta Rice, Prawns, Pumpkin, Coconut",Non-Vegetarian,prawns,Double prawns serving; erissery for healthy fats.,60 mins heavy lifting,Maintain high water intake for protein metabolism
464,Kerala,Bulking,Lunch,"Puttu + Fish Curry (Protein-Boosted, With Extra Legumes)",760,53,85,28,11,Medium,Medium,Medium,Fish,"Rice Flour, Fish, Coconut, Tamarind, Curry Leaves",Non-Vegetarian,Fish,Keep the authentic base and add enough protein-rich components so the meal supports training and recovery. The added protein makes the meal more filling and better aligned to the goal.,30 mins resistance work,Keep hydration high and avoid letting the added calories come only from fried food. Contains Fish.
465,Kerala,Bulking,Lunch,"Appam + Vegetable Stew (Post-Workout, With Egg)",720,42,89,24,9,High,High,High,Safe,"Rice Flour, Coconut, Mixed Vegetables, Ginger, Curry Leaves",Vegan,,Keep the authentic base and add enough protein-rich components so the meal supports training and recovery. The added protein makes the meal more filling and better aligned to the goal.,30 mins resistance work,Keep hydration high and avoid letting the added calories come only from fried food.
466,Kerala,Bulking,Lunch,"Idiyappam + Cherupayar Curry (Well-Portioned, With Extra Legumes)",730,47,88,25,14,Medium,High,Medium,Safe,"Rice Flour, Green Gram, Coconut, Curry Leaves",Vegan,,Keep the authentic base and add enough protein-rich components so the meal supports training and recovery. The added protein makes the meal more filling and better aligned to the goal.,30 mins resistance work,Keep hydration high and avoid letting the added calories come only from fried food.
467,Kerala,Bulking,Lunch,"Idli + Sambar (Post-Workout, With Extra Legumes)",730,47,88,25,14,High,High,Medium,Safe,"Rice, Urad Dal, Toor Dal, Mixed Vegetables",Vegan,,Keep the authentic base and add enough protein-rich components so the meal supports training and recovery. The added protein makes the meal more filling and better aligned to the goal.,30 mins resistance work,Keep hydration high and avoid letting the added calories come only from fried food.
468,Kerala,Bulking,Lunch,"Kappa + Cherupayar Curry (Grilled, With Extra Legumes)",720,43,93,21,13,Low,High,High,Safe,"Tapioca, Green Gram, Coconut, Curry Leaves",Vegan,,Keep the authentic base and add enough protein-rich components so the meal supports training and recovery. The added protein makes the meal more filling and better aligned to the goal.,30 mins resistance work,Keep hydration high and avoid letting the added calories come only from fried food.
469,Kerala,Bulking,Lunch,"Kappa + Kadala Curry (Pan-Cooked, With Extra Legumes)",750,43,93,26,13,Medium,Medium,Medium,Safe,"Tapioca, Black Chickpeas, Coconut, Curry Leaves",Vegan,,Keep the authentic base and add enough protein-rich components so the meal supports training and recovery. The added protein makes the meal more filling and better aligned to the goal.,30 mins resistance work,Keep hydration high and avoid letting the added calories come only from fried food.
470,Kerala,Bulking,Lunch,"Kappa + Vegetable Stew (Well-Portioned, With Egg)",750,43,93,26,10,Medium,High,Medium,Dairy,"Tapioca, Mixed Vegetables, Coconut Milk, Curry Leaves",Vegan,,Keep the authentic base and add enough protein-rich components so the meal supports training and recovery. The added protein makes the meal more filling and better aligned to the goal.,30 mins resistance work,Keep hydration high and avoid letting the added calories come only from fried food.
471,Kerala,Bulking,Lunch,"Kappa Puzhukku + Kadala Curry (Hearty, With Extra Legumes)",780,43,99,30,13,Medium,High,Medium,Safe,"Tapioca, Black Chickpeas, Coconut, Curry Leaves",Vegan,,Keep the authentic base and add enough protein-rich components so the meal supports training and recovery. The added protein makes the meal more filling and better aligned to the goal.,30 mins resistance work,Keep hydration high and avoid letting the added calories come only from fried food.
472,Kerala,Bulking,Lunch,"Matta Rice + Erissery (Slow-Cooked, With Egg)",710,42,81,23,11,Medium,Medium,High,Gluten,"Matta Rice, Pumpkin, Red Gram, Coconut, Cumin",Vegan,,Keep the authentic base and add enough protein-rich components so the meal supports training and recovery. The added protein makes the meal more filling and better aligned to the goal.,30 mins resistance work,Keep hydration high and avoid letting the added calories come only from fried food.
473,Kerala,Bulking,Lunch,"Matta Rice + Koottu Curry (Pan-Cooked, With Egg)",710,42,81,23,11,Medium,Medium,Medium,Gluten,"Matta Rice, Yam, Plantain, Black Chickpeas, Coconut",Vegan,,Keep the authentic base and add enough protein-rich components so the meal supports training and recovery. The added protein makes the meal more filling and better aligned to the goal.,30 mins resistance work,Keep hydration high and avoid letting the added calories come only from fried food.
474,Kerala,Bulking,Lunch,"Matta Rice + Parippu Curry (Hearty, With Egg)",777,44,97,29,10,Medium,High,Medium,Gluten,"Matta Rice, Toor Dal, Coconut, Curry Leaves",Vegan,,Keep the authentic base and add enough protein-rich components so the meal supports training and recovery. The added protein makes the meal more filling and better aligned to the goal.,30 mins resistance work,Keep hydration high and avoid letting the added calories come only from fried food.
475,Kerala,Bulking,Lunch,"Matta Rice + Sambar (Protein-Boosted, With Egg)",747,44,91,25,10,Medium,Medium,Medium,Gluten,"Matta Rice, Toor Dal, Mixed Vegetables, Tamarind",Vegan,,Keep the authentic base and add enough protein-rich components so the meal supports training and recovery. The added protein makes the meal more filling and better aligned to the goal.,30 mins resistance work,Keep hydration high and avoid letting the added calories come only from fried food.
476,Kerala,Bulking,Lunch,"Pathiri + Kadala Curry (Double Protein, With Extra Legumes)",720,42,89,24,12,Medium,Medium,High,Safe,"Rice Flour, Black Chickpeas, Onion, Ginger, Coconut",Vegan,,Keep the authentic base and add enough protein-rich components so the meal supports training and recovery. The added protein makes the meal more filling and better aligned to the goal.,30 mins resistance work,Keep hydration high and avoid letting the added calories come only from fried food.
477,Kerala,Bulking,Lunch,"Peppered Kanji + Cherupayar Curry (Protein-Boosted, With Fish)",720,42,89,24,9,Medium,Medium,Medium,Safe,"Rice, Pepper, Green Gram, Curry Leaves",Vegan,,Keep the authentic base and add enough protein-rich components so the meal supports training and recovery. The added protein makes the meal more filling and better aligned to the goal.,30 mins resistance work,Keep hydration high and avoid letting the added calories come only from fried food.
478,Kerala,Bulking,Lunch,"Puttu + Kadala Curry (Slow-Cooked, With Extra Legumes)",730,47,88,25,14,Medium,Medium,Medium,Safe,"Rice Flour, Black Chickpeas, Coconut, Curry Leaves",Vegan,,Keep the authentic base and add enough protein-rich components so the meal supports training and recovery. The added protein makes the meal more filling and better aligned to the goal.,30 mins resistance work,Keep hydration high and avoid letting the added calories come only from fried food.
479,Kerala,Bulking,Lunch,"Ragi Puttu + Cherupayar Curry (Grilled, With Egg)",690,42,89,19,9,Low,High,Medium,Safe,"Finger Millet, Green Gram, Coconut, Curry Leaves",Vegan,,Keep the authentic base and add enough protein-rich components so the meal supports training and recovery. The added protein makes the meal more filling and better aligned to the goal.,30 mins resistance work,Keep hydration high and avoid letting the added calories come only from fried food.
480,Kerala,Bulking,Lunch,"Rice + Pumpkin Erissery (Double Protein, With Egg)",710,42,81,23,11,Medium,Medium,Medium,Safe,"Rice, Pumpkin, Red Gram, Coconut, Cumin",Vegan,,Keep the authentic base and add enough protein-rich components so the meal supports training and recovery. The added protein makes the meal more filling and better aligned to the goal.,30 mins resistance work,Keep hydration high and avoid letting the added calories come only from fried food.
481,Kerala,Bulking,Snack,"Avalose Podi (Slow-Cooked, With Chicken)",405,25,42,18,3,High,High,High,Safe,"Rice Flour, Coconut, Cumin, Jaggery",Vegetarian,,Keep the authentic base and add enough protein-rich components so the meal supports training and recovery. The added protein makes the meal more filling and better aligned to the goal.,20 mins core work,Keep hydration high and avoid letting the added calories come only from fried food.
482,Kerala,Bulking,Snack,"Avalose Unda (Well-Portioned, With Chicken)",405,25,42,18,3,High,High,Medium,Safe,"Rice Flour, Coconut, Jaggery, Cumin",Vegetarian,,Keep the authentic base and add enough protein-rich components so the meal supports training and recovery. The added protein makes the meal more filling and better aligned to the goal.,20 mins core work,Keep hydration high and avoid letting the added calories come only from fried food.
483,Kerala,Bulking,Snack,"Banana Chips (Double Protein, With Fish)",420,28,40,24,3,High,High,High,Safe,"Raw Banana, Coconut Oil, Salt",Vegetarian,,Keep the authentic base and add enough protein-rich components so the meal supports training and recovery. The added protein makes the meal more filling and better aligned to the goal.,20 mins core work,Keep hydration high and avoid letting the added calories come only from fried food.
484,Kerala,Bulking,Snack,"Chakka Ada (Post-Workout, With Chicken)",405,25,42,18,3,High,High,Medium,Safe,"Jackfruit, Rice Flour, Jaggery, Coconut",Vegetarian,,Keep the authentic base and add enough protein-rich components so the meal supports training and recovery. The added protein makes the meal more filling and better aligned to the goal.,20 mins core work,Keep hydration high and avoid letting the added calories come only from fried food.
485,Kerala,Bulking,Snack,"Cherupayar Sundal (Pan-Cooked, With Fish)",360,30,33,13,7,Medium,Medium,Medium,Mustard,"Green Gram, Coconut, Curry Leaves, Mustard Seeds",Vegetarian,,Keep the authentic base and add enough protein-rich components so the meal supports training and recovery. The added protein makes the meal more filling and better aligned to the goal.,20 mins core work,Keep hydration high and avoid letting the added calories come only from fried food.
486,Kerala,Bulking,Snack,"Cucumber Salad (Protein-Boosted, With Chicken)",278,23,24,10,4,Medium,Medium,Medium,Safe,"Cucumber, Onion, Lemon, Curry Leaves",Vegetarian,,Keep the authentic base and add enough protein-rich components so the meal supports training and recovery. The added protein makes the meal more filling and better aligned to the goal.,20 mins core work,Keep hydration high and avoid letting the added calories come only from fried food.
487,Kerala,Bulking,Snack,"Ilayada (Double Protein, With Chicken)",405,25,42,18,3,High,High,High,Safe,"Rice Flour, Jaggery, Coconut, Banana Leaf",Vegetarian,,Keep the authentic base and add enough protein-rich components so the meal supports training and recovery. The added protein makes the meal more filling and better aligned to the goal.,20 mins core work,Keep hydration high and avoid letting the added calories come only from fried food.
488,Kerala,Bulking,Snack,"Jackfruit Chips (Post-Workout, With Fish)",420,28,40,24,3,High,High,High,Safe,"Raw Jackfruit, Coconut Oil, Salt",Vegetarian,,Keep the authentic base and add enough protein-rich components so the meal supports training and recovery. The added protein makes the meal more filling and better aligned to the goal.,20 mins core work,Keep hydration high and avoid letting the added calories come only from fried food.
489,Kerala,Bulking,Snack,"Kadala Sundal (Grilled, With Fish)",330,30,33,8,7,Low,High,Medium,Mustard,"Black Chickpeas, Coconut, Curry Leaves, Mustard Seeds",Vegetarian,,Keep the authentic base and add enough protein-rich components so the meal supports training and recovery. The added protein makes the meal more filling and better aligned to the goal.,20 mins core work,Keep hydration high and avoid letting the added calories come only from fried food.
490,Kerala,Bulking,Snack,"Kozhukkatta (Grilled, With Chicken)",375,25,42,13,3,High,High,High,Safe,"Rice Flour, Jaggery, Coconut",Vegetarian,,Keep the authentic base and add enough protein-rich components so the meal supports training and recovery. The added protein makes the meal more filling and better aligned to the goal.,20 mins core work,Keep hydration high and avoid letting the added calories come only from fried food.
491,Kerala,Bulking,Snack,"Roasted Peanuts (Hearty, With Fish)",355,23,30,14,4,Medium,High,Medium,"Peanut, Peanuts","Peanuts, Curry Leaves, Salt",Vegetarian,,Keep the authentic base and add enough protein-rich components so the meal supports training and recovery. The added protein makes the meal more filling and better aligned to the goal.,20 mins core work,Keep hydration high and avoid letting the added calories come only from fried food. Contains Peanuts.
492,Kerala,Bulking,Snack,Roasted Peanuts + Coconut,400,30,35,15,6,Medium,Medium,Medium,"Peanut, Peanuts","Peanuts, Coconut Slices",Vegetarian,,Mix roasted peanuts with fresh coconut slices.,60 mins heavy lifting,Maintain high water intake for protein metabolism
493,Kerala,Bulking,Snack,"Tender Coconut (Hearty, With Chicken)",355,23,30,14,4,Medium,High,Medium,Safe,"Tender Coconut Water, Tender Coconut Flesh",Vegetarian,,Keep the authentic base and add enough protein-rich components so the meal supports training and recovery. The added protein makes the meal more filling and better aligned to the goal.,20 mins core work,Keep hydration high and avoid letting the added calories come only from fried food.
494,Kerala,Bulking,Snack,"Unniyappam (Pan-Cooked, With Chicken)",405,25,42,18,3,High,High,High,Safe,"Rice Flour, Banana, Jaggery, Coconut",Vegetarian,,Keep the authentic base and add enough protein-rich components so the meal supports training and recovery. The added protein makes the meal more filling and better aligned to the goal.,20 mins core work,Keep hydration high and avoid letting the added calories come only from fried food.
495,Kerala,Bulking,Snack,"Uzhunnu Vada (Slow-Cooked, With Fish)",420,28,40,24,3,Low,High,High,Safe,"Urad Dal, Onion, Pepper, Curry Leaves",Vegetarian,,Keep the authentic base and add enough protein-rich components so the meal supports training and recovery. The added protein makes the meal more filling and better aligned to the goal.,20 mins core work,Keep hydration high and avoid letting the added calories come only from fried food.
496,Kerala,Bulking,Snack,"Vishu Katta + Vegetable Curry (Well-Portioned, With Fish)",350,25,34,12,5,Medium,High,Medium,Safe,"Rice Flour, Cumin, Vegetables, Curry Leaves",Vegetarian,,Keep the authentic base and add enough protein-rich components so the meal supports training and recovery. The added protein makes the meal more filling and better aligned to the goal.,20 mins core work,Keep hydration high and avoid letting the added calories come only from fried food.
497,Kerala,Bulking,Snack,3 Hard Boiled Eggs + Pepper,400,30,35,15,6,Low,Medium,High,"Egg, Eggs","Eggs, Black Pepper",Non-Vegetarian,,Consume whole boiled eggs.,60 mins heavy lifting,Maintain high water intake for protein metabolism
498,Kerala,Bulking,Snack,"Beef Chikki Fry (Grilled, Lean Protein)",385,39,30,19,3,Medium,High,High,Safe,"Beef, Chilli Powder, Shallots, Coconut Oil",Non-Vegetarian,Beef,Keep the authentic base and add enough protein-rich components so the meal supports training and recovery.,20 mins core work,Keep hydration high and avoid letting the added calories come only from fried food.
499,Kerala,Bulking,Snack,Beef Cutlet,400,30,35,15,6,Medium,Medium,Medium,Gluten,"Beef, Potato, Breadcrumbs",Non-Vegetarian,beef,Shallow fry beef and potato patties.,60 mins heavy lifting,Maintain high water intake for protein metabolism
500,Kerala,Bulking,Snack,"Boiled Egg + Pepper (Well-Portioned, Lean Protein)",365,34,30,15,4,High,High,High,"Egg, Eggs","Eggs, Black Pepper, Curry Leaves, Salt",Non-Vegetarian,,Keep the authentic base and add enough protein-rich components so the meal supports training and recovery.,20 mins core work,Keep hydration high and avoid letting the added calories come only from fried food. Contains Eggs.
501,Kerala,Bulking,Snack,Chicken Cutlet,400,30,35,15,6,Medium,Medium,Medium,Gluten,"Chicken, Potato, Breadcrumbs",Non-Vegetarian,chicken,Shallow fry chicken patties.,60 mins heavy lifting,Maintain high water intake for protein metabolism
502,Kerala,Bulking,Snack,"Chicken Pepper Fry (Hearty, Fiber-Rich)",425,32,36,22,7,High,High,Medium,Safe,"Chicken, Black Pepper, Curry Leaves, Shallots, Coconut Oil",Non-Vegetarian,Chicken,Keep the authentic base and add enough protein-rich components so the meal supports training and recovery. Stay with a sensible serving if you are watching overall intake.,20 mins core work,Keep hydration high and avoid letting the added calories come only from fried food.
503,Kerala,Bulking,Snack,"Chuttirachi (Grilled Beef) (Slow-Cooked, Lean Protein)",410,39,30,22,3,Medium,High,High,Safe,"Beef, Black Pepper, Garlic, Coconut Oil",Non-Vegetarian,Beef,Keep the authentic base and add enough protein-rich components so the meal supports training and recovery.,20 mins core work,Keep hydration high and avoid letting the added calories come only from fried food.
504,Kerala,Bulking,Snack,"Egg Cutlet (Protein-Boosted, Lean Protein)",365,34,30,15,4,High,Medium,High,"Egg, Eggs, Gluten","Eggs, Potato, Onion, Breadcrumbs",Non-Vegetarian,,Keep the authentic base and add enough protein-rich components so the meal supports training and recovery.,20 mins core work,"Keep hydration high and avoid letting the added calories come only from fried food. Contains Eggs, Gluten."
505,Kerala,Bulking,Snack,"Egg White Roast (Double Protein, Lean Protein)",365,34,30,15,4,High,Medium,Medium,"Egg, Eggs","Egg Whites, Onion, Tomato, Black Pepper, Curry Leaves",Non-Vegetarian,,Keep the authentic base and add enough protein-rich components so the meal supports training and recovery.,20 mins core work,Keep hydration high and avoid letting the added calories come only from fried food. Contains Eggs.
506,Kerala,Bulking,Snack,"Finger Prawns (Pan-Cooked, Lean Protein)",385,35,30,14,4,High,Medium,High,"Fish, Gluten, Shellfish","Prawns, Lime, Pepper, Breadcrumbs, Oil",Non-Vegetarian,Seafood,Keep the authentic base and add enough protein-rich components so the meal supports training and recovery.,20 mins core work,"Keep hydration high and avoid letting the added calories come only from fried food. Contains Shellfish, Gluten."
507,Kerala,Bulking,Snack,Fish Cutlet,400,30,35,15,6,Medium,Medium,Medium,"Fish, Gluten","Fish, Potato, Breadcrumbs",Non-Vegetarian,fish,Shallow fry fish patties.,60 mins heavy lifting,Maintain high water intake for protein metabolism
508,Kerala,Bulking,Snack,"Fish Fry (Tawa Roasted) (Protein-Boosted, Fiber-Rich)",390,36,30,16,7,High,Medium,High,Fish,"Fish, Pepper, Lemon, Curry Leaves, Coconut Oil",Non-Vegetarian,Fish,Keep the authentic base and add enough protein-rich components so the meal supports training and recovery. Stay with a sensible serving if you are watching overall intake.,20 mins core work,Keep hydration high and avoid letting the added calories come only from fried food. Contains Fish.
509,Kerala,Bulking,Snack,"Grilled Fish Bites (Post-Workout, Lean Protein)",385,36,30,14,4,Medium,High,High,Fish,"Fish, Lemon, Pepper, Curry Leaves, Coconut Oil",Non-Vegetarian,Fish,Keep the authentic base and add enough protein-rich components so the meal supports training and recovery.,20 mins core work,Keep hydration high and avoid letting the added calories come only from fried food. Contains Fish.
510,Kerala,Bulking,Snack,Kadala Sundal + 2 Eggs,400,30,35,15,6,Low,Medium,Medium,"Egg, Eggs","Black Chickpeas, Eggs",Non-Vegetarian,,Mix boiled chickpeas with boiled eggs.,60 mins heavy lifting,Maintain high water intake for protein metabolism
511,Kerala,Bulking,Snack,Meat Roll,400,30,35,15,6,Medium,Medium,Medium,Gluten,"Maida, Minced Meat",Non-Vegetarian,beef,Bake or shallow fry meat-filled pastry rolls.,60 mins heavy lifting,Maintain high water intake for protein metabolism
512,Kerala,Bulking,Snack,"Prawns Chilly Fry (Hearty, Lean Protein)",415,35,36,18,4,High,High,High,"Fish, Shellfish","Prawns, Green Chilli, Garlic, Onion, Curry Leaves",Non-Vegetarian,Seafood,Keep the authentic base and add enough protein-rich components so the meal supports training and recovery. Stay with a sensible serving if you are watching overall intake.,20 mins core work,Keep hydration high and avoid letting the added calories come only from fried food. Contains Shellfish.
513,Kerala,Bulking,Snack,"Avalose Podi (Well-Portioned, Balanced Carbs)",405,19,42,18,3,High,High,High,Safe,"Rice Flour, Coconut, Cumin, Jaggery",Vegan,,Keep the authentic base and add enough protein-rich components so the meal supports training and recovery.,20 mins core work,Keep hydration high and avoid letting the added calories come only from fried food.
514,Kerala,Bulking,Snack,"Avalose Unda (Double Protein, Balanced Carbs)",405,25,42,18,3,High,High,Medium,Safe,"Rice Flour, Coconut, Jaggery, Cumin",Vegan,,Keep the authentic base and add enough protein-rich components so the meal supports training and recovery.,20 mins core work,Keep hydration high and avoid letting the added calories come only from fried food.
515,Kerala,Bulking,Snack,"Banana Chips (Post-Workout, Fiber-Rich)",420,28,40,24,6,High,High,High,Safe,"Raw Banana, Coconut Oil, Salt",Vegan,,Keep the authentic base and add enough protein-rich components so the meal supports training and recovery. Stay with a sensible serving if you are watching overall intake.,20 mins core work,Keep hydration high and avoid letting the added calories come only from fried food.
516,Kerala,Bulking,Snack,"Chakka Ada (Protein-Boosted, Energy Dense)",435,25,48,22,3,High,High,Medium,Safe,"Jackfruit, Rice Flour, Jaggery, Coconut",Vegan,,Keep the authentic base and add enough protein-rich components so the meal supports training and recovery.,20 mins core work,Keep hydration high and avoid letting the added calories come only from fried food.
517,Kerala,Bulking,Snack,"Cherupayar Sundal (Grilled, Fiber-Rich)",330,24,33,8,10,High,Medium,Medium,Mustard,"Green Gram, Coconut, Curry Leaves, Mustard Seeds",Vegan,,Keep the authentic base and add enough protein-rich components so the meal supports training and recovery. Stay with a sensible serving if you are watching overall intake.,20 mins core work,Keep hydration high and avoid letting the added calories come only from fried food.
518,Kerala,Bulking,Snack,"Cucumber Salad (Hearty, Balanced Carbs)",355,17,30,14,4,High,Medium,Medium,Safe,"Cucumber, Onion, Lemon, Curry Leaves",Vegan,,Keep the authentic base and add enough protein-rich components so the meal supports training and recovery. Stay with a sensible serving if you are watching overall intake.,20 mins core work,Keep hydration high and avoid letting the added calories come only from fried food.
519,Kerala,Bulking,Snack,"Ellunda (Hearty, Energy Dense)",435,19,48,22,3,High,High,Medium,Sesame,"Sesame, Jaggery, Coconut",Vegan,,Keep the authentic base and add enough protein-rich components so the meal supports training and recovery. Stay with a sensible serving if you are watching overall intake.,20 mins core work,Keep hydration high and avoid letting the added calories come only from fried food. Contains Sesame.
520,Kerala,Bulking,Snack,"Ilayada (Post-Workout, Balanced Carbs)",405,25,42,18,3,High,High,High,Safe,"Rice Flour, Jaggery, Coconut, Banana Leaf",Vegan,,Keep the authentic base and add enough protein-rich components so the meal supports training and recovery.,20 mins core work,Keep hydration high and avoid letting the added calories come only from fried food.
521,Kerala,Bulking,Snack,"Jackfruit Chips (Protein-Boosted, Balanced Carbs)",420,28,40,24,3,High,High,High,Safe,"Raw Jackfruit, Coconut Oil, Salt",Vegan,,Keep the authentic base and add enough protein-rich components so the meal supports training and recovery.,20 mins core work,Keep hydration high and avoid letting the added calories come only from fried food.
522,Kerala,Bulking,Snack,"Kadala Sundal (Slow-Cooked, Fiber-Rich)",360,24,33,13,10,Medium,High,High,Mustard,"Black Chickpeas, Coconut, Curry Leaves, Mustard Seeds",Vegan,,Keep the authentic base and add enough protein-rich components so the meal supports training and recovery. Stay with a sensible serving if you are watching overall intake.,20 mins core work,Keep hydration high and avoid letting the added calories come only from fried food.
523,Kerala,Bulking,Snack,"Kozhukkatta (Slow-Cooked, Balanced Carbs)",405,19,42,18,3,High,High,High,Safe,"Rice Flour, Jaggery, Coconut",Vegan,,Keep the authentic base and add enough protein-rich components so the meal supports training and recovery.,20 mins core work,Keep hydration high and avoid letting the added calories come only from fried food.
524,Kerala,Bulking,Snack,"Roasted Peanuts (Pan-Cooked, Fiber-Rich)",254,17,24,10,7,High,High,High,"Peanut, Peanuts","Peanuts, Curry Leaves, Salt",Vegan,,Keep the authentic base and add enough protein-rich components so the meal supports training and recovery. Stay with a sensible serving if you are watching overall intake.,20 mins core work,Keep hydration high and avoid letting the added calories come only from fried food. Contains Peanuts.
525,Kerala,Bulking,Snack,"Tender Coconut (Pan-Cooked, Balanced Carbs)",254,17,24,10,4,High,High,High,Safe,"Tender Coconut Water, Tender Coconut Flesh",Vegan,,Keep the authentic base and add enough protein-rich components so the meal supports training and recovery.,20 mins core work,Keep hydration high and avoid letting the added calories come only from fried food.
526,Kerala,Bulking,Snack,"Unniyappam (Grilled, Balanced Carbs)",375,19,42,13,3,High,High,High,Safe,"Rice Flour, Banana, Jaggery, Coconut",Vegan,,Keep the authentic base and add enough protein-rich components so the meal supports training and recovery.,20 mins core work,Keep hydration high and avoid letting the added calories come only from fried food.
527,Kerala,Bulking,Snack,"Uzhunnu Vada (Well-Portioned, Fiber-Rich)",420,22,40,24,6,Low,High,High,Safe,"Urad Dal, Onion, Pepper, Curry Leaves",Vegan,,Keep the authentic base and add enough protein-rich components so the meal supports training and recovery. Stay with a sensible serving if you are watching overall intake.,20 mins core work,Keep hydration high and avoid letting the added calories come only from fried food.
528,Kerala,Bulking,Snack,"Vishu Katta + Vegetable Curry (Double Protein, Fiber-Rich)",350,25,34,12,8,High,High,Medium,Safe,"Rice Flour, Cumin, Vegetables, Curry Leaves",Vegan,,Keep the authentic base and add enough protein-rich components so the meal supports training and recovery. Stay with a sensible serving if you are watching overall intake.,20 mins core work,Keep hydration high and avoid letting the added calories come only from fried food.
529,Kerala,Bulking,Dinner,"Dosa + Sambar (Hearty, With Extra Legumes)",630,37,80,24,11,Low,Medium,Medium,Safe,"Rice, Urad Dal, Toor Dal, Mixed Vegetables",Vegetarian,,Keep the authentic base and add enough protein-rich components so the meal supports training and recovery. The added protein makes the meal more filling and better aligned to the goal.,45 mins strength training,Keep hydration high and avoid letting the added calories come only from fried food.
530,Kerala,Bulking,Dinner,"Idiyappam + Cherupayar Curry (Double Protein, Energy Dense)",640,42,79,25,10,High,High,Medium,Safe,"Rice Flour, Green Gram, Coconut, Curry Leaves",Vegetarian,,Keep the authentic base and add enough protein-rich components so the meal supports training and recovery.,45 mins strength training,Keep hydration high and avoid letting the added calories come only from fried food.
531,Kerala,Bulking,Dinner,"Idli + Sambar (Protein-Boosted, With Extra Legumes)",610,42,73,21,13,Medium,High,High,Safe,"Rice, Urad Dal, Toor Dal, Mixed Vegetables",Vegetarian,,Keep the authentic base and add enough protein-rich components so the meal supports training and recovery. The added protein makes the meal more filling and better aligned to the goal.,45 mins strength training,Keep hydration high and avoid letting the added calories come only from fried food.
532,Kerala,Bulking,Dinner,"Kalappam + Kadala Curry (Double Protein, With Extra Legumes)",600,37,74,20,11,High,High,High,Safe,"Rice Flour, Coconut, Black Chickpeas, Onion",Vegetarian,,Keep the authentic base and add enough protein-rich components so the meal supports training and recovery. The added protein makes the meal more filling and better aligned to the goal.,45 mins strength training,Keep hydration high and avoid letting the added calories come only from fried food.
533,Kerala,Bulking,Dinner,"Kappa + Cherupayar Curry (Slow-Cooked, Energy Dense)",660,32,84,26,9,Medium,High,Medium,Safe,"Tapioca, Green Gram, Coconut, Curry Leaves",Vegetarian,,Keep the authentic base and add enough protein-rich components so the meal supports training and recovery.,45 mins strength training,Keep hydration high and avoid letting the added calories come only from fried food.
534,Kerala,Bulking,Dinner,"Kappa + Kadala Curry (Grilled, Energy Dense)",630,32,84,21,9,High,Medium,Medium,Safe,"Tapioca, Black Chickpeas, Coconut, Curry Leaves",Vegetarian,,Keep the authentic base and add enough protein-rich components so the meal supports training and recovery.,45 mins strength training,Keep hydration high and avoid letting the added calories come only from fried food.
535,Kerala,Bulking,Dinner,"Kappa + Vegetable Stew (Protein-Boosted, With Egg)",630,38,78,22,9,Medium,High,Medium,Dairy,"Tapioca, Mixed Vegetables, Coconut Milk, Curry Leaves",Vegetarian,,Keep the authentic base and add enough protein-rich components so the meal supports training and recovery. The added protein makes the meal more filling and better aligned to the goal.,45 mins strength training,Keep hydration high and avoid letting the added calories come only from fried food.
536,Kerala,Bulking,Dinner,"Kappa Puzhukku + Kadala Curry (Pan-Cooked, Energy Dense)",660,32,84,26,9,High,High,Medium,Safe,"Tapioca, Black Chickpeas, Coconut, Curry Leaves",Vegetarian,,Keep the authentic base and add enough protein-rich components so the meal supports training and recovery.,45 mins strength training,Keep hydration high and avoid letting the added calories come only from fried food.
537,Kerala,Bulking,Dinner,"Matta Rice + Erissery (Post-Workout, With Extra Legumes)",590,37,66,19,13,High,Medium,High,Gluten,"Matta Rice, Pumpkin, Red Gram, Coconut, Cumin",Vegetarian,,Keep the authentic base and add enough protein-rich components so the meal supports training and recovery. The added protein makes the meal more filling and better aligned to the goal.,45 mins strength training,Keep hydration high and avoid letting the added calories come only from fried food.
538,Kerala,Bulking,Dinner,"Matta Rice + Koottu Curry (Slow-Cooked, With Extra Legumes)",590,37,66,19,13,Medium,High,High,Gluten,"Matta Rice, Yam, Plantain, Black Chickpeas, Coconut",Vegetarian,,Keep the authentic base and add enough protein-rich components so the meal supports training and recovery. The added protein makes the meal more filling and better aligned to the goal.,45 mins strength training,Keep hydration high and avoid letting the added calories come only from fried food.
539,Kerala,Bulking,Dinner,"Matta Rice + Parippu Curry (Grilled, With Extra Legumes)",597,39,76,16,12,Low,Medium,High,Gluten,"Matta Rice, Toor Dal, Coconut, Curry Leaves",Vegetarian,,Keep the authentic base and add enough protein-rich components so the meal supports training and recovery. The added protein makes the meal more filling and better aligned to the goal.,45 mins strength training,Keep hydration high and avoid letting the added calories come only from fried food.
540,Kerala,Bulking,Dinner,"Matta Rice + Sambar (Pan-Cooked, With Extra Legumes)",627,39,76,21,12,Low,High,Medium,Gluten,"Matta Rice, Toor Dal, Mixed Vegetables, Tamarind",Vegetarian,,Keep the authentic base and add enough protein-rich components so the meal supports training and recovery. The added protein makes the meal more filling and better aligned to the goal.,45 mins strength training,Keep hydration high and avoid letting the added calories come only from fried food.
541,Kerala,Bulking,Dinner,"Pathiri + Kadala Curry (Post-Workout, Energy Dense)",630,37,80,24,8,High,Medium,Medium,Safe,"Rice Flour, Black Chickpeas, Onion, Ginger, Coconut",Vegetarian,,Keep the authentic base and add enough protein-rich components so the meal supports training and recovery.,45 mins strength training,Keep hydration high and avoid letting the added calories come only from fried food.
542,Kerala,Bulking,Dinner,"Puttu + Kadala Curry (Well-Portioned, Energy Dense)",640,36,79,25,10,High,Medium,Medium,Safe,"Rice Flour, Black Chickpeas, Coconut, Curry Leaves",Vegetarian,,Keep the authentic base and add enough protein-rich components so the meal supports training and recovery.,45 mins strength training,Keep hydration high and avoid letting the added calories come only from fried food.
543,Kerala,Bulking,Dinner,"Ragi Puttu + Cherupayar Curry (Well-Portioned, With Extra Legumes)",600,37,74,20,11,High,Medium,Medium,Safe,"Finger Millet, Green Gram, Coconut, Curry Leaves",Vegetarian,,Keep the authentic base and add enough protein-rich components so the meal supports training and recovery. The added protein makes the meal more filling and better aligned to the goal.,45 mins strength training,Keep hydration high and avoid letting the added calories come only from fried food.
544,Kerala,Bulking,Dinner,"Rice + Pumpkin Erissery (Hearty, With Egg)",620,37,72,23,10,High,Medium,Medium,Safe,"Rice, Pumpkin, Red Gram, Coconut, Cumin",Vegetarian,,Keep the authentic base and add enough protein-rich components so the meal supports training and recovery. The added protein makes the meal more filling and better aligned to the goal.,45 mins strength training,Keep hydration high and avoid letting the added calories come only from fried food.
545,Kerala,Bulking,Dinner,"Appam + Chicken Stew (Protein-Boosted, With Fish)",645,50,70,26,7,Medium,High,Medium,Dairy,"Rice Flour, Chicken, Coconut Milk, Onion, Pepper",Non-Vegetarian,Chicken,Keep the authentic base and add enough protein-rich components so the meal supports training and recovery. The added protein makes the meal more filling and better aligned to the goal.,45 mins strength training,Keep hydration high and avoid letting the added calories come only from fried food. Contains Dairy.
546,Kerala,Bulking,Dinner,"Appam + Fish Moilee (Pan-Cooked, With Fish)",640,48,70,24,7,High,High,High,"Dairy, Fish","Rice Flour, Fish, Coconut Milk, Green Chilli, Curry Leaves",Non-Vegetarian,Fish,Keep the authentic base and add enough protein-rich components so the meal supports training and recovery. The added protein makes the meal more filling and better aligned to the goal.,45 mins strength training,"Keep hydration high and avoid letting the added calories come only from fried food. Contains Fish, Dairy."
547,Kerala,Bulking,Dinner,"Appam + Mutton Stew (Hearty, With Fish)",832,51,76,36,6,Medium,High,High,Dairy,"Rice Flour, Mutton, Coconut Milk, Onion, Pepper",Non-Vegetarian,Mutton,Keep the authentic base and add enough protein-rich components so the meal supports training and recovery. The added protein makes the meal more filling and better aligned to the goal.,45 mins strength training,Keep hydration high and avoid letting the added calories come only from fried food. Contains Dairy.
548,Kerala,Bulking,Dinner,Dosa + Double Egg Roast,700,45,80,22,8,Medium,Medium,High,"Egg, Eggs","Rice, Urad Dal, Eggs",Non-Vegetarian,,Serve dosa with a 4-egg roast.,60 mins heavy lifting,Maintain high water intake for protein metabolism
549,Kerala,Bulking,Dinner,Idiyappam + Chicken Stew (Thick),700,45,80,22,8,Medium,Medium,Medium,Dairy,"Rice Flour, Chicken, Coconut Milk",Non-Vegetarian,chicken,Use thick coconut milk and large chicken chunks.,60 mins heavy lifting,Maintain high water intake for protein metabolism
550,Kerala,Bulking,Dinner,Kappa + Beef Curry,700,45,80,22,8,Medium,Medium,Medium,Safe,"Tapioca, Beef",Non-Vegetarian,beef,Mash tapioca; serve with heavy beef curry.,60 mins heavy lifting,Maintain high water intake for protein metabolism
551,Kerala,Bulking,Dinner,"Kappa + Chicken Curry (Double Protein, With Egg)",645,50,70,26,7,High,High,High,Safe,"Tapioca, Chicken, Onion, Ginger, Curry Leaves",Non-Vegetarian,Chicken,Keep the authentic base and add enough protein-rich components so the meal supports training and recovery. The added protein makes the meal more filling and better aligned to the goal.,45 mins strength training,Keep hydration high and avoid letting the added calories come only from fried food.
552,Kerala,Bulking,Dinner,"Kappa + Egg Roast (Grilled, With Egg)",590,46,70,20,7,High,Medium,High,"Egg, Eggs","Tapioca, Eggs, Onion, Tomato, Coconut Oil",Non-Vegetarian,,Keep the authentic base and add enough protein-rich components so the meal supports training and recovery. The added protein makes the meal more filling and better aligned to the goal.,45 mins strength training,Keep hydration high and avoid letting the added calories come only from fried food. Contains Eggs.
553,Kerala,Bulking,Dinner,"Kappa + Fish Curry (Well-Portioned, With Egg)",640,48,70,24,7,High,Medium,Medium,Fish,"Tapioca, Fish, Coconut, Tamarind, Curry Leaves",Non-Vegetarian,Fish,Keep the authentic base and add enough protein-rich components so the meal supports training and recovery. The added protein makes the meal more filling and better aligned to the goal.,45 mins strength training,Keep hydration high and avoid letting the added calories come only from fried food. Contains Fish.
554,Kerala,Bulking,Dinner,"Kappa + Fish Moilee (Post-Workout, With Egg)",640,48,70,24,7,High,Medium,High,"Dairy, Fish","Tapioca, Fish, Coconut Milk, Onion, Pepper",Non-Vegetarian,Fish,Keep the authentic base and add enough protein-rich components so the meal supports training and recovery. The added protein makes the meal more filling and better aligned to the goal.,45 mins strength training,"Keep hydration high and avoid letting the added calories come only from fried food. Contains Fish, Dairy."
555,Kerala,Bulking,Dinner,"Kappa + Meen Mulakittathu (Slow-Cooked, With Egg)",640,48,70,24,7,Medium,High,High,Fish,"Tapioca, Fish, Chilli Powder, Tamarind, Curry Leaves",Non-Vegetarian,Fish,Keep the authentic base and add enough protein-rich components so the meal supports training and recovery. The added protein makes the meal more filling and better aligned to the goal.,45 mins strength training,Keep hydration high and avoid letting the added calories come only from fried food. Contains Fish.
556,Kerala,Bulking,Dinner,"Kappa Puzhukku + Fish Curry (Pan-Cooked, With Egg)",640,48,70,24,7,High,High,Medium,Fish,"Tapioca, Fish, Coconut, Curry Leaves, Tamarind",Non-Vegetarian,Fish,Keep the authentic base and add enough protein-rich components so the meal supports training and recovery. The added protein makes the meal more filling and better aligned to the goal.,45 mins strength training,Keep hydration high and avoid letting the added calories come only from fried food. Contains Fish.
557,Kerala,Bulking,Dinner,Matta Rice + Mutton Curry,700,45,80,22,8,Medium,Medium,Medium,Gluten,"Matta Rice, Mutton",Non-Vegetarian,mutton,Use lean mutton cuts in a thick gravy.,60 mins heavy lifting,Maintain high water intake for protein metabolism
558,Kerala,Bulking,Dinner,Pathiri + Beef Roast,700,45,80,22,8,Medium,Medium,Medium,Safe,"Rice Flour, Beef",Non-Vegetarian,beef,Serve pathiri with a large portion of beef.,60 mins heavy lifting,Maintain high water intake for protein metabolism
559,Kerala,Bulking,Dinner,Porotta + Double Chicken Curry,700,45,80,22,8,High,Medium,Medium,Gluten,"Maida, Chicken",Non-Vegetarian,chicken,Serve porotta with a double portion of chicken.,60 mins heavy lifting,Maintain high water intake for protein metabolism
560,Kerala,Bulking,Dinner,Wheat Pathiri + Fish Molee,700,45,80,22,8,Medium,Medium,Medium,"Dairy, Fish, Fish|Gluten, Gluten","Wheat Flour, Fish, Coconut Milk",Non-Vegetarian,fish,Serve wheat pathiri with fish cooked in coconut milk.,60 mins heavy lifting,Maintain high water intake for protein metabolism
561,Kerala,Bulking,Dinner,"Dosa + Sambar (Pan-Cooked, With Chicken)",600,37,74,20,8,Medium,High,Medium,Safe,"Rice, Urad Dal, Toor Dal, Mixed Vegetables",Vegan,,Keep the authentic base and add enough protein-rich components so the meal supports training and recovery. The added protein makes the meal more filling and better aligned to the goal.,45 mins strength training,Keep hydration high and avoid letting the added calories come only from fried food.
562,Kerala,Bulking,Dinner,"Idiyappam + Cherupayar Curry (Post-Workout, With Fish)",610,42,73,21,10,Medium,Medium,Medium,Safe,"Rice Flour, Green Gram, Coconut, Curry Leaves",Vegan,,Keep the authentic base and add enough protein-rich components so the meal supports training and recovery. The added protein makes the meal more filling and better aligned to the goal.,45 mins strength training,Keep hydration high and avoid letting the added calories come only from fried food.
563,Kerala,Bulking,Dinner,"Idli + Sambar (Hearty, With Chicken)",640,42,79,25,10,Medium,Medium,Medium,Safe,"Rice, Urad Dal, Toor Dal, Mixed Vegetables",Vegan,,Keep the authentic base and add enough protein-rich components so the meal supports training and recovery. The added protein makes the meal more filling and better aligned to the goal.,45 mins strength training,Keep hydration high and avoid letting the added calories come only from fried food.
564,Kerala,Bulking,Dinner,"Kalappam + Kadala Curry (Post-Workout, With Chicken)",600,37,74,20,8,Medium,Medium,High,Safe,"Rice Flour, Coconut, Black Chickpeas, Onion",Vegan,,Keep the authentic base and add enough protein-rich components so the meal supports training and recovery. The added protein makes the meal more filling and better aligned to the goal.,45 mins strength training,Keep hydration high and avoid letting the added calories come only from fried food.
565,Kerala,Bulking,Dinner,"Kappa + Cherupayar Curry (Well-Portioned, With Fish)",630,38,78,22,9,Medium,Medium,Medium,Safe,"Tapioca, Green Gram, Coconut, Curry Leaves",Vegan,,Keep the authentic base and add enough protein-rich components so the meal supports training and recovery. The added protein makes the meal more filling and better aligned to the goal.,45 mins strength training,Keep hydration high and avoid letting the added calories come only from fried food.
566,Kerala,Bulking,Dinner,"Kappa + Kadala Curry (Slow-Cooked, With Fish)",630,38,78,22,9,Low,High,Medium,Safe,"Tapioca, Black Chickpeas, Coconut, Curry Leaves",Vegan,,Keep the authentic base and add enough protein-rich components so the meal supports training and recovery. The added protein makes the meal more filling and better aligned to the goal.,45 mins strength training,Keep hydration high and avoid letting the added calories come only from fried food.
567,Kerala,Bulking,Dinner,"Kappa + Vegetable Stew (Hearty, Lean Protein)",655,38,84,24,9,Medium,Medium,Medium,Dairy,"Tapioca, Mixed Vegetables, Coconut Milk, Curry Leaves",Vegan,,Keep the authentic base and add enough protein-rich components so the meal supports training and recovery. Stay with a sensible serving if you are watching overall intake.,45 mins strength training,Keep hydration high and avoid letting the added calories come only from fried food.
568,Kerala,Bulking,Dinner,"Kappa Puzhukku + Kadala Curry (Grilled, With Fish)",600,38,78,17,9,Medium,Medium,High,Safe,"Tapioca, Black Chickpeas, Coconut, Curry Leaves",Vegan,,Keep the authentic base and add enough protein-rich components so the meal supports training and recovery. The added protein makes the meal more filling and better aligned to the goal.,45 mins strength training,Keep hydration high and avoid letting the added calories come only from fried food.
569,Kerala,Bulking,Dinner,"Matta Rice + Erissery (Protein-Boosted, Lean Protein)",585,37,66,17,10,High,High,Medium,Gluten,"Matta Rice, Pumpkin, Red Gram, Coconut, Cumin",Vegan,,Keep the authentic base and add enough protein-rich components so the meal supports training and recovery.,45 mins strength training,Keep hydration high and avoid letting the added calories come only from fried food.
570,Kerala,Bulking,Dinner,"Matta Rice + Koottu Curry (Well-Portioned, With Chicken)",590,37,66,19,10,Medium,Medium,Medium,Gluten,"Matta Rice, Yam, Plantain, Black Chickpeas, Coconut",Vegan,,Keep the authentic base and add enough protein-rich components so the meal supports training and recovery. The added protein makes the meal more filling and better aligned to the goal.,45 mins strength training,Keep hydration high and avoid letting the added calories come only from fried food.
571,Kerala,Bulking,Dinner,"Matta Rice + Parippu Curry (Slow-Cooked, With Chicken)",627,39,76,21,9,High,High,High,Gluten,"Matta Rice, Toor Dal, Coconut, Curry Leaves",Vegan,,Keep the authentic base and add enough protein-rich components so the meal supports training and recovery. The added protein makes the meal more filling and better aligned to the goal.,45 mins strength training,Keep hydration high and avoid letting the added calories come only from fried food.
572,Kerala,Bulking,Dinner,"Matta Rice + Sambar (Grilled, With Chicken)",597,39,76,16,9,Medium,Medium,Medium,Gluten,"Matta Rice, Toor Dal, Mixed Vegetables, Tamarind",Vegan,,Keep the authentic base and add enough protein-rich components so the meal supports training and recovery. The added protein makes the meal more filling and better aligned to the goal.,45 mins strength training,Keep hydration high and avoid letting the added calories come only from fried food.
573,Kerala,Bulking,Dinner,"Pathiri + Kadala Curry (Protein-Boosted, With Chicken)",600,37,74,20,8,High,High,Medium,Safe,"Rice Flour, Black Chickpeas, Onion, Ginger, Coconut",Vegan,,Keep the authentic base and add enough protein-rich components so the meal supports training and recovery. The added protein makes the meal more filling and better aligned to the goal.,45 mins strength training,Keep hydration high and avoid letting the added calories come only from fried food.
574,Kerala,Bulking,Dinner,"Puttu + Kadala Curry (Double Protein, With Fish)",610,42,73,21,10,Medium,High,High,Safe,"Rice Flour, Black Chickpeas, Coconut, Curry Leaves",Vegan,,Keep the authentic base and add enough protein-rich components so the meal supports training and recovery. The added protein makes the meal more filling and better aligned to the goal.,45 mins strength training,Keep hydration high and avoid letting the added calories come only from fried food.
575,Kerala,Bulking,Dinner,"Ragi Puttu + Cherupayar Curry (Double Protein, With Chicken)",600,37,74,20,8,Medium,High,Medium,Safe,"Finger Millet, Green Gram, Coconut, Curry Leaves",Vegan,,Keep the authentic base and add enough protein-rich components so the meal supports training and recovery. The added protein makes the meal more filling and better aligned to the goal.,45 mins strength training,Keep hydration high and avoid letting the added calories come only from fried food.
576,Kerala,Bulking,Dinner,"Rice + Pumpkin Erissery (Pan-Cooked, Lean Protein)",585,37,66,17,10,Medium,High,High,Safe,"Rice, Pumpkin, Red Gram, Coconut, Cumin",Vegan,,Keep the authentic base and add enough protein-rich components so the meal supports training and recovery.,45 mins strength training,Keep hydration high and avoid letting the added calories come only from fried food.
577,Kerala,Maintaining Balanced Diet,Breakfast,"Appam + Vegetable Stew (Moderate, Balanced Portion)",350,13,49,9,6,High,High,Medium,Safe,"Rice Flour, Coconut, Mixed Vegetables, Ginger, Curry Leaves",Vegetarian,,Cook it the traditional way with moderate oil and keep the plate balanced with vegetables or legumes.,30 mins brisk walk,"Do not overdo the side dishes; balance grains, protein, and vegetables."
578,Kerala,Maintaining Balanced Diet,Breakfast,"Dosa + Sambar (Classic, Balanced Portion)",350,13,49,9,6,High,High,Low,Safe,"Rice, Urad Dal, Toor Dal, Mixed Vegetables",Vegetarian,,Cook it the traditional way with moderate oil and keep the plate balanced with vegetables or legumes.,30 mins brisk walk,"Do not overdo the side dishes; balance grains, protein, and vegetables."
579,Kerala,Maintaining Balanced Diet,Breakfast,Dosa + Sambar + Chutney,400,15,60,11,8,Medium,Medium,Low,Safe,"Rice, Urad Dal, Toor Dal",Vegetarian,,Cook dosa crisp; serve with vegetable sambar.,30 mins cycling,
580,Kerala,Maintaining Balanced Diet,Breakfast,"Idiyappam + Cherupayar Curry (Home-Style, Balanced Portion)",360,16,48,10,8,High,Medium,Medium,Safe,"Rice Flour, Green Gram, Coconut, Curry Leaves",Vegetarian,,Cook it the traditional way with moderate oil and keep the plate balanced with vegetables or legumes.,30 mins brisk walk,"Do not overdo the side dishes; balance grains, protein, and vegetables."
581,Kerala,Maintaining Balanced Diet,Breakfast,Idiyappam + Veg Kurma,400,15,60,11,8,Medium,Medium,Low,Safe,"Rice Flour, Mixed Vegetables, Coconut",Vegetarian,,Steam idiyappam; load kurma with veggies.,30 mins cycling,
582,Kerala,Maintaining Balanced Diet,Breakfast,"Idli + Sambar (Fresh, Balanced Portion)",360,16,48,10,8,Medium,Medium,Low,Safe,"Rice, Urad Dal, Toor Dal, Mixed Vegetables",Vegetarian,,Cook it the traditional way with moderate oil and keep the plate balanced with vegetables or legumes.,30 mins brisk walk,"Do not overdo the side dishes; balance grains, protein, and vegetables."
583,Kerala,Maintaining Balanced Diet,Breakfast,Idli + Sambar + Chammanthi,400,15,60,11,8,Medium,Medium,Low,Safe,"Rice, Urad Dal, Coconut",Vegetarian,,Steam idlis; moderate coconut in chammanthi.,30 mins cycling,
584,Kerala,Maintaining Balanced Diet,Breakfast,"Kalappam + Kadala Curry (Steamed, Balanced Portion)",325,13,49,6,6,High,Low,Medium,Safe,"Rice Flour, Coconut, Black Chickpeas, Onion",Vegetarian,,Cook it the traditional way with moderate oil and keep the plate balanced with vegetables or legumes.,30 mins brisk walk,"Do not overdo the side dishes; balance grains, protein, and vegetables."
585,Kerala,Maintaining Balanced Diet,Breakfast,"Karikku Dosa + Coconut Chutney (Warm, Balanced Portion)",350,13,49,9,6,Medium,Medium,High,Safe,"Rice, Tender Coconut, Coconut, Green Chilli, Curry Leaves",Vegetarian,,Cook it the traditional way with moderate oil and keep the plate balanced with vegetables or legumes.,30 mins brisk walk,"Do not overdo the side dishes; balance grains, protein, and vegetables."
586,Kerala,Maintaining Balanced Diet,Breakfast,"Pathiri + Kadala Curry (Lightly Tempered, Balanced Portion)",350,13,49,9,6,Medium,Low,High,Safe,"Rice Flour, Black Chickpeas, Onion, Ginger, Coconut",Vegetarian,,Cook it the traditional way with moderate oil and keep the plate balanced with vegetables or legumes.,30 mins brisk walk,"Do not overdo the side dishes; balance grains, protein, and vegetables."
587,Kerala,Maintaining Balanced Diet,Breakfast,Puttu + Kadala Curry,400,15,60,11,8,Medium,Medium,Low,Safe,"Rice Flour, Black Chickpeas, Coconut",Vegetarian,,Steam puttu; prepare curry with moderate coconut.,30 mins cycling,
588,Kerala,Maintaining Balanced Diet,Breakfast,"Puttu + Kadala Curry (Traditional, Balanced Portion)",360,16,48,10,8,Medium,Low,Low,Safe,"Rice Flour, Black Chickpeas, Coconut, Curry Leaves",Vegetarian,,Cook it the traditional way with moderate oil and keep the plate balanced with vegetables or legumes.,30 mins brisk walk,"Do not overdo the side dishes; balance grains, protein, and vegetables."
589,Kerala,Maintaining Balanced Diet,Breakfast,Ragi Puttu + Banana,400,15,60,11,8,Low,Medium,Low,Safe,"Finger Millet, Banana",Vegetarian,,Steam ragi puttu; serve with ripe banana.,30 mins cycling,
590,Kerala,Maintaining Balanced Diet,Breakfast,"Ragi Puttu + Cherupayar Curry (Traditional, With Vegetables)",350,13,49,9,9,Medium,Low,High,Safe,"Finger Millet, Green Gram, Coconut, Curry Leaves",Vegetarian,,Cook it the traditional way with moderate oil and keep the plate balanced with vegetables or legumes.,30 mins brisk walk,"Do not overdo the side dishes; balance grains, protein, and vegetables."
591,Kerala,Maintaining Balanced Diet,Breakfast,Upma + Kadala Curry,400,15,60,11,8,Medium,Medium,Low,Gluten,"Semolina, Black Chickpeas",Vegetarian,,Dry roast rava; pair with protein-rich chickpeas.,30 mins cycling,
592,Kerala,Maintaining Balanced Diet,Breakfast,"Uppumavu + Green Peas Curry (Home-Style, With Vegetables)",350,13,49,9,9,Low,Medium,Low,"Gluten, Mustard","Semolina, Green Peas, Onion, Mustard Seeds, Curry Leaves",Vegetarian,,Cook it the traditional way with moderate oil and keep the plate balanced with vegetables or legumes.,30 mins brisk walk,"Do not overdo the side dishes; balance grains, protein, and vegetables. Contains Gluten."
593,Kerala,Maintaining Balanced Diet,Breakfast,"Appam + Chicken Stew (Moderate, With Vegetables)",380,24,45,15,8,High,High,Medium,Dairy,"Rice Flour, Chicken, Coconut Milk, Onion, Pepper",Non-Vegetarian,Chicken,Cook it the traditional way with moderate oil and keep the plate balanced with vegetables or legumes.,30 mins brisk walk,"Do not overdo the side dishes; balance grains, protein, and vegetables. Contains Dairy."
594,Kerala,Maintaining Balanced Diet,Breakfast,Appam + Egg Curry,400,15,60,11,8,Medium,Medium,Medium,"Dairy, Egg, Eggs","Rice Flour, Eggs, Coconut Milk",Non-Vegetarian,,Use light coconut milk for the egg curry.,30 mins cycling,
595,Kerala,Maintaining Balanced Diet,Breakfast,"Appam + Fish Moilee (Steamed, With Legumes)",350,28,45,10,8,High,Medium,Medium,"Dairy, Fish","Rice Flour, Fish, Coconut Milk, Green Chilli, Curry Leaves",Non-Vegetarian,Fish,Cook it the traditional way with moderate oil and keep the plate balanced with vegetables or legumes.,30 mins brisk walk,"Do not overdo the side dishes; balance grains, protein, and vegetables. Contains Fish, Dairy."
596,Kerala,Maintaining Balanced Diet,Breakfast,"Appam + Mutton Stew (Classic, With Legumes)",501,33,45,21,7,Medium,Low,High,Dairy,"Rice Flour, Mutton, Coconut Milk, Onion, Pepper",Non-Vegetarian,Mutton,Cook it the traditional way with moderate oil and keep the plate balanced with vegetables or legumes.,30 mins brisk walk,"Do not overdo the side dishes; balance grains, protein, and vegetables. Contains Dairy."
597,Kerala,Maintaining Balanced Diet,Breakfast,"Boiled Egg + Pepper (Lightly Tempered, With Legumes)",370,26,45,14,8,High,Low,Medium,"Egg, Eggs","Eggs, Black Pepper, Curry Leaves, Salt",Non-Vegetarian,,Cook it the traditional way with moderate oil and keep the plate balanced with vegetables or legumes.,30 mins brisk walk,"Do not overdo the side dishes; balance grains, protein, and vegetables. Contains Eggs."
598,Kerala,Maintaining Balanced Diet,Breakfast,"Egg Curry + Appam (Home-Style, With Legumes)",370,26,45,14,8,Medium,Medium,Low,"Egg, Eggs","Eggs, Appam, Onion, Tomato, Coconut",Non-Vegetarian,,Cook it the traditional way with moderate oil and keep the plate balanced with vegetables or legumes.,30 mins brisk walk,"Do not overdo the side dishes; balance grains, protein, and vegetables. Contains Eggs."
599,Kerala,Maintaining Balanced Diet,Breakfast,"Egg Roast + Pathiri (Moderate, With Legumes)",370,26,45,14,8,Low,High,Medium,"Egg, Eggs","Eggs, Pathiri, Onion, Tomato, Coconut Oil",Non-Vegetarian,,Cook it the traditional way with moderate oil and keep the plate balanced with vegetables or legumes.,30 mins brisk walk,"Do not overdo the side dishes; balance grains, protein, and vegetables. Contains Eggs."
600,Kerala,Maintaining Balanced Diet,Breakfast,"Egg White Roast (Fresh, With Legumes)",370,26,45,14,8,Medium,Medium,High,"Egg, Eggs","Egg Whites, Onion, Tomato, Black Pepper, Curry Leaves",Non-Vegetarian,,Cook it the traditional way with moderate oil and keep the plate balanced with vegetables or legumes.,30 mins brisk walk,"Do not overdo the side dishes; balance grains, protein, and vegetables. Contains Eggs."
601,Kerala,Maintaining Balanced Diet,Breakfast,"Idiyappam + Chicken Curry (Warm, With Legumes)",380,30,45,15,8,High,High,Medium,Safe,"Rice Flour, Chicken, Onion, Ginger, Coconut",Non-Vegetarian,Chicken,Cook it the traditional way with moderate oil and keep the plate balanced with vegetables or legumes.,30 mins brisk walk,"Do not overdo the side dishes; balance grains, protein, and vegetables."
602,Kerala,Maintaining Balanced Diet,Breakfast,"Idiyappam + Egg Roast (Lightly Tempered, With Vegetables)",370,20,45,14,8,High,Low,Medium,"Egg, Eggs","Rice Flour, Eggs, Onion, Tomato, Coconut Oil",Non-Vegetarian,,Cook it the traditional way with moderate oil and keep the plate balanced with vegetables or legumes.,30 mins brisk walk,"Do not overdo the side dishes; balance grains, protein, and vegetables. Contains Eggs."
603,Kerala,Maintaining Balanced Diet,Breakfast,"Kalappam + Chicken Curry (Steamed, With Vegetables)",355,24,45,12,8,High,Medium,Medium,Safe,"Rice Flour, Coconut, Chicken, Curry Leaves, Onion",Non-Vegetarian,Chicken,Cook it the traditional way with moderate oil and keep the plate balanced with vegetables or legumes.,30 mins brisk walk,"Do not overdo the side dishes; balance grains, protein, and vegetables."
604,Kerala,Maintaining Balanced Diet,Breakfast,"Karikku Dosa + Chicken Curry (Traditional, With Legumes)",380,30,45,15,8,Medium,Low,Medium,Safe,"Rice, Tender Coconut, Chicken, Onion, Curry Leaves",Non-Vegetarian,Chicken,Cook it the traditional way with moderate oil and keep the plate balanced with vegetables or legumes.,30 mins brisk walk,"Do not overdo the side dishes; balance grains, protein, and vegetables."
605,Kerala,Maintaining Balanced Diet,Breakfast,"Pathiri + Chicken Curry (Classic, With Vegetables)",380,24,45,15,8,Medium,Low,High,Safe,"Rice Flour, Chicken, Onion, Ginger, Coconut",Non-Vegetarian,Chicken,Cook it the traditional way with moderate oil and keep the plate balanced with vegetables or legumes.,30 mins brisk walk,"Do not overdo the side dishes; balance grains, protein, and vegetables."
606,Kerala,Maintaining Balanced Diet,Breakfast,"Puttu + Egg Curry (Fresh, With Vegetables)",370,20,45,14,8,Medium,Medium,High,"Egg, Eggs","Rice Flour, Eggs, Onion, Tomato, Coconut",Non-Vegetarian,,Cook it the traditional way with moderate oil and keep the plate balanced with vegetables or legumes.,30 mins brisk walk,"Do not overdo the side dishes; balance grains, protein, and vegetables. Contains Eggs."
607,Kerala,Maintaining Balanced Diet,Breakfast,"Puttu + Fish Curry (Traditional, Low Salt)",350,22,45,10,5,Medium,Low,High,Fish,"Rice Flour, Fish, Coconut, Tamarind, Curry Leaves",Non-Vegetarian,Fish,Cook it the traditional way with moderate oil and keep the plate balanced with vegetables or legumes. This version keeps the seasoning lighter while staying close to the Kerala original.,30 mins brisk walk,"Do not overdo the side dishes; balance grains, protein, and vegetables. Contains Fish."
608,Kerala,Maintaining Balanced Diet,Breakfast,"Uppumavu + Egg Roast (Warm, With Vegetables)",370,20,45,14,8,High,High,Medium,"Egg, Eggs, Gluten","Semolina, Eggs, Onion, Curry Leaves",Non-Vegetarian,,Cook it the traditional way with moderate oil and keep the plate balanced with vegetables or legumes.,30 mins brisk walk,"Do not overdo the side dishes; balance grains, protein, and vegetables. Contains Eggs, Gluten."
609,Kerala,Maintaining Balanced Diet,Breakfast,"Appam + Ishtu (Classic, Moderate Oil)",350,13,49,9,6,High,Medium,Low,Dairy,"Rice Flour, Coconut Milk, Vegetables, Pepper",Vegan,,Cook it the traditional way with moderate oil and keep the plate balanced with vegetables or legumes.,30 mins brisk walk,"Do not overdo the side dishes; balance grains, protein, and vegetables."
610,Kerala,Maintaining Balanced Diet,Breakfast,"Appam + Vegetable Stew (Lightly Tempered, Low Salt)",325,13,49,6,6,High,Low,High,Safe,"Rice Flour, Coconut, Mixed Vegetables, Ginger, Curry Leaves",Vegan,,Cook it the traditional way with moderate oil and keep the plate balanced with vegetables or legumes. This version keeps the seasoning lighter while staying close to the Kerala original.,30 mins brisk walk,"Do not overdo the side dishes; balance grains, protein, and vegetables."
611,Kerala,Maintaining Balanced Diet,Breakfast,"Cherupayar Sundal (Lightly Tempered, Moderate Oil)",360,16,48,10,8,Low,Medium,Medium,Mustard,"Green Gram, Coconut, Curry Leaves, Mustard Seeds",Vegan,,Cook it the traditional way with moderate oil and keep the plate balanced with vegetables or legumes.,30 mins brisk walk,"Do not overdo the side dishes; balance grains, protein, and vegetables."
612,Kerala,Maintaining Balanced Diet,Breakfast,"Dosa + Sambar (Steamed, Low Salt)",325,13,49,6,6,Medium,Low,Medium,Safe,"Rice, Urad Dal, Toor Dal, Mixed Vegetables",Vegan,,Cook it the traditional way with moderate oil and keep the plate balanced with vegetables or legumes. This version keeps the seasoning lighter while staying close to the Kerala original.,30 mins brisk walk,"Do not overdo the side dishes; balance grains, protein, and vegetables."
613,Kerala,Maintaining Balanced Diet,Breakfast,"Idiyappam + Cherupayar Curry (Moderate, Low Salt)",335,16,48,7,8,Medium,Low,Medium,Safe,"Rice Flour, Green Gram, Coconut, Curry Leaves",Vegan,,Cook it the traditional way with moderate oil and keep the plate balanced with vegetables or legumes. This version keeps the seasoning lighter while staying close to the Kerala original.,30 mins brisk walk,"Do not overdo the side dishes; balance grains, protein, and vegetables."
614,Kerala,Maintaining Balanced Diet,Breakfast,"Idli + Sambar (Classic, Low Salt)",335,16,48,7,8,Low,Low,Low,Safe,"Rice, Urad Dal, Toor Dal, Mixed Vegetables",Vegan,,Cook it the traditional way with moderate oil and keep the plate balanced with vegetables or legumes. This version keeps the seasoning lighter while staying close to the Kerala original.,30 mins brisk walk,"Do not overdo the side dishes; balance grains, protein, and vegetables."
615,Kerala,Maintaining Balanced Diet,Breakfast,"Kadala Sundal (Fresh, Moderate Oil)",360,16,48,10,8,Low,Low,Low,Mustard,"Black Chickpeas, Coconut, Curry Leaves, Mustard Seeds",Vegan,,Cook it the traditional way with moderate oil and keep the plate balanced with vegetables or legumes.,30 mins brisk walk,"Do not overdo the side dishes; balance grains, protein, and vegetables."
616,Kerala,Maintaining Balanced Diet,Breakfast,"Kalappam + Kadala Curry (Warm, Low Salt)",325,13,49,6,6,High,Low,Medium,Safe,"Rice Flour, Coconut, Black Chickpeas, Onion",Vegan,,Cook it the traditional way with moderate oil and keep the plate balanced with vegetables or legumes. This version keeps the seasoning lighter while staying close to the Kerala original.,30 mins brisk walk,"Do not overdo the side dishes; balance grains, protein, and vegetables."
617,Kerala,Maintaining Balanced Diet,Breakfast,"Kappa Puzhukku + Kadala Curry (Warm, Moderate Oil)",365,14,53,11,7,Low,Low,High,Safe,"Tapioca, Black Chickpeas, Coconut, Curry Leaves",Vegan,,Cook it the traditional way with moderate oil and keep the plate balanced with vegetables or legumes.,30 mins brisk walk,"Do not overdo the side dishes; balance grains, protein, and vegetables."
618,Kerala,Maintaining Balanced Diet,Breakfast,"Karikku Dosa + Coconut Chutney (Traditional, Moderate Oil)",350,13,49,9,6,High,Medium,High,Safe,"Rice, Tender Coconut, Coconut, Green Chilli, Curry Leaves",Vegan,,Cook it the traditional way with moderate oil and keep the plate balanced with vegetables or legumes.,30 mins brisk walk,"Do not overdo the side dishes; balance grains, protein, and vegetables."
619,Kerala,Maintaining Balanced Diet,Breakfast,"Pathiri + Kadala Curry (Fresh, Low Salt)",325,13,49,6,6,High,Low,High,Safe,"Rice Flour, Black Chickpeas, Onion, Ginger, Coconut",Vegan,,Cook it the traditional way with moderate oil and keep the plate balanced with vegetables or legumes. This version keeps the seasoning lighter while staying close to the Kerala original.,30 mins brisk walk,"Do not overdo the side dishes; balance grains, protein, and vegetables."
620,Kerala,Maintaining Balanced Diet,Breakfast,"Pathiri + Vegetable Kurma (Traditional, Daily Meal)",350,13,49,9,6,High,Medium,High,Safe,"Rice Flour, Mixed Vegetables, Coconut, Cumin",Vegan,,Cook it the traditional way with moderate oil and keep the plate balanced with vegetables or legumes.,30 mins brisk walk,"Do not overdo the side dishes; balance grains, protein, and vegetables."
621,Kerala,Maintaining Balanced Diet,Breakfast,"Peppered Kanji + Cherupayar Curry (Steamed, Moderate Oil)",325,13,49,6,6,Medium,High,Medium,Safe,"Rice, Pepper, Green Gram, Curry Leaves",Vegan,,Cook it the traditional way with moderate oil and keep the plate balanced with vegetables or legumes.,30 mins brisk walk,"Do not overdo the side dishes; balance grains, protein, and vegetables."
622,Kerala,Maintaining Balanced Diet,Breakfast,"Puttu + Kadala Curry (Home-Style, Low Salt)",335,16,48,7,8,High,Low,Low,Safe,"Rice Flour, Black Chickpeas, Coconut, Curry Leaves",Vegan,,Cook it the traditional way with moderate oil and keep the plate balanced with vegetables or legumes. This version keeps the seasoning lighter while staying close to the Kerala original.,30 mins brisk walk,"Do not overdo the side dishes; balance grains, protein, and vegetables."
623,Kerala,Maintaining Balanced Diet,Breakfast,"Ragi Puttu + Cherupayar Curry (Home-Style, Moderate Oil)",350,13,49,9,6,High,High,Low,Safe,"Finger Millet, Green Gram, Coconut, Curry Leaves",Vegan,,Cook it the traditional way with moderate oil and keep the plate balanced with vegetables or legumes.,30 mins brisk walk,"Do not overdo the side dishes; balance grains, protein, and vegetables."
624,Kerala,Maintaining Balanced Diet,Breakfast,"Uppumavu + Green Peas Curry (Moderate, Moderate Oil)",350,13,49,9,6,Medium,Low,Low,"Gluten, Mustard","Semolina, Green Peas, Onion, Mustard Seeds, Curry Leaves",Vegan,,Cook it the traditional way with moderate oil and keep the plate balanced with vegetables or legumes.,30 mins brisk walk,"Do not overdo the side dishes; balance grains, protein, and vegetables. Contains Gluten."
625,Kerala,Maintaining Balanced Diet,Lunch,"Appam + Vegetable Stew (Lightly Tempered, Daily Meal)",520,21,69,14,8,High,Medium,Medium,Safe,"Rice Flour, Coconut, Mixed Vegetables, Ginger, Curry Leaves",Vegetarian,,Cook it the traditional way with moderate oil and keep the plate balanced with vegetables or legumes.,30 mins walk,"Do not overdo the side dishes; balance grains, protein, and vegetables."
626,Kerala,Maintaining Balanced Diet,Lunch,"Idiyappam + Cherupayar Curry (Moderate, Daily Meal)",530,24,68,15,10,Medium,Low,Low,Safe,"Rice Flour, Green Gram, Coconut, Curry Leaves",Vegetarian,,Cook it the traditional way with moderate oil and keep the plate balanced with vegetables or legumes.,30 mins walk,"Do not overdo the side dishes; balance grains, protein, and vegetables."
627,Kerala,Maintaining Balanced Diet,Lunch,"Idli + Sambar (Classic, Daily Meal)",530,24,68,15,10,Low,Medium,Low,Safe,"Rice, Urad Dal, Toor Dal, Mixed Vegetables",Vegetarian,,Cook it the traditional way with moderate oil and keep the plate balanced with vegetables or legumes.,30 mins walk,"Do not overdo the side dishes; balance grains, protein, and vegetables."
628,Kerala,Maintaining Balanced Diet,Lunch,Matta Rice + Kalan + Cheera Thoran,600,25,85,18,10,Medium,Medium,Low,"Dairy, Gluten","Matta Rice, Yogurt, Raw Banana, Spinach",Vegetarian,,Rich yogurt curry with spinach.,30 mins cycling,
629,Kerala,Maintaining Balanced Diet,Lunch,"Matta Rice + Koottu Curry (Home-Style, Family Style)",510,21,61,13,10,High,High,Low,Gluten,"Matta Rice, Yam, Plantain, Black Chickpeas, Coconut",Vegetarian,,Cook it the traditional way with moderate oil and keep the plate balanced with vegetables or legumes.,30 mins walk,"Do not overdo the side dishes; balance grains, protein, and vegetables."
630,Kerala,Maintaining Balanced Diet,Lunch,"Matta Rice + Olan (Moderate, Family Style)",510,21,61,13,10,Medium,Low,Medium,"Dairy, Gluten","Matta Rice, Ash Gourd, Black Eyed Peas, Coconut Milk",Vegetarian,,Cook it the traditional way with moderate oil and keep the plate balanced with vegetables or legumes.,30 mins walk,"Do not overdo the side dishes; balance grains, protein, and vegetables."
631,Kerala,Maintaining Balanced Diet,Lunch,Matta Rice + Olan + Mathanga Erissery,600,25,85,18,10,Medium,Medium,Low,Gluten,"Matta Rice, Ashgourd, Pumpkin",Vegetarian,,Coconut milk-based olan and pumpkin erissery.,30 mins cycling,
632,Kerala,Maintaining Balanced Diet,Lunch,Matta Rice + Parippu + Cabbage Thoran,600,25,85,18,10,Medium,Medium,Low,Gluten,"Matta Rice, Moong Dal, Cabbage",Vegetarian,,Simple dal and cabbage stir-fry.,30 mins cycling,
633,Kerala,Maintaining Balanced Diet,Lunch,"Matta Rice + Parippu Curry (Traditional, Family Style)",532,23,71,15,9,High,Medium,High,Gluten,"Matta Rice, Toor Dal, Coconut, Curry Leaves",Vegetarian,,Cook it the traditional way with moderate oil and keep the plate balanced with vegetables or legumes.,30 mins walk,"Do not overdo the side dishes; balance grains, protein, and vegetables."
634,Kerala,Maintaining Balanced Diet,Lunch,Matta Rice + Pulissery + Vendakka Mezhukkupuratti,600,25,85,18,10,Medium,Medium,Low,"Dairy, Gluten","Matta Rice, Yogurt, Okra",Vegetarian,,Yogurt-based curry with lightly roasted okra.,30 mins cycling,
635,Kerala,Maintaining Balanced Diet,Lunch,"Matta Rice + Sambar (Steamed, Daily Meal)",507,23,71,12,9,Medium,High,Medium,Gluten,"Matta Rice, Toor Dal, Mixed Vegetables, Tamarind",Vegetarian,,Cook it the traditional way with moderate oil and keep the plate balanced with vegetables or legumes.,30 mins walk,"Do not overdo the side dishes; balance grains, protein, and vegetables."
636,Kerala,Maintaining Balanced Diet,Lunch,Matta Rice + Sambar + Cabbage Thoran,600,25,85,18,10,Medium,Medium,Low,Gluten,"Matta Rice, Toor Dal, Cabbage",Vegetarian,,Standard balanced Kerala meal.,30 mins cycling,
637,Kerala,Maintaining Balanced Diet,Lunch,"Pathiri + Kadala Curry (Fresh, Daily Meal)",520,21,69,14,8,High,Low,Low,Safe,"Rice Flour, Black Chickpeas, Onion, Ginger, Coconut",Vegetarian,,Cook it the traditional way with moderate oil and keep the plate balanced with vegetables or legumes.,30 mins walk,"Do not overdo the side dishes; balance grains, protein, and vegetables."
638,Kerala,Maintaining Balanced Diet,Lunch,"Peppered Kanji + Cherupayar Curry (Lightly Tempered, Family Style)",520,21,69,14,8,High,Medium,Medium,Safe,"Rice, Pepper, Green Gram, Curry Leaves",Vegetarian,,Cook it the traditional way with moderate oil and keep the plate balanced with vegetables or legumes.,30 mins walk,"Do not overdo the side dishes; balance grains, protein, and vegetables."
639,Kerala,Maintaining Balanced Diet,Lunch,"Puttu + Kadala Curry (Home-Style, Daily Meal)",530,24,68,15,10,High,High,Low,Safe,"Rice Flour, Black Chickpeas, Coconut, Curry Leaves",Vegetarian,,Cook it the traditional way with moderate oil and keep the plate balanced with vegetables or legumes.,30 mins walk,"Do not overdo the side dishes; balance grains, protein, and vegetables."
640,Kerala,Maintaining Balanced Diet,Lunch,"Ragi Puttu + Cherupayar Curry (Warm, Daily Meal)",520,21,69,14,8,Low,Low,High,Safe,"Finger Millet, Green Gram, Coconut, Curry Leaves",Vegetarian,,Cook it the traditional way with moderate oil and keep the plate balanced with vegetables or legumes.,30 mins walk,"Do not overdo the side dishes; balance grains, protein, and vegetables."
641,Kerala,Maintaining Balanced Diet,Lunch,"Chemmeen Kari + Rice (Classic, Wholesome)",545,29,65,18,7,Medium,Low,Medium,"Fish, Shellfish","Prawns, Rice, Coconut, Spice Mix, Curry Leaves",Non-Vegetarian,Seafood,Cook it the traditional way with moderate oil and keep the plate balanced with vegetables or legumes.,30 mins walk,"Do not overdo the side dishes; balance grains, protein, and vegetables. Contains Shellfish."
642,Kerala,Maintaining Balanced Diet,Lunch,"Fish Peera + Matta Rice (Warm, Wholesome)",545,30,65,18,7,High,High,Medium,"Fish, Gluten","Sardine, Matta Rice, Coconut, Shallots, Curry Leaves",Non-Vegetarian,Fish,Cook it the traditional way with moderate oil and keep the plate balanced with vegetables or legumes.,30 mins walk,"Do not overdo the side dishes; balance grains, protein, and vegetables. Contains Fish."
643,Kerala,Maintaining Balanced Diet,Lunch,"Karimeen Vatti Pattichathu + Rice (Traditional, Balanced Portion)",545,30,65,18,7,High,Low,Medium,Fish,"Karimeen, Rice, Coconut, Green Chilli, Curry Leaves",Non-Vegetarian,Fish,Cook it the traditional way with moderate oil and keep the plate balanced with vegetables or legumes.,30 mins walk,"Do not overdo the side dishes; balance grains, protein, and vegetables. Contains Fish."
644,Kerala,Maintaining Balanced Diet,Lunch,"Kozhi Peralan + Appam (Fresh, Wholesome)",550,32,65,20,7,High,High,Medium,Safe,"Chicken, Appam, Onion, Tomato, Vinegar",Non-Vegetarian,Chicken,Cook it the traditional way with moderate oil and keep the plate balanced with vegetables or legumes.,30 mins walk,"Do not overdo the side dishes; balance grains, protein, and vegetables."
645,Kerala,Maintaining Balanced Diet,Lunch,"Matta Rice + Chicken Curry (Steamed, Family Style)",525,32,65,17,7,Medium,Medium,Medium,Gluten,"Matta Rice, Chicken, Onion, Ginger, Tomato",Non-Vegetarian,Chicken,Cook it the traditional way with moderate oil and keep the plate balanced with vegetables or legumes.,30 mins walk,"Do not overdo the side dishes; balance grains, protein, and vegetables."
646,Kerala,Maintaining Balanced Diet,Lunch,Matta Rice + Chicken Curry + Avial,600,25,85,18,10,Medium,Medium,Medium,Gluten,"Matta Rice, Chicken, Mixed Veg",Non-Vegetarian,chicken,Balanced portion of chicken and vegetable avial.,30 mins cycling,
647,Kerala,Maintaining Balanced Diet,Lunch,Matta Rice + Egg Roast + Moru Curry,600,25,85,18,10,Medium,Medium,Medium,"Dairy, Egg, Eggs|Dairy, Gluten","Matta Rice, Eggs, Buttermilk",Non-Vegetarian,,Two eggs roasted with onions; light buttermilk curry.,30 mins cycling,
648,Kerala,Maintaining Balanced Diet,Lunch,Matta Rice + Meen Curry + Beans Thoran,600,25,85,18,10,Medium,Medium,Low,"Fish, Gluten","Matta Rice, Fish, Green Beans",Non-Vegetarian,fish,Fish in tamarind gravy; beans lightly stir-fried.,30 mins cycling,
649,Kerala,Maintaining Balanced Diet,Lunch,"Matta Rice + Nadan Kozhi Curry (Warm, Family Style)",550,32,65,20,7,High,High,Low,Gluten,"Matta Rice, Chicken, Coconut, Onion, Curry Leaves",Non-Vegetarian,Chicken,Cook it the traditional way with moderate oil and keep the plate balanced with vegetables or legumes.,30 mins walk,"Do not overdo the side dishes; balance grains, protein, and vegetables."
650,Kerala,Maintaining Balanced Diet,Lunch,"North Malabar Prawns Curry + Rice (Steamed, Wholesome)",520,29,65,15,7,Medium,Medium,Medium,"Fish, Shellfish","Prawns, Rice, Green Mango, Coconut, Spices",Non-Vegetarian,Seafood,Cook it the traditional way with moderate oil and keep the plate balanced with vegetables or legumes.,30 mins walk,"Do not overdo the side dishes; balance grains, protein, and vegetables. Contains Shellfish."
651,Kerala,Maintaining Balanced Diet,Lunch,"Pathiri + Chicken Curry (Classic, Family Style)",550,32,65,20,7,Medium,Low,High,Safe,"Rice Flour, Chicken, Onion, Ginger, Coconut",Non-Vegetarian,Chicken,Cook it the traditional way with moderate oil and keep the plate balanced with vegetables or legumes.,30 mins walk,"Do not overdo the side dishes; balance grains, protein, and vegetables."
652,Kerala,Maintaining Balanced Diet,Lunch,"Prawns Curry + Rice (Traditional, Wholesome)",545,29,65,18,7,High,Low,Medium,"Fish, Shellfish","Prawns, Rice, Coconut, Tamarind, Curry Leaves",Non-Vegetarian,Seafood,Cook it the traditional way with moderate oil and keep the plate balanced with vegetables or legumes.,30 mins walk,"Do not overdo the side dishes; balance grains, protein, and vegetables. Contains Shellfish."
653,Kerala,Maintaining Balanced Diet,Lunch,"Prawns Pollichathu + Rice (Home-Style, Wholesome)",545,29,65,18,7,Medium,Medium,High,"Fish, Shellfish","Prawns, Rice, Banana Leaf, Onion, Spices",Non-Vegetarian,Seafood,Cook it the traditional way with moderate oil and keep the plate balanced with vegetables or legumes.,30 mins walk,"Do not overdo the side dishes; balance grains, protein, and vegetables. Contains Shellfish."
654,Kerala,Maintaining Balanced Diet,Lunch,"Puttu + Egg Curry (Fresh, Family Style)",540,28,65,19,7,High,High,Medium,"Egg, Eggs","Rice Flour, Eggs, Onion, Tomato, Coconut",Non-Vegetarian,,Cook it the traditional way with moderate oil and keep the plate balanced with vegetables or legumes.,30 mins walk,"Do not overdo the side dishes; balance grains, protein, and vegetables. Contains Eggs."
655,Kerala,Maintaining Balanced Diet,Lunch,"Thalassery Kozhi Curry + Rice (Lightly Tempered, Wholesome)",550,32,65,20,7,High,Medium,Low,Safe,"Chicken, Rice, Coconut, Shallots, Pepper",Non-Vegetarian,Chicken,Cook it the traditional way with moderate oil and keep the plate balanced with vegetables or legumes.,30 mins walk,"Do not overdo the side dishes; balance grains, protein, and vegetables."
656,Kerala,Maintaining Balanced Diet,Lunch,"Wayanadan Chicken Curry + Rice (Moderate, Wholesome)",550,32,65,20,7,Medium,Low,High,Dairy,"Chicken, Rice, Coconut Milk, Curry Leaves, Pepper",Non-Vegetarian,Chicken,Cook it the traditional way with moderate oil and keep the plate balanced with vegetables or legumes.,30 mins walk,"Do not overdo the side dishes; balance grains, protein, and vegetables. Contains Dairy."
657,Kerala,Maintaining Balanced Diet,Lunch,"Appam + Vegetable Stew (Lightly Tempered, Balanced Portion)",520,21,69,14,8,High,Low,Medium,Safe,"Rice Flour, Coconut, Mixed Vegetables, Ginger, Curry Leaves",Vegan,,Cook it the traditional way with moderate oil and keep the plate balanced with vegetables or legumes.,30 mins walk,"Do not overdo the side dishes; balance grains, protein, and vegetables."
658,Kerala,Maintaining Balanced Diet,Lunch,"Idiyappam + Cherupayar Curry (Moderate, Balanced Portion)",530,24,68,15,10,Medium,High,Low,Safe,"Rice Flour, Green Gram, Coconut, Curry Leaves",Vegan,,Cook it the traditional way with moderate oil and keep the plate balanced with vegetables or legumes.,30 mins walk,"Do not overdo the side dishes; balance grains, protein, and vegetables."
659,Kerala,Maintaining Balanced Diet,Lunch,"Idli + Sambar (Classic, Balanced Portion)",530,24,68,15,10,Low,High,Low,Safe,"Rice, Urad Dal, Toor Dal, Mixed Vegetables",Vegan,,Cook it the traditional way with moderate oil and keep the plate balanced with vegetables or legumes.,30 mins walk,"Do not overdo the side dishes; balance grains, protein, and vegetables."
660,Kerala,Maintaining Balanced Diet,Lunch,"Kappa + Kadala Curry (Traditional, With Legumes)",535,28,73,16,12,Low,Low,Low,Safe,"Tapioca, Black Chickpeas, Coconut, Curry Leaves",Vegan,,Cook it the traditional way with moderate oil and keep the plate balanced with vegetables or legumes.,30 mins walk,"Do not overdo the side dishes; balance grains, protein, and vegetables."
661,Kerala,Maintaining Balanced Diet,Lunch,"Kappa Puzhukku + Kadala Curry (Fresh, With Vegetables)",535,22,73,16,12,Low,Medium,High,Safe,"Tapioca, Black Chickpeas, Coconut, Curry Leaves",Vegan,,Cook it the traditional way with moderate oil and keep the plate balanced with vegetables or legumes.,30 mins walk,"Do not overdo the side dishes; balance grains, protein, and vegetables."
662,Kerala,Maintaining Balanced Diet,Lunch,"Matta Rice + Koottu Curry (Home-Style, With Vegetables)",510,21,61,13,13,High,Medium,Low,Gluten,"Matta Rice, Yam, Plantain, Black Chickpeas, Coconut",Vegan,,Cook it the traditional way with moderate oil and keep the plate balanced with vegetables or legumes.,30 mins walk,"Do not overdo the side dishes; balance grains, protein, and vegetables."
663,Kerala,Maintaining Balanced Diet,Lunch,"Matta Rice + Mezhukkupuratti (Warm, With Vegetables)",510,21,61,13,13,High,Medium,Medium,Gluten,"Matta Rice, Beans, Shallots, Coconut Oil, Curry Leaves",Vegan,,Cook it the traditional way with moderate oil and keep the plate balanced with vegetables or legumes.,30 mins walk,"Do not overdo the side dishes; balance grains, protein, and vegetables."
664,Kerala,Maintaining Balanced Diet,Lunch,"Matta Rice + Olan (Moderate, With Vegetables)",510,21,61,13,13,Medium,High,Medium,"Dairy, Gluten","Matta Rice, Ash Gourd, Black Eyed Peas, Coconut Milk",Vegan,,Cook it the traditional way with moderate oil and keep the plate balanced with vegetables or legumes.,30 mins walk,"Do not overdo the side dishes; balance grains, protein, and vegetables."
665,Kerala,Maintaining Balanced Diet,Lunch,"Matta Rice + Parippu Curry (Traditional, With Vegetables)",532,23,71,15,12,High,Low,High,Gluten,"Matta Rice, Toor Dal, Coconut, Curry Leaves",Vegan,,Cook it the traditional way with moderate oil and keep the plate balanced with vegetables or legumes.,30 mins walk,"Do not overdo the side dishes; balance grains, protein, and vegetables."
666,Kerala,Maintaining Balanced Diet,Lunch,"Matta Rice + Sambar (Steamed, Balanced Portion)",507,23,71,12,9,Medium,Low,Medium,Gluten,"Matta Rice, Toor Dal, Mixed Vegetables, Tamarind",Vegan,,Cook it the traditional way with moderate oil and keep the plate balanced with vegetables or legumes.,30 mins walk,"Do not overdo the side dishes; balance grains, protein, and vegetables."
667,Kerala,Maintaining Balanced Diet,Lunch,"Matta Rice + Thoran (Steamed, With Vegetables)",418,21,61,10,13,Medium,Low,Medium,"Gluten, Mustard","Matta Rice, Cabbage, Coconut, Mustard Seeds",Vegan,,Cook it the traditional way with moderate oil and keep the plate balanced with vegetables or legumes.,30 mins walk,"Do not overdo the side dishes; balance grains, protein, and vegetables."
668,Kerala,Maintaining Balanced Diet,Lunch,"Pathiri + Kadala Curry (Fresh, Balanced Portion)",520,21,69,14,8,High,Medium,Low,Safe,"Rice Flour, Black Chickpeas, Onion, Ginger, Coconut",Vegan,,Cook it the traditional way with moderate oil and keep the plate balanced with vegetables or legumes.,30 mins walk,"Do not overdo the side dishes; balance grains, protein, and vegetables."
669,Kerala,Maintaining Balanced Diet,Lunch,"Peppered Kanji + Cherupayar Curry (Lightly Tempered, With Vegetables)",520,21,69,14,11,High,Low,Medium,Safe,"Rice, Pepper, Green Gram, Curry Leaves",Vegan,,Cook it the traditional way with moderate oil and keep the plate balanced with vegetables or legumes.,30 mins walk,"Do not overdo the side dishes; balance grains, protein, and vegetables."
670,Kerala,Maintaining Balanced Diet,Lunch,"Puttu + Kadala Curry (Home-Style, Balanced Portion)",530,24,68,15,10,High,Medium,Low,Safe,"Rice Flour, Black Chickpeas, Coconut, Curry Leaves",Vegan,,Cook it the traditional way with moderate oil and keep the plate balanced with vegetables or legumes.,30 mins walk,"Do not overdo the side dishes; balance grains, protein, and vegetables."
671,Kerala,Maintaining Balanced Diet,Lunch,"Ragi Puttu + Cherupayar Curry (Warm, Balanced Portion)",520,21,69,14,8,Low,Medium,High,Safe,"Finger Millet, Green Gram, Coconut, Curry Leaves",Vegan,,Cook it the traditional way with moderate oil and keep the plate balanced with vegetables or legumes.,30 mins walk,"Do not overdo the side dishes; balance grains, protein, and vegetables."
672,Kerala,Maintaining Balanced Diet,Lunch,"Veg Sadya Plate (Classic, With Vegetables)",510,21,61,13,13,High,High,Low,Safe,"Rice, Avial, Thoran, Olan, Sambar, Parippu, Pickles",Vegan,,Cook it the traditional way with moderate oil and keep the plate balanced with vegetables or legumes.,30 mins walk,"Do not overdo the side dishes; balance grains, protein, and vegetables."
673,Kerala,Maintaining Balanced Diet,Snack,Aval Nanachathu,200,8,30,5,4,Medium,Medium,Low,Safe,"Flattened Rice, Coconut, Jaggery",Vegetarian,,Mix poha with grated coconut and a little jaggery.,30 mins cycling,
674,Kerala,Maintaining Balanced Diet,Snack,"Avalose Podi (Traditional, Low Salt)",261,8,37,9,3,High,Low,Medium,Safe,"Rice Flour, Coconut, Cumin, Jaggery",Vegetarian,,Cook it the traditional way with moderate oil and keep the plate balanced with vegetables or legumes. This version keeps the seasoning lighter while staying close to the Kerala original.,20 mins light movement,"Do not overdo the side dishes; balance grains, protein, and vegetables."
675,Kerala,Maintaining Balanced Diet,Snack,Banana Chips (Limited),200,8,30,5,4,Medium,Medium,Low,Safe,"Raw Banana, Coconut Oil",Vegetarian,,Consume in moderation.,30 mins cycling,
676,Kerala,Maintaining Balanced Diet,Snack,"Cherupayar Sundal (Moderate, With Legumes)",210,17,28,7,10,Medium,High,Medium,Mustard,"Green Gram, Coconut, Curry Leaves, Mustard Seeds",Vegetarian,,Cook it the traditional way with moderate oil and keep the plate balanced with vegetables or legumes.,20 mins light movement,"Do not overdo the side dishes; balance grains, protein, and vegetables."
677,Kerala,Maintaining Balanced Diet,Snack,"Cucumber Salad (Classic, With Legumes)",175,12,19,4,7,High,High,Low,Safe,"Cucumber, Onion, Lemon, Curry Leaves",Vegetarian,,Cook it the traditional way with moderate oil and keep the plate balanced with vegetables or legumes.,20 mins light movement,"Do not overdo the side dishes; balance grains, protein, and vegetables."
678,Kerala,Maintaining Balanced Diet,Snack,"Ilayada (Home-Style, Low Salt)",261,8,37,9,3,High,Low,Medium,Safe,"Rice Flour, Jaggery, Coconut, Banana Leaf",Vegetarian,,Cook it the traditional way with moderate oil and keep the plate balanced with vegetables or legumes. This version keeps the seasoning lighter while staying close to the Kerala original.,20 mins light movement,"Do not overdo the side dishes; balance grains, protein, and vegetables."
679,Kerala,Maintaining Balanced Diet,Snack,Ilayappam,200,8,30,5,4,Medium,Medium,Low,Safe,"Rice Flour, Coconut, Jaggery",Vegetarian,,Steam in banana leaf.,30 mins cycling,
680,Kerala,Maintaining Balanced Diet,Snack,"Kadala Sundal (Lightly Tempered, With Legumes)",210,17,28,7,10,Low,Low,Medium,Mustard,"Black Chickpeas, Coconut, Curry Leaves, Mustard Seeds",Vegetarian,,Cook it the traditional way with moderate oil and keep the plate balanced with vegetables or legumes.,20 mins light movement,"Do not overdo the side dishes; balance grains, protein, and vegetables."
681,Kerala,Maintaining Balanced Diet,Snack,Kozhukkatta,200,8,30,5,4,Medium,Medium,Low,Safe,"Rice Flour, Coconut, Jaggery",Vegetarian,,Steam rice flour dumplings.,30 mins cycling,
682,Kerala,Maintaining Balanced Diet,Snack,"Kozhukkatta (Warm, With Legumes)",312,14,37,12,6,High,Medium,Medium,Safe,"Rice Flour, Jaggery, Coconut",Vegetarian,,Cook it the traditional way with moderate oil and keep the plate balanced with vegetables or legumes.,20 mins light movement,"Do not overdo the side dishes; balance grains, protein, and vegetables."
683,Kerala,Maintaining Balanced Diet,Snack,Parippu Vada,200,8,30,5,4,Medium,Medium,Low,Safe,"Chana Dal, Oil",Vegetarian,,Deep fry; consume one piece.,30 mins cycling,
684,Kerala,Maintaining Balanced Diet,Snack,"Roasted Peanuts (Home-Style, With Legumes)",175,12,19,4,7,High,Medium,Low,"Peanut, Peanuts","Peanuts, Curry Leaves, Salt",Vegetarian,,Cook it the traditional way with moderate oil and keep the plate balanced with vegetables or legumes.,20 mins light movement,"Do not overdo the side dishes; balance grains, protein, and vegetables. Contains Peanuts."
685,Kerala,Maintaining Balanced Diet,Snack,Steamed Nendran Pazham,200,8,30,5,4,Medium,Low,Low,Safe,Nendran Banana,Vegetarian,,Steam ripe plantain.,30 mins cycling,
686,Kerala,Maintaining Balanced Diet,Snack,Uzhunnu Vada,200,8,30,5,4,Medium,Medium,Low,Safe,"Urad Dal, Oil",Vegetarian,,Deep fry; consume one piece.,30 mins cycling,
687,Kerala,Maintaining Balanced Diet,Snack,"Uzhunnu Vada (Steamed, With Legumes)",343,17,35,15,6,Medium,Medium,High,Safe,"Urad Dal, Onion, Pepper, Curry Leaves",Vegetarian,,Cook it the traditional way with moderate oil and keep the plate balanced with vegetables or legumes.,20 mins light movement,"Do not overdo the side dishes; balance grains, protein, and vegetables."
688,Kerala,Maintaining Balanced Diet,Snack,"Vishu Katta + Vegetable Curry (Fresh, With Legumes)",200,14,29,6,8,High,Medium,High,Safe,"Rice Flour, Cumin, Vegetables, Curry Leaves",Vegetarian,,Cook it the traditional way with moderate oil and keep the plate balanced with vegetables or legumes.,20 mins light movement,"Do not overdo the side dishes; balance grains, protein, and vegetables."
689,Kerala,Maintaining Balanced Diet,Snack,"Beef Chikki Fry (Fresh, Moderate Oil)",350,22,25,18,3,Medium,Medium,High,Safe,"Beef, Chilli Powder, Shallots, Coconut Oil",Non-Vegetarian,Beef,Cook it the traditional way with moderate oil and keep the plate balanced with vegetables or legumes.,20 mins light movement,"Do not overdo the side dishes; balance grains, protein, and vegetables."
690,Kerala,Maintaining Balanced Diet,Snack,"Boiled Egg + Pepper (Moderate, Low Salt)",232,15,25,8,4,Low,Low,Low,"Egg, Eggs","Eggs, Black Pepper, Curry Leaves, Salt",Non-Vegetarian,,Cook it the traditional way with moderate oil and keep the plate balanced with vegetables or legumes. This version keeps the seasoning lighter while staying close to the Kerala original.,20 mins light movement,"Do not overdo the side dishes; balance grains, protein, and vegetables. Contains Eggs."
691,Kerala,Maintaining Balanced Diet,Snack,"Boiled Egg + Pepper (Steamed, Moderate Oil)",232,15,25,8,4,Low,Medium,Medium,"Egg, Eggs","Eggs, Black Pepper, Curry Leaves, Salt",Non-Vegetarian,,Cook it the traditional way with moderate oil and keep the plate balanced with vegetables or legumes.,20 mins light movement,"Do not overdo the side dishes; balance grains, protein, and vegetables. Contains Eggs."
692,Kerala,Maintaining Balanced Diet,Snack,"Chicken Pepper Fry (Steamed, Low Salt)",257,19,25,9,4,Low,Low,Medium,Safe,"Chicken, Black Pepper, Curry Leaves, Shallots, Coconut Oil",Non-Vegetarian,Chicken,Cook it the traditional way with moderate oil and keep the plate balanced with vegetables or legumes. This version keeps the seasoning lighter while staying close to the Kerala original.,20 mins light movement,"Do not overdo the side dishes; balance grains, protein, and vegetables."
693,Kerala,Maintaining Balanced Diet,Snack,"Chicken Soup (Traditional, Moderate Oil)",284,19,25,12,4,Medium,Low,High,Safe,"Chicken, Pepper, Ginger, Curry Leaves, Onion",Non-Vegetarian,Chicken,Cook it the traditional way with moderate oil and keep the plate balanced with vegetables or legumes.,20 mins light movement,"Do not overdo the side dishes; balance grains, protein, and vegetables."
694,Kerala,Maintaining Balanced Diet,Snack,"Chuttirachi (Grilled Beef) (Classic, Moderate Oil)",350,22,25,18,3,Medium,Low,High,Safe,"Beef, Black Pepper, Garlic, Coconut Oil",Non-Vegetarian,Beef,Cook it the traditional way with moderate oil and keep the plate balanced with vegetables or legumes.,20 mins light movement,"Do not overdo the side dishes; balance grains, protein, and vegetables."
695,Kerala,Maintaining Balanced Diet,Snack,"Egg Cutlet (Home-Style, Moderate Oil)",259,15,25,11,4,Medium,Medium,Low,"Egg, Eggs, Gluten","Eggs, Potato, Onion, Breadcrumbs",Non-Vegetarian,,Cook it the traditional way with moderate oil and keep the plate balanced with vegetables or legumes.,20 mins light movement,"Do not overdo the side dishes; balance grains, protein, and vegetables. Contains Eggs, Gluten."
696,Kerala,Maintaining Balanced Diet,Snack,"Egg White Roast (Lightly Tempered, Low Salt)",232,15,25,8,4,High,Low,Medium,"Egg, Eggs","Egg Whites, Onion, Tomato, Black Pepper, Curry Leaves",Non-Vegetarian,,Cook it the traditional way with moderate oil and keep the plate balanced with vegetables or legumes. This version keeps the seasoning lighter while staying close to the Kerala original.,20 mins light movement,"Do not overdo the side dishes; balance grains, protein, and vegetables. Contains Eggs."
697,Kerala,Maintaining Balanced Diet,Snack,"Egg White Roast (Warm, Moderate Oil)",259,15,25,11,4,High,High,Medium,"Egg, Eggs","Egg Whites, Onion, Tomato, Black Pepper, Curry Leaves",Non-Vegetarian,,Cook it the traditional way with moderate oil and keep the plate balanced with vegetables or legumes.,20 mins light movement,"Do not overdo the side dishes; balance grains, protein, and vegetables. Contains Eggs."
698,Kerala,Maintaining Balanced Diet,Snack,"Finger Prawns (Lightly Tempered, Moderate Oil)",225,16,25,10,4,High,Low,Medium,"Fish, Gluten, Shellfish","Prawns, Lime, Pepper, Breadcrumbs, Oil",Non-Vegetarian,Seafood,Cook it the traditional way with moderate oil and keep the plate balanced with vegetables or legumes.,20 mins light movement,"Do not overdo the side dishes; balance grains, protein, and vegetables. Contains Shellfish, Gluten."
699,Kerala,Maintaining Balanced Diet,Snack,"Fish Fry (Tawa Roasted) (Classic, Low Salt)",200,17,25,7,4,Medium,Low,Medium,Fish,"Fish, Pepper, Lemon, Curry Leaves, Coconut Oil",Non-Vegetarian,Fish,Cook it the traditional way with moderate oil and keep the plate balanced with vegetables or legumes. This version keeps the seasoning lighter while staying close to the Kerala original.,20 mins light movement,"Do not overdo the side dishes; balance grains, protein, and vegetables. Contains Fish."
700,Kerala,Maintaining Balanced Diet,Snack,"Fish Fry (Tawa Roasted) (Home-Style, Daily Meal)",225,17,25,10,4,Medium,Medium,Medium,Fish,"Fish, Pepper, Lemon, Curry Leaves, Coconut Oil",Non-Vegetarian,Fish,Cook it the traditional way with moderate oil and keep the plate balanced with vegetables or legumes.,20 mins light movement,"Do not overdo the side dishes; balance grains, protein, and vegetables. Contains Fish."
701,Kerala,Maintaining Balanced Diet,Snack,"Grilled Fish Bites (Fresh, Low Salt)",200,17,25,7,4,Medium,Low,Medium,Fish,"Fish, Lemon, Pepper, Curry Leaves, Coconut Oil",Non-Vegetarian,Fish,Cook it the traditional way with moderate oil and keep the plate balanced with vegetables or legumes. This version keeps the seasoning lighter while staying close to the Kerala original.,20 mins light movement,"Do not overdo the side dishes; balance grains, protein, and vegetables. Contains Fish."
702,Kerala,Maintaining Balanced Diet,Snack,"Grilled Fish Bites (Traditional, Daily Meal)",225,17,25,10,4,Medium,Low,Medium,Fish,"Fish, Lemon, Pepper, Curry Leaves, Coconut Oil",Non-Vegetarian,Fish,Cook it the traditional way with moderate oil and keep the plate balanced with vegetables or legumes.,20 mins light movement,"Do not overdo the side dishes; balance grains, protein, and vegetables. Contains Fish."
703,Kerala,Maintaining Balanced Diet,Snack,"Prawns Chilly Fry (Moderate, Moderate Oil)",225,16,25,10,4,Low,High,Low,"Fish, Shellfish","Prawns, Green Chilli, Garlic, Onion, Curry Leaves",Non-Vegetarian,Seafood,Cook it the traditional way with moderate oil and keep the plate balanced with vegetables or legumes.,20 mins light movement,"Do not overdo the side dishes; balance grains, protein, and vegetables. Contains Shellfish."
704,Kerala,Maintaining Balanced Diet,Snack,"Steamed Prawns (Warm, Low Salt)",200,16,25,7,4,High,Low,Medium,"Fish, Shellfish","Prawns, Lemon, Pepper, Curry Leaves",Non-Vegetarian,Seafood,Cook it the traditional way with moderate oil and keep the plate balanced with vegetables or legumes. This version keeps the seasoning lighter while staying close to the Kerala original.,20 mins light movement,"Do not overdo the side dishes; balance grains, protein, and vegetables. Contains Shellfish."
705,Kerala,Maintaining Balanced Diet,Snack,"Avalose Podi (Home-Style, Family Style)",288,8,37,12,3,Medium,Medium,Medium,Safe,"Rice Flour, Coconut, Cumin, Jaggery",Vegan,,Cook it the traditional way with moderate oil and keep the plate balanced with vegetables or legumes.,20 mins light movement,"Do not overdo the side dishes; balance grains, protein, and vegetables."
706,Kerala,Maintaining Balanced Diet,Snack,"Avalose Unda (Classic, Family Style)",288,8,37,12,3,Medium,Medium,Medium,Safe,"Rice Flour, Coconut, Jaggery, Cumin",Vegan,,Cook it the traditional way with moderate oil and keep the plate balanced with vegetables or legumes.,20 mins light movement,"Do not overdo the side dishes; balance grains, protein, and vegetables."
707,Kerala,Maintaining Balanced Diet,Snack,"Banana Chips (Warm, Family Style)",346,11,35,18,3,High,Medium,High,Safe,"Raw Banana, Coconut Oil, Salt",Vegan,,Cook it the traditional way with moderate oil and keep the plate balanced with vegetables or legumes.,20 mins light movement,"Do not overdo the side dishes; balance grains, protein, and vegetables."
708,Kerala,Maintaining Balanced Diet,Snack,"Chakka Ada (Steamed, Family Style)",261,8,37,9,3,High,Medium,Medium,Safe,"Jackfruit, Rice Flour, Jaggery, Coconut",Vegan,,Cook it the traditional way with moderate oil and keep the plate balanced with vegetables or legumes.,20 mins light movement,"Do not overdo the side dishes; balance grains, protein, and vegetables."
709,Kerala,Maintaining Balanced Diet,Snack,"Cherupayar Sundal (Lightly Tempered, Daily Meal)",210,11,28,7,7,High,Low,Medium,Mustard,"Green Gram, Coconut, Curry Leaves, Mustard Seeds",Vegan,,Cook it the traditional way with moderate oil and keep the plate balanced with vegetables or legumes.,20 mins light movement,"Do not overdo the side dishes; balance grains, protein, and vegetables."
710,Kerala,Maintaining Balanced Diet,Snack,"Cucumber Salad (Steamed, Daily Meal)",109,6,19,1,4,Low,Medium,Medium,Safe,"Cucumber, Onion, Lemon, Curry Leaves",Vegan,,Cook it the traditional way with moderate oil and keep the plate balanced with vegetables or legumes.,20 mins light movement,"Do not overdo the side dishes; balance grains, protein, and vegetables."
711,Kerala,Maintaining Balanced Diet,Snack,"Ellunda (Home-Style, Wholesome)",288,8,37,12,3,Medium,Medium,Medium,Sesame,"Sesame, Jaggery, Coconut",Vegan,,Cook it the traditional way with moderate oil and keep the plate balanced with vegetables or legumes.,20 mins light movement,"Do not overdo the side dishes; balance grains, protein, and vegetables. Contains Sesame."
712,Kerala,Maintaining Balanced Diet,Snack,"Ilayada (Moderate, Family Style)",288,8,37,12,3,High,Medium,Medium,Safe,"Rice Flour, Jaggery, Coconut, Banana Leaf",Vegan,,Cook it the traditional way with moderate oil and keep the plate balanced with vegetables or legumes.,20 mins light movement,"Do not overdo the side dishes; balance grains, protein, and vegetables."
713,Kerala,Maintaining Balanced Diet,Snack,"Jackfruit Chips (Traditional, Wholesome)",346,11,35,18,3,Medium,Medium,High,Safe,"Raw Jackfruit, Coconut Oil, Salt",Vegan,,Cook it the traditional way with moderate oil and keep the plate balanced with vegetables or legumes.,20 mins light movement,"Do not overdo the side dishes; balance grains, protein, and vegetables."
714,Kerala,Maintaining Balanced Diet,Snack,"Kadala Sundal (Fresh, Daily Meal)",210,11,28,7,7,Medium,Medium,High,Mustard,"Black Chickpeas, Coconut, Curry Leaves, Mustard Seeds",Vegan,,Cook it the traditional way with moderate oil and keep the plate balanced with vegetables or legumes.,20 mins light movement,"Do not overdo the side dishes; balance grains, protein, and vegetables."
715,Kerala,Maintaining Balanced Diet,Snack,"Kozhukkatta (Traditional, Family Style)",288,8,37,12,3,Medium,Medium,Medium,Safe,"Rice Flour, Jaggery, Coconut",Vegan,,Cook it the traditional way with moderate oil and keep the plate balanced with vegetables or legumes.,20 mins light movement,"Do not overdo the side dishes; balance grains, protein, and vegetables."
716,Kerala,Maintaining Balanced Diet,Snack,"Roasted Peanuts (Moderate, Daily Meal)",136,6,19,4,4,Low,High,Low,"Peanut, Peanuts","Peanuts, Curry Leaves, Salt",Vegan,,Cook it the traditional way with moderate oil and keep the plate balanced with vegetables or legumes.,20 mins light movement,"Do not overdo the side dishes; balance grains, protein, and vegetables. Contains Peanuts."
717,Kerala,Maintaining Balanced Diet,Snack,"Tender Coconut (Lightly Tempered, Family Style)",136,6,19,4,4,High,Low,Medium,Safe,"Tender Coconut Water, Tender Coconut Flesh",Vegan,,Cook it the traditional way with moderate oil and keep the plate balanced with vegetables or legumes.,20 mins light movement,"Do not overdo the side dishes; balance grains, protein, and vegetables."
718,Kerala,Maintaining Balanced Diet,Snack,"Unniyappam (Fresh, Family Style)",288,8,37,12,3,Medium,Medium,Medium,Safe,"Rice Flour, Banana, Jaggery, Coconut",Vegan,,Cook it the traditional way with moderate oil and keep the plate balanced with vegetables or legumes.,20 mins light movement,"Do not overdo the side dishes; balance grains, protein, and vegetables."
719,Kerala,Maintaining Balanced Diet,Snack,"Uzhunnu Vada (Warm, Daily Meal)",346,11,35,18,3,Low,Medium,High,Safe,"Urad Dal, Onion, Pepper, Curry Leaves",Vegan,,Cook it the traditional way with moderate oil and keep the plate balanced with vegetables or legumes.,20 mins light movement,"Do not overdo the side dishes; balance grains, protein, and vegetables."
720,Kerala,Maintaining Balanced Diet,Snack,"Vishu Katta + Vegetable Curry (Classic, Daily Meal)",200,8,29,6,5,Medium,Low,High,Safe,"Rice Flour, Cumin, Vegetables, Curry Leaves",Vegan,,Cook it the traditional way with moderate oil and keep the plate balanced with vegetables or legumes.,20 mins light movement,"Do not overdo the side dishes; balance grains, protein, and vegetables."
721,Kerala,Maintaining Balanced Diet,Dinner,Appam + Veg Stew,400,15,60,11,8,Medium,Medium,Low,Dairy,"Rice Flour, Mixed Vegetables, Coconut Milk",Vegetarian,,Use light coconut milk for stew.,30 mins cycling,
722,Kerala,Maintaining Balanced Diet,Dinner,"Appam + Vegetable Stew (Fresh, Wholesome)",420,17,59,11,7,Medium,Medium,High,Safe,"Rice Flour, Coconut, Mixed Vegetables, Ginger, Curry Leaves",Vegetarian,,Cook it the traditional way with moderate oil and keep the plate balanced with vegetables or legumes.,30 mins evening walk,"Do not overdo the side dishes; balance grains, protein, and vegetables."
723,Kerala,Maintaining Balanced Diet,Dinner,Dosa + Chammanthi,400,15,60,11,8,Medium,Medium,Low,Safe,"Rice, Urad Dal, Coconut",Vegetarian,,Cook dosa; serve with moderate coconut chammanthi.,30 mins cycling,
724,Kerala,Maintaining Balanced Diet,Dinner,"Dosa + Sambar (Warm, Wholesome)",420,17,59,11,7,Low,High,Medium,Safe,"Rice, Urad Dal, Toor Dal, Mixed Vegetables",Vegetarian,,Cook it the traditional way with moderate oil and keep the plate balanced with vegetables or legumes.,30 mins evening walk,"Do not overdo the side dishes; balance grains, protein, and vegetables."
725,Kerala,Maintaining Balanced Diet,Dinner,"Idiyappam + Cherupayar Curry (Lightly Tempered, Wholesome)",430,20,58,12,9,High,Low,Medium,Safe,"Rice Flour, Green Gram, Coconut, Curry Leaves",Vegetarian,,Cook it the traditional way with moderate oil and keep the plate balanced with vegetables or legumes.,30 mins evening walk,"Do not overdo the side dishes; balance grains, protein, and vegetables."
726,Kerala,Maintaining Balanced Diet,Dinner,"Idli + Sambar (Steamed, Wholesome)",405,20,58,9,9,High,Medium,Medium,Safe,"Rice, Urad Dal, Toor Dal, Mixed Vegetables",Vegetarian,,Cook it the traditional way with moderate oil and keep the plate balanced with vegetables or legumes.,30 mins evening walk,"Do not overdo the side dishes; balance grains, protein, and vegetables."
727,Kerala,Maintaining Balanced Diet,Dinner,"Kalappam + Kadala Curry (Traditional, Balanced Portion)",420,17,59,11,7,Medium,Low,High,Safe,"Rice Flour, Coconut, Black Chickpeas, Onion",Vegetarian,,Cook it the traditional way with moderate oil and keep the plate balanced with vegetables or legumes.,30 mins evening walk,"Do not overdo the side dishes; balance grains, protein, and vegetables."
728,Kerala,Maintaining Balanced Diet,Dinner,Kanji + Payar + Pappadam,400,15,60,11,8,Medium,Medium,Low,Gluten,"Matta Rice, Green Gram, Pappadam",Vegetarian,,Serve rice gruel with green gram and one roasted pappadam.,30 mins cycling,
729,Kerala,Maintaining Balanced Diet,Dinner,"Karikku Dosa + Coconut Chutney (Moderate, Balanced Portion)",420,17,59,11,7,High,High,Low,Safe,"Rice, Tender Coconut, Coconut, Green Chilli, Curry Leaves",Vegetarian,,Cook it the traditional way with moderate oil and keep the plate balanced with vegetables or legumes.,30 mins evening walk,"Do not overdo the side dishes; balance grains, protein, and vegetables."
730,Kerala,Maintaining Balanced Diet,Dinner,"Matta Rice + Sambar (Home-Style, Balanced Portion)",432,19,61,12,8,Medium,Medium,High,Gluten,"Matta Rice, Toor Dal, Mixed Vegetables, Tamarind",Vegetarian,,Cook it the traditional way with moderate oil and keep the plate balanced with vegetables or legumes.,30 mins evening walk,"Do not overdo the side dishes; balance grains, protein, and vegetables."
731,Kerala,Maintaining Balanced Diet,Dinner,"Pathiri + Kadala Curry (Classic, Wholesome)",420,17,59,11,7,Medium,Low,Low,Safe,"Rice Flour, Black Chickpeas, Onion, Ginger, Coconut",Vegetarian,,Cook it the traditional way with moderate oil and keep the plate balanced with vegetables or legumes.,30 mins evening walk,"Do not overdo the side dishes; balance grains, protein, and vegetables."
732,Kerala,Maintaining Balanced Diet,Dinner,Puttu + Cherupayar,400,15,60,11,8,Medium,Medium,Low,Safe,"Rice Flour, Green Gram",Vegetarian,,Steam puttu; boil green gram.,30 mins cycling,
733,Kerala,Maintaining Balanced Diet,Dinner,"Puttu + Kadala Curry (Moderate, Wholesome)",430,20,58,12,9,High,High,Medium,Safe,"Rice Flour, Black Chickpeas, Coconut, Curry Leaves",Vegetarian,,Cook it the traditional way with moderate oil and keep the plate balanced with vegetables or legumes.,30 mins evening walk,"Do not overdo the side dishes; balance grains, protein, and vegetables."
734,Kerala,Maintaining Balanced Diet,Dinner,"Ragi Puttu + Cherupayar Curry (Lightly Tempered, Balanced Portion)",420,17,59,11,7,High,Low,Medium,Safe,"Finger Millet, Green Gram, Coconut, Curry Leaves",Vegetarian,,Cook it the traditional way with moderate oil and keep the plate balanced with vegetables or legumes.,30 mins evening walk,"Do not overdo the side dishes; balance grains, protein, and vegetables."
735,Kerala,Maintaining Balanced Diet,Dinner,"Uppumavu + Green Peas Curry (Fresh, Balanced Portion)",420,17,59,11,7,Medium,Medium,Medium,"Gluten, Mustard","Semolina, Green Peas, Onion, Mustard Seeds, Curry Leaves",Vegetarian,,Cook it the traditional way with moderate oil and keep the plate balanced with vegetables or legumes.,30 mins evening walk,"Do not overdo the side dishes; balance grains, protein, and vegetables. Contains Gluten."
736,Kerala,Maintaining Balanced Diet,Dinner,Wheat Dosa + Tomato Chutney,400,15,60,11,8,Medium,Medium,Low,Gluten,"Wheat Flour, Tomato",Vegetarian,,Cook dosa crisp; serve with chutney.,30 mins cycling,
737,Kerala,Maintaining Balanced Diet,Dinner,"Appam + Chicken Stew (Classic, Balanced Portion)",450,28,55,17,6,High,Low,Medium,Dairy,"Rice Flour, Chicken, Coconut Milk, Onion, Pepper",Non-Vegetarian,Chicken,Cook it the traditional way with moderate oil and keep the plate balanced with vegetables or legumes.,30 mins evening walk,"Do not overdo the side dishes; balance grains, protein, and vegetables. Contains Dairy."
738,Kerala,Maintaining Balanced Diet,Dinner,Idiyappam + Egg Curry,400,15,60,11,8,Medium,Medium,Medium,"Egg, Eggs","Rice Flour, Eggs",Non-Vegetarian,,Steam idiyappam; serve with light egg curry.,30 mins cycling,
739,Kerala,Maintaining Balanced Diet,Dinner,"Idiyappam + Egg Roast (Steamed, Balanced Portion)",415,24,55,13,6,High,Medium,High,"Egg, Eggs","Rice Flour, Eggs, Onion, Tomato, Coconut Oil",Non-Vegetarian,,Cook it the traditional way with moderate oil and keep the plate balanced with vegetables or legumes.,30 mins evening walk,"Do not overdo the side dishes; balance grains, protein, and vegetables. Contains Eggs."
740,Kerala,Maintaining Balanced Diet,Dinner,"Kalappam + Chicken Curry (Home-Style, With Vegetables)",450,28,55,17,9,High,Medium,Medium,Safe,"Rice Flour, Coconut, Chicken, Curry Leaves, Onion",Non-Vegetarian,Chicken,Cook it the traditional way with moderate oil and keep the plate balanced with vegetables or legumes.,30 mins evening walk,"Do not overdo the side dishes; balance grains, protein, and vegetables."
741,Kerala,Maintaining Balanced Diet,Dinner,"Karikku Dosa + Chicken Curry (Lightly Tempered, With Vegetables)",450,28,55,17,9,High,Medium,Low,Safe,"Rice, Tender Coconut, Chicken, Onion, Curry Leaves",Non-Vegetarian,Chicken,Cook it the traditional way with moderate oil and keep the plate balanced with vegetables or legumes.,30 mins evening walk,"Do not overdo the side dishes; balance grains, protein, and vegetables."
742,Kerala,Maintaining Balanced Diet,Dinner,"Kozhi Peralan + Appam (Moderate, With Legumes)",450,34,55,17,9,Low,Low,High,Safe,"Chicken, Appam, Onion, Tomato, Vinegar",Non-Vegetarian,Chicken,Cook it the traditional way with moderate oil and keep the plate balanced with vegetables or legumes.,30 mins evening walk,"Do not overdo the side dishes; balance grains, protein, and vegetables."
743,Kerala,Maintaining Balanced Diet,Dinner,"Matta Rice + Chicken Curry (Fresh, With Vegetables)",450,28,55,17,9,Medium,High,Medium,Gluten,"Matta Rice, Chicken, Onion, Ginger, Tomato",Non-Vegetarian,Chicken,Cook it the traditional way with moderate oil and keep the plate balanced with vegetables or legumes.,30 mins evening walk,"Do not overdo the side dishes; balance grains, protein, and vegetables."
744,Kerala,Maintaining Balanced Diet,Dinner,"Matta Rice + Nadan Kozhi Curry (Classic, With Vegetables)",450,28,55,17,9,High,Low,High,Gluten,"Matta Rice, Chicken, Coconut, Onion, Curry Leaves",Non-Vegetarian,Chicken,Cook it the traditional way with moderate oil and keep the plate balanced with vegetables or legumes.,30 mins evening walk,"Do not overdo the side dishes; balance grains, protein, and vegetables."
745,Kerala,Maintaining Balanced Diet,Dinner,Pathiri + Chicken Curry,400,15,60,11,8,Medium,Medium,Low,Safe,"Rice Flour, Chicken",Non-Vegetarian,chicken,Dry roast pathiri; serve with balanced chicken curry.,30 mins cycling,
746,Kerala,Maintaining Balanced Diet,Dinner,"Pathiri + Chicken Curry (Traditional, With Vegetables)",450,28,55,17,9,Medium,Low,Low,Safe,"Rice Flour, Chicken, Onion, Ginger, Coconut",Non-Vegetarian,Chicken,Cook it the traditional way with moderate oil and keep the plate balanced with vegetables or legumes.,30 mins evening walk,"Do not overdo the side dishes; balance grains, protein, and vegetables."
747,Kerala,Maintaining Balanced Diet,Dinner,"Prawns Curry + Rice (Steamed, With Vegetables)",420,25,55,12,9,High,Medium,High,"Fish, Shellfish","Prawns, Rice, Coconut, Tamarind, Curry Leaves",Non-Vegetarian,Seafood,Cook it the traditional way with moderate oil and keep the plate balanced with vegetables or legumes.,30 mins evening walk,"Do not overdo the side dishes; balance grains, protein, and vegetables. Contains Shellfish."
748,Kerala,Maintaining Balanced Diet,Dinner,"Prawns Pollichathu + Rice (Warm, With Vegetables)",445,25,55,15,9,High,High,Low,"Fish, Shellfish","Prawns, Rice, Banana Leaf, Onion, Spices",Non-Vegetarian,Seafood,Cook it the traditional way with moderate oil and keep the plate balanced with vegetables or legumes.,30 mins evening walk,"Do not overdo the side dishes; balance grains, protein, and vegetables. Contains Shellfish."
749,Kerala,Maintaining Balanced Diet,Dinner,"Puttu + Egg Curry (Warm, Balanced Portion)",440,24,55,16,6,High,High,Low,"Egg, Eggs","Rice Flour, Eggs, Onion, Tomato, Coconut",Non-Vegetarian,,Cook it the traditional way with moderate oil and keep the plate balanced with vegetables or legumes.,30 mins evening walk,"Do not overdo the side dishes; balance grains, protein, and vegetables. Contains Eggs."
750,Kerala,Maintaining Balanced Diet,Dinner,"Thalassery Kozhi Curry + Rice (Home-Style, With Legumes)",450,34,55,17,9,High,Medium,Medium,Safe,"Chicken, Rice, Coconut, Shallots, Pepper",Non-Vegetarian,Chicken,Cook it the traditional way with moderate oil and keep the plate balanced with vegetables or legumes.,30 mins evening walk,"Do not overdo the side dishes; balance grains, protein, and vegetables."
751,Kerala,Maintaining Balanced Diet,Dinner,"Uppumavu + Egg Roast (Moderate, With Vegetables)",440,24,55,16,9,Low,Low,Low,"Egg, Eggs, Gluten","Semolina, Eggs, Onion, Curry Leaves",Non-Vegetarian,,Cook it the traditional way with moderate oil and keep the plate balanced with vegetables or legumes.,30 mins evening walk,"Do not overdo the side dishes; balance grains, protein, and vegetables. Contains Eggs, Gluten."
752,Kerala,Maintaining Balanced Diet,Dinner,"Wayanadan Chicken Curry + Rice (Traditional, With Legumes)",450,34,55,17,9,Medium,Low,Medium,Dairy,"Chicken, Rice, Coconut Milk, Curry Leaves, Pepper",Non-Vegetarian,Chicken,Cook it the traditional way with moderate oil and keep the plate balanced with vegetables or legumes.,30 mins evening walk,"Do not overdo the side dishes; balance grains, protein, and vegetables. Contains Dairy."
753,Kerala,Maintaining Balanced Diet,Dinner,"Appam + Ishtu (Traditional, Moderate Oil)",420,17,59,11,7,High,Medium,High,Dairy,"Rice Flour, Coconut Milk, Vegetables, Pepper",Vegan,,Cook it the traditional way with moderate oil and keep the plate balanced with vegetables or legumes.,30 mins evening walk,"Do not overdo the side dishes; balance grains, protein, and vegetables."
754,Kerala,Maintaining Balanced Diet,Dinner,"Appam + Vegetable Stew (Classic, With Legumes)",420,23,59,11,10,High,Medium,High,Safe,"Rice Flour, Coconut, Mixed Vegetables, Ginger, Curry Leaves",Vegan,,Cook it the traditional way with moderate oil and keep the plate balanced with vegetables or legumes.,30 mins evening walk,"Do not overdo the side dishes; balance grains, protein, and vegetables."
755,Kerala,Maintaining Balanced Diet,Dinner,"Dosa + Sambar (Traditional, Low Salt)",395,17,59,8,7,High,Low,Medium,Safe,"Rice, Urad Dal, Toor Dal, Mixed Vegetables",Vegan,,Cook it the traditional way with moderate oil and keep the plate balanced with vegetables or legumes. This version keeps the seasoning lighter while staying close to the Kerala original.,30 mins evening walk,"Do not overdo the side dishes; balance grains, protein, and vegetables."
756,Kerala,Maintaining Balanced Diet,Dinner,"Idiyappam + Cherupayar Curry (Fresh, With Legumes)",430,26,58,12,12,High,Low,High,Safe,"Rice Flour, Green Gram, Coconut, Curry Leaves",Vegan,,Cook it the traditional way with moderate oil and keep the plate balanced with vegetables or legumes.,30 mins evening walk,"Do not overdo the side dishes; balance grains, protein, and vegetables."
757,Kerala,Maintaining Balanced Diet,Dinner,"Idli + Sambar (Warm, With Legumes)",430,26,58,12,12,Medium,Low,Medium,Safe,"Rice, Urad Dal, Toor Dal, Mixed Vegetables",Vegan,,Cook it the traditional way with moderate oil and keep the plate balanced with vegetables or legumes.,30 mins evening walk,"Do not overdo the side dishes; balance grains, protein, and vegetables."
758,Kerala,Maintaining Balanced Diet,Dinner,"Kalappam + Kadala Curry (Home-Style, Low Salt)",395,17,59,8,7,High,Low,High,Safe,"Rice Flour, Coconut, Black Chickpeas, Onion",Vegan,,Cook it the traditional way with moderate oil and keep the plate balanced with vegetables or legumes. This version keeps the seasoning lighter while staying close to the Kerala original.,30 mins evening walk,"Do not overdo the side dishes; balance grains, protein, and vegetables."
759,Kerala,Maintaining Balanced Diet,Dinner,"Karikku Dosa + Coconut Chutney (Lightly Tempered, Low Salt)",395,17,59,8,7,Medium,Low,Low,Safe,"Rice, Tender Coconut, Coconut, Green Chilli, Curry Leaves",Vegan,,Cook it the traditional way with moderate oil and keep the plate balanced with vegetables or legumes. This version keeps the seasoning lighter while staying close to the Kerala original.,30 mins evening walk,"Do not overdo the side dishes; balance grains, protein, and vegetables."
760,Kerala,Maintaining Balanced Diet,Dinner,"Matta Rice + Koottu Curry (Warm, Low Salt)",385,17,51,7,9,Medium,Low,Medium,Gluten,"Matta Rice, Yam, Plantain, Black Chickpeas, Coconut",Vegan,,Cook it the traditional way with moderate oil and keep the plate balanced with vegetables or legumes. This version keeps the seasoning lighter while staying close to the Kerala original.,30 mins evening walk,"Do not overdo the side dishes; balance grains, protein, and vegetables."
761,Kerala,Maintaining Balanced Diet,Dinner,"Matta Rice + Olan (Home-Style, Moderate Oil)",410,17,51,10,9,High,Low,High,"Dairy, Gluten","Matta Rice, Ash Gourd, Black Eyed Peas, Coconut Milk",Vegan,,Cook it the traditional way with moderate oil and keep the plate balanced with vegetables or legumes.,30 mins evening walk,"Do not overdo the side dishes; balance grains, protein, and vegetables."
762,Kerala,Maintaining Balanced Diet,Dinner,"Matta Rice + Parippu Curry (Steamed, Low Salt)",407,19,61,9,8,Low,Low,Medium,Gluten,"Matta Rice, Toor Dal, Coconut, Curry Leaves",Vegan,,Cook it the traditional way with moderate oil and keep the plate balanced with vegetables or legumes. This version keeps the seasoning lighter while staying close to the Kerala original.,30 mins evening walk,"Do not overdo the side dishes; balance grains, protein, and vegetables."
763,Kerala,Maintaining Balanced Diet,Dinner,"Matta Rice + Sambar (Moderate, Low Salt)",407,19,61,9,8,Low,Low,Low,Gluten,"Matta Rice, Toor Dal, Mixed Vegetables, Tamarind",Vegan,,Cook it the traditional way with moderate oil and keep the plate balanced with vegetables or legumes. This version keeps the seasoning lighter while staying close to the Kerala original.,30 mins evening walk,"Do not overdo the side dishes; balance grains, protein, and vegetables."
764,Kerala,Maintaining Balanced Diet,Dinner,"Pathiri + Kadala Curry (Steamed, With Legumes)",395,23,59,8,10,High,High,Medium,Safe,"Rice Flour, Black Chickpeas, Onion, Ginger, Coconut",Vegan,,Cook it the traditional way with moderate oil and keep the plate balanced with vegetables or legumes.,30 mins evening walk,"Do not overdo the side dishes; balance grains, protein, and vegetables."
765,Kerala,Maintaining Balanced Diet,Dinner,"Peppered Kanji + Cherupayar Curry (Moderate, Moderate Oil)",420,17,59,11,7,High,Medium,Low,Safe,"Rice, Pepper, Green Gram, Curry Leaves",Vegan,,Cook it the traditional way with moderate oil and keep the plate balanced with vegetables or legumes.,30 mins evening walk,"Do not overdo the side dishes; balance grains, protein, and vegetables."
766,Kerala,Maintaining Balanced Diet,Dinner,"Puttu + Kadala Curry (Lightly Tempered, With Legumes)",430,26,58,12,12,Medium,High,Medium,Safe,"Rice Flour, Black Chickpeas, Coconut, Curry Leaves",Vegan,,Cook it the traditional way with moderate oil and keep the plate balanced with vegetables or legumes.,30 mins evening walk,"Do not overdo the side dishes; balance grains, protein, and vegetables."
767,Kerala,Maintaining Balanced Diet,Dinner,"Ragi Puttu + Cherupayar Curry (Fresh, Low Salt)",395,17,59,8,7,Low,Low,Medium,Safe,"Finger Millet, Green Gram, Coconut, Curry Leaves",Vegan,,Cook it the traditional way with moderate oil and keep the plate balanced with vegetables or legumes. This version keeps the seasoning lighter while staying close to the Kerala original.,30 mins evening walk,"Do not overdo the side dishes; balance grains, protein, and vegetables."
768,Kerala,Maintaining Balanced Diet,Dinner,"Uppumavu + Green Peas Curry (Classic, Low Salt)",395,17,59,8,7,Low,Low,Low,"Gluten, Mustard","Semolina, Green Peas, Onion, Mustard Seeds, Curry Leaves",Vegan,,Cook it the traditional way with moderate oil and keep the plate balanced with vegetables or legumes. This version keeps the seasoning lighter while staying close to the Kerala original.,30 mins evening walk,"Do not overdo the side dishes; balance grains, protein, and vegetables. Contains Gluten."
769,Kerala,Diabetes,Breakfast,"Cherupayar Sundal (Millet-Based, Low GI)",310,17,36,9,12,Low,Low,Medium,Mustard,"Green Gram, Coconut, Curry Leaves, Mustard Seeds",Vegetarian,,"Keep the starch portion controlled, avoid any added sugar, and pair it with fibre-rich sides. Choose the whole-grain version exactly as prepared and keep the sweeteners off the plate.",30 mins post-meal walk,"Keep rice, banana, jaggery, or other sweet items tightly controlled and monitor glucose response."
770,Kerala,Diabetes,Breakfast,"Dosa + Sambar (Portion-Controlled, Low GI)",275,14,37,5,10,High,Medium,Low,Safe,"Rice, Urad Dal, Toor Dal, Mixed Vegetables",Vegetarian,,"Keep the starch portion controlled, avoid any added sugar, and pair it with fibre-rich sides. Choose the whole-grain version exactly as prepared and keep the sweeteners off the plate.",30 mins post-meal walk,"Keep rice, banana, jaggery, or other sweet items tightly controlled and monitor glucose response."
771,Kerala,Diabetes,Breakfast,"Idiyappam + Cherupayar Curry (Griddled, Low GI)",285,17,36,6,12,High,Low,Medium,Safe,"Rice Flour, Green Gram, Coconut, Curry Leaves",Vegetarian,,"Keep the starch portion controlled, avoid any added sugar, and pair it with fibre-rich sides. Choose the whole-grain version exactly as prepared and keep the sweeteners off the plate.",30 mins post-meal walk,"Keep rice, banana, jaggery, or other sweet items tightly controlled and monitor glucose response."
772,Kerala,Diabetes,Breakfast,"Idli + Sambar (Steamed, Low GI)",285,17,36,6,12,High,Low,Medium,Safe,"Rice, Urad Dal, Toor Dal, Mixed Vegetables",Vegetarian,,"Keep the starch portion controlled, avoid any added sugar, and pair it with fibre-rich sides. Choose the whole-grain version exactly as prepared and keep the sweeteners off the plate.",30 mins post-meal walk,"Keep rice, banana, jaggery, or other sweet items tightly controlled and monitor glucose response."
773,Kerala,Diabetes,Breakfast,"Kadala Sundal (Steamed, No Sugar)",285,17,36,6,12,Low,Low,Medium,Mustard,"Black Chickpeas, Coconut, Curry Leaves, Mustard Seeds",Vegetarian,,"Keep the starch portion controlled, avoid any added sugar, and pair it with fibre-rich sides.",30 mins post-meal walk,"Keep rice, banana, jaggery, or other sweet items tightly controlled and monitor glucose response."
774,Kerala,Diabetes,Breakfast,Kambu (Bajra) Puttu + Kadala,300,15,45,6,10,Low,Medium,Low,Safe,"Pearl Millet, Black Chickpeas",Vegetarian,,Steam bajra puttu; boil chickpeas without coconut.,20 mins post-meal walk,Check fasting glucose regularly; avoid if post-meal exceeds 180 mg/dL
775,Kerala,Diabetes,Breakfast,"Kappa Puzhukku + Kadala Curry (Boiled, No Sugar)",290,15,41,7,11,Low,Low,Medium,Safe,"Tapioca, Black Chickpeas, Coconut, Curry Leaves",Vegetarian,,"Keep the starch portion controlled, avoid any added sugar, and pair it with fibre-rich sides.",30 mins post-meal walk,"Keep rice, banana, jaggery, or other sweet items tightly controlled and monitor glucose response."
776,Kerala,Diabetes,Breakfast,Oats Upma + Beans,300,15,45,6,10,Low,Medium,Low,Safe,"Oats, Green Beans",Vegetarian,,Dry roast oats; cook with plenty of green beans.,20 mins post-meal walk,Check fasting glucose regularly; avoid if post-meal exceeds 180 mg/dL
777,Kerala,Diabetes,Breakfast,"Pathiri + Kadala Curry (Slow-Simmered, Low GI)",275,14,37,5,10,High,Low,Low,Safe,"Rice Flour, Black Chickpeas, Onion, Ginger, Coconut",Vegetarian,,"Keep the starch portion controlled, avoid any added sugar, and pair it with fibre-rich sides. Choose the whole-grain version exactly as prepared and keep the sweeteners off the plate.",30 mins post-meal walk,"Keep rice, banana, jaggery, or other sweet items tightly controlled and monitor glucose response."
778,Kerala,Diabetes,Breakfast,"Peppered Kanji + Cherupayar Curry (Boiled, Low GI)",275,14,37,5,10,High,Low,Medium,Safe,"Rice, Pepper, Green Gram, Curry Leaves",Vegetarian,,"Keep the starch portion controlled, avoid any added sugar, and pair it with fibre-rich sides. Choose the whole-grain version exactly as prepared and keep the sweeteners off the plate.",30 mins post-meal walk,"Keep rice, banana, jaggery, or other sweet items tightly controlled and monitor glucose response."
779,Kerala,Diabetes,Breakfast,Pesarattu + Tomato Chutney,300,15,45,6,10,Low,Medium,Low,Safe,"Green Gram, Tomato",Vegetarian,,Cook moong dal dosa without oil.,20 mins post-meal walk,Check fasting glucose regularly; avoid if post-meal exceeds 180 mg/dL
780,Kerala,Diabetes,Breakfast,"Puttu + Kadala Curry (Lightly Cooked, Low GI)",285,17,36,6,12,High,Medium,Low,Safe,"Rice Flour, Black Chickpeas, Coconut, Curry Leaves",Vegetarian,,"Keep the starch portion controlled, avoid any added sugar, and pair it with fibre-rich sides. Choose the whole-grain version exactly as prepared and keep the sweeteners off the plate.",30 mins post-meal walk,"Keep rice, banana, jaggery, or other sweet items tightly controlled and monitor glucose response."
781,Kerala,Diabetes,Breakfast,Ragi Puttu + Cherupayar,300,15,45,6,10,Low,Medium,Low,Safe,"Finger Millet, Green Gram",Vegetarian,,Steam ragi puttu; boil green gram plainly.,20 mins post-meal walk,Check fasting glucose regularly; avoid if post-meal exceeds 180 mg/dL
782,Kerala,Diabetes,Breakfast,"Ragi Puttu + Cherupayar Curry (Whole-Grain, Low GI)",300,14,37,8,10,Low,Low,Low,Safe,"Finger Millet, Green Gram, Coconut, Curry Leaves",Vegetarian,,"Keep the starch portion controlled, avoid any added sugar, and pair it with fibre-rich sides. Choose the whole-grain version exactly as prepared and keep the sweeteners off the plate.",30 mins post-meal walk,"Keep rice, banana, jaggery, or other sweet items tightly controlled and monitor glucose response."
783,Kerala,Diabetes,Breakfast,Wheat Appam + Veg Stew,300,15,45,6,10,Low,Medium,Low,Gluten,"Wheat Flour, Mixed Vegetables",Vegetarian,,Make appam with wheat flour; use skimmed milk in stew.,20 mins post-meal walk,Check fasting glucose regularly; avoid if post-meal exceeds 180 mg/dL
784,Kerala,Diabetes,Breakfast,Wheat Dosa + Sambar,300,15,45,6,10,Low,Medium,Low,Gluten,"Wheat Flour, Toor Dal, Vegetables",Vegetarian,,Cook wheat dosa without oil; load sambar with veggies.,20 mins post-meal walk,Check fasting glucose regularly; avoid if post-meal exceeds 180 mg/dL
785,Kerala,Diabetes,Breakfast,"Appam + Chicken Stew (Slow-Simmered, No Sugar)",305,25,33,11,9,High,Low,Medium,Dairy,"Rice Flour, Chicken, Coconut Milk, Onion, Pepper",Non-Vegetarian,Chicken,"Keep the starch portion controlled, avoid any added sugar, and pair it with fibre-rich sides.",30 mins post-meal walk,"Keep rice, banana, jaggery, or other sweet items tightly controlled and monitor glucose response. Contains Dairy."
786,Kerala,Diabetes,Breakfast,"Appam + Fish Moilee (Portion-Controlled, No Sugar)",300,23,33,9,9,High,Low,Medium,"Dairy, Fish","Rice Flour, Fish, Coconut Milk, Green Chilli, Curry Leaves",Non-Vegetarian,Fish,"Keep the starch portion controlled, avoid any added sugar, and pair it with fibre-rich sides.",30 mins post-meal walk,"Keep rice, banana, jaggery, or other sweet items tightly controlled and monitor glucose response. Contains Fish, Dairy."
787,Kerala,Diabetes,Breakfast,"Boiled Egg + Pepper (Lightly Cooked, No Sugar)",295,21,33,10,9,Low,Medium,Low,"Egg, Eggs","Eggs, Black Pepper, Curry Leaves, Salt",Non-Vegetarian,,"Keep the starch portion controlled, avoid any added sugar, and pair it with fibre-rich sides.",30 mins post-meal walk,"Keep rice, banana, jaggery, or other sweet items tightly controlled and monitor glucose response. Contains Eggs."
788,Kerala,Diabetes,Breakfast,Brown Rice Idiyappam + Egg White Curry,300,15,45,6,10,High,Medium,Low,"Egg, Eggs","Brown Rice Flour, Egg Whites",Non-Vegetarian,,Steam brown rice idiyappam; use egg whites only.,20 mins post-meal walk,Check fasting glucose regularly; avoid if post-meal exceeds 180 mg/dL
789,Kerala,Diabetes,Breakfast,"Egg White Roast (Griddled, No Sugar)",295,21,33,10,9,Low,Low,Low,"Egg, Eggs","Egg Whites, Onion, Tomato, Black Pepper, Curry Leaves",Non-Vegetarian,,"Keep the starch portion controlled, avoid any added sugar, and pair it with fibre-rich sides.",30 mins post-meal walk,"Keep rice, banana, jaggery, or other sweet items tightly controlled and monitor glucose response. Contains Eggs."
790,Kerala,Diabetes,Breakfast,"Idiyappam + Chicken Curry (Millet-Based, No Sugar)",330,25,33,14,9,High,Medium,Medium,Safe,"Rice Flour, Chicken, Onion, Ginger, Coconut",Non-Vegetarian,Chicken,"Keep the starch portion controlled, avoid any added sugar, and pair it with fibre-rich sides. Choose the whole-grain version exactly as prepared and keep the sweeteners off the plate.",30 mins post-meal walk,"Keep rice, banana, jaggery, or other sweet items tightly controlled and monitor glucose response."
791,Kerala,Diabetes,Breakfast,"Idiyappam + Egg Roast (Whole-Grain, No Sugar)",320,21,33,13,9,High,Low,Low,"Egg, Eggs","Rice Flour, Eggs, Onion, Tomato, Coconut Oil",Non-Vegetarian,,"Keep the starch portion controlled, avoid any added sugar, and pair it with fibre-rich sides. Choose the whole-grain version exactly as prepared and keep the sweeteners off the plate.",30 mins post-meal walk,"Keep rice, banana, jaggery, or other sweet items tightly controlled and monitor glucose response. Contains Eggs."
792,Kerala,Diabetes,Breakfast,"Kalappam + Chicken Curry (Griddled, High Fibre)",305,25,35,11,10,Medium,Low,Medium,Safe,"Rice Flour, Coconut, Chicken, Curry Leaves, Onion",Non-Vegetarian,Chicken,"Keep the starch portion controlled, avoid any added sugar, and pair it with fibre-rich sides.",30 mins post-meal walk,"Keep rice, banana, jaggery, or other sweet items tightly controlled and monitor glucose response."
793,Kerala,Diabetes,Breakfast,"Kalappam + Fish Curry (Steamed, Minimal Oil)",300,23,35,9,7,High,Low,Medium,Fish,"Rice Flour, Fish, Coconut, Tamarind, Curry Leaves",Non-Vegetarian,Fish,"Keep the starch portion controlled, avoid any added sugar, and pair it with fibre-rich sides. This version keeps the seasoning lighter while staying close to the Kerala original.",30 mins post-meal walk,"Keep rice, banana, jaggery, or other sweet items tightly controlled and monitor glucose response. Contains Fish."
794,Kerala,Diabetes,Breakfast,"Kappa Puzhukku + Fish Curry (Portion-Controlled, High Fibre)",300,23,35,9,10,Low,Low,Low,Fish,"Tapioca, Fish, Coconut, Curry Leaves, Tamarind",Non-Vegetarian,Fish,"Keep the starch portion controlled, avoid any added sugar, and pair it with fibre-rich sides.",30 mins post-meal walk,"Keep rice, banana, jaggery, or other sweet items tightly controlled and monitor glucose response. Contains Fish."
795,Kerala,Diabetes,Breakfast,"Pathiri + Chicken Curry (Lightly Cooked, High Fibre)",305,25,35,11,10,High,Medium,Medium,Safe,"Rice Flour, Chicken, Onion, Ginger, Coconut",Non-Vegetarian,Chicken,"Keep the starch portion controlled, avoid any added sugar, and pair it with fibre-rich sides.",30 mins post-meal walk,"Keep rice, banana, jaggery, or other sweet items tightly controlled and monitor glucose response."
796,Kerala,Diabetes,Breakfast,"Puttu + Chicken Curry (Millet-Based, High Fibre)",330,25,33,14,12,High,Medium,Medium,Safe,"Rice Flour, Chicken, Onion, Ginger, Curry Leaves",Non-Vegetarian,Chicken,"Keep the starch portion controlled, avoid any added sugar, and pair it with fibre-rich sides. Choose the whole-grain version exactly as prepared and keep the sweeteners off the plate.",30 mins post-meal walk,"Keep rice, banana, jaggery, or other sweet items tightly controlled and monitor glucose response."
797,Kerala,Diabetes,Breakfast,"Puttu + Egg Curry (Boiled, High Fibre)",295,21,35,10,10,High,Low,Medium,"Egg, Eggs","Rice Flour, Eggs, Onion, Tomato, Coconut",Non-Vegetarian,,"Keep the starch portion controlled, avoid any added sugar, and pair it with fibre-rich sides.",30 mins post-meal walk,"Keep rice, banana, jaggery, or other sweet items tightly controlled and monitor glucose response. Contains Eggs."
798,Kerala,Diabetes,Breakfast,"Puttu + Fish Curry (Steamed, High Fibre)",300,23,35,9,10,High,Low,Medium,Fish,"Rice Flour, Fish, Coconut, Tamarind, Curry Leaves",Non-Vegetarian,Fish,"Keep the starch portion controlled, avoid any added sugar, and pair it with fibre-rich sides.",30 mins post-meal walk,"Keep rice, banana, jaggery, or other sweet items tightly controlled and monitor glucose response. Contains Fish."
799,Kerala,Diabetes,Breakfast,"Uppumavu + Egg Roast (Whole-Grain, High Fibre)",320,21,33,13,12,Low,Low,Low,"Egg, Eggs, Gluten","Semolina, Eggs, Onion, Curry Leaves",Non-Vegetarian,,"Keep the starch portion controlled, avoid any added sugar, and pair it with fibre-rich sides. Choose the whole-grain version exactly as prepared and keep the sweeteners off the plate.",30 mins post-meal walk,"Keep rice, banana, jaggery, or other sweet items tightly controlled and monitor glucose response. Contains Eggs, Gluten."
800,Kerala,Diabetes,Breakfast,"Wheat Dosa + Fish Curry (Slow-Simmered, High Fibre)",300,23,35,9,10,Low,Low,Medium,"Fish, Gluten","Wheat Flour, Fish, Onion, Tamarind, Curry Leaves",Non-Vegetarian,Fish,"Keep the starch portion controlled, avoid any added sugar, and pair it with fibre-rich sides.",30 mins post-meal walk,"Keep rice, banana, jaggery, or other sweet items tightly controlled and monitor glucose response. Contains Fish, Gluten."
801,Kerala,Diabetes,Breakfast,"Appam + Vegetable Stew (Griddled, Lean)",270,14,39,3,8,High,Low,Medium,Safe,"Rice Flour, Coconut, Mixed Vegetables, Ginger, Curry Leaves",Vegan,,"Keep the starch portion controlled, avoid any added sugar, and pair it with fibre-rich sides.",30 mins post-meal walk,"Keep rice, banana, jaggery, or other sweet items tightly controlled and monitor glucose response."
802,Kerala,Diabetes,Breakfast,"Cherupayar Sundal (Steamed, Lean)",280,17,38,4,10,Low,Low,Medium,Mustard,"Green Gram, Coconut, Curry Leaves, Mustard Seeds",Vegan,,"Keep the starch portion controlled, avoid any added sugar, and pair it with fibre-rich sides.",30 mins post-meal walk,"Keep rice, banana, jaggery, or other sweet items tightly controlled and monitor glucose response."
803,Kerala,Diabetes,Breakfast,"Dosa + Sambar (Whole-Grain, Minimal Oil)",275,14,37,5,10,High,Medium,Medium,Safe,"Rice, Urad Dal, Toor Dal, Mixed Vegetables",Vegan,,"Keep the starch portion controlled, avoid any added sugar, and pair it with fibre-rich sides. This version keeps the seasoning lighter while staying close to the Kerala original.",30 mins post-meal walk,"Keep rice, banana, jaggery, or other sweet items tightly controlled and monitor glucose response."
804,Kerala,Diabetes,Breakfast,"Idiyappam + Cherupayar Curry (Slow-Simmered, Minimal Oil)",285,17,38,6,10,High,Low,Medium,Safe,"Rice Flour, Green Gram, Coconut, Curry Leaves",Vegan,,"Keep the starch portion controlled, avoid any added sugar, and pair it with fibre-rich sides. This version keeps the seasoning lighter while staying close to the Kerala original.",30 mins post-meal walk,"Keep rice, banana, jaggery, or other sweet items tightly controlled and monitor glucose response."
805,Kerala,Diabetes,Breakfast,"Idli + Sambar (Boiled, Minimal Oil)",285,17,38,6,10,High,Medium,Medium,Safe,"Rice, Urad Dal, Toor Dal, Mixed Vegetables",Vegan,,"Keep the starch portion controlled, avoid any added sugar, and pair it with fibre-rich sides. This version keeps the seasoning lighter while staying close to the Kerala original.",30 mins post-meal walk,"Keep rice, banana, jaggery, or other sweet items tightly controlled and monitor glucose response."
806,Kerala,Diabetes,Breakfast,"Kadala Sundal (Boiled, Lean)",280,17,38,4,10,Low,Medium,Medium,Mustard,"Black Chickpeas, Coconut, Curry Leaves, Mustard Seeds",Vegan,,"Keep the starch portion controlled, avoid any added sugar, and pair it with fibre-rich sides.",30 mins post-meal walk,"Keep rice, banana, jaggery, or other sweet items tightly controlled and monitor glucose response."
807,Kerala,Diabetes,Breakfast,"Kalappam + Kadala Curry (Portion-Controlled, Lean)",270,14,39,3,8,Medium,Low,Medium,Safe,"Rice Flour, Coconut, Black Chickpeas, Onion",Vegan,,"Keep the starch portion controlled, avoid any added sugar, and pair it with fibre-rich sides.",30 mins post-meal walk,"Keep rice, banana, jaggery, or other sweet items tightly controlled and monitor glucose response."
808,Kerala,Diabetes,Breakfast,"Kappa Puzhukku + Kadala Curry (Lightly Cooked, Lean)",285,15,43,5,9,Low,Low,Medium,Safe,"Tapioca, Black Chickpeas, Coconut, Curry Leaves",Vegan,,"Keep the starch portion controlled, avoid any added sugar, and pair it with fibre-rich sides.",30 mins post-meal walk,"Keep rice, banana, jaggery, or other sweet items tightly controlled and monitor glucose response."
809,Kerala,Diabetes,Breakfast,"Karikku Dosa + Coconut Chutney (Steamed, With Legumes)",275,20,39,5,11,High,Low,Medium,Safe,"Rice, Tender Coconut, Coconut, Green Chilli, Curry Leaves",Vegan,,"Keep the starch portion controlled, avoid any added sugar, and pair it with fibre-rich sides.",30 mins post-meal walk,"Keep rice, banana, jaggery, or other sweet items tightly controlled and monitor glucose response."
810,Kerala,Diabetes,Breakfast,"Pathiri + Kadala Curry (Portion-Controlled, Minimal Oil)",275,14,39,5,8,High,Low,Medium,Safe,"Rice Flour, Black Chickpeas, Onion, Ginger, Coconut",Vegan,,"Keep the starch portion controlled, avoid any added sugar, and pair it with fibre-rich sides. This version keeps the seasoning lighter while staying close to the Kerala original.",30 mins post-meal walk,"Keep rice, banana, jaggery, or other sweet items tightly controlled and monitor glucose response."
811,Kerala,Diabetes,Breakfast,"Pathiri + Vegetable Kurma (Slow-Simmered, Lean)",270,14,39,3,8,High,Low,Medium,Safe,"Rice Flour, Mixed Vegetables, Coconut, Cumin",Vegan,,"Keep the starch portion controlled, avoid any added sugar, and pair it with fibre-rich sides.",30 mins post-meal walk,"Keep rice, banana, jaggery, or other sweet items tightly controlled and monitor glucose response."
812,Kerala,Diabetes,Breakfast,"Peppered Kanji + Cherupayar Curry (Lightly Cooked, Minimal Oil)",275,14,39,5,8,High,Low,Medium,Safe,"Rice, Pepper, Green Gram, Curry Leaves",Vegan,,"Keep the starch portion controlled, avoid any added sugar, and pair it with fibre-rich sides. This version keeps the seasoning lighter while staying close to the Kerala original.",30 mins post-meal walk,"Keep rice, banana, jaggery, or other sweet items tightly controlled and monitor glucose response."
813,Kerala,Diabetes,Breakfast,"Puttu + Kadala Curry (Griddled, Minimal Oil)",285,17,38,6,10,High,Low,Medium,Safe,"Rice Flour, Black Chickpeas, Coconut, Curry Leaves",Vegan,,"Keep the starch portion controlled, avoid any added sugar, and pair it with fibre-rich sides. This version keeps the seasoning lighter while staying close to the Kerala original.",30 mins post-meal walk,"Keep rice, banana, jaggery, or other sweet items tightly controlled and monitor glucose response."
814,Kerala,Diabetes,Breakfast,"Ragi Puttu + Cherupayar Curry (Millet-Based, Minimal Oil)",275,14,37,5,10,Low,Low,Medium,Safe,"Finger Millet, Green Gram, Coconut, Curry Leaves",Vegan,,"Keep the starch portion controlled, avoid any added sugar, and pair it with fibre-rich sides. This version keeps the seasoning lighter while staying close to the Kerala original.",30 mins post-meal walk,"Keep rice, banana, jaggery, or other sweet items tightly controlled and monitor glucose response."
815,Kerala,Diabetes,Breakfast,"Tender Coconut (Millet-Based, Lean)",192,12,27,4,9,Low,Low,Medium,Safe,"Tender Coconut Water, Tender Coconut Flesh",Vegan,,"Keep the starch portion controlled, avoid any added sugar, and pair it with fibre-rich sides. Choose the whole-grain version exactly as prepared and keep the sweeteners off the plate.",30 mins post-meal walk,"Keep rice, banana, jaggery, or other sweet items tightly controlled and monitor glucose response."
816,Kerala,Diabetes,Breakfast,"Vishu Katta + Vegetable Curry (Whole-Grain, Lean)",295,14,37,6,10,High,Medium,Medium,Safe,"Rice Flour, Cumin, Vegetables, Curry Leaves",Vegan,,"Keep the starch portion controlled, avoid any added sugar, and pair it with fibre-rich sides. Choose the whole-grain version exactly as prepared and keep the sweeteners off the plate.",30 mins post-meal walk,"Keep rice, banana, jaggery, or other sweet items tightly controlled and monitor glucose response."
817,Kerala,Diabetes,Lunch,"Idiyappam + Cherupayar Curry (Millet-Based, With Legumes)",460,30,51,13,17,High,Low,Medium,Safe,"Rice Flour, Green Gram, Coconut, Curry Leaves",Vegetarian,,"Keep the starch portion controlled, avoid any added sugar, and pair it with fibre-rich sides. Choose the whole-grain version exactly as prepared and keep the sweeteners off the plate.",30 mins post-meal walk,"Keep rice, banana, jaggery, or other sweet items tightly controlled and monitor glucose response."
818,Kerala,Diabetes,Lunch,"Idli + Sambar (Boiled, With Legumes)",435,30,53,10,15,High,Medium,Medium,Safe,"Rice, Urad Dal, Toor Dal, Mixed Vegetables",Vegetarian,,"Keep the starch portion controlled, avoid any added sugar, and pair it with fibre-rich sides.",30 mins post-meal walk,"Keep rice, banana, jaggery, or other sweet items tightly controlled and monitor glucose response."
819,Kerala,Diabetes,Lunch,"Kappa + Kadala Curry (Slow-Simmered, Unsweetened)",440,22,56,11,13,Low,Low,Medium,Safe,"Tapioca, Black Chickpeas, Coconut, Curry Leaves",Vegetarian,,"Keep the starch portion controlled, avoid any added sugar, and pair it with fibre-rich sides.",30 mins post-meal walk,"Keep rice, banana, jaggery, or other sweet items tightly controlled and monitor glucose response."
820,Kerala,Diabetes,Lunch,"Kappa Puzhukku + Kadala Curry (Griddled, Unsweetened)",440,22,56,11,13,Low,Low,Low,Safe,"Tapioca, Black Chickpeas, Coconut, Curry Leaves",Vegetarian,,"Keep the starch portion controlled, avoid any added sugar, and pair it with fibre-rich sides.",30 mins post-meal walk,"Keep rice, banana, jaggery, or other sweet items tightly controlled and monitor glucose response."
821,Kerala,Diabetes,Lunch,"Matta Rice + Erissery (Lightly Cooked, Unsweetened)",332,21,44,8,14,High,Low,Low,Gluten,"Matta Rice, Pumpkin, Red Gram, Coconut, Cumin",Vegetarian,,"Keep the starch portion controlled, avoid any added sugar, and pair it with fibre-rich sides.",30 mins post-meal walk,"Keep rice, banana, jaggery, or other sweet items tightly controlled and monitor glucose response."
822,Kerala,Diabetes,Lunch,"Matta Rice + Koottu Curry (Slow-Simmered, With Legumes)",415,27,46,8,15,High,Low,Low,Gluten,"Matta Rice, Yam, Plantain, Black Chickpeas, Coconut",Vegetarian,,"Keep the starch portion controlled, avoid any added sugar, and pair it with fibre-rich sides.",30 mins post-meal walk,"Keep rice, banana, jaggery, or other sweet items tightly controlled and monitor glucose response."
823,Kerala,Diabetes,Lunch,Matta Rice + Moru Curry + Beans Mezhukkupuratti,400,20,55,11,12,High,Medium,Low,"Dairy, Gluten","Matta Rice, Yogurt, Green Beans",Vegetarian,,Use sour buttermilk; stir-fry beans lightly.,20 mins post-meal walk,Check fasting glucose regularly; avoid if post-meal exceeds 180 mg/dL
824,Kerala,Diabetes,Lunch,Matta Rice + Olan + Vendakka Poriyal,400,20,55,11,12,High,Medium,Low,Gluten,"Matta Rice, Ashgourd, Okra",Vegetarian,,Olan is very low GI; toss okra lightly.,20 mins post-meal walk,Check fasting glucose regularly; avoid if post-meal exceeds 180 mg/dL
825,Kerala,Diabetes,Lunch,Matta Rice + Parippu + Ashgourd Thoran,400,20,55,11,12,High,Medium,Low,Gluten,"Matta Rice, Moong Dal, Ashgourd",Vegetarian,,Boil moong dal; steam ashgourd.,20 mins post-meal walk,Check fasting glucose regularly; avoid if post-meal exceeds 180 mg/dL
826,Kerala,Diabetes,Lunch,"Matta Rice + Parippu Curry (Griddled, With Legumes)",437,29,56,10,14,High,Low,Low,Gluten,"Matta Rice, Toor Dal, Coconut, Curry Leaves",Vegetarian,,"Keep the starch portion controlled, avoid any added sugar, and pair it with fibre-rich sides.",30 mins post-meal walk,"Keep rice, banana, jaggery, or other sweet items tightly controlled and monitor glucose response."
827,Kerala,Diabetes,Lunch,"Matta Rice + Sambar (Lightly Cooked, With Legumes)",437,29,56,10,14,High,Low,Low,Gluten,"Matta Rice, Toor Dal, Mixed Vegetables, Tamarind",Vegetarian,,"Keep the starch portion controlled, avoid any added sugar, and pair it with fibre-rich sides.",30 mins post-meal walk,"Keep rice, banana, jaggery, or other sweet items tightly controlled and monitor glucose response."
828,Kerala,Diabetes,Lunch,Matta Rice + Sambar + Pavakka (Bittergourd) Thoran,400,20,55,11,12,High,Medium,Low,Gluten,"Matta Rice, Toor Dal, Bitter Gourd",Vegetarian,,Bitter gourd helps lower blood sugar; steam it.,20 mins post-meal walk,Check fasting glucose regularly; avoid if post-meal exceeds 180 mg/dL
829,Kerala,Diabetes,Lunch,"Pathiri + Kadala Curry (Steamed, Unsweetened)",425,21,52,9,12,High,Low,Medium,Safe,"Rice Flour, Black Chickpeas, Onion, Ginger, Coconut",Vegetarian,,"Keep the starch portion controlled, avoid any added sugar, and pair it with fibre-rich sides.",30 mins post-meal walk,"Keep rice, banana, jaggery, or other sweet items tightly controlled and monitor glucose response."
830,Kerala,Diabetes,Lunch,"Peppered Kanji + Cherupayar Curry (Portion-Controlled, With Legumes)",425,27,54,9,13,High,Low,Low,Safe,"Rice, Pepper, Green Gram, Curry Leaves",Vegetarian,,"Keep the starch portion controlled, avoid any added sugar, and pair it with fibre-rich sides.",30 mins post-meal walk,"Keep rice, banana, jaggery, or other sweet items tightly controlled and monitor glucose response."
831,Kerala,Diabetes,Lunch,"Puttu + Kadala Curry (Whole-Grain, With Legumes)",460,30,51,13,17,High,Medium,Low,Safe,"Rice Flour, Black Chickpeas, Coconut, Curry Leaves",Vegetarian,,"Keep the starch portion controlled, avoid any added sugar, and pair it with fibre-rich sides. Choose the whole-grain version exactly as prepared and keep the sweeteners off the plate.",30 mins post-meal walk,"Keep rice, banana, jaggery, or other sweet items tightly controlled and monitor glucose response."
832,Kerala,Diabetes,Lunch,"Ragi Puttu + Cherupayar Curry (Boiled, Unsweetened)",425,21,52,9,12,Low,Medium,Medium,Safe,"Finger Millet, Green Gram, Coconut, Curry Leaves",Vegetarian,,"Keep the starch portion controlled, avoid any added sugar, and pair it with fibre-rich sides.",30 mins post-meal walk,"Keep rice, banana, jaggery, or other sweet items tightly controlled and monitor glucose response."
833,Kerala,Diabetes,Lunch,"Appam + Fish Moilee (Millet-Based, Unsweetened)",475,30,48,16,11,High,Medium,Medium,"Dairy, Fish","Rice Flour, Fish, Coconut Milk, Green Chilli, Curry Leaves",Non-Vegetarian,Fish,"Keep the starch portion controlled, avoid any added sugar, and pair it with fibre-rich sides. Choose the whole-grain version exactly as prepared and keep the sweeteners off the plate.",30 mins post-meal walk,"Keep rice, banana, jaggery, or other sweet items tightly controlled and monitor glucose response. Contains Fish, Dairy."
834,Kerala,Diabetes,Lunch,"Chicken Pepper Fry (Whole-Grain, Unsweetened)",480,32,48,18,11,Low,Low,Medium,Safe,"Chicken, Black Pepper, Curry Leaves, Shallots, Coconut Oil",Non-Vegetarian,Chicken,"Keep the starch portion controlled, avoid any added sugar, and pair it with fibre-rich sides. Choose the whole-grain version exactly as prepared and keep the sweeteners off the plate.",30 mins post-meal walk,"Keep rice, banana, jaggery, or other sweet items tightly controlled and monitor glucose response."
835,Kerala,Diabetes,Lunch,"Fish Fry (Tawa Roasted) (Portion-Controlled, Unsweetened)",450,30,48,13,11,Low,Low,Medium,Fish,"Fish, Pepper, Lemon, Curry Leaves, Coconut Oil",Non-Vegetarian,Fish,"Keep the starch portion controlled, avoid any added sugar, and pair it with fibre-rich sides.",30 mins post-meal walk,"Keep rice, banana, jaggery, or other sweet items tightly controlled and monitor glucose response. Contains Fish."
836,Kerala,Diabetes,Lunch,"Kappa + Egg Roast (Portion-Controlled, Matta-Rice Portion)",445,28,48,14,11,Low,Low,Low,"Egg, Eggs","Tapioca, Eggs, Onion, Tomato, Coconut Oil",Non-Vegetarian,,"Keep the starch portion controlled, avoid any added sugar, and pair it with fibre-rich sides.",30 mins post-meal walk,"Keep rice, banana, jaggery, or other sweet items tightly controlled and monitor glucose response. Contains Eggs."
837,Kerala,Diabetes,Lunch,"Kappa Puzhukku + Fish Curry (Griddled, Matta-Rice Portion)",450,30,48,13,11,Low,Low,Low,Fish,"Tapioca, Fish, Coconut, Curry Leaves, Tamarind",Non-Vegetarian,Fish,"Keep the starch portion controlled, avoid any added sugar, and pair it with fibre-rich sides.",30 mins post-meal walk,"Keep rice, banana, jaggery, or other sweet items tightly controlled and monitor glucose response. Contains Fish."
838,Kerala,Diabetes,Lunch,Matta Rice (Small) + Meen Curry + Cheera Thoran,400,20,55,11,12,High,Medium,Low,"Fish, Gluten","Matta Rice, Fish, Spinach",Non-Vegetarian,fish,"Restrict rice portion; cook fish in tamarind, no coconut.",20 mins post-meal walk,Check fasting glucose regularly; avoid if post-meal exceeds 180 mg/dL
839,Kerala,Diabetes,Lunch,"Matta Rice + Alleppey Fish Curry (Millet-Based, Matta-Rice Portion)",450,30,48,13,11,High,Medium,Medium,"Fish, Gluten","Matta Rice, Fish, Kudampuli, Coconut, Curry Leaves",Non-Vegetarian,Fish,"Keep the starch portion controlled, avoid any added sugar, and pair it with fibre-rich sides. Choose the whole-grain version exactly as prepared and keep the sweeteners off the plate.",30 mins post-meal walk,"Keep rice, banana, jaggery, or other sweet items tightly controlled and monitor glucose response. Contains Fish."
840,Kerala,Diabetes,Lunch,"Matta Rice + Chicken Curry (Boiled, Low GI)",455,32,48,15,11,High,Low,Medium,Gluten,"Matta Rice, Chicken, Onion, Ginger, Tomato",Non-Vegetarian,Chicken,"Keep the starch portion controlled, avoid any added sugar, and pair it with fibre-rich sides. Choose the whole-grain version exactly as prepared and keep the sweeteners off the plate.",30 mins post-meal walk,"Keep rice, banana, jaggery, or other sweet items tightly controlled and monitor glucose response."
841,Kerala,Diabetes,Lunch,Matta Rice + Chicken Stew (No potato) + Cabbage,400,20,55,11,12,High,Medium,Low,Gluten,"Matta Rice, Chicken, Cabbage",Non-Vegetarian,chicken,Omit potatoes to reduce GI; steam cabbage.,20 mins post-meal walk,Check fasting glucose regularly; avoid if post-meal exceeds 180 mg/dL
842,Kerala,Diabetes,Lunch,"Matta Rice + Fish Moilee (Steamed, Low GI)",450,30,48,13,11,High,Low,Medium,"Dairy, Fish, Gluten","Matta Rice, Fish, Coconut Milk, Onion, Curry Leaves",Non-Vegetarian,Fish,"Keep the starch portion controlled, avoid any added sugar, and pair it with fibre-rich sides. Choose the whole-grain version exactly as prepared and keep the sweeteners off the plate.",30 mins post-meal walk,"Keep rice, banana, jaggery, or other sweet items tightly controlled and monitor glucose response. Contains Fish, Dairy."
843,Kerala,Diabetes,Lunch,"Matta Rice + Kerala Fish Curry (Whole-Grain, Matta-Rice Portion)",450,30,48,13,11,High,Low,Medium,"Fish, Gluten","Matta Rice, Fish, Tamarind, Coconut, Curry Leaves",Non-Vegetarian,Fish,"Keep the starch portion controlled, avoid any added sugar, and pair it with fibre-rich sides. Choose the whole-grain version exactly as prepared and keep the sweeteners off the plate.",30 mins post-meal walk,"Keep rice, banana, jaggery, or other sweet items tightly controlled and monitor glucose response. Contains Fish."
844,Kerala,Diabetes,Lunch,"Pathiri + Chicken Curry (Lightly Cooked, Matta-Rice Portion)",455,32,48,15,11,High,Low,Medium,Safe,"Rice Flour, Chicken, Onion, Ginger, Coconut",Non-Vegetarian,Chicken,"Keep the starch portion controlled, avoid any added sugar, and pair it with fibre-rich sides.",30 mins post-meal walk,"Keep rice, banana, jaggery, or other sweet items tightly controlled and monitor glucose response."
845,Kerala,Diabetes,Lunch,"Puttu + Chicken Curry (Slow-Simmered, Matta-Rice Portion)",455,32,48,15,11,High,Medium,Medium,Safe,"Rice Flour, Chicken, Onion, Ginger, Curry Leaves",Non-Vegetarian,Chicken,"Keep the starch portion controlled, avoid any added sugar, and pair it with fibre-rich sides.",30 mins post-meal walk,"Keep rice, banana, jaggery, or other sweet items tightly controlled and monitor glucose response."
846,Kerala,Diabetes,Lunch,"Puttu + Egg Curry (Boiled, Matta-Rice Portion)",445,28,48,14,11,High,Low,Medium,"Egg, Eggs","Rice Flour, Eggs, Onion, Tomato, Coconut",Non-Vegetarian,,"Keep the starch portion controlled, avoid any added sugar, and pair it with fibre-rich sides.",30 mins post-meal walk,"Keep rice, banana, jaggery, or other sweet items tightly controlled and monitor glucose response. Contains Eggs."
847,Kerala,Diabetes,Lunch,"Puttu + Fish Curry (Steamed, Matta-Rice Portion)",450,30,48,13,11,High,Low,Medium,Fish,"Rice Flour, Fish, Coconut, Tamarind, Curry Leaves",Non-Vegetarian,Fish,"Keep the starch portion controlled, avoid any added sugar, and pair it with fibre-rich sides.",30 mins post-meal walk,"Keep rice, banana, jaggery, or other sweet items tightly controlled and monitor glucose response. Contains Fish."
848,Kerala,Diabetes,Lunch,Wheat Roti + Fish Peera + Kovakka Thoran,400,20,55,11,12,Low,Medium,Low,"Fish, Fish|Gluten, Gluten","Wheat, Small Fish, Ivy Gourd",Non-Vegetarian,fish,Use wheat roti instead of rice; steam ivy gourd.,20 mins post-meal walk,Check fasting glucose regularly; avoid if post-meal exceeds 180 mg/dL
849,Kerala,Diabetes,Lunch,"Appam + Vegetable Stew (Millet-Based, No Sugar)",450,21,52,12,12,High,Low,Low,Safe,"Rice Flour, Coconut, Mixed Vegetables, Ginger, Curry Leaves",Vegan,,"Keep the starch portion controlled, avoid any added sugar, and pair it with fibre-rich sides. Choose the whole-grain version exactly as prepared and keep the sweeteners off the plate.",30 mins post-meal walk,"Keep rice, banana, jaggery, or other sweet items tightly controlled and monitor glucose response."
850,Kerala,Diabetes,Lunch,"Cucumber Salad (Steamed, High Fibre)",315,19,44,7,12,Low,Low,Medium,Safe,"Cucumber, Onion, Lemon, Curry Leaves",Vegan,,"Keep the starch portion controlled, avoid any added sugar, and pair it with fibre-rich sides.",30 mins post-meal walk,"Keep rice, banana, jaggery, or other sweet items tightly controlled and monitor glucose response."
851,Kerala,Diabetes,Lunch,"Idiyappam + Cherupayar Curry (Steamed, No Sugar)",435,24,51,10,14,High,Low,Medium,Safe,"Rice Flour, Green Gram, Coconut, Curry Leaves",Vegan,,"Keep the starch portion controlled, avoid any added sugar, and pair it with fibre-rich sides.",30 mins post-meal walk,"Keep rice, banana, jaggery, or other sweet items tightly controlled and monitor glucose response."
852,Kerala,Diabetes,Lunch,"Idli + Sambar (Lightly Cooked, Low GI)",435,24,51,10,14,High,Low,Low,Safe,"Rice, Urad Dal, Toor Dal, Mixed Vegetables",Vegan,,"Keep the starch portion controlled, avoid any added sugar, and pair it with fibre-rich sides. Choose the whole-grain version exactly as prepared and keep the sweeteners off the plate.",30 mins post-meal walk,"Keep rice, banana, jaggery, or other sweet items tightly controlled and monitor glucose response."
853,Kerala,Diabetes,Lunch,"Kappa + Cherupayar Curry (Whole-Grain, No Sugar)",465,22,56,14,13,Low,Medium,Low,Safe,"Tapioca, Green Gram, Coconut, Curry Leaves",Vegan,,"Keep the starch portion controlled, avoid any added sugar, and pair it with fibre-rich sides. Choose the whole-grain version exactly as prepared and keep the sweeteners off the plate.",30 mins post-meal walk,"Keep rice, banana, jaggery, or other sweet items tightly controlled and monitor glucose response."
854,Kerala,Diabetes,Lunch,"Kappa + Kadala Curry (Portion-Controlled, No Sugar)",440,22,56,11,13,Low,Low,Medium,Safe,"Tapioca, Black Chickpeas, Coconut, Curry Leaves",Vegan,,"Keep the starch portion controlled, avoid any added sugar, and pair it with fibre-rich sides.",30 mins post-meal walk,"Keep rice, banana, jaggery, or other sweet items tightly controlled and monitor glucose response."
855,Kerala,Diabetes,Lunch,"Kappa Puzhukku + Kadala Curry (Slow-Simmered, No Sugar)",440,22,56,11,13,Low,Low,Medium,Safe,"Tapioca, Black Chickpeas, Coconut, Curry Leaves",Vegan,,"Keep the starch portion controlled, avoid any added sugar, and pair it with fibre-rich sides.",30 mins post-meal walk,"Keep rice, banana, jaggery, or other sweet items tightly controlled and monitor glucose response."
856,Kerala,Diabetes,Lunch,"Matta Rice + Erissery (Griddled, No Sugar)",332,21,44,8,14,High,Medium,Low,Gluten,"Matta Rice, Pumpkin, Red Gram, Coconut, Cumin",Vegan,,"Keep the starch portion controlled, avoid any added sugar, and pair it with fibre-rich sides.",30 mins post-meal walk,"Keep rice, banana, jaggery, or other sweet items tightly controlled and monitor glucose response."
857,Kerala,Diabetes,Lunch,"Matta Rice + Koottu Curry (Portion-Controlled, Low GI)",332,21,44,8,14,High,Low,Low,Gluten,"Matta Rice, Yam, Plantain, Black Chickpeas, Coconut",Vegan,,"Keep the starch portion controlled, avoid any added sugar, and pair it with fibre-rich sides. Choose the whole-grain version exactly as prepared and keep the sweeteners off the plate.",30 mins post-meal walk,"Keep rice, banana, jaggery, or other sweet items tightly controlled and monitor glucose response."
858,Kerala,Diabetes,Lunch,"Matta Rice + Parippu Curry (Slow-Simmered, Low GI)",437,23,54,10,13,High,Low,Low,Gluten,"Matta Rice, Toor Dal, Coconut, Curry Leaves",Vegan,,"Keep the starch portion controlled, avoid any added sugar, and pair it with fibre-rich sides. Choose the whole-grain version exactly as prepared and keep the sweeteners off the plate.",30 mins post-meal walk,"Keep rice, banana, jaggery, or other sweet items tightly controlled and monitor glucose response."
859,Kerala,Diabetes,Lunch,"Matta Rice + Sambar (Griddled, Low GI)",437,23,54,10,13,High,Medium,Low,Gluten,"Matta Rice, Toor Dal, Mixed Vegetables, Tamarind",Vegan,,"Keep the starch portion controlled, avoid any added sugar, and pair it with fibre-rich sides. Choose the whole-grain version exactly as prepared and keep the sweeteners off the plate.",30 mins post-meal walk,"Keep rice, banana, jaggery, or other sweet items tightly controlled and monitor glucose response."
860,Kerala,Diabetes,Lunch,"Matta Rice + Thoran (Boiled, High Fibre)",340,21,46,8,15,High,Low,Medium,"Gluten, Mustard","Matta Rice, Cabbage, Coconut, Mustard Seeds",Vegan,,"Keep the starch portion controlled, avoid any added sugar, and pair it with fibre-rich sides.",30 mins post-meal walk,"Keep rice, banana, jaggery, or other sweet items tightly controlled and monitor glucose response."
861,Kerala,Diabetes,Lunch,"Pathiri + Kadala Curry (Boiled, No Sugar)",425,21,52,9,12,High,Low,Medium,Safe,"Rice Flour, Black Chickpeas, Onion, Ginger, Coconut",Vegan,,"Keep the starch portion controlled, avoid any added sugar, and pair it with fibre-rich sides.",30 mins post-meal walk,"Keep rice, banana, jaggery, or other sweet items tightly controlled and monitor glucose response."
862,Kerala,Diabetes,Lunch,"Peppered Kanji + Cherupayar Curry (Whole-Grain, Low GI)",450,21,52,12,12,High,Medium,Low,Safe,"Rice, Pepper, Green Gram, Curry Leaves",Vegan,,"Keep the starch portion controlled, avoid any added sugar, and pair it with fibre-rich sides. Choose the whole-grain version exactly as prepared and keep the sweeteners off the plate.",30 mins post-meal walk,"Keep rice, banana, jaggery, or other sweet items tightly controlled and monitor glucose response."
863,Kerala,Diabetes,Lunch,"Puttu + Kadala Curry (Millet-Based, Low GI)",460,24,51,13,14,High,Low,Low,Safe,"Rice Flour, Black Chickpeas, Coconut, Curry Leaves",Vegan,,"Keep the starch portion controlled, avoid any added sugar, and pair it with fibre-rich sides. Choose the whole-grain version exactly as prepared and keep the sweeteners off the plate.",30 mins post-meal walk,"Keep rice, banana, jaggery, or other sweet items tightly controlled and monitor glucose response."
864,Kerala,Diabetes,Lunch,"Ragi Puttu + Cherupayar Curry (Lightly Cooked, No Sugar)",425,21,52,9,12,Low,Low,Low,Safe,"Finger Millet, Green Gram, Coconut, Curry Leaves",Vegan,,"Keep the starch portion controlled, avoid any added sugar, and pair it with fibre-rich sides.",30 mins post-meal walk,"Keep rice, banana, jaggery, or other sweet items tightly controlled and monitor glucose response."
865,Kerala,Diabetes,Snack,Almonds & Walnuts,150,5,20,5,6,Low,Low,Low,"Nut, Nuts","Almonds, Walnuts",Vegetarian,,Consume raw.,20 mins post-meal walk,Check fasting glucose regularly; avoid if post-meal exceeds 180 mg/dL
866,Kerala,Diabetes,Snack,"Cherupayar Sundal (Lightly Cooked, High Fibre)",155,11,21,2,11,Low,Low,Low,Mustard,"Green Gram, Coconut, Curry Leaves, Mustard Seeds",Vegetarian,,"Keep the starch portion controlled, avoid any added sugar, and pair it with fibre-rich sides.",20 mins gentle walk,"Keep rice, banana, jaggery, or other sweet items tightly controlled and monitor glucose response."
867,Kerala,Diabetes,Snack,"Cherupayar Sundal (Steamed, Minimal Oil)",155,11,21,2,8,Low,Low,Medium,Mustard,"Green Gram, Coconut, Curry Leaves, Mustard Seeds",Vegetarian,,"Keep the starch portion controlled, avoid any added sugar, and pair it with fibre-rich sides. This version keeps the seasoning lighter while staying close to the Kerala original.",20 mins gentle walk,"Keep rice, banana, jaggery, or other sweet items tightly controlled and monitor glucose response."
868,Kerala,Diabetes,Snack,Cucumber & Carrot Salad,150,5,20,5,6,Low,Low,Low,Safe,"Cucumber, Carrot",Vegetarian,,Serve raw without dressing.,20 mins post-meal walk,Check fasting glucose regularly; avoid if post-meal exceeds 180 mg/dL
869,Kerala,Diabetes,Snack,"Cucumber Salad (Lightly Cooked, Minimal Oil)",81,6,12,1,5,Low,Low,Medium,Safe,"Cucumber, Onion, Lemon, Curry Leaves",Vegetarian,,"Keep the starch portion controlled, avoid any added sugar, and pair it with fibre-rich sides. This version keeps the seasoning lighter while staying close to the Kerala original.",20 mins gentle walk,"Keep rice, banana, jaggery, or other sweet items tightly controlled and monitor glucose response."
870,Kerala,Diabetes,Snack,"Cucumber Salad (Slow-Simmered, High Fibre)",81,6,12,1,8,Low,Low,Medium,Safe,"Cucumber, Onion, Lemon, Curry Leaves",Vegetarian,,"Keep the starch portion controlled, avoid any added sugar, and pair it with fibre-rich sides.",20 mins gentle walk,"Keep rice, banana, jaggery, or other sweet items tightly controlled and monitor glucose response."
871,Kerala,Diabetes,Snack,"Kadala Sundal (Boiled, Minimal Oil)",155,11,21,2,8,Low,Low,Medium,Mustard,"Black Chickpeas, Coconut, Curry Leaves, Mustard Seeds",Vegetarian,,"Keep the starch portion controlled, avoid any added sugar, and pair it with fibre-rich sides. This version keeps the seasoning lighter while staying close to the Kerala original.",20 mins gentle walk,"Keep rice, banana, jaggery, or other sweet items tightly controlled and monitor glucose response."
872,Kerala,Diabetes,Snack,"Kadala Sundal (Griddled, High Fibre)",155,11,21,2,11,Low,Medium,Low,Mustard,"Black Chickpeas, Coconut, Curry Leaves, Mustard Seeds",Vegetarian,,"Keep the starch portion controlled, avoid any added sugar, and pair it with fibre-rich sides.",20 mins gentle walk,"Keep rice, banana, jaggery, or other sweet items tightly controlled and monitor glucose response."
873,Kerala,Diabetes,Snack,Roasted Peanuts (No salt),150,5,20,5,6,Low,Low,Low,"Peanut, Peanuts",Peanuts,Vegetarian,,Dry roast raw peanuts.,20 mins post-meal walk,Check fasting glucose regularly; avoid if post-meal exceeds 180 mg/dL
874,Kerala,Diabetes,Snack,"Roasted Peanuts (Portion-Controlled, High Fibre)",81,6,12,1,8,Low,Low,Medium,"Peanut, Peanuts","Peanuts, Curry Leaves, Salt",Vegetarian,,"Keep the starch portion controlled, avoid any added sugar, and pair it with fibre-rich sides.",20 mins gentle walk,"Keep rice, banana, jaggery, or other sweet items tightly controlled and monitor glucose response. Contains Peanuts."
875,Kerala,Diabetes,Snack,Sambharam (Spiced Buttermilk),150,5,20,5,6,Low,Medium,Low,Dairy,"Yogurt, Ginger, Green Chilli",Vegetarian,,Dilute buttermilk; skip salt.,20 mins post-meal walk,Check fasting glucose regularly; avoid if post-meal exceeds 180 mg/dL
876,Kerala,Diabetes,Snack,Sprouted Cherupayar,150,5,20,5,6,Low,Medium,Low,Safe,Green Gram Sprouts,Vegetarian,,Steam lightly.,20 mins post-meal walk,Check fasting glucose regularly; avoid if post-meal exceeds 180 mg/dL
877,Kerala,Diabetes,Snack,Steamed Cauliflower,150,5,20,5,6,Low,Low,Low,Safe,Cauliflower,Vegetarian,,Steam florets plainly.,20 mins post-meal walk,Check fasting glucose regularly; avoid if post-meal exceeds 180 mg/dL
878,Kerala,Diabetes,Snack,Sundal,150,5,20,5,6,Low,Medium,Low,Safe,Black Chickpeas,Vegetarian,,Boil chickpeas without coconut.,20 mins post-meal walk,Check fasting glucose regularly; avoid if post-meal exceeds 180 mg/dL
879,Kerala,Diabetes,Snack,"Tender Coconut (Millet-Based, High Fibre)",82,6,10,2,10,Low,Low,Low,Safe,"Tender Coconut Water, Tender Coconut Flesh",Vegetarian,,"Keep the starch portion controlled, avoid any added sugar, and pair it with fibre-rich sides. Choose the whole-grain version exactly as prepared and keep the sweeteners off the plate.",20 mins gentle walk,"Keep rice, banana, jaggery, or other sweet items tightly controlled and monitor glucose response."
880,Kerala,Diabetes,Snack,"Vishu Katta + Vegetable Curry (Whole-Grain, High Fibre)",170,8,20,4,11,High,Medium,Low,Safe,"Rice Flour, Cumin, Vegetables, Curry Leaves",Vegetarian,,"Keep the starch portion controlled, avoid any added sugar, and pair it with fibre-rich sides. Choose the whole-grain version exactly as prepared and keep the sweeteners off the plate.",20 mins gentle walk,"Keep rice, banana, jaggery, or other sweet items tightly controlled and monitor glucose response."
881,Kerala,Diabetes,Snack,"Boiled Egg + Pepper (Boiled, With Legumes)",210,21,18,6,8,Low,Low,Medium,"Egg, Eggs","Eggs, Black Pepper, Curry Leaves, Salt",Non-Vegetarian,,"Keep the starch portion controlled, avoid any added sugar, and pair it with fibre-rich sides.",20 mins gentle walk,"Keep rice, banana, jaggery, or other sweet items tightly controlled and monitor glucose response. Contains Eggs."
882,Kerala,Diabetes,Snack,"Boiled Egg + Pepper (Griddled, Minimal Oil)",165,15,18,6,5,Low,Low,Medium,"Egg, Eggs","Eggs, Black Pepper, Curry Leaves, Salt",Non-Vegetarian,,"Keep the starch portion controlled, avoid any added sugar, and pair it with fibre-rich sides. This version keeps the seasoning lighter while staying close to the Kerala original.",20 mins gentle walk,"Keep rice, banana, jaggery, or other sweet items tightly controlled and monitor glucose response. Contains Eggs."
883,Kerala,Diabetes,Snack,"Boiled Egg + Pepper (Lightly Cooked, Lean)",160,15,18,4,5,Low,Medium,Medium,"Egg, Eggs","Eggs, Black Pepper, Curry Leaves, Salt",Non-Vegetarian,,"Keep the starch portion controlled, avoid any added sugar, and pair it with fibre-rich sides.",20 mins gentle walk,"Keep rice, banana, jaggery, or other sweet items tightly controlled and monitor glucose response. Contains Eggs."
884,Kerala,Diabetes,Snack,"Chicken Pepper Fry (Millet-Based, Minimal Oil)",175,19,16,7,7,Low,Medium,Medium,Safe,"Chicken, Black Pepper, Curry Leaves, Shallots, Coconut Oil",Non-Vegetarian,Chicken,"Keep the starch portion controlled, avoid any added sugar, and pair it with fibre-rich sides. This version keeps the seasoning lighter while staying close to the Kerala original.",20 mins gentle walk,"Keep rice, banana, jaggery, or other sweet items tightly controlled and monitor glucose response."
885,Kerala,Diabetes,Snack,"Chicken Pepper Fry (Whole-Grain, Lean)",195,19,16,8,7,Low,Low,Medium,Safe,"Chicken, Black Pepper, Curry Leaves, Shallots, Coconut Oil",Non-Vegetarian,Chicken,"Keep the starch portion controlled, avoid any added sugar, and pair it with fibre-rich sides. Choose the whole-grain version exactly as prepared and keep the sweeteners off the plate.",20 mins gentle walk,"Keep rice, banana, jaggery, or other sweet items tightly controlled and monitor glucose response."
886,Kerala,Diabetes,Snack,"Chicken Soup (Boiled, Lean)",170,19,18,5,5,Low,Low,Medium,Safe,"Chicken, Pepper, Ginger, Curry Leaves, Onion",Non-Vegetarian,Chicken,"Keep the starch portion controlled, avoid any added sugar, and pair it with fibre-rich sides.",20 mins gentle walk,"Keep rice, banana, jaggery, or other sweet items tightly controlled and monitor glucose response."
887,Kerala,Diabetes,Snack,"Chicken Soup (Steamed, With Legumes)",235,25,18,7,8,Low,Low,Medium,Safe,"Chicken, Pepper, Ginger, Curry Leaves, Onion",Non-Vegetarian,Chicken,"Keep the starch portion controlled, avoid any added sugar, and pair it with fibre-rich sides.",20 mins gentle walk,"Keep rice, banana, jaggery, or other sweet items tightly controlled and monitor glucose response."
888,Kerala,Diabetes,Snack,"Egg White Roast (Griddled, Lean)",160,15,18,4,5,Low,Low,Medium,"Egg, Eggs","Egg Whites, Onion, Tomato, Black Pepper, Curry Leaves",Non-Vegetarian,,"Keep the starch portion controlled, avoid any added sugar, and pair it with fibre-rich sides.",20 mins gentle walk,"Keep rice, banana, jaggery, or other sweet items tightly controlled and monitor glucose response. Contains Eggs."
889,Kerala,Diabetes,Snack,"Egg White Roast (Lightly Cooked, With Legumes)",210,21,18,6,8,Low,Medium,Low,"Egg, Eggs","Egg Whites, Onion, Tomato, Black Pepper, Curry Leaves",Non-Vegetarian,,"Keep the starch portion controlled, avoid any added sugar, and pair it with fibre-rich sides.",20 mins gentle walk,"Keep rice, banana, jaggery, or other sweet items tightly controlled and monitor glucose response. Contains Eggs."
890,Kerala,Diabetes,Snack,"Egg White Roast (Slow-Simmered, Minimal Oil)",165,15,18,6,5,Low,Low,Medium,"Egg, Eggs","Egg Whites, Onion, Tomato, Black Pepper, Curry Leaves",Non-Vegetarian,,"Keep the starch portion controlled, avoid any added sugar, and pair it with fibre-rich sides. This version keeps the seasoning lighter while staying close to the Kerala original.",20 mins gentle walk,"Keep rice, banana, jaggery, or other sweet items tightly controlled and monitor glucose response. Contains Eggs."
891,Kerala,Diabetes,Snack,"Fish Fry (Tawa Roasted) (Portion-Controlled, Lean)",165,17,18,3,5,Low,Low,Medium,Fish,"Fish, Pepper, Lemon, Curry Leaves, Coconut Oil",Non-Vegetarian,Fish,"Keep the starch portion controlled, avoid any added sugar, and pair it with fibre-rich sides.",20 mins gentle walk,"Keep rice, banana, jaggery, or other sweet items tightly controlled and monitor glucose response. Contains Fish."
892,Kerala,Diabetes,Snack,"Fish Fry (Tawa Roasted) (Whole-Grain, Minimal Oil)",170,17,16,5,7,Low,Low,Medium,Fish,"Fish, Pepper, Lemon, Curry Leaves, Coconut Oil",Non-Vegetarian,Fish,"Keep the starch portion controlled, avoid any added sugar, and pair it with fibre-rich sides. This version keeps the seasoning lighter while staying close to the Kerala original.",20 mins gentle walk,"Keep rice, banana, jaggery, or other sweet items tightly controlled and monitor glucose response. Contains Fish."
893,Kerala,Diabetes,Snack,"Grilled Fish Bites (Portion-Controlled, Minimal Oil)",170,17,18,5,5,Low,Low,Medium,Fish,"Fish, Lemon, Pepper, Curry Leaves, Coconut Oil",Non-Vegetarian,Fish,"Keep the starch portion controlled, avoid any added sugar, and pair it with fibre-rich sides. This version keeps the seasoning lighter while staying close to the Kerala original.",20 mins gentle walk,"Keep rice, banana, jaggery, or other sweet items tightly controlled and monitor glucose response. Contains Fish."
894,Kerala,Diabetes,Snack,"Grilled Fish Bites (Slow-Simmered, Lean)",165,17,18,3,5,Low,Low,Medium,Fish,"Fish, Lemon, Pepper, Curry Leaves, Coconut Oil",Non-Vegetarian,Fish,"Keep the starch portion controlled, avoid any added sugar, and pair it with fibre-rich sides.",20 mins gentle walk,"Keep rice, banana, jaggery, or other sweet items tightly controlled and monitor glucose response. Contains Fish."
895,Kerala,Diabetes,Snack,"Steamed Prawns (Millet-Based, Lean)",190,16,16,6,7,Low,Medium,Medium,"Fish, Shellfish","Prawns, Lemon, Pepper, Curry Leaves",Non-Vegetarian,Seafood,"Keep the starch portion controlled, avoid any added sugar, and pair it with fibre-rich sides. Choose the whole-grain version exactly as prepared and keep the sweeteners off the plate.",20 mins gentle walk,"Keep rice, banana, jaggery, or other sweet items tightly controlled and monitor glucose response. Contains Shellfish."
896,Kerala,Diabetes,Snack,"Steamed Prawns (Steamed, Lean)",165,16,18,3,5,Low,Low,Medium,"Fish, Shellfish","Prawns, Lemon, Pepper, Curry Leaves",Non-Vegetarian,Seafood,"Keep the starch portion controlled, avoid any added sugar, and pair it with fibre-rich sides.",20 mins gentle walk,"Keep rice, banana, jaggery, or other sweet items tightly controlled and monitor glucose response. Contains Shellfish."
897,Kerala,Diabetes,Snack,"Cherupayar Sundal (Boiled, Unsweetened)",155,11,19,2,10,Low,Low,Medium,Mustard,"Green Gram, Coconut, Curry Leaves, Mustard Seeds",Vegan,,"Keep the starch portion controlled, avoid any added sugar, and pair it with fibre-rich sides.",20 mins gentle walk,"Keep rice, banana, jaggery, or other sweet items tightly controlled and monitor glucose response."
898,Kerala,Diabetes,Snack,"Cherupayar Sundal (Griddled, With Legumes)",155,17,21,2,11,Low,Low,Low,Mustard,"Green Gram, Coconut, Curry Leaves, Mustard Seeds",Vegan,,"Keep the starch portion controlled, avoid any added sugar, and pair it with fibre-rich sides.",20 mins gentle walk,"Keep rice, banana, jaggery, or other sweet items tightly controlled and monitor glucose response."
899,Kerala,Diabetes,Snack,"Cherupayar Sundal (Millet-Based, Unsweetened)",180,11,19,5,10,Low,Medium,Low,Mustard,"Green Gram, Coconut, Curry Leaves, Mustard Seeds",Vegan,,"Keep the starch portion controlled, avoid any added sugar, and pair it with fibre-rich sides. Choose the whole-grain version exactly as prepared and keep the sweeteners off the plate.",20 mins gentle walk,"Keep rice, banana, jaggery, or other sweet items tightly controlled and monitor glucose response."
900,Kerala,Diabetes,Snack,"Cucumber Salad (Boiled, Matta-Rice Portion)",73,6,10,1,7,Low,Low,Medium,Safe,"Cucumber, Onion, Lemon, Curry Leaves",Vegan,,"Keep the starch portion controlled, avoid any added sugar, and pair it with fibre-rich sides.",20 mins gentle walk,"Keep rice, banana, jaggery, or other sweet items tightly controlled and monitor glucose response."
901,Kerala,Diabetes,Snack,"Cucumber Salad (Griddled, Unsweetened)",73,6,10,1,7,Low,Low,Low,Safe,"Cucumber, Onion, Lemon, Curry Leaves",Vegan,,"Keep the starch portion controlled, avoid any added sugar, and pair it with fibre-rich sides.",20 mins gentle walk,"Keep rice, banana, jaggery, or other sweet items tightly controlled and monitor glucose response."
902,Kerala,Diabetes,Snack,"Cucumber Salad (Portion-Controlled, With Legumes)",120,12,12,1,8,Low,Low,Medium,Safe,"Cucumber, Onion, Lemon, Curry Leaves",Vegan,,"Keep the starch portion controlled, avoid any added sugar, and pair it with fibre-rich sides.",20 mins gentle walk,"Keep rice, banana, jaggery, or other sweet items tightly controlled and monitor glucose response."
903,Kerala,Diabetes,Snack,"Kadala Sundal (Lightly Cooked, Unsweetened)",155,11,19,2,10,Low,Medium,Low,Mustard,"Black Chickpeas, Coconut, Curry Leaves, Mustard Seeds",Vegan,,"Keep the starch portion controlled, avoid any added sugar, and pair it with fibre-rich sides.",20 mins gentle walk,"Keep rice, banana, jaggery, or other sweet items tightly controlled and monitor glucose response."
904,Kerala,Diabetes,Snack,"Kadala Sundal (Slow-Simmered, With Legumes)",155,17,21,2,11,Low,Low,Low,Mustard,"Black Chickpeas, Coconut, Curry Leaves, Mustard Seeds",Vegan,,"Keep the starch portion controlled, avoid any added sugar, and pair it with fibre-rich sides.",20 mins gentle walk,"Keep rice, banana, jaggery, or other sweet items tightly controlled and monitor glucose response."
905,Kerala,Diabetes,Snack,"Kadala Sundal (Steamed, Matta-Rice Portion)",155,11,19,2,10,Low,Low,Medium,Mustard,"Black Chickpeas, Coconut, Curry Leaves, Mustard Seeds",Vegan,,"Keep the starch portion controlled, avoid any added sugar, and pair it with fibre-rich sides.",20 mins gentle walk,"Keep rice, banana, jaggery, or other sweet items tightly controlled and monitor glucose response."
906,Kerala,Diabetes,Snack,"Roasted Peanuts (Lightly Cooked, Matta-Rice Portion)",73,6,10,1,7,Low,Medium,Low,"Peanut, Peanuts","Peanuts, Curry Leaves, Salt",Vegan,,"Keep the starch portion controlled, avoid any added sugar, and pair it with fibre-rich sides.",20 mins gentle walk,"Keep rice, banana, jaggery, or other sweet items tightly controlled and monitor glucose response. Contains Peanuts."
907,Kerala,Diabetes,Snack,"Roasted Peanuts (Slow-Simmered, Unsweetened)",73,6,10,1,7,Low,Low,Medium,"Peanut, Peanuts","Peanuts, Curry Leaves, Salt",Vegan,,"Keep the starch portion controlled, avoid any added sugar, and pair it with fibre-rich sides.",20 mins gentle walk,"Keep rice, banana, jaggery, or other sweet items tightly controlled and monitor glucose response. Contains Peanuts."
908,Kerala,Diabetes,Snack,"Roasted Peanuts (Whole-Grain, With Legumes)",106,12,10,2,10,Low,Low,Low,"Peanut, Peanuts","Peanuts, Curry Leaves, Salt",Vegan,,"Keep the starch portion controlled, avoid any added sugar, and pair it with fibre-rich sides. Choose the whole-grain version exactly as prepared and keep the sweeteners off the plate.",20 mins gentle walk,"Keep rice, banana, jaggery, or other sweet items tightly controlled and monitor glucose response. Contains Peanuts."
909,Kerala,Diabetes,Snack,"Tender Coconut (Steamed, Unsweetened)",73,6,10,1,7,Low,Low,Medium,Safe,"Tender Coconut Water, Tender Coconut Flesh",Vegan,,"Keep the starch portion controlled, avoid any added sugar, and pair it with fibre-rich sides.",20 mins gentle walk,"Keep rice, banana, jaggery, or other sweet items tightly controlled and monitor glucose response."
910,Kerala,Diabetes,Snack,"Tender Coconut (Whole-Grain, Unsweetened)",82,6,10,2,7,Low,Low,Low,Safe,"Tender Coconut Water, Tender Coconut Flesh",Vegan,,"Keep the starch portion controlled, avoid any added sugar, and pair it with fibre-rich sides. Choose the whole-grain version exactly as prepared and keep the sweeteners off the plate.",20 mins gentle walk,"Keep rice, banana, jaggery, or other sweet items tightly controlled and monitor glucose response."
911,Kerala,Diabetes,Snack,"Vishu Katta + Vegetable Curry (Millet-Based, With Legumes)",170,14,20,4,11,High,Medium,Low,Safe,"Rice Flour, Cumin, Vegetables, Curry Leaves",Vegan,,"Keep the starch portion controlled, avoid any added sugar, and pair it with fibre-rich sides. Choose the whole-grain version exactly as prepared and keep the sweeteners off the plate.",20 mins gentle walk,"Keep rice, banana, jaggery, or other sweet items tightly controlled and monitor glucose response."
912,Kerala,Diabetes,Snack,"Vishu Katta + Vegetable Curry (Portion-Controlled, Unsweetened)",121,8,20,1,8,High,Low,Medium,Safe,"Rice Flour, Cumin, Vegetables, Curry Leaves",Vegan,,"Keep the starch portion controlled, avoid any added sugar, and pair it with fibre-rich sides.",20 mins gentle walk,"Keep rice, banana, jaggery, or other sweet items tightly controlled and monitor glucose response."
913,Kerala,Diabetes,Dinner,Brown Rice Idiyappam + Kadala,300,15,45,6,10,High,Medium,Low,Safe,"Brown Rice Flour, Black Chickpeas",Vegetarian,,Steam idiyappam; boil chickpeas.,20 mins post-meal walk,Check fasting glucose regularly; avoid if post-meal exceeds 180 mg/dL
914,Kerala,Diabetes,Dinner,"Dosa + Sambar (Griddled, Low GI)",335,17,42,7,11,High,Low,Low,Safe,"Rice, Urad Dal, Toor Dal, Mixed Vegetables",Vegetarian,,"Keep the starch portion controlled, avoid any added sugar, and pair it with fibre-rich sides. Choose the whole-grain version exactly as prepared and keep the sweeteners off the plate.",30 mins post-meal walk,"Keep rice, banana, jaggery, or other sweet items tightly controlled and monitor glucose response."
915,Kerala,Diabetes,Dinner,"Idiyappam + Cherupayar Curry (Boiled, Low GI)",345,20,41,8,13,High,Low,Medium,Safe,"Rice Flour, Green Gram, Coconut, Curry Leaves",Vegetarian,,"Keep the starch portion controlled, avoid any added sugar, and pair it with fibre-rich sides. Choose the whole-grain version exactly as prepared and keep the sweeteners off the plate.",30 mins post-meal walk,"Keep rice, banana, jaggery, or other sweet items tightly controlled and monitor glucose response."
916,Kerala,Diabetes,Dinner,"Idli + Sambar (Griddled, Matta-Rice Portion)",345,20,41,8,13,High,Low,Low,Safe,"Rice, Urad Dal, Toor Dal, Mixed Vegetables",Vegetarian,,"Keep the starch portion controlled, avoid any added sugar, and pair it with fibre-rich sides.",30 mins post-meal walk,"Keep rice, banana, jaggery, or other sweet items tightly controlled and monitor glucose response."
917,Kerala,Diabetes,Dinner,"Matta Rice + Erissery (Portion-Controlled, Low GI)",258,17,34,6,13,High,Low,Low,Gluten,"Matta Rice, Pumpkin, Red Gram, Coconut, Cumin",Vegetarian,,"Keep the starch portion controlled, avoid any added sugar, and pair it with fibre-rich sides. Choose the whole-grain version exactly as prepared and keep the sweeteners off the plate.",30 mins post-meal walk,"Keep rice, banana, jaggery, or other sweet items tightly controlled and monitor glucose response."
918,Kerala,Diabetes,Dinner,"Matta Rice + Koottu Curry (Whole-Grain, Matta-Rice Portion)",258,17,34,6,13,High,Low,Low,Gluten,"Matta Rice, Yam, Plantain, Black Chickpeas, Coconut",Vegetarian,,"Keep the starch portion controlled, avoid any added sugar, and pair it with fibre-rich sides. Choose the whole-grain version exactly as prepared and keep the sweeteners off the plate.",30 mins post-meal walk,"Keep rice, banana, jaggery, or other sweet items tightly controlled and monitor glucose response."
919,Kerala,Diabetes,Dinner,"Matta Rice + Parippu Curry (Portion-Controlled, Matta-Rice Portion)",347,19,44,8,12,High,Low,Medium,Gluten,"Matta Rice, Toor Dal, Coconut, Curry Leaves",Vegetarian,,"Keep the starch portion controlled, avoid any added sugar, and pair it with fibre-rich sides.",30 mins post-meal walk,"Keep rice, banana, jaggery, or other sweet items tightly controlled and monitor glucose response."
920,Kerala,Diabetes,Dinner,"Matta Rice + Sambar (Slow-Simmered, Matta-Rice Portion)",347,19,44,8,12,High,Low,Medium,Gluten,"Matta Rice, Toor Dal, Mixed Vegetables, Tamarind",Vegetarian,,"Keep the starch portion controlled, avoid any added sugar, and pair it with fibre-rich sides.",30 mins post-meal walk,"Keep rice, banana, jaggery, or other sweet items tightly controlled and monitor glucose response."
921,Kerala,Diabetes,Dinner,Oats Kanji + Cherupayar,300,15,45,6,10,Low,Medium,Low,Safe,"Oats, Green Gram",Vegetarian,,Cook oats as gruel; boil green gram.,20 mins post-meal walk,Check fasting glucose regularly; avoid if post-meal exceeds 180 mg/dL
922,Kerala,Diabetes,Dinner,"Pathiri + Kadala Curry (Lightly Cooked, Low GI)",335,17,42,7,11,High,Medium,Low,Safe,"Rice Flour, Black Chickpeas, Onion, Ginger, Coconut",Vegetarian,,"Keep the starch portion controlled, avoid any added sugar, and pair it with fibre-rich sides. Choose the whole-grain version exactly as prepared and keep the sweeteners off the plate.",30 mins post-meal walk,"Keep rice, banana, jaggery, or other sweet items tightly controlled and monitor glucose response."
923,Kerala,Diabetes,Dinner,"Peppered Kanji + Cherupayar Curry (Millet-Based, Matta-Rice Portion)",335,17,42,7,11,High,Medium,Low,Safe,"Rice, Pepper, Green Gram, Curry Leaves",Vegetarian,,"Keep the starch portion controlled, avoid any added sugar, and pair it with fibre-rich sides. Choose the whole-grain version exactly as prepared and keep the sweeteners off the plate.",30 mins post-meal walk,"Keep rice, banana, jaggery, or other sweet items tightly controlled and monitor glucose response."
924,Kerala,Diabetes,Dinner,"Puttu + Kadala Curry (Steamed, Low GI)",345,20,41,8,13,High,Low,Medium,Safe,"Rice Flour, Black Chickpeas, Coconut, Curry Leaves",Vegetarian,,"Keep the starch portion controlled, avoid any added sugar, and pair it with fibre-rich sides. Choose the whole-grain version exactly as prepared and keep the sweeteners off the plate.",30 mins post-meal walk,"Keep rice, banana, jaggery, or other sweet items tightly controlled and monitor glucose response."
925,Kerala,Diabetes,Dinner,Ragi Dosa + Sambar,300,15,45,6,10,Low,Medium,Low,Safe,"Finger Millet, Toor Dal",Vegetarian,,Cook crisp ragi dosa; load sambar with veggies.,20 mins post-meal walk,Check fasting glucose regularly; avoid if post-meal exceeds 180 mg/dL
926,Kerala,Diabetes,Dinner,"Ragi Puttu + Cherupayar Curry (Slow-Simmered, Low GI)",335,17,42,7,11,Low,Low,Low,Safe,"Finger Millet, Green Gram, Coconut, Curry Leaves",Vegetarian,,"Keep the starch portion controlled, avoid any added sugar, and pair it with fibre-rich sides. Choose the whole-grain version exactly as prepared and keep the sweeteners off the plate.",30 mins post-meal walk,"Keep rice, banana, jaggery, or other sweet items tightly controlled and monitor glucose response."
927,Kerala,Diabetes,Dinner,Ragi Puttu + Veg Curry,300,15,45,6,10,Low,Medium,Low,Safe,"Finger Millet, Mixed Veg",Vegetarian,,Steam ragi puttu; boil veggies.,20 mins post-meal walk,Check fasting glucose regularly; avoid if post-meal exceeds 180 mg/dL
928,Kerala,Diabetes,Dinner,Wheat Dosa + Onion Chutney,300,15,45,6,10,Low,Medium,Low,Gluten,"Wheat Flour, Onion",Vegetarian,,Cook dosa without oil.,20 mins post-meal walk,Check fasting glucose regularly; avoid if post-meal exceeds 180 mg/dL
929,Kerala,Diabetes,Dinner,"Appam + Chicken Stew (Steamed, No Sugar)",365,28,38,13,10,High,Medium,Medium,Dairy,"Rice Flour, Chicken, Coconut Milk, Onion, Pepper",Non-Vegetarian,Chicken,"Keep the starch portion controlled, avoid any added sugar, and pair it with fibre-rich sides.",30 mins post-meal walk,"Keep rice, banana, jaggery, or other sweet items tightly controlled and monitor glucose response. Contains Dairy."
930,Kerala,Diabetes,Dinner,"Appam + Fish Moilee (Boiled, No Sugar)",360,26,38,11,10,High,Low,Medium,"Dairy, Fish","Rice Flour, Fish, Coconut Milk, Green Chilli, Curry Leaves",Non-Vegetarian,Fish,"Keep the starch portion controlled, avoid any added sugar, and pair it with fibre-rich sides.",30 mins post-meal walk,"Keep rice, banana, jaggery, or other sweet items tightly controlled and monitor glucose response. Contains Fish, Dairy."
931,Kerala,Diabetes,Dinner,"Chicken Pepper Fry (Whole-Grain, Low GI)",390,28,38,16,10,Low,Low,Medium,Safe,"Chicken, Black Pepper, Curry Leaves, Shallots, Coconut Oil",Non-Vegetarian,Chicken,"Keep the starch portion controlled, avoid any added sugar, and pair it with fibre-rich sides. Choose the whole-grain version exactly as prepared and keep the sweeteners off the plate.",30 mins post-meal walk,"Keep rice, banana, jaggery, or other sweet items tightly controlled and monitor glucose response."
932,Kerala,Diabetes,Dinner,"Chicken Soup (Millet-Based, Low GI)",390,28,38,16,10,Low,Low,Medium,Safe,"Chicken, Pepper, Ginger, Curry Leaves, Onion",Non-Vegetarian,Chicken,"Keep the starch portion controlled, avoid any added sugar, and pair it with fibre-rich sides. Choose the whole-grain version exactly as prepared and keep the sweeteners off the plate.",30 mins post-meal walk,"Keep rice, banana, jaggery, or other sweet items tightly controlled and monitor glucose response."
933,Kerala,Diabetes,Dinner,"Idiyappam + Chicken Curry (Griddled, No Sugar)",365,28,38,13,10,High,Low,Medium,Safe,"Rice Flour, Chicken, Onion, Ginger, Coconut",Non-Vegetarian,Chicken,"Keep the starch portion controlled, avoid any added sugar, and pair it with fibre-rich sides.",30 mins post-meal walk,"Keep rice, banana, jaggery, or other sweet items tightly controlled and monitor glucose response."
934,Kerala,Diabetes,Dinner,"Idiyappam + Egg Roast (Lightly Cooked, No Sugar)",355,24,38,12,10,High,Low,Low,"Egg, Eggs","Rice Flour, Eggs, Onion, Tomato, Coconut Oil",Non-Vegetarian,,"Keep the starch portion controlled, avoid any added sugar, and pair it with fibre-rich sides.",30 mins post-meal walk,"Keep rice, banana, jaggery, or other sweet items tightly controlled and monitor glucose response. Contains Eggs."
935,Kerala,Diabetes,Dinner,"Kalappam + Chicken Curry (Millet-Based, No Sugar)",390,28,38,16,10,High,Low,Medium,Safe,"Rice Flour, Coconut, Chicken, Curry Leaves, Onion",Non-Vegetarian,Chicken,"Keep the starch portion controlled, avoid any added sugar, and pair it with fibre-rich sides. Choose the whole-grain version exactly as prepared and keep the sweeteners off the plate.",30 mins post-meal walk,"Keep rice, banana, jaggery, or other sweet items tightly controlled and monitor glucose response."
936,Kerala,Diabetes,Dinner,"Kappa Puzhukku + Fish Curry (Boiled, High Fibre)",360,26,40,11,11,Low,Low,Medium,Fish,"Tapioca, Fish, Coconut, Curry Leaves, Tamarind",Non-Vegetarian,Fish,"Keep the starch portion controlled, avoid any added sugar, and pair it with fibre-rich sides.",30 mins post-meal walk,"Keep rice, banana, jaggery, or other sweet items tightly controlled and monitor glucose response. Contains Fish."
937,Kerala,Diabetes,Dinner,"Pathiri + Chicken Curry (Whole-Grain, No Sugar)",390,28,38,16,10,High,Low,Medium,Safe,"Rice Flour, Chicken, Onion, Ginger, Coconut",Non-Vegetarian,Chicken,"Keep the starch portion controlled, avoid any added sugar, and pair it with fibre-rich sides. Choose the whole-grain version exactly as prepared and keep the sweeteners off the plate.",30 mins post-meal walk,"Keep rice, banana, jaggery, or other sweet items tightly controlled and monitor glucose response."
938,Kerala,Diabetes,Dinner,"Puttu + Chicken Curry (Griddled, High Fibre)",365,28,40,13,11,High,Low,Medium,Safe,"Rice Flour, Chicken, Onion, Ginger, Curry Leaves",Non-Vegetarian,Chicken,"Keep the starch portion controlled, avoid any added sugar, and pair it with fibre-rich sides.",30 mins post-meal walk,"Keep rice, banana, jaggery, or other sweet items tightly controlled and monitor glucose response."
939,Kerala,Diabetes,Dinner,"Puttu + Egg Curry (Portion-Controlled, No Sugar)",355,24,38,12,10,High,Medium,Low,"Egg, Eggs","Rice Flour, Eggs, Onion, Tomato, Coconut",Non-Vegetarian,,"Keep the starch portion controlled, avoid any added sugar, and pair it with fibre-rich sides.",30 mins post-meal walk,"Keep rice, banana, jaggery, or other sweet items tightly controlled and monitor glucose response. Contains Eggs."
940,Kerala,Diabetes,Dinner,"Puttu + Fish Curry (Slow-Simmered, No Sugar)",360,26,38,11,10,High,Low,Medium,Fish,"Rice Flour, Fish, Coconut, Tamarind, Curry Leaves",Non-Vegetarian,Fish,"Keep the starch portion controlled, avoid any added sugar, and pair it with fibre-rich sides.",30 mins post-meal walk,"Keep rice, banana, jaggery, or other sweet items tightly controlled and monitor glucose response. Contains Fish."
941,Kerala,Diabetes,Dinner,"Uppumavu + Egg Roast (Lightly Cooked, High Fibre)",355,24,40,12,11,Low,Low,Low,"Egg, Eggs, Gluten","Semolina, Eggs, Onion, Curry Leaves",Non-Vegetarian,,"Keep the starch portion controlled, avoid any added sugar, and pair it with fibre-rich sides.",30 mins post-meal walk,"Keep rice, banana, jaggery, or other sweet items tightly controlled and monitor glucose response. Contains Eggs, Gluten."
942,Kerala,Diabetes,Dinner,Wheat Appam + Fish Curry,300,15,45,6,10,Low,Medium,Low,"Fish, Fish|Gluten, Gluten","Wheat Flour, Fish, Tamarind",Non-Vegetarian,fish,Cook fish in tamarind broth without coconut.,20 mins post-meal walk,Check fasting glucose regularly; avoid if post-meal exceeds 180 mg/dL
943,Kerala,Diabetes,Dinner,"Wheat Dosa + Fish Curry (Steamed, High Fibre)",360,26,40,11,11,Low,Medium,Medium,"Fish, Gluten","Wheat Flour, Fish, Onion, Tamarind, Curry Leaves",Non-Vegetarian,Fish,"Keep the starch portion controlled, avoid any added sugar, and pair it with fibre-rich sides.",30 mins post-meal walk,"Keep rice, banana, jaggery, or other sweet items tightly controlled and monitor glucose response. Contains Fish, Gluten."
944,Kerala,Diabetes,Dinner,Wheat Pathiri + Clear Chicken Stew,300,15,45,6,10,Low,Medium,Low,Gluten,"Wheat Flour, Chicken",Non-Vegetarian,chicken,Dry roast pathiri; avoid potato and coconut milk in stew.,20 mins post-meal walk,Check fasting glucose regularly; avoid if post-meal exceeds 180 mg/dL
945,Kerala,Diabetes,Dinner,"Appam + Vegetable Stew (Lightly Cooked, Lean)",330,17,44,5,9,High,Low,Medium,Safe,"Rice Flour, Coconut, Mixed Vegetables, Ginger, Curry Leaves",Vegan,,"Keep the starch portion controlled, avoid any added sugar, and pair it with fibre-rich sides.",30 mins post-meal walk,"Keep rice, banana, jaggery, or other sweet items tightly controlled and monitor glucose response."
946,Kerala,Diabetes,Dinner,"Dosa + Sambar (Slow-Simmered, Minimal Oil)",335,17,44,7,9,High,Medium,Medium,Safe,"Rice, Urad Dal, Toor Dal, Mixed Vegetables",Vegan,,"Keep the starch portion controlled, avoid any added sugar, and pair it with fibre-rich sides. This version keeps the seasoning lighter while staying close to the Kerala original.",30 mins post-meal walk,"Keep rice, banana, jaggery, or other sweet items tightly controlled and monitor glucose response."
947,Kerala,Diabetes,Dinner,"Idiyappam + Cherupayar Curry (Lightly Cooked, Minimal Oil)",345,20,43,8,11,High,Low,Medium,Safe,"Rice Flour, Green Gram, Coconut, Curry Leaves",Vegan,,"Keep the starch portion controlled, avoid any added sugar, and pair it with fibre-rich sides. This version keeps the seasoning lighter while staying close to the Kerala original.",30 mins post-meal walk,"Keep rice, banana, jaggery, or other sweet items tightly controlled and monitor glucose response."
948,Kerala,Diabetes,Dinner,"Idli + Sambar (Slow-Simmered, High Fibre)",345,20,43,8,14,High,Medium,Low,Safe,"Rice, Urad Dal, Toor Dal, Mixed Vegetables",Vegan,,"Keep the starch portion controlled, avoid any added sugar, and pair it with fibre-rich sides.",30 mins post-meal walk,"Keep rice, banana, jaggery, or other sweet items tightly controlled and monitor glucose response."
949,Kerala,Diabetes,Dinner,"Kappa + Cherupayar Curry (Boiled, Lean)",345,18,48,7,10,Low,Low,Medium,Safe,"Tapioca, Green Gram, Coconut, Curry Leaves",Vegan,,"Keep the starch portion controlled, avoid any added sugar, and pair it with fibre-rich sides.",30 mins post-meal walk,"Keep rice, banana, jaggery, or other sweet items tightly controlled and monitor glucose response."
950,Kerala,Diabetes,Dinner,"Kappa + Kadala Curry (Steamed, Lean)",345,18,48,7,10,Low,Low,Medium,Safe,"Tapioca, Black Chickpeas, Coconut, Curry Leaves",Vegan,,"Keep the starch portion controlled, avoid any added sugar, and pair it with fibre-rich sides.",30 mins post-meal walk,"Keep rice, banana, jaggery, or other sweet items tightly controlled and monitor glucose response."
951,Kerala,Diabetes,Dinner,"Kappa Puzhukku + Kadala Curry (Millet-Based, Minimal Oil)",350,18,46,9,12,Low,Medium,Medium,Safe,"Tapioca, Black Chickpeas, Coconut, Curry Leaves",Vegan,,"Keep the starch portion controlled, avoid any added sugar, and pair it with fibre-rich sides. This version keeps the seasoning lighter while staying close to the Kerala original.",30 mins post-meal walk,"Keep rice, banana, jaggery, or other sweet items tightly controlled and monitor glucose response."
952,Kerala,Diabetes,Dinner,"Matta Rice + Erissery (Whole-Grain, Minimal Oil)",258,17,34,6,13,High,Low,Medium,Gluten,"Matta Rice, Pumpkin, Red Gram, Coconut, Cumin",Vegan,,"Keep the starch portion controlled, avoid any added sugar, and pair it with fibre-rich sides. This version keeps the seasoning lighter while staying close to the Kerala original.",30 mins post-meal walk,"Keep rice, banana, jaggery, or other sweet items tightly controlled and monitor glucose response."
953,Kerala,Diabetes,Dinner,"Matta Rice + Koottu Curry (Millet-Based, High Fibre)",285,17,34,9,16,High,Medium,Low,Gluten,"Matta Rice, Yam, Plantain, Black Chickpeas, Coconut",Vegan,,"Keep the starch portion controlled, avoid any added sugar, and pair it with fibre-rich sides. Choose the whole-grain version exactly as prepared and keep the sweeteners off the plate.",30 mins post-meal walk,"Keep rice, banana, jaggery, or other sweet items tightly controlled and monitor glucose response."
954,Kerala,Diabetes,Dinner,"Matta Rice + Parippu Curry (Whole-Grain, High Fibre)",372,19,44,11,15,High,Low,Low,Gluten,"Matta Rice, Toor Dal, Coconut, Curry Leaves",Vegan,,"Keep the starch portion controlled, avoid any added sugar, and pair it with fibre-rich sides. Choose the whole-grain version exactly as prepared and keep the sweeteners off the plate.",30 mins post-meal walk,"Keep rice, banana, jaggery, or other sweet items tightly controlled and monitor glucose response."
955,Kerala,Diabetes,Dinner,"Matta Rice + Sambar (Portion-Controlled, High Fibre)",347,19,46,8,13,High,Low,Medium,Gluten,"Matta Rice, Toor Dal, Mixed Vegetables, Tamarind",Vegan,,"Keep the starch portion controlled, avoid any added sugar, and pair it with fibre-rich sides.",30 mins post-meal walk,"Keep rice, banana, jaggery, or other sweet items tightly controlled and monitor glucose response."
956,Kerala,Diabetes,Dinner,"Matta Rice + Thoran (Griddled, Lean)",248,17,36,4,11,High,Low,Medium,"Gluten, Mustard","Matta Rice, Cabbage, Coconut, Mustard Seeds",Vegan,,"Keep the starch portion controlled, avoid any added sugar, and pair it with fibre-rich sides.",30 mins post-meal walk,"Keep rice, banana, jaggery, or other sweet items tightly controlled and monitor glucose response."
957,Kerala,Diabetes,Dinner,"Pathiri + Kadala Curry (Griddled, Minimal Oil)",335,17,44,7,9,High,Low,Medium,Safe,"Rice Flour, Black Chickpeas, Onion, Ginger, Coconut",Vegan,,"Keep the starch portion controlled, avoid any added sugar, and pair it with fibre-rich sides. This version keeps the seasoning lighter while staying close to the Kerala original.",30 mins post-meal walk,"Keep rice, banana, jaggery, or other sweet items tightly controlled and monitor glucose response."
958,Kerala,Diabetes,Dinner,"Peppered Kanji + Cherupayar Curry (Steamed, Minimal Oil)",335,17,44,7,9,High,Low,Medium,Safe,"Rice, Pepper, Green Gram, Curry Leaves",Vegan,,"Keep the starch portion controlled, avoid any added sugar, and pair it with fibre-rich sides. This version keeps the seasoning lighter while staying close to the Kerala original.",30 mins post-meal walk,"Keep rice, banana, jaggery, or other sweet items tightly controlled and monitor glucose response."
959,Kerala,Diabetes,Dinner,"Puttu + Kadala Curry (Boiled, Minimal Oil)",345,20,43,8,11,High,Low,Medium,Safe,"Rice Flour, Black Chickpeas, Coconut, Curry Leaves",Vegan,,"Keep the starch portion controlled, avoid any added sugar, and pair it with fibre-rich sides. This version keeps the seasoning lighter while staying close to the Kerala original.",30 mins post-meal walk,"Keep rice, banana, jaggery, or other sweet items tightly controlled and monitor glucose response."
960,Kerala,Diabetes,Dinner,"Ragi Puttu + Cherupayar Curry (Portion-Controlled, Minimal Oil)",335,17,44,7,9,Low,Low,Medium,Safe,"Finger Millet, Green Gram, Coconut, Curry Leaves",Vegan,,"Keep the starch portion controlled, avoid any added sugar, and pair it with fibre-rich sides. This version keeps the seasoning lighter while staying close to the Kerala original.",30 mins post-meal walk,"Keep rice, banana, jaggery, or other sweet items tightly controlled and monitor glucose response."
961,Kerala,High Bp,Breakfast,"Appam + Vegetable Stew (Portion-Controlled, No Salt)",255,12,39,4,7,High,Low,Low,Safe,"Rice Flour, Coconut, Mixed Vegetables, Ginger, Curry Leaves",Vegetarian,,"Use very little salt, avoid pickles or salty sides, and flavour with curry leaves, pepper, lemon, or herbs. This version keeps the seasoning lighter while staying close to the Kerala original.",30 mins brisk walk,"Keep salt low and avoid salted pickles, papads, or processed accompaniments."
962,Kerala,High Bp,Breakfast,"Cherupayar Sundal (Steamed, Low Salt)",265,15,38,5,9,Low,Low,Low,Mustard,"Green Gram, Coconut, Curry Leaves, Mustard Seeds",Vegetarian,,"Use very little salt, avoid pickles or salty sides, and flavour with curry leaves, pepper, lemon, or herbs. This version keeps the seasoning lighter while staying close to the Kerala original.",30 mins brisk walk,"Keep salt low and avoid salted pickles, papads, or processed accompaniments."
963,Kerala,High Bp,Breakfast,"Dosa + Sambar (Slow-Simmered, No Salt)",255,12,39,4,7,High,Low,Low,Safe,"Rice, Urad Dal, Toor Dal, Mixed Vegetables",Vegetarian,,"Use very little salt, avoid pickles or salty sides, and flavour with curry leaves, pepper, lemon, or herbs. This version keeps the seasoning lighter while staying close to the Kerala original.",30 mins brisk walk,"Keep salt low and avoid salted pickles, papads, or processed accompaniments."
964,Kerala,High Bp,Breakfast,"Idiyappam + Cherupayar Curry (Boiled, No Salt)",265,15,38,5,9,High,Low,Low,Safe,"Rice Flour, Green Gram, Coconut, Curry Leaves",Vegetarian,,"Use very little salt, avoid pickles or salty sides, and flavour with curry leaves, pepper, lemon, or herbs. This version keeps the seasoning lighter while staying close to the Kerala original.",30 mins brisk walk,"Keep salt low and avoid salted pickles, papads, or processed accompaniments."
965,Kerala,High Bp,Breakfast,Idiyappam + Coconut Milk (No salt),300,15,45,6,8,Medium,Low,Low,Dairy,"Rice Flour, Coconut Milk",Vegetarian,,Serve steamed string hoppers with plain coconut milk.,30 mins light cardio + breathing,Monitor blood pressure daily
966,Kerala,High Bp,Breakfast,Idli (Low salt) + Sambar,300,15,45,6,8,Medium,Low,Low,Safe,"Rice, Toor Dal, Vegetables",Vegetarian,,Omit salt in batter and sambar. Use tamarind for flavor.,30 mins light cardio + breathing,Monitor blood pressure daily
967,Kerala,High Bp,Breakfast,"Idli + Sambar (Griddled, No Salt)",265,15,38,5,9,High,Low,Medium,Safe,"Rice, Urad Dal, Toor Dal, Mixed Vegetables",Vegetarian,,"Use very little salt, avoid pickles or salty sides, and flavour with curry leaves, pepper, lemon, or herbs. This version keeps the seasoning lighter while staying close to the Kerala original.",30 mins brisk walk,"Keep salt low and avoid salted pickles, papads, or processed accompaniments."
968,Kerala,High Bp,Breakfast,"Pathiri + Kadala Curry (Lightly Cooked, No Salt)",255,12,39,4,7,High,Low,Low,Safe,"Rice Flour, Black Chickpeas, Onion, Ginger, Coconut",Vegetarian,,"Use very little salt, avoid pickles or salty sides, and flavour with curry leaves, pepper, lemon, or herbs. This version keeps the seasoning lighter while staying close to the Kerala original.",30 mins brisk walk,"Keep salt low and avoid salted pickles, papads, or processed accompaniments."
969,Kerala,High Bp,Breakfast,"Peppered Kanji + Cherupayar Curry (Fresh, No Salt)",255,12,39,4,7,High,Low,Medium,Safe,"Rice, Pepper, Green Gram, Curry Leaves",Vegetarian,,"Use very little salt, avoid pickles or salty sides, and flavour with curry leaves, pepper, lemon, or herbs. This version keeps the seasoning lighter while staying close to the Kerala original.",30 mins brisk walk,"Keep salt low and avoid salted pickles, papads, or processed accompaniments."
970,Kerala,High Bp,Breakfast,Puttu (No salt) + Cherupayar,300,15,45,6,8,Medium,Low,Low,Safe,"Rice Flour, Green Gram",Vegetarian,,Steam puttu without salt; boil green gram plain.,30 mins light cardio + breathing,Monitor blood pressure daily
971,Kerala,High Bp,Breakfast,"Puttu + Kadala Curry (Steamed, No Salt)",265,15,38,5,9,High,Low,Low,Safe,"Rice Flour, Black Chickpeas, Coconut, Curry Leaves",Vegetarian,,"Use very little salt, avoid pickles or salty sides, and flavour with curry leaves, pepper, lemon, or herbs. This version keeps the seasoning lighter while staying close to the Kerala original.",30 mins brisk walk,"Keep salt low and avoid salted pickles, papads, or processed accompaniments."
972,Kerala,High Bp,Breakfast,Ragi Puttu (No salt) + Banana,300,15,45,6,8,Low,Low,Low,Safe,"Finger Millet, Banana",Vegetarian,,Steam ragi without salt; serve with ripe banana.,30 mins light cardio + breathing,Monitor blood pressure daily
973,Kerala,High Bp,Breakfast,"Ragi Puttu + Cherupayar Curry (Herb-Seasoned, No Salt)",255,12,39,4,7,Low,Low,Low,Safe,"Finger Millet, Green Gram, Coconut, Curry Leaves",Vegetarian,,"Use very little salt, avoid pickles or salty sides, and flavour with curry leaves, pepper, lemon, or herbs. This version keeps the seasoning lighter while staying close to the Kerala original.",30 mins brisk walk,"Keep salt low and avoid salted pickles, papads, or processed accompaniments."
974,Kerala,High Bp,Breakfast,Unsalted Appam + Veg Stew,300,15,45,6,8,Medium,Low,Low,Safe,"Rice Flour, Mixed Vegetables",Vegetarian,,Do not add salt to appam batter or stew.,30 mins light cardio + breathing,Monitor blood pressure daily
975,Kerala,High Bp,Breakfast,Unsalted Dosa + Tomato Chutney,300,15,45,6,8,Medium,Low,Low,Safe,"Rice, Urad Dal, Tomato",Vegetarian,,Cook dosa without salt; use lemon/tomato for chutney flavor.,30 mins light cardio + breathing,Monitor blood pressure daily
976,Kerala,High Bp,Breakfast,Upma (No salt) + Green Peas,300,15,45,6,8,Medium,Low,Low,Gluten,"Semolina, Green Peas",Vegetarian,,Dry roast rava; boil peas without salt.,30 mins light cardio + breathing,Monitor blood pressure daily
977,Kerala,High Bp,Breakfast,"Appam + Chicken Stew (Boiled, Low Salt)",285,23,35,10,6,Medium,Low,Low,Dairy,"Rice Flour, Chicken, Coconut Milk, Onion, Pepper",Non-Vegetarian,Chicken,"Use very little salt, avoid pickles or salty sides, and flavour with curry leaves, pepper, lemon, or herbs. This version keeps the seasoning lighter while staying close to the Kerala original.",30 mins brisk walk,"Keep salt low and avoid salted pickles, papads, or processed accompaniments. Contains Dairy."
978,Kerala,High Bp,Breakfast,"Appam + Fish Moilee (Lightly Cooked, Low Salt)",280,21,35,8,6,High,Low,Low,"Dairy, Fish","Rice Flour, Fish, Coconut Milk, Green Chilli, Curry Leaves",Non-Vegetarian,Fish,"Use very little salt, avoid pickles or salty sides, and flavour with curry leaves, pepper, lemon, or herbs. This version keeps the seasoning lighter while staying close to the Kerala original.",30 mins brisk walk,"Keep salt low and avoid salted pickles, papads, or processed accompaniments. Contains Fish, Dairy."
979,Kerala,High Bp,Breakfast,"Boiled Egg + Pepper (Steamed, Potassium-Rich)",275,19,35,9,9,Low,Low,Low,"Egg, Eggs","Eggs, Black Pepper, Curry Leaves, Salt",Non-Vegetarian,,"Use very little salt, avoid pickles or salty sides, and flavour with curry leaves, pepper, lemon, or herbs. Stay with a sensible serving if you are watching overall intake.",30 mins brisk walk,"Keep salt low and avoid salted pickles, papads, or processed accompaniments. Contains Eggs."
980,Kerala,High Bp,Breakfast,"Egg White Roast (Boiled, Potassium-Rich)",275,19,35,9,9,Low,Low,Low,"Egg, Eggs","Egg Whites, Onion, Tomato, Black Pepper, Curry Leaves",Non-Vegetarian,,"Use very little salt, avoid pickles or salty sides, and flavour with curry leaves, pepper, lemon, or herbs. Stay with a sensible serving if you are watching overall intake.",30 mins brisk walk,"Keep salt low and avoid salted pickles, papads, or processed accompaniments. Contains Eggs."
981,Kerala,High Bp,Breakfast,"Idiyappam + Chicken Curry (Griddled, Low Salt)",285,23,35,10,6,High,Low,Low,Safe,"Rice Flour, Chicken, Onion, Ginger, Coconut",Non-Vegetarian,Chicken,"Use very little salt, avoid pickles or salty sides, and flavour with curry leaves, pepper, lemon, or herbs. This version keeps the seasoning lighter while staying close to the Kerala original.",30 mins brisk walk,"Keep salt low and avoid salted pickles, papads, or processed accompaniments."
982,Kerala,High Bp,Breakfast,"Idiyappam + Egg Roast (Lightly Cooked, Potassium-Rich)",275,19,35,9,9,High,Low,Low,"Egg, Eggs","Rice Flour, Eggs, Onion, Tomato, Coconut Oil",Non-Vegetarian,,"Use very little salt, avoid pickles or salty sides, and flavour with curry leaves, pepper, lemon, or herbs. Stay with a sensible serving if you are watching overall intake.",30 mins brisk walk,"Keep salt low and avoid salted pickles, papads, or processed accompaniments. Contains Eggs."
983,Kerala,High Bp,Breakfast,"Kalappam + Chicken Curry (Portion-Controlled, Potassium-Rich)",285,23,35,10,9,Medium,Low,Medium,Safe,"Rice Flour, Coconut, Chicken, Curry Leaves, Onion",Non-Vegetarian,Chicken,"Use very little salt, avoid pickles or salty sides, and flavour with curry leaves, pepper, lemon, or herbs. Stay with a sensible serving if you are watching overall intake.",30 mins brisk walk,"Keep salt low and avoid salted pickles, papads, or processed accompaniments."
984,Kerala,High Bp,Breakfast,"Kalappam + Fish Curry (Fresh, Low Salt)",280,21,35,8,6,High,Low,Low,Fish,"Rice Flour, Fish, Coconut, Tamarind, Curry Leaves",Non-Vegetarian,Fish,"Use very little salt, avoid pickles or salty sides, and flavour with curry leaves, pepper, lemon, or herbs. This version keeps the seasoning lighter while staying close to the Kerala original.",30 mins brisk walk,"Keep salt low and avoid salted pickles, papads, or processed accompaniments. Contains Fish."
985,Kerala,High Bp,Breakfast,"Kappa + Egg Roast (Steamed, Minimal Oil)",275,19,35,9,6,Low,Low,Low,"Egg, Eggs","Tapioca, Eggs, Onion, Tomato, Coconut Oil",Non-Vegetarian,,"Use very little salt, avoid pickles or salty sides, and flavour with curry leaves, pepper, lemon, or herbs. This version keeps the seasoning lighter while staying close to the Kerala original.",30 mins brisk walk,"Keep salt low and avoid salted pickles, papads, or processed accompaniments. Contains Eggs."
986,Kerala,High Bp,Breakfast,"Kappa Puzhukku + Fish Curry (Herb-Seasoned, Potassium-Rich)",280,21,35,8,9,Low,Low,Low,Fish,"Tapioca, Fish, Coconut, Curry Leaves, Tamarind",Non-Vegetarian,Fish,"Use very little salt, avoid pickles or salty sides, and flavour with curry leaves, pepper, lemon, or herbs. Stay with a sensible serving if you are watching overall intake.",30 mins brisk walk,"Keep salt low and avoid salted pickles, papads, or processed accompaniments. Contains Fish."
987,Kerala,High Bp,Breakfast,"Pathiri + Chicken Curry (Slow-Simmered, Potassium-Rich)",285,23,35,10,9,High,Low,Medium,Safe,"Rice Flour, Chicken, Onion, Ginger, Coconut",Non-Vegetarian,Chicken,"Use very little salt, avoid pickles or salty sides, and flavour with curry leaves, pepper, lemon, or herbs. Stay with a sensible serving if you are watching overall intake.",30 mins brisk walk,"Keep salt low and avoid salted pickles, papads, or processed accompaniments."
988,Kerala,High Bp,Breakfast,"Puttu + Chicken Curry (Herb-Seasoned, Low Salt)",285,23,35,10,6,Medium,Low,Low,Safe,"Rice Flour, Chicken, Onion, Ginger, Curry Leaves",Non-Vegetarian,Chicken,"Use very little salt, avoid pickles or salty sides, and flavour with curry leaves, pepper, lemon, or herbs. This version keeps the seasoning lighter while staying close to the Kerala original.",30 mins brisk walk,"Keep salt low and avoid salted pickles, papads, or processed accompaniments."
989,Kerala,High Bp,Breakfast,"Puttu + Egg Curry (Griddled, Potassium-Rich)",275,19,35,9,9,High,Low,Low,"Egg, Eggs","Rice Flour, Eggs, Onion, Tomato, Coconut",Non-Vegetarian,,"Use very little salt, avoid pickles or salty sides, and flavour with curry leaves, pepper, lemon, or herbs. Stay with a sensible serving if you are watching overall intake.",30 mins brisk walk,"Keep salt low and avoid salted pickles, papads, or processed accompaniments. Contains Eggs."
990,Kerala,High Bp,Breakfast,"Puttu + Fish Curry (Slow-Simmered, Low Salt)",280,21,35,8,6,High,Low,Low,Fish,"Rice Flour, Fish, Coconut, Tamarind, Curry Leaves",Non-Vegetarian,Fish,"Use very little salt, avoid pickles or salty sides, and flavour with curry leaves, pepper, lemon, or herbs. This version keeps the seasoning lighter while staying close to the Kerala original.",30 mins brisk walk,"Keep salt low and avoid salted pickles, papads, or processed accompaniments. Contains Fish."
991,Kerala,High Bp,Breakfast,"Uppumavu + Egg Roast (Fresh, Potassium-Rich)",300,19,35,12,9,Low,Low,Low,"Egg, Eggs, Gluten","Semolina, Eggs, Onion, Curry Leaves",Non-Vegetarian,,"Use very little salt, avoid pickles or salty sides, and flavour with curry leaves, pepper, lemon, or herbs. Stay with a sensible serving if you are watching overall intake.",30 mins brisk walk,"Keep salt low and avoid salted pickles, papads, or processed accompaniments. Contains Eggs, Gluten."
992,Kerala,High Bp,Breakfast,"Wheat Dosa + Fish Curry (Portion-Controlled, Low Salt)",280,21,35,8,6,Low,Low,Low,"Fish, Gluten","Wheat Flour, Fish, Onion, Tamarind, Curry Leaves",Non-Vegetarian,Fish,"Use very little salt, avoid pickles or salty sides, and flavour with curry leaves, pepper, lemon, or herbs. This version keeps the seasoning lighter while staying close to the Kerala original.",30 mins brisk walk,"Keep salt low and avoid salted pickles, papads, or processed accompaniments. Contains Fish, Gluten."
993,Kerala,High Bp,Breakfast,"Appam + Ishtu (Fresh, No Pickle)",255,12,39,4,7,High,Low,Low,Dairy,"Rice Flour, Coconut Milk, Vegetables, Pepper",Vegan,,"Use very little salt, avoid pickles or salty sides, and flavour with curry leaves, pepper, lemon, or herbs.",30 mins brisk walk,"Keep salt low and avoid salted pickles, papads, or processed accompaniments."
994,Kerala,High Bp,Breakfast,"Appam + Vegetable Stew (Fresh, Minimal Oil)",255,12,39,4,7,High,Low,Low,Safe,"Rice Flour, Coconut, Mixed Vegetables, Ginger, Curry Leaves",Vegan,,"Use very little salt, avoid pickles or salty sides, and flavour with curry leaves, pepper, lemon, or herbs. This version keeps the seasoning lighter while staying close to the Kerala original.",30 mins brisk walk,"Keep salt low and avoid salted pickles, papads, or processed accompaniments."
995,Kerala,High Bp,Breakfast,"Cherupayar Sundal (Lightly Cooked, No Pickle)",265,15,38,5,9,Low,Low,Low,Mustard,"Green Gram, Coconut, Curry Leaves, Mustard Seeds",Vegan,,"Use very little salt, avoid pickles or salty sides, and flavour with curry leaves, pepper, lemon, or herbs.",30 mins brisk walk,"Keep salt low and avoid salted pickles, papads, or processed accompaniments."
996,Kerala,High Bp,Breakfast,"Dosa + Sambar (Herb-Seasoned, Minimal Oil)",255,12,39,4,7,High,Low,Low,Safe,"Rice, Urad Dal, Toor Dal, Mixed Vegetables",Vegan,,"Use very little salt, avoid pickles or salty sides, and flavour with curry leaves, pepper, lemon, or herbs. This version keeps the seasoning lighter while staying close to the Kerala original.",30 mins brisk walk,"Keep salt low and avoid salted pickles, papads, or processed accompaniments."
997,Kerala,High Bp,Breakfast,"Idiyappam + Cherupayar Curry (Griddled, Minimal Oil)",265,15,38,5,9,High,Medium,Low,Safe,"Rice Flour, Green Gram, Coconut, Curry Leaves",Vegan,,"Use very little salt, avoid pickles or salty sides, and flavour with curry leaves, pepper, lemon, or herbs. This version keeps the seasoning lighter while staying close to the Kerala original.",30 mins brisk walk,"Keep salt low and avoid salted pickles, papads, or processed accompaniments."
998,Kerala,High Bp,Breakfast,"Idli + Sambar (Portion-Controlled, Minimal Oil)",265,15,38,5,9,High,Low,Low,Safe,"Rice, Urad Dal, Toor Dal, Mixed Vegetables",Vegan,,"Use very little salt, avoid pickles or salty sides, and flavour with curry leaves, pepper, lemon, or herbs. This version keeps the seasoning lighter while staying close to the Kerala original.",30 mins brisk walk,"Keep salt low and avoid salted pickles, papads, or processed accompaniments."
999,Kerala,High Bp,Breakfast,"Kadala Sundal (Griddled, No Pickle)",265,15,38,5,9,Low,Medium,Low,Mustard,"Black Chickpeas, Coconut, Curry Leaves, Mustard Seeds",Vegan,,"Use very little salt, avoid pickles or salty sides, and flavour with curry leaves, pepper, lemon, or herbs.",30 mins brisk walk,"Keep salt low and avoid salted pickles, papads, or processed accompaniments."
1000,Kerala,High Bp,Breakfast,"Kalappam + Kadala Curry (Boiled, Balanced Portion)",255,12,39,4,7,High,Low,Low,Safe,"Rice Flour, Coconut, Black Chickpeas, Onion",Vegan,,"Use very little salt, avoid pickles or salty sides, and flavour with curry leaves, pepper, lemon, or herbs.",30 mins brisk walk,"Keep salt low and avoid salted pickles, papads, or processed accompaniments."
1001,Kerala,High Bp,Breakfast,"Kappa Puzhukku + Kadala Curry (Lightly Cooked, Balanced Portion)",270,13,43,6,8,Low,Low,Low,Safe,"Tapioca, Black Chickpeas, Coconut, Curry Leaves",Vegan,,"Use very little salt, avoid pickles or salty sides, and flavour with curry leaves, pepper, lemon, or herbs.",30 mins brisk walk,"Keep salt low and avoid salted pickles, papads, or processed accompaniments."
1002,Kerala,High Bp,Breakfast,"Karikku Dosa + Coconut Chutney (Portion-Controlled, No Pickle)",255,12,39,4,7,High,Low,Low,Safe,"Rice, Tender Coconut, Coconut, Green Chilli, Curry Leaves",Vegan,,"Use very little salt, avoid pickles or salty sides, and flavour with curry leaves, pepper, lemon, or herbs.",30 mins brisk walk,"Keep salt low and avoid salted pickles, papads, or processed accompaniments."
1003,Kerala,High Bp,Breakfast,"Pathiri + Kadala Curry (Slow-Simmered, Minimal Oil)",255,12,39,4,7,High,Low,Low,Safe,"Rice Flour, Black Chickpeas, Onion, Ginger, Coconut",Vegan,,"Use very little salt, avoid pickles or salty sides, and flavour with curry leaves, pepper, lemon, or herbs. This version keeps the seasoning lighter while staying close to the Kerala original.",30 mins brisk walk,"Keep salt low and avoid salted pickles, papads, or processed accompaniments."
1004,Kerala,High Bp,Breakfast,"Pathiri + Vegetable Kurma (Slow-Simmered, No Pickle)",255,12,39,4,7,High,Low,Low,Safe,"Rice Flour, Mixed Vegetables, Coconut, Cumin",Vegan,,"Use very little salt, avoid pickles or salty sides, and flavour with curry leaves, pepper, lemon, or herbs.",30 mins brisk walk,"Keep salt low and avoid salted pickles, papads, or processed accompaniments."
1005,Kerala,High Bp,Breakfast,"Peppered Kanji + Cherupayar Curry (Boiled, No Pickle)",255,12,39,4,7,High,Low,Low,Safe,"Rice, Pepper, Green Gram, Curry Leaves",Vegan,,"Use very little salt, avoid pickles or salty sides, and flavour with curry leaves, pepper, lemon, or herbs.",30 mins brisk walk,"Keep salt low and avoid salted pickles, papads, or processed accompaniments."
1006,Kerala,High Bp,Breakfast,"Puttu + Kadala Curry (Lightly Cooked, Minimal Oil)",265,15,38,5,9,High,Low,Low,Safe,"Rice Flour, Black Chickpeas, Coconut, Curry Leaves",Vegan,,"Use very little salt, avoid pickles or salty sides, and flavour with curry leaves, pepper, lemon, or herbs. This version keeps the seasoning lighter while staying close to the Kerala original.",30 mins brisk walk,"Keep salt low and avoid salted pickles, papads, or processed accompaniments."
1007,Kerala,High Bp,Breakfast,"Ragi Puttu + Cherupayar Curry (Steamed, No Pickle)",255,12,39,4,7,Low,Medium,Low,Safe,"Finger Millet, Green Gram, Coconut, Curry Leaves",Vegan,,"Use very little salt, avoid pickles or salty sides, and flavour with curry leaves, pepper, lemon, or herbs.",30 mins brisk walk,"Keep salt low and avoid salted pickles, papads, or processed accompaniments."
1008,Kerala,High Bp,Breakfast,"Uppumavu + Green Peas Curry (Herb-Seasoned, No Pickle)",255,12,39,4,7,Low,Low,Low,"Gluten, Mustard","Semolina, Green Peas, Onion, Mustard Seeds, Curry Leaves",Vegan,,"Use very little salt, avoid pickles or salty sides, and flavour with curry leaves, pepper, lemon, or herbs.",30 mins brisk walk,"Keep salt low and avoid salted pickles, papads, or processed accompaniments. Contains Gluten."
1009,Kerala,High Bp,Lunch,"Appam + Vegetable Stew (Steamed, With Greens)",405,20,54,8,12,High,Medium,Low,Safe,"Rice Flour, Coconut, Mixed Vegetables, Ginger, Curry Leaves",Vegetarian,,"Use very little salt, avoid pickles or salty sides, and flavour with curry leaves, pepper, lemon, or herbs.",25 mins yoga or walk,"Keep salt low and avoid salted pickles, papads, or processed accompaniments."
1010,Kerala,High Bp,Lunch,"Idiyappam + Cherupayar Curry (Slow-Simmered, Balanced Portion)",415,23,53,9,11,High,Low,Low,Safe,"Rice Flour, Green Gram, Coconut, Curry Leaves",Vegetarian,,"Use very little salt, avoid pickles or salty sides, and flavour with curry leaves, pepper, lemon, or herbs.",25 mins yoga or walk,"Keep salt low and avoid salted pickles, papads, or processed accompaniments."
1011,Kerala,High Bp,Lunch,"Idli + Sambar (Herb-Seasoned, Balanced Portion)",415,23,53,9,11,High,Low,Low,Safe,"Rice, Urad Dal, Toor Dal, Mixed Vegetables",Vegetarian,,"Use very little salt, avoid pickles or salty sides, and flavour with curry leaves, pepper, lemon, or herbs.",25 mins yoga or walk,"Keep salt low and avoid salted pickles, papads, or processed accompaniments."
1012,Kerala,High Bp,Lunch,Matta Rice + Kalan + Vendakka,400,20,55,11,10,High,Low,Low,"Dairy, Gluten","Matta Rice, Yogurt, Raw Banana, Okra",Vegetarian,,Rich yogurt masks salt absence. Sauté okra plain.,30 mins light cardio + breathing,Monitor blood pressure daily
1013,Kerala,High Bp,Lunch,"Matta Rice + Mezhukkupuratti (Slow-Simmered, With Greens)",327,20,46,7,14,High,Low,Low,Gluten,"Matta Rice, Beans, Shallots, Coconut Oil, Curry Leaves",Vegetarian,,"Use very little salt, avoid pickles or salty sides, and flavour with curry leaves, pepper, lemon, or herbs.",25 mins yoga or walk,"Keep salt low and avoid salted pickles, papads, or processed accompaniments."
1014,Kerala,High Bp,Lunch,Matta Rice + Olan + Kumbalanga Thoran,400,20,55,11,10,High,Low,Low,Gluten,"Matta Rice, Ashgourd, Black Eyed Peas",Vegetarian,,Olan with coconut milk is naturally flavorful without salt.,30 mins light cardio + breathing,Monitor blood pressure daily
1015,Kerala,High Bp,Lunch,Matta Rice + Parippu (Low salt) + Cheera Thoran,400,20,55,11,10,High,Low,Low,Gluten,"Matta Rice, Moong Dal, Spinach",Vegetarian,,Spinach provides natural sodium; don't add extra salt.,30 mins light cardio + breathing,Monitor blood pressure daily
1016,Kerala,High Bp,Lunch,"Matta Rice + Sambar (Fresh, Balanced Portion)",442,22,56,12,10,High,Low,Low,Gluten,"Matta Rice, Toor Dal, Mixed Vegetables, Tamarind",Vegetarian,,"Use very little salt, avoid pickles or salty sides, and flavour with curry leaves, pepper, lemon, or herbs.",25 mins yoga or walk,"Keep salt low and avoid salted pickles, papads, or processed accompaniments."
1017,Kerala,High Bp,Lunch,Matta Rice + Sambar (Low salt) + Cabbage Thoran,400,20,55,11,10,High,Low,Low,Gluten,"Matta Rice, Toor Dal, Cabbage",Vegetarian,,Use extra tamarind and spices instead of salt.,30 mins light cardio + breathing,Monitor blood pressure daily
1018,Kerala,High Bp,Lunch,"Matta Rice + Thoran (Griddled, With Greens)",327,20,46,7,14,High,Medium,Low,"Gluten, Mustard","Matta Rice, Cabbage, Coconut, Mustard Seeds",Vegetarian,,"Use very little salt, avoid pickles or salty sides, and flavour with curry leaves, pepper, lemon, or herbs.",25 mins yoga or walk,"Keep salt low and avoid salted pickles, papads, or processed accompaniments."
1019,Kerala,High Bp,Lunch,Matta Rice + Unsalted Moru Curry + Ashgourd Thoran,400,20,55,11,10,High,Low,Low,"Dairy, Gluten","Matta Rice, Yogurt, Ashgourd",Vegetarian,,Sour yogurt masks lack of salt. Steam ashgourd.,30 mins light cardio + breathing,Monitor blood pressure daily
1020,Kerala,High Bp,Lunch,"Pathiri + Kadala Curry (Portion-Controlled, Balanced Portion)",405,20,54,8,9,High,Low,Low,Safe,"Rice Flour, Black Chickpeas, Onion, Ginger, Coconut",Vegetarian,,"Use very little salt, avoid pickles or salty sides, and flavour with curry leaves, pepper, lemon, or herbs.",25 mins yoga or walk,"Keep salt low and avoid salted pickles, papads, or processed accompaniments."
1021,Kerala,High Bp,Lunch,"Pathiri + Vegetable Kurma (Portion-Controlled, With Greens)",405,20,54,8,12,High,Low,Medium,Safe,"Rice Flour, Mixed Vegetables, Coconut, Cumin",Vegetarian,,"Use very little salt, avoid pickles or salty sides, and flavour with curry leaves, pepper, lemon, or herbs.",25 mins yoga or walk,"Keep salt low and avoid salted pickles, papads, or processed accompaniments."
1022,Kerala,High Bp,Lunch,"Peppered Kanji + Cherupayar Curry (Lightly Cooked, With Greens)",405,20,54,8,12,High,Low,Low,Safe,"Rice, Pepper, Green Gram, Curry Leaves",Vegetarian,,"Use very little salt, avoid pickles or salty sides, and flavour with curry leaves, pepper, lemon, or herbs.",25 mins yoga or walk,"Keep salt low and avoid salted pickles, papads, or processed accompaniments."
1023,Kerala,High Bp,Lunch,"Puttu + Kadala Curry (Griddled, Balanced Portion)",415,23,53,9,11,High,Medium,Low,Safe,"Rice Flour, Black Chickpeas, Coconut, Curry Leaves",Vegetarian,,"Use very little salt, avoid pickles or salty sides, and flavour with curry leaves, pepper, lemon, or herbs.",25 mins yoga or walk,"Keep salt low and avoid salted pickles, papads, or processed accompaniments."
1024,Kerala,High Bp,Lunch,"Ragi Puttu + Cherupayar Curry (Boiled, With Greens)",405,20,54,8,12,Low,Low,Low,Safe,"Finger Millet, Green Gram, Coconut, Curry Leaves",Vegetarian,,"Use very little salt, avoid pickles or salty sides, and flavour with curry leaves, pepper, lemon, or herbs.",25 mins yoga or walk,"Keep salt low and avoid salted pickles, papads, or processed accompaniments."
1025,Kerala,High Bp,Lunch,"Appam + Fish Moilee (Steamed, Heart-Friendly)",430,29,50,12,8,High,Low,Low,"Dairy, Fish","Rice Flour, Fish, Coconut Milk, Green Chilli, Curry Leaves",Non-Vegetarian,Fish,"Use very little salt, avoid pickles or salty sides, and flavour with curry leaves, pepper, lemon, or herbs.",25 mins yoga or walk,"Keep salt low and avoid salted pickles, papads, or processed accompaniments. Contains Fish, Dairy."
1026,Kerala,High Bp,Lunch,"Chicken Pepper Fry (Fresh, With Greens)",460,31,50,17,11,Low,Low,Low,Safe,"Chicken, Black Pepper, Curry Leaves, Shallots, Coconut Oil",Non-Vegetarian,Chicken,"Use very little salt, avoid pickles or salty sides, and flavour with curry leaves, pepper, lemon, or herbs.",25 mins yoga or walk,"Keep salt low and avoid salted pickles, papads, or processed accompaniments."
1027,Kerala,High Bp,Lunch,"Fish Fry (Tawa Roasted) (Herb-Seasoned, With Greens)",430,29,50,12,11,Low,Low,Low,Fish,"Fish, Pepper, Lemon, Curry Leaves, Coconut Oil",Non-Vegetarian,Fish,"Use very little salt, avoid pickles or salty sides, and flavour with curry leaves, pepper, lemon, or herbs.",25 mins yoga or walk,"Keep salt low and avoid salted pickles, papads, or processed accompaniments. Contains Fish."
1028,Kerala,High Bp,Lunch,"Fish Mappas + Rice (Steamed, No Salt)",430,29,50,12,8,High,Low,Low,"Dairy, Fish","Fish, Rice, Coconut Milk, Shallots, Spices",Non-Vegetarian,Fish,"Use very little salt, avoid pickles or salty sides, and flavour with curry leaves, pepper, lemon, or herbs. This version keeps the seasoning lighter while staying close to the Kerala original.",25 mins yoga or walk,"Keep salt low and avoid salted pickles, papads, or processed accompaniments. Contains Fish, Dairy."
1029,Kerala,High Bp,Lunch,"Kappa + Fish Curry (Fresh, Heart-Friendly)",430,29,50,12,8,Low,Low,Low,Fish,"Tapioca, Fish, Coconut, Tamarind, Curry Leaves",Non-Vegetarian,Fish,"Use very little salt, avoid pickles or salty sides, and flavour with curry leaves, pepper, lemon, or herbs.",25 mins yoga or walk,"Keep salt low and avoid salted pickles, papads, or processed accompaniments. Contains Fish."
1030,Kerala,High Bp,Lunch,"Kappa + Meen Mulakittathu (Herb-Seasoned, Heart-Friendly)",430,29,50,12,8,Low,Low,Low,Fish,"Tapioca, Fish, Chilli Powder, Tamarind, Curry Leaves",Non-Vegetarian,Fish,"Use very little salt, avoid pickles or salty sides, and flavour with curry leaves, pepper, lemon, or herbs.",25 mins yoga or walk,"Keep salt low and avoid salted pickles, papads, or processed accompaniments. Contains Fish."
1031,Kerala,High Bp,Lunch,"Karimeen Pollichathu + Rice (Boiled, No Salt)",430,29,50,12,8,High,Low,Low,Fish,"Karimeen, Rice, Banana Leaf, Coconut, Spices",Non-Vegetarian,Fish,"Use very little salt, avoid pickles or salty sides, and flavour with curry leaves, pepper, lemon, or herbs. This version keeps the seasoning lighter while staying close to the Kerala original.",25 mins yoga or walk,"Keep salt low and avoid salted pickles, papads, or processed accompaniments. Contains Fish."
1032,Kerala,High Bp,Lunch,"Matta Rice + Alleppey Fish Curry (Slow-Simmered, Heart-Friendly)",430,29,50,12,8,High,Low,Low,"Fish, Gluten","Matta Rice, Fish, Kudampuli, Coconut, Curry Leaves",Non-Vegetarian,Fish,"Use very little salt, avoid pickles or salty sides, and flavour with curry leaves, pepper, lemon, or herbs.",25 mins yoga or walk,"Keep salt low and avoid salted pickles, papads, or processed accompaniments. Contains Fish."
1033,Kerala,High Bp,Lunch,Matta Rice + Chicken Stew + Carrot Thoran,400,20,55,11,10,High,Low,Low,Gluten,"Matta Rice, Chicken, Carrot",Non-Vegetarian,chicken,Stew chicken with pepper and herbs; zero salt.,30 mins light cardio + breathing,Monitor blood pressure daily
1034,Kerala,High Bp,Lunch,"Matta Rice + Fish Moilee (Portion-Controlled, Heart-Friendly)",430,29,50,12,8,High,Low,Low,"Dairy, Fish, Gluten","Matta Rice, Fish, Coconut Milk, Onion, Curry Leaves",Non-Vegetarian,Fish,"Use very little salt, avoid pickles or salty sides, and flavour with curry leaves, pepper, lemon, or herbs.",25 mins yoga or walk,"Keep salt low and avoid salted pickles, papads, or processed accompaniments. Contains Fish, Dairy."
1035,Kerala,High Bp,Lunch,"Matta Rice + Kerala Fish Curry (Griddled, Heart-Friendly)",430,29,50,12,8,High,Low,Low,"Fish, Gluten","Matta Rice, Fish, Tamarind, Coconut, Curry Leaves",Non-Vegetarian,Fish,"Use very little salt, avoid pickles or salty sides, and flavour with curry leaves, pepper, lemon, or herbs.",25 mins yoga or walk,"Keep salt low and avoid salted pickles, papads, or processed accompaniments. Contains Fish."
1036,Kerala,High Bp,Lunch,Matta Rice + Meen Curry (Low salt) + Beans,400,20,55,11,10,High,Low,Low,"Fish, Gluten","Matta Rice, Fish, Green Beans",Non-Vegetarian,fish,Cook fish with kokum/tamarind to replace salt flavor.,30 mins light cardio + breathing,Monitor blood pressure daily
1037,Kerala,High Bp,Lunch,"Puttu + Chicken Curry (Lightly Cooked, Heart-Friendly)",435,31,50,14,8,Medium,Low,Low,Safe,"Rice Flour, Chicken, Onion, Ginger, Curry Leaves",Non-Vegetarian,Chicken,"Use very little salt, avoid pickles or salty sides, and flavour with curry leaves, pepper, lemon, or herbs.",25 mins yoga or walk,"Keep salt low and avoid salted pickles, papads, or processed accompaniments."
1038,Kerala,High Bp,Lunch,"Puttu + Egg Curry (Griddled, No Salt)",425,27,50,13,8,High,Low,Low,"Egg, Eggs","Rice Flour, Eggs, Onion, Tomato, Coconut",Non-Vegetarian,,"Use very little salt, avoid pickles or salty sides, and flavour with curry leaves, pepper, lemon, or herbs. This version keeps the seasoning lighter while staying close to the Kerala original.",25 mins yoga or walk,"Keep salt low and avoid salted pickles, papads, or processed accompaniments. Contains Eggs."
1039,Kerala,High Bp,Lunch,"Puttu + Fish Curry (Boiled, Heart-Friendly)",430,29,50,12,8,High,Low,Low,Fish,"Rice Flour, Fish, Coconut, Tamarind, Curry Leaves",Non-Vegetarian,Fish,"Use very little salt, avoid pickles or salty sides, and flavour with curry leaves, pepper, lemon, or herbs.",25 mins yoga or walk,"Keep salt low and avoid salted pickles, papads, or processed accompaniments. Contains Fish."
1040,Kerala,High Bp,Lunch,"Seer Fish Molee + Rice (Lightly Cooked, No Salt)",430,29,50,12,8,High,Low,Low,"Dairy, Fish","Seer Fish, Rice, Coconut Milk, Green Chilli, Curry Leaves",Non-Vegetarian,Fish,"Use very little salt, avoid pickles or salty sides, and flavour with curry leaves, pepper, lemon, or herbs. This version keeps the seasoning lighter while staying close to the Kerala original.",25 mins yoga or walk,"Keep salt low and avoid salted pickles, papads, or processed accompaniments. Contains Fish, Dairy."
1041,Kerala,High Bp,Lunch,"Appam + Vegetable Stew (Boiled, Low Salt)",405,20,54,8,9,High,Low,Low,Safe,"Rice Flour, Coconut, Mixed Vegetables, Ginger, Curry Leaves",Vegan,,"Use very little salt, avoid pickles or salty sides, and flavour with curry leaves, pepper, lemon, or herbs. This version keeps the seasoning lighter while staying close to the Kerala original.",25 mins yoga or walk,"Keep salt low and avoid salted pickles, papads, or processed accompaniments."
1042,Kerala,High Bp,Lunch,"Cucumber Salad (Fresh, Low Salt)",302,18,44,6,8,Low,Low,Low,Safe,"Cucumber, Onion, Lemon, Curry Leaves",Vegan,,"Use very little salt, avoid pickles or salty sides, and flavour with curry leaves, pepper, lemon, or herbs. This version keeps the seasoning lighter while staying close to the Kerala original.",25 mins yoga or walk,"Keep salt low and avoid salted pickles, papads, or processed accompaniments."
1043,Kerala,High Bp,Lunch,"Idiyappam + Cherupayar Curry (Portion-Controlled, No Salt)",415,23,53,9,11,High,Low,Low,Safe,"Rice Flour, Green Gram, Coconut, Curry Leaves",Vegan,,"Use very little salt, avoid pickles or salty sides, and flavour with curry leaves, pepper, lemon, or herbs. This version keeps the seasoning lighter while staying close to the Kerala original.",25 mins yoga or walk,"Keep salt low and avoid salted pickles, papads, or processed accompaniments."
1044,Kerala,High Bp,Lunch,"Idli + Sambar (Fresh, No Salt)",415,23,53,9,11,High,Low,Low,Safe,"Rice, Urad Dal, Toor Dal, Mixed Vegetables",Vegan,,"Use very little salt, avoid pickles or salty sides, and flavour with curry leaves, pepper, lemon, or herbs. This version keeps the seasoning lighter while staying close to the Kerala original.",25 mins yoga or walk,"Keep salt low and avoid salted pickles, papads, or processed accompaniments."
1045,Kerala,High Bp,Lunch,"Kappa + Vegetable Stew (Lightly Cooked, Potassium-Rich)",420,21,58,10,13,Low,Low,Low,Dairy,"Tapioca, Mixed Vegetables, Coconut Milk, Curry Leaves",Vegan,,"Use very little salt, avoid pickles or salty sides, and flavour with curry leaves, pepper, lemon, or herbs. Stay with a sensible serving if you are watching overall intake.",25 mins yoga or walk,"Keep salt low and avoid salted pickles, papads, or processed accompaniments."
1046,Kerala,High Bp,Lunch,"Matta Rice + Koottu Curry (Boiled, Potassium-Rich)",327,20,46,7,14,High,Low,Low,Gluten,"Matta Rice, Yam, Plantain, Black Chickpeas, Coconut",Vegan,,"Use very little salt, avoid pickles or salty sides, and flavour with curry leaves, pepper, lemon, or herbs. Stay with a sensible serving if you are watching overall intake.",25 mins yoga or walk,"Keep salt low and avoid salted pickles, papads, or processed accompaniments."
1047,Kerala,High Bp,Lunch,"Matta Rice + Mezhukkupuratti (Portion-Controlled, Low Salt)",327,20,46,7,11,High,Low,Medium,Gluten,"Matta Rice, Beans, Shallots, Coconut Oil, Curry Leaves",Vegan,,"Use very little salt, avoid pickles or salty sides, and flavour with curry leaves, pepper, lemon, or herbs. This version keeps the seasoning lighter while staying close to the Kerala original.",25 mins yoga or walk,"Keep salt low and avoid salted pickles, papads, or processed accompaniments."
1048,Kerala,High Bp,Lunch,"Matta Rice + Parippu Curry (Steamed, Potassium-Rich)",417,22,56,9,13,High,Medium,Low,Gluten,"Matta Rice, Toor Dal, Coconut, Curry Leaves",Vegan,,"Use very little salt, avoid pickles or salty sides, and flavour with curry leaves, pepper, lemon, or herbs. Stay with a sensible serving if you are watching overall intake.",25 mins yoga or walk,"Keep salt low and avoid salted pickles, papads, or processed accompaniments."
1049,Kerala,High Bp,Lunch,"Matta Rice + Sambar (Steamed, Low Salt)",417,22,56,9,10,High,Low,Low,Gluten,"Matta Rice, Toor Dal, Mixed Vegetables, Tamarind",Vegan,,"Use very little salt, avoid pickles or salty sides, and flavour with curry leaves, pepper, lemon, or herbs. This version keeps the seasoning lighter while staying close to the Kerala original.",25 mins yoga or walk,"Keep salt low and avoid salted pickles, papads, or processed accompaniments."
1050,Kerala,High Bp,Lunch,"Matta Rice + Thoran (Slow-Simmered, Low Salt)",327,20,46,7,11,High,Low,Low,"Gluten, Mustard","Matta Rice, Cabbage, Coconut, Mustard Seeds",Vegan,,"Use very little salt, avoid pickles or salty sides, and flavour with curry leaves, pepper, lemon, or herbs. This version keeps the seasoning lighter while staying close to the Kerala original.",25 mins yoga or walk,"Keep salt low and avoid salted pickles, papads, or processed accompaniments."
1051,Kerala,High Bp,Lunch,"Olan (Griddled, Potassium-Rich)",327,20,46,7,14,Low,Low,Low,Dairy,"Ash Gourd, Black Eyed Peas, Coconut Milk, Green Chillies",Vegan,,"Use very little salt, avoid pickles or salty sides, and flavour with curry leaves, pepper, lemon, or herbs. Stay with a sensible serving if you are watching overall intake.",25 mins yoga or walk,"Keep salt low and avoid salted pickles, papads, or processed accompaniments."
1052,Kerala,High Bp,Lunch,"Pathiri + Kadala Curry (Herb-Seasoned, No Salt)",405,20,54,8,9,High,Low,Low,Safe,"Rice Flour, Black Chickpeas, Onion, Ginger, Coconut",Vegan,,"Use very little salt, avoid pickles or salty sides, and flavour with curry leaves, pepper, lemon, or herbs. This version keeps the seasoning lighter while staying close to the Kerala original.",25 mins yoga or walk,"Keep salt low and avoid salted pickles, papads, or processed accompaniments."
1053,Kerala,High Bp,Lunch,"Pathiri + Vegetable Kurma (Herb-Seasoned, Low Salt)",405,20,54,8,9,High,Low,Medium,Safe,"Rice Flour, Mixed Vegetables, Coconut, Cumin",Vegan,,"Use very little salt, avoid pickles or salty sides, and flavour with curry leaves, pepper, lemon, or herbs. This version keeps the seasoning lighter while staying close to the Kerala original.",25 mins yoga or walk,"Keep salt low and avoid salted pickles, papads, or processed accompaniments."
1054,Kerala,High Bp,Lunch,"Peppered Kanji + Cherupayar Curry (Griddled, Low Salt)",405,20,54,8,9,High,Low,Low,Safe,"Rice, Pepper, Green Gram, Curry Leaves",Vegan,,"Use very little salt, avoid pickles or salty sides, and flavour with curry leaves, pepper, lemon, or herbs. This version keeps the seasoning lighter while staying close to the Kerala original.",25 mins yoga or walk,"Keep salt low and avoid salted pickles, papads, or processed accompaniments."
1055,Kerala,High Bp,Lunch,"Puttu + Kadala Curry (Slow-Simmered, No Salt)",415,23,53,9,11,High,Low,Low,Safe,"Rice Flour, Black Chickpeas, Coconut, Curry Leaves",Vegan,,"Use very little salt, avoid pickles or salty sides, and flavour with curry leaves, pepper, lemon, or herbs. This version keeps the seasoning lighter while staying close to the Kerala original.",25 mins yoga or walk,"Keep salt low and avoid salted pickles, papads, or processed accompaniments."
1056,Kerala,High Bp,Lunch,"Ragi Puttu + Cherupayar Curry (Lightly Cooked, Low Salt)",405,20,54,8,9,Low,Low,Low,Safe,"Finger Millet, Green Gram, Coconut, Curry Leaves",Vegan,,"Use very little salt, avoid pickles or salty sides, and flavour with curry leaves, pepper, lemon, or herbs. This version keeps the seasoning lighter while staying close to the Kerala original.",25 mins yoga or walk,"Keep salt low and avoid salted pickles, papads, or processed accompaniments."
1057,Kerala,High Bp,Snack,"Cherupayar Sundal (Griddled, Minimal Oil)",145,10,21,1,7,Low,Low,Low,Mustard,"Green Gram, Coconut, Curry Leaves, Mustard Seeds",Vegetarian,,"Use very little salt, avoid pickles or salty sides, and flavour with curry leaves, pepper, lemon, or herbs. This version keeps the seasoning lighter while staying close to the Kerala original.",20 mins breathing exercises,"Keep salt low and avoid salted pickles, papads, or processed accompaniments."
1058,Kerala,High Bp,Snack,"Cherupayar Sundal (Portion-Controlled, Potassium-Rich)",145,10,21,1,10,Low,Medium,Medium,Mustard,"Green Gram, Coconut, Curry Leaves, Mustard Seeds",Vegetarian,,"Use very little salt, avoid pickles or salty sides, and flavour with curry leaves, pepper, lemon, or herbs. Stay with a sensible serving if you are watching overall intake.",20 mins breathing exercises,"Keep salt low and avoid salted pickles, papads, or processed accompaniments."
1059,Kerala,High Bp,Snack,"Cucumber Salad (Fresh, Potassium-Rich)",77,5,12,1,7,Low,Low,Low,Safe,"Cucumber, Onion, Lemon, Curry Leaves",Vegetarian,,"Use very little salt, avoid pickles or salty sides, and flavour with curry leaves, pepper, lemon, or herbs. Stay with a sensible serving if you are watching overall intake.",20 mins breathing exercises,"Keep salt low and avoid salted pickles, papads, or processed accompaniments."
1060,Kerala,High Bp,Snack,Fresh Coconut Water,150,5,20,5,5,Low,Low,Low,Safe,Coconut Water,Vegetarian,,Drink fresh from the nut. High potassium lowers BP.,30 mins light cardio + breathing,Monitor blood pressure daily
1061,Kerala,High Bp,Snack,Fresh Salad,150,5,20,5,5,Low,Low,Low,Safe,"Cucumber, Carrot, Tomato",Vegetarian,,Serve raw without any dressing or salt.,30 mins light cardio + breathing,Monitor blood pressure daily
1062,Kerala,High Bp,Snack,"Kadala Sundal (Herb-Seasoned, Potassium-Rich)",145,10,21,1,10,Low,Low,Medium,Mustard,"Black Chickpeas, Coconut, Curry Leaves, Mustard Seeds",Vegetarian,,"Use very little salt, avoid pickles or salty sides, and flavour with curry leaves, pepper, lemon, or herbs. Stay with a sensible serving if you are watching overall intake.",20 mins breathing exercises,"Keep salt low and avoid salted pickles, papads, or processed accompaniments."
1063,Kerala,High Bp,Snack,"Kadala Sundal (Slow-Simmered, Minimal Oil)",145,10,21,1,7,Low,Low,Low,Mustard,"Black Chickpeas, Coconut, Curry Leaves, Mustard Seeds",Vegetarian,,"Use very little salt, avoid pickles or salty sides, and flavour with curry leaves, pepper, lemon, or herbs. This version keeps the seasoning lighter while staying close to the Kerala original.",20 mins breathing exercises,"Keep salt low and avoid salted pickles, papads, or processed accompaniments."
1064,Kerala,High Bp,Snack,"Roasted Peanuts (Lightly Cooked, Minimal Oil)",77,5,12,1,4,Low,Low,Low,"Peanut, Peanuts","Peanuts, Curry Leaves, Salt",Vegetarian,,"Use very little salt, avoid pickles or salty sides, and flavour with curry leaves, pepper, lemon, or herbs. This version keeps the seasoning lighter while staying close to the Kerala original.",20 mins breathing exercises,"Keep salt low and avoid salted pickles, papads, or processed accompaniments. Contains Peanuts."
1065,Kerala,High Bp,Snack,"Roasted Peanuts (Slow-Simmered, Potassium-Rich)",77,5,12,1,7,Low,Low,Low,"Peanut, Peanuts","Peanuts, Curry Leaves, Salt",Vegetarian,,"Use very little salt, avoid pickles or salty sides, and flavour with curry leaves, pepper, lemon, or herbs. Stay with a sensible serving if you are watching overall intake.",20 mins breathing exercises,"Keep salt low and avoid salted pickles, papads, or processed accompaniments. Contains Peanuts."
1066,Kerala,High Bp,Snack,Salt-free Sundal,150,5,20,5,5,Low,Low,Low,Safe,Chickpeas,Vegetarian,,Boil plain.,30 mins light cardio + breathing,Monitor blood pressure daily
1067,Kerala,High Bp,Snack,Sprouted Gram (No salt),150,5,20,5,5,Low,Low,Low,Safe,Green Gram Sprouts,Vegetarian,,Steam and toss with lemon juice only.,30 mins light cardio + breathing,Monitor blood pressure daily
1068,Kerala,High Bp,Snack,Steamed Plantain,150,5,20,5,5,Medium,Low,Low,Safe,Plantain,Vegetarian,,Steam ripe plantain plain.,30 mins light cardio + breathing,Monitor blood pressure daily
1069,Kerala,High Bp,Snack,"Tender Coconut (Boiled, Minimal Oil)",77,5,12,1,4,Low,Low,Low,Safe,"Tender Coconut Water, Tender Coconut Flesh",Vegetarian,,"Use very little salt, avoid pickles or salty sides, and flavour with curry leaves, pepper, lemon, or herbs. This version keeps the seasoning lighter while staying close to the Kerala original.",20 mins breathing exercises,"Keep salt low and avoid salted pickles, papads, or processed accompaniments."
1070,Kerala,High Bp,Snack,Unsalted Cashews,150,5,20,5,5,Low,Low,Low,"Nut, Nuts",Cashews,Vegetarian,,Consume raw or dry roasted.,30 mins light cardio + breathing,Monitor blood pressure daily
1071,Kerala,High Bp,Snack,Unsalted Peanuts,150,5,20,5,5,Low,Low,Low,"Peanut, Peanuts",Peanuts,Vegetarian,,Dry roast raw peanuts. Ensure absolutely no salt.,30 mins light cardio + breathing,Monitor blood pressure daily
1072,Kerala,High Bp,Snack,"Vishu Katta + Vegetable Curry (Steamed, Minimal Oil)",135,7,22,1,5,High,Medium,Low,Safe,"Rice Flour, Cumin, Vegetables, Curry Leaves",Vegetarian,,"Use very little salt, avoid pickles or salty sides, and flavour with curry leaves, pepper, lemon, or herbs. This version keeps the seasoning lighter while staying close to the Kerala original.",20 mins breathing exercises,"Keep salt low and avoid salted pickles, papads, or processed accompaniments."
1073,Kerala,High Bp,Snack,"Boiled Egg + Pepper (Griddled, No Pickle)",155,14,18,5,4,Low,Low,Low,"Egg, Eggs","Eggs, Black Pepper, Curry Leaves, Salt",Non-Vegetarian,,"Use very little salt, avoid pickles or salty sides, and flavour with curry leaves, pepper, lemon, or herbs.",20 mins breathing exercises,"Keep salt low and avoid salted pickles, papads, or processed accompaniments. Contains Eggs."
1074,Kerala,High Bp,Snack,"Boiled Egg + Pepper (Lightly Cooked, Balanced Portion)",155,14,18,5,4,Low,Low,Low,"Egg, Eggs","Eggs, Black Pepper, Curry Leaves, Salt",Non-Vegetarian,,"Use very little salt, avoid pickles or salty sides, and flavour with curry leaves, pepper, lemon, or herbs.",20 mins breathing exercises,"Keep salt low and avoid salted pickles, papads, or processed accompaniments. Contains Eggs."
1075,Kerala,High Bp,Snack,"Chicken Pepper Fry (Fresh, No Pickle)",198,18,18,6,4,Low,Low,Low,Safe,"Chicken, Black Pepper, Curry Leaves, Shallots, Coconut Oil",Non-Vegetarian,Chicken,"Use very little salt, avoid pickles or salty sides, and flavour with curry leaves, pepper, lemon, or herbs.",20 mins breathing exercises,"Keep salt low and avoid salted pickles, papads, or processed accompaniments."
1076,Kerala,High Bp,Snack,"Chicken Pepper Fry (Steamed, No Pickle)",198,18,18,6,4,Low,Low,Low,Safe,"Chicken, Black Pepper, Curry Leaves, Shallots, Coconut Oil",Non-Vegetarian,Chicken,"Use very little salt, avoid pickles or salty sides, and flavour with curry leaves, pepper, lemon, or herbs.",20 mins breathing exercises,"Keep salt low and avoid salted pickles, papads, or processed accompaniments."
1077,Kerala,High Bp,Snack,"Chicken Soup (Boiled, Balanced Portion)",198,18,18,6,4,Low,Low,Low,Safe,"Chicken, Pepper, Ginger, Curry Leaves, Onion",Non-Vegetarian,Chicken,"Use very little salt, avoid pickles or salty sides, and flavour with curry leaves, pepper, lemon, or herbs.",20 mins breathing exercises,"Keep salt low and avoid salted pickles, papads, or processed accompaniments."
1078,Kerala,High Bp,Snack,"Chicken Soup (Lightly Cooked, No Pickle)",198,18,18,6,4,Medium,Low,Low,Safe,"Chicken, Pepper, Ginger, Curry Leaves, Onion",Non-Vegetarian,Chicken,"Use very little salt, avoid pickles or salty sides, and flavour with curry leaves, pepper, lemon, or herbs.",20 mins breathing exercises,"Keep salt low and avoid salted pickles, papads, or processed accompaniments."
1079,Kerala,High Bp,Snack,"Egg White Roast (Griddled, Balanced Portion)",155,14,18,5,4,Low,Low,Low,"Egg, Eggs","Egg Whites, Onion, Tomato, Black Pepper, Curry Leaves",Non-Vegetarian,,"Use very little salt, avoid pickles or salty sides, and flavour with curry leaves, pepper, lemon, or herbs.",20 mins breathing exercises,"Keep salt low and avoid salted pickles, papads, or processed accompaniments. Contains Eggs."
1080,Kerala,High Bp,Snack,"Egg White Roast (Slow-Simmered, No Pickle)",155,14,18,5,4,Low,Low,Low,"Egg, Eggs","Egg Whites, Onion, Tomato, Black Pepper, Curry Leaves",Non-Vegetarian,,"Use very little salt, avoid pickles or salty sides, and flavour with curry leaves, pepper, lemon, or herbs.",20 mins breathing exercises,"Keep salt low and avoid salted pickles, papads, or processed accompaniments. Contains Eggs."
1081,Kerala,High Bp,Snack,"Fish Fry (Tawa Roasted) (Fresh, Minimal Oil)",160,16,18,4,4,Low,Low,Low,Fish,"Fish, Pepper, Lemon, Curry Leaves, Coconut Oil",Non-Vegetarian,Fish,"Use very little salt, avoid pickles or salty sides, and flavour with curry leaves, pepper, lemon, or herbs. This version keeps the seasoning lighter while staying close to the Kerala original.",20 mins breathing exercises,"Keep salt low and avoid salted pickles, papads, or processed accompaniments. Contains Fish."
1082,Kerala,High Bp,Snack,"Fish Fry (Tawa Roasted) (Herb-Seasoned, No Pickle)",160,16,18,4,4,Low,Low,Low,Fish,"Fish, Pepper, Lemon, Curry Leaves, Coconut Oil",Non-Vegetarian,Fish,"Use very little salt, avoid pickles or salty sides, and flavour with curry leaves, pepper, lemon, or herbs.",20 mins breathing exercises,"Keep salt low and avoid salted pickles, papads, or processed accompaniments. Contains Fish."
1083,Kerala,High Bp,Snack,"Fish Fry (Tawa Roasted) (Portion-Controlled, Balanced Portion)",160,16,18,4,4,Low,Low,Low,Fish,"Fish, Pepper, Lemon, Curry Leaves, Coconut Oil",Non-Vegetarian,Fish,"Use very little salt, avoid pickles or salty sides, and flavour with curry leaves, pepper, lemon, or herbs.",20 mins breathing exercises,"Keep salt low and avoid salted pickles, papads, or processed accompaniments. Contains Fish."
1084,Kerala,High Bp,Snack,"Grilled Fish Bites (Herb-Seasoned, Minimal Oil)",160,16,18,4,4,Low,Low,Low,Fish,"Fish, Lemon, Pepper, Curry Leaves, Coconut Oil",Non-Vegetarian,Fish,"Use very little salt, avoid pickles or salty sides, and flavour with curry leaves, pepper, lemon, or herbs. This version keeps the seasoning lighter while staying close to the Kerala original.",20 mins breathing exercises,"Keep salt low and avoid salted pickles, papads, or processed accompaniments. Contains Fish."
1085,Kerala,High Bp,Snack,"Grilled Fish Bites (Portion-Controlled, No Pickle)",160,16,18,4,4,Low,Low,Low,Fish,"Fish, Lemon, Pepper, Curry Leaves, Coconut Oil",Non-Vegetarian,Fish,"Use very little salt, avoid pickles or salty sides, and flavour with curry leaves, pepper, lemon, or herbs.",20 mins breathing exercises,"Keep salt low and avoid salted pickles, papads, or processed accompaniments. Contains Fish."
1086,Kerala,High Bp,Snack,"Grilled Fish Bites (Slow-Simmered, Balanced Portion)",160,16,18,4,4,Low,Low,Low,Fish,"Fish, Lemon, Pepper, Curry Leaves, Coconut Oil",Non-Vegetarian,Fish,"Use very little salt, avoid pickles or salty sides, and flavour with curry leaves, pepper, lemon, or herbs.",20 mins breathing exercises,"Keep salt low and avoid salted pickles, papads, or processed accompaniments. Contains Fish."
1087,Kerala,High Bp,Snack,"Steamed Prawns (Boiled, No Pickle)",160,15,18,4,4,Low,Low,Low,"Fish, Shellfish","Prawns, Lemon, Pepper, Curry Leaves",Non-Vegetarian,Seafood,"Use very little salt, avoid pickles or salty sides, and flavour with curry leaves, pepper, lemon, or herbs.",20 mins breathing exercises,"Keep salt low and avoid salted pickles, papads, or processed accompaniments. Contains Shellfish."
1088,Kerala,High Bp,Snack,"Steamed Prawns (Steamed, Balanced Portion)",160,15,18,4,4,Low,Low,Low,"Fish, Shellfish","Prawns, Lemon, Pepper, Curry Leaves",Non-Vegetarian,Seafood,"Use very little salt, avoid pickles or salty sides, and flavour with curry leaves, pepper, lemon, or herbs.",20 mins breathing exercises,"Keep salt low and avoid salted pickles, papads, or processed accompaniments. Contains Shellfish."
1089,Kerala,High Bp,Snack,"Cherupayar Sundal (Fresh, Balanced Portion)",170,10,21,4,7,Low,Low,Medium,Mustard,"Green Gram, Coconut, Curry Leaves, Mustard Seeds",Vegan,,"Use very little salt, avoid pickles or salty sides, and flavour with curry leaves, pepper, lemon, or herbs.",20 mins breathing exercises,"Keep salt low and avoid salted pickles, papads, or processed accompaniments."
1090,Kerala,High Bp,Snack,"Cherupayar Sundal (Herb-Seasoned, With Greens)",145,10,21,1,10,Low,Low,Medium,Mustard,"Green Gram, Coconut, Curry Leaves, Mustard Seeds",Vegan,,"Use very little salt, avoid pickles or salty sides, and flavour with curry leaves, pepper, lemon, or herbs.",20 mins breathing exercises,"Keep salt low and avoid salted pickles, papads, or processed accompaniments."
1091,Kerala,High Bp,Snack,"Cherupayar Sundal (Slow-Simmered, Heart-Friendly)",145,10,21,1,7,Low,Low,Low,Mustard,"Green Gram, Coconut, Curry Leaves, Mustard Seeds",Vegan,,"Use very little salt, avoid pickles or salty sides, and flavour with curry leaves, pepper, lemon, or herbs.",20 mins breathing exercises,"Keep salt low and avoid salted pickles, papads, or processed accompaniments."
1092,Kerala,High Bp,Snack,"Cucumber Salad (Herb-Seasoned, Heart-Friendly)",77,5,12,1,4,Low,Low,Low,Safe,"Cucumber, Onion, Lemon, Curry Leaves",Vegan,,"Use very little salt, avoid pickles or salty sides, and flavour with curry leaves, pepper, lemon, or herbs.",20 mins breathing exercises,"Keep salt low and avoid salted pickles, papads, or processed accompaniments."
1093,Kerala,High Bp,Snack,"Cucumber Salad (Lightly Cooked, With Greens)",77,5,12,1,7,Low,Medium,Low,Safe,"Cucumber, Onion, Lemon, Curry Leaves",Vegan,,"Use very little salt, avoid pickles or salty sides, and flavour with curry leaves, pepper, lemon, or herbs.",20 mins breathing exercises,"Keep salt low and avoid salted pickles, papads, or processed accompaniments."
1094,Kerala,High Bp,Snack,"Cucumber Salad (Steamed, Heart-Friendly)",77,5,12,1,4,Low,Low,Low,Safe,"Cucumber, Onion, Lemon, Curry Leaves",Vegan,,"Use very little salt, avoid pickles or salty sides, and flavour with curry leaves, pepper, lemon, or herbs.",20 mins breathing exercises,"Keep salt low and avoid salted pickles, papads, or processed accompaniments."
1095,Kerala,High Bp,Snack,"Kadala Sundal (Boiled, With Greens)",145,10,21,1,10,Low,Low,Low,Mustard,"Black Chickpeas, Coconut, Curry Leaves, Mustard Seeds",Vegan,,"Use very little salt, avoid pickles or salty sides, and flavour with curry leaves, pepper, lemon, or herbs.",20 mins breathing exercises,"Keep salt low and avoid salted pickles, papads, or processed accompaniments."
1096,Kerala,High Bp,Snack,"Kadala Sundal (Fresh, With Greens)",170,10,21,4,10,Low,Low,Medium,Mustard,"Black Chickpeas, Coconut, Curry Leaves, Mustard Seeds",Vegan,,"Use very little salt, avoid pickles or salty sides, and flavour with curry leaves, pepper, lemon, or herbs.",20 mins breathing exercises,"Keep salt low and avoid salted pickles, papads, or processed accompaniments."
1097,Kerala,High Bp,Snack,"Kadala Sundal (Portion-Controlled, Heart-Friendly)",145,10,21,1,7,Low,Medium,Low,Mustard,"Black Chickpeas, Coconut, Curry Leaves, Mustard Seeds",Vegan,,"Use very little salt, avoid pickles or salty sides, and flavour with curry leaves, pepper, lemon, or herbs.",20 mins breathing exercises,"Keep salt low and avoid salted pickles, papads, or processed accompaniments."
1098,Kerala,High Bp,Snack,"Roasted Peanuts (Griddled, Heart-Friendly)",77,5,12,1,4,Low,Low,Medium,"Peanut, Peanuts","Peanuts, Curry Leaves, Salt",Vegan,,"Use very little salt, avoid pickles or salty sides, and flavour with curry leaves, pepper, lemon, or herbs.",20 mins breathing exercises,"Keep salt low and avoid salted pickles, papads, or processed accompaniments. Contains Peanuts."
1099,Kerala,High Bp,Snack,"Roasted Peanuts (Herb-Seasoned, Balanced Portion)",77,5,12,1,4,Medium,Low,Medium,"Peanut, Peanuts","Peanuts, Curry Leaves, Salt",Vegan,,"Use very little salt, avoid pickles or salty sides, and flavour with curry leaves, pepper, lemon, or herbs.",20 mins breathing exercises,"Keep salt low and avoid salted pickles, papads, or processed accompaniments. Contains Peanuts."
1100,Kerala,High Bp,Snack,"Roasted Peanuts (Portion-Controlled, With Greens)",77,5,12,1,7,Medium,Medium,Low,"Peanut, Peanuts","Peanuts, Curry Leaves, Salt",Vegan,,"Use very little salt, avoid pickles or salty sides, and flavour with curry leaves, pepper, lemon, or herbs.",20 mins breathing exercises,"Keep salt low and avoid salted pickles, papads, or processed accompaniments. Contains Peanuts."
1101,Kerala,High Bp,Snack,"Tender Coconut (Lightly Cooked, Heart-Friendly)",77,5,12,1,4,Low,Medium,Low,Safe,"Tender Coconut Water, Tender Coconut Flesh",Vegan,,"Use very little salt, avoid pickles or salty sides, and flavour with curry leaves, pepper, lemon, or herbs.",20 mins breathing exercises,"Keep salt low and avoid salted pickles, papads, or processed accompaniments."
1102,Kerala,High Bp,Snack,"Tender Coconut (Slow-Simmered, With Greens)",77,5,12,1,7,Low,Low,Low,Safe,"Tender Coconut Water, Tender Coconut Flesh",Vegan,,"Use very little salt, avoid pickles or salty sides, and flavour with curry leaves, pepper, lemon, or herbs.",20 mins breathing exercises,"Keep salt low and avoid salted pickles, papads, or processed accompaniments."
1103,Kerala,High Bp,Snack,"Vishu Katta + Vegetable Curry (Boiled, Heart-Friendly)",135,7,22,1,5,High,Low,Low,Safe,"Rice Flour, Cumin, Vegetables, Curry Leaves",Vegan,,"Use very little salt, avoid pickles or salty sides, and flavour with curry leaves, pepper, lemon, or herbs.",20 mins breathing exercises,"Keep salt low and avoid salted pickles, papads, or processed accompaniments."
1104,Kerala,High Bp,Snack,"Vishu Katta + Vegetable Curry (Griddled, With Greens)",135,7,22,1,8,High,Low,Low,Safe,"Rice Flour, Cumin, Vegetables, Curry Leaves",Vegan,,"Use very little salt, avoid pickles or salty sides, and flavour with curry leaves, pepper, lemon, or herbs.",20 mins breathing exercises,"Keep salt low and avoid salted pickles, papads, or processed accompaniments."
1105,Kerala,High Bp,Dinner,"Appam + Vegetable Stew (Herb-Seasoned, No Salt)",315,16,44,5,8,High,Low,Low,Safe,"Rice Flour, Coconut, Mixed Vegetables, Ginger, Curry Leaves",Vegetarian,,"Use very little salt, avoid pickles or salty sides, and flavour with curry leaves, pepper, lemon, or herbs. This version keeps the seasoning lighter while staying close to the Kerala original.",30 mins calm walk,"Keep salt low and avoid salted pickles, papads, or processed accompaniments."
1106,Kerala,High Bp,Dinner,"Dosa + Sambar (Griddled, No Salt)",315,16,44,5,8,High,Low,Medium,Safe,"Rice, Urad Dal, Toor Dal, Mixed Vegetables",Vegetarian,,"Use very little salt, avoid pickles or salty sides, and flavour with curry leaves, pepper, lemon, or herbs. This version keeps the seasoning lighter while staying close to the Kerala original.",30 mins calm walk,"Keep salt low and avoid salted pickles, papads, or processed accompaniments."
1107,Kerala,High Bp,Dinner,"Idiyappam + Cherupayar Curry (Steamed, No Salt)",325,19,43,6,10,High,Low,Low,Safe,"Rice Flour, Green Gram, Coconut, Curry Leaves",Vegetarian,,"Use very little salt, avoid pickles or salty sides, and flavour with curry leaves, pepper, lemon, or herbs. This version keeps the seasoning lighter while staying close to the Kerala original.",30 mins calm walk,"Keep salt low and avoid salted pickles, papads, or processed accompaniments."
1108,Kerala,High Bp,Dinner,Idiyappam + Veg Stew (Low salt),300,15,45,6,8,Medium,Low,Low,Safe,"Rice Flour, Mixed Veg",Vegetarian,,Use spices and coconut milk for flavor instead of salt.,30 mins light cardio + breathing,Monitor blood pressure daily
1109,Kerala,High Bp,Dinner,"Idli + Sambar (Lightly Cooked, No Salt)",325,19,43,6,10,High,Low,Low,Safe,"Rice, Urad Dal, Toor Dal, Mixed Vegetables",Vegetarian,,"Use very little salt, avoid pickles or salty sides, and flavour with curry leaves, pepper, lemon, or herbs. This version keeps the seasoning lighter while staying close to the Kerala original.",30 mins calm walk,"Keep salt low and avoid salted pickles, papads, or processed accompaniments."
1110,Kerala,High Bp,Dinner,Kanji + Payar (No salt),300,15,45,6,8,High,Low,Low,Gluten,"Matta Rice, Green Gram",Vegetarian,,Boil rice and green gram plain.,30 mins light cardio + breathing,Monitor blood pressure daily
1111,Kerala,High Bp,Dinner,Low Salt Ragi Dosa + Sambar,300,15,45,6,8,Low,Low,Low,Safe,"Finger Millet, Toor Dal",Vegetarian,,Omit salt in batter and sambar.,30 mins light cardio + breathing,Monitor blood pressure daily
1112,Kerala,High Bp,Dinner,"Matta Rice + Mezhukkupuratti (Lightly Cooked, Low Salt)",244,16,36,4,10,High,Low,Low,Gluten,"Matta Rice, Beans, Shallots, Coconut Oil, Curry Leaves",Vegetarian,,"Use very little salt, avoid pickles or salty sides, and flavour with curry leaves, pepper, lemon, or herbs. This version keeps the seasoning lighter while staying close to the Kerala original.",30 mins calm walk,"Keep salt low and avoid salted pickles, papads, or processed accompaniments."
1113,Kerala,High Bp,Dinner,"Matta Rice + Sambar (Slow-Simmered, No Salt)",327,18,46,6,9,High,Low,Low,Gluten,"Matta Rice, Toor Dal, Mixed Vegetables, Tamarind",Vegetarian,,"Use very little salt, avoid pickles or salty sides, and flavour with curry leaves, pepper, lemon, or herbs. This version keeps the seasoning lighter while staying close to the Kerala original.",30 mins calm walk,"Keep salt low and avoid salted pickles, papads, or processed accompaniments."
1114,Kerala,High Bp,Dinner,"Matta Rice + Thoran (Boiled, Low Salt)",244,16,36,4,10,High,Low,Low,"Gluten, Mustard","Matta Rice, Cabbage, Coconut, Mustard Seeds",Vegetarian,,"Use very little salt, avoid pickles or salty sides, and flavour with curry leaves, pepper, lemon, or herbs. This version keeps the seasoning lighter while staying close to the Kerala original.",30 mins calm walk,"Keep salt low and avoid salted pickles, papads, or processed accompaniments."
1115,Kerala,High Bp,Dinner,"Pathiri + Kadala Curry (Boiled, No Salt)",315,16,44,5,8,High,Low,Low,Safe,"Rice Flour, Black Chickpeas, Onion, Ginger, Coconut",Vegetarian,,"Use very little salt, avoid pickles or salty sides, and flavour with curry leaves, pepper, lemon, or herbs. This version keeps the seasoning lighter while staying close to the Kerala original.",30 mins calm walk,"Keep salt low and avoid salted pickles, papads, or processed accompaniments."
1116,Kerala,High Bp,Dinner,"Peppered Kanji + Cherupayar Curry (Steamed, Low Salt)",315,16,44,5,8,High,Low,Low,Safe,"Rice, Pepper, Green Gram, Curry Leaves",Vegetarian,,"Use very little salt, avoid pickles or salty sides, and flavour with curry leaves, pepper, lemon, or herbs. This version keeps the seasoning lighter while staying close to the Kerala original.",30 mins calm walk,"Keep salt low and avoid salted pickles, papads, or processed accompaniments."
1117,Kerala,High Bp,Dinner,Puttu (No salt) + Cherupayar,300,15,45,6,8,Medium,Low,Low,Safe,"Rice Flour, Green Gram",Vegetarian,,Steam puttu plainly; boil green gram.,30 mins light cardio + breathing,Monitor blood pressure daily
1118,Kerala,High Bp,Dinner,"Puttu + Kadala Curry (Fresh, Heart-Friendly)",325,19,43,6,10,High,Low,Medium,Safe,"Rice Flour, Black Chickpeas, Coconut, Curry Leaves",Vegetarian,,"Use very little salt, avoid pickles or salty sides, and flavour with curry leaves, pepper, lemon, or herbs.",30 mins calm walk,"Keep salt low and avoid salted pickles, papads, or processed accompaniments."
1119,Kerala,High Bp,Dinner,"Ragi Puttu + Cherupayar Curry (Fresh, No Salt)",315,16,44,5,8,Low,Low,Low,Safe,"Finger Millet, Green Gram, Coconut, Curry Leaves",Vegetarian,,"Use very little salt, avoid pickles or salty sides, and flavour with curry leaves, pepper, lemon, or herbs. This version keeps the seasoning lighter while staying close to the Kerala original.",30 mins calm walk,"Keep salt low and avoid salted pickles, papads, or processed accompaniments."
1120,Kerala,High Bp,Dinner,Unsalted Wheat Dosa + Tomato Chutney,300,15,45,6,8,Medium,Low,Low,Gluten,"Wheat Flour, Tomato",Vegetarian,,Cook dosa and chutney completely without salt.,30 mins light cardio + breathing,Monitor blood pressure daily
1121,Kerala,High Bp,Dinner,"Appam + Chicken Stew (Portion-Controlled, Low Salt)",345,27,40,11,7,High,Low,Low,Dairy,"Rice Flour, Chicken, Coconut Milk, Onion, Pepper",Non-Vegetarian,Chicken,"Use very little salt, avoid pickles or salty sides, and flavour with curry leaves, pepper, lemon, or herbs. This version keeps the seasoning lighter while staying close to the Kerala original.",30 mins calm walk,"Keep salt low and avoid salted pickles, papads, or processed accompaniments. Contains Dairy."
1122,Kerala,High Bp,Dinner,"Appam + Fish Moilee (Herb-Seasoned, Low Salt)",340,25,40,9,7,High,Low,Low,"Dairy, Fish","Rice Flour, Fish, Coconut Milk, Green Chilli, Curry Leaves",Non-Vegetarian,Fish,"Use very little salt, avoid pickles or salty sides, and flavour with curry leaves, pepper, lemon, or herbs. This version keeps the seasoning lighter while staying close to the Kerala original.",30 mins calm walk,"Keep salt low and avoid salted pickles, papads, or processed accompaniments. Contains Fish, Dairy."
1123,Kerala,High Bp,Dinner,"Chicken Pepper Fry (Griddled, Low Salt)",345,27,40,11,7,Medium,Low,Low,Safe,"Chicken, Black Pepper, Curry Leaves, Shallots, Coconut Oil",Non-Vegetarian,Chicken,"Use very little salt, avoid pickles or salty sides, and flavour with curry leaves, pepper, lemon, or herbs. This version keeps the seasoning lighter while staying close to the Kerala original.",30 mins calm walk,"Keep salt low and avoid salted pickles, papads, or processed accompaniments."
1124,Kerala,High Bp,Dinner,"Chicken Soup (Slow-Simmered, Low Salt)",345,27,40,11,7,Low,Low,Low,Safe,"Chicken, Pepper, Ginger, Curry Leaves, Onion",Non-Vegetarian,Chicken,"Use very little salt, avoid pickles or salty sides, and flavour with curry leaves, pepper, lemon, or herbs. This version keeps the seasoning lighter while staying close to the Kerala original.",30 mins calm walk,"Keep salt low and avoid salted pickles, papads, or processed accompaniments."
1125,Kerala,High Bp,Dinner,"Idiyappam + Chicken Curry (Fresh, Low Salt)",345,27,40,11,7,Medium,Low,Low,Safe,"Rice Flour, Chicken, Onion, Ginger, Coconut",Non-Vegetarian,Chicken,"Use very little salt, avoid pickles or salty sides, and flavour with curry leaves, pepper, lemon, or herbs. This version keeps the seasoning lighter while staying close to the Kerala original.",30 mins calm walk,"Keep salt low and avoid salted pickles, papads, or processed accompaniments."
1126,Kerala,High Bp,Dinner,"Kalappam + Fish Curry (Griddled, Potassium-Rich)",340,25,40,9,10,High,Low,Low,Fish,"Rice Flour, Fish, Coconut, Tamarind, Curry Leaves",Non-Vegetarian,Fish,"Use very little salt, avoid pickles or salty sides, and flavour with curry leaves, pepper, lemon, or herbs. Stay with a sensible serving if you are watching overall intake.",30 mins calm walk,"Keep salt low and avoid salted pickles, papads, or processed accompaniments. Contains Fish."
1127,Kerala,High Bp,Dinner,"Kappa + Fish Curry (Steamed, Minimal Oil)",340,25,40,9,7,Low,Low,Low,Fish,"Tapioca, Fish, Coconut, Tamarind, Curry Leaves",Non-Vegetarian,Fish,"Use very little salt, avoid pickles or salty sides, and flavour with curry leaves, pepper, lemon, or herbs. This version keeps the seasoning lighter while staying close to the Kerala original.",30 mins calm walk,"Keep salt low and avoid salted pickles, papads, or processed accompaniments. Contains Fish."
1128,Kerala,High Bp,Dinner,"Kappa + Meen Mulakittathu (Fresh, Potassium-Rich)",365,25,40,12,10,Low,Low,Low,Fish,"Tapioca, Fish, Chilli Powder, Tamarind, Curry Leaves",Non-Vegetarian,Fish,"Use very little salt, avoid pickles or salty sides, and flavour with curry leaves, pepper, lemon, or herbs. Stay with a sensible serving if you are watching overall intake.",30 mins calm walk,"Keep salt low and avoid salted pickles, papads, or processed accompaniments. Contains Fish."
1129,Kerala,High Bp,Dinner,"Matta Rice + Alleppey Fish Curry (Portion-Controlled, Potassium-Rich)",340,25,40,9,10,High,Low,Low,"Fish, Gluten","Matta Rice, Fish, Kudampuli, Coconut, Curry Leaves",Non-Vegetarian,Fish,"Use very little salt, avoid pickles or salty sides, and flavour with curry leaves, pepper, lemon, or herbs. Stay with a sensible serving if you are watching overall intake.",30 mins calm walk,"Keep salt low and avoid salted pickles, papads, or processed accompaniments. Contains Fish."
1130,Kerala,High Bp,Dinner,"Matta Rice + Fish Moilee (Herb-Seasoned, Potassium-Rich)",340,25,40,9,10,High,Low,Low,"Dairy, Fish, Gluten","Matta Rice, Fish, Coconut Milk, Onion, Curry Leaves",Non-Vegetarian,Fish,"Use very little salt, avoid pickles or salty sides, and flavour with curry leaves, pepper, lemon, or herbs. Stay with a sensible serving if you are watching overall intake.",30 mins calm walk,"Keep salt low and avoid salted pickles, papads, or processed accompaniments. Contains Fish, Dairy."
1131,Kerala,High Bp,Dinner,"Matta Rice + Kerala Fish Curry (Slow-Simmered, Potassium-Rich)",340,25,40,9,10,High,Low,Low,"Fish, Gluten","Matta Rice, Fish, Tamarind, Coconut, Curry Leaves",Non-Vegetarian,Fish,"Use very little salt, avoid pickles or salty sides, and flavour with curry leaves, pepper, lemon, or herbs. Stay with a sensible serving if you are watching overall intake.",30 mins calm walk,"Keep salt low and avoid salted pickles, papads, or processed accompaniments. Contains Fish."
1132,Kerala,High Bp,Dinner,Pathiri (Unsalted) + Chicken Stew,300,15,45,6,8,Medium,Low,Low,Safe,"Rice Flour, Chicken",Non-Vegetarian,chicken,Use pepper and cardamom for flavor.,30 mins light cardio + breathing,Monitor blood pressure daily
1133,Kerala,High Bp,Dinner,"Puttu + Chicken Curry (Lightly Cooked, Potassium-Rich)",345,27,40,11,10,Medium,Low,Low,Safe,"Rice Flour, Chicken, Onion, Ginger, Curry Leaves",Non-Vegetarian,Chicken,"Use very little salt, avoid pickles or salty sides, and flavour with curry leaves, pepper, lemon, or herbs. Stay with a sensible serving if you are watching overall intake.",30 mins calm walk,"Keep salt low and avoid salted pickles, papads, or processed accompaniments."
1134,Kerala,High Bp,Dinner,"Puttu + Fish Curry (Steamed, Potassium-Rich)",340,25,40,9,10,High,Low,Low,Fish,"Rice Flour, Fish, Coconut, Tamarind, Curry Leaves",Non-Vegetarian,Fish,"Use very little salt, avoid pickles or salty sides, and flavour with curry leaves, pepper, lemon, or herbs. Stay with a sensible serving if you are watching overall intake.",30 mins calm walk,"Keep salt low and avoid salted pickles, papads, or processed accompaniments. Contains Fish."
1135,Kerala,High Bp,Dinner,Unsalted Appam + Fish Curry,300,15,45,6,8,Medium,Low,Low,Fish,"Rice Flour, Fish",Non-Vegetarian,fish,Use tamarind and kokum to flavor the fish curry.,30 mins light cardio + breathing,Monitor blood pressure daily
1136,Kerala,High Bp,Dinner,"Wheat Dosa + Fish Curry (Boiled, Potassium-Rich)",340,25,40,9,10,Low,Low,Low,"Fish, Gluten","Wheat Flour, Fish, Onion, Tamarind, Curry Leaves",Non-Vegetarian,Fish,"Use very little salt, avoid pickles or salty sides, and flavour with curry leaves, pepper, lemon, or herbs. Stay with a sensible serving if you are watching overall intake.",30 mins calm walk,"Keep salt low and avoid salted pickles, papads, or processed accompaniments. Contains Fish, Gluten."
1137,Kerala,High Bp,Dinner,"Appam + Vegetable Stew (Lightly Cooked, No Pickle)",315,16,44,5,8,High,Low,Low,Safe,"Rice Flour, Coconut, Mixed Vegetables, Ginger, Curry Leaves",Vegan,,"Use very little salt, avoid pickles or salty sides, and flavour with curry leaves, pepper, lemon, or herbs.",30 mins calm walk,"Keep salt low and avoid salted pickles, papads, or processed accompaniments."
1138,Kerala,High Bp,Dinner,"Dosa + Sambar (Steamed, No Pickle)",315,16,44,5,8,High,Low,Low,Safe,"Rice, Urad Dal, Toor Dal, Mixed Vegetables",Vegan,,"Use very little salt, avoid pickles or salty sides, and flavour with curry leaves, pepper, lemon, or herbs.",30 mins calm walk,"Keep salt low and avoid salted pickles, papads, or processed accompaniments."
1139,Kerala,High Bp,Dinner,"Idiyappam + Cherupayar Curry (Portion-Controlled, Minimal Oil)",325,19,43,6,10,High,Low,Low,Safe,"Rice Flour, Green Gram, Coconut, Curry Leaves",Vegan,,"Use very little salt, avoid pickles or salty sides, and flavour with curry leaves, pepper, lemon, or herbs. This version keeps the seasoning lighter while staying close to the Kerala original.",30 mins calm walk,"Keep salt low and avoid salted pickles, papads, or processed accompaniments."
1140,Kerala,High Bp,Dinner,"Idli + Sambar (Fresh, Minimal Oil)",325,19,43,6,10,High,Low,Low,Safe,"Rice, Urad Dal, Toor Dal, Mixed Vegetables",Vegan,,"Use very little salt, avoid pickles or salty sides, and flavour with curry leaves, pepper, lemon, or herbs. This version keeps the seasoning lighter while staying close to the Kerala original.",30 mins calm walk,"Keep salt low and avoid salted pickles, papads, or processed accompaniments."
1141,Kerala,High Bp,Dinner,"Karikku Dosa + Coconut Chutney (Steamed, Balanced Portion)",315,16,44,5,8,High,Low,Low,Safe,"Rice, Tender Coconut, Coconut, Green Chilli, Curry Leaves",Vegan,,"Use very little salt, avoid pickles or salty sides, and flavour with curry leaves, pepper, lemon, or herbs.",30 mins calm walk,"Keep salt low and avoid salted pickles, papads, or processed accompaniments."
1142,Kerala,High Bp,Dinner,"Matta Rice + Koottu Curry (Griddled, Balanced Portion)",244,16,36,4,10,High,Low,Low,Gluten,"Matta Rice, Yam, Plantain, Black Chickpeas, Coconut",Vegan,,"Use very little salt, avoid pickles or salty sides, and flavour with curry leaves, pepper, lemon, or herbs.",30 mins calm walk,"Keep salt low and avoid salted pickles, papads, or processed accompaniments."
1143,Kerala,High Bp,Dinner,"Matta Rice + Mezhukkupuratti (Herb-Seasoned, No Pickle)",244,16,36,4,10,High,Low,Low,Gluten,"Matta Rice, Beans, Shallots, Coconut Oil, Curry Leaves",Vegan,,"Use very little salt, avoid pickles or salty sides, and flavour with curry leaves, pepper, lemon, or herbs.",30 mins calm walk,"Keep salt low and avoid salted pickles, papads, or processed accompaniments."
1144,Kerala,High Bp,Dinner,"Matta Rice + Parippu Curry (Lightly Cooked, Balanced Portion)",327,18,46,6,9,High,Low,Medium,Gluten,"Matta Rice, Toor Dal, Coconut, Curry Leaves",Vegan,,"Use very little salt, avoid pickles or salty sides, and flavour with curry leaves, pepper, lemon, or herbs.",30 mins calm walk,"Keep salt low and avoid salted pickles, papads, or processed accompaniments."
1145,Kerala,High Bp,Dinner,"Matta Rice + Sambar (Boiled, No Pickle)",327,18,46,6,9,High,Medium,Low,Gluten,"Matta Rice, Toor Dal, Mixed Vegetables, Tamarind",Vegan,,"Use very little salt, avoid pickles or salty sides, and flavour with curry leaves, pepper, lemon, or herbs.",30 mins calm walk,"Keep salt low and avoid salted pickles, papads, or processed accompaniments."
1146,Kerala,High Bp,Dinner,"Matta Rice + Thoran (Portion-Controlled, No Pickle)",244,16,36,4,10,High,Low,Medium,"Gluten, Mustard","Matta Rice, Cabbage, Coconut, Mustard Seeds",Vegan,,"Use very little salt, avoid pickles or salty sides, and flavour with curry leaves, pepper, lemon, or herbs.",30 mins calm walk,"Keep salt low and avoid salted pickles, papads, or processed accompaniments."
1147,Kerala,High Bp,Dinner,"Pathiri + Kadala Curry (Herb-Seasoned, Minimal Oil)",315,16,44,5,8,High,Low,Low,Safe,"Rice Flour, Black Chickpeas, Onion, Ginger, Coconut",Vegan,,"Use very little salt, avoid pickles or salty sides, and flavour with curry leaves, pepper, lemon, or herbs. This version keeps the seasoning lighter while staying close to the Kerala original.",30 mins calm walk,"Keep salt low and avoid salted pickles, papads, or processed accompaniments."
1148,Kerala,High Bp,Dinner,"Pathiri + Vegetable Kurma (Fresh, No Pickle)",315,16,44,5,8,High,Low,Low,Safe,"Rice Flour, Mixed Vegetables, Coconut, Cumin",Vegan,,"Use very little salt, avoid pickles or salty sides, and flavour with curry leaves, pepper, lemon, or herbs.",30 mins calm walk,"Keep salt low and avoid salted pickles, papads, or processed accompaniments."
1149,Kerala,High Bp,Dinner,"Peppered Kanji + Cherupayar Curry (Slow-Simmered, No Pickle)",315,16,44,5,8,High,Medium,Low,Safe,"Rice, Pepper, Green Gram, Curry Leaves",Vegan,,"Use very little salt, avoid pickles or salty sides, and flavour with curry leaves, pepper, lemon, or herbs.",30 mins calm walk,"Keep salt low and avoid salted pickles, papads, or processed accompaniments."
1150,Kerala,High Bp,Dinner,"Puttu + Kadala Curry (Slow-Simmered, Minimal Oil)",325,19,43,6,10,High,Medium,Low,Safe,"Rice Flour, Black Chickpeas, Coconut, Curry Leaves",Vegan,,"Use very little salt, avoid pickles or salty sides, and flavour with curry leaves, pepper, lemon, or herbs. This version keeps the seasoning lighter while staying close to the Kerala original.",30 mins calm walk,"Keep salt low and avoid salted pickles, papads, or processed accompaniments."
1151,Kerala,High Bp,Dinner,"Ragi Puttu + Cherupayar Curry (Griddled, No Pickle)",315,16,44,5,8,Low,Low,Low,Safe,"Finger Millet, Green Gram, Coconut, Curry Leaves",Vegan,,"Use very little salt, avoid pickles or salty sides, and flavour with curry leaves, pepper, lemon, or herbs.",30 mins calm walk,"Keep salt low and avoid salted pickles, papads, or processed accompaniments."
1152,Kerala,High Bp,Dinner,"Uppumavu + Green Peas Curry (Boiled, Balanced Portion)",315,16,44,5,8,Medium,Medium,Low,"Gluten, Mustard","Semolina, Green Peas, Onion, Mustard Seeds, Curry Leaves",Vegan,,"Use very little salt, avoid pickles or salty sides, and flavour with curry leaves, pepper, lemon, or herbs.",30 mins calm walk,"Keep salt low and avoid salted pickles, papads, or processed accompaniments. Contains Gluten."
1153,Kerala,High Cholesterol,Breakfast,"Cherupayar Sundal (Steamed, No Coconut Cream)",275,16,38,5,9,Low,Low,Low,Mustard,"Green Gram, Coconut, Curry Leaves, Mustard Seeds",Vegetarian,,"Use minimal oil, avoid ghee or coconut cream where possible, and keep the preparation lean.",40 mins cardio,"Avoid ghee, coconut cream, and red-meat-heavy versions whenever possible."
1154,Kerala,High Cholesterol,Breakfast,"Dosa + Sambar (Lightly Cooked, Low Fat)",265,13,39,4,7,High,Low,Low,Safe,"Rice, Urad Dal, Toor Dal, Mixed Vegetables",Vegetarian,,"Use minimal oil, avoid ghee or coconut cream where possible, and keep the preparation lean.",40 mins cardio,"Avoid ghee, coconut cream, and red-meat-heavy versions whenever possible."
1155,Kerala,High Cholesterol,Breakfast,"Idiyappam + Cherupayar Curry (Grilled, Low Fat)",270,16,38,3,9,High,Low,Low,Safe,"Rice Flour, Green Gram, Coconut, Curry Leaves",Vegetarian,,"Use minimal oil, avoid ghee or coconut cream where possible, and keep the preparation lean.",40 mins cardio,"Avoid ghee, coconut cream, and red-meat-heavy versions whenever possible."
1156,Kerala,High Cholesterol,Breakfast,"Idli + Sambar (Baked, Low Fat)",275,16,38,5,9,High,Low,Low,Safe,"Rice, Urad Dal, Toor Dal, Mixed Vegetables",Vegetarian,,"Use minimal oil, avoid ghee or coconut cream where possible, and keep the preparation lean.",40 mins cardio,"Avoid ghee, coconut cream, and red-meat-heavy versions whenever possible."
1157,Kerala,High Cholesterol,Breakfast,Idli + Sambar (No coconut),300,15,45,6,8,Medium,Medium,Low,Safe,"Rice, Urad Dal, Toor Dal",Vegetarian,,Steam idli; make sambar without coconut or oil tadka.,40 mins steady cardio,Monitor lipid profile quarterly
1158,Kerala,High Cholesterol,Breakfast,"Kadala Sundal (Grilled, No Coconut Cream)",270,16,38,3,9,Low,Low,Low,Mustard,"Black Chickpeas, Coconut, Curry Leaves, Mustard Seeds",Vegetarian,,"Use minimal oil, avoid ghee or coconut cream where possible, and keep the preparation lean.",40 mins cardio,"Avoid ghee, coconut cream, and red-meat-heavy versions whenever possible."
1159,Kerala,High Cholesterol,Breakfast,"Kalappam + Kadala Curry (Oil-Light, Low Fat)",265,13,39,4,7,High,Low,Low,Safe,"Rice Flour, Coconut, Black Chickpeas, Onion",Vegetarian,,"Use minimal oil, avoid ghee or coconut cream where possible, and keep the preparation lean.",40 mins cardio,"Avoid ghee, coconut cream, and red-meat-heavy versions whenever possible."
1160,Kerala,High Cholesterol,Breakfast,"Kappa Puzhukku + Kadala Curry (Fresh, Low Fat)",280,14,43,6,8,Low,Low,Low,Safe,"Tapioca, Black Chickpeas, Coconut, Curry Leaves",Vegetarian,,"Use minimal oil, avoid ghee or coconut cream where possible, and keep the preparation lean.",40 mins cardio,"Avoid ghee, coconut cream, and red-meat-heavy versions whenever possible."
1161,Kerala,High Cholesterol,Breakfast,Oats Upma + Vegetables,300,15,45,6,8,Low,Medium,Low,Safe,"Oats, Mixed Veg",Vegetarian,,Dry roast oats; cook with steamed veggies.,40 mins steady cardio,Monitor lipid profile quarterly
1162,Kerala,High Cholesterol,Breakfast,"Pathiri + Kadala Curry (Boiled, Low Fat)",265,13,39,4,7,High,Medium,Low,Safe,"Rice Flour, Black Chickpeas, Onion, Ginger, Coconut",Vegetarian,,"Use minimal oil, avoid ghee or coconut cream where possible, and keep the preparation lean.",40 mins cardio,"Avoid ghee, coconut cream, and red-meat-heavy versions whenever possible."
1163,Kerala,High Cholesterol,Breakfast,"Puttu + Kadala Curry (Dry, no coconut)",300,15,45,6,8,Medium,Medium,Low,Safe,"Rice Flour, Black Chickpeas",Vegetarian,,Steam puttu; boil chickpeas without adding coconut paste.,40 mins steady cardio,Monitor lipid profile quarterly
1164,Kerala,High Cholesterol,Breakfast,"Puttu + Kadala Curry (Steamed, Low Fat)",275,16,38,5,9,High,Low,Low,Safe,"Rice Flour, Black Chickpeas, Coconut, Curry Leaves",Vegetarian,,"Use minimal oil, avoid ghee or coconut cream where possible, and keep the preparation lean.",40 mins cardio,"Avoid ghee, coconut cream, and red-meat-heavy versions whenever possible."
1165,Kerala,High Cholesterol,Breakfast,Ragi Puttu + Cherupayar,300,15,45,6,8,Low,Medium,Low,Safe,"Finger Millet, Green Gram",Vegetarian,,Steam ragi puttu; boil green gram.,40 mins steady cardio,Monitor lipid profile quarterly
1166,Kerala,High Cholesterol,Breakfast,"Ragi Puttu + Cherupayar Curry (Pan-Cooked, Low Fat)",265,13,39,4,7,Low,Medium,Low,Safe,"Finger Millet, Green Gram, Coconut, Curry Leaves",Vegetarian,,"Use minimal oil, avoid ghee or coconut cream where possible, and keep the preparation lean.",40 mins cardio,"Avoid ghee, coconut cream, and red-meat-heavy versions whenever possible."
1167,Kerala,High Cholesterol,Breakfast,Steamed Idiyappam + Veg Stew (No coconut milk),300,15,45,6,8,Medium,Medium,Low,Safe,"Rice Flour, Mixed Veg",Vegetarian,,Steam idiyappam; boil vegetables in clear spiced broth.,40 mins steady cardio,Monitor lipid profile quarterly
1168,Kerala,High Cholesterol,Breakfast,Wheat Dosa + Tomato Chutney,300,15,45,6,8,Medium,Medium,Low,Gluten,"Wheat Flour, Tomato",Vegetarian,,Cook dosa on non-stick without oil.,40 mins steady cardio,Monitor lipid profile quarterly
1169,Kerala,High Cholesterol,Breakfast,"Appam + Chicken Stew (Boiled, No Coconut Cream)",295,24,35,10,6,High,Low,Low,Dairy,"Rice Flour, Chicken, Coconut Milk, Onion, Pepper",Non-Vegetarian,Chicken,"Use minimal oil, avoid ghee or coconut cream where possible, and keep the preparation lean.",40 mins cardio,"Avoid ghee, coconut cream, and red-meat-heavy versions whenever possible. Contains Dairy."
1170,Kerala,High Cholesterol,Breakfast,Appam + Egg White Roast,300,15,45,6,8,Medium,Medium,Low,"Egg, Eggs","Rice Flour, Egg Whites, Onion",Non-Vegetarian,,Cook appam without oil; use only egg whites for roast.,40 mins steady cardio,Monitor lipid profile quarterly
1171,Kerala,High Cholesterol,Breakfast,"Appam + Fish Moilee (Baked, No Coconut Cream)",290,22,35,8,6,High,Low,Low,"Dairy, Fish","Rice Flour, Fish, Coconut Milk, Green Chilli, Curry Leaves",Non-Vegetarian,Fish,"Use minimal oil, avoid ghee or coconut cream where possible, and keep the preparation lean.",40 mins cardio,"Avoid ghee, coconut cream, and red-meat-heavy versions whenever possible. Contains Fish, Dairy."
1172,Kerala,High Cholesterol,Breakfast,"Idiyappam + Chicken Curry (Lightly Cooked, No Coconut Cream)",295,24,35,10,6,High,Low,Low,Safe,"Rice Flour, Chicken, Onion, Ginger, Coconut",Non-Vegetarian,Chicken,"Use minimal oil, avoid ghee or coconut cream where possible, and keep the preparation lean.",40 mins cardio,"Avoid ghee, coconut cream, and red-meat-heavy versions whenever possible."
1173,Kerala,High Cholesterol,Breakfast,"Idiyappam + Egg Roast (Grilled, High Fibre)",280,20,35,7,9,High,Low,Low,"Egg, Eggs","Rice Flour, Eggs, Onion, Tomato, Coconut Oil",Non-Vegetarian,,"Use minimal oil, avoid ghee or coconut cream where possible, and keep the preparation lean.",40 mins cardio,"Avoid ghee, coconut cream, and red-meat-heavy versions whenever possible. Contains Eggs."
1174,Kerala,High Cholesterol,Breakfast,"Kalappam + Chicken Curry (Oil-Light, High Fibre)",295,24,35,10,9,High,Low,Low,Safe,"Rice Flour, Coconut, Chicken, Curry Leaves, Onion",Non-Vegetarian,Chicken,"Use minimal oil, avoid ghee or coconut cream where possible, and keep the preparation lean.",40 mins cardio,"Avoid ghee, coconut cream, and red-meat-heavy versions whenever possible."
1175,Kerala,High Cholesterol,Breakfast,"Kalappam + Fish Curry (Steamed, High Fibre)",290,22,35,8,9,High,Low,Low,Fish,"Rice Flour, Fish, Coconut, Tamarind, Curry Leaves",Non-Vegetarian,Fish,"Use minimal oil, avoid ghee or coconut cream where possible, and keep the preparation lean.",40 mins cardio,"Avoid ghee, coconut cream, and red-meat-heavy versions whenever possible. Contains Fish."
1176,Kerala,High Cholesterol,Breakfast,"Kappa + Egg Roast (Grilled, Lean)",280,20,35,7,6,Low,Low,Low,"Egg, Eggs","Tapioca, Eggs, Onion, Tomato, Coconut Oil",Non-Vegetarian,,"Use minimal oil, avoid ghee or coconut cream where possible, and keep the preparation lean.",40 mins cardio,"Avoid ghee, coconut cream, and red-meat-heavy versions whenever possible. Contains Eggs."
1177,Kerala,High Cholesterol,Breakfast,"Kappa Puzhukku + Fish Curry (Fresh, High Fibre)",315,22,35,11,9,Low,Low,Low,Fish,"Tapioca, Fish, Coconut, Curry Leaves, Tamarind",Non-Vegetarian,Fish,"Use minimal oil, avoid ghee or coconut cream where possible, and keep the preparation lean.",40 mins cardio,"Avoid ghee, coconut cream, and red-meat-heavy versions whenever possible. Contains Fish."
1178,Kerala,High Cholesterol,Breakfast,"Karikku Dosa + Chicken Curry (Boiled, Lean)",290,24,35,8,6,High,Low,Low,Safe,"Rice, Tender Coconut, Chicken, Onion, Curry Leaves",Non-Vegetarian,Chicken,"Use minimal oil, avoid ghee or coconut cream where possible, and keep the preparation lean.",40 mins cardio,"Avoid ghee, coconut cream, and red-meat-heavy versions whenever possible."
1179,Kerala,High Cholesterol,Breakfast,"Pathiri + Chicken Curry (Pan-Cooked, High Fibre)",320,24,35,13,9,High,Low,Medium,Safe,"Rice Flour, Chicken, Onion, Ginger, Coconut",Non-Vegetarian,Chicken,"Use minimal oil, avoid ghee or coconut cream where possible, and keep the preparation lean.",40 mins cardio,"Avoid ghee, coconut cream, and red-meat-heavy versions whenever possible."
1180,Kerala,High Cholesterol,Breakfast,"Puttu + Chicken Curry (Fresh, No Coconut Cream)",295,24,35,10,6,High,Low,Low,Safe,"Rice Flour, Chicken, Onion, Ginger, Curry Leaves",Non-Vegetarian,Chicken,"Use minimal oil, avoid ghee or coconut cream where possible, and keep the preparation lean.",40 mins cardio,"Avoid ghee, coconut cream, and red-meat-heavy versions whenever possible."
1181,Kerala,High Cholesterol,Breakfast,"Puttu + Egg Curry (Baked, High Fibre)",285,20,35,9,9,High,Low,Low,"Egg, Eggs","Rice Flour, Eggs, Onion, Tomato, Coconut",Non-Vegetarian,,"Use minimal oil, avoid ghee or coconut cream where possible, and keep the preparation lean.",40 mins cardio,"Avoid ghee, coconut cream, and red-meat-heavy versions whenever possible. Contains Eggs."
1182,Kerala,High Cholesterol,Breakfast,"Puttu + Fish Curry (Pan-Cooked, No Coconut Cream)",290,22,35,8,6,High,Low,Low,Fish,"Rice Flour, Fish, Coconut, Tamarind, Curry Leaves",Non-Vegetarian,Fish,"Use minimal oil, avoid ghee or coconut cream where possible, and keep the preparation lean.",40 mins cardio,"Avoid ghee, coconut cream, and red-meat-heavy versions whenever possible. Contains Fish."
1183,Kerala,High Cholesterol,Breakfast,"Uppumavu + Egg Roast (Steamed, Lean)",280,20,35,7,6,Low,Low,Low,"Egg, Eggs, Gluten","Semolina, Eggs, Onion, Curry Leaves",Non-Vegetarian,,"Use minimal oil, avoid ghee or coconut cream where possible, and keep the preparation lean.",40 mins cardio,"Avoid ghee, coconut cream, and red-meat-heavy versions whenever possible. Contains Eggs, Gluten."
1184,Kerala,High Cholesterol,Breakfast,"Wheat Dosa + Fish Curry (Oil-Light, No Coconut Cream)",290,22,35,8,6,Low,Low,Low,"Fish, Gluten","Wheat Flour, Fish, Onion, Tamarind, Curry Leaves",Non-Vegetarian,Fish,"Use minimal oil, avoid ghee or coconut cream where possible, and keep the preparation lean.",40 mins cardio,"Avoid ghee, coconut cream, and red-meat-heavy versions whenever possible. Contains Fish, Gluten."
1185,Kerala,High Cholesterol,Breakfast,"Appam + Ishtu (Baked, No Ghee)",265,13,39,4,7,High,Medium,Low,Dairy,"Rice Flour, Coconut Milk, Vegetables, Pepper",Vegan,,"Use minimal oil, avoid ghee or coconut cream where possible, and keep the preparation lean.",40 mins cardio,"Avoid ghee, coconut cream, and red-meat-heavy versions whenever possible."
1186,Kerala,High Cholesterol,Breakfast,"Appam + Vegetable Stew (Oil-Light, Minimal Oil)",265,13,39,4,7,High,Low,Low,Safe,"Rice Flour, Coconut, Mixed Vegetables, Ginger, Curry Leaves",Vegan,,"Use minimal oil, avoid ghee or coconut cream where possible, and keep the preparation lean. This version keeps the seasoning lighter while staying close to the Kerala original.",40 mins cardio,"Avoid ghee, coconut cream, and red-meat-heavy versions whenever possible."
1187,Kerala,High Cholesterol,Breakfast,"Cherupayar Sundal (Lightly Cooked, Minimal Oil)",275,16,38,5,9,Low,Low,Low,Mustard,"Green Gram, Coconut, Curry Leaves, Mustard Seeds",Vegan,,"Use minimal oil, avoid ghee or coconut cream where possible, and keep the preparation lean. This version keeps the seasoning lighter while staying close to the Kerala original.",40 mins cardio,"Avoid ghee, coconut cream, and red-meat-heavy versions whenever possible."
1188,Kerala,High Cholesterol,Breakfast,"Dosa + Sambar (Fresh, Lean)",285,13,39,5,7,High,Medium,Low,Safe,"Rice, Urad Dal, Toor Dal, Mixed Vegetables",Vegan,,"Use minimal oil, avoid ghee or coconut cream where possible, and keep the preparation lean.",40 mins cardio,"Avoid ghee, coconut cream, and red-meat-heavy versions whenever possible."
1189,Kerala,High Cholesterol,Breakfast,"Idiyappam + Cherupayar Curry (Lightly Cooked, Lean)",270,16,38,3,9,High,Low,Low,Safe,"Rice Flour, Green Gram, Coconut, Curry Leaves",Vegan,,"Use minimal oil, avoid ghee or coconut cream where possible, and keep the preparation lean.",40 mins cardio,"Avoid ghee, coconut cream, and red-meat-heavy versions whenever possible."
1190,Kerala,High Cholesterol,Breakfast,"Idli + Sambar (Oil-Light, Lean)",270,16,38,3,9,High,Low,Low,Safe,"Rice, Urad Dal, Toor Dal, Mixed Vegetables",Vegan,,"Use minimal oil, avoid ghee or coconut cream where possible, and keep the preparation lean.",40 mins cardio,"Avoid ghee, coconut cream, and red-meat-heavy versions whenever possible."
1191,Kerala,High Cholesterol,Breakfast,"Kadala Sundal (Pan-Cooked, Minimal Oil)",275,16,38,5,9,Low,Low,Low,Mustard,"Black Chickpeas, Coconut, Curry Leaves, Mustard Seeds",Vegan,,"Use minimal oil, avoid ghee or coconut cream where possible, and keep the preparation lean. This version keeps the seasoning lighter while staying close to the Kerala original.",40 mins cardio,"Avoid ghee, coconut cream, and red-meat-heavy versions whenever possible."
1192,Kerala,High Cholesterol,Breakfast,"Kalappam + Kadala Curry (Grilled, Minimal Oil)",226,13,39,2,7,High,Low,Low,Safe,"Rice Flour, Coconut, Black Chickpeas, Onion",Vegan,,"Use minimal oil, avoid ghee or coconut cream where possible, and keep the preparation lean. This version keeps the seasoning lighter while staying close to the Kerala original.",40 mins cardio,"Avoid ghee, coconut cream, and red-meat-heavy versions whenever possible."
1193,Kerala,High Cholesterol,Breakfast,"Kappa Puzhukku + Kadala Curry (Baked, Minimal Oil)",280,14,43,6,8,Low,Medium,Low,Safe,"Tapioca, Black Chickpeas, Coconut, Curry Leaves",Vegan,,"Use minimal oil, avoid ghee or coconut cream where possible, and keep the preparation lean. This version keeps the seasoning lighter while staying close to the Kerala original.",40 mins cardio,"Avoid ghee, coconut cream, and red-meat-heavy versions whenever possible."
1194,Kerala,High Cholesterol,Breakfast,"Karikku Dosa + Coconut Chutney (Fresh, Minimal Oil)",265,13,39,4,7,High,Low,Low,Safe,"Rice, Tender Coconut, Coconut, Green Chilli, Curry Leaves",Vegan,,"Use minimal oil, avoid ghee or coconut cream where possible, and keep the preparation lean. This version keeps the seasoning lighter while staying close to the Kerala original.",40 mins cardio,"Avoid ghee, coconut cream, and red-meat-heavy versions whenever possible."
1195,Kerala,High Cholesterol,Breakfast,"Pathiri + Kadala Curry (Pan-Cooked, Lean)",285,13,39,5,7,High,Low,Low,Safe,"Rice Flour, Black Chickpeas, Onion, Ginger, Coconut",Vegan,,"Use minimal oil, avoid ghee or coconut cream where possible, and keep the preparation lean.",40 mins cardio,"Avoid ghee, coconut cream, and red-meat-heavy versions whenever possible."
1196,Kerala,High Cholesterol,Breakfast,"Pathiri + Vegetable Kurma (Boiled, No Ghee)",265,13,39,4,7,High,Low,Low,Safe,"Rice Flour, Mixed Vegetables, Coconut, Cumin",Vegan,,"Use minimal oil, avoid ghee or coconut cream where possible, and keep the preparation lean.",40 mins cardio,"Avoid ghee, coconut cream, and red-meat-heavy versions whenever possible."
1197,Kerala,High Cholesterol,Breakfast,"Peppered Kanji + Cherupayar Curry (Grilled, No Ghee)",226,13,39,2,7,High,Low,Low,Safe,"Rice, Pepper, Green Gram, Curry Leaves",Vegan,,"Use minimal oil, avoid ghee or coconut cream where possible, and keep the preparation lean.",40 mins cardio,"Avoid ghee, coconut cream, and red-meat-heavy versions whenever possible."
1198,Kerala,High Cholesterol,Breakfast,"Puttu + Kadala Curry (Baked, Lean)",270,16,38,3,9,High,Low,Low,Safe,"Rice Flour, Black Chickpeas, Coconut, Curry Leaves",Vegan,,"Use minimal oil, avoid ghee or coconut cream where possible, and keep the preparation lean.",40 mins cardio,"Avoid ghee, coconut cream, and red-meat-heavy versions whenever possible."
1199,Kerala,High Cholesterol,Breakfast,"Ragi Puttu + Cherupayar Curry (Steamed, Minimal Oil)",265,13,39,4,7,Low,Low,Low,Safe,"Finger Millet, Green Gram, Coconut, Curry Leaves",Vegan,,"Use minimal oil, avoid ghee or coconut cream where possible, and keep the preparation lean. This version keeps the seasoning lighter while staying close to the Kerala original.",40 mins cardio,"Avoid ghee, coconut cream, and red-meat-heavy versions whenever possible."
1200,Kerala,High Cholesterol,Breakfast,"Uppumavu + Green Peas Curry (Steamed, No Ghee)",265,13,39,4,7,Low,Medium,Low,"Gluten, Mustard","Semolina, Green Peas, Onion, Mustard Seeds, Curry Leaves",Vegan,,"Use minimal oil, avoid ghee or coconut cream where possible, and keep the preparation lean.",40 mins cardio,"Avoid ghee, coconut cream, and red-meat-heavy versions whenever possible. Contains Gluten."
1201,Kerala,High Cholesterol,Lunch,"Appam + Vegetable Stew (Fresh, Heart-Friendly)",359,20,54,7,9,High,Low,Medium,Safe,"Rice Flour, Coconut, Mixed Vegetables, Ginger, Curry Leaves",Vegetarian,,"Use minimal oil, avoid ghee or coconut cream where possible, and keep the preparation lean.",30 mins brisk walk,"Avoid ghee, coconut cream, and red-meat-heavy versions whenever possible."
1202,Kerala,High Cholesterol,Lunch,"Idiyappam + Cherupayar Curry (Pan-Cooked, No Ghee)",425,23,53,8,11,High,Low,Low,Safe,"Rice Flour, Green Gram, Coconut, Curry Leaves",Vegetarian,,"Use minimal oil, avoid ghee or coconut cream where possible, and keep the preparation lean.",30 mins brisk walk,"Avoid ghee, coconut cream, and red-meat-heavy versions whenever possible."
1203,Kerala,High Cholesterol,Lunch,"Idli + Sambar (Fresh, No Ghee)",425,23,53,8,11,High,Low,Low,Safe,"Rice, Urad Dal, Toor Dal, Mixed Vegetables",Vegetarian,,"Use minimal oil, avoid ghee or coconut cream where possible, and keep the preparation lean.",30 mins brisk walk,"Avoid ghee, coconut cream, and red-meat-heavy versions whenever possible."
1204,Kerala,High Cholesterol,Lunch,"Kappa + Cherupayar Curry (Oil-Light, Heart-Friendly)",430,21,58,9,10,Low,Low,Low,Safe,"Tapioca, Green Gram, Coconut, Curry Leaves",Vegetarian,,"Use minimal oil, avoid ghee or coconut cream where possible, and keep the preparation lean.",30 mins brisk walk,"Avoid ghee, coconut cream, and red-meat-heavy versions whenever possible."
1205,Kerala,High Cholesterol,Lunch,"Kappa + Kadala Curry (Pan-Cooked, Heart-Friendly)",430,21,58,9,10,Low,Low,Low,Safe,"Tapioca, Black Chickpeas, Coconut, Curry Leaves",Vegetarian,,"Use minimal oil, avoid ghee or coconut cream where possible, and keep the preparation lean.",30 mins brisk walk,"Avoid ghee, coconut cream, and red-meat-heavy versions whenever possible."
1206,Kerala,High Cholesterol,Lunch,"Kappa Puzhukku + Kadala Curry (Grilled, Heart-Friendly)",425,21,58,7,10,Low,Low,Low,Safe,"Tapioca, Black Chickpeas, Coconut, Curry Leaves",Vegetarian,,"Use minimal oil, avoid ghee or coconut cream where possible, and keep the preparation lean.",30 mins brisk walk,"Avoid ghee, coconut cream, and red-meat-heavy versions whenever possible."
1207,Kerala,High Cholesterol,Lunch,Matta Rice + Ashgourd Olan + Kovakka,400,20,55,11,10,High,Medium,Low,Gluten,"Matta Rice, Ashgourd, Ivy Gourd",Vegetarian,,Cook olan without coconut milk; steam ivy gourd.,40 mins steady cardio,Monitor lipid profile quarterly
1208,Kerala,High Cholesterol,Lunch,"Matta Rice + Koottu Curry (Lightly Cooked, Heart-Friendly)",318,20,46,6,11,High,Low,Low,Gluten,"Matta Rice, Yam, Plantain, Black Chickpeas, Coconut",Vegetarian,,"Use minimal oil, avoid ghee or coconut cream where possible, and keep the preparation lean.",30 mins brisk walk,"Avoid ghee, coconut cream, and red-meat-heavy versions whenever possible."
1209,Kerala,High Cholesterol,Lunch,Matta Rice + Moru Curry + Cheera Thoran,400,20,55,11,10,High,Medium,Low,"Dairy, Gluten","Matta Rice, Skimmed Yogurt, Spinach",Vegetarian,,Use fully skimmed yogurt; steam spinach.,40 mins steady cardio,Monitor lipid profile quarterly
1210,Kerala,High Cholesterol,Lunch,Matta Rice + Parippu + Vendakka (Boiled),400,20,55,11,10,High,Medium,Low,Gluten,"Matta Rice, Moong Dal, Okra",Vegetarian,,Boil dal without ghee; steam okra.,40 mins steady cardio,Monitor lipid profile quarterly
1211,Kerala,High Cholesterol,Lunch,"Matta Rice + Parippu Curry (Baked, Heart-Friendly)",427,22,56,8,10,High,Medium,Low,Gluten,"Matta Rice, Toor Dal, Coconut, Curry Leaves",Vegetarian,,"Use minimal oil, avoid ghee or coconut cream where possible, and keep the preparation lean.",30 mins brisk walk,"Avoid ghee, coconut cream, and red-meat-heavy versions whenever possible."
1212,Kerala,High Cholesterol,Lunch,"Matta Rice + Sambar (Boiled, Heart-Friendly)",427,22,56,8,10,High,Low,Low,Gluten,"Matta Rice, Toor Dal, Mixed Vegetables, Tamarind",Vegetarian,,"Use minimal oil, avoid ghee or coconut cream where possible, and keep the preparation lean.",30 mins brisk walk,"Avoid ghee, coconut cream, and red-meat-heavy versions whenever possible."
1213,Kerala,High Cholesterol,Lunch,Matta Rice + Sambar (No coconut) + Beans Thoran,400,20,55,11,10,High,Medium,Low,Gluten,"Matta Rice, Toor Dal, Green Beans",Vegetarian,,Boil sambar and beans without coconut or oil.,40 mins steady cardio,Monitor lipid profile quarterly
1214,Kerala,High Cholesterol,Lunch,"Pathiri + Kadala Curry (Oil-Light, No Ghee)",359,20,54,7,9,High,Low,Low,Safe,"Rice Flour, Black Chickpeas, Onion, Ginger, Coconut",Vegetarian,,"Use minimal oil, avoid ghee or coconut cream where possible, and keep the preparation lean.",30 mins brisk walk,"Avoid ghee, coconut cream, and red-meat-heavy versions whenever possible."
1215,Kerala,High Cholesterol,Lunch,"Puttu + Kadala Curry (Lightly Cooked, No Ghee)",425,23,53,8,11,High,Low,Low,Safe,"Rice Flour, Black Chickpeas, Coconut, Curry Leaves",Vegetarian,,"Use minimal oil, avoid ghee or coconut cream where possible, and keep the preparation lean.",30 mins brisk walk,"Avoid ghee, coconut cream, and red-meat-heavy versions whenever possible."
1216,Kerala,High Cholesterol,Lunch,"Ragi Puttu + Cherupayar Curry (Steamed, Heart-Friendly)",359,20,54,7,9,Low,Medium,Low,Safe,"Finger Millet, Green Gram, Coconut, Curry Leaves",Vegetarian,,"Use minimal oil, avoid ghee or coconut cream where possible, and keep the preparation lean.",30 mins brisk walk,"Avoid ghee, coconut cream, and red-meat-heavy versions whenever possible."
1217,Kerala,High Cholesterol,Lunch,"Appam + Fish Moilee (Boiled, Portion-Controlled)",440,29,50,11,8,High,Low,Low,"Dairy, Fish","Rice Flour, Fish, Coconut Milk, Green Chilli, Curry Leaves",Non-Vegetarian,Fish,"Use minimal oil, avoid ghee or coconut cream where possible, and keep the preparation lean.",30 mins brisk walk,"Avoid ghee, coconut cream, and red-meat-heavy versions whenever possible. Contains Fish, Dairy."
1218,Kerala,High Cholesterol,Lunch,"Chicken Pepper Fry (Grilled, Portion-Controlled)",440,31,50,11,8,Low,Low,Low,Safe,"Chicken, Black Pepper, Curry Leaves, Shallots, Coconut Oil",Non-Vegetarian,Chicken,"Use minimal oil, avoid ghee or coconut cream where possible, and keep the preparation lean.",30 mins brisk walk,"Avoid ghee, coconut cream, and red-meat-heavy versions whenever possible."
1219,Kerala,High Cholesterol,Lunch,"Fish Fry (Tawa Roasted) (Steamed, Portion-Controlled)",440,29,50,11,8,Low,Low,Low,Fish,"Fish, Pepper, Lemon, Curry Leaves, Coconut Oil",Non-Vegetarian,Fish,"Use minimal oil, avoid ghee or coconut cream where possible, and keep the preparation lean.",30 mins brisk walk,"Avoid ghee, coconut cream, and red-meat-heavy versions whenever possible. Contains Fish."
1220,Kerala,High Cholesterol,Lunch,"Fish Mappas + Rice (Boiled, Low Fat)",440,29,50,11,8,High,Low,Low,"Dairy, Fish","Fish, Rice, Coconut Milk, Shallots, Spices",Non-Vegetarian,Fish,"Use minimal oil, avoid ghee or coconut cream where possible, and keep the preparation lean.",30 mins brisk walk,"Avoid ghee, coconut cream, and red-meat-heavy versions whenever possible. Contains Fish, Dairy."
1221,Kerala,High Cholesterol,Lunch,"Kappa + Fish Curry (Grilled, Low Fat)",435,29,50,9,8,Low,Low,Low,Fish,"Tapioca, Fish, Coconut, Tamarind, Curry Leaves",Non-Vegetarian,Fish,"Use minimal oil, avoid ghee or coconut cream where possible, and keep the preparation lean.",30 mins brisk walk,"Avoid ghee, coconut cream, and red-meat-heavy versions whenever possible. Contains Fish."
1222,Kerala,High Cholesterol,Lunch,"Kappa + Meen Mulakittathu (Steamed, Low Fat)",440,29,50,11,8,Low,Low,Low,Fish,"Tapioca, Fish, Chilli Powder, Tamarind, Curry Leaves",Non-Vegetarian,Fish,"Use minimal oil, avoid ghee or coconut cream where possible, and keep the preparation lean.",30 mins brisk walk,"Avoid ghee, coconut cream, and red-meat-heavy versions whenever possible. Contains Fish."
1223,Kerala,High Cholesterol,Lunch,"Karimeen Pollichathu + Rice (Baked, Low Fat)",440,29,50,11,8,High,Low,Low,Fish,"Karimeen, Rice, Banana Leaf, Coconut, Spices",Non-Vegetarian,Fish,"Use minimal oil, avoid ghee or coconut cream where possible, and keep the preparation lean.",30 mins brisk walk,"Avoid ghee, coconut cream, and red-meat-heavy versions whenever possible. Contains Fish."
1224,Kerala,High Cholesterol,Lunch,"Matta Rice + Alleppey Fish Curry (Oil-Light, Portion-Controlled)",440,29,50,11,8,High,Low,Low,"Fish, Gluten","Matta Rice, Fish, Kudampuli, Coconut, Curry Leaves",Non-Vegetarian,Fish,"Use minimal oil, avoid ghee or coconut cream where possible, and keep the preparation lean.",30 mins brisk walk,"Avoid ghee, coconut cream, and red-meat-heavy versions whenever possible. Contains Fish."
1225,Kerala,High Cholesterol,Lunch,Matta Rice + Chicken Stew (Clear) + Carrot,400,20,55,11,10,High,Medium,Low,Gluten,"Matta Rice, Lean Chicken, Carrot",Non-Vegetarian,chicken,Boil chicken breast in clear spiced broth. Steam carrots.,40 mins steady cardio,Monitor lipid profile quarterly
1226,Kerala,High Cholesterol,Lunch,Matta Rice + Fish Curry (Tamarind base) + Salad,400,20,55,11,10,High,Medium,Low,"Fish, Gluten","Matta Rice, Fish, Tamarind, Cucumber",Non-Vegetarian,fish,Cook fish in tamarind and red chilli. Serve with raw salad.,40 mins steady cardio,Monitor lipid profile quarterly
1227,Kerala,High Cholesterol,Lunch,"Matta Rice + Fish Moilee (Fresh, Portion-Controlled)",440,29,50,11,8,High,Low,Low,"Dairy, Fish, Gluten","Matta Rice, Fish, Coconut Milk, Onion, Curry Leaves",Non-Vegetarian,Fish,"Use minimal oil, avoid ghee or coconut cream where possible, and keep the preparation lean.",30 mins brisk walk,"Avoid ghee, coconut cream, and red-meat-heavy versions whenever possible. Contains Fish, Dairy."
1228,Kerala,High Cholesterol,Lunch,"Matta Rice + Kerala Fish Curry (Pan-Cooked, Portion-Controlled)",440,29,50,11,8,High,Low,Low,"Fish, Gluten","Matta Rice, Fish, Tamarind, Coconut, Curry Leaves",Non-Vegetarian,Fish,"Use minimal oil, avoid ghee or coconut cream where possible, and keep the preparation lean.",30 mins brisk walk,"Avoid ghee, coconut cream, and red-meat-heavy versions whenever possible. Contains Fish."
1229,Kerala,High Cholesterol,Lunch,Matta Rice + Meen Peera (Steamed) + Cabbage Thoran,400,20,55,11,10,High,Medium,Low,"Fish, Gluten","Matta Rice, Small Fish, Cabbage",Non-Vegetarian,fish,Steam fish with kokum; omit grated coconut. Steam cabbage.,40 mins steady cardio,Monitor lipid profile quarterly
1230,Kerala,High Cholesterol,Lunch,"Puttu + Chicken Curry (Lightly Cooked, Portion-Controlled)",445,31,50,13,8,High,Low,Low,Safe,"Rice Flour, Chicken, Onion, Ginger, Curry Leaves",Non-Vegetarian,Chicken,"Use minimal oil, avoid ghee or coconut cream where possible, and keep the preparation lean.",30 mins brisk walk,"Avoid ghee, coconut cream, and red-meat-heavy versions whenever possible."
1231,Kerala,High Cholesterol,Lunch,"Puttu + Fish Curry (Baked, Portion-Controlled)",440,29,50,11,8,High,Low,Low,Fish,"Rice Flour, Fish, Coconut, Tamarind, Curry Leaves",Non-Vegetarian,Fish,"Use minimal oil, avoid ghee or coconut cream where possible, and keep the preparation lean.",30 mins brisk walk,"Avoid ghee, coconut cream, and red-meat-heavy versions whenever possible. Contains Fish."
1232,Kerala,High Cholesterol,Lunch,"Seer Fish Molee + Rice (Lightly Cooked, Low Fat)",440,29,50,11,8,High,Low,Low,"Dairy, Fish","Seer Fish, Rice, Coconut Milk, Green Chilli, Curry Leaves",Non-Vegetarian,Fish,"Use minimal oil, avoid ghee or coconut cream where possible, and keep the preparation lean.",30 mins brisk walk,"Avoid ghee, coconut cream, and red-meat-heavy versions whenever possible. Contains Fish, Dairy."
1233,Kerala,High Cholesterol,Lunch,"Appam + Vegetable Stew (Steamed, High Fibre)",359,20,54,7,12,High,Low,Low,Safe,"Rice Flour, Coconut, Mixed Vegetables, Ginger, Curry Leaves",Vegan,,"Use minimal oil, avoid ghee or coconut cream where possible, and keep the preparation lean.",30 mins brisk walk,"Avoid ghee, coconut cream, and red-meat-heavy versions whenever possible."
1234,Kerala,High Cholesterol,Lunch,"Cucumber Salad (Boiled, High Fibre)",293,18,44,5,11,Low,Low,Low,Safe,"Cucumber, Onion, Lemon, Curry Leaves",Vegan,,"Use minimal oil, avoid ghee or coconut cream where possible, and keep the preparation lean.",30 mins brisk walk,"Avoid ghee, coconut cream, and red-meat-heavy versions whenever possible."
1235,Kerala,High Cholesterol,Lunch,"Idiyappam + Cherupayar Curry (Oil-Light, Low Fat)",425,23,53,8,11,High,Low,Low,Safe,"Rice Flour, Green Gram, Coconut, Curry Leaves",Vegan,,"Use minimal oil, avoid ghee or coconut cream where possible, and keep the preparation lean.",30 mins brisk walk,"Avoid ghee, coconut cream, and red-meat-heavy versions whenever possible."
1236,Kerala,High Cholesterol,Lunch,"Idli + Sambar (Steamed, No Coconut Cream)",425,23,53,8,11,High,Low,Low,Safe,"Rice, Urad Dal, Toor Dal, Mixed Vegetables",Vegan,,"Use minimal oil, avoid ghee or coconut cream where possible, and keep the preparation lean.",30 mins brisk walk,"Avoid ghee, coconut cream, and red-meat-heavy versions whenever possible."
1237,Kerala,High Cholesterol,Lunch,"Kappa + Cherupayar Curry (Fresh, No Coconut Cream)",430,21,58,9,10,Low,Medium,Low,Safe,"Tapioca, Green Gram, Coconut, Curry Leaves",Vegan,,"Use minimal oil, avoid ghee or coconut cream where possible, and keep the preparation lean.",30 mins brisk walk,"Avoid ghee, coconut cream, and red-meat-heavy versions whenever possible."
1238,Kerala,High Cholesterol,Lunch,"Kappa + Kadala Curry (Oil-Light, No Coconut Cream)",430,21,58,9,10,Low,Low,Low,Safe,"Tapioca, Black Chickpeas, Coconut, Curry Leaves",Vegan,,"Use minimal oil, avoid ghee or coconut cream where possible, and keep the preparation lean.",30 mins brisk walk,"Avoid ghee, coconut cream, and red-meat-heavy versions whenever possible."
1239,Kerala,High Cholesterol,Lunch,"Kappa Puzhukku + Kadala Curry (Boiled, No Coconut Cream)",430,21,58,9,10,Low,Low,Low,Safe,"Tapioca, Black Chickpeas, Coconut, Curry Leaves",Vegan,,"Use minimal oil, avoid ghee or coconut cream where possible, and keep the preparation lean.",30 mins brisk walk,"Avoid ghee, coconut cream, and red-meat-heavy versions whenever possible."
1240,Kerala,High Cholesterol,Lunch,"Matta Rice + Koottu Curry (Pan-Cooked, No Coconut Cream)",318,20,46,6,11,High,Low,Low,Gluten,"Matta Rice, Yam, Plantain, Black Chickpeas, Coconut",Vegan,,"Use minimal oil, avoid ghee or coconut cream where possible, and keep the preparation lean.",30 mins brisk walk,"Avoid ghee, coconut cream, and red-meat-heavy versions whenever possible."
1241,Kerala,High Cholesterol,Lunch,"Matta Rice + Parippu Curry (Lightly Cooked, No Coconut Cream)",427,22,56,8,10,High,Medium,Low,Gluten,"Matta Rice, Toor Dal, Coconut, Curry Leaves",Vegan,,"Use minimal oil, avoid ghee or coconut cream where possible, and keep the preparation lean.",30 mins brisk walk,"Avoid ghee, coconut cream, and red-meat-heavy versions whenever possible."
1242,Kerala,High Cholesterol,Lunch,"Matta Rice + Sambar (Baked, No Coconut Cream)",427,22,56,8,10,High,Low,Low,Gluten,"Matta Rice, Toor Dal, Mixed Vegetables, Tamarind",Vegan,,"Use minimal oil, avoid ghee or coconut cream where possible, and keep the preparation lean.",30 mins brisk walk,"Avoid ghee, coconut cream, and red-meat-heavy versions whenever possible."
1243,Kerala,High Cholesterol,Lunch,"Matta Rice + Thoran (Lightly Cooked, High Fibre)",318,20,46,6,14,High,Medium,Low,"Gluten, Mustard","Matta Rice, Cabbage, Coconut, Mustard Seeds",Vegan,,"Use minimal oil, avoid ghee or coconut cream where possible, and keep the preparation lean.",30 mins brisk walk,"Avoid ghee, coconut cream, and red-meat-heavy versions whenever possible."
1244,Kerala,High Cholesterol,Lunch,"Pathiri + Kadala Curry (Fresh, Low Fat)",359,20,54,7,9,High,Medium,Low,Safe,"Rice Flour, Black Chickpeas, Onion, Ginger, Coconut",Vegan,,"Use minimal oil, avoid ghee or coconut cream where possible, and keep the preparation lean.",30 mins brisk walk,"Avoid ghee, coconut cream, and red-meat-heavy versions whenever possible."
1245,Kerala,High Cholesterol,Lunch,"Peppered Kanji + Cherupayar Curry (Grilled, High Fibre)",341,20,54,5,12,High,Low,Low,Safe,"Rice, Pepper, Green Gram, Curry Leaves",Vegan,,"Use minimal oil, avoid ghee or coconut cream where possible, and keep the preparation lean.",30 mins brisk walk,"Avoid ghee, coconut cream, and red-meat-heavy versions whenever possible."
1246,Kerala,High Cholesterol,Lunch,"Puttu + Kadala Curry (Pan-Cooked, Low Fat)",425,23,53,8,11,High,Low,Low,Safe,"Rice Flour, Black Chickpeas, Coconut, Curry Leaves",Vegan,,"Use minimal oil, avoid ghee or coconut cream where possible, and keep the preparation lean.",30 mins brisk walk,"Avoid ghee, coconut cream, and red-meat-heavy versions whenever possible."
1247,Kerala,High Cholesterol,Lunch,"Ragi Puttu + Cherupayar Curry (Grilled, No Coconut Cream)",341,20,54,5,9,Low,Low,Low,Safe,"Finger Millet, Green Gram, Coconut, Curry Leaves",Vegan,,"Use minimal oil, avoid ghee or coconut cream where possible, and keep the preparation lean.",30 mins brisk walk,"Avoid ghee, coconut cream, and red-meat-heavy versions whenever possible."
1248,Kerala,High Cholesterol,Lunch,"Veg Sadya Plate (Baked, High Fibre)",318,20,46,6,14,High,Low,Low,Safe,"Rice, Avial, Thoran, Olan, Sambar, Parippu, Pickles",Vegan,,"Use minimal oil, avoid ghee or coconut cream where possible, and keep the preparation lean.",30 mins brisk walk,"Avoid ghee, coconut cream, and red-meat-heavy versions whenever possible."
1249,Kerala,High Cholesterol,Snack,"Avalose Podi (Baked, Lean)",170,8,30,5,3,High,Low,Low,Safe,"Rice Flour, Coconut, Cumin, Jaggery",Vegetarian,,"Use minimal oil, avoid ghee or coconut cream where possible, and keep the preparation lean.",20 mins light cycling,"Avoid ghee, coconut cream, and red-meat-heavy versions whenever possible."
1250,Kerala,High Cholesterol,Snack,Buttermilk (No fat),150,5,20,5,5,Low,Medium,Low,Dairy,Skimmed Yogurt,Vegetarian,,Dilute fully skimmed yogurt with water.,40 mins steady cardio,Monitor lipid profile quarterly
1251,Kerala,High Cholesterol,Snack,Carrot Sticks,150,5,20,5,5,Low,Low,Low,Safe,Carrot,Vegetarian,,Eat raw.,40 mins steady cardio,Monitor lipid profile quarterly
1252,Kerala,High Cholesterol,Snack,"Cherupayar Sundal (Oil-Light, High Fibre)",155,11,21,2,10,Low,Low,Low,Mustard,"Green Gram, Coconut, Curry Leaves, Mustard Seeds",Vegetarian,,"Use minimal oil, avoid ghee or coconut cream where possible, and keep the preparation lean.",20 mins light cycling,"Avoid ghee, coconut cream, and red-meat-heavy versions whenever possible."
1253,Kerala,High Cholesterol,Snack,"Cucumber Salad (Steamed, Lean)",81,6,12,1,4,Low,Low,Low,Safe,"Cucumber, Onion, Lemon, Curry Leaves",Vegetarian,,"Use minimal oil, avoid ghee or coconut cream where possible, and keep the preparation lean.",20 mins light cycling,"Avoid ghee, coconut cream, and red-meat-heavy versions whenever possible."
1254,Kerala,High Cholesterol,Snack,"Ilayada (Lightly Cooked, Lean)",170,8,30,5,3,High,Low,Low,Safe,"Rice Flour, Jaggery, Coconut, Banana Leaf",Vegetarian,,"Use minimal oil, avoid ghee or coconut cream where possible, and keep the preparation lean.",20 mins light cycling,"Avoid ghee, coconut cream, and red-meat-heavy versions whenever possible."
1255,Kerala,High Cholesterol,Snack,"Kadala Sundal (Fresh, High Fibre)",180,11,21,5,10,Low,Medium,Medium,Mustard,"Black Chickpeas, Coconut, Curry Leaves, Mustard Seeds",Vegetarian,,"Use minimal oil, avoid ghee or coconut cream where possible, and keep the preparation lean.",20 mins light cycling,"Avoid ghee, coconut cream, and red-meat-heavy versions whenever possible."
1256,Kerala,High Cholesterol,Snack,Kadala Sundal (No coconut),150,5,20,5,5,Low,Medium,Low,Safe,Black Chickpeas,Vegetarian,,Boil chickpeas without any oil or coconut garnish.,40 mins steady cardio,Monitor lipid profile quarterly
1257,Kerala,High Cholesterol,Snack,"Kozhukkatta (Boiled, Lean)",170,8,30,5,3,High,Low,Low,Safe,"Rice Flour, Jaggery, Coconut",Vegetarian,,"Use minimal oil, avoid ghee or coconut cream where possible, and keep the preparation lean.",20 mins light cycling,"Avoid ghee, coconut cream, and red-meat-heavy versions whenever possible."
1258,Kerala,High Cholesterol,Snack,Roasted Chickpeas,150,5,20,5,5,Low,Medium,Low,Safe,Chickpeas,Vegetarian,,Dry roast plain.,40 mins steady cardio,Monitor lipid profile quarterly
1259,Kerala,High Cholesterol,Snack,"Roasted Peanuts (Pan-Cooked, High Fibre)",90,6,12,2,7,Low,Low,Low,"Peanut, Peanuts","Peanuts, Curry Leaves, Salt",Vegetarian,,"Use minimal oil, avoid ghee or coconut cream where possible, and keep the preparation lean.",20 mins light cycling,"Avoid ghee, coconut cream, and red-meat-heavy versions whenever possible. Contains Peanuts."
1260,Kerala,High Cholesterol,Snack,Sprouted Moong,150,5,20,5,5,Low,Medium,Low,Safe,Green Gram Sprouts,Vegetarian,,Steam plain.,40 mins steady cardio,Monitor lipid profile quarterly
1261,Kerala,High Cholesterol,Snack,Steamed Corn,150,5,20,5,5,Medium,Medium,Low,Safe,Sweet Corn,Vegetarian,,Boil plain.,40 mins steady cardio,Monitor lipid profile quarterly
1262,Kerala,High Cholesterol,Snack,Steamed Pazham,150,5,20,5,5,Medium,Low,Low,Safe,Nendran Banana,Vegetarian,,Steam plantain plainly.,40 mins steady cardio,Monitor lipid profile quarterly
1263,Kerala,High Cholesterol,Snack,"Tender Coconut (Pan-Cooked, Lean)",81,6,12,1,4,Low,Low,Low,Safe,"Tender Coconut Water, Tender Coconut Flesh",Vegetarian,,"Use minimal oil, avoid ghee or coconut cream where possible, and keep the preparation lean.",20 mins light cycling,"Avoid ghee, coconut cream, and red-meat-heavy versions whenever possible."
1264,Kerala,High Cholesterol,Snack,"Vishu Katta + Vegetable Curry (Grilled, Lean)",140,8,22,1,5,High,Low,Low,Safe,"Rice Flour, Cumin, Vegetables, Curry Leaves",Vegetarian,,"Use minimal oil, avoid ghee or coconut cream where possible, and keep the preparation lean.",20 mins light cycling,"Avoid ghee, coconut cream, and red-meat-heavy versions whenever possible."
1265,Kerala,High Cholesterol,Snack,"Boiled Egg + Pepper (Baked, Minimal Oil)",165,15,18,6,4,Low,Low,Low,"Egg, Eggs","Eggs, Black Pepper, Curry Leaves, Salt",Non-Vegetarian,,"Use minimal oil, avoid ghee or coconut cream where possible, and keep the preparation lean. This version keeps the seasoning lighter while staying close to the Kerala original.",20 mins light cycling,"Avoid ghee, coconut cream, and red-meat-heavy versions whenever possible. Contains Eggs."
1266,Kerala,High Cholesterol,Snack,"Boiled Egg + Pepper (Boiled, No Ghee)",165,15,18,6,4,Low,Low,Low,"Egg, Eggs","Eggs, Black Pepper, Curry Leaves, Salt",Non-Vegetarian,,"Use minimal oil, avoid ghee or coconut cream where possible, and keep the preparation lean.",20 mins light cycling,"Avoid ghee, coconut cream, and red-meat-heavy versions whenever possible. Contains Eggs."
1267,Kerala,High Cholesterol,Snack,"Chicken Pepper Fry (Fresh, Minimal Oil)",211,19,18,7,4,Low,Low,Low,Safe,"Chicken, Black Pepper, Curry Leaves, Shallots, Coconut Oil",Non-Vegetarian,Chicken,"Use minimal oil, avoid ghee or coconut cream where possible, and keep the preparation lean. This version keeps the seasoning lighter while staying close to the Kerala original.",20 mins light cycling,"Avoid ghee, coconut cream, and red-meat-heavy versions whenever possible."
1268,Kerala,High Cholesterol,Snack,"Chicken Pepper Fry (Steamed, Minimal Oil)",211,19,18,7,4,Low,Low,Low,Safe,"Chicken, Black Pepper, Curry Leaves, Shallots, Coconut Oil",Non-Vegetarian,Chicken,"Use minimal oil, avoid ghee or coconut cream where possible, and keep the preparation lean. This version keeps the seasoning lighter while staying close to the Kerala original.",20 mins light cycling,"Avoid ghee, coconut cream, and red-meat-heavy versions whenever possible."
1269,Kerala,High Cholesterol,Snack,"Chicken Soup (Boiled, Minimal Oil)",211,19,18,7,4,Low,Low,Low,Safe,"Chicken, Pepper, Ginger, Curry Leaves, Onion",Non-Vegetarian,Chicken,"Use minimal oil, avoid ghee or coconut cream where possible, and keep the preparation lean. This version keeps the seasoning lighter while staying close to the Kerala original.",20 mins light cycling,"Avoid ghee, coconut cream, and red-meat-heavy versions whenever possible."
1270,Kerala,High Cholesterol,Snack,"Chicken Soup (Grilled, No Ghee)",170,19,18,5,4,Low,Low,Low,Safe,"Chicken, Pepper, Ginger, Curry Leaves, Onion",Non-Vegetarian,Chicken,"Use minimal oil, avoid ghee or coconut cream where possible, and keep the preparation lean.",20 mins light cycling,"Avoid ghee, coconut cream, and red-meat-heavy versions whenever possible."
1271,Kerala,High Cholesterol,Snack,"Egg White Roast (Baked, No Ghee)",165,15,18,6,4,Low,Low,Low,"Egg, Eggs","Egg Whites, Onion, Tomato, Black Pepper, Curry Leaves",Non-Vegetarian,,"Use minimal oil, avoid ghee or coconut cream where possible, and keep the preparation lean.",20 mins light cycling,"Avoid ghee, coconut cream, and red-meat-heavy versions whenever possible. Contains Eggs."
1272,Kerala,High Cholesterol,Snack,"Egg White Roast (Lightly Cooked, Minimal Oil)",165,15,18,6,4,Low,Low,Low,"Egg, Eggs","Egg Whites, Onion, Tomato, Black Pepper, Curry Leaves",Non-Vegetarian,,"Use minimal oil, avoid ghee or coconut cream where possible, and keep the preparation lean. This version keeps the seasoning lighter while staying close to the Kerala original.",20 mins light cycling,"Avoid ghee, coconut cream, and red-meat-heavy versions whenever possible. Contains Eggs."
1273,Kerala,High Cholesterol,Snack,"Fish Fry (Tawa Roasted) (Fresh, Lean)",190,17,18,6,4,Low,Low,Low,Fish,"Fish, Pepper, Lemon, Curry Leaves, Coconut Oil",Non-Vegetarian,Fish,"Use minimal oil, avoid ghee or coconut cream where possible, and keep the preparation lean.",20 mins light cycling,"Avoid ghee, coconut cream, and red-meat-heavy versions whenever possible. Contains Fish."
1274,Kerala,High Cholesterol,Snack,"Fish Fry (Tawa Roasted) (Oil-Light, Minimal Oil)",170,17,18,5,4,Low,Low,Low,Fish,"Fish, Pepper, Lemon, Curry Leaves, Coconut Oil",Non-Vegetarian,Fish,"Use minimal oil, avoid ghee or coconut cream where possible, and keep the preparation lean. This version keeps the seasoning lighter while staying close to the Kerala original.",20 mins light cycling,"Avoid ghee, coconut cream, and red-meat-heavy versions whenever possible. Contains Fish."
1275,Kerala,High Cholesterol,Snack,"Fish Fry (Tawa Roasted) (Pan-Cooked, No Ghee)",170,17,18,5,4,Low,Low,Low,Fish,"Fish, Pepper, Lemon, Curry Leaves, Coconut Oil",Non-Vegetarian,Fish,"Use minimal oil, avoid ghee or coconut cream where possible, and keep the preparation lean.",20 mins light cycling,"Avoid ghee, coconut cream, and red-meat-heavy versions whenever possible. Contains Fish."
1276,Kerala,High Cholesterol,Snack,"Grilled Fish Bites (Lightly Cooked, No Ghee)",170,17,18,5,4,Low,Low,Low,Fish,"Fish, Lemon, Pepper, Curry Leaves, Coconut Oil",Non-Vegetarian,Fish,"Use minimal oil, avoid ghee or coconut cream where possible, and keep the preparation lean.",20 mins light cycling,"Avoid ghee, coconut cream, and red-meat-heavy versions whenever possible. Contains Fish."
1277,Kerala,High Cholesterol,Snack,"Grilled Fish Bites (Oil-Light, Lean)",165,17,18,3,4,Low,Low,Low,Fish,"Fish, Lemon, Pepper, Curry Leaves, Coconut Oil",Non-Vegetarian,Fish,"Use minimal oil, avoid ghee or coconut cream where possible, and keep the preparation lean.",20 mins light cycling,"Avoid ghee, coconut cream, and red-meat-heavy versions whenever possible. Contains Fish."
1278,Kerala,High Cholesterol,Snack,"Grilled Fish Bites (Pan-Cooked, Minimal Oil)",170,17,18,5,4,Low,Low,Low,Fish,"Fish, Lemon, Pepper, Curry Leaves, Coconut Oil",Non-Vegetarian,Fish,"Use minimal oil, avoid ghee or coconut cream where possible, and keep the preparation lean. This version keeps the seasoning lighter while staying close to the Kerala original.",20 mins light cycling,"Avoid ghee, coconut cream, and red-meat-heavy versions whenever possible. Contains Fish."
1279,Kerala,High Cholesterol,Snack,"Steamed Prawns (Grilled, Minimal Oil)",165,16,18,3,4,Low,Low,Low,"Fish, Shellfish","Prawns, Lemon, Pepper, Curry Leaves",Non-Vegetarian,Seafood,"Use minimal oil, avoid ghee or coconut cream where possible, and keep the preparation lean. This version keeps the seasoning lighter while staying close to the Kerala original.",20 mins light cycling,"Avoid ghee, coconut cream, and red-meat-heavy versions whenever possible. Contains Shellfish."
1280,Kerala,High Cholesterol,Snack,"Steamed Prawns (Steamed, No Ghee)",170,16,18,5,4,Low,Low,Low,"Fish, Shellfish","Prawns, Lemon, Pepper, Curry Leaves",Non-Vegetarian,Seafood,"Use minimal oil, avoid ghee or coconut cream where possible, and keep the preparation lean.",20 mins light cycling,"Avoid ghee, coconut cream, and red-meat-heavy versions whenever possible. Contains Shellfish."
1281,Kerala,High Cholesterol,Snack,"Avalose Podi (Oil-Light, Portion-Controlled)",215,8,30,7,3,High,Low,Low,Safe,"Rice Flour, Coconut, Cumin, Jaggery",Vegan,,"Use minimal oil, avoid ghee or coconut cream where possible, and keep the preparation lean.",20 mins light cycling,"Avoid ghee, coconut cream, and red-meat-heavy versions whenever possible."
1282,Kerala,High Cholesterol,Snack,"Avalose Podi (Pan-Cooked, Heart-Friendly)",215,8,30,7,3,High,Low,Medium,Safe,"Rice Flour, Coconut, Cumin, Jaggery",Vegan,,"Use minimal oil, avoid ghee or coconut cream where possible, and keep the preparation lean.",20 mins light cycling,"Avoid ghee, coconut cream, and red-meat-heavy versions whenever possible."
1283,Kerala,High Cholesterol,Snack,"Cherupayar Sundal (Fresh, No Ghee)",155,11,21,2,7,Low,Low,Low,Mustard,"Green Gram, Coconut, Curry Leaves, Mustard Seeds",Vegan,,"Use minimal oil, avoid ghee or coconut cream where possible, and keep the preparation lean.",20 mins light cycling,"Avoid ghee, coconut cream, and red-meat-heavy versions whenever possible."
1284,Kerala,High Cholesterol,Snack,"Cherupayar Sundal (Grilled, Portion-Controlled)",150,11,21,1,7,Low,Medium,Low,Mustard,"Green Gram, Coconut, Curry Leaves, Mustard Seeds",Vegan,,"Use minimal oil, avoid ghee or coconut cream where possible, and keep the preparation lean.",20 mins light cycling,"Avoid ghee, coconut cream, and red-meat-heavy versions whenever possible."
1285,Kerala,High Cholesterol,Snack,"Cucumber Salad (Baked, Portion-Controlled)",81,6,12,1,4,Low,Low,Low,Safe,"Cucumber, Onion, Lemon, Curry Leaves",Vegan,,"Use minimal oil, avoid ghee or coconut cream where possible, and keep the preparation lean.",20 mins light cycling,"Avoid ghee, coconut cream, and red-meat-heavy versions whenever possible."
1286,Kerala,High Cholesterol,Snack,"Cucumber Salad (Grilled, Heart-Friendly)",81,6,12,1,4,Low,Medium,Low,Safe,"Cucumber, Onion, Lemon, Curry Leaves",Vegan,,"Use minimal oil, avoid ghee or coconut cream where possible, and keep the preparation lean.",20 mins light cycling,"Avoid ghee, coconut cream, and red-meat-heavy versions whenever possible."
1287,Kerala,High Cholesterol,Snack,"Ilayada (Oil-Light, Heart-Friendly)",215,8,30,7,3,High,Low,Low,Safe,"Rice Flour, Jaggery, Coconut, Banana Leaf",Vegan,,"Use minimal oil, avoid ghee or coconut cream where possible, and keep the preparation lean.",20 mins light cycling,"Avoid ghee, coconut cream, and red-meat-heavy versions whenever possible."
1288,Kerala,High Cholesterol,Snack,"Kadala Sundal (Boiled, Portion-Controlled)",155,11,21,2,7,Low,Low,Low,Mustard,"Black Chickpeas, Coconut, Curry Leaves, Mustard Seeds",Vegan,,"Use minimal oil, avoid ghee or coconut cream where possible, and keep the preparation lean.",20 mins light cycling,"Avoid ghee, coconut cream, and red-meat-heavy versions whenever possible."
1289,Kerala,High Cholesterol,Snack,"Kadala Sundal (Steamed, Heart-Friendly)",155,11,21,2,7,Low,Low,Low,Mustard,"Black Chickpeas, Coconut, Curry Leaves, Mustard Seeds",Vegan,,"Use minimal oil, avoid ghee or coconut cream where possible, and keep the preparation lean.",20 mins light cycling,"Avoid ghee, coconut cream, and red-meat-heavy versions whenever possible."
1290,Kerala,High Cholesterol,Snack,"Kozhukkatta (Lightly Cooked, Heart-Friendly)",215,8,30,7,3,High,Low,Medium,Safe,"Rice Flour, Jaggery, Coconut",Vegan,,"Use minimal oil, avoid ghee or coconut cream where possible, and keep the preparation lean.",20 mins light cycling,"Avoid ghee, coconut cream, and red-meat-heavy versions whenever possible."
1291,Kerala,High Cholesterol,Snack,"Kozhukkatta (Pan-Cooked, Portion-Controlled)",215,8,30,7,3,High,Low,Medium,Safe,"Rice Flour, Jaggery, Coconut",Vegan,,"Use minimal oil, avoid ghee or coconut cream where possible, and keep the preparation lean.",20 mins light cycling,"Avoid ghee, coconut cream, and red-meat-heavy versions whenever possible."
1292,Kerala,High Cholesterol,Snack,"Roasted Peanuts (Oil-Light, No Ghee)",81,6,12,1,4,Low,Low,Low,"Peanut, Peanuts","Peanuts, Curry Leaves, Salt",Vegan,,"Use minimal oil, avoid ghee or coconut cream where possible, and keep the preparation lean.",20 mins light cycling,"Avoid ghee, coconut cream, and red-meat-heavy versions whenever possible. Contains Peanuts."
1293,Kerala,High Cholesterol,Snack,"Roasted Peanuts (Steamed, Portion-Controlled)",81,6,12,1,4,Medium,Low,Low,"Peanut, Peanuts","Peanuts, Curry Leaves, Salt",Vegan,,"Use minimal oil, avoid ghee or coconut cream where possible, and keep the preparation lean.",20 mins light cycling,"Avoid ghee, coconut cream, and red-meat-heavy versions whenever possible. Contains Peanuts."
1294,Kerala,High Cholesterol,Snack,"Tender Coconut (Fresh, Heart-Friendly)",81,6,12,1,4,Low,Low,Low,Safe,"Tender Coconut Water, Tender Coconut Flesh",Vegan,,"Use minimal oil, avoid ghee or coconut cream where possible, and keep the preparation lean.",20 mins light cycling,"Avoid ghee, coconut cream, and red-meat-heavy versions whenever possible."
1295,Kerala,High Cholesterol,Snack,"Vishu Katta + Vegetable Curry (Baked, Heart-Friendly)",145,8,22,1,5,High,Low,Low,Safe,"Rice Flour, Cumin, Vegetables, Curry Leaves",Vegan,,"Use minimal oil, avoid ghee or coconut cream where possible, and keep the preparation lean.",20 mins light cycling,"Avoid ghee, coconut cream, and red-meat-heavy versions whenever possible."
1296,Kerala,High Cholesterol,Snack,"Vishu Katta + Vegetable Curry (Lightly Cooked, Portion-Controlled)",145,8,22,1,5,High,Medium,Medium,Safe,"Rice Flour, Cumin, Vegetables, Curry Leaves",Vegan,,"Use minimal oil, avoid ghee or coconut cream where possible, and keep the preparation lean.",20 mins light cycling,"Avoid ghee, coconut cream, and red-meat-heavy versions whenever possible."
1297,Kerala,High Cholesterol,Dinner,"Dosa + Sambar (Baked, Low Fat)",325,16,44,6,8,High,Low,Low,Safe,"Rice, Urad Dal, Toor Dal, Mixed Vegetables",Vegetarian,,"Use minimal oil, avoid ghee or coconut cream where possible, and keep the preparation lean.",35 mins walk,"Avoid ghee, coconut cream, and red-meat-heavy versions whenever possible."
1298,Kerala,High Cholesterol,Dinner,"Idiyappam + Cherupayar Curry (Steamed, Low Fat)",335,19,43,7,10,High,Low,Low,Safe,"Rice Flour, Green Gram, Coconut, Curry Leaves",Vegetarian,,"Use minimal oil, avoid ghee or coconut cream where possible, and keep the preparation lean.",35 mins walk,"Avoid ghee, coconut cream, and red-meat-heavy versions whenever possible."
1299,Kerala,High Cholesterol,Dinner,"Idli + Sambar (Boiled, Low Fat)",335,19,43,7,10,High,Low,Low,Safe,"Rice, Urad Dal, Toor Dal, Mixed Vegetables",Vegetarian,,"Use minimal oil, avoid ghee or coconut cream where possible, and keep the preparation lean.",35 mins walk,"Avoid ghee, coconut cream, and red-meat-heavy versions whenever possible."
1300,Kerala,High Cholesterol,Dinner,"Kalappam + Kadala Curry (Pan-Cooked, Low Fat)",325,16,44,6,8,Medium,Low,Low,Safe,"Rice Flour, Coconut, Black Chickpeas, Onion",Vegetarian,,"Use minimal oil, avoid ghee or coconut cream where possible, and keep the preparation lean.",35 mins walk,"Avoid ghee, coconut cream, and red-meat-heavy versions whenever possible."
1301,Kerala,High Cholesterol,Dinner,Kanji + Payar,300,15,45,6,8,High,Medium,Low,Gluten,"Matta Rice, Green Gram",Vegetarian,,Boil rice and green gram plain.,40 mins steady cardio,Monitor lipid profile quarterly
1302,Kerala,High Cholesterol,Dinner,"Kappa Puzhukku + Kadala Curry (Oil-Light, Low Fat)",340,17,48,8,9,Low,Low,Low,Safe,"Tapioca, Black Chickpeas, Coconut, Curry Leaves",Vegetarian,,"Use minimal oil, avoid ghee or coconut cream where possible, and keep the preparation lean.",35 mins walk,"Avoid ghee, coconut cream, and red-meat-heavy versions whenever possible."
1303,Kerala,High Cholesterol,Dinner,"Matta Rice + Koottu Curry (Grilled, No Coconut Cream)",235,16,36,3,10,High,Medium,Low,Gluten,"Matta Rice, Yam, Plantain, Black Chickpeas, Coconut",Vegetarian,,"Use minimal oil, avoid ghee or coconut cream where possible, and keep the preparation lean.",35 mins walk,"Avoid ghee, coconut cream, and red-meat-heavy versions whenever possible."
1304,Kerala,High Cholesterol,Dinner,"Matta Rice + Parippu Curry (Steamed, No Coconut Cream)",337,18,46,7,9,High,Low,Low,Gluten,"Matta Rice, Toor Dal, Coconut, Curry Leaves",Vegetarian,,"Use minimal oil, avoid ghee or coconut cream where possible, and keep the preparation lean.",35 mins walk,"Avoid ghee, coconut cream, and red-meat-heavy versions whenever possible."
1305,Kerala,High Cholesterol,Dinner,"Matta Rice + Sambar (Fresh, Low Fat)",337,18,46,7,9,High,Low,Low,Gluten,"Matta Rice, Toor Dal, Mixed Vegetables, Tamarind",Vegetarian,,"Use minimal oil, avoid ghee or coconut cream where possible, and keep the preparation lean.",35 mins walk,"Avoid ghee, coconut cream, and red-meat-heavy versions whenever possible."
1306,Kerala,High Cholesterol,Dinner,Oats Kanji + Cherupayar,300,15,45,6,8,Low,Medium,Low,Safe,"Oats, Green Gram",Vegetarian,,Cook oats as gruel; boil green gram.,40 mins steady cardio,Monitor lipid profile quarterly
1307,Kerala,High Cholesterol,Dinner,"Pathiri + Kadala Curry (Grilled, Low Fat)",276,16,44,4,8,High,Medium,Low,Safe,"Rice Flour, Black Chickpeas, Onion, Ginger, Coconut",Vegetarian,,"Use minimal oil, avoid ghee or coconut cream where possible, and keep the preparation lean.",35 mins walk,"Avoid ghee, coconut cream, and red-meat-heavy versions whenever possible."
1308,Kerala,High Cholesterol,Dinner,"Puttu + Kadala Curry (Fresh, Portion-Controlled)",335,19,43,7,10,High,Low,Low,Safe,"Rice Flour, Black Chickpeas, Coconut, Curry Leaves",Vegetarian,,"Use minimal oil, avoid ghee or coconut cream where possible, and keep the preparation lean.",35 mins walk,"Avoid ghee, coconut cream, and red-meat-heavy versions whenever possible."
1309,Kerala,High Cholesterol,Dinner,Ragi Dosa + Sambar,300,15,45,6,8,Low,Medium,Low,Safe,"Finger Millet, Toor Dal",Vegetarian,,Cook dosa on non-stick; load sambar with veggies.,40 mins steady cardio,Monitor lipid profile quarterly
1310,Kerala,High Cholesterol,Dinner,"Ragi Puttu + Cherupayar Curry (Lightly Cooked, Low Fat)",325,16,44,6,8,Low,Medium,Low,Safe,"Finger Millet, Green Gram, Coconut, Curry Leaves",Vegetarian,,"Use minimal oil, avoid ghee or coconut cream where possible, and keep the preparation lean.",35 mins walk,"Avoid ghee, coconut cream, and red-meat-heavy versions whenever possible."
1311,Kerala,High Cholesterol,Dinner,Wheat Dosa + Onion Chutney,300,15,45,6,8,Medium,Medium,Low,Gluten,"Wheat Flour, Onion",Vegetarian,,Cook without oil.,40 mins steady cardio,Monitor lipid profile quarterly
1312,Kerala,High Cholesterol,Dinner,Wheat Pathiri + Veg Curry,300,15,45,6,8,Medium,Medium,Low,Gluten,"Wheat Flour, Mixed Veg",Vegetarian,,Dry roast pathiri; boil veggies.,40 mins steady cardio,Monitor lipid profile quarterly
1313,Kerala,High Cholesterol,Dinner,"Appam + Chicken Stew (Baked, No Coconut Cream)",355,27,40,12,7,High,Low,Low,Dairy,"Rice Flour, Chicken, Coconut Milk, Onion, Pepper",Non-Vegetarian,Chicken,"Use minimal oil, avoid ghee or coconut cream where possible, and keep the preparation lean.",35 mins walk,"Avoid ghee, coconut cream, and red-meat-heavy versions whenever possible. Contains Dairy."
1314,Kerala,High Cholesterol,Dinner,Appam + Chicken Stew (No coconut milk),300,15,45,6,8,Medium,Medium,Low,Safe,"Rice Flour, Lean Chicken",Non-Vegetarian,chicken,Boil chicken in clear broth with spices.,40 mins steady cardio,Monitor lipid profile quarterly
1315,Kerala,High Cholesterol,Dinner,"Appam + Fish Moilee (Lightly Cooked, No Coconut Cream)",350,25,40,10,7,High,Low,Low,"Dairy, Fish","Rice Flour, Fish, Coconut Milk, Green Chilli, Curry Leaves",Non-Vegetarian,Fish,"Use minimal oil, avoid ghee or coconut cream where possible, and keep the preparation lean.",35 mins walk,"Avoid ghee, coconut cream, and red-meat-heavy versions whenever possible. Contains Fish, Dairy."
1316,Kerala,High Cholesterol,Dinner,"Chicken Pepper Fry (Boiled, No Coconut Cream)",355,27,40,12,7,Low,Low,Low,Safe,"Chicken, Black Pepper, Curry Leaves, Shallots, Coconut Oil",Non-Vegetarian,Chicken,"Use minimal oil, avoid ghee or coconut cream where possible, and keep the preparation lean.",35 mins walk,"Avoid ghee, coconut cream, and red-meat-heavy versions whenever possible."
1317,Kerala,High Cholesterol,Dinner,"Fish Mappas + Rice (Fresh, High Fibre)",375,25,40,13,10,High,Low,Low,"Dairy, Fish","Fish, Rice, Coconut Milk, Shallots, Spices",Non-Vegetarian,Fish,"Use minimal oil, avoid ghee or coconut cream where possible, and keep the preparation lean.",35 mins walk,"Avoid ghee, coconut cream, and red-meat-heavy versions whenever possible. Contains Fish, Dairy."
1318,Kerala,High Cholesterol,Dinner,"Idiyappam + Chicken Curry (Pan-Cooked, No Coconut Cream)",355,27,40,12,7,High,Low,Low,Safe,"Rice Flour, Chicken, Onion, Ginger, Coconut",Non-Vegetarian,Chicken,"Use minimal oil, avoid ghee or coconut cream where possible, and keep the preparation lean.",35 mins walk,"Avoid ghee, coconut cream, and red-meat-heavy versions whenever possible."
1319,Kerala,High Cholesterol,Dinner,Idiyappam + Fish Curry (Clear),300,15,45,6,8,Medium,Medium,Low,Fish,"Rice Flour, Fish, Tamarind",Non-Vegetarian,fish,Cook fish in clear tamarind broth without coconut.,40 mins steady cardio,Monitor lipid profile quarterly
1320,Kerala,High Cholesterol,Dinner,"Kalappam + Fish Curry (Grilled, High Fibre)",345,25,40,8,10,High,Low,Low,Fish,"Rice Flour, Fish, Coconut, Tamarind, Curry Leaves",Non-Vegetarian,Fish,"Use minimal oil, avoid ghee or coconut cream where possible, and keep the preparation lean.",35 mins walk,"Avoid ghee, coconut cream, and red-meat-heavy versions whenever possible. Contains Fish."
1321,Kerala,High Cholesterol,Dinner,"Kappa + Fish Curry (Oil-Light, High Fibre)",350,25,40,10,10,Low,Low,Low,Fish,"Tapioca, Fish, Coconut, Tamarind, Curry Leaves",Non-Vegetarian,Fish,"Use minimal oil, avoid ghee or coconut cream where possible, and keep the preparation lean.",35 mins walk,"Avoid ghee, coconut cream, and red-meat-heavy versions whenever possible. Contains Fish."
1322,Kerala,High Cholesterol,Dinner,"Kappa + Meen Mulakittathu (Pan-Cooked, High Fibre)",375,25,40,13,10,Low,Low,Low,Fish,"Tapioca, Fish, Chilli Powder, Tamarind, Curry Leaves",Non-Vegetarian,Fish,"Use minimal oil, avoid ghee or coconut cream where possible, and keep the preparation lean.",35 mins walk,"Avoid ghee, coconut cream, and red-meat-heavy versions whenever possible. Contains Fish."
1323,Kerala,High Cholesterol,Dinner,"Matta Rice + Alleppey Fish Curry (Baked, High Fibre)",350,25,40,10,10,High,Low,Low,"Fish, Gluten","Matta Rice, Fish, Kudampuli, Coconut, Curry Leaves",Non-Vegetarian,Fish,"Use minimal oil, avoid ghee or coconut cream where possible, and keep the preparation lean.",35 mins walk,"Avoid ghee, coconut cream, and red-meat-heavy versions whenever possible. Contains Fish."
1324,Kerala,High Cholesterol,Dinner,"Matta Rice + Fish Moilee (Lightly Cooked, High Fibre)",350,25,40,10,10,High,Low,Low,"Dairy, Fish, Gluten","Matta Rice, Fish, Coconut Milk, Onion, Curry Leaves",Non-Vegetarian,Fish,"Use minimal oil, avoid ghee or coconut cream where possible, and keep the preparation lean.",35 mins walk,"Avoid ghee, coconut cream, and red-meat-heavy versions whenever possible. Contains Fish, Dairy."
1325,Kerala,High Cholesterol,Dinner,"Matta Rice + Kerala Fish Curry (Boiled, High Fibre)",350,25,40,10,10,High,Low,Low,"Fish, Gluten","Matta Rice, Fish, Tamarind, Coconut, Curry Leaves",Non-Vegetarian,Fish,"Use minimal oil, avoid ghee or coconut cream where possible, and keep the preparation lean.",35 mins walk,"Avoid ghee, coconut cream, and red-meat-heavy versions whenever possible. Contains Fish."
1326,Kerala,High Cholesterol,Dinner,"Puttu + Chicken Curry (Steamed, High Fibre)",355,27,40,12,10,High,Low,Low,Safe,"Rice Flour, Chicken, Onion, Ginger, Curry Leaves",Non-Vegetarian,Chicken,"Use minimal oil, avoid ghee or coconut cream where possible, and keep the preparation lean.",35 mins walk,"Avoid ghee, coconut cream, and red-meat-heavy versions whenever possible."
1327,Kerala,High Cholesterol,Dinner,"Puttu + Fish Curry (Oil-Light, No Coconut Cream)",350,25,40,10,7,High,Low,Low,Fish,"Rice Flour, Fish, Coconut, Tamarind, Curry Leaves",Non-Vegetarian,Fish,"Use minimal oil, avoid ghee or coconut cream where possible, and keep the preparation lean.",35 mins walk,"Avoid ghee, coconut cream, and red-meat-heavy versions whenever possible. Contains Fish."
1328,Kerala,High Cholesterol,Dinner,"Wheat Dosa + Fish Curry (Fresh, No Coconut Cream)",350,25,40,10,7,Low,Low,Low,"Fish, Gluten","Wheat Flour, Fish, Onion, Tamarind, Curry Leaves",Non-Vegetarian,Fish,"Use minimal oil, avoid ghee or coconut cream where possible, and keep the preparation lean.",35 mins walk,"Avoid ghee, coconut cream, and red-meat-heavy versions whenever possible. Contains Fish, Gluten."
1329,Kerala,High Cholesterol,Dinner,"Appam + Vegetable Stew (Pan-Cooked, Minimal Oil)",325,16,44,6,8,High,Low,Low,Safe,"Rice Flour, Coconut, Mixed Vegetables, Ginger, Curry Leaves",Vegan,,"Use minimal oil, avoid ghee or coconut cream where possible, and keep the preparation lean. This version keeps the seasoning lighter while staying close to the Kerala original.",35 mins walk,"Avoid ghee, coconut cream, and red-meat-heavy versions whenever possible."
1330,Kerala,High Cholesterol,Dinner,"Dosa + Sambar (Lightly Cooked, Lean)",276,16,44,4,8,High,Low,Low,Safe,"Rice, Urad Dal, Toor Dal, Mixed Vegetables",Vegan,,"Use minimal oil, avoid ghee or coconut cream where possible, and keep the preparation lean.",35 mins walk,"Avoid ghee, coconut cream, and red-meat-heavy versions whenever possible."
1331,Kerala,High Cholesterol,Dinner,"Idiyappam + Cherupayar Curry (Grilled, Lean)",330,19,43,5,10,High,Medium,Low,Safe,"Rice Flour, Green Gram, Coconut, Curry Leaves",Vegan,,"Use minimal oil, avoid ghee or coconut cream where possible, and keep the preparation lean.",35 mins walk,"Avoid ghee, coconut cream, and red-meat-heavy versions whenever possible."
1332,Kerala,High Cholesterol,Dinner,"Idli + Sambar (Baked, Lean)",330,19,43,5,10,High,Low,Low,Safe,"Rice, Urad Dal, Toor Dal, Mixed Vegetables",Vegan,,"Use minimal oil, avoid ghee or coconut cream where possible, and keep the preparation lean.",35 mins walk,"Avoid ghee, coconut cream, and red-meat-heavy versions whenever possible."
1333,Kerala,High Cholesterol,Dinner,"Kalappam + Kadala Curry (Oil-Light, Lean)",276,16,44,4,8,High,Medium,Low,Safe,"Rice Flour, Coconut, Black Chickpeas, Onion",Vegan,,"Use minimal oil, avoid ghee or coconut cream where possible, and keep the preparation lean.",35 mins walk,"Avoid ghee, coconut cream, and red-meat-heavy versions whenever possible."
1334,Kerala,High Cholesterol,Dinner,"Kappa + Cherupayar Curry (Lightly Cooked, Minimal Oil)",340,17,48,8,9,Low,Low,Low,Safe,"Tapioca, Green Gram, Coconut, Curry Leaves",Vegan,,"Use minimal oil, avoid ghee or coconut cream where possible, and keep the preparation lean. This version keeps the seasoning lighter while staying close to the Kerala original.",35 mins walk,"Avoid ghee, coconut cream, and red-meat-heavy versions whenever possible."
1335,Kerala,High Cholesterol,Dinner,"Kappa + Kadala Curry (Baked, Minimal Oil)",340,17,48,8,9,Low,Low,Low,Safe,"Tapioca, Black Chickpeas, Coconut, Curry Leaves",Vegan,,"Use minimal oil, avoid ghee or coconut cream where possible, and keep the preparation lean. This version keeps the seasoning lighter while staying close to the Kerala original.",35 mins walk,"Avoid ghee, coconut cream, and red-meat-heavy versions whenever possible."
1336,Kerala,High Cholesterol,Dinner,"Kappa Puzhukku + Kadala Curry (Fresh, Lean)",360,17,48,9,9,Low,Low,Low,Safe,"Tapioca, Black Chickpeas, Coconut, Curry Leaves",Vegan,,"Use minimal oil, avoid ghee or coconut cream where possible, and keep the preparation lean.",35 mins walk,"Avoid ghee, coconut cream, and red-meat-heavy versions whenever possible."
1337,Kerala,High Cholesterol,Dinner,"Karikku Dosa + Coconut Chutney (Oil-Light, Minimal Oil)",325,16,44,6,8,High,Medium,Low,Safe,"Rice, Tender Coconut, Coconut, Green Chilli, Curry Leaves",Vegan,,"Use minimal oil, avoid ghee or coconut cream where possible, and keep the preparation lean. This version keeps the seasoning lighter while staying close to the Kerala original.",35 mins walk,"Avoid ghee, coconut cream, and red-meat-heavy versions whenever possible."
1338,Kerala,High Cholesterol,Dinner,"Matta Rice + Koottu Curry (Boiled, Minimal Oil)",253,16,36,5,10,High,Low,Low,Gluten,"Matta Rice, Yam, Plantain, Black Chickpeas, Coconut",Vegan,,"Use minimal oil, avoid ghee or coconut cream where possible, and keep the preparation lean. This version keeps the seasoning lighter while staying close to the Kerala original.",35 mins walk,"Avoid ghee, coconut cream, and red-meat-heavy versions whenever possible."
1339,Kerala,High Cholesterol,Dinner,"Matta Rice + Parippu Curry (Grilled, Minimal Oil)",332,18,46,5,9,High,Medium,Low,Gluten,"Matta Rice, Toor Dal, Coconut, Curry Leaves",Vegan,,"Use minimal oil, avoid ghee or coconut cream where possible, and keep the preparation lean. This version keeps the seasoning lighter while staying close to the Kerala original.",35 mins walk,"Avoid ghee, coconut cream, and red-meat-heavy versions whenever possible."
1340,Kerala,High Cholesterol,Dinner,"Matta Rice + Sambar (Steamed, Minimal Oil)",337,18,46,7,9,High,Low,Low,Gluten,"Matta Rice, Toor Dal, Mixed Vegetables, Tamarind",Vegan,,"Use minimal oil, avoid ghee or coconut cream where possible, and keep the preparation lean. This version keeps the seasoning lighter while staying close to the Kerala original.",35 mins walk,"Avoid ghee, coconut cream, and red-meat-heavy versions whenever possible."
1341,Kerala,High Cholesterol,Dinner,"Pathiri + Kadala Curry (Boiled, Lean)",276,16,44,4,8,High,Low,Low,Safe,"Rice Flour, Black Chickpeas, Onion, Ginger, Coconut",Vegan,,"Use minimal oil, avoid ghee or coconut cream where possible, and keep the preparation lean.",35 mins walk,"Avoid ghee, coconut cream, and red-meat-heavy versions whenever possible."
1342,Kerala,High Cholesterol,Dinner,"Puttu + Kadala Curry (Steamed, Lean)",330,19,43,5,10,High,Low,Low,Safe,"Rice Flour, Black Chickpeas, Coconut, Curry Leaves",Vegan,,"Use minimal oil, avoid ghee or coconut cream where possible, and keep the preparation lean.",35 mins walk,"Avoid ghee, coconut cream, and red-meat-heavy versions whenever possible."
1343,Kerala,High Cholesterol,Dinner,"Ragi Puttu + Cherupayar Curry (Pan-Cooked, Lean)",345,16,44,7,8,Low,Low,Low,Safe,"Finger Millet, Green Gram, Coconut, Curry Leaves",Vegan,,"Use minimal oil, avoid ghee or coconut cream where possible, and keep the preparation lean.",35 mins walk,"Avoid ghee, coconut cream, and red-meat-heavy versions whenever possible."
1344,Kerala,High Cholesterol,Dinner,"Uppumavu + Green Peas Curry (Fresh, Minimal Oil)",325,16,44,6,8,Low,Low,Low,"Gluten, Mustard","Semolina, Green Peas, Onion, Mustard Seeds, Curry Leaves",Vegan,,"Use minimal oil, avoid ghee or coconut cream where possible, and keep the preparation lean. This version keeps the seasoning lighter while staying close to the Kerala original.",35 mins walk,"Avoid ghee, coconut cream, and red-meat-heavy versions whenever possible. Contains Gluten."
