id,state,diet_need,meal_type,dish,calories,protein_g,carbs_g,fat_g,fiber_g,glycemic_index,sodium_level,cholesterol_impact,allergens,base_ingredients,diet_type,meat_type,instructions,exercise,warning
1,Maharashtra,Weight Loss,Breakfast,"Batata Poha (Steamed, with Seasonal Vegetables)",176,5,23,5,7,Low,Low,Low,Peanuts,"poha, onion, mustard seeds, curry leaves, green chilli, lemon, peanuts",Vegetarian,,"Use minimal oil, keep the portion small, and pair with vegetables or salad for fullness.",30 min brisk walk,Contains peanuts. Watch portion size.
2,Maharashtra,Weight Loss,Breakfast,"Chivda (Low Salt, with Moong)",179,7,22,4,8,Low,Low,Low,Peanuts,"flattened rice, peanuts, curry leaves, mustard seeds, spices",Vegetarian,,"Use minimal oil, keep the portion small, and pair with vegetables or salad for fullness.",30 min brisk walk,Contains peanuts. Watch portion size.
3,Maharashtra,Weight Loss,Breakfast,"Dadpe Pohe (Small Portion, with Jowar)",176,6,25,4,8,Low,Low,Low,Peanuts,"poha, onion, mustard seeds, curry leaves, green chilli, lemon, peanuts",Vegetarian,,"Use minimal oil, keep the portion small, and pair with vegetables or salad for fullness.",30 min brisk walk,Contains peanuts. Watch portion size.
4,Maharashtra,Weight Loss,Breakfast,"Ghavan (No Oil, with Jowar)",176,6,25,4,8,Low,Low,Low,Gluten,"rice flour, fenugreek leaves or ragi, cumin, curry leaves",Vegetarian,,"Use minimal oil, keep the portion small, and pair with vegetables or salad for fullness.",30 min brisk walk,Contains gluten. Watch portion size.
5,Maharashtra,Weight Loss,Breakfast,"Kanda Poha (Minimal Oil, with Moong)",182,5,25,4,7,Low,Low,Low,Peanuts,"poha, onion, mustard seeds, curry leaves, green chilli, lemon, peanuts",Vegetarian,,"Use minimal oil, keep the portion small, and pair with vegetables or salad for fullness.",30 min brisk walk,Contains peanuts. Watch portion size.
6,Maharashtra,Weight Loss,Breakfast,"Kanda Poha (No Oil, with Jowar)",185,5,22,5,6,Low,Low,Low,Peanuts,"poha, onion, mustard seeds, curry leaves, green chilli, lemon, peanuts",Vegetarian,,"Use minimal oil, keep the portion small, and pair with vegetables or salad for fullness.",30 min brisk walk,Contains peanuts. Watch portion size.
7,Maharashtra,Weight Loss,Breakfast,"Kothimbir Vadi (Low Salt, with Moong)",194,5,22,4,7,Low,Low,Low,"Peanuts, Sesame","coriander leaves, besan, sesame, peanuts, green chilli",Vegetarian,,"Use minimal oil, keep the portion small, and pair with vegetables or salad for fullness.",30 min brisk walk,Contains peanuts. Watch portion size.
8,Maharashtra,Weight Loss,Breakfast,"Methi Ghavan (Minimal Oil, with Moong)",194,5,22,4,8,Low,Low,Low,Gluten,"rice flour, fenugreek leaves or ragi, cumin, curry leaves",Vegetarian,,"Use minimal oil, keep the portion small, and pair with vegetables or salad for fullness.",30 min brisk walk,Contains gluten. Watch portion size.
9,Maharashtra,Weight Loss,Breakfast,Moong Dal Khichdi (No Ghee),300,15,40,8,6,Low,Medium,Low,,"Green Gram, Rice",Vegetarian,,Cook as a watery porridge without ghee.,30 mins HIIT,Monitor energy
10,Maharashtra,Weight Loss,Breakfast,"Panki (Steamed, with Seasonal Vegetables)",191,7,26,3,7,Low,Low,Low,Gluten,"rice flour, coconut, coriander, banana leaf",Vegetarian,,"Use minimal oil, keep the portion small, and pair with vegetables or salad for fullness.",30 min brisk walk,Contains gluten. Watch portion size.
11,Maharashtra,Weight Loss,Breakfast,"Ragi Ghavan (Small Portion, with Jowar)",179,5,24,4,8,Low,Low,Low,Gluten,"rice flour, fenugreek leaves or ragi, cumin, curry leaves",Vegetarian,,"Use minimal oil, keep the portion small, and pair with vegetables or salad for fullness.",30 min brisk walk,Contains gluten. Watch portion size.
12,Maharashtra,Weight Loss,Breakfast,"Roasted Chana (High Fibre, with Seasonal Vegetables)",176,7,22,4,6,Low,Low,Low,,"roasted chana, curry leaves, black pepper, cumin",Vegetarian,,"Use minimal oil, keep the portion small, and pair with vegetables or salad for fullness.",30 min brisk walk,Watch portion size.
13,Maharashtra,Weight Loss,Breakfast,"Sabudana Khichdi (Minimal Oil, with Moong)",188,7,25,5,8,Low,Low,Low,Peanuts,"sabudana, peanuts, potato, cumin, curry leaves",Vegetarian,,"Use minimal oil, keep the portion small, and pair with vegetables or salad for fullness.",30 min brisk walk,Contains peanuts. Watch portion size.
14,Maharashtra,Weight Loss,Breakfast,"Sprouted Matki Usal (No Oil, with Jowar)",194,6,26,5,6,Low,Low,Low,,"sprouted matki, onion, tomato, coriander, cumin, matki, garlic",Vegetarian,,"Use minimal oil, keep the portion small, and pair with vegetables or salad for fullness.",30 min brisk walk,Watch portion size.
15,Maharashtra,Weight Loss,Breakfast,Steamed Kothimbir Vadi,300,15,40,8,6,Medium,Medium,Low,,"Gram Flour, Coriander",Vegetarian,,Steam instead of deep frying to reduce fat intake.,30 mins HIIT,Monitor energy levels
16,Maharashtra,Weight Loss,Breakfast,"Thalipeeth (High Fibre, with Seasonal Vegetables)",182,5,24,4,8,Low,Low,Low,"Gluten, Sesame","jowar flour, bajra flour, rice flour, onion, coriander, sesame",Vegetarian,,"Use minimal oil, keep the portion small, and pair with vegetables or salad for fullness.",30 min brisk walk,Contains gluten. Watch portion size.
17,Maharashtra,Weight Loss,Breakfast,"Anda Curry + Chapati (High Fibre, with Lean Gravy)",214,13,24,7,8,Low,Low,Low,Egg,"eggs, onion, tomato, ginger, garlic",Non-Vegetarian,,"Use minimal oil, keep the portion small, and pair with vegetables or salad for fullness.",30 min brisk walk,Contains egg. Watch portion size.
18,Maharashtra,Weight Loss,Breakfast,"Anda Curry + Chapati (High Fibre, with Lean Gravy, Variant 1)",199,12,24,6,8,Low,Low,Low,Egg,"eggs, onion, tomato, ginger, garlic",Non-Vegetarian,,"Use minimal oil, keep the portion small, and pair with vegetables or salad for fullness.",30 min brisk walk,Contains egg. Watch portion size.
19,Maharashtra,Weight Loss,Breakfast,"Anda Curry + Chapati (Low Salt, with Egg)",214,11,22,7,8,Low,Low,Low,Egg,"eggs, onion, tomato, ginger, garlic",Non-Vegetarian,,"Use minimal oil, keep the portion small, and pair with vegetables or salad for fullness.",30 min brisk walk,Contains egg. Watch portion size.
20,Maharashtra,Weight Loss,Breakfast,"Anda Curry + Chapati (Low Salt, with Egg, Variant 1)",208,12,23,7,7,Low,Low,Low,Egg,"eggs, onion, tomato, ginger, garlic",Non-Vegetarian,,"Use minimal oil, keep the portion small, and pair with vegetables or salad for fullness.",30 min brisk walk,Contains egg. Watch portion size.
21,Maharashtra,Weight Loss,Breakfast,"Anda Curry + Chapati (Minimal Oil, with Egg)",208,12,24,6,7,Low,Low,Low,Egg,"eggs, onion, tomato, ginger, garlic",Non-Vegetarian,,"Use minimal oil, keep the portion small, and pair with vegetables or salad for fullness.",30 min brisk walk,Contains egg. Watch portion size.
22,Maharashtra,Weight Loss,Breakfast,"Anda Curry + Chapati (Minimal Oil, with Egg, Variant 1)",208,13,26,8,6,Low,Low,Low,Egg,"eggs, onion, tomato, ginger, garlic",Non-Vegetarian,,"Use minimal oil, keep the portion small, and pair with vegetables or salad for fullness.",30 min brisk walk,Contains egg. Watch portion size.
23,Maharashtra,Weight Loss,Breakfast,"Anda Curry + Chapati (Minimal Oil, with Egg, Variant 2)",208,13,22,6,8,Low,Low,Low,Egg,"eggs, onion, tomato, ginger, garlic",Non-Vegetarian,,"Use minimal oil, keep the portion small, and pair with vegetables or salad for fullness.",30 min brisk walk,Contains egg. Watch portion size.
24,Maharashtra,Weight Loss,Breakfast,"Anda Curry + Chapati (No Oil, with Fish)",199,11,26,8,8,Low,Low,Low,Egg,"eggs, onion, tomato, ginger, garlic",Non-Vegetarian,,"Use minimal oil, keep the portion small, and pair with vegetables or salad for fullness.",30 min brisk walk,Contains egg. Watch portion size.
25,Maharashtra,Weight Loss,Breakfast,"Anda Curry + Chapati (No Oil, with Fish, Variant 1)",211,11,22,6,6,Low,Low,Low,Egg,"eggs, onion, tomato, ginger, garlic",Non-Vegetarian,,"Use minimal oil, keep the portion small, and pair with vegetables or salad for fullness.",30 min brisk walk,Contains egg. Watch portion size.
26,Maharashtra,Weight Loss,Breakfast,"Anda Curry + Chapati (Small Portion, with Fish)",214,11,23,7,8,Low,Low,Low,Egg,"eggs, onion, tomato, ginger, garlic",Non-Vegetarian,,"Use minimal oil, keep the portion small, and pair with vegetables or salad for fullness.",30 min brisk walk,Contains egg. Watch portion size.
27,Maharashtra,Weight Loss,Breakfast,"Anda Curry + Chapati (Small Portion, with Fish, Variant 1)",199,13,26,6,6,Low,Low,Low,Egg,"eggs, onion, tomato, ginger, garlic",Non-Vegetarian,,"Use minimal oil, keep the portion small, and pair with vegetables or salad for fullness.",30 min brisk walk,Contains egg. Watch portion size.
28,Maharashtra,Weight Loss,Breakfast,"Anda Curry + Chapati (Steamed, with Lean Gravy)",211,11,23,6,7,Low,Low,Low,Egg,"eggs, onion, tomato, ginger, garlic",Non-Vegetarian,,"Use minimal oil, keep the portion small, and pair with vegetables or salad for fullness.",30 min brisk walk,Contains egg. Watch portion size.
29,Maharashtra,Weight Loss,Breakfast,"Anda Curry + Chapati (Steamed, with Lean Gravy, Variant 1)",199,11,24,7,8,Low,Low,Low,Egg,"eggs, onion, tomato, ginger, garlic",Non-Vegetarian,,"Use minimal oil, keep the portion small, and pair with vegetables or salad for fullness.",30 min brisk walk,Contains egg. Watch portion size.
30,Maharashtra,Weight Loss,Breakfast,"Anda Curry + Chapati (Steamed, with Lean Gravy, Variant 2)",205,13,23,6,7,Low,Low,Low,Egg,"eggs, onion, tomato, ginger, garlic",Non-Vegetarian,,"Use minimal oil, keep the portion small, and pair with vegetables or salad for fullness.",30 min brisk walk,Contains egg. Watch portion size.
31,Maharashtra,Weight Loss,Breakfast,Upma,300,15,40,8,6,Medium,Medium,Low,Gluten,"Semolina, Veggies",Non-Vegetarian,,Less oil.,30 mins HIIT,Monitor energy
32,Maharashtra,Weight Loss,Breakfast,Upma (Lots of Veggies),300,15,40,8,6,Medium,Medium,Low,Gluten,"Semolina, Carrots, Peas",Non-Vegetarian,,Increase veggies to reduce rava carbs.,30 mins HIIT,Monitor energy
33,Maharashtra,Weight Loss,Breakfast,"Batata Poha (Steamed, with Jowar)",175,5,24,4,8,Low,Low,Low,Peanuts,"poha, onion, mustard seeds, curry leaves, green chilli, lemon, peanuts",Vegan,,"Use minimal oil, keep the portion small, and pair with vegetables or salad for fullness.",30 min brisk walk,Contains peanuts. Watch portion size.
34,Maharashtra,Weight Loss,Breakfast,"Chivda (Low Salt, with Sesame)",178,5,22,2,8,Low,Low,Low,Peanuts,"flattened rice, peanuts, curry leaves, mustard seeds, spices",Vegan,,"Use minimal oil, keep the portion small, and pair with vegetables or salad for fullness.",30 min brisk walk,Contains peanuts. Watch portion size.
35,Maharashtra,Weight Loss,Breakfast,"Dadpe Pohe (Low Salt, with Sesame)",169,5,24,4,10,Low,Low,Low,Peanuts,"poha, onion, mustard seeds, curry leaves, green chilli, lemon, peanuts",Vegan,,"Use minimal oil, keep the portion small, and pair with vegetables or salad for fullness.",30 min brisk walk,Contains peanuts. Watch portion size.
36,Maharashtra,Weight Loss,Breakfast,"Ghavan (Minimal Oil, with Sesame)",169,6,26,4,8,Low,Low,Low,Gluten,"rice flour, fenugreek leaves or ragi, cumin, curry leaves",Vegan,,"Use minimal oil, keep the portion small, and pair with vegetables or salad for fullness.",30 min brisk walk,Contains gluten. Watch portion size.
37,Maharashtra,Weight Loss,Breakfast,Jowar Ghavan,300,15,40,8,6,Low,Medium,Low,,Sorghum Flour,Vegan,,Non-stick pan.,30 mins HIIT,Monitor energy
38,Maharashtra,Weight Loss,Breakfast,"Kanda Poha (Minimal Oil, with Sesame)",184,4,26,2,10,Low,Low,Low,Peanuts,"poha, onion, mustard seeds, curry leaves, green chilli, lemon, peanuts",Vegan,,"Use minimal oil, keep the portion small, and pair with vegetables or salad for fullness.",30 min brisk walk,Contains peanuts. Watch portion size.
39,Maharashtra,Weight Loss,Breakfast,"Kothimbir Vadi (High Fibre, with Jowar)",178,6,25,2,8,Low,Low,Low,"Peanuts, Sesame","coriander leaves, besan, sesame, peanuts, green chilli",Vegan,,"Use minimal oil, keep the portion small, and pair with vegetables or salad for fullness.",30 min brisk walk,Contains peanuts. Watch portion size.
40,Maharashtra,Weight Loss,Breakfast,"Methi Ghavan (Steamed, with Jowar)",172,4,25,4,9,Low,Low,Low,Gluten,"rice flour, fenugreek leaves or ragi, cumin, curry leaves",Vegan,,"Use minimal oil, keep the portion small, and pair with vegetables or salad for fullness.",30 min brisk walk,Contains gluten. Watch portion size.
41,Maharashtra,Weight Loss,Breakfast,Methi Thalipeeth (Zero Oil),300,15,40,8,6,Low,Medium,Low,,"Multigrain Flour, Fenugreek Leaves",Vegan,,Roast dry.,30 mins HIIT,Monitor energy
42,Maharashtra,Weight Loss,Breakfast,"Panki (Small Portion, with Leafy Greens)",175,5,23,4,10,Low,Low,Low,Gluten,"rice flour, coconut, coriander, banana leaf",Vegan,,"Use minimal oil, keep the portion small, and pair with vegetables or salad for fullness.",30 min brisk walk,Contains gluten. Watch portion size.
43,Maharashtra,Weight Loss,Breakfast,"Ragi Ghavan (Small Portion, with Leafy Greens)",169,5,22,3,9,Low,Low,Low,Gluten,"rice flour, fenugreek leaves or ragi, cumin, curry leaves",Vegan,,"Use minimal oil, keep the portion small, and pair with vegetables or salad for fullness.",30 min brisk walk,Contains gluten. Watch portion size.
44,Maharashtra,Weight Loss,Breakfast,"Roasted Chana (No Oil, with Leafy Greens)",175,5,26,3,9,Low,Low,Low,,"roasted chana, curry leaves, black pepper, cumin",Vegan,,"Use minimal oil, keep the portion small, and pair with vegetables or salad for fullness.",30 min brisk walk,Watch portion size.
45,Maharashtra,Weight Loss,Breakfast,"Sabudana Khichdi (Steamed, with Jowar)",169,5,26,4,8,Low,Low,Low,Peanuts,"sabudana, peanuts, potato, cumin, curry leaves",Vegan,,"Use minimal oil, keep the portion small, and pair with vegetables or salad for fullness.",30 min brisk walk,Contains peanuts. Watch portion size.
46,Maharashtra,Weight Loss,Breakfast,"Sprouted Matki Usal (No Oil, with Leafy Greens)",184,5,25,2,10,Low,Low,Low,,"sprouted matki, onion, tomato, coriander, cumin, matki, garlic",Vegan,,"Use minimal oil, keep the portion small, and pair with vegetables or salad for fullness.",30 min brisk walk,Watch portion size.
47,Maharashtra,Weight Loss,Breakfast,"Thalipeeth (High Fibre, with Jowar)",178,5,24,2,10,Low,Low,Low,"Gluten, Sesame","jowar flour, bajra flour, rice flour, onion, coriander, sesame",Vegan,,"Use minimal oil, keep the portion small, and pair with vegetables or salad for fullness.",30 min brisk walk,Contains gluten. Watch portion size.
48,Maharashtra,Weight Loss,Breakfast,Thalipeeth (Zero Oil),300,15,40,8,6,Low,Medium,Low,,"Multigrain Flour, Onion",Vegan,,Roast on non-stick pan without ghee or oil.,30 mins HIIT,Monitor energy
49,Maharashtra,Weight Loss,Lunch,"Alu Wadi + Bhaat (Small Portion, with Peanuts)",336,12,40,9,8,Low,Low,Low,"Peanuts, Sesame","colocasia leaves, besan, sesame, peanut",Vegetarian,,"Use minimal oil, keep the portion small, and pair with vegetables or salad for fullness.",20 min walk after meal,Contains peanuts. Watch portion size.
50,Maharashtra,Weight Loss,Lunch,"Amti Bhaat (No Oil, with Peanuts)",354,13,44,8,9,Low,Low,Low,,"toor dal, rice, kokum, goda masala, coriander",Vegetarian,,"Use minimal oil, keep the portion small, and pair with vegetables or salad for fullness.",20 min walk after meal,Watch portion size.
51,Maharashtra,Weight Loss,Lunch,"Bharli Vangi + Jowar Bhakri (High Fibre, with Matki)",348,14,40,8,8,Low,Low,Low,"Peanuts, Sesame","brinjal, peanut, sesame, coconut, onion",Vegetarian,,"Use minimal oil, keep the portion small, and pair with vegetables or salad for fullness.",20 min walk after meal,Contains peanuts. Watch portion size.
52,Maharashtra,Weight Loss,Lunch,"Bhendi Bhaji + Chapati (High Fibre, with Matki)",351,14,43,8,8,Low,Low,Low,,"okra, onion, mustard seeds, coconut",Vegetarian,,"Use minimal oil, keep the portion small, and pair with vegetables or salad for fullness.",20 min walk after meal,Watch portion size.
53,Maharashtra,Weight Loss,Lunch,"Bhoplyachi Bhaji + Chapati (High Fibre, with Matki)",336,14,40,7,10,Low,Low,Low,,"pumpkin, coconut, cumin, coriander",Vegetarian,,"Use minimal oil, keep the portion small, and pair with vegetables or salad for fullness.",20 min walk after meal,Watch portion size.
54,Maharashtra,Weight Loss,Lunch,"Chawli Usal + Bhakri (Small Portion, with Peanuts)",354,14,41,8,10,Low,Low,Low,,"cowpeas, onion, tomato, garlic, coriander",Vegetarian,,"Use minimal oil, keep the portion small, and pair with vegetables or salad for fullness.",20 min walk after meal,Watch portion size.
55,Maharashtra,Weight Loss,Lunch,"Gawar Bhaji + Bhakri (No Oil, with Peanuts)",345,14,43,7,10,Low,Low,Low,Peanuts,"cluster beans, onion, coconut, peanuts",Vegetarian,,"Use minimal oil, keep the portion small, and pair with vegetables or salad for fullness.",20 min walk after meal,Contains peanuts. Watch portion size.
56,Maharashtra,Weight Loss,Lunch,"Kokum Saar + Rice (No Oil, with Peanuts)",342,14,44,7,8,Low,Low,Low,,"kokum, cumin, jaggery, coriander",Vegetarian,,"Use minimal oil, keep the portion small, and pair with vegetables or salad for fullness.",20 min walk after meal,Watch portion size.
57,Maharashtra,Weight Loss,Lunch,"Koshimbir + Bhakri (Steamed, with Matki)",345,13,40,8,10,Low,Low,Low,"Peanuts, Dairy","cucumber, curd, coriander, peanuts",Vegetarian,,"Use minimal oil, keep the portion small, and pair with vegetables or salad for fullness.",20 min walk after meal,Contains peanuts. Contains dairy. Watch portion size.
58,Maharashtra,Weight Loss,Lunch,"Matki Usal + Jowar Bhakri (Steamed, with Matki)",336,14,41,7,8,Low,Low,Low,,"matki, onion, tomato, garlic, coriander",Vegetarian,,"Use minimal oil, keep the portion small, and pair with vegetables or salad for fullness.",20 min walk after meal,Watch portion size.
59,Maharashtra,Weight Loss,Lunch,"Moong Usal + Chapati (Low Salt, with Thecha)",339,14,44,8,9,Low,Low,Low,,"moong beans, onion, tomato, curry leaves, coriander",Vegetarian,,"Use minimal oil, keep the portion small, and pair with vegetables or salad for fullness.",20 min walk after meal,Watch portion size.
60,Maharashtra,Weight Loss,Lunch,"Pithla Bhakri (Small Portion, with Peanuts)",351,13,44,7,9,Low,Low,Low,Gluten,"besan, onion, garlic, jowar flour, green chilli",Vegetarian,,"Use minimal oil, keep the portion small, and pair with vegetables or salad for fullness.",20 min walk after meal,Contains gluten. Watch portion size.
61,Maharashtra,Weight Loss,Lunch,"Solkadhi + Rice (Low Salt, with Thecha)",351,12,44,9,8,Low,Low,Low,Dairy,"kokum, coconut milk, garlic, coriander",Vegetarian,,"Use minimal oil, keep the portion small, and pair with vegetables or salad for fullness.",20 min walk after meal,Contains dairy. Watch portion size.
62,Maharashtra,Weight Loss,Lunch,"Tondli Bhaji + Bhakri (Minimal Oil, with Thecha)",351,13,43,9,9,Low,Low,Low,Peanuts,"ivy gourd, peanuts, coconut, mustard seeds",Vegetarian,,"Use minimal oil, keep the portion small, and pair with vegetables or salad for fullness.",20 min walk after meal,Contains peanuts. Watch portion size.
63,Maharashtra,Weight Loss,Lunch,"Vangyache Bharit + Bhakri (Minimal Oil, with Thecha)",351,13,42,8,9,Low,Low,Low,"Peanuts, Sesame","roasted brinjal, peanut, sesame, onion, coriander",Vegetarian,,"Use minimal oil, keep the portion small, and pair with vegetables or salad for fullness.",20 min walk after meal,Contains peanuts. Watch portion size.
64,Maharashtra,Weight Loss,Lunch,"Varan Bhaat (Low Salt, with Thecha)",342,14,43,7,10,Low,Low,Low,Dairy,"toor dal, rice, turmeric, ghee, cumin",Vegetarian,,"Use minimal oil, keep the portion small, and pair with vegetables or salad for fullness.",20 min walk after meal,Contains dairy. Watch portion size.
65,Maharashtra,Weight Loss,Lunch,"Anda Bhurji + Bhakri (High Fibre, with Mutton)",374,20,40,12,9,Low,Low,Low,Egg,"eggs, onion, tomato, green chilli, coriander",Non-Vegetarian,,"Use minimal oil, keep the portion small, and pair with vegetables or salad for fullness.",20 min walk after meal,Contains egg. Watch portion size.
66,Maharashtra,Weight Loss,Lunch,"Anda Bhurji + Bhakri (Minimal Oil, with Chicken)",368,18,40,12,9,Low,Low,Low,Egg,"eggs, onion, tomato, green chilli, coriander",Non-Vegetarian,,"Use minimal oil, keep the portion small, and pair with vegetables or salad for fullness.",20 min walk after meal,Contains egg. Watch portion size.
67,Maharashtra,Weight Loss,Lunch,"Anda Curry + Chapati (Low Salt, with Chicken)",371,19,43,10,8,Low,Low,Low,Egg,"eggs, onion, tomato, ginger, garlic",Non-Vegetarian,,"Use minimal oil, keep the portion small, and pair with vegetables or salad for fullness.",20 min walk after meal,Contains egg. Watch portion size.
68,Maharashtra,Weight Loss,Lunch,"Anda Curry + Chapati (Steamed, with Mutton)",362,19,41,12,8,Low,Low,Low,Egg,"eggs, onion, tomato, ginger, garlic",Non-Vegetarian,,"Use minimal oil, keep the portion small, and pair with vegetables or salad for fullness.",20 min walk after meal,Contains egg. Watch portion size.
69,Maharashtra,Weight Loss,Lunch,"Bangda Curry + Bhaat (Low Salt, with Chicken)",374,19,43,11,9,Low,Low,Low,Fish/Seafood,"mackerel, coconut, kokum, onion, garlic",Non-Vegetarian,Fish,"Use minimal oil, keep the portion small, and pair with vegetables or salad for fullness.",20 min walk after meal,Contains fish/seafood. Watch portion size.
70,Maharashtra,Weight Loss,Lunch,"Bangda Curry + Bhaat (No Oil, with Prawns)",374,20,40,12,10,Low,Low,Low,Fish/Seafood,"mackerel, coconut, kokum, onion, garlic",Non-Vegetarian,Fish,"Use minimal oil, keep the portion small, and pair with vegetables or salad for fullness.",20 min walk after meal,Contains fish/seafood. Watch portion size.
71,Maharashtra,Weight Loss,Lunch,"Chicken Rassa + Bhakri (High Fibre, with Mutton)",374,19,42,12,10,Low,Low,Low,,"chicken, onion, garlic, red chilli, spices",Non-Vegetarian,Chicken,"Use minimal oil, keep the portion small, and pair with vegetables or salad for fullness.",20 min walk after meal,Watch portion size.
72,Maharashtra,Weight Loss,Lunch,"Chicken Rassa + Bhakri (Small Portion, with Prawns)",362,18,44,10,8,Low,Low,Low,,"chicken, onion, garlic, red chilli, spices",Non-Vegetarian,Chicken,"Use minimal oil, keep the portion small, and pair with vegetables or salad for fullness.",20 min walk after meal,Watch portion size.
73,Maharashtra,Weight Loss,Lunch,"Fish Curry + Rice (Low Salt, with Chicken)",356,19,40,12,10,Low,Low,Low,Fish/Seafood,"fish, coconut, kokum, onion, garlic",Non-Vegetarian,Fish,"Use minimal oil, keep the portion small, and pair with vegetables or salad for fullness.",20 min walk after meal,Contains fish/seafood. Watch portion size.
74,Maharashtra,Weight Loss,Lunch,"Fish Curry + Rice (No Oil, with Prawns)",374,19,44,10,10,Low,Low,Low,Fish/Seafood,"fish, coconut, kokum, onion, garlic",Non-Vegetarian,Fish,"Use minimal oil, keep the portion small, and pair with vegetables or salad for fullness.",20 min walk after meal,Contains fish/seafood. Watch portion size.
75,Maharashtra,Weight Loss,Lunch,"Kolambi Curry + Rice (Minimal Oil, with Chicken)",359,20,42,11,8,Low,Low,Low,Fish/Seafood,"prawns, coconut, kokum, onion, garlic",Non-Vegetarian,Seafood,"Use minimal oil, keep the portion small, and pair with vegetables or salad for fullness.",20 min walk after meal,Contains fish/seafood. Watch portion size.
76,Maharashtra,Weight Loss,Lunch,"Kolambi Curry + Rice (Small Portion, with Prawns)",368,18,42,11,10,Low,Low,Low,Fish/Seafood,"prawns, coconut, kokum, onion, garlic",Non-Vegetarian,Seafood,"Use minimal oil, keep the portion small, and pair with vegetables or salad for fullness.",20 min walk after meal,Contains fish/seafood. Watch portion size.
77,Maharashtra,Weight Loss,Lunch,"Patra Ni Macchi + Rice (High Fibre, with Mutton)",365,18,44,10,8,Low,Low,Low,Fish/Seafood,"fish, green chutney, banana leaf, lemon",Non-Vegetarian,Fish,"Use minimal oil, keep the portion small, and pair with vegetables or salad for fullness.",20 min walk after meal,Contains fish/seafood. Watch portion size.
78,Maharashtra,Weight Loss,Lunch,"Patra Ni Macchi + Rice (Minimal Oil, with Chicken)",371,20,43,11,9,Low,Low,Low,Fish/Seafood,"fish, green chutney, banana leaf, lemon",Non-Vegetarian,Fish,"Use minimal oil, keep the portion small, and pair with vegetables or salad for fullness.",20 min walk after meal,Contains fish/seafood. Watch portion size.
79,Maharashtra,Weight Loss,Lunch,"Varhadi Chicken + Jowar Bhakri (No Oil, with Prawns)",374,18,42,10,8,Low,Low,Low,,"chicken, goda masala, onion, garlic, ginger",Non-Vegetarian,Chicken,"Use minimal oil, keep the portion small, and pair with vegetables or salad for fullness.",20 min walk after meal,Watch portion size.
80,Maharashtra,Weight Loss,Lunch,"Varhadi Chicken + Jowar Bhakri (Steamed, with Mutton)",371,18,44,11,8,Low,Low,Low,,"chicken, goda masala, onion, garlic, ginger",Non-Vegetarian,Chicken,"Use minimal oil, keep the portion small, and pair with vegetables or salad for fullness.",20 min walk after meal,Watch portion size.
81,Maharashtra,Weight Loss,Lunch,"Amti Bhaat (Minimal Oil, with Millets)",341,13,40,8,12,Low,Low,Low,,"toor dal, rice, kokum, goda masala, coriander",Vegan,,"Use minimal oil, keep the portion small, and pair with vegetables or salad for fullness.",20 min walk after meal,Watch portion size.
82,Maharashtra,Weight Loss,Lunch,Bajra Bhakri + Pitla + Padwal Bhaji,450,25,55,14,10,Low,Medium,Low,,"Pearl Millet, Gram Flour, Snake Gourd",Vegan,,Dry roast bhakri. Padwal has high water content.,40 mins brisk walking,Ensure hydration
83,Maharashtra,Weight Loss,Lunch,Bajra Bhakri + Pitla + Padwal Bhaji (With Sesame),450,25,55,14,10,Low,Medium,Low,,"Pearl Millet, Gram Flour, Snake Gourd",Vegan,,Dry roast.,40 mins brisk walking,Ensure hydration
84,Maharashtra,Weight Loss,Lunch,"Bharli Vangi + Jowar Bhakri (No Oil, with Kokum)",335,11,44,7,11,Low,Low,Low,"Peanuts, Sesame","brinjal, peanut, sesame, coconut, onion",Vegan,,"Use minimal oil, keep the portion small, and pair with vegetables or salad for fullness.",20 min walk after meal,Contains peanuts. Watch portion size.
85,Maharashtra,Weight Loss,Lunch,"Bhoplyachi Bhaji + Chapati (No Oil, with Kokum)",326,11,42,8,12,Low,Low,Low,,"pumpkin, coconut, cumin, coriander",Vegan,,"Use minimal oil, keep the portion small, and pair with vegetables or salad for fullness.",20 min walk after meal,Watch portion size.
86,Maharashtra,Weight Loss,Lunch,Brown Rice + Katachi Amti + Flower Bhaji,450,25,55,14,10,Low,Medium,Low,,"Brown Rice, Chana Dal Water, Cauliflower",Vegan,,Use clear lentil broth. Steam cauliflower.,40 mins brisk walking,Ensure hydration
87,Maharashtra,Weight Loss,Lunch,Brown Rice + Varan + Dodka Bhaji,450,25,55,14,10,Low,Medium,Low,,"Brown Rice, Toor Dal, Ridge Gourd",Vegan,,Boil plainly.,40 mins brisk walking,Ensure hydration
88,Maharashtra,Weight Loss,Lunch,"Chawli Usal + Bhakri (Low Salt, with Millets)",326,13,41,8,11,Low,Low,Low,,"cowpeas, onion, tomato, garlic, coriander",Vegan,,"Use minimal oil, keep the portion small, and pair with vegetables or salad for fullness.",20 min walk after meal,Watch portion size.
89,Maharashtra,Weight Loss,Lunch,"Gawar Bhaji + Bhakri (Minimal Oil, with Millets)",329,12,42,7,11,Low,Low,Low,Peanuts,"cluster beans, onion, coconut, peanuts",Vegan,,"Use minimal oil, keep the portion small, and pair with vegetables or salad for fullness.",20 min walk after meal,Contains peanuts. Watch portion size.
90,Maharashtra,Weight Loss,Lunch,Jowar Bhakri + Amti + Gawar Bhaji,450,25,55,14,10,Low,Medium,Low,,"Sorghum, Lentils, Cluster Beans",Vegan,,Less oil.,40 mins brisk walking,Ensure hydration
91,Maharashtra,Weight Loss,Lunch,Jowar Bhakri + Moong Amti + Padwal Bhaji,450,25,55,14,10,Low,Medium,Low,,"Sorghum, Green Gram, Snake Gourd",Vegan,,Cook amti with minimal oil. Lightly toss snake gourd.,40 mins brisk walking,Ensure hydration
92,Maharashtra,Weight Loss,Lunch,Jowar Bhakri + Zunka (Less Oil) + Kobi,450,25,55,14,10,Low,Medium,Low,,"Sorghum, Gram Flour, Cabbage",Vegan,,"Steam cabbage. Make zunka with water, not oil.",40 mins brisk walking,Ensure hydration
93,Maharashtra,Weight Loss,Lunch,"Koshimbir + Bhakri (Small Portion, with Kokum)",341,11,43,6,10,Low,Low,Low,"Peanuts, Dairy","cucumber, curd, coriander, peanuts",Vegan,,"Use minimal oil, keep the portion small, and pair with vegetables or salad for fullness.",20 min walk after meal,Contains peanuts. Contains dairy. Watch portion size.
94,Maharashtra,Weight Loss,Lunch,"Solkadhi + Rice (High Fibre, with Roasted Chana)",341,13,43,7,11,Low,Low,Low,Dairy,"kokum, coconut milk, garlic, coriander",Vegan,,"Use minimal oil, keep the portion small, and pair with vegetables or salad for fullness.",20 min walk after meal,Contains dairy. Watch portion size.
95,Maharashtra,Weight Loss,Lunch,"Vangyache Bharit + Bhakri (Steamed, with Roasted Chana)",341,13,43,8,11,Low,Low,Low,"Peanuts, Sesame","roasted brinjal, peanut, sesame, onion, coriander",Vegan,,"Use minimal oil, keep the portion small, and pair with vegetables or salad for fullness.",20 min walk after meal,Contains peanuts. Watch portion size.
96,Maharashtra,Weight Loss,Lunch,"Varan Bhaat (High Fibre, with Roasted Chana)",344,13,43,6,12,Low,Low,Low,Dairy,"toor dal, rice, turmeric, ghee, cumin",Vegan,,"Use minimal oil, keep the portion small, and pair with vegetables or salad for fullness.",20 min walk after meal,Contains dairy. Watch portion size.
97,Maharashtra,Weight Loss,Snack,"Bhakarwadi (High Fibre, with Seasonal Vegetables)",141,5,12,4,7,Low,Low,Low,"Gluten, Sesame","gram flour, wheat flour, sesame, fennel, spices",Vegetarian,,"Use minimal oil, keep the portion small, and pair with vegetables or salad for fullness.",20 min stair walk,Contains gluten. Watch portion size.
98,Maharashtra,Weight Loss,Snack,"Bhel Puri (No Oil, with Jowar)",129,3,13,2,5,Low,Low,Low,Peanuts,"puffed rice, onion, tomato, coriander, peanuts, tamarind",Vegetarian,,"Use minimal oil, keep the portion small, and pair with vegetables or salad for fullness.",20 min stair walk,Contains peanuts. Watch portion size.
99,Maharashtra,Weight Loss,Snack,"Bhel Puri (Small Portion, with Jowar)",138,4,16,2,5,Low,Low,Low,Peanuts,"puffed rice, onion, tomato, coriander, peanuts, tamarind",Vegetarian,,"Use minimal oil, keep the portion small, and pair with vegetables or salad for fullness.",20 min stair walk,Contains peanuts. Watch portion size.
100,Maharashtra,Weight Loss,Snack,"Chivda (No Oil, with Jowar)",129,3,12,4,6,Low,Low,Low,Peanuts,"flattened rice, peanuts, curry leaves, mustard seeds, spices",Vegetarian,,"Use minimal oil, keep the portion small, and pair with vegetables or salad for fullness.",20 min stair walk,Contains peanuts. Watch portion size.
101,Maharashtra,Weight Loss,Snack,"Chivda (Small Portion, with Jowar)",135,3,14,3,6,Low,Low,Low,Peanuts,"flattened rice, peanuts, curry leaves, mustard seeds, spices",Vegetarian,,"Use minimal oil, keep the portion small, and pair with vegetables or salad for fullness.",20 min stair walk,Contains peanuts. Watch portion size.
102,Maharashtra,Weight Loss,Snack,"Kothimbir Vadi (Low Salt, with Moong, Variant 1)",138,3,12,3,6,Low,Low,Low,"Peanuts, Sesame","coriander leaves, besan, sesame, peanuts, green chilli",Vegetarian,,"Use minimal oil, keep the portion small, and pair with vegetables or salad for fullness.",20 min stair walk,Contains peanuts. Watch portion size.
103,Maharashtra,Weight Loss,Snack,"Kothimbir Vadi (Minimal Oil, with Moong)",141,5,13,2,6,Low,Low,Low,"Peanuts, Sesame","coriander leaves, besan, sesame, peanuts, green chilli",Vegetarian,,"Use minimal oil, keep the portion small, and pair with vegetables or salad for fullness.",20 min stair walk,Contains peanuts. Watch portion size.
104,Maharashtra,Weight Loss,Snack,"Kurmura Bhel (No Oil, with Jowar)",144,3,13,4,7,Low,Low,Low,Peanuts,"puffed rice, onion, tomato, coriander, peanuts, tamarind",Vegetarian,,"Use minimal oil, keep the portion small, and pair with vegetables or salad for fullness.",20 min stair walk,Contains peanuts. Watch portion size.
105,Maharashtra,Weight Loss,Snack,"Panki (High Fibre, with Seasonal Vegetables)",126,5,12,4,7,Low,Low,Low,Gluten,"rice flour, coconut, coriander, banana leaf",Vegetarian,,"Use minimal oil, keep the portion small, and pair with vegetables or salad for fullness.",20 min stair walk,Contains gluten. Watch portion size.
106,Maharashtra,Weight Loss,Snack,"Panki (Steamed, with Seasonal Vegetables, Variant 1)",126,3,13,2,5,Low,Low,Low,Gluten,"rice flour, coconut, coriander, banana leaf",Vegetarian,,"Use minimal oil, keep the portion small, and pair with vegetables or salad for fullness.",20 min stair walk,Contains gluten. Watch portion size.
107,Maharashtra,Weight Loss,Snack,"Roasted Chana (Steamed, with Seasonal Vegetables)",138,5,14,3,5,Low,Low,Low,,"roasted chana, curry leaves, black pepper, cumin",Vegetarian,,"Use minimal oil, keep the portion small, and pair with vegetables or salad for fullness.",20 min stair walk,Watch portion size.
108,Maharashtra,Weight Loss,Snack,Roasted Peanuts (Small Portion),150,8,20,4,5,Low,Medium,Low,Peanuts,Peanuts,Vegetarian,,Dry roast plain peanuts.,15 mins light yoga,Control portion
109,Maharashtra,Weight Loss,Snack,Roasted Shengdane,150,8,20,4,5,Low,Medium,Low,Peanuts,Peanuts,Vegetarian,,Dry roast.,15 mins light yoga,Control portion
110,Maharashtra,Weight Loss,Snack,"Sprouted Moong Chaat (Minimal Oil, with Moong)",126,5,15,2,5,Low,Low,Low,,"sprouted moong, onion, tomato, coriander, lemon",Vegetarian,,"Use minimal oil, keep the portion small, and pair with vegetables or salad for fullness.",20 min stair walk,Watch portion size.
111,Maharashtra,Weight Loss,Snack,Steamed Alu Vadi (With Matki),150,8,20,4,5,Low,Medium,Low,,"Colocasia Leaves, Gram Flour",Vegetarian,,Steam leaves thoroughly.,15 mins light yoga,Control portion
112,Maharashtra,Weight Loss,Snack,"Taak (Low Salt, with Moong)",141,5,12,4,7,Low,Low,Low,Dairy,"buttermilk, cumin, coriander, curry leaves",Vegetarian,,"Use minimal oil, keep the portion small, and pair with vegetables or salad for fullness.",20 min stair walk,Contains dairy. Watch portion size.
113,Maharashtra,Weight Loss,Snack,"Anda Chaat (High Fibre, with Lean Gravy)",158,9,14,6,6,Low,Low,Low,Egg,"boiled eggs, onion, tomato, coriander, lemon",Non-Vegetarian,,"Use minimal oil, keep the portion small, and pair with vegetables or salad for fullness.",20 min stair walk,Contains egg. Watch portion size.
114,Maharashtra,Weight Loss,Snack,"Anda Chaat (High Fibre, with Lean Gravy, Variant 1)",146,11,16,7,5,Low,Low,Low,Egg,"boiled eggs, onion, tomato, coriander, lemon",Non-Vegetarian,,"Use minimal oil, keep the portion small, and pair with vegetables or salad for fullness.",20 min stair walk,Contains egg. Watch portion size.
115,Maharashtra,Weight Loss,Snack,"Anda Chaat (Low Salt, with Egg)",146,9,12,5,6,Low,Low,Low,Egg,"boiled eggs, onion, tomato, coriander, lemon",Non-Vegetarian,,"Use minimal oil, keep the portion small, and pair with vegetables or salad for fullness.",20 min stair walk,Contains egg. Watch portion size.
116,Maharashtra,Weight Loss,Snack,"Anda Chaat (Low Salt, with Egg, Variant 1)",158,10,16,6,7,Low,Low,Low,Egg,"boiled eggs, onion, tomato, coriander, lemon",Non-Vegetarian,,"Use minimal oil, keep the portion small, and pair with vegetables or salad for fullness.",20 min stair walk,Contains egg. Watch portion size.
117,Maharashtra,Weight Loss,Snack,"Anda Chaat (Low Salt, with Egg, Variant 2)",149,10,13,6,6,Low,Low,Low,Egg,"boiled eggs, onion, tomato, coriander, lemon",Non-Vegetarian,,"Use minimal oil, keep the portion small, and pair with vegetables or salad for fullness.",20 min stair walk,Contains egg. Watch portion size.
118,Maharashtra,Weight Loss,Snack,"Anda Chaat (Minimal Oil, with Egg)",164,10,15,5,5,Low,Low,Low,Egg,"boiled eggs, onion, tomato, coriander, lemon",Non-Vegetarian,,"Use minimal oil, keep the portion small, and pair with vegetables or salad for fullness.",20 min stair walk,Contains egg. Watch portion size.
119,Maharashtra,Weight Loss,Snack,"Anda Chaat (Minimal Oil, with Egg, Variant 1)",158,10,15,7,5,Low,Low,Low,Egg,"boiled eggs, onion, tomato, coriander, lemon",Non-Vegetarian,,"Use minimal oil, keep the portion small, and pair with vegetables or salad for fullness.",20 min stair walk,Contains egg. Watch portion size.
120,Maharashtra,Weight Loss,Snack,"Anda Chaat (Minimal Oil, with Egg, Variant 2)",161,11,16,6,7,Low,Low,Low,Egg,"boiled eggs, onion, tomato, coriander, lemon",Non-Vegetarian,,"Use minimal oil, keep the portion small, and pair with vegetables or salad for fullness.",20 min stair walk,Contains egg. Watch portion size.
121,Maharashtra,Weight Loss,Snack,"Anda Chaat (No Oil, with Fish)",149,9,13,7,5,Low,Low,Low,Egg,"boiled eggs, onion, tomato, coriander, lemon",Non-Vegetarian,,"Use minimal oil, keep the portion small, and pair with vegetables or salad for fullness.",20 min stair walk,Contains egg. Watch portion size.
122,Maharashtra,Weight Loss,Snack,"Anda Chaat (No Oil, with Fish, Variant 1)",158,10,16,7,6,Low,Low,Low,Egg,"boiled eggs, onion, tomato, coriander, lemon",Non-Vegetarian,,"Use minimal oil, keep the portion small, and pair with vegetables or salad for fullness.",20 min stair walk,Contains egg. Watch portion size.
123,Maharashtra,Weight Loss,Snack,"Anda Chaat (Small Portion, with Fish)",164,10,15,5,5,Low,Low,Low,Egg,"boiled eggs, onion, tomato, coriander, lemon",Non-Vegetarian,,"Use minimal oil, keep the portion small, and pair with vegetables or salad for fullness.",20 min stair walk,Contains egg. Watch portion size.
124,Maharashtra,Weight Loss,Snack,"Anda Chaat (Small Portion, with Fish, Variant 1)",149,10,13,7,5,Low,Low,Low,Egg,"boiled eggs, onion, tomato, coriander, lemon",Non-Vegetarian,,"Use minimal oil, keep the portion small, and pair with vegetables or salad for fullness.",20 min stair walk,Contains egg. Watch portion size.
125,Maharashtra,Weight Loss,Snack,"Anda Chaat (Small Portion, with Fish, Variant 2)",152,10,14,6,6,Low,Low,Low,Egg,"boiled eggs, onion, tomato, coriander, lemon",Non-Vegetarian,,"Use minimal oil, keep the portion small, and pair with vegetables or salad for fullness.",20 min stair walk,Contains egg. Watch portion size.
126,Maharashtra,Weight Loss,Snack,"Anda Chaat (Steamed, with Lean Gravy)",161,10,14,6,6,Low,Low,Low,Egg,"boiled eggs, onion, tomato, coriander, lemon",Non-Vegetarian,,"Use minimal oil, keep the portion small, and pair with vegetables or salad for fullness.",20 min stair walk,Contains egg. Watch portion size.
127,Maharashtra,Weight Loss,Snack,"Anda Chaat (Steamed, with Lean Gravy, Variant 1)",158,11,15,5,7,Low,Low,Low,Egg,"boiled eggs, onion, tomato, coriander, lemon",Non-Vegetarian,,"Use minimal oil, keep the portion small, and pair with vegetables or salad for fullness.",20 min stair walk,Contains egg. Watch portion size.
128,Maharashtra,Weight Loss,Snack,"Anda Chaat (Steamed, with Lean Gravy, Variant 2)",152,9,15,7,7,Low,Low,Low,Egg,"boiled eggs, onion, tomato, coriander, lemon",Non-Vegetarian,,"Use minimal oil, keep the portion small, and pair with vegetables or salad for fullness.",20 min stair walk,Contains egg. Watch portion size.
129,Maharashtra,Weight Loss,Snack,"Bhakarwadi (No Oil, with Leafy Greens)",119,2,15,2,7,Low,Low,Low,"Gluten, Sesame","gram flour, wheat flour, sesame, fennel, spices",Vegan,,"Use minimal oil, keep the portion small, and pair with vegetables or salad for fullness.",20 min stair walk,Contains gluten. Watch portion size.
130,Maharashtra,Weight Loss,Snack,"Bhel Puri (Low Salt, with Sesame)",119,3,12,1,9,Low,Low,Low,Peanuts,"puffed rice, onion, tomato, coriander, peanuts, tamarind",Vegan,,"Use minimal oil, keep the portion small, and pair with vegetables or salad for fullness.",20 min stair walk,Contains peanuts. Watch portion size.
131,Maharashtra,Weight Loss,Snack,"Chivda (Low Salt, with Sesame, Variant 1)",128,2,14,3,7,Low,Low,Low,Peanuts,"flattened rice, peanuts, curry leaves, mustard seeds, spices",Vegan,,"Use minimal oil, keep the portion small, and pair with vegetables or salad for fullness.",20 min stair walk,Contains peanuts. Watch portion size.
132,Maharashtra,Weight Loss,Snack,"Chivda (Minimal Oil, with Sesame)",131,3,16,3,9,Low,Low,Low,Peanuts,"flattened rice, peanuts, curry leaves, mustard seeds, spices",Vegan,,"Use minimal oil, keep the portion small, and pair with vegetables or salad for fullness.",20 min stair walk,Contains peanuts. Watch portion size.
133,Maharashtra,Weight Loss,Snack,"Kothimbir Vadi (High Fibre, with Jowar, Variant 1)",122,2,15,2,8,Low,Low,Low,"Peanuts, Sesame","coriander leaves, besan, sesame, peanuts, green chilli",Vegan,,"Use minimal oil, keep the portion small, and pair with vegetables or salad for fullness.",20 min stair walk,Contains peanuts. Watch portion size.
134,Maharashtra,Weight Loss,Snack,"Kothimbir Vadi (Steamed, with Jowar)",128,3,15,2,7,Low,Low,Low,"Peanuts, Sesame","coriander leaves, besan, sesame, peanuts, green chilli",Vegan,,"Use minimal oil, keep the portion small, and pair with vegetables or salad for fullness.",20 min stair walk,Contains peanuts. Watch portion size.
135,Maharashtra,Weight Loss,Snack,"Kurmura Bhel (Minimal Oil, with Sesame)",125,4,12,1,9,Low,Low,Low,Peanuts,"puffed rice, onion, tomato, coriander, peanuts, tamarind",Vegan,,"Use minimal oil, keep the portion small, and pair with vegetables or salad for fullness.",20 min stair walk,Contains peanuts. Watch portion size.
136,Maharashtra,Weight Loss,Snack,"Panki (No Oil, with Leafy Greens)",125,4,12,1,7,Low,Low,Low,Gluten,"rice flour, coconut, coriander, banana leaf",Vegan,,"Use minimal oil, keep the portion small, and pair with vegetables or salad for fullness.",20 min stair walk,Contains gluten. Watch portion size.
137,Maharashtra,Weight Loss,Snack,"Panki (Small Portion, with Leafy Greens, Variant 1)",128,2,15,3,7,Low,Low,Low,Gluten,"rice flour, coconut, coriander, banana leaf",Vegan,,"Use minimal oil, keep the portion small, and pair with vegetables or salad for fullness.",20 min stair walk,Contains gluten. Watch portion size.
138,Maharashtra,Weight Loss,Snack,"Roasted Chana (Small Portion, with Leafy Greens)",116,3,15,2,8,Low,Low,Low,,"roasted chana, curry leaves, black pepper, cumin",Vegan,,"Use minimal oil, keep the portion small, and pair with vegetables or salad for fullness.",20 min stair walk,Watch portion size.
139,Maharashtra,Weight Loss,Snack,Roasted Chana (With Curry Leaves),150,8,20,4,5,Low,Medium,Low,,Black Chickpeas,Vegan,,Dry roast.,15 mins light yoga,Control portion
140,Maharashtra,Weight Loss,Snack,Solkadhi,150,8,20,4,5,Low,Medium,Low,,"Kokum, Water, Garlic",Vegan,,Use water instead of coconut milk.,15 mins light yoga,Control portion
141,Maharashtra,Weight Loss,Snack,Sprouted Matki Usal,150,8,20,4,5,Low,Medium,Low,,"Moth Beans, Onion, Tomato",Vegan,,Steam sprouts lightly to preserve nutrients.,15 mins light yoga,Chew thoroughly
142,Maharashtra,Weight Loss,Snack,Sprouted Moong,150,8,20,4,5,Low,Medium,Low,,Green Gram Sprouts,Vegan,,Steam lightly.,15 mins light yoga,Control portion
143,Maharashtra,Weight Loss,Snack,"Sprouted Moong Chaat (Steamed, with Jowar)",116,4,12,2,8,Low,Low,Low,,"sprouted moong, onion, tomato, coriander, lemon",Vegan,,"Use minimal oil, keep the portion small, and pair with vegetables or salad for fullness.",20 min stair walk,Watch portion size.
144,Maharashtra,Weight Loss,Snack,"Taak (High Fibre, with Jowar)",134,3,16,2,8,Low,Low,Low,Dairy,"buttermilk, cumin, coriander, curry leaves",Vegan,,"Use minimal oil, keep the portion small, and pair with vegetables or salad for fullness.",20 min stair walk,Contains dairy. Watch portion size.
145,Maharashtra,Weight Loss,Dinner,"Alu Wadi + Bhaat (Small Portion, with Peanuts, Variant 1)",319,11,40,6,9,Low,Low,Low,"Peanuts, Sesame","colocasia leaves, besan, sesame, peanut",Vegetarian,,"Use minimal oil, keep the portion small, and pair with vegetables or salad for fullness.",25 min evening walk,Contains peanuts. Watch portion size.
146,Maharashtra,Weight Loss,Dinner,"Amti Bhaat (No Oil, with Peanuts, Variant 1)",319,13,40,6,8,Low,Low,Low,,"toor dal, rice, kokum, goda masala, coriander",Vegetarian,,"Use minimal oil, keep the portion small, and pair with vegetables or salad for fullness.",25 min evening walk,Watch portion size.
147,Maharashtra,Weight Loss,Dinner,"Bhendi Bhaji + Chapati (High Fibre, with Matki, Variant 1)",319,12,41,7,8,Low,Low,Low,,"okra, onion, mustard seeds, coconut",Vegetarian,,"Use minimal oil, keep the portion small, and pair with vegetables or salad for fullness.",25 min evening walk,Watch portion size.
148,Maharashtra,Weight Loss,Dinner,"Bhoplyachi Bhaji + Chapati (High Fibre, with Matki, Variant 1)",334,13,37,6,7,Low,Low,Low,,"pumpkin, coconut, cumin, coriander",Vegetarian,,"Use minimal oil, keep the portion small, and pair with vegetables or salad for fullness.",25 min evening walk,Watch portion size.
149,Maharashtra,Weight Loss,Dinner,"Chawli Usal + Bhakri (Small Portion, with Peanuts, Variant 1)",316,12,37,6,8,Low,Low,Low,,"cowpeas, onion, tomato, garlic, coriander",Vegetarian,,"Use minimal oil, keep the portion small, and pair with vegetables or salad for fullness.",25 min evening walk,Watch portion size.
150,Maharashtra,Weight Loss,Dinner,"Kokum Saar + Rice (No Oil, with Peanuts, Variant 1)",334,12,40,8,9,Low,Low,Low,,"kokum, cumin, jaggery, coriander",Vegetarian,,"Use minimal oil, keep the portion small, and pair with vegetables or salad for fullness.",25 min evening walk,Watch portion size.
151,Maharashtra,Weight Loss,Dinner,"Koshimbir + Bhakri (Steamed, with Matki, Variant 1)",322,13,39,8,9,Low,Low,Low,"Peanuts, Dairy","cucumber, curd, coriander, peanuts",Vegetarian,,"Use minimal oil, keep the portion small, and pair with vegetables or salad for fullness.",25 min evening walk,Contains peanuts. Contains dairy. Watch portion size.
152,Maharashtra,Weight Loss,Dinner,"Matki Usal + Jowar Bhakri (Steamed, with Matki, Variant 1)",322,13,41,8,7,Low,Low,Low,,"matki, onion, tomato, garlic, coriander",Vegetarian,,"Use minimal oil, keep the portion small, and pair with vegetables or salad for fullness.",25 min evening walk,Watch portion size.
153,Maharashtra,Weight Loss,Dinner,Moong Dal Khichdi + Solkadhi,350,20,45,10,8,Low,Medium,Low,,"Rice, Moong Dal, Kokum, Coconut Milk",Vegetarian,,Use light coconut milk for solkadhi. No ghee in khichdi.,20 mins walk,Do not overeat
154,Maharashtra,Weight Loss,Dinner,Moong Khichdi + Kadi,350,20,45,10,8,Low,Medium,Low,Dairy,"Rice, Moong Dal, Yogurt",Vegetarian,,No ghee.,20 mins walk,Do not overeat
155,Maharashtra,Weight Loss,Dinner,"Moong Usal + Chapati (Low Salt, with Thecha, Variant 1)",322,13,37,7,8,Low,Low,Low,,"moong beans, onion, tomato, curry leaves, coriander",Vegetarian,,"Use minimal oil, keep the portion small, and pair with vegetables or salad for fullness.",25 min evening walk,Watch portion size.
156,Maharashtra,Weight Loss,Dinner,"Pithla Bhakri (Small Portion, with Peanuts, Variant 1)",322,13,41,8,9,Low,Low,Low,Gluten,"besan, onion, garlic, jowar flour, green chilli",Vegetarian,,"Use minimal oil, keep the portion small, and pair with vegetables or salad for fullness.",25 min evening walk,Contains gluten. Watch portion size.
157,Maharashtra,Weight Loss,Dinner,"Solkadhi + Rice (Low Salt, with Thecha, Variant 1)",334,11,40,7,8,Low,Low,Low,Dairy,"kokum, coconut milk, garlic, coriander",Vegetarian,,"Use minimal oil, keep the portion small, and pair with vegetables or salad for fullness.",25 min evening walk,Contains dairy. Watch portion size.
158,Maharashtra,Weight Loss,Dinner,"Tondli Bhaji + Bhakri (Minimal Oil, with Thecha, Variant 1)",325,12,39,7,7,Low,Low,Low,Peanuts,"ivy gourd, peanuts, coconut, mustard seeds",Vegetarian,,"Use minimal oil, keep the portion small, and pair with vegetables or salad for fullness.",25 min evening walk,Contains peanuts. Watch portion size.
159,Maharashtra,Weight Loss,Dinner,"Vangyache Bharit + Bhakri (Minimal Oil, with Thecha, Variant 1)",331,12,37,7,8,Low,Low,Low,"Peanuts, Sesame","roasted brinjal, peanut, sesame, onion, coriander",Vegetarian,,"Use minimal oil, keep the portion small, and pair with vegetables or salad for fullness.",25 min evening walk,Contains peanuts. Watch portion size.
160,Maharashtra,Weight Loss,Dinner,"Varan Bhaat (Low Salt, with Thecha, Variant 1)",328,12,38,8,9,Low,Low,Low,Dairy,"toor dal, rice, turmeric, ghee, cumin",Vegetarian,,"Use minimal oil, keep the portion small, and pair with vegetables or salad for fullness.",25 min evening walk,Contains dairy. Watch portion size.
161,Maharashtra,Weight Loss,Dinner,"Anda Bhurji + Bhakri (High Fibre, with Mutton, Variant 1)",336,19,40,9,9,Low,Low,Low,Egg,"eggs, onion, tomato, green chilli, coriander",Non-Vegetarian,,"Use minimal oil, keep the portion small, and pair with vegetables or salad for fullness.",25 min evening walk,Contains egg. Watch portion size.
162,Maharashtra,Weight Loss,Dinner,"Anda Curry + Chapati (No Oil, with Prawns)",339,19,41,9,9,Low,Low,Low,Egg,"eggs, onion, tomato, ginger, garlic",Non-Vegetarian,,"Use minimal oil, keep the portion small, and pair with vegetables or salad for fullness.",25 min evening walk,Contains egg. Watch portion size.
163,Maharashtra,Weight Loss,Dinner,"Anda Curry + Chapati (Steamed, with Mutton, Variant 1)",354,18,38,9,7,Low,Low,Low,Egg,"eggs, onion, tomato, ginger, garlic",Non-Vegetarian,,"Use minimal oil, keep the portion small, and pair with vegetables or salad for fullness.",25 min evening walk,Contains egg. Watch portion size.
164,Maharashtra,Weight Loss,Dinner,"Bangda Curry + Bhaat (Low Salt, with Chicken, Variant 1)",348,17,38,10,9,Low,Low,Low,Fish/Seafood,"mackerel, coconut, kokum, onion, garlic",Non-Vegetarian,Fish,"Use minimal oil, keep the portion small, and pair with vegetables or salad for fullness.",25 min evening walk,Contains fish/seafood. Watch portion size.
165,Maharashtra,Weight Loss,Dinner,Brown Rice + Chicken Sukka (Dry/No Oil),350,20,45,10,8,Low,Medium,Low,,"Brown Rice, Lean Chicken",Non-Vegetarian,chicken,Dry roast lean chicken breast.,20 mins walk,Do not overeat
166,Maharashtra,Weight Loss,Dinner,Brown Rice + Malvani Fish Curry (Steamed),350,20,45,10,8,Low,Medium,Low,Fish,"Brown Rice, Fish, Kokum",Non-Vegetarian,fish,"Use kokum for flavor, avoid coconut paste.",20 mins walk,Do not overeat
167,Maharashtra,Weight Loss,Dinner,"Brown Rice + Malvani Fish Curry (Steamed, With Kokum)",350,20,45,10,8,Low,Medium,Low,Fish,"Brown Rice, Fish, Kokum",Non-Vegetarian,fish,Kokum base.,20 mins walk,Do not overeat
168,Maharashtra,Weight Loss,Dinner,"Chicken Rassa + Bhakri (Minimal Oil, with Chicken)",348,17,39,9,9,Low,Low,Low,,"chicken, onion, garlic, red chilli, spices",Non-Vegetarian,Chicken,"Use minimal oil, keep the portion small, and pair with vegetables or salad for fullness.",25 min evening walk,Watch portion size.
169,Maharashtra,Weight Loss,Dinner,"Chicken Rassa + Bhakri (Small Portion, with Prawns, Variant 1)",348,19,41,9,8,Low,Low,Low,,"chicken, onion, garlic, red chilli, spices",Non-Vegetarian,Chicken,"Use minimal oil, keep the portion small, and pair with vegetables or salad for fullness.",25 min evening walk,Watch portion size.
170,Maharashtra,Weight Loss,Dinner,"Fish Curry + Rice (Low Salt, with Chicken, Variant 1)",348,19,37,9,7,Low,Low,Low,Fish/Seafood,"fish, coconut, kokum, onion, garlic",Non-Vegetarian,Fish,"Use minimal oil, keep the portion small, and pair with vegetables or salad for fullness.",25 min evening walk,Contains fish/seafood. Watch portion size.
171,Maharashtra,Weight Loss,Dinner,"Fish Curry + Rice (Steamed, with Mutton)",336,18,40,10,8,Low,Low,Low,Fish/Seafood,"fish, coconut, kokum, onion, garlic",Non-Vegetarian,Fish,"Use minimal oil, keep the portion small, and pair with vegetables or salad for fullness.",25 min evening walk,Contains fish/seafood. Watch portion size.
172,Maharashtra,Weight Loss,Dinner,"Kolambi Curry + Rice (High Fibre, with Mutton)",345,19,38,11,9,Low,Low,Low,Fish/Seafood,"prawns, coconut, kokum, onion, garlic",Non-Vegetarian,Seafood,"Use minimal oil, keep the portion small, and pair with vegetables or salad for fullness.",25 min evening walk,Contains fish/seafood. Watch portion size.
173,Maharashtra,Weight Loss,Dinner,"Kolambi Curry + Rice (Minimal Oil, with Chicken, Variant 1)",342,18,41,10,8,Low,Low,Low,Fish/Seafood,"prawns, coconut, kokum, onion, garlic",Non-Vegetarian,Seafood,"Use minimal oil, keep the portion small, and pair with vegetables or salad for fullness.",25 min evening walk,Contains fish/seafood. Watch portion size.
174,Maharashtra,Weight Loss,Dinner,"Patra Ni Macchi + Rice (Small Portion, with Prawns)",342,19,41,11,7,Low,Low,Low,Fish/Seafood,"fish, green chutney, banana leaf, lemon",Non-Vegetarian,Fish,"Use minimal oil, keep the portion small, and pair with vegetables or salad for fullness.",25 min evening walk,Contains fish/seafood. Watch portion size.
175,Maharashtra,Weight Loss,Dinner,"Varhadi Chicken + Jowar Bhakri (Low Salt, with Chicken)",345,18,40,9,7,Low,Low,Low,,"chicken, goda masala, onion, garlic, ginger",Non-Vegetarian,Chicken,"Use minimal oil, keep the portion small, and pair with vegetables or salad for fullness.",25 min evening walk,Watch portion size.
176,Maharashtra,Weight Loss,Dinner,"Varhadi Chicken + Jowar Bhakri (No Oil, with Prawns, Variant 1)",354,17,39,11,9,Low,Low,Low,,"chicken, goda masala, onion, garlic, ginger",Non-Vegetarian,Chicken,"Use minimal oil, keep the portion small, and pair with vegetables or salad for fullness.",25 min evening walk,Watch portion size.
177,Maharashtra,Weight Loss,Dinner,"Amti Bhaat (Minimal Oil, with Millets, Variant 1)",312,11,41,5,9,Low,Low,Low,,"toor dal, rice, kokum, goda masala, coriander",Vegan,,"Use minimal oil, keep the portion small, and pair with vegetables or salad for fullness.",25 min evening walk,Watch portion size.
178,Maharashtra,Weight Loss,Dinner,"Bharli Vangi + Jowar Bhakri (No Oil, with Kokum, Variant 1)",321,10,38,6,10,Low,Low,Low,"Peanuts, Sesame","brinjal, peanut, sesame, coconut, onion",Vegan,,"Use minimal oil, keep the portion small, and pair with vegetables or salad for fullness.",25 min evening walk,Contains peanuts. Watch portion size.
179,Maharashtra,Weight Loss,Dinner,"Bhoplyachi Bhaji + Chapati (No Oil, with Kokum, Variant 1)",312,12,37,5,10,Low,Low,Low,,"pumpkin, coconut, cumin, coriander",Vegan,,"Use minimal oil, keep the portion small, and pair with vegetables or salad for fullness.",25 min evening walk,Watch portion size.
180,Maharashtra,Weight Loss,Dinner,"Chawli Usal + Bhakri (Low Salt, with Millets, Variant 1)",321,12,39,5,11,Low,Low,Low,,"cowpeas, onion, tomato, garlic, coriander",Vegan,,"Use minimal oil, keep the portion small, and pair with vegetables or salad for fullness.",25 min evening walk,Watch portion size.
181,Maharashtra,Weight Loss,Dinner,"Dodka Bhaji + Bhakri (High Fibre, with Roasted Chana)",318,11,37,6,10,Low,Low,Low,,"ridge gourd, onion, coconut, cumin",Vegan,,"Use minimal oil, keep the portion small, and pair with vegetables or salad for fullness.",25 min evening walk,Watch portion size.
182,Maharashtra,Weight Loss,Dinner,"Gawar Bhaji + Bhakri (Minimal Oil, with Millets, Variant 1)",306,12,40,5,9,Low,Low,Low,Peanuts,"cluster beans, onion, coconut, peanuts",Vegan,,"Use minimal oil, keep the portion small, and pair with vegetables or salad for fullness.",25 min evening walk,Contains peanuts. Watch portion size.
183,Maharashtra,Weight Loss,Dinner,Jowar Bhakri + Methi Patal Bhaji,350,20,45,10,8,Low,Medium,Low,,"Sorghum, Fenugreek Leaves, Besan",Vegan,,Cook leafy greens with minimal besan.,20 mins walk,Do not overeat
184,Maharashtra,Weight Loss,Dinner,Jowar Bhakri + Methi Patal Bhaji (With Lemon),350,20,45,10,8,Low,Medium,Low,,"Sorghum, Fenugreek Leaves",Vegan,,Cook light.,20 mins walk,Do not overeat
185,Maharashtra,Weight Loss,Dinner,"Kala Chana Usal + Bhakri (Low Salt, with Millets)",324,11,40,7,11,Low,Low,Low,,"kala chana, onion, tomato, coconut, coriander",Vegan,,"Use minimal oil, keep the portion small, and pair with vegetables or salad for fullness.",25 min evening walk,Watch portion size.
186,Maharashtra,Weight Loss,Dinner,"Koshimbir + Bhakri (Small Portion, with Kokum, Variant 1)",306,11,41,7,9,Low,Low,Low,"Peanuts, Dairy","cucumber, curd, coriander, peanuts",Vegan,,"Use minimal oil, keep the portion small, and pair with vegetables or salad for fullness.",25 min evening walk,Contains peanuts. Contains dairy. Watch portion size.
187,Maharashtra,Weight Loss,Dinner,"Methi Patal Bhaji + Bhakri (No Oil, with Kokum)",318,10,39,6,9,Low,Low,Low,,"fenugreek leaves, besan, onion, garlic",Vegan,,"Use minimal oil, keep the portion small, and pair with vegetables or salad for fullness.",25 min evening walk,Watch portion size.
188,Maharashtra,Weight Loss,Dinner,"Solkadhi + Rice (High Fibre, with Roasted Chana, Variant 1)",315,12,38,7,11,Low,Low,Low,Dairy,"kokum, coconut milk, garlic, coriander",Vegan,,"Use minimal oil, keep the portion small, and pair with vegetables or salad for fullness.",25 min evening walk,Contains dairy. Watch portion size.
189,Maharashtra,Weight Loss,Dinner,"Sprouted Matki Usal + Jowar Bhakri (Steamed, with Roasted Chana)",306,12,41,6,10,Low,Low,Low,,"sprouted matki, onion, tomato, coriander, cumin, matki, garlic",Vegan,,"Use minimal oil, keep the portion small, and pair with vegetables or salad for fullness.",25 min evening walk,Watch portion size.
190,Maharashtra,Weight Loss,Dinner,"Vangyache Bharit + Bhakri (Steamed, with Roasted Chana, Variant 1)",321,10,38,6,11,Low,Low,Low,"Peanuts, Sesame","roasted brinjal, peanut, sesame, onion, coriander",Vegan,,"Use minimal oil, keep the portion small, and pair with vegetables or salad for fullness.",25 min evening walk,Contains peanuts. Watch portion size.
191,Maharashtra,Weight Loss,Dinner,"Varan Bhaat (High Fibre, with Roasted Chana, Variant 1)",321,11,39,5,10,Low,Low,Low,Dairy,"toor dal, rice, turmeric, ghee, cumin",Vegan,,"Use minimal oil, keep the portion small, and pair with vegetables or salad for fullness.",25 min evening walk,Contains dairy. Watch portion size.
192,Maharashtra,Weight Loss,Dinner,"Zunka Bhakri (Small Portion, with Kokum)",324,10,40,7,11,Low,Low,Low,Gluten,"besan, onion, garlic, coriander, jowar flour",Vegan,,"Use minimal oil, keep the portion small, and pair with vegetables or salad for fullness.",25 min evening walk,Contains gluten. Watch portion size.
193,Maharashtra,Weight Gain,Breakfast,"Basundi (Double Portion, with Seasonal Vegetables)",384,12,49,15,5,High,High,High,Dairy,"milk, sugar, cardamom, saffron, nuts",Vegetarian,,Prepare in a richer traditional style and serve a full portion to raise calorie intake.,30 min strength training,Contains dairy.
194,Maharashtra,Weight Gain,Breakfast,"Basundi (Rich Style, with Jowar)",381,11,48,15,6,High,High,High,Dairy,"milk, sugar, cardamom, saffron, nuts",Vegetarian,,Prepare in a richer traditional style and serve a full portion to raise calorie intake.,30 min strength training,Contains dairy.
195,Maharashtra,Weight Gain,Breakfast,"Basundi (Rich Style, with Jowar, Variant 1)",390,13,46,15,4,High,High,High,Dairy,"milk, sugar, cardamom, saffron, nuts",Vegetarian,,Prepare in a richer traditional style and serve a full portion to raise calorie intake.,30 min strength training,Contains dairy.
196,Maharashtra,Weight Gain,Breakfast,"Basundi (With Peanuts, with Moong)",384,12,46,14,4,High,High,High,Dairy,"milk, sugar, cardamom, saffron, nuts",Vegetarian,,Prepare in a richer traditional style and serve a full portion to raise calorie intake.,30 min strength training,Contains dairy.
197,Maharashtra,Weight Gain,Breakfast,"Basundi (With Peanuts, with Moong, Variant 1)",393,13,46,13,5,High,High,High,Dairy,"milk, sugar, cardamom, saffron, nuts",Vegetarian,,Prepare in a richer traditional style and serve a full portion to raise calorie intake.,30 min strength training,Contains dairy.
198,Maharashtra,Weight Gain,Breakfast,Batata Vada,600,20,85,20,8,High,Medium,High,,"Potato, Gram Flour, Oil",Vegetarian,,Deep fry.,30 mins weight lifting,Monitor digestion
199,Maharashtra,Weight Gain,Breakfast,Batata Vada (2 pcs),600,20,85,20,8,High,Medium,High,,"Potato, Gram Flour, Oil",Vegetarian,,Deep fry potato dumplings in oil.,30 mins weight lifting,Monitor digestion
200,Maharashtra,Weight Gain,Breakfast,Kolhapuri Misal Pav,600,20,85,20,8,High,Medium,Medium,Gluten,"Moth Beans, Spices, Wheat Bread",Vegetarian,,Cook misal in rich oil base. Serve with buttered pav.,30 mins weight lifting,Monitor digestion
201,Maharashtra,Weight Gain,Breakfast,"Misal Pav (Traditional Style, with Moong)",387,12,48,13,6,High,High,High,Gluten,"moth beans, onion, tomato, farsan, pav, spices",Vegetarian,,Prepare in a richer traditional style and serve a full portion to raise calorie intake.,30 min strength training,Contains gluten.
202,Maharashtra,Weight Gain,Breakfast,"Misal Pav (With Ghee, with Jowar)",384,13,49,15,5,High,High,High,Gluten,"moth beans, onion, tomato, farsan, pav, spices",Vegetarian,,Prepare in a richer traditional style and serve a full portion to raise calorie intake.,30 min strength training,Contains gluten.
203,Maharashtra,Weight Gain,Breakfast,"Misal Pav (With Ghee, with Jowar, Variant 1)",396,12,48,13,5,High,High,High,Gluten,"moth beans, onion, tomato, farsan, pav, spices",Vegetarian,,Prepare in a richer traditional style and serve a full portion to raise calorie intake.,30 min strength training,Contains gluten.
204,Maharashtra,Weight Gain,Breakfast,"Misal Pav (With Jaggery, with Seasonal Vegetables)",399,11,50,14,5,High,High,High,Gluten,"moth beans, onion, tomato, farsan, pav, spices",Vegetarian,,Prepare in a richer traditional style and serve a full portion to raise calorie intake.,30 min strength training,Contains gluten.
205,Maharashtra,Weight Gain,Breakfast,"Misal Pav (With Jaggery, with Seasonal Vegetables, Variant 1)",390,13,50,15,6,High,High,High,Gluten,"moth beans, onion, tomato, farsan, pav, spices",Vegetarian,,Prepare in a richer traditional style and serve a full portion to raise calorie intake.,30 min strength training,Contains gluten.
206,Maharashtra,Weight Gain,Breakfast,Sabudana Khichdi (Rich),600,20,85,20,8,High,Medium,Medium,Peanuts,"Tapioca Pearls, Peanuts, Potato, Ghee",Vegetarian,,Cook with abundant ghee and roasted peanuts.,30 mins weight lifting,Monitor digestion
207,Maharashtra,Weight Gain,Breakfast,Shira,600,20,85,20,8,High,Low,Medium,Gluten|Dairy,"Semolina, Ghee, Sugar",Vegetarian,,Rich in ghee.,30 mins weight lifting,Monitor digestion
208,Maharashtra,Weight Gain,Breakfast,Thalipeeth with Loni,600,20,85,20,8,Medium,Medium,High,Dairy,"Multigrain Flour, White Butter",Vegetarian,,Serve multi-grain bread with a large dollop of butter.,30 mins weight lifting,Monitor digestion
209,Maharashtra,Weight Gain,Breakfast,"Bombil Fry (Double Portion, with Lean Gravy)",419,18,47,18,5,High,High,High,Fish/Seafood,"bombil, semolina, turmeric, chilli",Non-Vegetarian,Fish,Prepare in a richer traditional style and serve a full portion to raise calorie intake.,30 min strength training,Contains fish/seafood.
210,Maharashtra,Weight Gain,Breakfast,"Bombil Fry (Double Portion, with Lean Gravy, Variant 1)",410,17,47,17,6,High,High,High,Fish/Seafood,"bombil, semolina, turmeric, chilli",Non-Vegetarian,Fish,Prepare in a richer traditional style and serve a full portion to raise calorie intake.,30 min strength training,Contains fish/seafood.
211,Maharashtra,Weight Gain,Breakfast,"Chicken Bhurji + Pav (Rich Style, with Fish)",419,18,47,16,5,High,High,High,,local regional ingredients,Non-Vegetarian,Chicken,Prepare in a richer traditional style and serve a full portion to raise calorie intake.,30 min strength training,Portion control advised.
212,Maharashtra,Weight Gain,Breakfast,"Chicken Bhurji + Pav (Rich Style, with Fish, Variant 1)",410,19,50,18,6,High,High,High,,local regional ingredients,Non-Vegetarian,Chicken,Prepare in a richer traditional style and serve a full portion to raise calorie intake.,30 min strength training,Portion control advised.
213,Maharashtra,Weight Gain,Breakfast,"Chicken Bhurji + Pav (Rich Style, with Fish, Variant 2)",407,18,46,16,4,High,High,High,,local regional ingredients,Non-Vegetarian,Chicken,Prepare in a richer traditional style and serve a full portion to raise calorie intake.,30 min strength training,Portion control advised.
214,Maharashtra,Weight Gain,Breakfast,"Chicken Kheema Pav (With Jaggery, with Lean Gravy)",404,18,48,17,5,High,High,High,,"chicken mince, onion, ginger, garlic, spices",Non-Vegetarian,Chicken,Prepare in a richer traditional style and serve a full portion to raise calorie intake.,30 min strength training,Portion control advised.
215,Maharashtra,Weight Gain,Breakfast,"Chicken Kheema Pav (With Jaggery, with Lean Gravy, Variant 1)",419,18,47,18,5,High,High,High,,"chicken mince, onion, ginger, garlic, spices",Non-Vegetarian,Chicken,Prepare in a richer traditional style and serve a full portion to raise calorie intake.,30 min strength training,Portion control advised.
216,Maharashtra,Weight Gain,Breakfast,"Chicken Kheema Pav (With Jaggery, with Lean Gravy, Variant 2)",410,17,50,17,5,High,High,High,,"chicken mince, onion, ginger, garlic, spices",Non-Vegetarian,Chicken,Prepare in a richer traditional style and serve a full portion to raise calorie intake.,30 min strength training,Portion control advised.
217,Maharashtra,Weight Gain,Breakfast,"Fish Fry (Traditional Style, with Egg)",407,18,47,18,6,High,High,High,"Gluten, Fish/Seafood","fish, turmeric, red chilli, rice flour",Non-Vegetarian,Fish,Prepare in a richer traditional style and serve a full portion to raise calorie intake.,30 min strength training,Contains gluten. Contains fish/seafood.
218,Maharashtra,Weight Gain,Breakfast,"Fish Fry (Traditional Style, with Egg, Variant 1)",416,18,46,17,5,High,High,High,"Gluten, Fish/Seafood","fish, turmeric, red chilli, rice flour",Non-Vegetarian,Fish,Prepare in a richer traditional style and serve a full portion to raise calorie intake.,30 min strength training,Contains gluten. Contains fish/seafood.
219,Maharashtra,Weight Gain,Breakfast,"Fish Fry (Traditional Style, with Egg, Variant 2)",407,17,47,16,4,High,High,High,"Gluten, Fish/Seafood","fish, turmeric, red chilli, rice flour",Non-Vegetarian,Fish,Prepare in a richer traditional style and serve a full portion to raise calorie intake.,30 min strength training,Contains gluten. Contains fish/seafood.
220,Maharashtra,Weight Gain,Breakfast,"Mutton Kheema Pav (With Peanuts, with Egg)",404,17,49,18,6,High,High,High,,local regional ingredients,Non-Vegetarian,Mutton,Prepare in a richer traditional style and serve a full portion to raise calorie intake.,30 min strength training,Portion control advised.
221,Maharashtra,Weight Gain,Breakfast,"Mutton Kheema Pav (With Peanuts, with Egg, Variant 1)",410,18,48,18,6,High,High,High,,local regional ingredients,Non-Vegetarian,Mutton,Prepare in a richer traditional style and serve a full portion to raise calorie intake.,30 min strength training,Portion control advised.
222,Maharashtra,Weight Gain,Breakfast,"Mutton Kheema Pav (With Peanuts, with Egg, Variant 2)",404,17,47,16,4,High,High,High,,local regional ingredients,Non-Vegetarian,Mutton,Prepare in a richer traditional style and serve a full portion to raise calorie intake.,30 min strength training,Portion control advised.
223,Maharashtra,Weight Gain,Breakfast,"Varhadi Chicken + Pav (With Ghee, with Fish)",407,18,47,16,4,High,High,High,,"chicken, goda masala, onion, garlic, ginger",Non-Vegetarian,Chicken,Prepare in a richer traditional style and serve a full portion to raise calorie intake.,30 min strength training,Portion control advised.
224,Maharashtra,Weight Gain,Breakfast,"Varhadi Chicken + Pav (With Ghee, with Fish, Variant 1)",413,18,46,16,5,High,High,High,,"chicken, goda masala, onion, garlic, ginger",Non-Vegetarian,Chicken,Prepare in a richer traditional style and serve a full portion to raise calorie intake.,30 min strength training,Portion control advised.
225,Maharashtra,Weight Gain,Breakfast,"Batata Poha (With Ghee, with Leafy Greens)",377,10,50,12,6,High,High,High,Peanuts,"poha, onion, mustard seeds, curry leaves, green chilli, lemon, peanuts",Vegan,,Prepare in a richer traditional style and serve a full portion to raise calorie intake.,30 min strength training,Contains peanuts.
226,Maharashtra,Weight Gain,Breakfast,"Chivda (With Peanuts, with Sesame)",374,12,50,12,6,High,High,High,Peanuts,"flattened rice, peanuts, curry leaves, mustard seeds, spices",Vegan,,Prepare in a richer traditional style and serve a full portion to raise calorie intake.,30 min strength training,Contains peanuts.
227,Maharashtra,Weight Gain,Breakfast,"Dadpe Pohe (With Jaggery, with Jowar)",380,10,47,14,6,High,High,High,Peanuts,"poha, onion, mustard seeds, curry leaves, green chilli, lemon, peanuts",Vegan,,Prepare in a richer traditional style and serve a full portion to raise calorie intake.,30 min strength training,Contains peanuts.
228,Maharashtra,Weight Gain,Breakfast,"Ghavan (Traditional Style, with Sesame)",386,12,47,14,7,High,High,High,Gluten,"rice flour, fenugreek leaves or ragi, cumin, curry leaves",Vegan,,Prepare in a richer traditional style and serve a full portion to raise calorie intake.,30 min strength training,Contains gluten.
229,Maharashtra,Weight Gain,Breakfast,"Kanda Poha (Double Portion, with Jowar)",380,10,48,13,7,High,High,High,Peanuts,"poha, onion, mustard seeds, curry leaves, green chilli, lemon, peanuts",Vegan,,Prepare in a richer traditional style and serve a full portion to raise calorie intake.,30 min strength training,Contains peanuts.
230,Maharashtra,Weight Gain,Breakfast,"Methi Ghavan (With Ghee, with Leafy Greens)",386,10,46,12,8,High,High,High,Gluten,"rice flour, fenugreek leaves or ragi, cumin, curry leaves",Vegan,,Prepare in a richer traditional style and serve a full portion to raise calorie intake.,30 min strength training,Contains gluten.
231,Maharashtra,Weight Gain,Breakfast,"Misal Pav (Rich Style, with Leafy Greens)",386,10,47,14,6,High,High,High,Gluten,"moth beans, onion, tomato, farsan, pav, spices",Vegan,,Prepare in a richer traditional style and serve a full portion to raise calorie intake.,30 min strength training,Contains gluten.
232,Maharashtra,Weight Gain,Breakfast,"Misal Pav (Traditional Style, with Sesame)",389,10,50,14,6,High,High,High,Gluten,"moth beans, onion, tomato, farsan, pav, spices",Vegan,,Prepare in a richer traditional style and serve a full portion to raise calorie intake.,30 min strength training,Contains gluten.
233,Maharashtra,Weight Gain,Breakfast,"Panki (Double Portion, with Jowar)",386,11,48,13,6,High,High,High,Gluten,"rice flour, coconut, coriander, banana leaf",Vegan,,Prepare in a richer traditional style and serve a full portion to raise calorie intake.,30 min strength training,Contains gluten.
234,Maharashtra,Weight Gain,Breakfast,Poori Bhaji,600,20,85,20,8,High,Medium,Medium,Gluten,"Wheat, Potato, Oil",Vegan,,Deep fry pooris.,30 mins weight lifting,Monitor digestion
235,Maharashtra,Weight Gain,Breakfast,"Ragi Ghavan (With Peanuts, with Sesame)",383,10,50,12,7,High,High,High,Gluten,"rice flour, fenugreek leaves or ragi, cumin, curry leaves",Vegan,,Prepare in a richer traditional style and serve a full portion to raise calorie intake.,30 min strength training,Contains gluten.
236,Maharashtra,Weight Gain,Breakfast,"Roasted Chana (With Jaggery, with Jowar)",377,12,46,13,7,High,High,High,,"roasted chana, curry leaves, black pepper, cumin",Vegan,,Prepare in a richer traditional style and serve a full portion to raise calorie intake.,30 min strength training,Portion control advised.
237,Maharashtra,Weight Gain,Breakfast,"Sabudana Khichdi (Traditional Style, with Sesame)",386,12,47,12,6,High,High,High,Peanuts,"sabudana, peanuts, potato, cumin, curry leaves",Vegan,,Prepare in a richer traditional style and serve a full portion to raise calorie intake.,30 min strength training,Contains peanuts.
238,Maharashtra,Weight Gain,Breakfast,"Sprouted Matki Usal (Rich Style, with Leafy Greens)",386,11,48,13,7,High,High,High,,"sprouted matki, onion, tomato, coriander, cumin, matki, garlic",Vegan,,Prepare in a richer traditional style and serve a full portion to raise calorie intake.,30 min strength training,Portion control advised.
239,Maharashtra,Weight Gain,Breakfast,"Sprouted Matki Usal (With Jaggery, with Jowar)",371,12,49,13,7,High,High,High,,"sprouted matki, onion, tomato, coriander, cumin, matki, garlic",Vegan,,Prepare in a richer traditional style and serve a full portion to raise calorie intake.,30 min strength training,Portion control advised.
240,Maharashtra,Weight Gain,Breakfast,"Thalipeeth (Rich Style, with Leafy Greens)",371,12,48,14,7,High,High,High,"Gluten, Sesame","jowar flour, bajra flour, rice flour, onion, coriander, sesame",Vegan,,Prepare in a richer traditional style and serve a full portion to raise calorie intake.,30 min strength training,Contains gluten.
241,Maharashtra,Weight Gain,Lunch,"Basundi (Traditional Style, with Thecha)",559,19,68,18,8,High,High,High,Dairy,"milk, sugar, cardamom, saffron, nuts",Vegetarian,,Prepare in a richer traditional style and serve a full portion to raise calorie intake.,35 min resistance workout,Contains dairy.
242,Maharashtra,Weight Gain,Lunch,"Basundi (Traditional Style, with Thecha, Variant 1)",550,18,66,19,8,High,High,High,Dairy,"milk, sugar, cardamom, saffron, nuts",Vegetarian,,Prepare in a richer traditional style and serve a full portion to raise calorie intake.,35 min resistance workout,Contains dairy.
243,Maharashtra,Weight Gain,Lunch,"Basundi (Traditional Style, with Thecha, Variant 2)",544,20,65,19,6,High,High,High,Dairy,"milk, sugar, cardamom, saffron, nuts",Vegetarian,,Prepare in a richer traditional style and serve a full portion to raise calorie intake.,35 min resistance workout,Contains dairy.
244,Maharashtra,Weight Gain,Lunch,"Basundi (With Peanuts, with Thecha)",553,19,65,19,6,High,High,High,Dairy,"milk, sugar, cardamom, saffron, nuts",Vegetarian,,Prepare in a richer traditional style and serve a full portion to raise calorie intake.,35 min resistance workout,Contains dairy.
245,Maharashtra,Weight Gain,Lunch,"Basundi (With Peanuts, with Thecha, Variant 1)",541,19,66,19,6,High,High,High,Dairy,"milk, sugar, cardamom, saffron, nuts",Vegetarian,,Prepare in a richer traditional style and serve a full portion to raise calorie intake.,35 min resistance workout,Contains dairy.
246,Maharashtra,Weight Gain,Lunch,"Masale Bhaat (Rich Style, with Peanuts)",550,18,66,17,7,High,High,High,Peanuts,"rice, mixed vegetables, goda masala, peanuts",Vegetarian,,Prepare in a richer traditional style and serve a full portion to raise calorie intake.,35 min resistance workout,Contains peanuts.
247,Maharashtra,Weight Gain,Lunch,"Masale Bhaat (Rich Style, with Peanuts, Variant 1)",547,18,68,18,8,High,High,High,Peanuts,"rice, mixed vegetables, goda masala, peanuts",Vegetarian,,Prepare in a richer traditional style and serve a full portion to raise calorie intake.,35 min resistance workout,Contains peanuts.
248,Maharashtra,Weight Gain,Lunch,"Masale Bhaat (Rich Style, with Peanuts, Variant 2)",550,19,66,17,6,High,High,High,Peanuts,"rice, mixed vegetables, goda masala, peanuts",Vegetarian,,Prepare in a richer traditional style and serve a full portion to raise calorie intake.,35 min resistance workout,Contains peanuts.
249,Maharashtra,Weight Gain,Lunch,"Masale Bhaat (With Ghee, with Peanuts)",544,19,65,19,8,High,High,High,Peanuts,"rice, mixed vegetables, goda masala, peanuts",Vegetarian,,Prepare in a richer traditional style and serve a full portion to raise calorie intake.,35 min resistance workout,Contains peanuts.
250,Maharashtra,Weight Gain,Lunch,"Masale Bhaat (With Ghee, with Peanuts, Variant 1)",547,19,65,18,8,High,High,High,Peanuts,"rice, mixed vegetables, goda masala, peanuts",Vegetarian,,Prepare in a richer traditional style and serve a full portion to raise calorie intake.,35 min resistance workout,Contains peanuts.
251,Maharashtra,Weight Gain,Lunch,"Masale Bhaat (With Ghee, with Peanuts, Variant 2)",553,20,65,18,8,High,High,High,Peanuts,"rice, mixed vegetables, goda masala, peanuts",Vegetarian,,Prepare in a richer traditional style and serve a full portion to raise calorie intake.,35 min resistance workout,Contains peanuts.
252,Maharashtra,Weight Gain,Lunch,"Vangyache Bharit + Bhakri (Double Portion, with Matki)",547,19,67,19,8,High,High,High,"Peanuts, Sesame","roasted brinjal, peanut, sesame, onion, coriander",Vegetarian,,Prepare in a richer traditional style and serve a full portion to raise calorie intake.,35 min resistance workout,Contains peanuts.
253,Maharashtra,Weight Gain,Lunch,"Vangyache Bharit + Bhakri (Double Portion, with Matki, Variant 1)",547,19,68,17,7,High,High,High,"Peanuts, Sesame","roasted brinjal, peanut, sesame, onion, coriander",Vegetarian,,Prepare in a richer traditional style and serve a full portion to raise calorie intake.,35 min resistance workout,Contains peanuts.
254,Maharashtra,Weight Gain,Lunch,"Vangyache Bharit + Bhakri (Double Portion, with Matki, Variant 2)",556,18,64,18,8,High,High,High,"Peanuts, Sesame","roasted brinjal, peanut, sesame, onion, coriander",Vegetarian,,Prepare in a richer traditional style and serve a full portion to raise calorie intake.,35 min resistance workout,Contains peanuts.
255,Maharashtra,Weight Gain,Lunch,"Vangyache Bharit + Bhakri (With Jaggery, with Matki)",556,18,66,17,7,High,High,High,"Peanuts, Sesame","roasted brinjal, peanut, sesame, onion, coriander",Vegetarian,,Prepare in a richer traditional style and serve a full portion to raise calorie intake.,35 min resistance workout,Contains peanuts.
256,Maharashtra,Weight Gain,Lunch,"Vangyache Bharit + Bhakri (With Jaggery, with Matki, Variant 1)",559,18,67,19,7,High,High,High,"Peanuts, Sesame","roasted brinjal, peanut, sesame, onion, coriander",Vegetarian,,Prepare in a richer traditional style and serve a full portion to raise calorie intake.,35 min resistance workout,Contains peanuts.
257,Maharashtra,Weight Gain,Lunch,"Bombil Fry + Rice (Rich Style, with Prawns)",573,24,65,21,7,High,High,High,Fish/Seafood,"bombil, semolina, turmeric, chilli",Non-Vegetarian,Fish,Prepare in a richer traditional style and serve a full portion to raise calorie intake.,35 min resistance workout,Contains fish/seafood.
258,Maharashtra,Weight Gain,Lunch,Chapati + Chicken Sukka + Bharli Vangi,800,35,110,24,10,Medium,Medium,High,Gluten,"Wheat, Chicken, Eggplant",Non-Vegetarian,chicken,Rich peanut gravy for eggplant and dry chicken.,45 mins strength training,Spicy preparation
259,Maharashtra,Weight Gain,Lunch,Chapati + Malvani Mutton + Batata Sukhi Bhaji,800,35,110,24,10,Medium,Medium,High,Gluten,"Wheat, Mutton, Potato",Non-Vegetarian,mutton,Rich coconut and spice base for mutton.,45 mins strength training,Spicy preparation
260,Maharashtra,Weight Gain,Lunch,Chapati + Mutton Sukka + Bharli Vangi,800,35,110,24,10,Medium,Medium,High,Gluten,"Wheat, Mutton, Eggplant",Non-Vegetarian,mutton,Rich oil base.,45 mins strength training,Spicy preparation
261,Maharashtra,Weight Gain,Lunch,Chapati + Mutton Sukka + Bharli Vangi (With Flaxseed),800,35,110,24,10,Medium,Medium,High,Gluten,"Wheat, Mutton, Eggplant",Non-Vegetarian,mutton,Rich base.,45 mins strength training,Spicy preparation
262,Maharashtra,Weight Gain,Lunch,"Chicken Handi + Chapati (Double Portion, with Mutton)",579,25,66,21,8,High,High,High,Dairy,"chicken, onion, tomato, spices, curd",Non-Vegetarian,Chicken,Prepare in a richer traditional style and serve a full portion to raise calorie intake.,35 min resistance workout,Contains dairy.
263,Maharashtra,Weight Gain,Lunch,"Chicken Kheema + Bhakri (Traditional Style, with Chicken)",561,25,65,20,6,High,High,High,,"chicken mince, onion, ginger, garlic, spices",Non-Vegetarian,Chicken,Prepare in a richer traditional style and serve a full portion to raise calorie intake.,35 min resistance workout,Portion control advised.
264,Maharashtra,Weight Gain,Lunch,"Kolhapuri Chicken + Bhakri (With Jaggery, with Mutton)",573,26,68,21,7,High,High,High,,"chicken, kolhapuri masala, onion, garlic, coconut",Non-Vegetarian,Chicken,Prepare in a richer traditional style and serve a full portion to raise calorie intake.,35 min resistance workout,Portion control advised.
265,Maharashtra,Weight Gain,Lunch,"Mutton Rassa + Chapati (With Ghee, with Prawns)",573,25,68,20,6,High,High,High,,"mutton, onion, garlic, red chilli, spices",Non-Vegetarian,Mutton,Prepare in a richer traditional style and serve a full portion to raise calorie intake.,35 min resistance workout,Portion control advised.
266,Maharashtra,Weight Gain,Lunch,"Mutton Sukka + Bhakri (With Ghee, with Prawns)",573,24,67,22,8,High,High,High,,"mutton, coconut, onion, kolhapuri masala",Non-Vegetarian,Mutton,Prepare in a richer traditional style and serve a full portion to raise calorie intake.,35 min resistance workout,Portion control advised.
267,Maharashtra,Weight Gain,Lunch,"Prawns Curry + Rice (With Peanuts, with Chicken)",579,25,64,20,6,High,High,High,Fish/Seafood,"prawns, coconut, kokum, onion, garlic",Non-Vegetarian,Seafood,Prepare in a richer traditional style and serve a full portion to raise calorie intake.,35 min resistance workout,Contains fish/seafood.
268,Maharashtra,Weight Gain,Lunch,"Sali Boti + Pav (Double Portion, with Mutton)",570,26,68,20,7,High,High,High,,"mutton, potato sticks, onion, spices",Non-Vegetarian,Seafood,Prepare in a richer traditional style and serve a full portion to raise calorie intake.,35 min resistance workout,Portion control advised.
269,Maharashtra,Weight Gain,Lunch,"Surmai Curry + Rice (Traditional Style, with Chicken)",573,24,65,20,7,High,High,High,Fish/Seafood,"surmai fish, coconut, kokum, onion, garlic",Non-Vegetarian,Fish,Prepare in a richer traditional style and serve a full portion to raise calorie intake.,35 min resistance workout,Contains fish/seafood.
270,Maharashtra,Weight Gain,Lunch,White Rice + Chicken Kolhapuri + Batata Bhaji,800,35,110,24,10,High,Medium,High,,"Rice, Chicken, Potato",Non-Vegetarian,chicken,Spicy heavy.,45 mins strength training,Spicy preparation
271,Maharashtra,Weight Gain,Lunch,White Rice + Mutton Rassa + Batata Bhaji,800,35,110,24,10,High,Medium,High,,"Rice, Mutton, Potato",Non-Vegetarian,mutton,Heavy mutton curry with deep fried potatoes.,45 mins strength training,Spicy preparation
272,Maharashtra,Weight Gain,Lunch,White Rice + Varhadi Chicken + Kobi Bhaji,800,35,110,24,10,High,Medium,High,,"Rice, Chicken, Cabbage",Non-Vegetarian,chicken,Cook chicken in thick peanut-coconut gravy.,45 mins strength training,Spicy preparation
273,Maharashtra,Weight Gain,Lunch,"Amti Bhaat (With Peanuts, with Millets)",540,19,67,17,8,High,High,High,,"toor dal, rice, kokum, goda masala, coriander",Vegan,,Prepare in a richer traditional style and serve a full portion to raise calorie intake.,35 min resistance workout,Portion control advised.
274,Maharashtra,Weight Gain,Lunch,"Bharli Vangi + Jowar Bhakri (With Ghee, with Kokum)",534,18,67,18,10,High,High,High,"Peanuts, Sesame","brinjal, peanut, sesame, coconut, onion",Vegan,,Prepare in a richer traditional style and serve a full portion to raise calorie intake.,35 min resistance workout,Contains peanuts.
275,Maharashtra,Weight Gain,Lunch,"Bhoplyachi Bhaji + Chapati (With Ghee, with Kokum)",531,17,68,17,8,High,High,High,,"pumpkin, coconut, cumin, coriander",Vegan,,Prepare in a richer traditional style and serve a full portion to raise calorie intake.,35 min resistance workout,Portion control advised.
276,Maharashtra,Weight Gain,Lunch,"Chawli Usal + Bhakri (Traditional Style, with Millets)",531,18,66,16,10,High,High,High,,"cowpeas, onion, tomato, garlic, coriander",Vegan,,Prepare in a richer traditional style and serve a full portion to raise calorie intake.,35 min resistance workout,Portion control advised.
277,Maharashtra,Weight Gain,Lunch,"Dodka Bhaji + Bhakri (Double Portion, with Roasted Chana)",531,19,64,17,9,High,High,High,,"ridge gourd, onion, coconut, cumin",Vegan,,Prepare in a richer traditional style and serve a full portion to raise calorie intake.,35 min resistance workout,Portion control advised.
278,Maharashtra,Weight Gain,Lunch,"Gawar Bhaji + Bhakri (With Peanuts, with Millets)",540,19,65,18,9,High,High,High,Peanuts,"cluster beans, onion, coconut, peanuts",Vegan,,Prepare in a richer traditional style and serve a full portion to raise calorie intake.,35 min resistance workout,Contains peanuts.
279,Maharashtra,Weight Gain,Lunch,"Kala Chana Usal + Bhakri (Traditional Style, with Millets)",546,17,68,18,10,High,High,High,,"kala chana, onion, tomato, coconut, coriander",Vegan,,Prepare in a richer traditional style and serve a full portion to raise calorie intake.,35 min resistance workout,Portion control advised.
280,Maharashtra,Weight Gain,Lunch,"Koshimbir + Bhakri (Rich Style, with Kokum)",537,17,64,16,8,High,High,High,"Peanuts, Dairy","cucumber, curd, coriander, peanuts",Vegan,,Prepare in a richer traditional style and serve a full portion to raise calorie intake.,35 min resistance workout,Contains peanuts. Contains dairy.
281,Maharashtra,Weight Gain,Lunch,"Methi Patal Bhaji + Bhakri (With Ghee, with Kokum)",537,19,65,17,9,High,High,High,,"fenugreek leaves, besan, onion, garlic",Vegan,,Prepare in a richer traditional style and serve a full portion to raise calorie intake.,35 min resistance workout,Portion control advised.
282,Maharashtra,Weight Gain,Lunch,"Moong Usal + Chapati (With Jaggery, with Roasted Chana)",549,19,64,17,9,High,High,High,,"moong beans, onion, tomato, curry leaves, coriander",Vegan,,Prepare in a richer traditional style and serve a full portion to raise calorie intake.,35 min resistance workout,Portion control advised.
283,Maharashtra,Weight Gain,Lunch,"Pithla Bhakri (With Peanuts, with Millets)",543,19,66,18,9,High,High,High,Gluten,"besan, onion, garlic, jowar flour, green chilli",Vegan,,Prepare in a richer traditional style and serve a full portion to raise calorie intake.,35 min resistance workout,Contains gluten.
284,Maharashtra,Weight Gain,Lunch,"Solkadhi + Rice (Double Portion, with Roasted Chana)",546,19,66,16,9,High,High,High,Dairy,"kokum, coconut milk, garlic, coriander",Vegan,,Prepare in a richer traditional style and serve a full portion to raise calorie intake.,35 min resistance workout,Contains dairy.
285,Maharashtra,Weight Gain,Lunch,"Sprouted Matki Usal + Jowar Bhakri (With Jaggery, with Roasted Chana)",540,19,68,18,10,High,High,High,,"sprouted matki, onion, tomato, coriander, cumin, matki, garlic",Vegan,,Prepare in a richer traditional style and serve a full portion to raise calorie intake.,35 min resistance workout,Portion control advised.
286,Maharashtra,Weight Gain,Lunch,"Vangyache Bharit + Bhakri (With Jaggery, with Roasted Chana)",540,18,64,18,10,High,High,High,"Peanuts, Sesame","roasted brinjal, peanut, sesame, onion, coriander",Vegan,,Prepare in a richer traditional style and serve a full portion to raise calorie intake.,35 min resistance workout,Contains peanuts.
287,Maharashtra,Weight Gain,Lunch,"Varan Bhaat (Double Portion, with Roasted Chana)",543,17,64,16,8,High,High,High,Dairy,"toor dal, rice, turmeric, ghee, cumin",Vegan,,Prepare in a richer traditional style and serve a full portion to raise calorie intake.,35 min resistance workout,Contains dairy.
288,Maharashtra,Weight Gain,Lunch,"Zunka Bhakri (Rich Style, with Kokum)",546,18,67,17,8,High,High,High,Gluten,"besan, onion, garlic, coriander, jowar flour",Vegan,,Prepare in a richer traditional style and serve a full portion to raise calorie intake.,35 min resistance workout,Contains gluten.
289,Maharashtra,Weight Gain,Snack,"Batata Vada (Rich Style, with Jowar)",343,11,37,13,4,High,High,High,,"potato, besan, curry leaves, green chilli",Vegetarian,,Prepare in a richer traditional style and serve a full portion to raise calorie intake.,30 min gym session,Portion control advised.
290,Maharashtra,Weight Gain,Snack,"Chakli (Double Portion, with Seasonal Vegetables)",343,9,36,13,4,High,High,High,,local regional ingredients,Vegetarian,,Prepare in a richer traditional style and serve a full portion to raise calorie intake.,30 min gym session,Portion control advised.
291,Maharashtra,Weight Gain,Snack,"Kanda Bhaji (Traditional Style, with Moong)",337,9,37,13,4,High,High,High,,"onion, besan, green chilli, coriander",Vegetarian,,Prepare in a richer traditional style and serve a full portion to raise calorie intake.,30 min gym session,Portion control advised.
292,Maharashtra,Weight Gain,Snack,"Kharvas (With Peanuts, with Moong)",331,11,37,14,3,High,High,High,Dairy,"colostrum milk, cardamom, sugar",Vegetarian,,Prepare in a richer traditional style and serve a full portion to raise calorie intake.,30 min gym session,Contains dairy.
293,Maharashtra,Weight Gain,Snack,Modak (Ghee),400,10,60,13,4,High,Low,Medium,Dairy,"Rice Flour, Coconut, Jaggery, Ghee",Vegetarian,,Steam and add ghee.,Rest,High sugar content
294,Maharashtra,Weight Gain,Snack,Modak (Steamed with Ghee),400,10,60,13,4,High,Low,Medium,Dairy,"Rice Flour, Coconut, Jaggery, Ghee",Vegetarian,,Serve steamed modak with a spoonful of pure ghee.,Rest,High sugar content
295,Maharashtra,Weight Gain,Snack,"Puran Poli (With Jaggery, with Seasonal Vegetables)",346,10,40,14,4,High,High,High,"Gluten, Dairy","chana dal, jaggery, wheat flour, cardamom, ghee",Vegetarian,,Prepare in a richer traditional style and serve a full portion to raise calorie intake.,30 min gym session,Contains gluten. Contains dairy.
296,Maharashtra,Weight Gain,Snack,Puran Poli + Milk,400,10,60,13,4,High,Low,Medium,Gluten|Dairy,"Wheat, Chana Dal, Jaggery, Milk",Vegetarian,,Serve sweet flatbread with full-fat milk.,Rest,High sugar content
297,Maharashtra,Weight Gain,Snack,"Sabudana Vada (With Jaggery, with Seasonal Vegetables)",349,11,38,14,5,High,High,High,Peanuts,"sabudana, peanut, potato, green chilli, coriander",Vegetarian,,Prepare in a richer traditional style and serve a full portion to raise calorie intake.,30 min gym session,Contains peanuts.
298,Maharashtra,Weight Gain,Snack,Shankarpali,400,10,60,13,4,High,Low,Medium,Gluten|Dairy,"Maida, Sugar, Ghee",Vegetarian,,Deep fried sweet dough squares.,Rest,High sugar content
299,Maharashtra,Weight Gain,Snack,"Shankarpali (With Ghee, with Jowar)",340,9,37,14,4,High,High,High,,local regional ingredients,Vegetarian,,Prepare in a richer traditional style and serve a full portion to raise calorie intake.,30 min gym session,Portion control advised.
300,Maharashtra,Weight Gain,Snack,Shrikhand,400,10,60,13,4,High,Low,Medium,Dairy,"Yogurt, Sugar",Vegetarian,,Sweet yogurt.,Rest,High sugar content
301,Maharashtra,Weight Gain,Snack,"Shrikhand (Rich Style, with Jowar)",337,11,39,13,5,High,High,High,Dairy,"curd, sugar, cardamom, saffron, nuts",Vegetarian,,Prepare in a richer traditional style and serve a full portion to raise calorie intake.,30 min gym session,Contains dairy.
302,Maharashtra,Weight Gain,Snack,Shrikhand + Puri (1 pc),400,10,60,13,4,High,Low,High,Gluten|Dairy,"Yogurt, Sugar, Wheat",Vegetarian,,Serve strained sweet yogurt with fried puri.,Rest,High sugar content
303,Maharashtra,Weight Gain,Snack,"Ukadiche Modak (With Peanuts, with Moong)",349,9,39,13,4,High,High,High,Gluten,"rice flour, coconut, jaggery, cardamom",Vegetarian,,Prepare in a richer traditional style and serve a full portion to raise calorie intake.,30 min gym session,Contains gluten.
304,Maharashtra,Weight Gain,Snack,"Vada Pav (With Ghee, with Jowar)",346,10,38,12,5,High,High,High,Gluten,"potato, besan, wheat pav, green chilli, garlic",Vegetarian,,Prepare in a richer traditional style and serve a full portion to raise calorie intake.,30 min gym session,Contains gluten.
305,Maharashtra,Weight Gain,Snack,"Bombil Fry (Double Portion, with Lean Gravy, Variant 2)",360,15,39,16,4,High,High,High,Fish/Seafood,"bombil, semolina, turmeric, chilli",Non-Vegetarian,Fish,Prepare in a richer traditional style and serve a full portion to raise calorie intake.,30 min gym session,Contains fish/seafood.
306,Maharashtra,Weight Gain,Snack,"Bombil Fry (Double Portion, with Lean Gravy, Variant 3)",366,17,36,16,4,High,High,High,Fish/Seafood,"bombil, semolina, turmeric, chilli",Non-Vegetarian,Fish,Prepare in a richer traditional style and serve a full portion to raise calorie intake.,30 min gym session,Contains fish/seafood.
307,Maharashtra,Weight Gain,Snack,"Chicken Kheema Pav (With Jaggery, with Lean Gravy, Variant 3)",360,15,39,17,3,High,High,High,,"chicken mince, onion, ginger, garlic, spices",Non-Vegetarian,Chicken,Prepare in a richer traditional style and serve a full portion to raise calorie intake.,30 min gym session,Portion control advised.
308,Maharashtra,Weight Gain,Snack,"Chicken Kheema Pav (With Jaggery, with Lean Gravy, Variant 4)",357,15,40,15,4,High,High,High,,"chicken mince, onion, ginger, garlic, spices",Non-Vegetarian,Chicken,Prepare in a richer traditional style and serve a full portion to raise calorie intake.,30 min gym session,Portion control advised.
309,Maharashtra,Weight Gain,Snack,"Chicken Kheema Pav (With Jaggery, with Lean Gravy, Variant 5)",366,17,38,16,3,High,High,High,,"chicken mince, onion, ginger, garlic, spices",Non-Vegetarian,Chicken,Prepare in a richer traditional style and serve a full portion to raise calorie intake.,30 min gym session,Portion control advised.
310,Maharashtra,Weight Gain,Snack,"Egg Bhurji Pav (Rich Style, with Fish)",360,16,36,16,5,High,High,High,,local regional ingredients,Non-Vegetarian,,Prepare in a richer traditional style and serve a full portion to raise calorie intake.,30 min gym session,Portion control advised.
311,Maharashtra,Weight Gain,Snack,"Egg Bhurji Pav (Rich Style, with Fish, Variant 1)",360,17,38,15,3,High,High,High,,local regional ingredients,Non-Vegetarian,,Prepare in a richer traditional style and serve a full portion to raise calorie intake.,30 min gym session,Portion control advised.
312,Maharashtra,Weight Gain,Snack,"Egg Bhurji Pav (Rich Style, with Fish, Variant 2)",354,15,39,17,4,High,High,High,,local regional ingredients,Non-Vegetarian,,Prepare in a richer traditional style and serve a full portion to raise calorie intake.,30 min gym session,Portion control advised.
313,Maharashtra,Weight Gain,Snack,"Fish Fry (Traditional Style, with Egg, Variant 3)",351,16,39,16,3,High,High,High,"Gluten, Fish/Seafood","fish, turmeric, red chilli, rice flour",Non-Vegetarian,Fish,Prepare in a richer traditional style and serve a full portion to raise calorie intake.,30 min gym session,Contains gluten. Contains fish/seafood.
314,Maharashtra,Weight Gain,Snack,"Fish Fry (Traditional Style, with Egg, Variant 4)",351,17,40,15,3,High,High,High,"Gluten, Fish/Seafood","fish, turmeric, red chilli, rice flour",Non-Vegetarian,Fish,Prepare in a richer traditional style and serve a full portion to raise calorie intake.,30 min gym session,Contains gluten. Contains fish/seafood.
315,Maharashtra,Weight Gain,Snack,"Fish Fry (Traditional Style, with Egg, Variant 5)",357,15,37,16,3,High,High,High,"Gluten, Fish/Seafood","fish, turmeric, red chilli, rice flour",Non-Vegetarian,Fish,Prepare in a richer traditional style and serve a full portion to raise calorie intake.,30 min gym session,Contains gluten. Contains fish/seafood.
316,Maharashtra,Weight Gain,Snack,"Fish Koliwada (With Peanuts, with Egg)",366,17,40,17,5,High,High,High,"Gluten, Fish/Seafood","fish, gram flour, red chilli, curry leaves",Non-Vegetarian,Fish,Prepare in a richer traditional style and serve a full portion to raise calorie intake.,30 min gym session,Contains gluten. Contains fish/seafood.
317,Maharashtra,Weight Gain,Snack,"Fish Koliwada (With Peanuts, with Egg, Variant 1)",363,17,38,15,3,High,High,High,"Gluten, Fish/Seafood","fish, gram flour, red chilli, curry leaves",Non-Vegetarian,Fish,Prepare in a richer traditional style and serve a full portion to raise calorie intake.,30 min gym session,Contains gluten. Contains fish/seafood.
318,Maharashtra,Weight Gain,Snack,"Fish Koliwada (With Peanuts, with Egg, Variant 2)",363,15,36,17,4,High,High,High,"Gluten, Fish/Seafood","fish, gram flour, red chilli, curry leaves",Non-Vegetarian,Fish,Prepare in a richer traditional style and serve a full portion to raise calorie intake.,30 min gym session,Contains gluten. Contains fish/seafood.
319,Maharashtra,Weight Gain,Snack,"Mutton Keema Pav (With Ghee, with Fish)",351,15,39,17,5,High,High,High,,local regional ingredients,Non-Vegetarian,Mutton,Prepare in a richer traditional style and serve a full portion to raise calorie intake.,30 min gym session,Portion control advised.
320,Maharashtra,Weight Gain,Snack,"Mutton Keema Pav (With Ghee, with Fish, Variant 1)",360,17,37,17,4,High,High,High,,local regional ingredients,Non-Vegetarian,Mutton,Prepare in a richer traditional style and serve a full portion to raise calorie intake.,30 min gym session,Portion control advised.
321,Maharashtra,Weight Gain,Snack,"Bhel Puri (Double Portion, with Jowar)",333,8,38,12,6,High,High,High,Peanuts,"puffed rice, onion, tomato, coriander, peanuts, tamarind",Vegan,,Prepare in a richer traditional style and serve a full portion to raise calorie intake.,30 min gym session,Contains peanuts.
322,Maharashtra,Weight Gain,Snack,"Bhel Puri (Double Portion, with Jowar, Variant 1)",336,9,37,13,7,High,High,High,Peanuts,"puffed rice, onion, tomato, coriander, peanuts, tamarind",Vegan,,Prepare in a richer traditional style and serve a full portion to raise calorie intake.,30 min gym session,Contains peanuts.
323,Maharashtra,Weight Gain,Snack,"Bhel Puri (Rich Style, with Leafy Greens)",333,10,36,12,6,High,High,High,Peanuts,"puffed rice, onion, tomato, coriander, peanuts, tamarind",Vegan,,Prepare in a richer traditional style and serve a full portion to raise calorie intake.,30 min gym session,Contains peanuts.
324,Maharashtra,Weight Gain,Snack,"Bhel Puri (Rich Style, with Leafy Greens, Variant 1)",330,9,39,13,6,High,High,High,Peanuts,"puffed rice, onion, tomato, coriander, peanuts, tamarind",Vegan,,Prepare in a richer traditional style and serve a full portion to raise calorie intake.,30 min gym session,Contains peanuts.
325,Maharashtra,Weight Gain,Snack,"Bhel Puri (Rich Style, with Leafy Greens, Variant 2)",327,10,39,11,5,High,High,High,Peanuts,"puffed rice, onion, tomato, coriander, peanuts, tamarind",Vegan,,Prepare in a richer traditional style and serve a full portion to raise calorie intake.,30 min gym session,Contains peanuts.
326,Maharashtra,Weight Gain,Snack,"Bhel Puri (With Peanuts, with Sesame)",330,9,37,13,5,High,High,High,Peanuts,"puffed rice, onion, tomato, coriander, peanuts, tamarind",Vegan,,Prepare in a richer traditional style and serve a full portion to raise calorie intake.,30 min gym session,Contains peanuts.
327,Maharashtra,Weight Gain,Snack,"Bhel Puri (With Peanuts, with Sesame, Variant 1)",321,9,40,13,7,High,High,High,Peanuts,"puffed rice, onion, tomato, coriander, peanuts, tamarind",Vegan,,Prepare in a richer traditional style and serve a full portion to raise calorie intake.,30 min gym session,Contains peanuts.
328,Maharashtra,Weight Gain,Snack,"Kurmura Bhel (Traditional Style, with Sesame)",339,8,39,11,5,High,High,High,Peanuts,"puffed rice, onion, tomato, coriander, peanuts, tamarind",Vegan,,Prepare in a richer traditional style and serve a full portion to raise calorie intake.,30 min gym session,Contains peanuts.
329,Maharashtra,Weight Gain,Snack,"Kurmura Bhel (Traditional Style, with Sesame, Variant 1)",330,8,39,11,7,High,High,High,Peanuts,"puffed rice, onion, tomato, coriander, peanuts, tamarind",Vegan,,Prepare in a richer traditional style and serve a full portion to raise calorie intake.,30 min gym session,Contains peanuts.
330,Maharashtra,Weight Gain,Snack,"Kurmura Bhel (Traditional Style, with Sesame, Variant 2)",333,9,36,11,5,High,High,High,Peanuts,"puffed rice, onion, tomato, coriander, peanuts, tamarind",Vegan,,Prepare in a richer traditional style and serve a full portion to raise calorie intake.,30 min gym session,Contains peanuts.
331,Maharashtra,Weight Gain,Snack,"Kurmura Bhel (With Ghee, with Leafy Greens)",333,10,40,11,7,High,High,High,Peanuts,"puffed rice, onion, tomato, coriander, peanuts, tamarind",Vegan,,Prepare in a richer traditional style and serve a full portion to raise calorie intake.,30 min gym session,Contains peanuts.
332,Maharashtra,Weight Gain,Snack,"Kurmura Bhel (With Ghee, with Leafy Greens, Variant 1)",324,8,38,11,5,High,High,High,Peanuts,"puffed rice, onion, tomato, coriander, peanuts, tamarind",Vegan,,Prepare in a richer traditional style and serve a full portion to raise calorie intake.,30 min gym session,Contains peanuts.
333,Maharashtra,Weight Gain,Snack,"Kurmura Bhel (With Jaggery, with Jowar)",339,9,38,11,5,High,High,High,Peanuts,"puffed rice, onion, tomato, coriander, peanuts, tamarind",Vegan,,Prepare in a richer traditional style and serve a full portion to raise calorie intake.,30 min gym session,Contains peanuts.
334,Maharashtra,Weight Gain,Snack,"Kurmura Bhel (With Jaggery, with Jowar, Variant 1)",324,9,40,13,7,High,High,High,Peanuts,"puffed rice, onion, tomato, coriander, peanuts, tamarind",Vegan,,Prepare in a richer traditional style and serve a full portion to raise calorie intake.,30 min gym session,Contains peanuts.
335,Maharashtra,Weight Gain,Snack,"Kurmura Bhel (With Jaggery, with Jowar, Variant 2)",327,9,39,11,7,High,High,High,Peanuts,"puffed rice, onion, tomato, coriander, peanuts, tamarind",Vegan,,Prepare in a richer traditional style and serve a full portion to raise calorie intake.,30 min gym session,Contains peanuts.
336,Maharashtra,Weight Gain,Snack,Roasted Chivda with Peanuts (Heavy Oil),400,10,60,13,4,Medium,Medium,Medium,Peanuts,"Flattened Rice, Peanuts, Oil",Vegan,,Fry ingredients.,Rest,High sugar content
337,Maharashtra,Weight Gain,Dinner,"Bharli Vangi + Ghee Bhakri (Double Portion, with Matki)",527,18,64,16,6,High,High,High,"Peanuts, Sesame","brinjal, peanut, sesame, coconut, onion",Vegetarian,,Prepare in a richer traditional style and serve a full portion to raise calorie intake.,30 min weight training,Contains peanuts.
338,Maharashtra,Weight Gain,Dinner,"Bharli Vangi + Ghee Bhakri (Double Portion, with Matki, Variant 1)",521,19,64,17,5,High,High,High,"Peanuts, Sesame","brinjal, peanut, sesame, coconut, onion",Vegetarian,,Prepare in a richer traditional style and serve a full portion to raise calorie intake.,30 min weight training,Contains peanuts.
339,Maharashtra,Weight Gain,Dinner,"Bharli Vangi + Ghee Bhakri (Double Portion, with Matki, Variant 2)",527,18,65,16,5,High,High,High,"Peanuts, Sesame","brinjal, peanut, sesame, coconut, onion",Vegetarian,,Prepare in a richer traditional style and serve a full portion to raise calorie intake.,30 min weight training,Contains peanuts.
340,Maharashtra,Weight Gain,Dinner,"Bharli Vangi + Ghee Bhakri (With Jaggery, with Matki)",539,19,64,16,5,High,High,High,"Peanuts, Sesame","brinjal, peanut, sesame, coconut, onion",Vegetarian,,Prepare in a richer traditional style and serve a full portion to raise calorie intake.,30 min weight training,Contains peanuts.
341,Maharashtra,Weight Gain,Dinner,"Bharli Vangi + Ghee Bhakri (With Jaggery, with Matki, Variant 1)",536,17,64,17,7,High,High,High,"Peanuts, Sesame","brinjal, peanut, sesame, coconut, onion",Vegetarian,,Prepare in a richer traditional style and serve a full portion to raise calorie intake.,30 min weight training,Contains peanuts.
342,Maharashtra,Weight Gain,Dinner,"Matar Usal + Bhakri (Rich Style, with Peanuts)",536,19,64,17,7,High,High,High,,local regional ingredients,Vegetarian,,Prepare in a richer traditional style and serve a full portion to raise calorie intake.,30 min weight training,Portion control advised.
343,Maharashtra,Weight Gain,Dinner,"Matar Usal + Bhakri (Rich Style, with Peanuts, Variant 1)",527,19,61,17,6,High,High,High,,local regional ingredients,Vegetarian,,Prepare in a richer traditional style and serve a full portion to raise calorie intake.,30 min weight training,Portion control advised.
344,Maharashtra,Weight Gain,Dinner,"Matar Usal + Bhakri (Rich Style, with Peanuts, Variant 2)",521,18,62,18,7,High,High,High,,local regional ingredients,Vegetarian,,Prepare in a richer traditional style and serve a full portion to raise calorie intake.,30 min weight training,Portion control advised.
345,Maharashtra,Weight Gain,Dinner,"Matar Usal + Bhakri (With Ghee, with Peanuts)",524,17,63,17,5,High,High,High,,local regional ingredients,Vegetarian,,Prepare in a richer traditional style and serve a full portion to raise calorie intake.,30 min weight training,Portion control advised.
346,Maharashtra,Weight Gain,Dinner,"Matar Usal + Bhakri (With Ghee, with Peanuts, Variant 1)",536,17,65,18,7,High,High,High,,local regional ingredients,Vegetarian,,Prepare in a richer traditional style and serve a full portion to raise calorie intake.,30 min weight training,Portion control advised.
347,Maharashtra,Weight Gain,Dinner,"Matar Usal + Bhakri (With Ghee, with Peanuts, Variant 2)",521,17,64,18,5,High,High,High,,local regional ingredients,Vegetarian,,Prepare in a richer traditional style and serve a full portion to raise calorie intake.,30 min weight training,Portion control advised.
348,Maharashtra,Weight Gain,Dinner,"Pav Bhaji (Traditional Style, with Thecha)",521,18,65,18,7,High,High,High,"Gluten, Dairy","mixed vegetables, pav bhaji masala, butter, pav",Vegetarian,,Prepare in a richer traditional style and serve a full portion to raise calorie intake.,30 min weight training,Contains gluten. Contains dairy.
349,Maharashtra,Weight Gain,Dinner,"Pav Bhaji (Traditional Style, with Thecha, Variant 1)",536,18,61,18,5,High,High,High,"Gluten, Dairy","mixed vegetables, pav bhaji masala, butter, pav",Vegetarian,,Prepare in a richer traditional style and serve a full portion to raise calorie intake.,30 min weight training,Contains gluten. Contains dairy.
350,Maharashtra,Weight Gain,Dinner,"Pav Bhaji (Traditional Style, with Thecha, Variant 2)",539,19,65,18,6,High,High,High,"Gluten, Dairy","mixed vegetables, pav bhaji masala, butter, pav",Vegetarian,,Prepare in a richer traditional style and serve a full portion to raise calorie intake.,30 min weight training,Contains gluten. Contains dairy.
351,Maharashtra,Weight Gain,Dinner,"Pav Bhaji (With Peanuts, with Thecha)",530,19,65,18,7,High,High,High,"Gluten, Dairy","mixed vegetables, pav bhaji masala, butter, pav",Vegetarian,,Prepare in a richer traditional style and serve a full portion to raise calorie intake.,30 min weight training,Contains gluten. Contains dairy.
352,Maharashtra,Weight Gain,Dinner,"Pav Bhaji (With Peanuts, with Thecha, Variant 1)",521,17,65,17,6,High,High,High,"Gluten, Dairy","mixed vegetables, pav bhaji masala, butter, pav",Vegetarian,,Prepare in a richer traditional style and serve a full portion to raise calorie intake.,30 min weight training,Contains gluten. Contains dairy.
353,Maharashtra,Weight Gain,Dinner,"Bombil Fry + Rice (Rich Style, with Prawns, Variant 1)",547,23,63,19,7,High,High,High,Fish/Seafood,"bombil, semolina, turmeric, chilli",Non-Vegetarian,Fish,Prepare in a richer traditional style and serve a full portion to raise calorie intake.,30 min weight training,Contains fish/seafood.
354,Maharashtra,Weight Gain,Dinner,Chapati + Mutton Sukka + Zunka,700,30,95,22,8,High,Medium,High,Gluten,"Wheat, Mutton, Gram Flour",Non-Vegetarian,mutton,Slow cook mutton to retain fat. Rich zunka base.,Rest,Heavy to digest
355,Maharashtra,Weight Gain,Dinner,Chapati + Pandhra Rassa + Chicken,700,30,95,22,8,Medium,Medium,High,Gluten|Dairy,"Wheat, Chicken Broth, Chicken, Coconut Milk",Non-Vegetarian,chicken,Rich coconut milk.,Rest,Heavy to digest
356,Maharashtra,Weight Gain,Dinner,Chapati + Pandhra Rassa + Chicken (With Ginger),700,30,95,22,8,Medium,Medium,High,Gluten|Dairy,"Wheat, Chicken Broth, Chicken, Coconut Milk",Non-Vegetarian,chicken,Rich broth.,Rest,Heavy to digest
357,Maharashtra,Weight Gain,Dinner,Chapati + Pandhra Rassa + Chicken Kolhapuri,700,30,95,22,8,High,Medium,High,Gluten|Dairy,"Wheat, Chicken Broth, Chicken, Coconut Milk",Non-Vegetarian,chicken,Rich coconut milk broth and spicy chicken.,Rest,Heavy to digest
358,Maharashtra,Weight Gain,Dinner,"Chicken Handi + Chapati (Double Portion, with Mutton, Variant 1)",541,23,65,19,5,High,High,High,Dairy,"chicken, onion, tomato, spices, curd",Non-Vegetarian,Chicken,Prepare in a richer traditional style and serve a full portion to raise calorie intake.,30 min weight training,Contains dairy.
359,Maharashtra,Weight Gain,Dinner,"Chicken Kheema + Bhakri (Traditional Style, with Chicken, Variant 1)",550,25,64,20,5,High,High,High,,"chicken mince, onion, ginger, garlic, spices",Non-Vegetarian,Chicken,Prepare in a richer traditional style and serve a full portion to raise calorie intake.,30 min weight training,Portion control advised.
360,Maharashtra,Weight Gain,Dinner,"Fish Fry + Salad (With Jaggery, with Mutton)",553,24,63,20,6,High,High,High,"Gluten, Fish/Seafood","fish, turmeric, red chilli, rice flour",Non-Vegetarian,Fish,Prepare in a richer traditional style and serve a full portion to raise calorie intake.,30 min weight training,Contains gluten. Contains fish/seafood.
361,Maharashtra,Weight Gain,Dinner,"Fish Koliwada + Salad (Rich Style, with Prawns)",541,24,61,21,7,High,High,High,"Gluten, Fish/Seafood","fish, gram flour, red chilli, curry leaves",Non-Vegetarian,Fish,Prepare in a richer traditional style and serve a full portion to raise calorie intake.,30 min weight training,Contains gluten. Contains fish/seafood.
362,Maharashtra,Weight Gain,Dinner,"Kolhapuri Chicken + Bhakri (With Jaggery, with Mutton, Variant 1)",556,23,63,20,5,High,High,High,,"chicken, kolhapuri masala, onion, garlic, coconut",Non-Vegetarian,Chicken,Prepare in a richer traditional style and serve a full portion to raise calorie intake.,30 min weight training,Portion control advised.
363,Maharashtra,Weight Gain,Dinner,"Mutton Rassa + Chapati (With Ghee, with Prawns, Variant 1)",541,23,65,20,6,High,High,High,,"mutton, onion, garlic, red chilli, spices",Non-Vegetarian,Mutton,Prepare in a richer traditional style and serve a full portion to raise calorie intake.,30 min weight training,Portion control advised.
364,Maharashtra,Weight Gain,Dinner,"Mutton Sukka + Bhakri (With Ghee, with Prawns, Variant 1)",547,24,63,21,7,High,High,High,,"mutton, coconut, onion, kolhapuri masala",Non-Vegetarian,Mutton,Prepare in a richer traditional style and serve a full portion to raise calorie intake.,30 min weight training,Portion control advised.
365,Maharashtra,Weight Gain,Dinner,"Prawns Curry + Rice (With Peanuts, with Chicken, Variant 1)",553,23,62,21,6,High,High,High,Fish/Seafood,"prawns, coconut, kokum, onion, garlic",Non-Vegetarian,Seafood,Prepare in a richer traditional style and serve a full portion to raise calorie intake.,30 min weight training,Contains fish/seafood.
366,Maharashtra,Weight Gain,Dinner,"Sali Boti + Pav (Double Portion, with Mutton, Variant 1)",553,24,64,21,7,High,High,High,,"mutton, potato sticks, onion, spices",Non-Vegetarian,Seafood,Prepare in a richer traditional style and serve a full portion to raise calorie intake.,30 min weight training,Portion control advised.
367,Maharashtra,Weight Gain,Dinner,"Saoji Chicken + Rice (With Peanuts, with Chicken)",541,24,64,20,7,High,High,High,Sesame,"chicken, saoji masala, onion, garlic, sesame",Non-Vegetarian,Chicken,Prepare in a richer traditional style and serve a full portion to raise calorie intake.,30 min weight training,Portion control advised.
368,Maharashtra,Weight Gain,Dinner,"Surmai Curry + Rice (Traditional Style, with Chicken, Variant 1)",556,23,65,19,7,High,High,High,Fish/Seafood,"surmai fish, coconut, kokum, onion, garlic",Non-Vegetarian,Fish,Prepare in a richer traditional style and serve a full portion to raise calorie intake.,30 min weight training,Contains fish/seafood.
369,Maharashtra,Weight Gain,Dinner,"Amti Bhaat (With Peanuts, with Millets, Variant 1)",517,16,63,15,7,High,High,High,,"toor dal, rice, kokum, goda masala, coriander",Vegan,,Prepare in a richer traditional style and serve a full portion to raise calorie intake.,30 min weight training,Portion control advised.
370,Maharashtra,Weight Gain,Dinner,"Bharli Vangi + Jowar Bhakri (With Ghee, with Kokum, Variant 1)",517,16,64,17,9,High,High,High,"Peanuts, Sesame","brinjal, peanut, sesame, coconut, onion",Vegan,,Prepare in a richer traditional style and serve a full portion to raise calorie intake.,30 min weight training,Contains peanuts.
371,Maharashtra,Weight Gain,Dinner,"Bhoplyachi Bhaji + Chapati (With Ghee, with Kokum, Variant 1)",529,16,65,17,9,High,High,High,,"pumpkin, coconut, cumin, coriander",Vegan,,Prepare in a richer traditional style and serve a full portion to raise calorie intake.,30 min weight training,Portion control advised.
372,Maharashtra,Weight Gain,Dinner,"Chawli Usal + Bhakri (Traditional Style, with Millets, Variant 1)",523,18,62,16,9,High,High,High,,"cowpeas, onion, tomato, garlic, coriander",Vegan,,Prepare in a richer traditional style and serve a full portion to raise calorie intake.,30 min weight training,Portion control advised.
373,Maharashtra,Weight Gain,Dinner,"Dodka Bhaji + Bhakri (Double Portion, with Roasted Chana, Variant 1)",517,18,64,16,9,High,High,High,,"ridge gourd, onion, coconut, cumin",Vegan,,Prepare in a richer traditional style and serve a full portion to raise calorie intake.,30 min weight training,Portion control advised.
374,Maharashtra,Weight Gain,Dinner,"Gawar Bhaji + Bhakri (With Peanuts, with Millets, Variant 1)",529,16,62,16,8,High,High,High,Peanuts,"cluster beans, onion, coconut, peanuts",Vegan,,Prepare in a richer traditional style and serve a full portion to raise calorie intake.,30 min weight training,Contains peanuts.
375,Maharashtra,Weight Gain,Dinner,"Kala Chana Usal + Bhakri (Traditional Style, with Millets, Variant 1)",529,17,61,17,9,High,High,High,,"kala chana, onion, tomato, coconut, coriander",Vegan,,Prepare in a richer traditional style and serve a full portion to raise calorie intake.,30 min weight training,Portion control advised.
376,Maharashtra,Weight Gain,Dinner,"Koshimbir + Bhakri (Rich Style, with Kokum, Variant 1)",526,17,61,17,9,High,High,High,"Peanuts, Dairy","cucumber, curd, coriander, peanuts",Vegan,,Prepare in a richer traditional style and serve a full portion to raise calorie intake.,30 min weight training,Contains peanuts. Contains dairy.
377,Maharashtra,Weight Gain,Dinner,Masale Bhaat + Katachi Amti + Kobi Bhaji,700,30,95,22,8,High,Medium,Medium,,"Rice, Chana Dal Water, Cabbage",Vegan,,Cook rice with oil and spices. Sweet and spicy amti.,Rest,Heavy to digest
378,Maharashtra,Weight Gain,Dinner,Masale Bhaat + Katachi Amti + Kobi Bhaji (With Millet),700,30,95,22,8,High,Medium,Medium,,"Rice, Chana Dal Water, Cabbage",Vegan,,Oil rich.,Rest,Heavy to digest
379,Maharashtra,Weight Gain,Dinner,Masale Bhaat + Matki Usal,700,30,95,22,8,High,Medium,Medium,,"Rice, Moth Beans, Spices",Vegan,,Cook rice with ample oil and traditional goda masala.,Rest,Heavy to digest
380,Maharashtra,Weight Gain,Dinner,"Solkadhi + Rice (Double Portion, with Roasted Chana, Variant 1)",529,18,63,15,8,High,High,High,Dairy,"kokum, coconut milk, garlic, coriander",Vegan,,Prepare in a richer traditional style and serve a full portion to raise calorie intake.,30 min weight training,Contains dairy.
381,Maharashtra,Weight Gain,Dinner,"Sprouted Matki Usal + Jowar Bhakri (With Jaggery, with Roasted Chana, Variant 1)",517,17,63,17,8,High,High,High,,"sprouted matki, onion, tomato, coriander, cumin, matki, garlic",Vegan,,Prepare in a richer traditional style and serve a full portion to raise calorie intake.,30 min weight training,Portion control advised.
382,Maharashtra,Weight Gain,Dinner,"Vangyache Bharit + Bhakri (With Jaggery, with Roasted Chana, Variant 1)",520,17,63,16,8,High,High,High,"Peanuts, Sesame","roasted brinjal, peanut, sesame, onion, coriander",Vegan,,Prepare in a richer traditional style and serve a full portion to raise calorie intake.,30 min weight training,Contains peanuts.
383,Maharashtra,Weight Gain,Dinner,"Varan Bhaat (Double Portion, with Roasted Chana, Variant 1)",523,16,64,16,9,High,High,High,Dairy,"toor dal, rice, turmeric, ghee, cumin",Vegan,,Prepare in a richer traditional style and serve a full portion to raise calorie intake.,30 min weight training,Contains dairy.
384,Maharashtra,Weight Gain,Dinner,"Zunka Bhakri (Rich Style, with Kokum, Variant 1)",529,18,64,16,7,High,High,High,Gluten,"besan, onion, garlic, coriander, jowar flour",Vegan,,Prepare in a richer traditional style and serve a full portion to raise calorie intake.,30 min weight training,Contains gluten.
385,Maharashtra,Bulking,Breakfast,Moong Usal (Large) + Paneer,700,40,80,24,8,Low,Medium,Medium,Dairy,"Green Gram, Paneer",Vegetarian,,Combine high protein paneer with sprouted moong.,60 mins heavy lifting,Monitor cholesterol
386,Maharashtra,Bulking,Breakfast,"Sabudana Vada (Power Bowl, with Seasonal Vegetables)",430,23,51,13,4,High,High,High,Peanuts,"sabudana, peanut, potato, green chilli, coriander",Vegetarian,,Add an extra protein side and keep the dish hearty enough to support muscle gain.,40 min strength training,Contains peanuts.
387,Maharashtra,Bulking,Breakfast,"Sabudana Vada (Power Bowl, with Seasonal Vegetables, Variant 1)",427,22,52,12,6,High,High,High,Peanuts,"sabudana, peanut, potato, green chilli, coriander",Vegetarian,,Add an extra protein side and keep the dish hearty enough to support muscle gain.,40 min strength training,Contains peanuts.
388,Maharashtra,Bulking,Breakfast,"Sabudana Vada (Protein Focus, with Jowar)",439,23,49,11,6,High,High,High,Peanuts,"sabudana, peanut, potato, green chilli, coriander",Vegetarian,,Add an extra protein side and keep the dish hearty enough to support muscle gain.,40 min strength training,Contains peanuts.
389,Maharashtra,Bulking,Breakfast,"Sabudana Vada (Protein Focus, with Jowar, Variant 1)",436,21,49,12,6,High,High,High,Peanuts,"sabudana, peanut, potato, green chilli, coriander",Vegetarian,,Add an extra protein side and keep the dish hearty enough to support muscle gain.,40 min strength training,Contains peanuts.
390,Maharashtra,Bulking,Breakfast,"Sabudana Vada (With Sprouts, with Moong)",433,22,52,12,6,High,High,High,Peanuts,"sabudana, peanut, potato, green chilli, coriander",Vegetarian,,Add an extra protein side and keep the dish hearty enough to support muscle gain.,40 min strength training,Contains peanuts.
391,Maharashtra,Bulking,Breakfast,"Sabudana Vada (With Sprouts, with Moong, Variant 1)",421,21,49,12,4,High,High,High,Peanuts,"sabudana, peanut, potato, green chilli, coriander",Vegetarian,,Add an extra protein side and keep the dish hearty enough to support muscle gain.,40 min strength training,Contains peanuts.
392,Maharashtra,Bulking,Breakfast,"Sabudana Vada (With Sprouts, with Moong, Variant 2)",430,21,50,12,6,High,High,High,Peanuts,"sabudana, peanut, potato, green chilli, coriander",Vegetarian,,Add an extra protein side and keep the dish hearty enough to support muscle gain.,40 min strength training,Contains peanuts.
393,Maharashtra,Bulking,Breakfast,"Shrikhand (Hearty Portion, with Moong)",421,23,48,11,5,High,High,High,Dairy,"curd, sugar, cardamom, saffron, nuts",Vegetarian,,Add an extra protein side and keep the dish hearty enough to support muscle gain.,40 min strength training,Contains dairy.
394,Maharashtra,Bulking,Breakfast,"Shrikhand (Hearty Portion, with Moong, Variant 1)",421,23,48,12,5,High,High,High,Dairy,"curd, sugar, cardamom, saffron, nuts",Vegetarian,,Add an extra protein side and keep the dish hearty enough to support muscle gain.,40 min strength training,Contains dairy.
395,Maharashtra,Bulking,Breakfast,"Shrikhand (High Protein, with Jowar)",433,22,48,11,4,High,High,High,Dairy,"curd, sugar, cardamom, saffron, nuts",Vegetarian,,Add an extra protein side and keep the dish hearty enough to support muscle gain.,40 min strength training,Contains dairy.
396,Maharashtra,Bulking,Breakfast,"Shrikhand (High Protein, with Jowar, Variant 1)",433,22,52,12,5,High,High,High,Dairy,"curd, sugar, cardamom, saffron, nuts",Vegetarian,,Add an extra protein side and keep the dish hearty enough to support muscle gain.,40 min strength training,Contains dairy.
397,Maharashtra,Bulking,Breakfast,"Shrikhand (High Protein, with Jowar, Variant 2)",439,22,51,13,5,High,High,High,Dairy,"curd, sugar, cardamom, saffron, nuts",Vegetarian,,Add an extra protein side and keep the dish hearty enough to support muscle gain.,40 min strength training,Contains dairy.
398,Maharashtra,Bulking,Breakfast,"Shrikhand (With Extra Dal, with Seasonal Vegetables)",430,22,52,11,5,High,High,High,Dairy,"curd, sugar, cardamom, saffron, nuts",Vegetarian,,Add an extra protein side and keep the dish hearty enough to support muscle gain.,40 min strength training,Contains dairy.
399,Maharashtra,Bulking,Breakfast,"Shrikhand (With Extra Dal, with Seasonal Vegetables, Variant 1)",433,22,48,12,5,High,High,High,Dairy,"curd, sugar, cardamom, saffron, nuts",Vegetarian,,Add an extra protein side and keep the dish hearty enough to support muscle gain.,40 min strength training,Contains dairy.
400,Maharashtra,Bulking,Breakfast,"Shrikhand (With Extra Dal, with Seasonal Vegetables, Variant 2)",439,23,49,13,5,High,High,High,Dairy,"curd, sugar, cardamom, saffron, nuts",Vegetarian,,Add an extra protein side and keep the dish hearty enough to support muscle gain.,40 min strength training,Contains dairy.
401,Maharashtra,Bulking,Breakfast,Anda Bhurji (4 Eggs) + Jowar Bhakri,700,40,80,24,8,Medium,Medium,High,Eggs,"Eggs, Sorghum, Onion",Non-Vegetarian,,Cook eggs in minimal ghee for clean bulk.,60 mins heavy lifting,Monitor cholesterol
402,Maharashtra,Bulking,Breakfast,Anda Bhurji (4 eggs) + Chapati,700,40,80,24,8,Medium,Medium,High,Eggs|Gluten,"Eggs, Wheat",Non-Vegetarian,,Cook eggs.,60 mins heavy lifting,Monitor cholesterol
403,Maharashtra,Bulking,Breakfast,"Bombil Fry (Power Bowl, with Lean Gravy)",447,28,52,15,6,High,High,High,Fish/Seafood,"bombil, semolina, turmeric, chilli",Non-Vegetarian,Fish,Add an extra protein side and keep the dish hearty enough to support muscle gain.,40 min strength training,Contains fish/seafood.
404,Maharashtra,Bulking,Breakfast,"Chicken Bhurji + Pav (Protein Focus, with Fish)",459,27,50,16,5,High,High,High,,local regional ingredients,Non-Vegetarian,Chicken,Add an extra protein side and keep the dish hearty enough to support muscle gain.,40 min strength training,Portion control advised.
405,Maharashtra,Bulking,Breakfast,"Chicken Bhurji + Pav (Protein Focus, with Fish, Variant 1)",441,27,50,14,4,High,High,High,,local regional ingredients,Non-Vegetarian,Chicken,Add an extra protein side and keep the dish hearty enough to support muscle gain.,40 min strength training,Portion control advised.
406,Maharashtra,Bulking,Breakfast,Chicken Kheema + Bhakri,700,40,80,24,8,Medium,Medium,Medium,,"Minced Chicken, Sorghum",Non-Vegetarian,chicken,Dense protein.,60 mins heavy lifting,Monitor cholesterol
407,Maharashtra,Bulking,Breakfast,Chicken Kheema + Bhakri (With Garlic),700,40,80,24,8,Medium,Medium,Medium,,"Minced Chicken, Sorghum",Non-Vegetarian,chicken,Dense meat.,60 mins heavy lifting,Monitor cholesterol
408,Maharashtra,Bulking,Breakfast,Chicken Kheema Pav,700,40,80,24,8,High,Medium,Medium,Gluten,"Minced Chicken, Wheat Bread",Non-Vegetarian,chicken,Cook dense chicken keema. Serve with pav.,60 mins heavy lifting,Monitor cholesterol
409,Maharashtra,Bulking,Breakfast,"Chicken Kheema Pav (With Extra Dal, with Lean Gravy)",447,28,51,15,5,High,High,High,,"chicken mince, onion, ginger, garlic, spices",Non-Vegetarian,Chicken,Add an extra protein side and keep the dish hearty enough to support muscle gain.,40 min strength training,Portion control advised.
410,Maharashtra,Bulking,Breakfast,"Chicken Kheema Pav (With Extra Dal, with Lean Gravy, Variant 1)",444,29,51,15,4,High,High,High,,"chicken mince, onion, ginger, garlic, spices",Non-Vegetarian,Chicken,Add an extra protein side and keep the dish hearty enough to support muscle gain.,40 min strength training,Portion control advised.
411,Maharashtra,Bulking,Breakfast,Egg Poha (4 Eggs),700,40,80,24,8,Medium,Medium,High,Eggs|Peanuts,"Flattened Rice, Eggs, Peanuts",Non-Vegetarian,,Add 4 scrambled eggs to regular poha.,60 mins heavy lifting,Monitor cholesterol
412,Maharashtra,Bulking,Breakfast,"Fish Fry (Hearty Portion, with Egg)",456,29,50,16,5,High,High,High,"Gluten, Fish/Seafood","fish, turmeric, red chilli, rice flour",Non-Vegetarian,Fish,Add an extra protein side and keep the dish hearty enough to support muscle gain.,40 min strength training,Contains gluten. Contains fish/seafood.
413,Maharashtra,Bulking,Breakfast,"Fish Fry (Hearty Portion, with Egg, Variant 1)",441,29,50,16,6,High,High,High,"Gluten, Fish/Seafood","fish, turmeric, red chilli, rice flour",Non-Vegetarian,Fish,Add an extra protein side and keep the dish hearty enough to support muscle gain.,40 min strength training,Contains gluten. Contains fish/seafood.
414,Maharashtra,Bulking,Breakfast,"Mutton Kheema Pav (With Sprouts, with Egg)",453,27,51,14,4,High,High,High,,local regional ingredients,Non-Vegetarian,Mutton,Add an extra protein side and keep the dish hearty enough to support muscle gain.,40 min strength training,Portion control advised.
415,Maharashtra,Bulking,Breakfast,"Mutton Kheema Pav (With Sprouts, with Egg, Variant 1)",459,29,48,14,4,High,High,High,,local regional ingredients,Non-Vegetarian,Mutton,Add an extra protein side and keep the dish hearty enough to support muscle gain.,40 min strength training,Portion control advised.
416,Maharashtra,Bulking,Breakfast,"Varhadi Chicken + Pav (High Protein, with Fish)",450,27,49,16,4,High,High,High,,"chicken, goda masala, onion, garlic, ginger",Non-Vegetarian,Chicken,Add an extra protein side and keep the dish hearty enough to support muscle gain.,40 min strength training,Portion control advised.
417,Maharashtra,Bulking,Breakfast,"Batata Poha (Hearty Portion, with Sesame)",429,20,50,11,7,High,High,High,Peanuts,"poha, onion, mustard seeds, curry leaves, green chilli, lemon, peanuts",Vegan,,Add an extra protein side and keep the dish hearty enough to support muscle gain.,40 min strength training,Contains peanuts.
418,Maharashtra,Bulking,Breakfast,"Chivda (Hearty Portion, with Sesame)",420,20,51,12,6,High,High,High,Peanuts,"flattened rice, peanuts, curry leaves, mustard seeds, spices",Vegan,,Add an extra protein side and keep the dish hearty enough to support muscle gain.,40 min strength training,Contains peanuts.
419,Maharashtra,Bulking,Breakfast,"Chivda (Power Bowl, with Jowar)",414,20,50,12,8,High,High,High,Peanuts,"flattened rice, peanuts, curry leaves, mustard seeds, spices",Vegan,,Add an extra protein side and keep the dish hearty enough to support muscle gain.,40 min strength training,Contains peanuts.
420,Maharashtra,Bulking,Breakfast,"Dadpe Pohe (Power Bowl, with Jowar)",423,21,50,10,6,High,High,High,Peanuts,"poha, onion, mustard seeds, curry leaves, green chilli, lemon, peanuts",Vegan,,Add an extra protein side and keep the dish hearty enough to support muscle gain.,40 min strength training,Contains peanuts.
421,Maharashtra,Bulking,Breakfast,"Ghavan (With Extra Dal, with Jowar)",414,20,50,11,7,High,High,High,Gluten,"rice flour, fenugreek leaves or ragi, cumin, curry leaves",Vegan,,Add an extra protein side and keep the dish hearty enough to support muscle gain.,40 min strength training,Contains gluten.
422,Maharashtra,Bulking,Breakfast,"Kanda Poha (Protein Focus, with Leafy Greens)",423,22,50,11,6,High,High,High,Peanuts,"poha, onion, mustard seeds, curry leaves, green chilli, lemon, peanuts",Vegan,,Add an extra protein side and keep the dish hearty enough to support muscle gain.,40 min strength training,Contains peanuts.
423,Maharashtra,Bulking,Breakfast,"Kanda Poha (With Extra Dal, with Jowar)",414,21,51,12,8,High,High,High,Peanuts,"poha, onion, mustard seeds, curry leaves, green chilli, lemon, peanuts",Vegan,,Add an extra protein side and keep the dish hearty enough to support muscle gain.,40 min strength training,Contains peanuts.
424,Maharashtra,Bulking,Breakfast,"Methi Ghavan (Hearty Portion, with Sesame)",417,20,49,12,7,High,High,High,Gluten,"rice flour, fenugreek leaves or ragi, cumin, curry leaves",Vegan,,Add an extra protein side and keep the dish hearty enough to support muscle gain.,40 min strength training,Contains gluten.
425,Maharashtra,Bulking,Breakfast,"Methi Ghavan (Protein Focus, with Leafy Greens)",429,22,48,11,7,High,High,High,Gluten,"rice flour, fenugreek leaves or ragi, cumin, curry leaves",Vegan,,Add an extra protein side and keep the dish hearty enough to support muscle gain.,40 min strength training,Contains gluten.
426,Maharashtra,Bulking,Breakfast,"Misal Pav (With Sprouts, with Sesame)",414,21,50,10,6,High,High,High,Gluten,"moth beans, onion, tomato, farsan, pav, spices",Vegan,,Add an extra protein side and keep the dish hearty enough to support muscle gain.,40 min strength training,Contains gluten.
427,Maharashtra,Bulking,Breakfast,"Panki (Protein Focus, with Leafy Greens)",420,22,50,10,6,High,High,High,Gluten,"rice flour, coconut, coriander, banana leaf",Vegan,,Add an extra protein side and keep the dish hearty enough to support muscle gain.,40 min strength training,Contains gluten.
428,Maharashtra,Bulking,Breakfast,"Ragi Ghavan (Power Bowl, with Jowar)",420,20,50,11,8,High,High,High,Gluten,"rice flour, fenugreek leaves or ragi, cumin, curry leaves",Vegan,,Add an extra protein side and keep the dish hearty enough to support muscle gain.,40 min strength training,Contains gluten.
429,Maharashtra,Bulking,Breakfast,"Roasted Chana (High Protein, with Leafy Greens)",420,20,52,11,6,High,High,High,,"roasted chana, curry leaves, black pepper, cumin",Vegan,,Add an extra protein side and keep the dish hearty enough to support muscle gain.,40 min strength training,Portion control advised.
430,Maharashtra,Bulking,Breakfast,"Sabudana Khichdi (With Extra Dal, with Jowar)",414,20,52,12,8,High,High,High,Peanuts,"sabudana, peanuts, potato, cumin, curry leaves",Vegan,,Add an extra protein side and keep the dish hearty enough to support muscle gain.,40 min strength training,Contains peanuts.
431,Maharashtra,Bulking,Breakfast,"Sprouted Matki Usal (High Protein, with Leafy Greens)",411,21,51,10,7,High,High,High,,"sprouted matki, onion, tomato, coriander, cumin, matki, garlic",Vegan,,Add an extra protein side and keep the dish hearty enough to support muscle gain.,40 min strength training,Portion control advised.
432,Maharashtra,Bulking,Breakfast,"Thalipeeth (With Sprouts, with Sesame)",420,20,51,11,6,High,High,High,"Gluten, Sesame","jowar flour, bajra flour, rice flour, onion, coriander, sesame",Vegan,,Add an extra protein side and keep the dish hearty enough to support muscle gain.,40 min strength training,Contains gluten.
433,Maharashtra,Bulking,Lunch,"Bhendi Bhaji + Bhakri (Hearty Portion, with Thecha)",593,29,66,15,8,High,High,High,,"okra, onion, mustard seeds, coconut",Vegetarian,,Add an extra protein side and keep the dish hearty enough to support muscle gain.,45 min resistance workout,Portion control advised.
434,Maharashtra,Bulking,Lunch,"Bhendi Bhaji + Bhakri (Hearty Portion, with Thecha, Variant 1)",590,29,66,15,6,High,High,High,,"okra, onion, mustard seeds, coconut",Vegetarian,,Add an extra protein side and keep the dish hearty enough to support muscle gain.,45 min resistance workout,Portion control advised.
435,Maharashtra,Bulking,Lunch,"Bhendi Bhaji + Bhakri (Hearty Portion, with Thecha, Variant 2)",596,30,67,15,6,High,High,High,,"okra, onion, mustard seeds, coconut",Vegetarian,,Add an extra protein side and keep the dish hearty enough to support muscle gain.,45 min resistance workout,Portion control advised.
436,Maharashtra,Bulking,Lunch,"Bhendi Bhaji + Bhakri (With Sprouts, with Thecha)",581,29,66,15,6,High,High,High,,"okra, onion, mustard seeds, coconut",Vegetarian,,Add an extra protein side and keep the dish hearty enough to support muscle gain.,45 min resistance workout,Portion control advised.
437,Maharashtra,Bulking,Lunch,"Bhendi Bhaji + Bhakri (With Sprouts, with Thecha, Variant 1)",584,30,66,17,8,High,High,High,,"okra, onion, mustard seeds, coconut",Vegetarian,,Add an extra protein side and keep the dish hearty enough to support muscle gain.,45 min resistance workout,Portion control advised.
438,Maharashtra,Bulking,Lunch,"Pithla Bhakri + Thecha (High Protein, with Peanuts)",584,28,68,17,6,High,High,High,Gluten,"besan, onion, garlic, jowar flour, green chilli",Vegetarian,,Add an extra protein side and keep the dish hearty enough to support muscle gain.,45 min resistance workout,Contains gluten.
439,Maharashtra,Bulking,Lunch,"Pithla Bhakri + Thecha (High Protein, with Peanuts, Variant 1)",587,29,69,16,7,High,High,High,Gluten,"besan, onion, garlic, jowar flour, green chilli",Vegetarian,,Add an extra protein side and keep the dish hearty enough to support muscle gain.,45 min resistance workout,Contains gluten.
440,Maharashtra,Bulking,Lunch,"Pithla Bhakri + Thecha (High Protein, with Peanuts, Variant 2)",590,30,69,15,6,High,High,High,Gluten,"besan, onion, garlic, jowar flour, green chilli",Vegetarian,,Add an extra protein side and keep the dish hearty enough to support muscle gain.,45 min resistance workout,Contains gluten.
441,Maharashtra,Bulking,Lunch,"Pithla Bhakri + Thecha (Protein Focus, with Peanuts)",590,28,67,17,8,High,High,High,Gluten,"besan, onion, garlic, jowar flour, green chilli",Vegetarian,,Add an extra protein side and keep the dish hearty enough to support muscle gain.,45 min resistance workout,Contains gluten.
442,Maharashtra,Bulking,Lunch,"Pithla Bhakri + Thecha (Protein Focus, with Peanuts, Variant 1)",587,28,67,17,8,High,High,High,Gluten,"besan, onion, garlic, jowar flour, green chilli",Vegetarian,,Add an extra protein side and keep the dish hearty enough to support muscle gain.,45 min resistance workout,Contains gluten.
443,Maharashtra,Bulking,Lunch,"Pithla Bhakri + Thecha (Protein Focus, with Peanuts, Variant 2)",581,30,67,16,6,High,High,High,Gluten,"besan, onion, garlic, jowar flour, green chilli",Vegetarian,,Add an extra protein side and keep the dish hearty enough to support muscle gain.,45 min resistance workout,Contains gluten.
444,Maharashtra,Bulking,Lunch,"Shrikhand + Puri (Power Bowl, with Matki)",581,28,68,15,6,High,High,High,Dairy,"curd, sugar, cardamom, saffron, nuts",Vegetarian,,Add an extra protein side and keep the dish hearty enough to support muscle gain.,45 min resistance workout,Contains dairy.
445,Maharashtra,Bulking,Lunch,"Shrikhand + Puri (Power Bowl, with Matki, Variant 1)",584,28,67,15,6,High,High,High,Dairy,"curd, sugar, cardamom, saffron, nuts",Vegetarian,,Add an extra protein side and keep the dish hearty enough to support muscle gain.,45 min resistance workout,Contains dairy.
446,Maharashtra,Bulking,Lunch,"Shrikhand + Puri (Power Bowl, with Matki, Variant 2)",587,29,69,17,7,High,High,High,Dairy,"curd, sugar, cardamom, saffron, nuts",Vegetarian,,Add an extra protein side and keep the dish hearty enough to support muscle gain.,45 min resistance workout,Contains dairy.
447,Maharashtra,Bulking,Lunch,"Shrikhand + Puri (With Extra Dal, with Matki)",581,28,69,17,8,High,High,High,Dairy,"curd, sugar, cardamom, saffron, nuts",Vegetarian,,Add an extra protein side and keep the dish hearty enough to support muscle gain.,45 min resistance workout,Contains dairy.
448,Maharashtra,Bulking,Lunch,"Shrikhand + Puri (With Extra Dal, with Matki, Variant 1)",593,30,67,17,8,High,High,High,Dairy,"curd, sugar, cardamom, saffron, nuts",Vegetarian,,Add an extra protein side and keep the dish hearty enough to support muscle gain.,45 min resistance workout,Contains dairy.
449,Maharashtra,Bulking,Lunch,Bajra Bhakri + Mutton Kheema + Spinach,900,55,100,31,12,Medium,Medium,High,,"Pearl Millet, Minced Mutton, Spinach",Non-Vegetarian,mutton,Iron-rich spinach combined with dense mutton mince.,45 mins hypertrophy training,Drink water
450,Maharashtra,Bulking,Lunch,Bajra Bhakri + Mutton Kheema + Spinach (With Peanuts),900,55,100,31,12,Medium,Medium,High,,"Pearl Millet, Minced Mutton, Spinach",Non-Vegetarian,mutton,Dense meat.,45 mins hypertrophy training,Drink water
451,Maharashtra,Bulking,Lunch,Bajra Bhakri + Pandhra Rassa + Sukka Chicken,900,55,100,31,12,Medium,Medium,High,,"Pearl Millet, Chicken Broth, Chicken",Non-Vegetarian,chicken,Consume rich white broth and dry roasted chicken.,45 mins hypertrophy training,Drink water
452,Maharashtra,Bulking,Lunch,Bhakri + Chicken Sukka + Matar,900,55,100,31,12,Medium,Medium,Medium,,"Sorghum, Chicken, Peas",Non-Vegetarian,chicken,High protein chicken with carb-heavy peas.,45 mins hypertrophy training,Drink water
453,Maharashtra,Bulking,Lunch,"Bombil Fry + Rice (Protein Focus, with Prawns)",619,35,67,18,6,High,High,High,Fish/Seafood,"bombil, semolina, turmeric, chilli",Non-Vegetarian,Fish,Add an extra protein side and keep the dish hearty enough to support muscle gain.,45 min resistance workout,Contains fish/seafood.
454,Maharashtra,Bulking,Lunch,Brown Rice + Tambda Rassa + Soya Bhaji,900,55,100,31,12,Medium,Medium,Medium,Soy,"Brown Rice, Mutton Broth, Soya Chunks",Non-Vegetarian,mutton,Heavy meat broth paired with high-protein soya.,45 mins hypertrophy training,Drink water
455,Maharashtra,Bulking,Lunch,Brown Rice + Tambda Rassa + Soya Bhaji (With Kokum),900,55,100,31,12,Medium,Medium,Medium,Soy,"Brown Rice, Mutton Broth, Soya Chunks",Non-Vegetarian,mutton,Double protein.,45 mins hypertrophy training,Drink water
456,Maharashtra,Bulking,Lunch,"Chicken Handi + Chapati (Power Bowl, with Mutton)",616,36,69,18,7,High,High,High,Dairy,"chicken, onion, tomato, spices, curd",Non-Vegetarian,Chicken,Add an extra protein side and keep the dish hearty enough to support muscle gain.,45 min resistance workout,Contains dairy.
457,Maharashtra,Bulking,Lunch,"Chicken Kheema + Bhakri (Hearty Portion, with Chicken)",610,34,70,18,7,High,High,High,,"chicken mince, onion, ginger, garlic, spices",Non-Vegetarian,Chicken,Add an extra protein side and keep the dish hearty enough to support muscle gain.,45 min resistance workout,Portion control advised.
458,Maharashtra,Bulking,Lunch,"Kolhapuri Chicken + Bhakri (With Extra Dal, with Mutton)",604,34,69,20,6,High,High,High,,"chicken, kolhapuri masala, onion, garlic, coconut",Non-Vegetarian,Chicken,Add an extra protein side and keep the dish hearty enough to support muscle gain.,45 min resistance workout,Portion control advised.
459,Maharashtra,Bulking,Lunch,"Mutton Rassa + Chapati (High Protein, with Prawns)",619,35,67,20,6,High,High,High,,"mutton, onion, garlic, red chilli, spices",Non-Vegetarian,Mutton,Add an extra protein side and keep the dish hearty enough to support muscle gain.,45 min resistance workout,Portion control advised.
460,Maharashtra,Bulking,Lunch,"Mutton Sukka + Bhakri (High Protein, with Prawns)",616,34,67,19,7,High,High,High,,"mutton, coconut, onion, kolhapuri masala",Non-Vegetarian,Mutton,Add an extra protein side and keep the dish hearty enough to support muscle gain.,45 min resistance workout,Portion control advised.
461,Maharashtra,Bulking,Lunch,"Prawns Curry + Rice (With Sprouts, with Chicken)",601,35,68,18,6,High,High,High,Fish/Seafood,"prawns, coconut, kokum, onion, garlic",Non-Vegetarian,Seafood,Add an extra protein side and keep the dish hearty enough to support muscle gain.,45 min resistance workout,Contains fish/seafood.
462,Maharashtra,Bulking,Lunch,"Sali Boti + Pav (Power Bowl, with Mutton)",610,34,70,18,6,High,High,High,,"mutton, potato sticks, onion, spices",Non-Vegetarian,Seafood,Add an extra protein side and keep the dish hearty enough to support muscle gain.,45 min resistance workout,Portion control advised.
463,Maharashtra,Bulking,Lunch,"Saoji Chicken + Rice (With Sprouts, with Chicken)",604,36,69,19,6,High,High,High,Sesame,"chicken, saoji masala, onion, garlic, sesame",Non-Vegetarian,Chicken,Add an extra protein side and keep the dish hearty enough to support muscle gain.,45 min resistance workout,Portion control advised.
464,Maharashtra,Bulking,Lunch,"Surmai Curry + Rice (Hearty Portion, with Chicken)",616,36,70,20,7,High,High,High,Fish/Seafood,"surmai fish, coconut, kokum, onion, garlic",Non-Vegetarian,Fish,Add an extra protein side and keep the dish hearty enough to support muscle gain.,45 min resistance workout,Contains fish/seafood.
465,Maharashtra,Bulking,Lunch,"Amti Bhaat (With Sprouts, with Millets)",586,28,66,16,10,High,High,High,,"toor dal, rice, kokum, goda masala, coriander",Vegan,,Add an extra protein side and keep the dish hearty enough to support muscle gain.,45 min resistance workout,Portion control advised.
466,Maharashtra,Bulking,Lunch,"Bharli Vangi + Jowar Bhakri (High Protein, with Kokum)",580,28,70,16,10,High,High,High,"Peanuts, Sesame","brinjal, peanut, sesame, coconut, onion",Vegan,,Add an extra protein side and keep the dish hearty enough to support muscle gain.,45 min resistance workout,Contains peanuts.
467,Maharashtra,Bulking,Lunch,"Bhoplyachi Bhaji + Chapati (High Protein, with Kokum)",583,27,68,14,9,High,High,High,,"pumpkin, coconut, cumin, coriander",Vegan,,Add an extra protein side and keep the dish hearty enough to support muscle gain.,45 min resistance workout,Portion control advised.
468,Maharashtra,Bulking,Lunch,"Chawli Usal + Bhakri (Hearty Portion, with Millets)",571,29,66,14,9,High,High,High,,"cowpeas, onion, tomato, garlic, coriander",Vegan,,Add an extra protein side and keep the dish hearty enough to support muscle gain.,45 min resistance workout,Portion control advised.
469,Maharashtra,Bulking,Lunch,"Dodka Bhaji + Bhakri (Power Bowl, with Roasted Chana)",574,28,68,15,8,High,High,High,,"ridge gourd, onion, coconut, cumin",Vegan,,Add an extra protein side and keep the dish hearty enough to support muscle gain.,45 min resistance workout,Portion control advised.
470,Maharashtra,Bulking,Lunch,"Gawar Bhaji + Bhakri (With Sprouts, with Millets)",586,28,68,15,9,High,High,High,Peanuts,"cluster beans, onion, coconut, peanuts",Vegan,,Add an extra protein side and keep the dish hearty enough to support muscle gain.,45 min resistance workout,Contains peanuts.
471,Maharashtra,Bulking,Lunch,"Kala Chana Usal + Bhakri (Hearty Portion, with Millets)",589,28,68,16,10,High,High,High,,"kala chana, onion, tomato, coconut, coriander",Vegan,,Add an extra protein side and keep the dish hearty enough to support muscle gain.,45 min resistance workout,Portion control advised.
472,Maharashtra,Bulking,Lunch,"Koshimbir + Bhakri (Protein Focus, with Kokum)",580,29,66,16,10,High,High,High,"Peanuts, Dairy","cucumber, curd, coriander, peanuts",Vegan,,Add an extra protein side and keep the dish hearty enough to support muscle gain.,45 min resistance workout,Contains peanuts. Contains dairy.
473,Maharashtra,Bulking,Lunch,"Methi Patal Bhaji + Bhakri (High Protein, with Kokum)",577,28,70,16,10,High,High,High,,"fenugreek leaves, besan, onion, garlic",Vegan,,Add an extra protein side and keep the dish hearty enough to support muscle gain.,45 min resistance workout,Portion control advised.
474,Maharashtra,Bulking,Lunch,"Moong Usal + Chapati (With Extra Dal, with Roasted Chana)",589,29,67,15,8,High,High,High,,"moong beans, onion, tomato, curry leaves, coriander",Vegan,,Add an extra protein side and keep the dish hearty enough to support muscle gain.,45 min resistance workout,Portion control advised.
475,Maharashtra,Bulking,Lunch,"Pithla Bhakri (With Sprouts, with Millets)",589,27,70,16,10,High,High,High,Gluten,"besan, onion, garlic, jowar flour, green chilli",Vegan,,Add an extra protein side and keep the dish hearty enough to support muscle gain.,45 min resistance workout,Contains gluten.
476,Maharashtra,Bulking,Lunch,"Solkadhi + Rice (Power Bowl, with Roasted Chana)",589,28,69,15,9,High,High,High,Dairy,"kokum, coconut milk, garlic, coriander",Vegan,,Add an extra protein side and keep the dish hearty enough to support muscle gain.,45 min resistance workout,Contains dairy.
477,Maharashtra,Bulking,Lunch,"Sprouted Matki Usal + Jowar Bhakri (With Extra Dal, with Roasted Chana)",589,28,70,14,10,High,High,High,,"sprouted matki, onion, tomato, coriander, cumin, matki, garlic",Vegan,,Add an extra protein side and keep the dish hearty enough to support muscle gain.,45 min resistance workout,Portion control advised.
478,Maharashtra,Bulking,Lunch,"Vangyache Bharit + Bhakri (With Extra Dal, with Roasted Chana)",571,28,67,16,9,High,High,High,"Peanuts, Sesame","roasted brinjal, peanut, sesame, onion, coriander",Vegan,,Add an extra protein side and keep the dish hearty enough to support muscle gain.,45 min resistance workout,Contains peanuts.
479,Maharashtra,Bulking,Lunch,"Varan Bhaat (Power Bowl, with Roasted Chana)",589,29,69,14,10,High,High,High,Dairy,"toor dal, rice, turmeric, ghee, cumin",Vegan,,Add an extra protein side and keep the dish hearty enough to support muscle gain.,45 min resistance workout,Contains dairy.
480,Maharashtra,Bulking,Lunch,"Zunka Bhakri (Protein Focus, with Kokum)",577,28,68,15,8,High,High,High,Gluten,"besan, onion, garlic, coriander, jowar flour",Vegan,,Add an extra protein side and keep the dish hearty enough to support muscle gain.,45 min resistance workout,Contains gluten.
481,Maharashtra,Bulking,Snack,"Basundi (Hearty Portion, with Moong)",377,21,39,11,3,High,High,High,Dairy,"milk, sugar, cardamom, saffron, nuts",Vegetarian,,Add an extra protein side and keep the dish hearty enough to support muscle gain.,35 min gym session,Contains dairy.
482,Maharashtra,Bulking,Snack,"Batata Vada (Protein Focus, with Jowar)",371,20,38,12,3,High,High,High,,"potato, besan, curry leaves, green chilli",Vegetarian,,Add an extra protein side and keep the dish hearty enough to support muscle gain.,35 min gym session,Portion control advised.
483,Maharashtra,Bulking,Snack,"Chakli (Power Bowl, with Seasonal Vegetables)",374,21,39,12,4,High,High,High,,local regional ingredients,Vegetarian,,Add an extra protein side and keep the dish hearty enough to support muscle gain.,35 min gym session,Portion control advised.
484,Maharashtra,Bulking,Snack,"Kanda Bhaji (Hearty Portion, with Moong)",374,21,41,12,3,High,High,High,,"onion, besan, green chilli, coriander",Vegetarian,,Add an extra protein side and keep the dish hearty enough to support muscle gain.,35 min gym session,Portion control advised.
485,Maharashtra,Bulking,Snack,"Kharvas (With Sprouts, with Moong)",380,21,42,12,3,High,High,High,Dairy,"colostrum milk, cardamom, sugar",Vegetarian,,Add an extra protein side and keep the dish hearty enough to support muscle gain.,35 min gym session,Contains dairy.
486,Maharashtra,Bulking,Snack,"Kharvas (With Sprouts, with Moong, Variant 1)",371,20,39,12,3,High,High,High,Dairy,"colostrum milk, cardamom, sugar",Vegetarian,,Add an extra protein side and keep the dish hearty enough to support muscle gain.,35 min gym session,Contains dairy.
487,Maharashtra,Bulking,Snack,"Misal Pav (Power Bowl, with Seasonal Vegetables)",383,20,41,11,4,High,High,High,Gluten,"moth beans, onion, tomato, farsan, pav, spices",Vegetarian,,Add an extra protein side and keep the dish hearty enough to support muscle gain.,35 min gym session,Contains gluten.
488,Maharashtra,Bulking,Snack,"Puran Poli (With Extra Dal, with Seasonal Vegetables)",380,21,38,10,4,High,High,High,"Gluten, Dairy","chana dal, jaggery, wheat flour, cardamom, ghee",Vegetarian,,Add an extra protein side and keep the dish hearty enough to support muscle gain.,35 min gym session,Contains gluten. Contains dairy.
489,Maharashtra,Bulking,Snack,"Puran Poli (With Extra Dal, with Seasonal Vegetables, Variant 1)",374,21,38,12,4,High,High,High,"Gluten, Dairy","chana dal, jaggery, wheat flour, cardamom, ghee",Vegetarian,,Add an extra protein side and keep the dish hearty enough to support muscle gain.,35 min gym session,Contains gluten. Contains dairy.
490,Maharashtra,Bulking,Snack,Roasted Soyabean + Peanuts,400,25,45,13,6,Low,Medium,Low,Soy|Peanuts,"Soya Beans, Peanuts",Vegetarian,,Mix equal parts dry roasted peanuts and soya.,Active recovery,Chew well
491,Maharashtra,Bulking,Snack,"Sabudana Vada (With Extra Dal, with Seasonal Vegetables)",386,19,39,11,4,High,High,High,Peanuts,"sabudana, peanut, potato, green chilli, coriander",Vegetarian,,Add an extra protein side and keep the dish hearty enough to support muscle gain.,35 min gym session,Contains peanuts.
492,Maharashtra,Bulking,Snack,"Shankarpali (High Protein, with Jowar)",371,19,42,10,5,High,High,High,,local regional ingredients,Vegetarian,,Add an extra protein side and keep the dish hearty enough to support muscle gain.,35 min gym session,Portion control advised.
493,Maharashtra,Bulking,Snack,"Shankarpali (High Protein, with Jowar, Variant 1)",383,20,38,12,4,High,High,High,,local regional ingredients,Vegetarian,,Add an extra protein side and keep the dish hearty enough to support muscle gain.,35 min gym session,Portion control advised.
494,Maharashtra,Bulking,Snack,"Shrikhand (Protein Focus, with Jowar)",377,19,42,12,4,High,High,High,Dairy,"curd, sugar, cardamom, saffron, nuts",Vegetarian,,Add an extra protein side and keep the dish hearty enough to support muscle gain.,35 min gym session,Contains dairy.
495,Maharashtra,Bulking,Snack,"Ukadiche Modak (With Sprouts, with Moong)",374,19,42,12,3,High,High,High,Gluten,"rice flour, coconut, jaggery, cardamom",Vegetarian,,Add an extra protein side and keep the dish hearty enough to support muscle gain.,35 min gym session,Contains gluten.
496,Maharashtra,Bulking,Snack,"Vada Pav (High Protein, with Jowar)",386,19,39,11,5,High,High,High,Gluten,"potato, besan, wheat pav, green chilli, garlic",Vegetarian,,Add an extra protein side and keep the dish hearty enough to support muscle gain.,35 min gym session,Contains gluten.
497,Maharashtra,Bulking,Snack,"Bombil Fry (Power Bowl, with Lean Gravy, Variant 1)",391,27,40,14,4,High,High,High,Fish/Seafood,"bombil, semolina, turmeric, chilli",Non-Vegetarian,Fish,Add an extra protein side and keep the dish hearty enough to support muscle gain.,35 min gym session,Contains fish/seafood.
498,Maharashtra,Bulking,Snack,"Bombil Fry (Power Bowl, with Lean Gravy, Variant 2)",406,26,38,14,4,High,High,High,Fish/Seafood,"bombil, semolina, turmeric, chilli",Non-Vegetarian,Fish,Add an extra protein side and keep the dish hearty enough to support muscle gain.,35 min gym session,Contains fish/seafood.
499,Maharashtra,Bulking,Snack,"Chicken Kheema Pav (With Extra Dal, with Lean Gravy, Variant 2)",391,27,42,15,3,High,High,High,,"chicken mince, onion, ginger, garlic, spices",Non-Vegetarian,Chicken,Add an extra protein side and keep the dish hearty enough to support muscle gain.,35 min gym session,Portion control advised.
500,Maharashtra,Bulking,Snack,"Chicken Kheema Pav (With Extra Dal, with Lean Gravy, Variant 3)",397,27,40,13,3,High,High,High,,"chicken mince, onion, ginger, garlic, spices",Non-Vegetarian,Chicken,Add an extra protein side and keep the dish hearty enough to support muscle gain.,35 min gym session,Portion control advised.
501,Maharashtra,Bulking,Snack,Chicken Sukka (Dry),400,25,45,13,6,Low,Medium,Medium,,"Chicken, Spices",Non-Vegetarian,chicken,Dry roasted high-protein chicken pieces.,Active recovery,Chew well
502,Maharashtra,Bulking,Snack,"Egg Bhurji Pav (Protein Focus, with Fish)",409,26,38,15,3,High,High,High,,local regional ingredients,Non-Vegetarian,,Add an extra protein side and keep the dish hearty enough to support muscle gain.,35 min gym session,Portion control advised.
503,Maharashtra,Bulking,Snack,"Egg Bhurji Pav (Protein Focus, with Fish, Variant 1)",394,25,39,15,4,High,High,High,,local regional ingredients,Non-Vegetarian,,Add an extra protein side and keep the dish hearty enough to support muscle gain.,35 min gym session,Portion control advised.
504,Maharashtra,Bulking,Snack,Egg Whites + Matki Usal,400,25,45,13,6,Low,Medium,Medium,Eggs,"Eggs, Moth Beans",Non-Vegetarian,,Combine boiled egg whites with sprouted moth beans.,Active recovery,Chew well
505,Maharashtra,Bulking,Snack,Egg Whites + Matki Usal (With Cucumber),400,25,45,13,6,Low,Medium,Medium,Eggs,"Eggs, Moth Beans",Non-Vegetarian,,Boiled eggs.,Active recovery,Chew well
506,Maharashtra,Bulking,Snack,Egg Whites + Matki Usal (With Flaxseed),400,25,45,13,6,Low,Medium,Medium,Eggs,"Eggs, Moth Beans",Non-Vegetarian,,Protein mix.,Active recovery,Chew well
507,Maharashtra,Bulking,Snack,"Fish Fry (Hearty Portion, with Egg, Variant 2)",394,26,38,14,5,High,High,High,"Gluten, Fish/Seafood","fish, turmeric, red chilli, rice flour",Non-Vegetarian,Fish,Add an extra protein side and keep the dish hearty enough to support muscle gain.,35 min gym session,Contains gluten. Contains fish/seafood.
508,Maharashtra,Bulking,Snack,"Fish Fry (Hearty Portion, with Egg, Variant 3)",403,25,39,14,3,High,High,High,"Gluten, Fish/Seafood","fish, turmeric, red chilli, rice flour",Non-Vegetarian,Fish,Add an extra protein side and keep the dish hearty enough to support muscle gain.,35 min gym session,Contains gluten. Contains fish/seafood.
509,Maharashtra,Bulking,Snack,"Fish Koliwada (With Sprouts, with Egg)",394,25,41,14,5,High,High,High,"Gluten, Fish/Seafood","fish, gram flour, red chilli, curry leaves",Non-Vegetarian,Fish,Add an extra protein side and keep the dish hearty enough to support muscle gain.,35 min gym session,Contains gluten. Contains fish/seafood.
510,Maharashtra,Bulking,Snack,"Fish Koliwada (With Sprouts, with Egg, Variant 1)",397,25,39,13,3,High,High,High,"Gluten, Fish/Seafood","fish, gram flour, red chilli, curry leaves",Non-Vegetarian,Fish,Add an extra protein side and keep the dish hearty enough to support muscle gain.,35 min gym session,Contains gluten. Contains fish/seafood.
511,Maharashtra,Bulking,Snack,Mutton Bone Broth (Paya),400,25,45,13,6,Low,Medium,High,,Mutton Trotters,Non-Vegetarian,mutton,Rich broth for joint health and protein.,Active recovery,Chew well
512,Maharashtra,Bulking,Snack,"Mutton Keema Pav (High Protein, with Fish)",397,27,38,15,4,High,High,High,,local regional ingredients,Non-Vegetarian,Mutton,Add an extra protein side and keep the dish hearty enough to support muscle gain.,35 min gym session,Portion control advised.
513,Maharashtra,Bulking,Snack,"Sabudana Vada (Power Bowl, with Jowar)",364,20,40,10,6,High,High,High,Peanuts,"sabudana, peanut, potato, green chilli, coriander",Vegan,,Add an extra protein side and keep the dish hearty enough to support muscle gain.,35 min gym session,Contains peanuts.
514,Maharashtra,Bulking,Snack,"Sabudana Vada (Power Bowl, with Jowar, Variant 1)",376,19,42,9,5,High,High,High,Peanuts,"sabudana, peanut, potato, green chilli, coriander",Vegan,,Add an extra protein side and keep the dish hearty enough to support muscle gain.,35 min gym session,Contains peanuts.
515,Maharashtra,Bulking,Snack,"Sabudana Vada (Power Bowl, with Jowar, Variant 2)",379,19,38,10,6,High,High,High,Peanuts,"sabudana, peanut, potato, green chilli, coriander",Vegan,,Add an extra protein side and keep the dish hearty enough to support muscle gain.,35 min gym session,Contains peanuts.
516,Maharashtra,Bulking,Snack,"Sabudana Vada (Protein Focus, with Leafy Greens)",364,19,42,9,7,High,High,High,Peanuts,"sabudana, peanut, potato, green chilli, coriander",Vegan,,Add an extra protein side and keep the dish hearty enough to support muscle gain.,35 min gym session,Contains peanuts.
517,Maharashtra,Bulking,Snack,"Sabudana Vada (Protein Focus, with Leafy Greens, Variant 1)",376,20,42,10,6,High,High,High,Peanuts,"sabudana, peanut, potato, green chilli, coriander",Vegan,,Add an extra protein side and keep the dish hearty enough to support muscle gain.,35 min gym session,Contains peanuts.
518,Maharashtra,Bulking,Snack,"Sabudana Vada (Protein Focus, with Leafy Greens, Variant 2)",367,18,38,10,6,High,High,High,Peanuts,"sabudana, peanut, potato, green chilli, coriander",Vegan,,Add an extra protein side and keep the dish hearty enough to support muscle gain.,35 min gym session,Contains peanuts.
519,Maharashtra,Bulking,Snack,"Sabudana Vada (With Sprouts, with Sesame)",376,19,40,9,6,High,High,High,Peanuts,"sabudana, peanut, potato, green chilli, coriander",Vegan,,Add an extra protein side and keep the dish hearty enough to support muscle gain.,35 min gym session,Contains peanuts.
520,Maharashtra,Bulking,Snack,"Sabudana Vada (With Sprouts, with Sesame, Variant 1)",367,19,40,9,5,High,High,High,Peanuts,"sabudana, peanut, potato, green chilli, coriander",Vegan,,Add an extra protein side and keep the dish hearty enough to support muscle gain.,35 min gym session,Contains peanuts.
521,Maharashtra,Bulking,Snack,"Sprouted Moong Chaat (Hearty Portion, with Sesame)",364,19,42,9,6,High,High,High,,"sprouted moong, onion, tomato, coriander, lemon",Vegan,,Add an extra protein side and keep the dish hearty enough to support muscle gain.,35 min gym session,Portion control advised.
522,Maharashtra,Bulking,Snack,"Sprouted Moong Chaat (Hearty Portion, with Sesame, Variant 1)",379,19,40,11,5,High,High,High,,"sprouted moong, onion, tomato, coriander, lemon",Vegan,,Add an extra protein side and keep the dish hearty enough to support muscle gain.,35 min gym session,Portion control advised.
523,Maharashtra,Bulking,Snack,"Sprouted Moong Chaat (Hearty Portion, with Sesame, Variant 2)",373,19,38,9,7,High,High,High,,"sprouted moong, onion, tomato, coriander, lemon",Vegan,,Add an extra protein side and keep the dish hearty enough to support muscle gain.,35 min gym session,Portion control advised.
524,Maharashtra,Bulking,Snack,"Sprouted Moong Chaat (High Protein, with Leafy Greens)",370,20,40,10,6,High,High,High,,"sprouted moong, onion, tomato, coriander, lemon",Vegan,,Add an extra protein side and keep the dish hearty enough to support muscle gain.,35 min gym session,Portion control advised.
525,Maharashtra,Bulking,Snack,"Sprouted Moong Chaat (High Protein, with Leafy Greens, Variant 1)",364,18,40,10,6,High,High,High,,"sprouted moong, onion, tomato, coriander, lemon",Vegan,,Add an extra protein side and keep the dish hearty enough to support muscle gain.,35 min gym session,Portion control advised.
526,Maharashtra,Bulking,Snack,"Sprouted Moong Chaat (With Extra Dal, with Jowar)",370,19,39,9,7,High,High,High,,"sprouted moong, onion, tomato, coriander, lemon",Vegan,,Add an extra protein side and keep the dish hearty enough to support muscle gain.,35 min gym session,Portion control advised.
527,Maharashtra,Bulking,Snack,"Sprouted Moong Chaat (With Extra Dal, with Jowar, Variant 1)",370,20,41,10,6,High,High,High,,"sprouted moong, onion, tomato, coriander, lemon",Vegan,,Add an extra protein side and keep the dish hearty enough to support muscle gain.,35 min gym session,Portion control advised.
528,Maharashtra,Bulking,Snack,"Sprouted Moong Chaat (With Extra Dal, with Jowar, Variant 2)",370,19,40,10,5,High,High,High,,"sprouted moong, onion, tomato, coriander, lemon",Vegan,,Add an extra protein side and keep the dish hearty enough to support muscle gain.,35 min gym session,Portion control advised.
529,Maharashtra,Bulking,Dinner,"Aamti Bhaat + Ghee (Hearty Portion, with Thecha)",570,27,65,14,5,High,High,High,,"toor dal, rice, kokum, goda masala, coriander",Vegetarian,,Add an extra protein side and keep the dish hearty enough to support muscle gain.,40 min weight training,Portion control advised.
530,Maharashtra,Bulking,Dinner,"Aamti Bhaat + Ghee (Hearty Portion, with Thecha, Variant 1)",570,29,63,16,7,High,High,High,,"toor dal, rice, kokum, goda masala, coriander",Vegetarian,,Add an extra protein side and keep the dish hearty enough to support muscle gain.,40 min weight training,Portion control advised.
531,Maharashtra,Bulking,Dinner,"Aamti Bhaat + Ghee (Hearty Portion, with Thecha, Variant 2)",573,27,66,15,6,High,High,High,,"toor dal, rice, kokum, goda masala, coriander",Vegetarian,,Add an extra protein side and keep the dish hearty enough to support muscle gain.,40 min weight training,Portion control advised.
532,Maharashtra,Bulking,Dinner,"Aamti Bhaat + Ghee (With Sprouts, with Thecha)",570,29,63,14,6,High,High,High,,"toor dal, rice, kokum, goda masala, coriander",Vegetarian,,Add an extra protein side and keep the dish hearty enough to support muscle gain.,40 min weight training,Portion control advised.
533,Maharashtra,Bulking,Dinner,"Aamti Bhaat + Ghee (With Sprouts, with Thecha, Variant 1)",561,28,65,15,7,High,High,High,,"toor dal, rice, kokum, goda masala, coriander",Vegetarian,,Add an extra protein side and keep the dish hearty enough to support muscle gain.,40 min weight training,Portion control advised.
534,Maharashtra,Bulking,Dinner,"Misal Pav (Power Bowl, with Matki)",564,28,63,15,6,High,High,High,Gluten,"moth beans, onion, tomato, farsan, pav, spices",Vegetarian,,Add an extra protein side and keep the dish hearty enough to support muscle gain.,40 min weight training,Contains gluten.
535,Maharashtra,Bulking,Dinner,"Misal Pav (Power Bowl, with Matki, Variant 1)",561,29,66,15,6,High,High,High,Gluten,"moth beans, onion, tomato, farsan, pav, spices",Vegetarian,,Add an extra protein side and keep the dish hearty enough to support muscle gain.,40 min weight training,Contains gluten.
536,Maharashtra,Bulking,Dinner,"Misal Pav (Power Bowl, with Matki, Variant 2)",576,29,66,16,7,High,High,High,Gluten,"moth beans, onion, tomato, farsan, pav, spices",Vegetarian,,Add an extra protein side and keep the dish hearty enough to support muscle gain.,40 min weight training,Contains gluten.
537,Maharashtra,Bulking,Dinner,"Misal Pav (With Extra Dal, with Matki)",570,29,66,15,5,High,High,High,Gluten,"moth beans, onion, tomato, farsan, pav, spices",Vegetarian,,Add an extra protein side and keep the dish hearty enough to support muscle gain.,40 min weight training,Contains gluten.
538,Maharashtra,Bulking,Dinner,"Misal Pav (With Extra Dal, with Matki, Variant 1)",573,28,66,16,7,High,High,High,Gluten,"moth beans, onion, tomato, farsan, pav, spices",Vegetarian,,Add an extra protein side and keep the dish hearty enough to support muscle gain.,40 min weight training,Contains gluten.
539,Maharashtra,Bulking,Dinner,"Shev Bhaji + Chapati (High Protein, with Peanuts)",579,29,66,15,5,High,High,High,,"shev, onion, tomato, goda masala",Vegetarian,,Add an extra protein side and keep the dish hearty enough to support muscle gain.,40 min weight training,Portion control advised.
540,Maharashtra,Bulking,Dinner,"Shev Bhaji + Chapati (High Protein, with Peanuts, Variant 1)",576,28,65,16,7,High,High,High,,"shev, onion, tomato, goda masala",Vegetarian,,Add an extra protein side and keep the dish hearty enough to support muscle gain.,40 min weight training,Portion control advised.
541,Maharashtra,Bulking,Dinner,"Shev Bhaji + Chapati (High Protein, with Peanuts, Variant 2)",573,29,65,14,5,High,High,High,,"shev, onion, tomato, goda masala",Vegetarian,,Add an extra protein side and keep the dish hearty enough to support muscle gain.,40 min weight training,Portion control advised.
542,Maharashtra,Bulking,Dinner,"Shev Bhaji + Chapati (Protein Focus, with Peanuts)",573,29,64,14,5,High,High,High,,"shev, onion, tomato, goda masala",Vegetarian,,Add an extra protein side and keep the dish hearty enough to support muscle gain.,40 min weight training,Portion control advised.
543,Maharashtra,Bulking,Dinner,"Shev Bhaji + Chapati (Protein Focus, with Peanuts, Variant 1)",564,27,64,14,7,High,High,High,,"shev, onion, tomato, goda masala",Vegetarian,,Add an extra protein side and keep the dish hearty enough to support muscle gain.,40 min weight training,Portion control advised.
544,Maharashtra,Bulking,Dinner,"Shev Bhaji + Chapati (Protein Focus, with Peanuts, Variant 2)",579,28,65,15,5,High,High,High,,"shev, onion, tomato, goda masala",Vegetarian,,Add an extra protein side and keep the dish hearty enough to support muscle gain.,40 min weight training,Portion control advised.
545,Maharashtra,Bulking,Dinner,Bajra Bhakri + Chicken Kheema,850,50,90,32,10,Medium,Medium,Medium,,"Pearl Millet, Minced Chicken",Non-Vegetarian,chicken,Cook chicken mince with thick masala.,Rest,
546,Maharashtra,Bulking,Dinner,Bhakri + Chicken Kolhapuri + Matar,850,50,90,32,10,High,Medium,Medium,,"Sorghum, Chicken, Peas",Non-Vegetarian,chicken,Heavy chicken curry with peas for extra carbs.,Rest,
547,Maharashtra,Bulking,Dinner,Bhakri + Chicken Kolhapuri + Matar (With Moong),850,50,90,32,10,High,Medium,Medium,,"Sorghum, Chicken, Peas",Non-Vegetarian,chicken,Spicy heavy chicken.,Rest,
548,Maharashtra,Bulking,Dinner,Bhakri + Chicken Kolhapuri + Matar (With Thecha),850,50,90,32,10,High,Medium,Medium,,"Sorghum, Chicken, Peas",Non-Vegetarian,chicken,Heavy chicken.,Rest,
549,Maharashtra,Bulking,Dinner,Brown Rice + Mutton Kheema + Soya,850,50,90,32,10,Medium,Medium,High,Soy,"Brown Rice, Minced Mutton, Soya",Non-Vegetarian,mutton,Double protein from meat and soya.,Rest,
550,Maharashtra,Bulking,Dinner,"Chicken Handi + Chapati (Power Bowl, with Mutton, Variant 1)",590,34,64,18,7,High,High,High,Dairy,"chicken, onion, tomato, spices, curd",Non-Vegetarian,Chicken,Add an extra protein side and keep the dish hearty enough to support muscle gain.,40 min weight training,Contains dairy.
551,Maharashtra,Bulking,Dinner,"Chicken Kheema + Bhakri (Hearty Portion, with Chicken, Variant 1)",587,33,67,19,7,High,High,High,,"chicken mince, onion, ginger, garlic, spices",Non-Vegetarian,Chicken,Add an extra protein side and keep the dish hearty enough to support muscle gain.,40 min weight training,Portion control advised.
552,Maharashtra,Bulking,Dinner,"Fish Fry + Salad (With Extra Dal, with Mutton)",581,33,64,17,6,High,High,High,"Gluten, Fish/Seafood","fish, turmeric, red chilli, rice flour",Non-Vegetarian,Fish,Add an extra protein side and keep the dish hearty enough to support muscle gain.,40 min weight training,Contains gluten. Contains fish/seafood.
553,Maharashtra,Bulking,Dinner,"Fish Koliwada + Salad (Protein Focus, with Prawns)",596,35,65,18,6,High,High,High,"Gluten, Fish/Seafood","fish, gram flour, red chilli, curry leaves",Non-Vegetarian,Fish,Add an extra protein side and keep the dish hearty enough to support muscle gain.,40 min weight training,Contains gluten. Contains fish/seafood.
554,Maharashtra,Bulking,Dinner,Indrayani Rice + Anda Curry + Bharli Vangi,850,50,90,32,10,High,Medium,High,Eggs,"Indrayani Rice, Eggs, Eggplant",Non-Vegetarian,,Thick peanut gravy for eggplant and eggs.,Rest,
555,Maharashtra,Bulking,Dinner,Indrayani Rice + Anda Curry + Bharli Vangi (With Onion-Coriander),850,50,90,32,10,High,Medium,High,Eggs,"Indrayani Rice, Eggs, Eggplant",Non-Vegetarian,,Thick gravy.,Rest,
556,Maharashtra,Bulking,Dinner,"Mutton Rassa + Chapati (High Protein, with Prawns, Variant 1)",593,34,63,18,7,High,High,High,,"mutton, onion, garlic, red chilli, spices",Non-Vegetarian,Mutton,Add an extra protein side and keep the dish hearty enough to support muscle gain.,40 min weight training,Portion control advised.
557,Maharashtra,Bulking,Dinner,"Mutton Sukka + Bhakri (High Protein, with Prawns, Variant 1)",590,34,65,19,7,High,High,High,,"mutton, coconut, onion, kolhapuri masala",Non-Vegetarian,Mutton,Add an extra protein side and keep the dish hearty enough to support muscle gain.,40 min weight training,Portion control advised.
558,Maharashtra,Bulking,Dinner,"Sali Boti + Pav (Power Bowl, with Mutton, Variant 1)",584,34,67,17,6,High,High,High,,"mutton, potato sticks, onion, spices",Non-Vegetarian,Seafood,Add an extra protein side and keep the dish hearty enough to support muscle gain.,40 min weight training,Portion control advised.
559,Maharashtra,Bulking,Dinner,"Saoji Chicken + Rice (With Sprouts, with Chicken, Variant 1)",584,35,65,18,7,High,High,High,Sesame,"chicken, saoji masala, onion, garlic, sesame",Non-Vegetarian,Chicken,Add an extra protein side and keep the dish hearty enough to support muscle gain.,40 min weight training,Portion control advised.
560,Maharashtra,Bulking,Dinner,"Surmai Curry + Rice (Hearty Portion, with Chicken, Variant 1)",587,34,67,18,7,High,High,High,Fish/Seafood,"surmai fish, coconut, kokum, onion, garlic",Non-Vegetarian,Fish,Add an extra protein side and keep the dish hearty enough to support muscle gain.,40 min weight training,Contains fish/seafood.
561,Maharashtra,Bulking,Dinner,"Amti Bhaat (With Sprouts, with Millets, Variant 1)",554,26,65,14,9,High,High,High,,"toor dal, rice, kokum, goda masala, coriander",Vegan,,Add an extra protein side and keep the dish hearty enough to support muscle gain.,40 min weight training,Portion control advised.
562,Maharashtra,Bulking,Dinner,"Bharli Vangi + Jowar Bhakri (High Protein, with Kokum, Variant 1)",551,28,67,14,7,High,High,High,"Peanuts, Sesame","brinjal, peanut, sesame, coconut, onion",Vegan,,Add an extra protein side and keep the dish hearty enough to support muscle gain.,40 min weight training,Contains peanuts.
563,Maharashtra,Bulking,Dinner,"Bhoplyachi Bhaji + Chapati (High Protein, with Kokum, Variant 1)",554,27,63,15,9,High,High,High,,"pumpkin, coconut, cumin, coriander",Vegan,,Add an extra protein side and keep the dish hearty enough to support muscle gain.,40 min weight training,Portion control advised.
564,Maharashtra,Bulking,Dinner,"Chawli Usal + Bhakri (Hearty Portion, with Millets, Variant 1)",551,28,66,15,7,High,High,High,,"cowpeas, onion, tomato, garlic, coriander",Vegan,,Add an extra protein side and keep the dish hearty enough to support muscle gain.,40 min weight training,Portion control advised.
565,Maharashtra,Bulking,Dinner,"Dodka Bhaji + Bhakri (Power Bowl, with Roasted Chana, Variant 1)",551,28,63,13,7,High,High,High,,"ridge gourd, onion, coconut, cumin",Vegan,,Add an extra protein side and keep the dish hearty enough to support muscle gain.,40 min weight training,Portion control advised.
566,Maharashtra,Bulking,Dinner,"Gawar Bhaji + Bhakri (With Sprouts, with Millets, Variant 1)",569,27,67,13,7,High,High,High,Peanuts,"cluster beans, onion, coconut, peanuts",Vegan,,Add an extra protein side and keep the dish hearty enough to support muscle gain.,40 min weight training,Contains peanuts.
567,Maharashtra,Bulking,Dinner,"Kala Chana Usal + Bhakri (Hearty Portion, with Millets, Variant 1)",569,28,64,14,7,High,High,High,,"kala chana, onion, tomato, coconut, coriander",Vegan,,Add an extra protein side and keep the dish hearty enough to support muscle gain.,40 min weight training,Portion control advised.
568,Maharashtra,Bulking,Dinner,"Koshimbir + Bhakri (Protein Focus, with Kokum, Variant 1)",560,28,67,14,8,High,High,High,"Peanuts, Dairy","cucumber, curd, coriander, peanuts",Vegan,,Add an extra protein side and keep the dish hearty enough to support muscle gain.,40 min weight training,Contains peanuts. Contains dairy.
569,Maharashtra,Bulking,Dinner,"Methi Patal Bhaji + Bhakri (High Protein, with Kokum, Variant 1)",554,26,66,14,8,High,High,High,,"fenugreek leaves, besan, onion, garlic",Vegan,,Add an extra protein side and keep the dish hearty enough to support muscle gain.,40 min weight training,Portion control advised.
570,Maharashtra,Bulking,Dinner,"Moong Usal + Chapati (With Extra Dal, with Roasted Chana, Variant 1)",560,26,64,15,7,High,High,High,,"moong beans, onion, tomato, curry leaves, coriander",Vegan,,Add an extra protein side and keep the dish hearty enough to support muscle gain.,40 min weight training,Portion control advised.
571,Maharashtra,Bulking,Dinner,"Pithla Bhakri (With Sprouts, with Millets, Variant 1)",554,27,65,13,7,High,High,High,Gluten,"besan, onion, garlic, jowar flour, green chilli",Vegan,,Add an extra protein side and keep the dish hearty enough to support muscle gain.,40 min weight training,Contains gluten.
572,Maharashtra,Bulking,Dinner,"Solkadhi + Rice (Power Bowl, with Roasted Chana, Variant 1)",554,28,65,14,9,High,High,High,Dairy,"kokum, coconut milk, garlic, coriander",Vegan,,Add an extra protein side and keep the dish hearty enough to support muscle gain.,40 min weight training,Contains dairy.
573,Maharashtra,Bulking,Dinner,"Sprouted Matki Usal + Jowar Bhakri (With Extra Dal, with Roasted Chana, Variant 1)",557,28,66,15,8,High,High,High,,"sprouted matki, onion, tomato, coriander, cumin, matki, garlic",Vegan,,Add an extra protein side and keep the dish hearty enough to support muscle gain.,40 min weight training,Portion control advised.
574,Maharashtra,Bulking,Dinner,"Vangyache Bharit + Bhakri (With Extra Dal, with Roasted Chana, Variant 1)",560,28,67,14,7,High,High,High,"Peanuts, Sesame","roasted brinjal, peanut, sesame, onion, coriander",Vegan,,Add an extra protein side and keep the dish hearty enough to support muscle gain.,40 min weight training,Contains peanuts.
575,Maharashtra,Bulking,Dinner,"Varan Bhaat (Power Bowl, with Roasted Chana, Variant 1)",569,27,66,15,9,High,High,High,Dairy,"toor dal, rice, turmeric, ghee, cumin",Vegan,,Add an extra protein side and keep the dish hearty enough to support muscle gain.,40 min weight training,Contains dairy.
576,Maharashtra,Bulking,Dinner,"Zunka Bhakri (Protein Focus, with Kokum, Variant 1)",554,28,65,13,9,High,High,High,Gluten,"besan, onion, garlic, coriander, jowar flour",Vegan,,Add an extra protein side and keep the dish hearty enough to support muscle gain.,40 min weight training,Contains gluten.
577,Maharashtra,Maintaining Balanced Diet,Breakfast,"Basundi (Home Style, with Jowar)",231,12,36,7,6,Medium,Medium,Medium,Dairy,"milk, sugar, cardamom, saffron, nuts",Vegetarian,,"Cook it in a home-style way with balanced portions of grain, protein, and vegetables.",30 min yoga or walk,Contains dairy.
578,Maharashtra,Maintaining Balanced Diet,Breakfast,"Batata Poha (Everyday Meal, with Seasonal Vegetables)",237,12,32,6,5,Medium,Medium,Medium,Peanuts,"poha, onion, mustard seeds, curry leaves, green chilli, lemon, peanuts",Vegetarian,,"Cook it in a home-style way with balanced portions of grain, protein, and vegetables.",30 min yoga or walk,Contains peanuts.
579,Maharashtra,Maintaining Balanced Diet,Breakfast,"Chivda (With Seasonal Veg, with Moong)",243,10,33,8,6,Medium,Medium,Medium,Peanuts,"flattened rice, peanuts, curry leaves, mustard seeds, spices",Vegetarian,,"Cook it in a home-style way with balanced portions of grain, protein, and vegetables.",30 min yoga or walk,Contains peanuts.
580,Maharashtra,Maintaining Balanced Diet,Breakfast,Dadpe Pohe,400,15,60,11,8,Medium,Medium,Low,Peanuts,"Flattened Rice, Coconut, Onion",Vegetarian,,Raw flattened rice mixed with coconut and tempering.,30 mins jogging,
581,Maharashtra,Maintaining Balanced Diet,Breakfast,Dadpe Pohe (With Coconut Chutney),400,15,60,11,8,Medium,Medium,Low,Peanuts,"Flattened Rice, Coconut",Vegetarian,,Raw mixing.,30 mins jogging,
582,Maharashtra,Maintaining Balanced Diet,Breakfast,"Ghavan (With Seasonal Veg, with Moong)",234,12,32,6,5,Medium,Medium,Medium,Gluten,"rice flour, fenugreek leaves or ragi, cumin, curry leaves",Vegetarian,,"Cook it in a home-style way with balanced portions of grain, protein, and vegetables.",30 min yoga or walk,Contains gluten.
583,Maharashtra,Maintaining Balanced Diet,Breakfast,"Karanji (Traditional Style, with Moong)",237,11,34,7,6,Medium,Medium,Medium,Gluten,"maida, coconut, jaggery, dry fruits",Vegetarian,,"Cook it in a home-style way with balanced portions of grain, protein, and vegetables.",30 min yoga or walk,Contains gluten.
584,Maharashtra,Maintaining Balanced Diet,Breakfast,"Ragi Ghavan (Home Style, with Jowar)",243,10,35,6,5,Medium,Medium,Medium,Gluten,"rice flour, fenugreek leaves or ragi, cumin, curry leaves",Vegetarian,,"Cook it in a home-style way with balanced portions of grain, protein, and vegetables.",30 min yoga or walk,Contains gluten.
585,Maharashtra,Maintaining Balanced Diet,Breakfast,Sabudana Khichdi (Moderate),400,15,60,11,8,High,Medium,Medium,Peanuts,"Tapioca Pearls, Peanuts, Potato",Vegetarian,,Use minimal ghee and potato.,30 mins jogging,
586,Maharashtra,Maintaining Balanced Diet,Breakfast,"Sabudana Khichdi (Moderate, With Matki)",400,15,60,11,8,High,Medium,Medium,Peanuts,"Tapioca Pearls, Peanuts",Vegetarian,,Moderate ghee.,30 mins jogging,
587,Maharashtra,Maintaining Balanced Diet,Breakfast,"Sabudana Khichdi (With Curry Leaves, with Seasonal Vegetables)",246,11,34,7,7,Medium,Medium,Medium,Peanuts,"sabudana, peanuts, potato, cumin, curry leaves",Vegetarian,,"Cook it in a home-style way with balanced portions of grain, protein, and vegetables.",30 min yoga or walk,Contains peanuts.
588,Maharashtra,Maintaining Balanced Diet,Breakfast,"Sabudana Vada (With Curry Leaves, with Seasonal Vegetables)",249,11,33,7,7,Medium,Medium,Medium,Peanuts,"sabudana, peanut, potato, green chilli, coriander",Vegetarian,,"Cook it in a home-style way with balanced portions of grain, protein, and vegetables.",30 min yoga or walk,Contains peanuts.
589,Maharashtra,Maintaining Balanced Diet,Breakfast,"Shrikhand (Balanced Plate, with Jowar)",249,11,32,6,6,Medium,Medium,Medium,Dairy,"curd, sugar, cardamom, saffron, nuts",Vegetarian,,"Cook it in a home-style way with balanced portions of grain, protein, and vegetables.",30 min yoga or walk,Contains dairy.
590,Maharashtra,Maintaining Balanced Diet,Breakfast,"Sprouted Matki Usal (Everyday Meal, with Seasonal Vegetables)",231,12,36,7,6,Medium,Medium,Medium,,"sprouted matki, onion, tomato, coriander, cumin, matki, garlic",Vegetarian,,"Cook it in a home-style way with balanced portions of grain, protein, and vegetables.",30 min yoga or walk,Portion control advised.
591,Maharashtra,Maintaining Balanced Diet,Breakfast,"Thalipeeth (Traditional Style, with Moong)",231,10,34,7,6,Medium,Medium,Medium,"Gluten, Sesame","jowar flour, bajra flour, rice flour, onion, coriander, sesame",Vegetarian,,"Cook it in a home-style way with balanced portions of grain, protein, and vegetables.",30 min yoga or walk,Contains gluten.
592,Maharashtra,Maintaining Balanced Diet,Breakfast,"Ukadiche Modak (Balanced Plate, with Jowar)",234,12,33,7,6,Medium,Medium,Medium,Gluten,"rice flour, coconut, jaggery, cardamom",Vegetarian,,"Cook it in a home-style way with balanced portions of grain, protein, and vegetables.",30 min yoga or walk,Contains gluten.
593,Maharashtra,Maintaining Balanced Diet,Breakfast,"Anda Bhakri (With Seasonal Veg, with Egg)",251,16,33,10,5,Medium,Medium,Medium,,local regional ingredients,Non-Vegetarian,,"Cook it in a home-style way with balanced portions of grain, protein, and vegetables.",30 min yoga or walk,Portion control advised.
594,Maharashtra,Maintaining Balanced Diet,Breakfast,"Anda Bhurji (With Curry Leaves, with Lean Gravy)",254,17,33,10,6,Medium,Medium,Medium,Egg,"eggs, onion, tomato, green chilli, coriander",Non-Vegetarian,,"Cook it in a home-style way with balanced portions of grain, protein, and vegetables.",30 min yoga or walk,Contains egg.
595,Maharashtra,Maintaining Balanced Diet,Breakfast,"Anda Bhurji (With Seasonal Veg, with Egg)",260,17,32,10,6,Medium,Medium,Medium,Egg,"eggs, onion, tomato, green chilli, coriander",Non-Vegetarian,,"Cook it in a home-style way with balanced portions of grain, protein, and vegetables.",30 min yoga or walk,Contains egg.
596,Maharashtra,Maintaining Balanced Diet,Breakfast,"Anda Curry + Chapati (Balanced Plate, with Fish)",263,18,34,10,6,Medium,Medium,Medium,Egg,"eggs, onion, tomato, ginger, garlic",Non-Vegetarian,,"Cook it in a home-style way with balanced portions of grain, protein, and vegetables.",30 min yoga or walk,Contains egg.
597,Maharashtra,Maintaining Balanced Diet,Breakfast,"Bombil Fry (With Curry Leaves, with Lean Gravy)",254,18,35,11,7,Medium,Medium,Medium,Fish/Seafood,"bombil, semolina, turmeric, chilli",Non-Vegetarian,Fish,"Cook it in a home-style way with balanced portions of grain, protein, and vegetables.",30 min yoga or walk,Contains fish/seafood.
598,Maharashtra,Maintaining Balanced Diet,Breakfast,"Chicken Bhurji + Pav (Balanced Plate, with Fish)",266,18,34,9,5,Medium,Medium,Medium,,local regional ingredients,Non-Vegetarian,Chicken,"Cook it in a home-style way with balanced portions of grain, protein, and vegetables.",30 min yoga or walk,Portion control advised.
599,Maharashtra,Maintaining Balanced Diet,Breakfast,"Chicken Bhurji + Pav (Traditional Style, with Egg)",257,18,34,11,7,Medium,Medium,Medium,,local regional ingredients,Non-Vegetarian,Chicken,"Cook it in a home-style way with balanced portions of grain, protein, and vegetables.",30 min yoga or walk,Portion control advised.
600,Maharashtra,Maintaining Balanced Diet,Breakfast,"Chicken Kheema Pav (Balanced Plate, with Fish)",263,17,33,11,6,Medium,Medium,Medium,,"chicken mince, onion, ginger, garlic, spices",Non-Vegetarian,Chicken,"Cook it in a home-style way with balanced portions of grain, protein, and vegetables.",30 min yoga or walk,Portion control advised.
601,Maharashtra,Maintaining Balanced Diet,Breakfast,"Chicken Kheema Pav (With Curry Leaves, with Lean Gravy)",260,16,33,9,5,Medium,Medium,Medium,,"chicken mince, onion, ginger, garlic, spices",Non-Vegetarian,Chicken,"Cook it in a home-style way with balanced portions of grain, protein, and vegetables.",30 min yoga or walk,Portion control advised.
602,Maharashtra,Maintaining Balanced Diet,Breakfast,"Egg Omelette + Bhakri (Everyday Meal, with Lean Gravy)",260,16,33,11,5,Medium,Medium,Medium,Egg,"eggs, onion, coriander, green chilli",Non-Vegetarian,,"Cook it in a home-style way with balanced portions of grain, protein, and vegetables.",30 min yoga or walk,Contains egg.
603,Maharashtra,Maintaining Balanced Diet,Breakfast,"Egg Poha (Everyday Meal, with Lean Gravy)",251,16,34,9,5,Medium,Medium,Medium,"Peanuts, Egg","eggs, poha, onion, curry leaves, peanuts",Non-Vegetarian,,"Cook it in a home-style way with balanced portions of grain, protein, and vegetables.",30 min yoga or walk,Contains peanuts. Contains egg.
604,Maharashtra,Maintaining Balanced Diet,Breakfast,"Fish Fry (Home Style, with Fish)",269,18,32,11,7,Medium,Medium,Medium,"Gluten, Fish/Seafood","fish, turmeric, red chilli, rice flour",Non-Vegetarian,Fish,"Cook it in a home-style way with balanced portions of grain, protein, and vegetables.",30 min yoga or walk,Contains gluten. Contains fish/seafood.
605,Maharashtra,Maintaining Balanced Diet,Breakfast,Kanda Poha,400,15,60,11,8,Medium,Medium,Low,Peanuts,"Flattened Rice, Onion, Peanuts",Non-Vegetarian,,Cook with minimal oil and turmeric.,30 mins jogging,
606,Maharashtra,Maintaining Balanced Diet,Breakfast,"Mutton Kheema Pav (Home Style, with Fish)",257,16,34,11,5,Medium,Medium,Medium,,local regional ingredients,Non-Vegetarian,Mutton,"Cook it in a home-style way with balanced portions of grain, protein, and vegetables.",30 min yoga or walk,Portion control advised.
607,Maharashtra,Maintaining Balanced Diet,Breakfast,"Mutton Kheema Pav (With Seasonal Veg, with Egg)",263,16,35,11,6,Medium,Medium,Medium,,local regional ingredients,Non-Vegetarian,Mutton,"Cook it in a home-style way with balanced portions of grain, protein, and vegetables.",30 min yoga or walk,Portion control advised.
608,Maharashtra,Maintaining Balanced Diet,Breakfast,"Varhadi Chicken + Pav (Traditional Style, with Egg)",263,16,34,9,5,Medium,Medium,Medium,,"chicken, goda masala, onion, garlic, ginger",Non-Vegetarian,Chicken,"Cook it in a home-style way with balanced portions of grain, protein, and vegetables.",30 min yoga or walk,Portion control advised.
609,Maharashtra,Maintaining Balanced Diet,Breakfast,"Batata Poha (With Curry Leaves, with Jowar)",227,10,35,7,7,Medium,Medium,Medium,Peanuts,"poha, onion, mustard seeds, curry leaves, green chilli, lemon, peanuts",Vegan,,"Cook it in a home-style way with balanced portions of grain, protein, and vegetables.",30 min yoga or walk,Contains peanuts.
610,Maharashtra,Maintaining Balanced Diet,Breakfast,"Chivda (With Curry Leaves, with Jowar)",239,9,35,6,7,Medium,Medium,Medium,Peanuts,"flattened rice, peanuts, curry leaves, mustard seeds, spices",Vegan,,"Cook it in a home-style way with balanced portions of grain, protein, and vegetables.",30 min yoga or walk,Contains peanuts.
611,Maharashtra,Maintaining Balanced Diet,Breakfast,"Dadpe Pohe (Balanced Plate, with Leafy Greens)",224,11,35,7,7,Medium,Medium,Medium,Peanuts,"poha, onion, mustard seeds, curry leaves, green chilli, lemon, peanuts",Vegan,,"Cook it in a home-style way with balanced portions of grain, protein, and vegetables.",30 min yoga or walk,Contains peanuts.
612,Maharashtra,Maintaining Balanced Diet,Breakfast,"Ghavan (Home Style, with Leafy Greens)",239,11,34,7,7,Medium,Medium,Medium,Gluten,"rice flour, fenugreek leaves or ragi, cumin, curry leaves",Vegan,,"Cook it in a home-style way with balanced portions of grain, protein, and vegetables.",30 min yoga or walk,Contains gluten.
613,Maharashtra,Maintaining Balanced Diet,Breakfast,Ghavan with Chutney,400,15,60,11,8,High,Medium,Low,,"Rice Flour, Coconut",Vegan,,Cook ghavan with moderate oil.,30 mins jogging,
614,Maharashtra,Maintaining Balanced Diet,Breakfast,"Kanda Poha (Home Style, with Leafy Greens)",227,11,35,6,7,Medium,Medium,Medium,Peanuts,"poha, onion, mustard seeds, curry leaves, green chilli, lemon, peanuts",Vegan,,"Cook it in a home-style way with balanced portions of grain, protein, and vegetables.",30 min yoga or walk,Contains peanuts.
615,Maharashtra,Maintaining Balanced Diet,Breakfast,"Methi Ghavan (With Seasonal Veg, with Sesame)",224,11,32,6,8,Medium,Medium,Medium,Gluten,"rice flour, fenugreek leaves or ragi, cumin, curry leaves",Vegan,,"Cook it in a home-style way with balanced portions of grain, protein, and vegetables.",30 min yoga or walk,Contains gluten.
616,Maharashtra,Maintaining Balanced Diet,Breakfast,"Misal Pav (Everyday Meal, with Jowar)",239,11,36,7,9,Medium,Medium,Medium,Gluten,"moth beans, onion, tomato, farsan, pav, spices",Vegan,,"Cook it in a home-style way with balanced portions of grain, protein, and vegetables.",30 min yoga or walk,Contains gluten.
617,Maharashtra,Maintaining Balanced Diet,Breakfast,"Panki (With Seasonal Veg, with Sesame)",239,9,36,5,7,Medium,Medium,Medium,Gluten,"rice flour, coconut, coriander, banana leaf",Vegan,,"Cook it in a home-style way with balanced portions of grain, protein, and vegetables.",30 min yoga or walk,Contains gluten.
618,Maharashtra,Maintaining Balanced Diet,Breakfast,"Ragi Ghavan (Balanced Plate, with Leafy Greens)",221,10,35,6,7,Medium,Medium,Medium,Gluten,"rice flour, fenugreek leaves or ragi, cumin, curry leaves",Vegan,,"Cook it in a home-style way with balanced portions of grain, protein, and vegetables.",30 min yoga or walk,Contains gluten.
619,Maharashtra,Maintaining Balanced Diet,Breakfast,"Ragi Ghavan (With Curry Leaves, with Jowar)",233,11,32,6,8,Medium,Medium,Medium,Gluten,"rice flour, fenugreek leaves or ragi, cumin, curry leaves",Vegan,,"Cook it in a home-style way with balanced portions of grain, protein, and vegetables.",30 min yoga or walk,Contains gluten.
620,Maharashtra,Maintaining Balanced Diet,Breakfast,"Roasted Chana (Balanced Plate, with Leafy Greens)",230,9,33,6,8,Medium,Medium,Medium,,"roasted chana, curry leaves, black pepper, cumin",Vegan,,"Cook it in a home-style way with balanced portions of grain, protein, and vegetables.",30 min yoga or walk,Portion control advised.
621,Maharashtra,Maintaining Balanced Diet,Breakfast,"Sabudana Khichdi (Everyday Meal, with Jowar)",233,9,34,5,7,Medium,Medium,Medium,Peanuts,"sabudana, peanuts, potato, cumin, curry leaves",Vegan,,"Cook it in a home-style way with balanced portions of grain, protein, and vegetables.",30 min yoga or walk,Contains peanuts.
622,Maharashtra,Maintaining Balanced Diet,Breakfast,"Sprouted Matki Usal (Traditional Style, with Sesame)",230,10,33,6,7,Medium,Medium,Medium,,"sprouted matki, onion, tomato, coriander, cumin, matki, garlic",Vegan,,"Cook it in a home-style way with balanced portions of grain, protein, and vegetables.",30 min yoga or walk,Portion control advised.
623,Maharashtra,Maintaining Balanced Diet,Breakfast,Thalipeeth,400,15,60,11,8,Medium,Medium,Low,,Multigrain Flour,Vegan,,Moderate oil.,30 mins jogging,
624,Maharashtra,Maintaining Balanced Diet,Breakfast,"Thalipeeth (Traditional Style, with Sesame)",230,11,33,6,8,Medium,Medium,Medium,"Gluten, Sesame","jowar flour, bajra flour, rice flour, onion, coriander, sesame",Vegan,,"Cook it in a home-style way with balanced portions of grain, protein, and vegetables.",30 min yoga or walk,Contains gluten.
625,Maharashtra,Maintaining Balanced Diet,Lunch,"Alu Wadi + Bhaat (Balanced Plate, with Peanuts)",406,17,54,11,8,Medium,Medium,Medium,"Peanuts, Sesame","colocasia leaves, besan, sesame, peanut",Vegetarian,,"Cook it in a home-style way with balanced portions of grain, protein, and vegetables.",30 min brisk walk,Contains peanuts.
626,Maharashtra,Maintaining Balanced Diet,Lunch,"Basundi (Traditional Style, with Thecha, Variant 3)",409,19,51,10,9,Medium,Medium,Medium,Dairy,"milk, sugar, cardamom, saffron, nuts",Vegetarian,,"Cook it in a home-style way with balanced portions of grain, protein, and vegetables.",30 min brisk walk,Contains dairy.
627,Maharashtra,Maintaining Balanced Diet,Lunch,"Bhendi Bhaji + Bhakri (With Seasonal Veg, with Thecha)",406,18,53,11,9,Medium,Medium,Medium,,"okra, onion, mustard seeds, coconut",Vegetarian,,"Cook it in a home-style way with balanced portions of grain, protein, and vegetables.",30 min brisk walk,Portion control advised.
628,Maharashtra,Maintaining Balanced Diet,Lunch,"Bhendi Bhaji + Chapati (With Curry Leaves, with Matki)",409,19,51,12,9,Medium,Medium,Medium,,"okra, onion, mustard seeds, coconut",Vegetarian,,"Cook it in a home-style way with balanced portions of grain, protein, and vegetables.",30 min brisk walk,Portion control advised.
629,Maharashtra,Maintaining Balanced Diet,Lunch,"Bhoplyachi Bhaji + Chapati (Everyday Meal, with Matki)",400,18,53,12,7,Medium,Medium,Medium,,"pumpkin, coconut, cumin, coriander",Vegetarian,,"Cook it in a home-style way with balanced portions of grain, protein, and vegetables.",30 min brisk walk,Portion control advised.
630,Maharashtra,Maintaining Balanced Diet,Lunch,"Kokum Saar + Rice (Balanced Plate, with Peanuts)",409,19,51,12,7,Medium,Medium,Medium,,"kokum, cumin, jaggery, coriander",Vegetarian,,"Cook it in a home-style way with balanced portions of grain, protein, and vegetables.",30 min brisk walk,Portion control advised.
631,Maharashtra,Maintaining Balanced Diet,Lunch,"Masale Bhaat (Balanced Plate, with Peanuts)",403,18,54,10,7,Medium,Medium,Medium,Peanuts,"rice, mixed vegetables, goda masala, peanuts",Vegetarian,,"Cook it in a home-style way with balanced portions of grain, protein, and vegetables.",30 min brisk walk,Contains peanuts.
632,Maharashtra,Maintaining Balanced Diet,Lunch,"Matki Usal + Jowar Bhakri (With Curry Leaves, with Matki)",403,17,50,10,7,Medium,Medium,Medium,,"matki, onion, tomato, garlic, coriander",Vegetarian,,"Cook it in a home-style way with balanced portions of grain, protein, and vegetables.",30 min brisk walk,Portion control advised.
633,Maharashtra,Maintaining Balanced Diet,Lunch,"Moong Usal + Chapati (With Seasonal Veg, with Thecha)",406,19,51,11,7,Medium,Medium,Medium,,"moong beans, onion, tomato, curry leaves, coriander",Vegetarian,,"Cook it in a home-style way with balanced portions of grain, protein, and vegetables.",30 min brisk walk,Portion control advised.
634,Maharashtra,Maintaining Balanced Diet,Lunch,"Pithla Bhakri (Home Style, with Peanuts)",409,19,52,10,8,Medium,Medium,Medium,Gluten,"besan, onion, garlic, jowar flour, green chilli",Vegetarian,,"Cook it in a home-style way with balanced portions of grain, protein, and vegetables.",30 min brisk walk,Contains gluten.
635,Maharashtra,Maintaining Balanced Diet,Lunch,"Pithla Bhakri + Thecha (Home Style, with Peanuts)",403,19,54,11,9,Medium,Medium,Medium,Gluten,"besan, onion, garlic, jowar flour, green chilli",Vegetarian,,"Cook it in a home-style way with balanced portions of grain, protein, and vegetables.",30 min brisk walk,Contains gluten.
636,Maharashtra,Maintaining Balanced Diet,Lunch,"Puran Poli (Home Style, with Peanuts)",409,19,53,10,8,Medium,Medium,Medium,"Gluten, Dairy","chana dal, jaggery, wheat flour, cardamom, ghee",Vegetarian,,"Cook it in a home-style way with balanced portions of grain, protein, and vegetables.",30 min brisk walk,Contains gluten. Contains dairy.
637,Maharashtra,Maintaining Balanced Diet,Lunch,"Shrikhand + Puri (Everyday Meal, with Matki)",409,19,53,11,7,Medium,Medium,Medium,Dairy,"curd, sugar, cardamom, saffron, nuts",Vegetarian,,"Cook it in a home-style way with balanced portions of grain, protein, and vegetables.",30 min brisk walk,Contains dairy.
638,Maharashtra,Maintaining Balanced Diet,Lunch,"Solkadhi + Rice (Traditional Style, with Thecha)",397,18,52,12,9,Medium,Medium,Medium,Dairy,"kokum, coconut milk, garlic, coriander",Vegetarian,,"Cook it in a home-style way with balanced portions of grain, protein, and vegetables.",30 min brisk walk,Contains dairy.
639,Maharashtra,Maintaining Balanced Diet,Lunch,"Tondli Bhaji + Bhakri (Traditional Style, with Thecha)",406,17,54,11,9,Medium,Medium,Medium,Peanuts,"ivy gourd, peanuts, coconut, mustard seeds",Vegetarian,,"Cook it in a home-style way with balanced portions of grain, protein, and vegetables.",30 min brisk walk,Contains peanuts.
640,Maharashtra,Maintaining Balanced Diet,Lunch,"Vangyache Bharit + Bhakri (Everyday Meal, with Matki)",397,18,54,10,7,Medium,Medium,Medium,"Peanuts, Sesame","roasted brinjal, peanut, sesame, onion, coriander",Vegetarian,,"Cook it in a home-style way with balanced portions of grain, protein, and vegetables.",30 min brisk walk,Contains peanuts.
641,Maharashtra,Maintaining Balanced Diet,Lunch,"Anda Curry + Chapati (Home Style, with Prawns)",417,24,51,13,7,Medium,Medium,Medium,Egg,"eggs, onion, tomato, ginger, garlic",Non-Vegetarian,,"Cook it in a home-style way with balanced portions of grain, protein, and vegetables.",30 min brisk walk,Contains egg.
642,Maharashtra,Maintaining Balanced Diet,Lunch,"Anda Curry + Chapati (Traditional Style, with Chicken)",411,23,54,13,8,Medium,Medium,Medium,Egg,"eggs, onion, tomato, ginger, garlic",Non-Vegetarian,,"Cook it in a home-style way with balanced portions of grain, protein, and vegetables.",30 min brisk walk,Contains egg.
643,Maharashtra,Maintaining Balanced Diet,Lunch,"Anda Curry + Chapati (Traditional Style, with Chicken, Variant 1)",426,23,51,15,9,Medium,Medium,Medium,Egg,"eggs, onion, tomato, ginger, garlic",Non-Vegetarian,,"Cook it in a home-style way with balanced portions of grain, protein, and vegetables.",30 min brisk walk,Contains egg.
644,Maharashtra,Maintaining Balanced Diet,Lunch,"Anda Curry + Chapati (With Curry Leaves, with Mutton)",417,25,50,15,9,Medium,Medium,Medium,Egg,"eggs, onion, tomato, ginger, garlic",Non-Vegetarian,,"Cook it in a home-style way with balanced portions of grain, protein, and vegetables.",30 min brisk walk,Contains egg.
645,Maharashtra,Maintaining Balanced Diet,Lunch,Chapati + Varan Bhaat + Bhendi Bhaji,600,25,85,17,10,Medium,Medium,Medium,,Standard balanced thali preparation.,Non-Vegetarian,,,,
646,Maharashtra,Maintaining Balanced Diet,Lunch,"Chicken Rassa + Bhakri (Balanced Plate, with Prawns)",429,24,50,14,9,Medium,Medium,Medium,,"chicken, onion, garlic, red chilli, spices",Non-Vegetarian,Chicken,"Cook it in a home-style way with balanced portions of grain, protein, and vegetables.",30 min brisk walk,Portion control advised.
647,Maharashtra,Maintaining Balanced Diet,Lunch,"Chicken Rassa + Bhakri (Everyday Meal, with Mutton)",417,23,50,14,9,Medium,Medium,Medium,,"chicken, onion, garlic, red chilli, spices",Non-Vegetarian,Chicken,"Cook it in a home-style way with balanced portions of grain, protein, and vegetables.",30 min brisk walk,Portion control advised.
648,Maharashtra,Maintaining Balanced Diet,Lunch,"Chicken Rassa + Bhakri (Everyday Meal, with Mutton, Variant 1)",429,24,50,14,8,Medium,Medium,Medium,,"chicken, onion, garlic, red chilli, spices",Non-Vegetarian,Chicken,"Cook it in a home-style way with balanced portions of grain, protein, and vegetables.",30 min brisk walk,Portion control advised.
649,Maharashtra,Maintaining Balanced Diet,Lunch,"Chicken Rassa + Bhakri (With Seasonal Veg, with Chicken)",429,24,52,13,7,Medium,Medium,Medium,,"chicken, onion, garlic, red chilli, spices",Non-Vegetarian,Chicken,"Cook it in a home-style way with balanced portions of grain, protein, and vegetables.",30 min brisk walk,Portion control advised.
650,Maharashtra,Maintaining Balanced Diet,Lunch,"Mutton Sukka + Bhakri (Home Style, with Prawns)",429,23,50,14,8,Medium,Medium,Medium,,"mutton, coconut, onion, kolhapuri masala",Non-Vegetarian,Mutton,"Cook it in a home-style way with balanced portions of grain, protein, and vegetables.",30 min brisk walk,Portion control advised.
651,Maharashtra,Maintaining Balanced Diet,Lunch,"Mutton Sukka + Bhakri (Traditional Style, with Chicken)",423,25,51,15,9,Medium,Medium,Medium,,"mutton, coconut, onion, kolhapuri masala",Non-Vegetarian,Mutton,"Cook it in a home-style way with balanced portions of grain, protein, and vegetables.",30 min brisk walk,Portion control advised.
652,Maharashtra,Maintaining Balanced Diet,Lunch,"Mutton Sukka + Bhakri (With Curry Leaves, with Mutton)",417,23,51,14,8,Medium,Medium,Medium,,"mutton, coconut, onion, kolhapuri masala",Non-Vegetarian,Mutton,"Cook it in a home-style way with balanced portions of grain, protein, and vegetables.",30 min brisk walk,Portion control advised.
653,Maharashtra,Maintaining Balanced Diet,Lunch,"Prawns Curry + Rice (Balanced Plate, with Prawns)",414,24,54,14,8,Medium,Medium,Medium,Fish/Seafood,"prawns, coconut, kokum, onion, garlic",Non-Vegetarian,Seafood,"Cook it in a home-style way with balanced portions of grain, protein, and vegetables.",30 min brisk walk,Contains fish/seafood.
654,Maharashtra,Maintaining Balanced Diet,Lunch,"Prawns Curry + Rice (Everyday Meal, with Mutton)",423,25,51,14,8,Medium,Medium,Medium,Fish/Seafood,"prawns, coconut, kokum, onion, garlic",Non-Vegetarian,Seafood,"Cook it in a home-style way with balanced portions of grain, protein, and vegetables.",30 min brisk walk,Contains fish/seafood.
655,Maharashtra,Maintaining Balanced Diet,Lunch,"Prawns Curry + Rice (With Seasonal Veg, with Chicken)",429,25,54,13,8,Medium,Medium,Medium,Fish/Seafood,"prawns, coconut, kokum, onion, garlic",Non-Vegetarian,Seafood,"Cook it in a home-style way with balanced portions of grain, protein, and vegetables.",30 min brisk walk,Contains fish/seafood.
656,Maharashtra,Maintaining Balanced Diet,Lunch,Rice + Amti + Gawar Chi Bhaji,600,25,85,17,10,Medium,Medium,Medium,,Standard Maharashtrian balanced meal.,Non-Vegetarian,,,,
657,Maharashtra,Maintaining Balanced Diet,Lunch,"Amti Bhaat (With Seasonal Veg, with Millets)",390,17,50,11,9,Medium,Medium,Medium,,"toor dal, rice, kokum, goda masala, coriander",Vegan,,"Cook it in a home-style way with balanced portions of grain, protein, and vegetables.",30 min brisk walk,Portion control advised.
658,Maharashtra,Maintaining Balanced Diet,Lunch,"Bharli Vangi + Jowar Bhakri (Home Style, with Kokum)",381,16,53,9,11,Medium,Medium,Medium,"Peanuts, Sesame","brinjal, peanut, sesame, coconut, onion",Vegan,,"Cook it in a home-style way with balanced portions of grain, protein, and vegetables.",30 min brisk walk,Contains peanuts.
659,Maharashtra,Maintaining Balanced Diet,Lunch,"Bhoplyachi Bhaji + Chapati (Home Style, with Kokum)",381,18,50,10,11,Medium,Medium,Medium,,"pumpkin, coconut, cumin, coriander",Vegan,,"Cook it in a home-style way with balanced portions of grain, protein, and vegetables.",30 min brisk walk,Portion control advised.
660,Maharashtra,Maintaining Balanced Diet,Lunch,Chapati + Matki Usal + Kobi,600,25,85,17,10,Medium,Medium,Medium,,Balanced sprouted bean curry.,Vegan,,,,
661,Maharashtra,Maintaining Balanced Diet,Lunch,Chapati + Varan + Kobi Bhaji,600,25,85,17,10,Medium,Medium,Medium,,Balanced.,Vegan,,,,
662,Maharashtra,Maintaining Balanced Diet,Lunch,"Chawli Usal + Bhakri (Traditional Style, with Millets, Variant 2)",387,18,52,11,9,Medium,Medium,Medium,,"cowpeas, onion, tomato, garlic, coriander",Vegan,,"Cook it in a home-style way with balanced portions of grain, protein, and vegetables.",30 min brisk walk,Portion control advised.
663,Maharashtra,Maintaining Balanced Diet,Lunch,"Gawar Bhaji + Bhakri (With Seasonal Veg, with Millets)",399,18,54,11,10,Medium,Medium,Medium,Peanuts,"cluster beans, onion, coconut, peanuts",Vegan,,"Cook it in a home-style way with balanced portions of grain, protein, and vegetables.",30 min brisk walk,Contains peanuts.
664,Maharashtra,Maintaining Balanced Diet,Lunch,"Koshimbir + Bhakri (Balanced Plate, with Kokum)",393,17,53,11,10,Medium,Medium,Medium,"Peanuts, Dairy","cucumber, curd, coriander, peanuts",Vegan,,"Cook it in a home-style way with balanced portions of grain, protein, and vegetables.",30 min brisk walk,Contains peanuts. Contains dairy.
665,Maharashtra,Maintaining Balanced Diet,Lunch,Rice + Amti + Flower Bhaji,600,25,85,17,10,Medium,Medium,Medium,,Boil cauliflower lightly.,Vegan,,,,
666,Maharashtra,Maintaining Balanced Diet,Lunch,Rice + Amti + Flower Bhaji (With Millet),600,25,85,17,10,Medium,Medium,Medium,,Balanced thali.,Vegan,,,,
667,Maharashtra,Maintaining Balanced Diet,Lunch,Rice + Amti + Flower Bhaji (With Peanut Chutney),600,25,85,17,10,Medium,Medium,Medium,,Balanced.,Vegan,,,,
668,Maharashtra,Maintaining Balanced Diet,Lunch,"Solkadhi + Rice (Everyday Meal, with Roasted Chana)",390,17,53,9,9,Medium,Medium,Medium,Dairy,"kokum, coconut milk, garlic, coriander",Vegan,,"Cook it in a home-style way with balanced portions of grain, protein, and vegetables.",30 min brisk walk,Contains dairy.
669,Maharashtra,Maintaining Balanced Diet,Lunch,"Sprouted Matki Usal + Jowar Bhakri (With Curry Leaves, with Roasted Chana)",390,16,52,11,10,Medium,Medium,Medium,,"sprouted matki, onion, tomato, coriander, cumin, matki, garlic",Vegan,,"Cook it in a home-style way with balanced portions of grain, protein, and vegetables.",30 min brisk walk,Portion control advised.
670,Maharashtra,Maintaining Balanced Diet,Lunch,"Vangyache Bharit + Bhakri (With Curry Leaves, with Roasted Chana)",387,17,54,11,10,Medium,Medium,Medium,"Peanuts, Sesame","roasted brinjal, peanut, sesame, onion, coriander",Vegan,,"Cook it in a home-style way with balanced portions of grain, protein, and vegetables.",30 min brisk walk,Contains peanuts.
671,Maharashtra,Maintaining Balanced Diet,Lunch,"Varan Bhaat (Everyday Meal, with Roasted Chana)",399,18,53,9,10,Medium,Medium,Medium,Dairy,"toor dal, rice, turmeric, ghee, cumin",Vegan,,"Cook it in a home-style way with balanced portions of grain, protein, and vegetables.",30 min brisk walk,Contains dairy.
672,Maharashtra,Maintaining Balanced Diet,Lunch,"Zunka Bhakri (Balanced Plate, with Kokum)",399,17,53,9,11,Medium,Medium,Medium,Gluten,"besan, onion, garlic, coriander, jowar flour",Vegan,,"Cook it in a home-style way with balanced portions of grain, protein, and vegetables.",30 min brisk walk,Contains gluten.
673,Maharashtra,Maintaining Balanced Diet,Snack,"Bhakarwadi (Everyday Meal, with Seasonal Vegetables)",184,8,22,6,4,Medium,Medium,Medium,"Gluten, Sesame","gram flour, wheat flour, sesame, fennel, spices",Vegetarian,,"Cook it in a home-style way with balanced portions of grain, protein, and vegetables.",20 min light walk,Contains gluten.
674,Maharashtra,Maintaining Balanced Diet,Snack,"Chivda (Balanced Plate, with Jowar)",187,9,22,7,6,Medium,Medium,Medium,Peanuts,"flattened rice, peanuts, curry leaves, mustard seeds, spices",Vegetarian,,"Cook it in a home-style way with balanced portions of grain, protein, and vegetables.",20 min light walk,Contains peanuts.
675,Maharashtra,Maintaining Balanced Diet,Snack,"Kharvas (Traditional Style, with Moong)",181,9,26,7,6,Medium,Medium,Medium,Dairy,"colostrum milk, cardamom, sugar",Vegetarian,,"Cook it in a home-style way with balanced portions of grain, protein, and vegetables.",20 min light walk,Contains dairy.
676,Maharashtra,Maintaining Balanced Diet,Snack,Kothimbir Vadi (Shallow Fried),200,8,30,5,4,Medium,Medium,Low,,"Gram Flour, Coriander, Oil",Vegetarian,,Shallow fry instead of deep fry.,General daily activity,
677,Maharashtra,Maintaining Balanced Diet,Snack,"Kothimbir Vadi (Shallow Fried, With Seasonal Veg)",200,8,30,5,4,Medium,Medium,Low,,"Gram Flour, Coriander",Vegetarian,,Shallow fry.,General daily activity,
678,Maharashtra,Maintaining Balanced Diet,Snack,"Kurmura Bhel (Home Style, with Jowar)",193,9,22,6,6,Medium,Medium,Medium,Peanuts,"puffed rice, onion, tomato, coriander, peanuts, tamarind",Vegetarian,,"Cook it in a home-style way with balanced portions of grain, protein, and vegetables.",20 min light walk,Contains peanuts.
679,Maharashtra,Maintaining Balanced Diet,Snack,"Misal Pav (With Curry Leaves, with Seasonal Vegetables)",199,10,23,5,4,Medium,Medium,Medium,Gluten,"moth beans, onion, tomato, farsan, pav, spices",Vegetarian,,"Cook it in a home-style way with balanced portions of grain, protein, and vegetables.",20 min light walk,Contains gluten.
680,Maharashtra,Maintaining Balanced Diet,Snack,"Puran Poli (Everyday Meal, with Seasonal Vegetables)",184,9,26,6,6,Medium,Medium,Medium,"Gluten, Dairy","chana dal, jaggery, wheat flour, cardamom, ghee",Vegetarian,,"Cook it in a home-style way with balanced portions of grain, protein, and vegetables.",20 min light walk,Contains gluten. Contains dairy.
681,Maharashtra,Maintaining Balanced Diet,Snack,"Sabudana Vada (With Curry Leaves, with Seasonal Vegetables, Variant 1)",190,8,26,5,5,Medium,Medium,Medium,Peanuts,"sabudana, peanut, potato, green chilli, coriander",Vegetarian,,"Cook it in a home-style way with balanced portions of grain, protein, and vegetables.",20 min light walk,Contains peanuts.
682,Maharashtra,Maintaining Balanced Diet,Snack,"Shankarpali (Balanced Plate, with Jowar)",184,8,23,6,4,Medium,Medium,Medium,,local regional ingredients,Vegetarian,,"Cook it in a home-style way with balanced portions of grain, protein, and vegetables.",20 min light walk,Portion control advised.
683,Maharashtra,Maintaining Balanced Diet,Snack,Shengdana Ladoo,200,8,30,5,4,Medium,Low,Medium,Peanuts,"Peanuts, Jaggery",Vegetarian,,Consume one small peanut jaggery ball.,General daily activity,
684,Maharashtra,Maintaining Balanced Diet,Snack,"Shrikhand (Home Style, with Jowar)",199,9,24,6,5,Medium,Medium,Medium,Dairy,"curd, sugar, cardamom, saffron, nuts",Vegetarian,,"Cook it in a home-style way with balanced portions of grain, protein, and vegetables.",20 min light walk,Contains dairy.
685,Maharashtra,Maintaining Balanced Diet,Snack,"Sprouted Moong Chaat (With Seasonal Veg, with Moong)",181,9,23,5,5,Medium,Medium,Medium,,"sprouted moong, onion, tomato, coriander, lemon",Vegetarian,,"Cook it in a home-style way with balanced portions of grain, protein, and vegetables.",20 min light walk,Portion control advised.
686,Maharashtra,Maintaining Balanced Diet,Snack,"Taak (Traditional Style, with Moong)",193,10,24,7,4,Medium,Medium,Medium,Dairy,"buttermilk, cumin, coriander, curry leaves",Vegetarian,,"Cook it in a home-style way with balanced portions of grain, protein, and vegetables.",20 min light walk,Contains dairy.
687,Maharashtra,Maintaining Balanced Diet,Snack,"Ukadiche Modak (With Seasonal Veg, with Moong)",196,9,25,7,4,Medium,Medium,Medium,Gluten,"rice flour, coconut, jaggery, cardamom",Vegetarian,,"Cook it in a home-style way with balanced portions of grain, protein, and vegetables.",20 min light walk,Contains gluten.
688,Maharashtra,Maintaining Balanced Diet,Snack,"Vada Pav (Home Style, with Jowar)",184,9,24,7,5,Medium,Medium,Medium,Gluten,"potato, besan, wheat pav, green chilli, garlic",Vegetarian,,"Cook it in a home-style way with balanced portions of grain, protein, and vegetables.",20 min light walk,Contains gluten.
689,Maharashtra,Maintaining Balanced Diet,Snack,"Anda Chaat (Home Style, with Fish)",204,14,23,10,5,Medium,Medium,Medium,Egg,"boiled eggs, onion, tomato, coriander, lemon",Non-Vegetarian,,"Cook it in a home-style way with balanced portions of grain, protein, and vegetables.",20 min light walk,Contains egg.
690,Maharashtra,Maintaining Balanced Diet,Snack,"Anda Chaat (With Seasonal Veg, with Egg)",207,15,26,9,5,Medium,Medium,Medium,Egg,"boiled eggs, onion, tomato, coriander, lemon",Non-Vegetarian,,"Cook it in a home-style way with balanced portions of grain, protein, and vegetables.",20 min light walk,Contains egg.
691,Maharashtra,Maintaining Balanced Diet,Snack,"Bombil Fry (Balanced Plate, with Fish)",210,15,23,9,4,Medium,Medium,Medium,Fish/Seafood,"bombil, semolina, turmeric, chilli",Non-Vegetarian,Fish,"Cook it in a home-style way with balanced portions of grain, protein, and vegetables.",20 min light walk,Contains fish/seafood.
692,Maharashtra,Maintaining Balanced Diet,Snack,"Bombil Fry (Everyday Meal, with Lean Gravy)",201,15,24,8,5,Medium,Medium,Medium,Fish/Seafood,"bombil, semolina, turmeric, chilli",Non-Vegetarian,Fish,"Cook it in a home-style way with balanced portions of grain, protein, and vegetables.",20 min light walk,Contains fish/seafood.
693,Maharashtra,Maintaining Balanced Diet,Snack,"Bombil Fry (Traditional Style, with Egg)",219,15,23,9,6,Medium,Medium,Medium,Fish/Seafood,"bombil, semolina, turmeric, chilli",Non-Vegetarian,Fish,"Cook it in a home-style way with balanced portions of grain, protein, and vegetables.",20 min light walk,Contains fish/seafood.
694,Maharashtra,Maintaining Balanced Diet,Snack,"Bombil Fry (Traditional Style, with Egg, Variant 1)",213,15,22,8,4,Medium,Medium,Medium,Fish/Seafood,"bombil, semolina, turmeric, chilli",Non-Vegetarian,Fish,"Cook it in a home-style way with balanced portions of grain, protein, and vegetables.",20 min light walk,Contains fish/seafood.
695,Maharashtra,Maintaining Balanced Diet,Snack,"Chicken Cutlet (Balanced Plate, with Fish)",207,15,24,9,4,Medium,Medium,Medium,,"chicken mince, potato, onion, bread crumbs",Non-Vegetarian,Chicken,"Cook it in a home-style way with balanced portions of grain, protein, and vegetables.",20 min light walk,Portion control advised.
696,Maharashtra,Maintaining Balanced Diet,Snack,"Chicken Cutlet (With Curry Leaves, with Lean Gravy)",207,15,22,8,4,Medium,Medium,Medium,,"chicken mince, potato, onion, bread crumbs",Non-Vegetarian,Chicken,"Cook it in a home-style way with balanced portions of grain, protein, and vegetables.",20 min light walk,Portion control advised.
697,Maharashtra,Maintaining Balanced Diet,Snack,"Chicken Kheema Pav (Traditional Style, with Egg)",219,16,22,10,6,Medium,Medium,Medium,,"chicken mince, onion, ginger, garlic, spices",Non-Vegetarian,Chicken,"Cook it in a home-style way with balanced portions of grain, protein, and vegetables.",20 min light walk,Portion control advised.
698,Maharashtra,Maintaining Balanced Diet,Snack,"Egg Bhurji Pav (Balanced Plate, with Fish)",204,15,25,9,4,Medium,Medium,Medium,,local regional ingredients,Non-Vegetarian,,"Cook it in a home-style way with balanced portions of grain, protein, and vegetables.",20 min light walk,Portion control advised.
699,Maharashtra,Maintaining Balanced Diet,Snack,"Egg Bhurji Pav (Everyday Meal, with Lean Gravy)",204,15,24,9,6,Medium,Medium,Medium,,local regional ingredients,Non-Vegetarian,,"Cook it in a home-style way with balanced portions of grain, protein, and vegetables.",20 min light walk,Portion control advised.
700,Maharashtra,Maintaining Balanced Diet,Snack,"Fish Fry (With Curry Leaves, with Lean Gravy)",210,14,26,8,5,Medium,Medium,Medium,"Gluten, Fish/Seafood","fish, turmeric, red chilli, rice flour",Non-Vegetarian,Fish,"Cook it in a home-style way with balanced portions of grain, protein, and vegetables.",20 min light walk,Contains gluten. Contains fish/seafood.
701,Maharashtra,Maintaining Balanced Diet,Snack,"Fish Fry (With Seasonal Veg, with Egg)",216,14,25,8,4,Medium,Medium,Medium,"Gluten, Fish/Seafood","fish, turmeric, red chilli, rice flour",Non-Vegetarian,Fish,"Cook it in a home-style way with balanced portions of grain, protein, and vegetables.",20 min light walk,Contains gluten. Contains fish/seafood.
702,Maharashtra,Maintaining Balanced Diet,Snack,"Fish Fry (With Seasonal Veg, with Egg, Variant 1)",207,14,23,9,5,Medium,Medium,Medium,"Gluten, Fish/Seafood","fish, turmeric, red chilli, rice flour",Non-Vegetarian,Fish,"Cook it in a home-style way with balanced portions of grain, protein, and vegetables.",20 min light walk,Contains gluten. Contains fish/seafood.
703,Maharashtra,Maintaining Balanced Diet,Snack,"Fish Koliwada (With Curry Leaves, with Lean Gravy)",201,15,22,8,4,Medium,Medium,Medium,"Gluten, Fish/Seafood","fish, gram flour, red chilli, curry leaves",Non-Vegetarian,Fish,"Cook it in a home-style way with balanced portions of grain, protein, and vegetables.",20 min light walk,Contains gluten. Contains fish/seafood.
704,Maharashtra,Maintaining Balanced Diet,Snack,"Mutton Keema Pav (Home Style, with Fish)",201,14,23,8,4,Medium,Medium,Medium,,local regional ingredients,Non-Vegetarian,Mutton,"Cook it in a home-style way with balanced portions of grain, protein, and vegetables.",20 min light walk,Portion control advised.
705,Maharashtra,Maintaining Balanced Diet,Snack,"Batata Vada (Home Style, with Leafy Greens)",186,9,25,4,6,Medium,Medium,Medium,,"potato, besan, curry leaves, green chilli",Vegan,,"Cook it in a home-style way with balanced portions of grain, protein, and vegetables.",20 min light walk,Portion control advised.
706,Maharashtra,Maintaining Balanced Diet,Snack,"Batata Vada (Home Style, with Leafy Greens, Variant 1)",171,7,23,4,8,Medium,Medium,Medium,,"potato, besan, curry leaves, green chilli",Vegan,,"Cook it in a home-style way with balanced portions of grain, protein, and vegetables.",20 min light walk,Portion control advised.
707,Maharashtra,Maintaining Balanced Diet,Snack,"Batata Vada (Traditional Style, with Sesame)",180,9,23,6,6,Medium,Medium,Medium,,"potato, besan, curry leaves, green chilli",Vegan,,"Cook it in a home-style way with balanced portions of grain, protein, and vegetables.",20 min light walk,Portion control advised.
708,Maharashtra,Maintaining Balanced Diet,Snack,"Batata Vada (Traditional Style, with Sesame, Variant 1)",180,9,26,4,6,Medium,Medium,Medium,,"potato, besan, curry leaves, green chilli",Vegan,,"Cook it in a home-style way with balanced portions of grain, protein, and vegetables.",20 min light walk,Portion control advised.
709,Maharashtra,Maintaining Balanced Diet,Snack,"Batata Vada (With Curry Leaves, with Jowar)",189,7,26,5,6,Medium,Medium,Medium,,"potato, besan, curry leaves, green chilli",Vegan,,"Cook it in a home-style way with balanced portions of grain, protein, and vegetables.",20 min light walk,Portion control advised.
710,Maharashtra,Maintaining Balanced Diet,Snack,"Batata Vada (With Curry Leaves, with Jowar, Variant 1)",180,7,26,6,7,Medium,Medium,Medium,,"potato, besan, curry leaves, green chilli",Vegan,,"Cook it in a home-style way with balanced portions of grain, protein, and vegetables.",20 min light walk,Portion control advised.
711,Maharashtra,Maintaining Balanced Diet,Snack,"Batata Vada (With Curry Leaves, with Jowar, Variant 2)",174,8,22,6,8,Medium,Medium,Medium,,"potato, besan, curry leaves, green chilli",Vegan,,"Cook it in a home-style way with balanced portions of grain, protein, and vegetables.",20 min light walk,Portion control advised.
712,Maharashtra,Maintaining Balanced Diet,Snack,"Bhakarwadi (Balanced Plate, with Leafy Greens)",186,8,25,5,7,Medium,Medium,Medium,"Gluten, Sesame","gram flour, wheat flour, sesame, fennel, spices",Vegan,,"Cook it in a home-style way with balanced portions of grain, protein, and vegetables.",20 min light walk,Contains gluten.
713,Maharashtra,Maintaining Balanced Diet,Snack,"Bhakarwadi (Balanced Plate, with Leafy Greens, Variant 1)",177,7,26,4,8,Medium,Medium,Medium,"Gluten, Sesame","gram flour, wheat flour, sesame, fennel, spices",Vegan,,"Cook it in a home-style way with balanced portions of grain, protein, and vegetables.",20 min light walk,Contains gluten.
714,Maharashtra,Maintaining Balanced Diet,Snack,"Bhakarwadi (Everyday Meal, with Jowar)",171,8,23,6,8,Medium,Medium,Medium,"Gluten, Sesame","gram flour, wheat flour, sesame, fennel, spices",Vegan,,"Cook it in a home-style way with balanced portions of grain, protein, and vegetables.",20 min light walk,Contains gluten.
715,Maharashtra,Maintaining Balanced Diet,Snack,"Bhakarwadi (Everyday Meal, with Jowar, Variant 1)",180,9,24,4,8,Medium,Medium,Medium,"Gluten, Sesame","gram flour, wheat flour, sesame, fennel, spices",Vegan,,"Cook it in a home-style way with balanced portions of grain, protein, and vegetables.",20 min light walk,Contains gluten.
716,Maharashtra,Maintaining Balanced Diet,Snack,"Bhakarwadi (With Seasonal Veg, with Sesame)",189,7,23,6,8,Medium,Medium,Medium,"Gluten, Sesame","gram flour, wheat flour, sesame, fennel, spices",Vegan,,"Cook it in a home-style way with balanced portions of grain, protein, and vegetables.",20 min light walk,Contains gluten.
717,Maharashtra,Maintaining Balanced Diet,Snack,"Bhakarwadi (With Seasonal Veg, with Sesame, Variant 1)",177,9,24,5,6,Medium,Medium,Medium,"Gluten, Sesame","gram flour, wheat flour, sesame, fennel, spices",Vegan,,"Cook it in a home-style way with balanced portions of grain, protein, and vegetables.",20 min light walk,Contains gluten.
718,Maharashtra,Maintaining Balanced Diet,Snack,Kurmura Bhel,200,8,30,5,4,Medium,Medium,Low,Peanuts,"Puffed Rice, Peanuts",Vegan,,Raw veggies.,General daily activity,
719,Maharashtra,Maintaining Balanced Diet,Snack,Kurmura Bhel (No Sweet Chutney),200,8,30,5,4,Medium,Medium,Low,Peanuts,"Puffed Rice, Peanuts, Onion",Vegan,,Mix puffed rice with raw veggies.,General daily activity,
720,Maharashtra,Maintaining Balanced Diet,Snack,Roasted Chivda with Peanuts,200,8,30,5,4,Medium,Medium,Medium,Peanuts,"Flattened Rice, Peanuts, Oil",Vegan,,Moderate portion of lightly oiled chivda.,General daily activity,
721,Maharashtra,Maintaining Balanced Diet,Dinner,"Aamti Bhaat + Ghee (Traditional Style, with Thecha)",383,16,47,11,8,Medium,Medium,Medium,,"toor dal, rice, kokum, goda masala, coriander",Vegetarian,,"Cook it in a home-style way with balanced portions of grain, protein, and vegetables.",25 min easy walk,Portion control advised.
722,Maharashtra,Maintaining Balanced Diet,Dinner,"Basundi (Traditional Style, with Thecha, Variant 4)",383,16,50,11,8,Medium,Medium,Medium,Dairy,"milk, sugar, cardamom, saffron, nuts",Vegetarian,,"Cook it in a home-style way with balanced portions of grain, protein, and vegetables.",25 min easy walk,Contains dairy.
723,Maharashtra,Maintaining Balanced Diet,Dinner,"Bhendi Bhaji + Chapati (With Curry Leaves, with Matki, Variant 1)",380,17,50,9,8,Medium,Medium,Medium,,"okra, onion, mustard seeds, coconut",Vegetarian,,"Cook it in a home-style way with balanced portions of grain, protein, and vegetables.",25 min easy walk,Portion control advised.
724,Maharashtra,Maintaining Balanced Diet,Dinner,"Dodka Bhaji + Bhakri (With Seasonal Veg, with Thecha)",374,16,50,10,7,Medium,Medium,Medium,,"ridge gourd, onion, coconut, cumin",Vegetarian,,"Cook it in a home-style way with balanced portions of grain, protein, and vegetables.",25 min easy walk,Portion control advised.
725,Maharashtra,Maintaining Balanced Diet,Dinner,"Kala Chana Usal + Bhakri (Home Style, with Peanuts)",383,16,47,10,7,Medium,Medium,Medium,,"kala chana, onion, tomato, coconut, coriander",Vegetarian,,"Cook it in a home-style way with balanced portions of grain, protein, and vegetables.",25 min easy walk,Portion control advised.
726,Maharashtra,Maintaining Balanced Diet,Dinner,"Kokum Saar + Rice (Balanced Plate, with Peanuts, Variant 1)",386,16,50,11,7,Medium,Medium,Medium,,"kokum, cumin, jaggery, coriander",Vegetarian,,"Cook it in a home-style way with balanced portions of grain, protein, and vegetables.",25 min easy walk,Portion control advised.
727,Maharashtra,Maintaining Balanced Diet,Dinner,"Masale Bhaat (Balanced Plate, with Peanuts, Variant 1)",371,18,50,11,6,Medium,Medium,Medium,Peanuts,"rice, mixed vegetables, goda masala, peanuts",Vegetarian,,"Cook it in a home-style way with balanced portions of grain, protein, and vegetables.",25 min easy walk,Contains peanuts.
728,Maharashtra,Maintaining Balanced Diet,Dinner,"Methi Patal Bhaji + Bhakri (With Curry Leaves, with Matki)",374,16,50,9,6,Medium,Medium,Medium,,"fenugreek leaves, besan, onion, garlic",Vegetarian,,"Cook it in a home-style way with balanced portions of grain, protein, and vegetables.",25 min easy walk,Portion control advised.
729,Maharashtra,Maintaining Balanced Diet,Dinner,"Moong Usal + Chapati (With Seasonal Veg, with Thecha, Variant 1)",377,18,47,11,6,Medium,Medium,Medium,,"moong beans, onion, tomato, curry leaves, coriander",Vegetarian,,"Cook it in a home-style way with balanced portions of grain, protein, and vegetables.",25 min easy walk,Portion control advised.
730,Maharashtra,Maintaining Balanced Diet,Dinner,"Pithla Bhakri (Home Style, with Peanuts, Variant 1)",383,18,48,11,8,Medium,Medium,Medium,Gluten,"besan, onion, garlic, jowar flour, green chilli",Vegetarian,,"Cook it in a home-style way with balanced portions of grain, protein, and vegetables.",25 min easy walk,Contains gluten.
731,Maharashtra,Maintaining Balanced Diet,Dinner,"Pithla Bhakri + Thecha (Home Style, with Peanuts, Variant 1)",371,17,49,11,8,Medium,Medium,Medium,Gluten,"besan, onion, garlic, jowar flour, green chilli",Vegetarian,,"Cook it in a home-style way with balanced portions of grain, protein, and vegetables.",25 min easy walk,Contains gluten.
732,Maharashtra,Maintaining Balanced Diet,Dinner,"Shev Bhaji + Chapati (Balanced Plate, with Peanuts)",383,18,50,10,7,Medium,Medium,Medium,,"shev, onion, tomato, goda masala",Vegetarian,,"Cook it in a home-style way with balanced portions of grain, protein, and vegetables.",25 min easy walk,Portion control advised.
733,Maharashtra,Maintaining Balanced Diet,Dinner,"Shrikhand + Puri (Everyday Meal, with Matki, Variant 1)",389,17,51,9,6,Medium,Medium,Medium,Dairy,"curd, sugar, cardamom, saffron, nuts",Vegetarian,,"Cook it in a home-style way with balanced portions of grain, protein, and vegetables.",25 min easy walk,Contains dairy.
734,Maharashtra,Maintaining Balanced Diet,Dinner,"Tondli Bhaji + Bhakri (Traditional Style, with Thecha, Variant 1)",377,17,50,10,7,Medium,Medium,Medium,Peanuts,"ivy gourd, peanuts, coconut, mustard seeds",Vegetarian,,"Cook it in a home-style way with balanced portions of grain, protein, and vegetables.",25 min easy walk,Contains peanuts.
735,Maharashtra,Maintaining Balanced Diet,Dinner,"Vangyache Bharit + Bhakri (Everyday Meal, with Matki, Variant 1)",386,17,47,11,8,Medium,Medium,Medium,"Peanuts, Sesame","roasted brinjal, peanut, sesame, onion, coriander",Vegetarian,,"Cook it in a home-style way with balanced portions of grain, protein, and vegetables.",25 min easy walk,Contains peanuts.
736,Maharashtra,Maintaining Balanced Diet,Dinner,"Zunka Bhakri (Everyday Meal, with Matki)",377,16,51,11,6,Medium,Medium,Medium,Gluten,"besan, onion, garlic, coriander, jowar flour",Vegetarian,,"Cook it in a home-style way with balanced portions of grain, protein, and vegetables.",25 min easy walk,Contains gluten.
737,Maharashtra,Maintaining Balanced Diet,Dinner,"Chicken Handi + Chapati (Balanced Plate, with Prawns)",397,23,51,14,7,Medium,Medium,Medium,Dairy,"chicken, onion, tomato, spices, curd",Non-Vegetarian,Chicken,"Cook it in a home-style way with balanced portions of grain, protein, and vegetables.",25 min easy walk,Contains dairy.
738,Maharashtra,Maintaining Balanced Diet,Dinner,"Chicken Handi + Chapati (Everyday Meal, with Mutton)",394,22,49,13,7,Medium,Medium,Medium,Dairy,"chicken, onion, tomato, spices, curd",Non-Vegetarian,Chicken,"Cook it in a home-style way with balanced portions of grain, protein, and vegetables.",25 min easy walk,Contains dairy.
739,Maharashtra,Maintaining Balanced Diet,Dinner,"Chicken Handi + Chapati (With Seasonal Veg, with Chicken)",397,24,49,12,6,Medium,Medium,Medium,Dairy,"chicken, onion, tomato, spices, curd",Non-Vegetarian,Chicken,"Cook it in a home-style way with balanced portions of grain, protein, and vegetables.",25 min easy walk,Contains dairy.
740,Maharashtra,Maintaining Balanced Diet,Dinner,"Chicken Kheema + Bhakri (Home Style, with Prawns)",400,22,48,13,7,Medium,Medium,Medium,,"chicken mince, onion, ginger, garlic, spices",Non-Vegetarian,Chicken,"Cook it in a home-style way with balanced portions of grain, protein, and vegetables.",25 min easy walk,Portion control advised.
741,Maharashtra,Maintaining Balanced Diet,Dinner,"Chicken Kheema + Bhakri (Traditional Style, with Chicken, Variant 2)",397,24,50,14,8,Medium,Medium,Medium,,"chicken mince, onion, ginger, garlic, spices",Non-Vegetarian,Chicken,"Cook it in a home-style way with balanced portions of grain, protein, and vegetables.",25 min easy walk,Portion control advised.
742,Maharashtra,Maintaining Balanced Diet,Dinner,"Chicken Kheema + Bhakri (With Curry Leaves, with Mutton)",394,22,48,13,8,Medium,Medium,Medium,,"chicken mince, onion, ginger, garlic, spices",Non-Vegetarian,Chicken,"Cook it in a home-style way with balanced portions of grain, protein, and vegetables.",25 min easy walk,Portion control advised.
743,Maharashtra,Maintaining Balanced Diet,Dinner,"Fish Curry + Rice (Home Style, with Prawns)",394,22,48,14,8,Medium,Medium,Medium,Fish/Seafood,"fish, coconut, kokum, onion, garlic",Non-Vegetarian,Fish,"Cook it in a home-style way with balanced portions of grain, protein, and vegetables.",25 min easy walk,Contains fish/seafood.
744,Maharashtra,Maintaining Balanced Diet,Dinner,"Fish Curry + Rice (Traditional Style, with Chicken)",409,24,51,13,7,Medium,Medium,Medium,Fish/Seafood,"fish, coconut, kokum, onion, garlic",Non-Vegetarian,Fish,"Cook it in a home-style way with balanced portions of grain, protein, and vegetables.",25 min easy walk,Contains fish/seafood.
745,Maharashtra,Maintaining Balanced Diet,Dinner,"Fish Curry + Rice (Traditional Style, with Chicken, Variant 1)",400,22,48,13,8,Medium,Medium,Medium,Fish/Seafood,"fish, coconut, kokum, onion, garlic",Non-Vegetarian,Fish,"Cook it in a home-style way with balanced portions of grain, protein, and vegetables.",25 min easy walk,Contains fish/seafood.
746,Maharashtra,Maintaining Balanced Diet,Dinner,"Fish Curry + Rice (With Curry Leaves, with Mutton)",391,24,51,13,7,Medium,Medium,Medium,Fish/Seafood,"fish, coconut, kokum, onion, garlic",Non-Vegetarian,Fish,"Cook it in a home-style way with balanced portions of grain, protein, and vegetables.",25 min easy walk,Contains fish/seafood.
747,Maharashtra,Maintaining Balanced Diet,Dinner,"Patra Ni Macchi + Rice (Balanced Plate, with Prawns)",403,22,50,12,7,Medium,Medium,Medium,Fish/Seafood,"fish, green chutney, banana leaf, lemon",Non-Vegetarian,Fish,"Cook it in a home-style way with balanced portions of grain, protein, and vegetables.",25 min easy walk,Contains fish/seafood.
748,Maharashtra,Maintaining Balanced Diet,Dinner,"Patra Ni Macchi + Rice (Everyday Meal, with Mutton)",391,23,50,13,7,Medium,Medium,Medium,Fish/Seafood,"fish, green chutney, banana leaf, lemon",Non-Vegetarian,Fish,"Cook it in a home-style way with balanced portions of grain, protein, and vegetables.",25 min easy walk,Contains fish/seafood.
749,Maharashtra,Maintaining Balanced Diet,Dinner,"Patra Ni Macchi + Rice (With Seasonal Veg, with Chicken)",406,24,51,12,6,Medium,Medium,Medium,Fish/Seafood,"fish, green chutney, banana leaf, lemon",Non-Vegetarian,Fish,"Cook it in a home-style way with balanced portions of grain, protein, and vegetables.",25 min easy walk,Contains fish/seafood.
750,Maharashtra,Maintaining Balanced Diet,Dinner,Rice + Chicken Curry + Salad,500,20,70,15,8,Medium,Medium,Medium,chicken,Standard chicken curry with balanced oil.,Non-Vegetarian,,,,
751,Maharashtra,Maintaining Balanced Diet,Dinner,Rice + Fish Curry + Kobi,500,20,70,15,8,Medium,Medium,Medium,fish,Balanced fish curry with steamed cabbage.,Non-Vegetarian,,,,
752,Maharashtra,Maintaining Balanced Diet,Dinner,Rice + Fish Curry + Kobi (With Sesame),500,20,70,15,8,Medium,Medium,Medium,fish,Balanced.,Non-Vegetarian,,,,
753,Maharashtra,Maintaining Balanced Diet,Dinner,"Amti Bhaat (With Seasonal Veg, with Millets, Variant 1)",364,16,49,9,10,Medium,Medium,Medium,,"toor dal, rice, kokum, goda masala, coriander",Vegan,,"Cook it in a home-style way with balanced portions of grain, protein, and vegetables.",25 min easy walk,Portion control advised.
754,Maharashtra,Maintaining Balanced Diet,Dinner,"Bharli Vangi + Jowar Bhakri (Home Style, with Kokum, Variant 1)",367,15,48,10,9,Medium,Medium,Medium,"Peanuts, Sesame","brinjal, peanut, sesame, coconut, onion",Vegan,,"Cook it in a home-style way with balanced portions of grain, protein, and vegetables.",25 min easy walk,Contains peanuts.
755,Maharashtra,Maintaining Balanced Diet,Dinner,"Bhoplyachi Bhaji + Chapati (Home Style, with Kokum, Variant 1)",379,15,47,8,8,Medium,Medium,Medium,,"pumpkin, coconut, cumin, coriander",Vegan,,"Cook it in a home-style way with balanced portions of grain, protein, and vegetables.",25 min easy walk,Portion control advised.
756,Maharashtra,Maintaining Balanced Diet,Dinner,Chapati + Pitla + Thecha,500,20,70,15,8,Medium,Medium,Medium,,Balanced protein from gram flour.,Vegan,,,,
757,Maharashtra,Maintaining Balanced Diet,Dinner,Chapati + Pitla + Thecha (With Coconut Chutney),500,20,70,15,8,Medium,Medium,Medium,,Light.,Vegan,,,,
758,Maharashtra,Maintaining Balanced Diet,Dinner,"Chawli Usal + Bhakri (Traditional Style, with Millets, Variant 3)",379,15,49,10,8,Medium,Medium,Medium,,"cowpeas, onion, tomato, garlic, coriander",Vegan,,"Cook it in a home-style way with balanced portions of grain, protein, and vegetables.",25 min easy walk,Portion control advised.
759,Maharashtra,Maintaining Balanced Diet,Dinner,"Gawar Bhaji + Bhakri (With Seasonal Veg, with Millets, Variant 1)",367,16,48,8,8,Medium,Medium,Medium,Peanuts,"cluster beans, onion, coconut, peanuts",Vegan,,"Cook it in a home-style way with balanced portions of grain, protein, and vegetables.",25 min easy walk,Contains peanuts.
760,Maharashtra,Maintaining Balanced Diet,Dinner,"Kala Chana Usal + Bhakri (Traditional Style, with Millets, Variant 2)",364,15,47,8,10,Medium,Medium,Medium,,"kala chana, onion, tomato, coconut, coriander",Vegan,,"Cook it in a home-style way with balanced portions of grain, protein, and vegetables.",25 min easy walk,Portion control advised.
761,Maharashtra,Maintaining Balanced Diet,Dinner,"Koshimbir + Bhakri (Balanced Plate, with Kokum, Variant 1)",370,15,47,8,8,Medium,Medium,Medium,"Peanuts, Dairy","cucumber, curd, coriander, peanuts",Vegan,,"Cook it in a home-style way with balanced portions of grain, protein, and vegetables.",25 min easy walk,Contains peanuts. Contains dairy.
762,Maharashtra,Maintaining Balanced Diet,Dinner,Moong Khichdi,500,20,70,15,8,Medium,Medium,Low,,"Rice, Moong Dal",Vegan,,Balanced meal.,20 mins evening walk,
763,Maharashtra,Maintaining Balanced Diet,Dinner,"Solkadhi + Rice (Everyday Meal, with Roasted Chana, Variant 1)",367,15,49,8,8,Medium,Medium,Medium,Dairy,"kokum, coconut milk, garlic, coriander",Vegan,,"Cook it in a home-style way with balanced portions of grain, protein, and vegetables.",25 min easy walk,Contains dairy.
764,Maharashtra,Maintaining Balanced Diet,Dinner,"Sprouted Matki Usal + Jowar Bhakri (With Curry Leaves, with Roasted Chana, Variant 1)",370,15,49,8,9,Medium,Medium,Medium,,"sprouted matki, onion, tomato, coriander, cumin, matki, garlic",Vegan,,"Cook it in a home-style way with balanced portions of grain, protein, and vegetables.",25 min easy walk,Portion control advised.
765,Maharashtra,Maintaining Balanced Diet,Dinner,"Vangyache Bharit + Bhakri (With Curry Leaves, with Roasted Chana, Variant 1)",373,17,47,9,9,Medium,Medium,Medium,"Peanuts, Sesame","roasted brinjal, peanut, sesame, onion, coriander",Vegan,,"Cook it in a home-style way with balanced portions of grain, protein, and vegetables.",25 min easy walk,Contains peanuts.
766,Maharashtra,Maintaining Balanced Diet,Dinner,"Varan Bhaat (Everyday Meal, with Roasted Chana, Variant 1)",373,17,50,8,10,Medium,Medium,Medium,Dairy,"toor dal, rice, turmeric, ghee, cumin",Vegan,,"Cook it in a home-style way with balanced portions of grain, protein, and vegetables.",25 min easy walk,Contains dairy.
767,Maharashtra,Maintaining Balanced Diet,Dinner,Zunka + Bhakri,500,20,70,15,8,Medium,Medium,Low,,"Gram Flour, Sorghum",Vegan,,Cook zunka with moderate oil.,20 mins evening walk,
768,Maharashtra,Maintaining Balanced Diet,Dinner,"Zunka Bhakri (Balanced Plate, with Kokum, Variant 1)",373,15,48,9,9,Medium,Medium,Medium,Gluten,"besan, onion, garlic, coriander, jowar flour",Vegan,,"Cook it in a home-style way with balanced portions of grain, protein, and vegetables.",25 min easy walk,Contains gluten.
769,Maharashtra,Diabetes,Breakfast,"Batata Poha (No Potato, with Seasonal Vegetables)",201,10,21,4,9,Low,Low,Low,Peanuts,"poha, onion, mustard seeds, curry leaves, green chilli, lemon, peanuts",Vegetarian,,"Keep it unsweetened, use whole grains or millets, and control the serving size carefully.",20 min post-meal walk,Contains peanuts. Watch portion size. Avoid added sugar.
770,Maharashtra,Diabetes,Breakfast,"Chivda (Low GI, with Moong)",186,8,21,6,8,Low,Low,Low,Peanuts,"flattened rice, peanuts, curry leaves, mustard seeds, spices",Vegetarian,,"Keep it unsweetened, use whole grains or millets, and control the serving size carefully.",20 min post-meal walk,Contains peanuts. Watch portion size. Avoid added sugar.
771,Maharashtra,Diabetes,Breakfast,"Chivda (No Sugar, with Jowar)",198,8,24,5,8,Low,Low,Low,Peanuts,"flattened rice, peanuts, curry leaves, mustard seeds, spices",Vegetarian,,"Keep it unsweetened, use whole grains or millets, and control the serving size carefully.",20 min post-meal walk,Contains peanuts. Watch portion size. Avoid added sugar.
772,Maharashtra,Diabetes,Breakfast,"Dadpe Pohe (No Sugar, with Jowar)",198,9,24,6,9,Low,Low,Low,Peanuts,"poha, onion, mustard seeds, curry leaves, green chilli, lemon, peanuts",Vegetarian,,"Keep it unsweetened, use whole grains or millets, and control the serving size carefully.",20 min post-meal walk,Contains peanuts. Watch portion size. Avoid added sugar.
773,Maharashtra,Diabetes,Breakfast,"Ghavan (Steamed, with Jowar)",198,9,24,4,9,Low,Low,Low,Gluten,"rice flour, fenugreek leaves or ragi, cumin, curry leaves",Vegetarian,,"Keep it unsweetened, use whole grains or millets, and control the serving size carefully.",20 min post-meal walk,Contains gluten. Watch portion size. Avoid added sugar.
774,Maharashtra,Diabetes,Breakfast,"Kanda Poha (Steamed, with Jowar)",201,10,23,5,7,Low,Low,Low,Peanuts,"poha, onion, mustard seeds, curry leaves, green chilli, lemon, peanuts",Vegetarian,,"Keep it unsweetened, use whole grains or millets, and control the serving size carefully.",20 min post-meal walk,Contains peanuts. Watch portion size. Avoid added sugar.
775,Maharashtra,Diabetes,Breakfast,"Kothimbir Vadi (Low GI, with Moong)",201,9,23,4,8,Low,Low,Low,"Peanuts, Sesame","coriander leaves, besan, sesame, peanuts, green chilli",Vegetarian,,"Keep it unsweetened, use whole grains or millets, and control the serving size carefully.",20 min post-meal walk,Contains peanuts. Watch portion size. Avoid added sugar.
776,Maharashtra,Diabetes,Breakfast,"Methi Ghavan (High Fibre, with Moong)",192,10,22,6,8,Low,Low,Low,Gluten,"rice flour, fenugreek leaves or ragi, cumin, curry leaves",Vegetarian,,"Keep it unsweetened, use whole grains or millets, and control the serving size carefully.",20 min post-meal walk,Contains gluten. Watch portion size. Avoid added sugar.
777,Maharashtra,Diabetes,Breakfast,"Panki (No Potato, with Seasonal Vegetables)",204,10,23,5,8,Low,Low,Low,Gluten,"rice flour, coconut, coriander, banana leaf",Vegetarian,,"Keep it unsweetened, use whole grains or millets, and control the serving size carefully.",20 min post-meal walk,Contains gluten. Watch portion size. Avoid added sugar.
778,Maharashtra,Diabetes,Breakfast,"Ragi Ghavan (No Sugar, with Jowar)",189,8,20,6,7,Low,Low,Low,Gluten,"rice flour, fenugreek leaves or ragi, cumin, curry leaves",Vegetarian,,"Keep it unsweetened, use whole grains or millets, and control the serving size carefully.",20 min post-meal walk,Contains gluten. Watch portion size. Avoid added sugar.
779,Maharashtra,Diabetes,Breakfast,"Roasted Chana (With Millets, with Seasonal Vegetables)",195,8,22,5,7,Low,Low,Low,,"roasted chana, curry leaves, black pepper, cumin",Vegetarian,,"Keep it unsweetened, use whole grains or millets, and control the serving size carefully.",20 min post-meal walk,Watch portion size. Avoid added sugar.
780,Maharashtra,Diabetes,Breakfast,"Sabudana Khichdi (High Fibre, with Moong)",186,8,24,4,7,Low,Low,Low,Peanuts,"sabudana, peanuts, potato, cumin, curry leaves",Vegetarian,,"Keep it unsweetened, use whole grains or millets, and control the serving size carefully.",20 min post-meal walk,Contains peanuts. Watch portion size. Avoid added sugar.
781,Maharashtra,Diabetes,Breakfast,"Sprouted Matki Usal (Steamed, with Jowar)",195,8,21,4,7,Low,Low,Low,,"sprouted matki, onion, tomato, coriander, cumin, matki, garlic",Vegetarian,,"Keep it unsweetened, use whole grains or millets, and control the serving size carefully.",20 min post-meal walk,Watch portion size. Avoid added sugar.
782,Maharashtra,Diabetes,Breakfast,"Sprouted Matki Usal (With Millets, with Seasonal Vegetables)",195,8,24,4,7,Low,Low,Low,,"sprouted matki, onion, tomato, coriander, cumin, matki, garlic",Vegetarian,,"Keep it unsweetened, use whole grains or millets, and control the serving size carefully.",20 min post-meal walk,Watch portion size. Avoid added sugar.
783,Maharashtra,Diabetes,Breakfast,"Thalipeeth (Low GI, with Moong)",198,10,21,6,9,Low,Low,Low,"Gluten, Sesame","jowar flour, bajra flour, rice flour, onion, coriander, sesame",Vegetarian,,"Keep it unsweetened, use whole grains or millets, and control the serving size carefully.",20 min post-meal walk,Contains gluten. Watch portion size. Avoid added sugar.
784,Maharashtra,Diabetes,Breakfast,"Thalipeeth (With Millets, with Seasonal Vegetables)",201,9,24,6,8,Low,Low,Low,"Gluten, Sesame","jowar flour, bajra flour, rice flour, onion, coriander, sesame",Vegetarian,,"Keep it unsweetened, use whole grains or millets, and control the serving size carefully.",20 min post-meal walk,Contains gluten. Watch portion size. Avoid added sugar.
785,Maharashtra,Diabetes,Breakfast,"Anda Bhakri (High Fibre, with Egg)",209,14,23,7,7,Low,Low,Low,,local regional ingredients,Non-Vegetarian,,"Keep it unsweetened, use whole grains or millets, and control the serving size carefully.",20 min post-meal walk,Watch portion size. Avoid added sugar.
786,Maharashtra,Diabetes,Breakfast,"Anda Bhakri (High Fibre, with Egg, Variant 1)",221,16,21,8,8,Low,Low,Low,,local regional ingredients,Non-Vegetarian,,"Keep it unsweetened, use whole grains or millets, and control the serving size carefully.",20 min post-meal walk,Watch portion size. Avoid added sugar.
787,Maharashtra,Diabetes,Breakfast,"Anda Bhakri (High Fibre, with Egg, Variant 2)",206,14,24,9,9,Low,Low,Low,,local regional ingredients,Non-Vegetarian,,"Keep it unsweetened, use whole grains or millets, and control the serving size carefully.",20 min post-meal walk,Watch portion size. Avoid added sugar.
788,Maharashtra,Diabetes,Breakfast,"Anda Bhakri (Low GI, with Egg)",224,14,20,9,9,Low,Low,Low,,local regional ingredients,Non-Vegetarian,,"Keep it unsweetened, use whole grains or millets, and control the serving size carefully.",20 min post-meal walk,Watch portion size. Avoid added sugar.
789,Maharashtra,Diabetes,Breakfast,"Anda Bhakri (Low GI, with Egg, Variant 1)",218,15,20,9,9,Low,Low,Low,,local regional ingredients,Non-Vegetarian,,"Keep it unsweetened, use whole grains or millets, and control the serving size carefully.",20 min post-meal walk,Watch portion size. Avoid added sugar.
790,Maharashtra,Diabetes,Breakfast,"Anda Bhakri (Low GI, with Egg, Variant 2)",215,15,23,8,8,Low,Low,Low,,local regional ingredients,Non-Vegetarian,,"Keep it unsweetened, use whole grains or millets, and control the serving size carefully.",20 min post-meal walk,Watch portion size. Avoid added sugar.
791,Maharashtra,Diabetes,Breakfast,"Anda Bhakri (No Potato, with Lean Gravy)",218,14,21,9,9,Low,Low,Low,,local regional ingredients,Non-Vegetarian,,"Keep it unsweetened, use whole grains or millets, and control the serving size carefully.",20 min post-meal walk,Watch portion size. Avoid added sugar.
792,Maharashtra,Diabetes,Breakfast,"Anda Bhakri (No Potato, with Lean Gravy, Variant 1)",224,16,21,9,9,Low,Low,Low,,local regional ingredients,Non-Vegetarian,,"Keep it unsweetened, use whole grains or millets, and control the serving size carefully.",20 min post-meal walk,Watch portion size. Avoid added sugar.
793,Maharashtra,Diabetes,Breakfast,"Anda Bhakri (No Sugar, with Fish)",206,16,24,7,7,Low,Low,Low,,local regional ingredients,Non-Vegetarian,,"Keep it unsweetened, use whole grains or millets, and control the serving size carefully.",20 min post-meal walk,Watch portion size. Avoid added sugar.
794,Maharashtra,Diabetes,Breakfast,"Anda Bhakri (No Sugar, with Fish, Variant 1)",221,14,20,8,8,Low,Low,Low,,local regional ingredients,Non-Vegetarian,,"Keep it unsweetened, use whole grains or millets, and control the serving size carefully.",20 min post-meal walk,Watch portion size. Avoid added sugar.
795,Maharashtra,Diabetes,Breakfast,"Anda Bhakri (Steamed, with Fish)",209,15,20,8,9,Low,Low,Low,,local regional ingredients,Non-Vegetarian,,"Keep it unsweetened, use whole grains or millets, and control the serving size carefully.",20 min post-meal walk,Watch portion size. Avoid added sugar.
796,Maharashtra,Diabetes,Breakfast,"Anda Bhakri (Steamed, with Fish, Variant 1)",212,16,20,9,9,Low,Low,Low,,local regional ingredients,Non-Vegetarian,,"Keep it unsweetened, use whole grains or millets, and control the serving size carefully.",20 min post-meal walk,Watch portion size. Avoid added sugar.
797,Maharashtra,Diabetes,Breakfast,"Anda Bhakri (Steamed, with Fish, Variant 2)",215,14,21,9,8,Low,Low,Low,,local regional ingredients,Non-Vegetarian,,"Keep it unsweetened, use whole grains or millets, and control the serving size carefully.",20 min post-meal walk,Watch portion size. Avoid added sugar.
798,Maharashtra,Diabetes,Breakfast,"Anda Bhakri (With Millets, with Lean Gravy)",221,14,23,7,8,Low,Low,Low,,local regional ingredients,Non-Vegetarian,,"Keep it unsweetened, use whole grains or millets, and control the serving size carefully.",20 min post-meal walk,Watch portion size. Avoid added sugar.
799,Maharashtra,Diabetes,Breakfast,"Anda Bhakri (With Millets, with Lean Gravy, Variant 1)",218,16,23,9,9,Low,Low,Low,,local regional ingredients,Non-Vegetarian,,"Keep it unsweetened, use whole grains or millets, and control the serving size carefully.",20 min post-meal walk,Watch portion size. Avoid added sugar.
800,Maharashtra,Diabetes,Breakfast,"Anda Bhakri (With Millets, with Lean Gravy, Variant 2)",224,14,23,9,9,Low,Low,Low,,local regional ingredients,Non-Vegetarian,,"Keep it unsweetened, use whole grains or millets, and control the serving size carefully.",20 min post-meal walk,Watch portion size. Avoid added sugar.
801,Maharashtra,Diabetes,Breakfast,Bajra Poha (Low GI),300,15,40,8,6,Low,Medium,Low,,"Pearl Millet Flakes, Onion",Vegan,,Use pearl millet flakes instead of rice poha.,20 mins post-meal walk,Check fasting glucose
802,Maharashtra,Diabetes,Breakfast,"Batata Poha (No Potato, with Jowar)",188,8,23,4,10,Low,Low,Low,Peanuts,"poha, onion, mustard seeds, curry leaves, green chilli, lemon, peanuts",Vegan,,"Keep it unsweetened, use whole grains or millets, and control the serving size carefully.",20 min post-meal walk,Contains peanuts. Watch portion size. Avoid added sugar.
803,Maharashtra,Diabetes,Breakfast,"Chivda (Low GI, with Sesame)",179,9,20,5,11,Low,Low,Low,Peanuts,"flattened rice, peanuts, curry leaves, mustard seeds, spices",Vegan,,"Keep it unsweetened, use whole grains or millets, and control the serving size carefully.",20 min post-meal walk,Contains peanuts. Watch portion size. Avoid added sugar.
804,Maharashtra,Diabetes,Breakfast,"Ghavan (Steamed, with Leafy Greens)",179,7,23,3,11,Low,Low,Low,Gluten,"rice flour, fenugreek leaves or ragi, cumin, curry leaves",Vegan,,"Keep it unsweetened, use whole grains or millets, and control the serving size carefully.",20 min post-meal walk,Contains gluten. Watch portion size. Avoid added sugar.
805,Maharashtra,Diabetes,Breakfast,Jowar Thalipeeth,300,15,40,8,6,Low,Medium,Low,,"Sorghum, Onion, Spices",Vegan,,Cook on slow flame without oil.,20 mins post-meal walk,Check fasting glucose
806,Maharashtra,Diabetes,Breakfast,Jowar Thalipeeth (With Flaxseed),300,15,40,8,6,Low,Medium,Low,,"Sorghum, Onion",Vegan,,Zero oil.,20 mins post-meal walk,Check fasting glucose
807,Maharashtra,Diabetes,Breakfast,"Kanda Poha (High Fibre, with Sesame)",188,7,24,4,10,Low,Low,Low,Peanuts,"poha, onion, mustard seeds, curry leaves, green chilli, lemon, peanuts",Vegan,,"Keep it unsweetened, use whole grains or millets, and control the serving size carefully.",20 min post-meal walk,Contains peanuts. Watch portion size. Avoid added sugar.
808,Maharashtra,Diabetes,Breakfast,Methi Ghavan,300,15,40,8,6,Low,Medium,Low,,"Rice Flour, Fenugreek Leaves",Vegan,,Add fenugreek to batter to lower GI. Zero oil.,20 mins post-meal walk,Check fasting glucose
809,Maharashtra,Diabetes,Breakfast,Methi Ghavan (With Curry Leaves),300,15,40,8,6,Low,Medium,Low,,"Rice Flour, Fenugreek",Vegan,,Zero oil.,20 mins post-meal walk,Check fasting glucose
810,Maharashtra,Diabetes,Breakfast,"Ragi Ghavan (No Sugar, with Leafy Greens)",179,7,21,3,11,Low,Low,Low,Gluten,"rice flour, fenugreek leaves or ragi, cumin, curry leaves",Vegan,,"Keep it unsweetened, use whole grains or millets, and control the serving size carefully.",20 min post-meal walk,Contains gluten. Watch portion size. Avoid added sugar.
811,Maharashtra,Diabetes,Breakfast,"Roasted Chana (With Millets, with Jowar)",188,8,23,5,9,Low,Low,Low,,"roasted chana, curry leaves, black pepper, cumin",Vegan,,"Keep it unsweetened, use whole grains or millets, and control the serving size carefully.",20 min post-meal walk,Watch portion size. Avoid added sugar.
812,Maharashtra,Diabetes,Breakfast,"Sabudana Khichdi (High Fibre, with Sesame)",179,9,20,3,10,Low,Low,Low,Peanuts,"sabudana, peanuts, potato, cumin, curry leaves",Vegan,,"Keep it unsweetened, use whole grains or millets, and control the serving size carefully.",20 min post-meal walk,Contains peanuts. Watch portion size. Avoid added sugar.
813,Maharashtra,Diabetes,Breakfast,"Sprouted Matki Usal (Steamed, with Leafy Greens)",176,9,24,3,10,Low,Low,Low,,"sprouted matki, onion, tomato, coriander, cumin, matki, garlic",Vegan,,"Keep it unsweetened, use whole grains or millets, and control the serving size carefully.",20 min post-meal walk,Watch portion size. Avoid added sugar.
814,Maharashtra,Diabetes,Breakfast,Sprouted Moong Usal,300,15,40,8,6,Low,Medium,Low,,Green Gram Sprouts,Vegan,,Cook sprouts lightly to retain low GI.,20 mins post-meal walk,Check fasting glucose
815,Maharashtra,Diabetes,Breakfast,Sprouted Moong Usal (With Peanut Chutney),300,15,40,8,6,Low,Medium,Low,,Green Gram Sprouts,Vegan,,Steam.,20 mins post-meal walk,Check fasting glucose
816,Maharashtra,Diabetes,Breakfast,"Thalipeeth (With Millets, with Jowar)",176,8,20,5,9,Low,Low,Low,"Gluten, Sesame","jowar flour, bajra flour, rice flour, onion, coriander, sesame",Vegan,,"Keep it unsweetened, use whole grains or millets, and control the serving size carefully.",20 min post-meal walk,Contains gluten. Watch portion size. Avoid added sugar.
817,Maharashtra,Diabetes,Lunch,"Alu Wadi + Bhaat (Steamed, with Peanuts)",355,16,41,10,9,Low,Low,Low,"Peanuts, Sesame","colocasia leaves, besan, sesame, peanut",Vegetarian,,"Keep it unsweetened, use whole grains or millets, and control the serving size carefully.",25 min walk after lunch,Contains peanuts. Watch portion size. Avoid added sugar.
818,Maharashtra,Diabetes,Lunch,"Amti Bhaat (No Sugar, with Peanuts)",358,16,40,10,11,Low,Low,Low,,"toor dal, rice, kokum, goda masala, coriander",Vegetarian,,"Keep it unsweetened, use whole grains or millets, and control the serving size carefully.",25 min walk after lunch,Watch portion size. Avoid added sugar.
819,Maharashtra,Diabetes,Lunch,"Bharli Vangi + Jowar Bhakri (No Potato, with Matki)",358,17,42,9,9,Low,Low,Low,"Peanuts, Sesame","brinjal, peanut, sesame, coconut, onion",Vegetarian,,"Keep it unsweetened, use whole grains or millets, and control the serving size carefully.",25 min walk after lunch,Contains peanuts. Watch portion size. Avoid added sugar.
820,Maharashtra,Diabetes,Lunch,"Bhendi Bhaji + Chapati (No Potato, with Matki)",352,16,42,8,9,Low,Low,Low,,"okra, onion, mustard seeds, coconut",Vegetarian,,"Keep it unsweetened, use whole grains or millets, and control the serving size carefully.",25 min walk after lunch,Watch portion size. Avoid added sugar.
821,Maharashtra,Diabetes,Lunch,"Bhoplyachi Bhaji + Chapati (No Potato, with Matki)",349,15,38,8,9,Low,Low,Low,,"pumpkin, coconut, cumin, coriander",Vegetarian,,"Keep it unsweetened, use whole grains or millets, and control the serving size carefully.",25 min walk after lunch,Watch portion size. Avoid added sugar.
822,Maharashtra,Diabetes,Lunch,"Chawli Usal + Bhakri (Steamed, with Peanuts)",361,15,42,8,10,Low,Low,Low,,"cowpeas, onion, tomato, garlic, coriander",Vegetarian,,"Keep it unsweetened, use whole grains or millets, and control the serving size carefully.",25 min walk after lunch,Watch portion size. Avoid added sugar.
823,Maharashtra,Diabetes,Lunch,"Gawar Bhaji + Bhakri (No Sugar, with Peanuts)",364,17,39,8,11,Low,Low,Low,Peanuts,"cluster beans, onion, coconut, peanuts",Vegetarian,,"Keep it unsweetened, use whole grains or millets, and control the serving size carefully.",25 min walk after lunch,Contains peanuts. Watch portion size. Avoid added sugar.
824,Maharashtra,Diabetes,Lunch,"Kokum Saar + Rice (No Sugar, with Peanuts)",346,15,40,9,10,Low,Low,Low,,"kokum, cumin, jaggery, coriander",Vegetarian,,"Keep it unsweetened, use whole grains or millets, and control the serving size carefully.",25 min walk after lunch,Watch portion size. Avoid added sugar.
825,Maharashtra,Diabetes,Lunch,"Koshimbir + Bhakri (With Millets, with Matki)",352,15,39,10,10,Low,Low,Low,"Peanuts, Dairy","cucumber, curd, coriander, peanuts",Vegetarian,,"Keep it unsweetened, use whole grains or millets, and control the serving size carefully.",25 min walk after lunch,Contains peanuts. Contains dairy. Watch portion size. Avoid added sugar.
826,Maharashtra,Diabetes,Lunch,"Matki Usal + Jowar Bhakri (With Millets, with Matki)",364,17,41,9,10,Low,Low,Low,,"matki, onion, tomato, garlic, coriander",Vegetarian,,"Keep it unsweetened, use whole grains or millets, and control the serving size carefully.",25 min walk after lunch,Watch portion size. Avoid added sugar.
827,Maharashtra,Diabetes,Lunch,"Moong Usal + Chapati (High Fibre, with Thecha)",349,15,38,9,10,Low,Low,Low,,"moong beans, onion, tomato, curry leaves, coriander",Vegetarian,,"Keep it unsweetened, use whole grains or millets, and control the serving size carefully.",25 min walk after lunch,Watch portion size. Avoid added sugar.
828,Maharashtra,Diabetes,Lunch,"Pithla Bhakri (Steamed, with Peanuts)",355,17,39,9,11,Low,Low,Low,Gluten,"besan, onion, garlic, jowar flour, green chilli",Vegetarian,,"Keep it unsweetened, use whole grains or millets, and control the serving size carefully.",25 min walk after lunch,Contains gluten. Watch portion size. Avoid added sugar.
829,Maharashtra,Diabetes,Lunch,"Solkadhi + Rice (High Fibre, with Thecha)",352,15,40,8,10,Low,Low,Low,Dairy,"kokum, coconut milk, garlic, coriander",Vegetarian,,"Keep it unsweetened, use whole grains or millets, and control the serving size carefully.",25 min walk after lunch,Contains dairy. Watch portion size. Avoid added sugar.
830,Maharashtra,Diabetes,Lunch,"Tondli Bhaji + Bhakri (Low GI, with Thecha)",364,16,38,9,10,Low,Low,Low,Peanuts,"ivy gourd, peanuts, coconut, mustard seeds",Vegetarian,,"Keep it unsweetened, use whole grains or millets, and control the serving size carefully.",25 min walk after lunch,Contains peanuts. Watch portion size. Avoid added sugar.
831,Maharashtra,Diabetes,Lunch,"Vangyache Bharit + Bhakri (Low GI, with Thecha)",349,17,38,8,9,Low,Low,Low,"Peanuts, Sesame","roasted brinjal, peanut, sesame, onion, coriander",Vegetarian,,"Keep it unsweetened, use whole grains or millets, and control the serving size carefully.",25 min walk after lunch,Contains peanuts. Watch portion size. Avoid added sugar.
832,Maharashtra,Diabetes,Lunch,"Varan Bhaat (High Fibre, with Thecha)",358,17,39,10,10,Low,Low,Low,Dairy,"toor dal, rice, turmeric, ghee, cumin",Vegetarian,,"Keep it unsweetened, use whole grains or millets, and control the serving size carefully.",25 min walk after lunch,Contains dairy. Watch portion size. Avoid added sugar.
833,Maharashtra,Diabetes,Lunch,"Anda Bhurji + Bhakri (Low GI, with Chicken)",369,22,38,12,11,Low,Low,Low,Egg,"eggs, onion, tomato, green chilli, coriander",Non-Vegetarian,,"Keep it unsweetened, use whole grains or millets, and control the serving size carefully.",25 min walk after lunch,Contains egg. Watch portion size. Avoid added sugar.
834,Maharashtra,Diabetes,Lunch,"Anda Bhurji + Bhakri (No Potato, with Mutton)",366,21,41,13,10,Low,Low,Low,Egg,"eggs, onion, tomato, green chilli, coriander",Non-Vegetarian,,"Keep it unsweetened, use whole grains or millets, and control the serving size carefully.",25 min walk after lunch,Contains egg. Watch portion size. Avoid added sugar.
835,Maharashtra,Diabetes,Lunch,"Anda Curry + Chapati (High Fibre, with Chicken)",372,23,39,11,9,Low,Low,Low,Egg,"eggs, onion, tomato, ginger, garlic",Non-Vegetarian,,"Keep it unsweetened, use whole grains or millets, and control the serving size carefully.",25 min walk after lunch,Contains egg. Watch portion size. Avoid added sugar.
836,Maharashtra,Diabetes,Lunch,"Anda Curry + Chapati (With Millets, with Mutton)",369,22,41,11,11,Low,Low,Low,Egg,"eggs, onion, tomato, ginger, garlic",Non-Vegetarian,,"Keep it unsweetened, use whole grains or millets, and control the serving size carefully.",25 min walk after lunch,Contains egg. Watch portion size. Avoid added sugar.
837,Maharashtra,Diabetes,Lunch,"Bangda Curry + Bhaat (High Fibre, with Chicken)",378,22,40,11,9,Low,Low,Low,Fish/Seafood,"mackerel, coconut, kokum, onion, garlic",Non-Vegetarian,Fish,"Keep it unsweetened, use whole grains or millets, and control the serving size carefully.",25 min walk after lunch,Contains fish/seafood. Watch portion size. Avoid added sugar.
838,Maharashtra,Diabetes,Lunch,"Bangda Curry + Bhaat (No Sugar, with Prawns)",381,23,42,11,9,Low,Low,Low,Fish/Seafood,"mackerel, coconut, kokum, onion, garlic",Non-Vegetarian,Fish,"Keep it unsweetened, use whole grains or millets, and control the serving size carefully.",25 min walk after lunch,Contains fish/seafood. Watch portion size. Avoid added sugar.
839,Maharashtra,Diabetes,Lunch,"Chicken Rassa + Bhakri (No Potato, with Mutton)",378,23,39,12,11,Low,Low,Low,,"chicken, onion, garlic, red chilli, spices",Non-Vegetarian,Chicken,"Keep it unsweetened, use whole grains or millets, and control the serving size carefully.",25 min walk after lunch,Watch portion size. Avoid added sugar.
840,Maharashtra,Diabetes,Lunch,"Chicken Rassa + Bhakri (Steamed, with Prawns)",378,21,42,11,10,Low,Low,Low,,"chicken, onion, garlic, red chilli, spices",Non-Vegetarian,Chicken,"Keep it unsweetened, use whole grains or millets, and control the serving size carefully.",25 min walk after lunch,Watch portion size. Avoid added sugar.
841,Maharashtra,Diabetes,Lunch,"Fish Curry + Rice (High Fibre, with Chicken)",372,21,40,12,10,Low,Low,Low,Fish/Seafood,"fish, coconut, kokum, onion, garlic",Non-Vegetarian,Fish,"Keep it unsweetened, use whole grains or millets, and control the serving size carefully.",25 min walk after lunch,Contains fish/seafood. Watch portion size. Avoid added sugar.
842,Maharashtra,Diabetes,Lunch,"Fish Curry + Rice (No Sugar, with Prawns)",366,22,39,12,11,Low,Low,Low,Fish/Seafood,"fish, coconut, kokum, onion, garlic",Non-Vegetarian,Fish,"Keep it unsweetened, use whole grains or millets, and control the serving size carefully.",25 min walk after lunch,Contains fish/seafood. Watch portion size. Avoid added sugar.
843,Maharashtra,Diabetes,Lunch,"Kolambi Curry + Rice (Low GI, with Chicken)",366,23,41,13,10,Low,Low,Low,Fish/Seafood,"prawns, coconut, kokum, onion, garlic",Non-Vegetarian,Seafood,"Keep it unsweetened, use whole grains or millets, and control the serving size carefully.",25 min walk after lunch,Contains fish/seafood. Watch portion size. Avoid added sugar.
844,Maharashtra,Diabetes,Lunch,"Kolambi Curry + Rice (Steamed, with Prawns)",378,21,39,12,9,Low,Low,Low,Fish/Seafood,"prawns, coconut, kokum, onion, garlic",Non-Vegetarian,Seafood,"Keep it unsweetened, use whole grains or millets, and control the serving size carefully.",25 min walk after lunch,Contains fish/seafood. Watch portion size. Avoid added sugar.
845,Maharashtra,Diabetes,Lunch,"Patra Ni Macchi + Rice (Low GI, with Chicken)",384,23,38,12,11,Low,Low,Low,Fish/Seafood,"fish, green chutney, banana leaf, lemon",Non-Vegetarian,Fish,"Keep it unsweetened, use whole grains or millets, and control the serving size carefully.",25 min walk after lunch,Contains fish/seafood. Watch portion size. Avoid added sugar.
846,Maharashtra,Diabetes,Lunch,"Patra Ni Macchi + Rice (No Potato, with Mutton)",366,21,38,11,11,Low,Low,Low,Fish/Seafood,"fish, green chutney, banana leaf, lemon",Non-Vegetarian,Fish,"Keep it unsweetened, use whole grains or millets, and control the serving size carefully.",25 min walk after lunch,Contains fish/seafood. Watch portion size. Avoid added sugar.
847,Maharashtra,Diabetes,Lunch,"Varhadi Chicken + Jowar Bhakri (No Sugar, with Prawns)",384,22,40,12,10,Low,Low,Low,,"chicken, goda masala, onion, garlic, ginger",Non-Vegetarian,Chicken,"Keep it unsweetened, use whole grains or millets, and control the serving size carefully.",25 min walk after lunch,Watch portion size. Avoid added sugar.
848,Maharashtra,Diabetes,Lunch,"Varhadi Chicken + Jowar Bhakri (With Millets, with Mutton)",369,22,40,12,10,Low,Low,Low,,"chicken, goda masala, onion, garlic, ginger",Non-Vegetarian,Chicken,"Keep it unsweetened, use whole grains or millets, and control the serving size carefully.",25 min walk after lunch,Watch portion size. Avoid added sugar.
849,Maharashtra,Diabetes,Lunch,"Amti Bhaat (Low GI, with Millets)",351,15,42,7,13,Low,Low,Low,,"toor dal, rice, kokum, goda masala, coriander",Vegan,,"Keep it unsweetened, use whole grains or millets, and control the serving size carefully.",25 min walk after lunch,Watch portion size. Avoid added sugar.
850,Maharashtra,Diabetes,Lunch,Bajra Bhakri + Moong Amti + Dodka Bhaji,450,25,55,14,10,Low,Medium,Low,,"Pearl Millet, Green Gram, Ridge Gourd",Vegan,,Green gram has lower GI than toor dal.,15 mins light walking,Avoid if sugar exceeds 180
851,Maharashtra,Diabetes,Lunch,Bajra Bhakri + Moong Amti + Dodka Bhaji (With Lemon),450,25,55,14,10,Low,Medium,Low,,"Pearl Millet, Green Gram, Ridge Gourd",Vegan,,Low GI.,15 mins light walking,Avoid if sugar exceeds 180
852,Maharashtra,Diabetes,Lunch,Bajra Bhakri + Pithla + Dodka Bhaji,450,25,55,14,10,Low,Medium,Low,,"Pearl Millet, Gram Flour, Ridge Gourd",Vegan,,Bajra has low GI. Steam ridge gourd.,15 mins light walking,Avoid if sugar exceeds 180
853,Maharashtra,Diabetes,Lunch,Bajra Bhakri + Pithla + Dodka Bhaji (With Onion-Coriander),450,25,55,14,10,Low,Medium,Low,,"Pearl Millet, Gram Flour, Ridge Gourd",Vegan,,Low GI.,15 mins light walking,Avoid if sugar exceeds 180
854,Maharashtra,Diabetes,Lunch,"Bharli Vangi + Jowar Bhakri (No Sugar, with Kokum)",354,16,42,8,12,Low,Low,Low,"Peanuts, Sesame","brinjal, peanut, sesame, coconut, onion",Vegan,,"Keep it unsweetened, use whole grains or millets, and control the serving size carefully.",25 min walk after lunch,Contains peanuts. Watch portion size. Avoid added sugar.
855,Maharashtra,Diabetes,Lunch,"Bhoplyachi Bhaji + Chapati (No Sugar, with Kokum)",354,14,38,8,13,Low,Low,Low,,"pumpkin, coconut, cumin, coriander",Vegan,,"Keep it unsweetened, use whole grains or millets, and control the serving size carefully.",25 min walk after lunch,Watch portion size. Avoid added sugar.
856,Maharashtra,Diabetes,Lunch,Brown Rice + Zunka + Methi Bhaji,450,25,55,14,10,Low,Medium,Low,,"Brown Rice, Gram Flour, Fenugreek",Vegan,,Fenugreek helps manage glucose levels.,15 mins light walking,Avoid if sugar exceeds 180
857,Maharashtra,Diabetes,Lunch,Brown Rice + Zunka + Methi Bhaji (With Sesame),450,25,55,14,10,Low,Medium,Low,,"Brown Rice, Gram Flour, Fenugreek",Vegan,,Low GI.,15 mins light walking,Avoid if sugar exceeds 180
858,Maharashtra,Diabetes,Lunch,"Chawli Usal + Bhakri (High Fibre, with Millets)",339,15,38,7,11,Low,Low,Low,,"cowpeas, onion, tomato, garlic, coriander",Vegan,,"Keep it unsweetened, use whole grains or millets, and control the serving size carefully.",25 min walk after lunch,Watch portion size. Avoid added sugar.
859,Maharashtra,Diabetes,Lunch,"Gawar Bhaji + Bhakri (Low GI, with Millets)",336,14,38,7,11,Low,Low,Low,Peanuts,"cluster beans, onion, coconut, peanuts",Vegan,,"Keep it unsweetened, use whole grains or millets, and control the serving size carefully.",25 min walk after lunch,Contains peanuts. Watch portion size. Avoid added sugar.
860,Maharashtra,Diabetes,Lunch,Jowar Bhakri + Zunka + Methi Bhaji,450,25,55,14,10,Low,Medium,Low,,"Sorghum, Gram Flour, Fenugreek",Vegan,,Fenugreek reduces blood sugar.,15 mins light walking,Avoid if sugar exceeds 180
861,Maharashtra,Diabetes,Lunch,"Koshimbir + Bhakri (Steamed, with Kokum)",348,16,42,8,13,Low,Low,Low,"Peanuts, Dairy","cucumber, curd, coriander, peanuts",Vegan,,"Keep it unsweetened, use whole grains or millets, and control the serving size carefully.",25 min walk after lunch,Contains peanuts. Contains dairy. Watch portion size. Avoid added sugar.
862,Maharashtra,Diabetes,Lunch,"Solkadhi + Rice (No Potato, with Roasted Chana)",351,15,40,9,13,Low,Low,Low,Dairy,"kokum, coconut milk, garlic, coriander",Vegan,,"Keep it unsweetened, use whole grains or millets, and control the serving size carefully.",25 min walk after lunch,Contains dairy. Watch portion size. Avoid added sugar.
863,Maharashtra,Diabetes,Lunch,"Vangyache Bharit + Bhakri (With Millets, with Roasted Chana)",351,16,41,9,13,Low,Low,Low,"Peanuts, Sesame","roasted brinjal, peanut, sesame, onion, coriander",Vegan,,"Keep it unsweetened, use whole grains or millets, and control the serving size carefully.",25 min walk after lunch,Contains peanuts. Watch portion size. Avoid added sugar.
864,Maharashtra,Diabetes,Lunch,"Varan Bhaat (No Potato, with Roasted Chana)",336,16,39,9,13,Low,Low,Low,Dairy,"toor dal, rice, turmeric, ghee, cumin",Vegan,,"Keep it unsweetened, use whole grains or millets, and control the serving size carefully.",25 min walk after lunch,Contains dairy. Watch portion size. Avoid added sugar.
865,Maharashtra,Diabetes,Snack,"Bhakarwadi (With Millets, with Seasonal Vegetables)",136,7,11,4,7,Low,Low,Low,"Gluten, Sesame","gram flour, wheat flour, sesame, fennel, spices",Vegetarian,,"Keep it unsweetened, use whole grains or millets, and control the serving size carefully.",20 min gentle walk,Contains gluten. Watch portion size. Avoid added sugar.
866,Maharashtra,Diabetes,Snack,"Bhel Puri (No Sugar, with Jowar)",154,7,14,5,8,Low,Low,Low,Peanuts,"puffed rice, onion, tomato, coriander, peanuts, tamarind",Vegetarian,,"Keep it unsweetened, use whole grains or millets, and control the serving size carefully.",20 min gentle walk,Contains peanuts. Watch portion size. Avoid added sugar.
867,Maharashtra,Diabetes,Snack,"Bhel Puri (Steamed, with Jowar)",139,7,11,3,8,Low,Low,Low,Peanuts,"puffed rice, onion, tomato, coriander, peanuts, tamarind",Vegetarian,,"Keep it unsweetened, use whole grains or millets, and control the serving size carefully.",20 min gentle walk,Contains peanuts. Watch portion size. Avoid added sugar.
868,Maharashtra,Diabetes,Snack,"Chivda (No Sugar, with Jowar, Variant 1)",154,8,14,3,6,Low,Low,Low,Peanuts,"flattened rice, peanuts, curry leaves, mustard seeds, spices",Vegetarian,,"Keep it unsweetened, use whole grains or millets, and control the serving size carefully.",20 min gentle walk,Contains peanuts. Watch portion size. Avoid added sugar.
869,Maharashtra,Diabetes,Snack,Khare Shengdane (Salted Peanuts),150,8,20,4,5,Low,Medium,Medium,Peanuts,"Peanuts, Salt",Vegetarian,,Dry roast peanuts. Limit to small handful.,General mobility,
870,Maharashtra,Diabetes,Snack,"Kothimbir Vadi (High Fibre, with Moong)",154,7,10,5,8,Low,Low,Low,"Peanuts, Sesame","coriander leaves, besan, sesame, peanuts, green chilli",Vegetarian,,"Keep it unsweetened, use whole grains or millets, and control the serving size carefully.",20 min gentle walk,Contains peanuts. Watch portion size. Avoid added sugar.
871,Maharashtra,Diabetes,Snack,"Kothimbir Vadi (Low GI, with Moong, Variant 1)",154,8,11,3,7,Low,Low,Low,"Peanuts, Sesame","coriander leaves, besan, sesame, peanuts, green chilli",Vegetarian,,"Keep it unsweetened, use whole grains or millets, and control the serving size carefully.",20 min gentle walk,Contains peanuts. Watch portion size. Avoid added sugar.
872,Maharashtra,Diabetes,Snack,"Kurmura Bhel (No Sugar, with Jowar)",145,6,13,4,7,Low,Low,Low,Peanuts,"puffed rice, onion, tomato, coriander, peanuts, tamarind",Vegetarian,,"Keep it unsweetened, use whole grains or millets, and control the serving size carefully.",20 min gentle walk,Contains peanuts. Watch portion size. Avoid added sugar.
873,Maharashtra,Diabetes,Snack,"Kurmura Bhel (Steamed, with Jowar)",142,7,11,4,6,Low,Low,Low,Peanuts,"puffed rice, onion, tomato, coriander, peanuts, tamarind",Vegetarian,,"Keep it unsweetened, use whole grains or millets, and control the serving size carefully.",20 min gentle walk,Contains peanuts. Watch portion size. Avoid added sugar.
874,Maharashtra,Diabetes,Snack,"Panki (No Potato, with Seasonal Vegetables, Variant 1)",136,8,11,4,7,Low,Low,Low,Gluten,"rice flour, coconut, coriander, banana leaf",Vegetarian,,"Keep it unsweetened, use whole grains or millets, and control the serving size carefully.",20 min gentle walk,Contains gluten. Watch portion size. Avoid added sugar.
875,Maharashtra,Diabetes,Snack,"Roasted Chana (No Potato, with Seasonal Vegetables)",148,8,11,4,6,Low,Low,Low,,"roasted chana, curry leaves, black pepper, cumin",Vegetarian,,"Keep it unsweetened, use whole grains or millets, and control the serving size carefully.",20 min gentle walk,Watch portion size. Avoid added sugar.
876,Maharashtra,Diabetes,Snack,"Roasted Chana (With Millets, with Seasonal Vegetables, Variant 1)",145,8,10,5,7,Low,Low,Low,,"roasted chana, curry leaves, black pepper, cumin",Vegetarian,,"Keep it unsweetened, use whole grains or millets, and control the serving size carefully.",20 min gentle walk,Watch portion size. Avoid added sugar.
877,Maharashtra,Diabetes,Snack,Solkadhi (No Sugar),150,8,20,4,5,Low,Medium,Low,,"Kokum, Coconut Milk",Vegetarian,,Do not add any sweetener.,General mobility,
878,Maharashtra,Diabetes,Snack,"Sprouted Moong Chaat (High Fibre, with Moong)",139,7,14,3,6,Low,Low,Low,,"sprouted moong, onion, tomato, coriander, lemon",Vegetarian,,"Keep it unsweetened, use whole grains or millets, and control the serving size carefully.",20 min gentle walk,Watch portion size. Avoid added sugar.
879,Maharashtra,Diabetes,Snack,"Sprouted Moong Chaat (Low GI, with Moong)",154,8,10,3,8,Low,Low,Low,,"sprouted moong, onion, tomato, coriander, lemon",Vegetarian,,"Keep it unsweetened, use whole grains or millets, and control the serving size carefully.",20 min gentle walk,Watch portion size. Avoid added sugar.
880,Maharashtra,Diabetes,Snack,"Taak (Low GI, with Moong)",139,7,10,3,6,Low,Low,Low,Dairy,"buttermilk, cumin, coriander, curry leaves",Vegetarian,,"Keep it unsweetened, use whole grains or millets, and control the serving size carefully.",20 min gentle walk,Contains dairy. Watch portion size. Avoid added sugar.
881,Maharashtra,Diabetes,Snack,"Egg Bhurji Pav (High Fibre, with Egg)",162,14,14,7,7,Low,Low,Low,,local regional ingredients,Non-Vegetarian,,"Keep it unsweetened, use whole grains or millets, and control the serving size carefully.",20 min gentle walk,Watch portion size. Avoid added sugar.
882,Maharashtra,Diabetes,Snack,"Egg Bhurji Pav (High Fibre, with Egg, Variant 1)",165,12,14,8,7,Low,Low,Low,,local regional ingredients,Non-Vegetarian,,"Keep it unsweetened, use whole grains or millets, and control the serving size carefully.",20 min gentle walk,Watch portion size. Avoid added sugar.
883,Maharashtra,Diabetes,Snack,"Egg Bhurji Pav (High Fibre, with Egg, Variant 2)",174,14,11,8,8,Low,Low,Low,,local regional ingredients,Non-Vegetarian,,"Keep it unsweetened, use whole grains or millets, and control the serving size carefully.",20 min gentle walk,Watch portion size. Avoid added sugar.
884,Maharashtra,Diabetes,Snack,"Egg Bhurji Pav (Low GI, with Egg)",159,12,14,8,8,Low,Low,Low,,local regional ingredients,Non-Vegetarian,,"Keep it unsweetened, use whole grains or millets, and control the serving size carefully.",20 min gentle walk,Watch portion size. Avoid added sugar.
885,Maharashtra,Diabetes,Snack,"Egg Bhurji Pav (Low GI, with Egg, Variant 1)",156,12,12,6,6,Low,Low,Low,,local regional ingredients,Non-Vegetarian,,"Keep it unsweetened, use whole grains or millets, and control the serving size carefully.",20 min gentle walk,Watch portion size. Avoid added sugar.
886,Maharashtra,Diabetes,Snack,"Egg Bhurji Pav (Low GI, with Egg, Variant 2)",165,14,13,8,7,Low,Low,Low,,local regional ingredients,Non-Vegetarian,,"Keep it unsweetened, use whole grains or millets, and control the serving size carefully.",20 min gentle walk,Watch portion size. Avoid added sugar.
887,Maharashtra,Diabetes,Snack,"Egg Bhurji Pav (No Potato, with Lean Gravy)",165,13,13,7,7,Low,Low,Low,,local regional ingredients,Non-Vegetarian,,"Keep it unsweetened, use whole grains or millets, and control the serving size carefully.",20 min gentle walk,Watch portion size. Avoid added sugar.
888,Maharashtra,Diabetes,Snack,"Egg Bhurji Pav (No Potato, with Lean Gravy, Variant 1)",171,13,11,6,6,Low,Low,Low,,local regional ingredients,Non-Vegetarian,,"Keep it unsweetened, use whole grains or millets, and control the serving size carefully.",20 min gentle walk,Watch portion size. Avoid added sugar.
889,Maharashtra,Diabetes,Snack,"Egg Bhurji Pav (No Sugar, with Fish)",168,13,11,6,6,Low,Low,Low,,local regional ingredients,Non-Vegetarian,,"Keep it unsweetened, use whole grains or millets, and control the serving size carefully.",20 min gentle walk,Watch portion size. Avoid added sugar.
890,Maharashtra,Diabetes,Snack,"Egg Bhurji Pav (No Sugar, with Fish, Variant 1)",159,14,12,6,6,Low,Low,Low,,local regional ingredients,Non-Vegetarian,,"Keep it unsweetened, use whole grains or millets, and control the serving size carefully.",20 min gentle walk,Watch portion size. Avoid added sugar.
891,Maharashtra,Diabetes,Snack,"Egg Bhurji Pav (Steamed, with Fish)",165,13,11,8,8,Low,Low,Low,,local regional ingredients,Non-Vegetarian,,"Keep it unsweetened, use whole grains or millets, and control the serving size carefully.",20 min gentle walk,Watch portion size. Avoid added sugar.
892,Maharashtra,Diabetes,Snack,"Egg Bhurji Pav (Steamed, with Fish, Variant 1)",171,12,10,6,7,Low,Low,Low,,local regional ingredients,Non-Vegetarian,,"Keep it unsweetened, use whole grains or millets, and control the serving size carefully.",20 min gentle walk,Watch portion size. Avoid added sugar.
893,Maharashtra,Diabetes,Snack,"Egg Bhurji Pav (Steamed, with Fish, Variant 2)",156,13,14,8,8,Low,Low,Low,,local regional ingredients,Non-Vegetarian,,"Keep it unsweetened, use whole grains or millets, and control the serving size carefully.",20 min gentle walk,Watch portion size. Avoid added sugar.
894,Maharashtra,Diabetes,Snack,"Egg Bhurji Pav (With Millets, with Lean Gravy)",162,14,14,6,6,Low,Low,Low,,local regional ingredients,Non-Vegetarian,,"Keep it unsweetened, use whole grains or millets, and control the serving size carefully.",20 min gentle walk,Watch portion size. Avoid added sugar.
895,Maharashtra,Diabetes,Snack,"Egg Bhurji Pav (With Millets, with Lean Gravy, Variant 1)",162,14,14,7,7,Low,Low,Low,,local regional ingredients,Non-Vegetarian,,"Keep it unsweetened, use whole grains or millets, and control the serving size carefully.",20 min gentle walk,Watch portion size. Avoid added sugar.
896,Maharashtra,Diabetes,Snack,"Egg Bhurji Pav (With Millets, with Lean Gravy, Variant 2)",165,13,12,6,6,Low,Low,Low,,local regional ingredients,Non-Vegetarian,,"Keep it unsweetened, use whole grains or millets, and control the serving size carefully.",20 min gentle walk,Watch portion size. Avoid added sugar.
897,Maharashtra,Diabetes,Snack,"Bhakarwadi (Steamed, with Leafy Greens)",138,5,11,2,8,Low,Low,Low,"Gluten, Sesame","gram flour, wheat flour, sesame, fennel, spices",Vegan,,"Keep it unsweetened, use whole grains or millets, and control the serving size carefully.",20 min gentle walk,Contains gluten. Watch portion size. Avoid added sugar.
898,Maharashtra,Diabetes,Snack,"Bhel Puri (High Fibre, with Sesame)",132,5,11,2,9,Low,Low,Low,Peanuts,"puffed rice, onion, tomato, coriander, peanuts, tamarind",Vegan,,"Keep it unsweetened, use whole grains or millets, and control the serving size carefully.",20 min gentle walk,Contains peanuts. Watch portion size. Avoid added sugar.
899,Maharashtra,Diabetes,Snack,"Bhel Puri (Low GI, with Sesame)",135,5,12,3,8,Low,Low,Low,Peanuts,"puffed rice, onion, tomato, coriander, peanuts, tamarind",Vegan,,"Keep it unsweetened, use whole grains or millets, and control the serving size carefully.",20 min gentle walk,Contains peanuts. Watch portion size. Avoid added sugar.
900,Maharashtra,Diabetes,Snack,"Chivda (Low GI, with Sesame, Variant 1)",126,7,13,4,10,Low,Low,Low,Peanuts,"flattened rice, peanuts, curry leaves, mustard seeds, spices",Vegan,,"Keep it unsweetened, use whole grains or millets, and control the serving size carefully.",20 min gentle walk,Contains peanuts. Watch portion size. Avoid added sugar.
901,Maharashtra,Diabetes,Snack,"Kothimbir Vadi (No Potato, with Jowar)",126,5,13,4,10,Low,Low,Low,"Peanuts, Sesame","coriander leaves, besan, sesame, peanuts, green chilli",Vegan,,"Keep it unsweetened, use whole grains or millets, and control the serving size carefully.",20 min gentle walk,Contains peanuts. Watch portion size. Avoid added sugar.
902,Maharashtra,Diabetes,Snack,"Kothimbir Vadi (With Millets, with Jowar)",129,6,13,2,8,Low,Low,Low,"Peanuts, Sesame","coriander leaves, besan, sesame, peanuts, green chilli",Vegan,,"Keep it unsweetened, use whole grains or millets, and control the serving size carefully.",20 min gentle walk,Contains peanuts. Watch portion size. Avoid added sugar.
903,Maharashtra,Diabetes,Snack,"Kurmura Bhel (High Fibre, with Sesame)",144,5,11,2,8,Low,Low,Low,Peanuts,"puffed rice, onion, tomato, coriander, peanuts, tamarind",Vegan,,"Keep it unsweetened, use whole grains or millets, and control the serving size carefully.",20 min gentle walk,Contains peanuts. Watch portion size. Avoid added sugar.
904,Maharashtra,Diabetes,Snack,"Panki (No Sugar, with Leafy Greens)",132,5,10,4,8,Low,Low,Low,Gluten,"rice flour, coconut, coriander, banana leaf",Vegan,,"Keep it unsweetened, use whole grains or millets, and control the serving size carefully.",20 min gentle walk,Contains gluten. Watch portion size. Avoid added sugar.
905,Maharashtra,Diabetes,Snack,Roasted Chana,150,8,20,4,5,Low,Medium,Low,,Black Chickpeas,Vegan,,Dry roast without salt or oil.,General mobility,
906,Maharashtra,Diabetes,Snack,"Roasted Chana (No Sugar, with Leafy Greens)",135,7,10,3,8,Low,Low,Low,,"roasted chana, curry leaves, black pepper, cumin",Vegan,,"Keep it unsweetened, use whole grains or millets, and control the serving size carefully.",20 min gentle walk,Watch portion size. Avoid added sugar.
907,Maharashtra,Diabetes,Snack,"Roasted Chana (Steamed, with Leafy Greens)",135,5,13,2,10,Low,Low,Low,,"roasted chana, curry leaves, black pepper, cumin",Vegan,,"Keep it unsweetened, use whole grains or millets, and control the serving size carefully.",20 min gentle walk,Watch portion size. Avoid added sugar.
908,Maharashtra,Diabetes,Snack,Roasted Chana (With Ginger),150,8,20,4,5,Low,Medium,Low,,Black Chickpeas,Vegan,,Dry roast.,General mobility,
909,Maharashtra,Diabetes,Snack,"Sprouted Moong Chaat (No Potato, with Jowar)",135,7,14,4,10,Low,Low,Low,,"sprouted moong, onion, tomato, coriander, lemon",Vegan,,"Keep it unsweetened, use whole grains or millets, and control the serving size carefully.",20 min gentle walk,Watch portion size. Avoid added sugar.
910,Maharashtra,Diabetes,Snack,"Sprouted Moong Chaat (With Millets, with Jowar)",132,5,12,2,9,Low,Low,Low,,"sprouted moong, onion, tomato, coriander, lemon",Vegan,,"Keep it unsweetened, use whole grains or millets, and control the serving size carefully.",20 min gentle walk,Watch portion size. Avoid added sugar.
911,Maharashtra,Diabetes,Snack,Steamed Sprouts (Moong),150,8,20,4,5,Low,Medium,Low,,Green Gram Sprouts,Vegan,,Steam and add lemon. No salt.,General mobility,
912,Maharashtra,Diabetes,Snack,"Taak (With Millets, with Jowar)",138,7,11,3,9,Low,Low,Low,Dairy,"buttermilk, cumin, coriander, curry leaves",Vegan,,"Keep it unsweetened, use whole grains or millets, and control the serving size carefully.",20 min gentle walk,Contains dairy. Watch portion size. Avoid added sugar.
913,Maharashtra,Diabetes,Dinner,"Alu Wadi + Bhaat (Steamed, with Peanuts, Variant 1)",335,14,37,7,9,Low,Low,Low,"Peanuts, Sesame","colocasia leaves, besan, sesame, peanut",Vegetarian,,"Keep it unsweetened, use whole grains or millets, and control the serving size carefully.",30 min evening walk,Contains peanuts. Watch portion size. Avoid added sugar.
914,Maharashtra,Diabetes,Dinner,"Amti Bhaat (No Sugar, with Peanuts, Variant 1)",329,15,35,8,10,Low,Low,Low,,"toor dal, rice, kokum, goda masala, coriander",Vegetarian,,"Keep it unsweetened, use whole grains or millets, and control the serving size carefully.",30 min evening walk,Watch portion size. Avoid added sugar.
915,Maharashtra,Diabetes,Dinner,"Bharli Vangi + Jowar Bhakri (No Potato, with Matki, Variant 1)",341,16,39,8,10,Low,Low,Low,"Peanuts, Sesame","brinjal, peanut, sesame, coconut, onion",Vegetarian,,"Keep it unsweetened, use whole grains or millets, and control the serving size carefully.",30 min evening walk,Contains peanuts. Watch portion size. Avoid added sugar.
916,Maharashtra,Diabetes,Dinner,"Bhendi Bhaji + Chapati (No Potato, with Matki, Variant 1)",338,14,39,7,8,Low,Low,Low,,"okra, onion, mustard seeds, coconut",Vegetarian,,"Keep it unsweetened, use whole grains or millets, and control the serving size carefully.",30 min evening walk,Watch portion size. Avoid added sugar.
917,Maharashtra,Diabetes,Dinner,"Bhoplyachi Bhaji + Chapati (No Potato, with Matki, Variant 1)",332,15,35,7,8,Low,Low,Low,,"pumpkin, coconut, cumin, coriander",Vegetarian,,"Keep it unsweetened, use whole grains or millets, and control the serving size carefully.",30 min evening walk,Watch portion size. Avoid added sugar.
918,Maharashtra,Diabetes,Dinner,"Chawli Usal + Bhakri (Steamed, with Peanuts, Variant 1)",335,14,35,8,9,Low,Low,Low,,"cowpeas, onion, tomato, garlic, coriander",Vegetarian,,"Keep it unsweetened, use whole grains or millets, and control the serving size carefully.",30 min evening walk,Watch portion size. Avoid added sugar.
919,Maharashtra,Diabetes,Dinner,"Gawar Bhaji + Bhakri (No Sugar, with Peanuts, Variant 1)",332,14,39,7,8,Low,Low,Low,Peanuts,"cluster beans, onion, coconut, peanuts",Vegetarian,,"Keep it unsweetened, use whole grains or millets, and control the serving size carefully.",30 min evening walk,Contains peanuts. Watch portion size. Avoid added sugar.
920,Maharashtra,Diabetes,Dinner,"Kokum Saar + Rice (No Sugar, with Peanuts, Variant 1)",326,15,37,8,8,Low,Low,Low,,"kokum, cumin, jaggery, coriander",Vegetarian,,"Keep it unsweetened, use whole grains or millets, and control the serving size carefully.",30 min evening walk,Watch portion size. Avoid added sugar.
921,Maharashtra,Diabetes,Dinner,"Koshimbir + Bhakri (With Millets, with Matki, Variant 1)",338,16,38,7,9,Low,Low,Low,"Peanuts, Dairy","cucumber, curd, coriander, peanuts",Vegetarian,,"Keep it unsweetened, use whole grains or millets, and control the serving size carefully.",30 min evening walk,Contains peanuts. Contains dairy. Watch portion size. Avoid added sugar.
922,Maharashtra,Diabetes,Dinner,"Matki Usal + Jowar Bhakri (With Millets, with Matki, Variant 1)",332,16,36,9,10,Low,Low,Low,,"matki, onion, tomato, garlic, coriander",Vegetarian,,"Keep it unsweetened, use whole grains or millets, and control the serving size carefully.",30 min evening walk,Watch portion size. Avoid added sugar.
923,Maharashtra,Diabetes,Dinner,"Moong Usal + Chapati (High Fibre, with Thecha, Variant 1)",341,14,35,7,9,Low,Low,Low,,"moong beans, onion, tomato, curry leaves, coriander",Vegetarian,,"Keep it unsweetened, use whole grains or millets, and control the serving size carefully.",30 min evening walk,Watch portion size. Avoid added sugar.
924,Maharashtra,Diabetes,Dinner,"Pithla Bhakri (Steamed, with Peanuts, Variant 1)",341,14,36,7,10,Low,Low,Low,Gluten,"besan, onion, garlic, jowar flour, green chilli",Vegetarian,,"Keep it unsweetened, use whole grains or millets, and control the serving size carefully.",30 min evening walk,Contains gluten. Watch portion size. Avoid added sugar.
925,Maharashtra,Diabetes,Dinner,"Solkadhi + Rice (High Fibre, with Thecha, Variant 1)",332,15,39,8,8,Low,Low,Low,Dairy,"kokum, coconut milk, garlic, coriander",Vegetarian,,"Keep it unsweetened, use whole grains or millets, and control the serving size carefully.",30 min evening walk,Contains dairy. Watch portion size. Avoid added sugar.
926,Maharashtra,Diabetes,Dinner,"Tondli Bhaji + Bhakri (Low GI, with Thecha, Variant 1)",341,16,37,7,10,Low,Low,Low,Peanuts,"ivy gourd, peanuts, coconut, mustard seeds",Vegetarian,,"Keep it unsweetened, use whole grains or millets, and control the serving size carefully.",30 min evening walk,Contains peanuts. Watch portion size. Avoid added sugar.
927,Maharashtra,Diabetes,Dinner,"Vangyache Bharit + Bhakri (Low GI, with Thecha, Variant 1)",332,14,36,8,8,Low,Low,Low,"Peanuts, Sesame","roasted brinjal, peanut, sesame, onion, coriander",Vegetarian,,"Keep it unsweetened, use whole grains or millets, and control the serving size carefully.",30 min evening walk,Contains peanuts. Watch portion size. Avoid added sugar.
928,Maharashtra,Diabetes,Dinner,"Varan Bhaat (High Fibre, with Thecha, Variant 1)",338,15,36,8,9,Low,Low,Low,Dairy,"toor dal, rice, turmeric, ghee, cumin",Vegetarian,,"Keep it unsweetened, use whole grains or millets, and control the serving size carefully.",30 min evening walk,Contains dairy. Watch portion size. Avoid added sugar.
929,Maharashtra,Diabetes,Dinner,"Anda Bhurji + Bhakri (No Potato, with Mutton, Variant 1)",355,22,39,11,9,Low,Low,Low,Egg,"eggs, onion, tomato, green chilli, coriander",Non-Vegetarian,,"Keep it unsweetened, use whole grains or millets, and control the serving size carefully.",30 min evening walk,Contains egg. Watch portion size. Avoid added sugar.
930,Maharashtra,Diabetes,Dinner,"Anda Curry + Chapati (No Sugar, with Prawns)",349,21,35,12,10,Low,Low,Low,Egg,"eggs, onion, tomato, ginger, garlic",Non-Vegetarian,,"Keep it unsweetened, use whole grains or millets, and control the serving size carefully.",30 min evening walk,Contains egg. Watch portion size. Avoid added sugar.
931,Maharashtra,Diabetes,Dinner,"Anda Curry + Chapati (With Millets, with Mutton, Variant 1)",358,20,36,10,8,Low,Low,Low,Egg,"eggs, onion, tomato, ginger, garlic",Non-Vegetarian,,"Keep it unsweetened, use whole grains or millets, and control the serving size carefully.",30 min evening walk,Contains egg. Watch portion size. Avoid added sugar.
932,Maharashtra,Diabetes,Dinner,"Bangda Curry + Bhaat (High Fibre, with Chicken, Variant 1)",349,21,37,11,9,Low,Low,Low,Fish/Seafood,"mackerel, coconut, kokum, onion, garlic",Non-Vegetarian,Fish,"Keep it unsweetened, use whole grains or millets, and control the serving size carefully.",30 min evening walk,Contains fish/seafood. Watch portion size. Avoid added sugar.
933,Maharashtra,Diabetes,Dinner,Brown Rice (Small) + Fish Curry + Gawar Bhaji,350,20,45,10,8,Low,Medium,Low,Fish,"Brown Rice, Fish, Cluster Beans",Non-Vegetarian,fish,Tamarind based fish curry without coconut.,20 mins walk,Check for bones
934,Maharashtra,Diabetes,Dinner,Brown Rice + Fish Curry + Gawar,350,20,45,10,8,Low,Medium,Low,Fish,"Brown Rice, Fish, Cluster Beans",Non-Vegetarian,fish,Cluster beans reduce sugar absorption.,20 mins walk,Check for bones
935,Maharashtra,Diabetes,Dinner,Brown Rice + Fish Curry + Gawar (With Garlic),350,20,45,10,8,Low,Medium,Low,Fish,"Brown Rice, Fish, Cluster Beans",Non-Vegetarian,fish,Tamarind base.,20 mins walk,Check for bones
936,Maharashtra,Diabetes,Dinner,"Chicken Rassa + Bhakri (Low GI, with Chicken)",352,21,37,12,10,Low,Low,Low,,"chicken, onion, garlic, red chilli, spices",Non-Vegetarian,Chicken,"Keep it unsweetened, use whole grains or millets, and control the serving size carefully.",30 min evening walk,Watch portion size. Avoid added sugar.
937,Maharashtra,Diabetes,Dinner,"Chicken Rassa + Bhakri (Steamed, with Prawns, Variant 1)",358,20,36,10,8,Low,Low,Low,,"chicken, onion, garlic, red chilli, spices",Non-Vegetarian,Chicken,"Keep it unsweetened, use whole grains or millets, and control the serving size carefully.",30 min evening walk,Watch portion size. Avoid added sugar.
938,Maharashtra,Diabetes,Dinner,"Fish Curry + Rice (With Millets, with Mutton)",355,20,38,11,9,Low,Low,Low,Fish/Seafood,"fish, coconut, kokum, onion, garlic",Non-Vegetarian,Fish,"Keep it unsweetened, use whole grains or millets, and control the serving size carefully.",30 min evening walk,Contains fish/seafood. Watch portion size. Avoid added sugar.
939,Maharashtra,Diabetes,Dinner,Jowar Bhakri + Chicken Sukka (Dry) + Padwal,350,20,45,10,8,Low,Medium,Low,,"Sorghum, Chicken, Snake Gourd",Non-Vegetarian,chicken,Low GI carb with lean chicken protein.,20 mins walk,Check for bones
940,Maharashtra,Diabetes,Dinner,"Kolambi Curry + Rice (Low GI, with Chicken, Variant 1)",364,22,35,10,9,Low,Low,Low,Fish/Seafood,"prawns, coconut, kokum, onion, garlic",Non-Vegetarian,Seafood,"Keep it unsweetened, use whole grains or millets, and control the serving size carefully.",30 min evening walk,Contains fish/seafood. Watch portion size. Avoid added sugar.
941,Maharashtra,Diabetes,Dinner,"Kolambi Curry + Rice (No Potato, with Mutton)",358,20,39,11,10,Low,Low,Low,Fish/Seafood,"prawns, coconut, kokum, onion, garlic",Non-Vegetarian,Seafood,"Keep it unsweetened, use whole grains or millets, and control the serving size carefully.",30 min evening walk,Contains fish/seafood. Watch portion size. Avoid added sugar.
942,Maharashtra,Diabetes,Dinner,"Patra Ni Macchi + Rice (Steamed, with Prawns)",358,20,39,11,9,Low,Low,Low,Fish/Seafood,"fish, green chutney, banana leaf, lemon",Non-Vegetarian,Fish,"Keep it unsweetened, use whole grains or millets, and control the serving size carefully.",30 min evening walk,Contains fish/seafood. Watch portion size. Avoid added sugar.
943,Maharashtra,Diabetes,Dinner,"Varhadi Chicken + Jowar Bhakri (High Fibre, with Chicken)",346,20,37,11,10,Low,Low,Low,,"chicken, goda masala, onion, garlic, ginger",Non-Vegetarian,Chicken,"Keep it unsweetened, use whole grains or millets, and control the serving size carefully.",30 min evening walk,Watch portion size. Avoid added sugar.
944,Maharashtra,Diabetes,Dinner,"Varhadi Chicken + Jowar Bhakri (No Sugar, with Prawns, Variant 1)",352,21,35,10,9,Low,Low,Low,,"chicken, goda masala, onion, garlic, ginger",Non-Vegetarian,Chicken,"Keep it unsweetened, use whole grains or millets, and control the serving size carefully.",30 min evening walk,Watch portion size. Avoid added sugar.
945,Maharashtra,Diabetes,Dinner,"Amti Bhaat (Low GI, with Millets, Variant 1)",325,13,38,7,10,Low,Low,Low,,"toor dal, rice, kokum, goda masala, coriander",Vegan,,"Keep it unsweetened, use whole grains or millets, and control the serving size carefully.",30 min evening walk,Watch portion size. Avoid added sugar.
946,Maharashtra,Diabetes,Dinner,"Bharli Vangi + Jowar Bhakri (No Sugar, with Kokum, Variant 1)",322,15,38,6,10,Low,Low,Low,"Peanuts, Sesame","brinjal, peanut, sesame, coconut, onion",Vegan,,"Keep it unsweetened, use whole grains or millets, and control the serving size carefully.",30 min evening walk,Contains peanuts. Watch portion size. Avoid added sugar.
947,Maharashtra,Diabetes,Dinner,"Bhoplyachi Bhaji + Chapati (No Sugar, with Kokum, Variant 1)",319,15,36,7,10,Low,Low,Low,,"pumpkin, coconut, cumin, coriander",Vegan,,"Keep it unsweetened, use whole grains or millets, and control the serving size carefully.",30 min evening walk,Watch portion size. Avoid added sugar.
948,Maharashtra,Diabetes,Dinner,"Chawli Usal + Bhakri (High Fibre, with Millets, Variant 1)",322,15,35,7,11,Low,Low,Low,,"cowpeas, onion, tomato, garlic, coriander",Vegan,,"Keep it unsweetened, use whole grains or millets, and control the serving size carefully.",30 min evening walk,Watch portion size. Avoid added sugar.
949,Maharashtra,Diabetes,Dinner,"Dodka Bhaji + Bhakri (No Potato, with Roasted Chana)",331,14,38,6,10,Low,Low,Low,,"ridge gourd, onion, coconut, cumin",Vegan,,"Keep it unsweetened, use whole grains or millets, and control the serving size carefully.",30 min evening walk,Watch portion size. Avoid added sugar.
950,Maharashtra,Diabetes,Dinner,"Gawar Bhaji + Bhakri (Low GI, with Millets, Variant 1)",316,15,35,8,11,Low,Low,Low,Peanuts,"cluster beans, onion, coconut, peanuts",Vegan,,"Keep it unsweetened, use whole grains or millets, and control the serving size carefully.",30 min evening walk,Contains peanuts. Watch portion size. Avoid added sugar.
951,Maharashtra,Diabetes,Dinner,Jowar Bhakri + Pithla + Padwal Bhaji,350,20,45,10,8,Low,Medium,Low,,"Sorghum, Gram Flour, Snake Gourd",Vegan,,Low GI dinner for stable overnight glucose.,20 mins walk,Check for bones
952,Maharashtra,Diabetes,Dinner,Jowar Bhakri + Pithla + Padwal Bhaji (With Curry Leaves),350,20,45,10,8,Low,Medium,Low,,"Sorghum, Gram Flour, Snake Gourd",Vegan,,Low GI.,20 mins walk,Check for bones
953,Maharashtra,Diabetes,Dinner,"Kala Chana Usal + Bhakri (High Fibre, with Millets)",322,14,38,6,11,Low,Low,Low,,"kala chana, onion, tomato, coconut, coriander",Vegan,,"Keep it unsweetened, use whole grains or millets, and control the serving size carefully.",30 min evening walk,Watch portion size. Avoid added sugar.
954,Maharashtra,Diabetes,Dinner,"Koshimbir + Bhakri (Steamed, with Kokum, Variant 1)",319,13,35,8,11,Low,Low,Low,"Peanuts, Dairy","cucumber, curd, coriander, peanuts",Vegan,,"Keep it unsweetened, use whole grains or millets, and control the serving size carefully.",30 min evening walk,Contains peanuts. Contains dairy. Watch portion size. Avoid added sugar.
955,Maharashtra,Diabetes,Dinner,"Methi Patal Bhaji + Bhakri (No Sugar, with Kokum)",334,14,37,7,10,Low,Low,Low,,"fenugreek leaves, besan, onion, garlic",Vegan,,"Keep it unsweetened, use whole grains or millets, and control the serving size carefully.",30 min evening walk,Watch portion size. Avoid added sugar.
956,Maharashtra,Diabetes,Dinner,"Solkadhi + Rice (No Potato, with Roasted Chana, Variant 1)",328,14,36,8,12,Low,Low,Low,Dairy,"kokum, coconut milk, garlic, coriander",Vegan,,"Keep it unsweetened, use whole grains or millets, and control the serving size carefully.",30 min evening walk,Contains dairy. Watch portion size. Avoid added sugar.
957,Maharashtra,Diabetes,Dinner,"Sprouted Matki Usal + Jowar Bhakri (With Millets, with Roasted Chana)",316,13,35,7,10,Low,Low,Low,,"sprouted matki, onion, tomato, coriander, cumin, matki, garlic",Vegan,,"Keep it unsweetened, use whole grains or millets, and control the serving size carefully.",30 min evening walk,Watch portion size. Avoid added sugar.
958,Maharashtra,Diabetes,Dinner,"Vangyache Bharit + Bhakri (With Millets, with Roasted Chana, Variant 1)",316,13,36,6,12,Low,Low,Low,"Peanuts, Sesame","roasted brinjal, peanut, sesame, onion, coriander",Vegan,,"Keep it unsweetened, use whole grains or millets, and control the serving size carefully.",30 min evening walk,Contains peanuts. Watch portion size. Avoid added sugar.
959,Maharashtra,Diabetes,Dinner,"Varan Bhaat (No Potato, with Roasted Chana, Variant 1)",319,14,36,8,10,Low,Low,Low,Dairy,"toor dal, rice, turmeric, ghee, cumin",Vegan,,"Keep it unsweetened, use whole grains or millets, and control the serving size carefully.",30 min evening walk,Contains dairy. Watch portion size. Avoid added sugar.
960,Maharashtra,Diabetes,Dinner,"Zunka Bhakri (Steamed, with Kokum)",316,14,37,7,11,Low,Low,Low,Gluten,"besan, onion, garlic, coriander, jowar flour",Vegan,,"Keep it unsweetened, use whole grains or millets, and control the serving size carefully.",30 min evening walk,Contains gluten. Watch portion size. Avoid added sugar.
961,Maharashtra,High Bp,Breakfast,"Batata Poha (With Lemon, with Seasonal Vegetables)",197,8,28,5,8,Low,Low,Low,Peanuts,"poha, onion, mustard seeds, curry leaves, green chilli, lemon, peanuts",Vegetarian,,"Avoid added salt, use lemon or kokum for flavour, and keep the tempering light.",20 min slow walk and breathing,Contains peanuts. Watch portion size. Keep sodium low.
962,Maharashtra,High Bp,Breakfast,"Chivda (With Kokum, with Moong)",197,9,29,5,7,Low,Low,Low,Peanuts,"flattened rice, peanuts, curry leaves, mustard seeds, spices",Vegetarian,,"Avoid added salt, use lemon or kokum for flavour, and keep the tempering light.",20 min slow walk and breathing,Contains peanuts. Watch portion size. Keep sodium low.
963,Maharashtra,High Bp,Breakfast,"Dadpe Pohe (With Kokum, with Moong)",194,10,27,5,6,Low,Low,Medium,Peanuts,"poha, onion, mustard seeds, curry leaves, green chilli, lemon, peanuts",Vegetarian,,"Avoid added salt, use lemon or kokum for flavour, and keep the tempering light.",20 min slow walk and breathing,Contains peanuts. Watch portion size. Keep sodium low.
964,Maharashtra,High Bp,Breakfast,"Ghavan (Low Salt, with Moong)",194,10,25,6,7,Low,Low,Medium,Gluten,"rice flour, fenugreek leaves or ragi, cumin, curry leaves",Vegetarian,,"Avoid added salt, use lemon or kokum for flavour, and keep the tempering light.",20 min slow walk and breathing,Contains gluten. Watch portion size. Keep sodium low.
965,Maharashtra,High Bp,Breakfast,"Ghavan (No Added Salt, with Jowar)",191,8,25,4,6,Low,Low,Low,Gluten,"rice flour, fenugreek leaves or ragi, cumin, curry leaves",Vegetarian,,"Avoid added salt, use lemon or kokum for flavour, and keep the tempering light.",20 min slow walk and breathing,Contains gluten. Watch portion size. Keep sodium low.
966,Maharashtra,High Bp,Breakfast,"Kanda Poha (Low Salt, with Moong)",203,9,26,5,7,Low,Low,Medium,Peanuts,"poha, onion, mustard seeds, curry leaves, green chilli, lemon, peanuts",Vegetarian,,"Avoid added salt, use lemon or kokum for flavour, and keep the tempering light.",20 min slow walk and breathing,Contains peanuts. Watch portion size. Keep sodium low.
967,Maharashtra,High Bp,Breakfast,"Kothimbir Vadi (Light Tempering, with Seasonal Vegetables)",203,8,27,5,7,Low,Low,Medium,"Peanuts, Sesame","coriander leaves, besan, sesame, peanuts, green chilli",Vegetarian,,"Avoid added salt, use lemon or kokum for flavour, and keep the tempering light.",20 min slow walk and breathing,Contains peanuts. Watch portion size. Keep sodium low.
968,Maharashtra,High Bp,Breakfast,"Methi Ghavan (With Lemon, with Seasonal Vegetables)",194,9,28,6,7,Low,Low,Medium,Gluten,"rice flour, fenugreek leaves or ragi, cumin, curry leaves",Vegetarian,,"Avoid added salt, use lemon or kokum for flavour, and keep the tempering light.",20 min slow walk and breathing,Contains gluten. Watch portion size. Keep sodium low.
969,Maharashtra,High Bp,Breakfast,"Panki (With Herbs, with Jowar)",191,9,28,4,7,Low,Low,Medium,Gluten,"rice flour, coconut, coriander, banana leaf",Vegetarian,,"Avoid added salt, use lemon or kokum for flavour, and keep the tempering light.",20 min slow walk and breathing,Contains gluten. Watch portion size. Keep sodium low.
970,Maharashtra,High Bp,Breakfast,"Ragi Ghavan (With Herbs, with Jowar)",203,9,29,4,6,Low,Low,Low,Gluten,"rice flour, fenugreek leaves or ragi, cumin, curry leaves",Vegetarian,,"Avoid added salt, use lemon or kokum for flavour, and keep the tempering light.",20 min slow walk and breathing,Contains gluten. Watch portion size. Keep sodium low.
971,Maharashtra,High Bp,Breakfast,"Roasted Chana (No Added Salt, with Jowar)",206,9,25,5,7,Low,Low,Medium,,"roasted chana, curry leaves, black pepper, cumin",Vegetarian,,"Avoid added salt, use lemon or kokum for flavour, and keep the tempering light.",20 min slow walk and breathing,Watch portion size. Keep sodium low.
972,Maharashtra,High Bp,Breakfast,"Sabudana Khichdi (Low Salt, with Moong)",200,10,26,4,8,Low,Low,Low,Peanuts,"sabudana, peanuts, potato, cumin, curry leaves",Vegetarian,,"Avoid added salt, use lemon or kokum for flavour, and keep the tempering light.",20 min slow walk and breathing,Contains peanuts. Watch portion size. Keep sodium low.
973,Maharashtra,High Bp,Breakfast,"Sabudana Khichdi (With Lemon, with Seasonal Vegetables)",197,9,26,6,7,Low,Low,Medium,Peanuts,"sabudana, peanuts, potato, cumin, curry leaves",Vegetarian,,"Avoid added salt, use lemon or kokum for flavour, and keep the tempering light.",20 min slow walk and breathing,Contains peanuts. Watch portion size. Keep sodium low.
974,Maharashtra,High Bp,Breakfast,"Sprouted Matki Usal (No Added Salt, with Jowar)",209,10,25,4,8,Low,Low,Medium,,"sprouted matki, onion, tomato, coriander, cumin, matki, garlic",Vegetarian,,"Avoid added salt, use lemon or kokum for flavour, and keep the tempering light.",20 min slow walk and breathing,Watch portion size. Keep sodium low.
975,Maharashtra,High Bp,Breakfast,"Thalipeeth (Light Tempering, with Seasonal Vegetables)",194,9,28,6,6,Low,Low,Medium,"Gluten, Sesame","jowar flour, bajra flour, rice flour, onion, coriander, sesame",Vegetarian,,"Avoid added salt, use lemon or kokum for flavour, and keep the tempering light.",20 min slow walk and breathing,Contains gluten. Watch portion size. Keep sodium low.
976,Maharashtra,High Bp,Breakfast,Unsalted Dadpe Pohe,300,15,40,8,6,Medium,Low,Low,,"Flattened Rice, Coconut, Onion",Vegetarian,,Mix raw ingredients. Strictly zero salt.,30 mins light cardio,Stop if BP exceeds 140
977,Maharashtra,High Bp,Breakfast,"Anda Curry + Chapati (Light Tempering, with Lean Gravy)",220,16,28,9,8,Low,Low,Medium,Egg,"eggs, onion, tomato, ginger, garlic",Non-Vegetarian,,"Avoid added salt, use lemon or kokum for flavour, and keep the tempering light.",20 min slow walk and breathing,Contains egg. Watch portion size. Keep sodium low.
978,Maharashtra,High Bp,Breakfast,"Anda Curry + Chapati (Light Tempering, with Lean Gravy, Variant 1)",217,14,29,8,6,Low,Low,Medium,Egg,"eggs, onion, tomato, ginger, garlic",Non-Vegetarian,,"Avoid added salt, use lemon or kokum for flavour, and keep the tempering light.",20 min slow walk and breathing,Contains egg. Watch portion size. Keep sodium low.
979,Maharashtra,High Bp,Breakfast,"Anda Curry + Chapati (Low Salt, with Egg, Variant 2)",211,16,28,9,8,Low,Low,Medium,Egg,"eggs, onion, tomato, ginger, garlic",Non-Vegetarian,,"Avoid added salt, use lemon or kokum for flavour, and keep the tempering light.",20 min slow walk and breathing,Contains egg. Watch portion size. Keep sodium low.
980,Maharashtra,High Bp,Breakfast,"Anda Curry + Chapati (Low Salt, with Egg, Variant 3)",229,14,29,8,7,Low,Low,Medium,Egg,"eggs, onion, tomato, ginger, garlic",Non-Vegetarian,,"Avoid added salt, use lemon or kokum for flavour, and keep the tempering light.",20 min slow walk and breathing,Contains egg. Watch portion size. Keep sodium low.
981,Maharashtra,High Bp,Breakfast,"Anda Curry + Chapati (Low Salt, with Egg, Variant 4)",214,15,29,7,6,Low,Low,Medium,Egg,"eggs, onion, tomato, ginger, garlic",Non-Vegetarian,,"Avoid added salt, use lemon or kokum for flavour, and keep the tempering light.",20 min slow walk and breathing,Contains egg. Watch portion size. Keep sodium low.
982,Maharashtra,High Bp,Breakfast,"Anda Curry + Chapati (No Added Salt, with Fish)",229,15,25,9,7,Low,Low,Medium,Egg,"eggs, onion, tomato, ginger, garlic",Non-Vegetarian,,"Avoid added salt, use lemon or kokum for flavour, and keep the tempering light.",20 min slow walk and breathing,Contains egg. Watch portion size. Keep sodium low.
983,Maharashtra,High Bp,Breakfast,"Anda Curry + Chapati (No Added Salt, with Fish, Variant 1)",226,15,29,7,8,Low,Low,Medium,Egg,"eggs, onion, tomato, ginger, garlic",Non-Vegetarian,,"Avoid added salt, use lemon or kokum for flavour, and keep the tempering light.",20 min slow walk and breathing,Contains egg. Watch portion size. Keep sodium low.
984,Maharashtra,High Bp,Breakfast,"Anda Curry + Chapati (With Herbs, with Fish)",220,14,25,8,8,Low,Low,Medium,Egg,"eggs, onion, tomato, ginger, garlic",Non-Vegetarian,,"Avoid added salt, use lemon or kokum for flavour, and keep the tempering light.",20 min slow walk and breathing,Contains egg. Watch portion size. Keep sodium low.
985,Maharashtra,High Bp,Breakfast,"Anda Curry + Chapati (With Herbs, with Fish, Variant 1)",220,16,29,7,6,Low,Low,Medium,Egg,"eggs, onion, tomato, ginger, garlic",Non-Vegetarian,,"Avoid added salt, use lemon or kokum for flavour, and keep the tempering light.",20 min slow walk and breathing,Contains egg. Watch portion size. Keep sodium low.
986,Maharashtra,High Bp,Breakfast,"Anda Curry + Chapati (With Herbs, with Fish, Variant 2)",217,14,28,9,7,Low,Low,Medium,Egg,"eggs, onion, tomato, ginger, garlic",Non-Vegetarian,,"Avoid added salt, use lemon or kokum for flavour, and keep the tempering light.",20 min slow walk and breathing,Contains egg. Watch portion size. Keep sodium low.
987,Maharashtra,High Bp,Breakfast,"Anda Curry + Chapati (With Kokum, with Egg)",220,15,27,9,8,Low,Low,Medium,Egg,"eggs, onion, tomato, ginger, garlic",Non-Vegetarian,,"Avoid added salt, use lemon or kokum for flavour, and keep the tempering light.",20 min slow walk and breathing,Contains egg. Watch portion size. Keep sodium low.
988,Maharashtra,High Bp,Breakfast,"Anda Curry + Chapati (With Kokum, with Egg, Variant 1)",229,14,29,8,8,Low,Low,Medium,Egg,"eggs, onion, tomato, ginger, garlic",Non-Vegetarian,,"Avoid added salt, use lemon or kokum for flavour, and keep the tempering light.",20 min slow walk and breathing,Contains egg. Watch portion size. Keep sodium low.
989,Maharashtra,High Bp,Breakfast,"Anda Curry + Chapati (With Lemon, with Lean Gravy)",226,16,27,7,6,Low,Low,Medium,Egg,"eggs, onion, tomato, ginger, garlic",Non-Vegetarian,,"Avoid added salt, use lemon or kokum for flavour, and keep the tempering light.",20 min slow walk and breathing,Contains egg. Watch portion size. Keep sodium low.
990,Maharashtra,High Bp,Breakfast,"Anda Curry + Chapati (With Lemon, with Lean Gravy, Variant 1)",211,16,28,9,6,Low,Low,Medium,Egg,"eggs, onion, tomato, ginger, garlic",Non-Vegetarian,,"Avoid added salt, use lemon or kokum for flavour, and keep the tempering light.",20 min slow walk and breathing,Contains egg. Watch portion size. Keep sodium low.
991,Maharashtra,High Bp,Breakfast,"Anda Curry + Chapati (With Lemon, with Lean Gravy, Variant 2)",217,14,28,9,6,Low,Low,Medium,Egg,"eggs, onion, tomato, ginger, garlic",Non-Vegetarian,,"Avoid added salt, use lemon or kokum for flavour, and keep the tempering light.",20 min slow walk and breathing,Contains egg. Watch portion size. Keep sodium low.
992,Maharashtra,High Bp,Breakfast,Low-salt Upma,300,15,40,8,6,Medium,Low,Low,Gluten,"Semolina, Veggies",Non-Vegetarian,,"Cook without salt, use lemon for taste.",30 mins light cardio,Stop if BP exceeds 140
993,Maharashtra,High Bp,Breakfast,"Batata Poha (With Herbs, with Leafy Greens)",190,9,26,4,9,Medium,Low,Medium,Peanuts,"poha, onion, mustard seeds, curry leaves, green chilli, lemon, peanuts",Vegan,,"Avoid added salt, use lemon or kokum for flavour, and keep the tempering light.",20 min slow walk and breathing,Contains peanuts. Watch portion size. Keep sodium low.
994,Maharashtra,High Bp,Breakfast,"Chivda (Light Tempering, with Jowar)",184,8,26,5,10,Medium,Low,Medium,Peanuts,"flattened rice, peanuts, curry leaves, mustard seeds, spices",Vegan,,"Avoid added salt, use lemon or kokum for flavour, and keep the tempering light.",20 min slow walk and breathing,Contains peanuts. Watch portion size. Keep sodium low.
995,Maharashtra,High Bp,Breakfast,"Dadpe Pohe (With Kokum, with Sesame)",184,9,26,5,8,Medium,Low,Medium,Peanuts,"poha, onion, mustard seeds, curry leaves, green chilli, lemon, peanuts",Vegan,,"Avoid added salt, use lemon or kokum for flavour, and keep the tempering light.",20 min slow walk and breathing,Contains peanuts. Watch portion size. Keep sodium low.
996,Maharashtra,High Bp,Breakfast,"Ghavan (Low Salt, with Sesame)",193,8,27,4,8,Medium,Low,Medium,Gluten,"rice flour, fenugreek leaves or ragi, cumin, curry leaves",Vegan,,"Avoid added salt, use lemon or kokum for flavour, and keep the tempering light.",20 min slow walk and breathing,Contains gluten. Watch portion size. Keep sodium low.
997,Maharashtra,High Bp,Breakfast,"Kothimbir Vadi (Light Tempering, with Jowar)",187,9,29,5,8,Medium,Low,Medium,"Peanuts, Sesame","coriander leaves, besan, sesame, peanuts, green chilli",Vegan,,"Avoid added salt, use lemon or kokum for flavour, and keep the tempering light.",20 min slow walk and breathing,Contains peanuts. Watch portion size. Keep sodium low.
998,Maharashtra,High Bp,Breakfast,"Methi Ghavan (With Lemon, with Jowar)",181,9,29,4,9,Low,Low,Medium,Gluten,"rice flour, fenugreek leaves or ragi, cumin, curry leaves",Vegan,,"Avoid added salt, use lemon or kokum for flavour, and keep the tempering light.",20 min slow walk and breathing,Contains gluten. Watch portion size. Keep sodium low.
999,Maharashtra,High Bp,Breakfast,"Panki (With Herbs, with Leafy Greens)",184,7,25,4,9,Low,Low,Medium,Gluten,"rice flour, coconut, coriander, banana leaf",Vegan,,"Avoid added salt, use lemon or kokum for flavour, and keep the tempering light.",20 min slow walk and breathing,Contains gluten. Watch portion size. Keep sodium low.
1000,Maharashtra,High Bp,Breakfast,"Ragi Ghavan (With Kokum, with Sesame)",181,9,28,5,10,Medium,Low,Medium,Gluten,"rice flour, fenugreek leaves or ragi, cumin, curry leaves",Vegan,,"Avoid added salt, use lemon or kokum for flavour, and keep the tempering light.",20 min slow walk and breathing,Contains gluten. Watch portion size. Keep sodium low.
1001,Maharashtra,High Bp,Breakfast,"Roasted Chana (No Added Salt, with Leafy Greens)",199,7,26,5,10,Medium,Low,Medium,,"roasted chana, curry leaves, black pepper, cumin",Vegan,,"Avoid added salt, use lemon or kokum for flavour, and keep the tempering light.",20 min slow walk and breathing,Watch portion size. Keep sodium low.
1002,Maharashtra,High Bp,Breakfast,"Sabudana Khichdi (With Lemon, with Jowar)",196,8,29,5,9,Medium,Low,Medium,Peanuts,"sabudana, peanuts, potato, cumin, curry leaves",Vegan,,"Avoid added salt, use lemon or kokum for flavour, and keep the tempering light.",20 min slow walk and breathing,Contains peanuts. Watch portion size. Keep sodium low.
1003,Maharashtra,High Bp,Breakfast,"Sprouted Matki Usal (Low Salt, with Sesame)",196,9,26,5,10,Medium,Low,Medium,,"sprouted matki, onion, tomato, coriander, cumin, matki, garlic",Vegan,,"Avoid added salt, use lemon or kokum for flavour, and keep the tempering light.",20 min slow walk and breathing,Watch portion size. Keep sodium low.
1004,Maharashtra,High Bp,Breakfast,"Thalipeeth (No Added Salt, with Leafy Greens)",196,8,27,3,9,Medium,Low,Medium,"Gluten, Sesame","jowar flour, bajra flour, rice flour, onion, coriander, sesame",Vegan,,"Avoid added salt, use lemon or kokum for flavour, and keep the tempering light.",20 min slow walk and breathing,Contains gluten. Watch portion size. Keep sodium low.
1005,Maharashtra,High Bp,Breakfast,Unsalted Ghavan,300,15,40,8,6,High,Low,Low,,Rice Flour,Vegan,,Cook without salt.,30 mins light cardio,Stop if BP exceeds 140
1006,Maharashtra,High Bp,Breakfast,Unsalted Poha,300,15,40,8,6,Medium,Low,Low,Peanuts,"Flattened Rice, Peanuts",Vegan,,No salt.,30 mins light cardio,Stop if BP exceeds 140
1007,Maharashtra,High Bp,Breakfast,Unsalted Thalipeeth,300,15,40,8,6,Medium,Low,Low,,"Multigrain Flour, Onion",Vegan,,Omit salt completely. Add extra coriander.,30 mins light cardio,Stop if BP exceeds 140
1008,Maharashtra,High Bp,Breakfast,Unsalted Thalipeeth (With Lemon),300,15,40,8,6,Medium,Low,Low,,Multigrain Flour,Vegan,,No salt.,30 mins light cardio,Stop if BP exceeds 140
1009,Maharashtra,High Bp,Lunch,"Alu Wadi + Bhaat (With Herbs, with Peanuts)",369,15,44,10,10,Medium,Low,Medium,"Peanuts, Sesame","colocasia leaves, besan, sesame, peanut",Vegetarian,,"Avoid added salt, use lemon or kokum for flavour, and keep the tempering light.",25 min brisk walk,Contains peanuts. Watch portion size. Keep sodium low.
1010,Maharashtra,High Bp,Lunch,"Amti Bhaat (No Added Salt, with Peanuts)",354,16,43,10,8,Medium,Low,Medium,,"toor dal, rice, kokum, goda masala, coriander",Vegetarian,,"Avoid added salt, use lemon or kokum for flavour, and keep the tempering light.",25 min brisk walk,Watch portion size. Keep sodium low.
1011,Maharashtra,High Bp,Lunch,"Bharli Vangi + Jowar Bhakri (Light Tempering, with Matki)",360,16,43,8,10,Medium,Low,Medium,"Peanuts, Sesame","brinjal, peanut, sesame, coconut, onion",Vegetarian,,"Avoid added salt, use lemon or kokum for flavour, and keep the tempering light.",25 min brisk walk,Contains peanuts. Watch portion size. Keep sodium low.
1012,Maharashtra,High Bp,Lunch,"Bhendi Bhaji + Chapati (Light Tempering, with Matki)",369,16,46,10,10,Medium,Low,Medium,,"okra, onion, mustard seeds, coconut",Vegetarian,,"Avoid added salt, use lemon or kokum for flavour, and keep the tempering light.",25 min brisk walk,Watch portion size. Keep sodium low.
1013,Maharashtra,High Bp,Lunch,"Bhoplyachi Bhaji + Chapati (Light Tempering, with Matki)",357,15,44,9,10,Medium,Low,Medium,,"pumpkin, coconut, cumin, coriander",Vegetarian,,"Avoid added salt, use lemon or kokum for flavour, and keep the tempering light.",25 min brisk walk,Watch portion size. Keep sodium low.
1014,Maharashtra,High Bp,Lunch,"Chawli Usal + Bhakri (With Herbs, with Peanuts)",357,17,47,8,10,Medium,Low,Medium,,"cowpeas, onion, tomato, garlic, coriander",Vegetarian,,"Avoid added salt, use lemon or kokum for flavour, and keep the tempering light.",25 min brisk walk,Watch portion size. Keep sodium low.
1015,Maharashtra,High Bp,Lunch,"Gawar Bhaji + Bhakri (No Added Salt, with Peanuts)",360,16,47,8,10,Medium,Low,Medium,Peanuts,"cluster beans, onion, coconut, peanuts",Vegetarian,,"Avoid added salt, use lemon or kokum for flavour, and keep the tempering light.",25 min brisk walk,Contains peanuts. Watch portion size. Keep sodium low.
1016,Maharashtra,High Bp,Lunch,"Kokum Saar + Rice (No Added Salt, with Peanuts)",351,17,44,9,9,Medium,Low,Medium,,"kokum, cumin, jaggery, coriander",Vegetarian,,"Avoid added salt, use lemon or kokum for flavour, and keep the tempering light.",25 min brisk walk,Watch portion size. Keep sodium low.
1017,Maharashtra,High Bp,Lunch,"Koshimbir + Bhakri (With Lemon, with Matki)",354,15,46,8,8,Medium,Low,Medium,"Peanuts, Dairy","cucumber, curd, coriander, peanuts",Vegetarian,,"Avoid added salt, use lemon or kokum for flavour, and keep the tempering light.",25 min brisk walk,Contains peanuts. Contains dairy. Watch portion size. Keep sodium low.
1018,Maharashtra,High Bp,Lunch,"Matki Usal + Jowar Bhakri (With Lemon, with Matki)",351,15,44,10,10,Medium,Low,Medium,,"matki, onion, tomato, garlic, coriander",Vegetarian,,"Avoid added salt, use lemon or kokum for flavour, and keep the tempering light.",25 min brisk walk,Watch portion size. Keep sodium low.
1019,Maharashtra,High Bp,Lunch,"Moong Usal + Chapati (With Kokum, with Thecha)",351,15,44,8,10,Medium,Low,Medium,,"moong beans, onion, tomato, curry leaves, coriander",Vegetarian,,"Avoid added salt, use lemon or kokum for flavour, and keep the tempering light.",25 min brisk walk,Watch portion size. Keep sodium low.
1020,Maharashtra,High Bp,Lunch,"Pithla Bhakri (With Herbs, with Peanuts)",360,16,46,10,10,Medium,Low,Medium,Gluten,"besan, onion, garlic, jowar flour, green chilli",Vegetarian,,"Avoid added salt, use lemon or kokum for flavour, and keep the tempering light.",25 min brisk walk,Contains gluten. Watch portion size. Keep sodium low.
1021,Maharashtra,High Bp,Lunch,"Solkadhi + Rice (With Kokum, with Thecha)",366,16,47,8,8,Medium,Low,Medium,Dairy,"kokum, coconut milk, garlic, coriander",Vegetarian,,"Avoid added salt, use lemon or kokum for flavour, and keep the tempering light.",25 min brisk walk,Contains dairy. Watch portion size. Keep sodium low.
1022,Maharashtra,High Bp,Lunch,"Tondli Bhaji + Bhakri (Low Salt, with Thecha)",351,15,43,9,9,Medium,Low,Medium,Peanuts,"ivy gourd, peanuts, coconut, mustard seeds",Vegetarian,,"Avoid added salt, use lemon or kokum for flavour, and keep the tempering light.",25 min brisk walk,Contains peanuts. Watch portion size. Keep sodium low.
1023,Maharashtra,High Bp,Lunch,"Vangyache Bharit + Bhakri (Low Salt, with Thecha)",369,17,47,9,8,Medium,Low,Medium,"Peanuts, Sesame","roasted brinjal, peanut, sesame, onion, coriander",Vegetarian,,"Avoid added salt, use lemon or kokum for flavour, and keep the tempering light.",25 min brisk walk,Contains peanuts. Watch portion size. Keep sodium low.
1024,Maharashtra,High Bp,Lunch,"Varan Bhaat (With Kokum, with Thecha)",363,17,47,8,9,Medium,Low,Medium,Dairy,"toor dal, rice, turmeric, ghee, cumin",Vegetarian,,"Avoid added salt, use lemon or kokum for flavour, and keep the tempering light.",25 min brisk walk,Contains dairy. Watch portion size. Keep sodium low.
1025,Maharashtra,High Bp,Lunch,"Anda Bhurji + Bhakri (Light Tempering, with Mutton)",377,21,46,13,10,Medium,Low,Medium,Egg,"eggs, onion, tomato, green chilli, coriander",Non-Vegetarian,,"Avoid added salt, use lemon or kokum for flavour, and keep the tempering light.",25 min brisk walk,Contains egg. Watch portion size. Keep sodium low.
1026,Maharashtra,High Bp,Lunch,"Anda Bhurji + Bhakri (With Herbs, with Prawns)",389,23,46,13,8,Medium,Low,Medium,Egg,"eggs, onion, tomato, green chilli, coriander",Non-Vegetarian,,"Avoid added salt, use lemon or kokum for flavour, and keep the tempering light.",25 min brisk walk,Contains egg. Watch portion size. Keep sodium low.
1027,Maharashtra,High Bp,Lunch,"Anda Curry + Chapati (No Added Salt, with Prawns)",383,21,44,11,8,Medium,Low,Medium,Egg,"eggs, onion, tomato, ginger, garlic",Non-Vegetarian,,"Avoid added salt, use lemon or kokum for flavour, and keep the tempering light.",25 min brisk walk,Contains egg. Watch portion size. Keep sodium low.
1028,Maharashtra,High Bp,Lunch,"Anda Curry + Chapati (With Kokum, with Chicken)",371,23,45,13,8,Medium,Low,Medium,Egg,"eggs, onion, tomato, ginger, garlic",Non-Vegetarian,,"Avoid added salt, use lemon or kokum for flavour, and keep the tempering light.",25 min brisk walk,Contains egg. Watch portion size. Keep sodium low.
1029,Maharashtra,High Bp,Lunch,"Bangda Curry + Bhaat (With Kokum, with Chicken)",386,23,45,13,8,Medium,Low,Medium,Fish/Seafood,"mackerel, coconut, kokum, onion, garlic",Non-Vegetarian,Fish,"Avoid added salt, use lemon or kokum for flavour, and keep the tempering light.",25 min brisk walk,Contains fish/seafood. Watch portion size. Keep sodium low.
1030,Maharashtra,High Bp,Lunch,"Bangda Curry + Bhaat (With Lemon, with Mutton)",386,22,45,11,9,Medium,Low,Medium,Fish/Seafood,"mackerel, coconut, kokum, onion, garlic",Non-Vegetarian,Fish,"Avoid added salt, use lemon or kokum for flavour, and keep the tempering light.",25 min brisk walk,Contains fish/seafood. Watch portion size. Keep sodium low.
1031,Maharashtra,High Bp,Lunch,"Chicken Rassa + Bhakri (Light Tempering, with Mutton)",380,22,47,12,10,Medium,Low,Medium,,"chicken, onion, garlic, red chilli, spices",Non-Vegetarian,Chicken,"Avoid added salt, use lemon or kokum for flavour, and keep the tempering light.",25 min brisk walk,Watch portion size. Keep sodium low.
1032,Maharashtra,High Bp,Lunch,"Chicken Rassa + Bhakri (Low Salt, with Chicken)",374,23,46,11,8,Medium,Low,Medium,,"chicken, onion, garlic, red chilli, spices",Non-Vegetarian,Chicken,"Avoid added salt, use lemon or kokum for flavour, and keep the tempering light.",25 min brisk walk,Watch portion size. Keep sodium low.
1033,Maharashtra,High Bp,Lunch,"Fish Curry + Rice (No Added Salt, with Prawns)",380,22,46,13,10,Medium,Low,Medium,Fish/Seafood,"fish, coconut, kokum, onion, garlic",Non-Vegetarian,Fish,"Avoid added salt, use lemon or kokum for flavour, and keep the tempering light.",25 min brisk walk,Contains fish/seafood. Watch portion size. Keep sodium low.
1034,Maharashtra,High Bp,Lunch,"Fish Curry + Rice (With Lemon, with Mutton)",380,22,44,11,8,Medium,Low,Medium,Fish/Seafood,"fish, coconut, kokum, onion, garlic",Non-Vegetarian,Fish,"Avoid added salt, use lemon or kokum for flavour, and keep the tempering light.",25 min brisk walk,Contains fish/seafood. Watch portion size. Keep sodium low.
1035,Maharashtra,High Bp,Lunch,"Kolambi Curry + Rice (Light Tempering, with Mutton)",377,23,43,11,10,Medium,Low,Medium,Fish/Seafood,"prawns, coconut, kokum, onion, garlic",Non-Vegetarian,Seafood,"Avoid added salt, use lemon or kokum for flavour, and keep the tempering light.",25 min brisk walk,Contains fish/seafood. Watch portion size. Keep sodium low.
1036,Maharashtra,High Bp,Lunch,"Kolambi Curry + Rice (Low Salt, with Chicken)",383,23,45,12,9,Medium,Low,Medium,Fish/Seafood,"prawns, coconut, kokum, onion, garlic",Non-Vegetarian,Seafood,"Avoid added salt, use lemon or kokum for flavour, and keep the tempering light.",25 min brisk walk,Contains fish/seafood. Watch portion size. Keep sodium low.
1037,Maharashtra,High Bp,Lunch,"Patra Ni Macchi + Rice (Low Salt, with Chicken)",371,21,47,13,8,Medium,Low,Medium,Fish/Seafood,"fish, green chutney, banana leaf, lemon",Non-Vegetarian,Fish,"Avoid added salt, use lemon or kokum for flavour, and keep the tempering light.",25 min brisk walk,Contains fish/seafood. Watch portion size. Keep sodium low.
1038,Maharashtra,High Bp,Lunch,"Patra Ni Macchi + Rice (With Herbs, with Prawns)",371,22,44,12,9,Medium,Low,Medium,Fish/Seafood,"fish, green chutney, banana leaf, lemon",Non-Vegetarian,Fish,"Avoid added salt, use lemon or kokum for flavour, and keep the tempering light.",25 min brisk walk,Contains fish/seafood. Watch portion size. Keep sodium low.
1039,Maharashtra,High Bp,Lunch,"Varhadi Chicken + Jowar Bhakri (No Added Salt, with Prawns)",386,23,43,12,9,Medium,Low,Medium,,"chicken, goda masala, onion, garlic, ginger",Non-Vegetarian,Chicken,"Avoid added salt, use lemon or kokum for flavour, and keep the tempering light.",25 min brisk walk,Watch portion size. Keep sodium low.
1040,Maharashtra,High Bp,Lunch,"Varhadi Chicken + Jowar Bhakri (With Kokum, with Chicken)",371,21,44,12,9,Medium,Low,Medium,,"chicken, goda masala, onion, garlic, ginger",Non-Vegetarian,Chicken,"Avoid added salt, use lemon or kokum for flavour, and keep the tempering light.",25 min brisk walk,Watch portion size. Keep sodium low.
1041,Maharashtra,High Bp,Lunch,"Amti Bhaat (Low Salt, with Millets)",353,15,43,7,10,Medium,Low,Medium,,"toor dal, rice, kokum, goda masala, coriander",Vegan,,"Avoid added salt, use lemon or kokum for flavour, and keep the tempering light.",25 min brisk walk,Watch portion size. Keep sodium low.
1042,Maharashtra,High Bp,Lunch,"Bharli Vangi + Jowar Bhakri (No Added Salt, with Kokum)",359,16,47,8,11,Medium,Low,Medium,"Peanuts, Sesame","brinjal, peanut, sesame, coconut, onion",Vegan,,"Avoid added salt, use lemon or kokum for flavour, and keep the tempering light.",25 min brisk walk,Contains peanuts. Watch portion size. Keep sodium low.
1043,Maharashtra,High Bp,Lunch,"Bhoplyachi Bhaji + Chapati (No Added Salt, with Kokum)",353,14,45,8,11,Medium,Low,Medium,,"pumpkin, coconut, cumin, coriander",Vegan,,"Avoid added salt, use lemon or kokum for flavour, and keep the tempering light.",25 min brisk walk,Watch portion size. Keep sodium low.
1044,Maharashtra,High Bp,Lunch,"Chawli Usal + Bhakri (With Kokum, with Millets)",344,14,47,9,12,Medium,Low,Medium,,"cowpeas, onion, tomato, garlic, coriander",Vegan,,"Avoid added salt, use lemon or kokum for flavour, and keep the tempering light.",25 min brisk walk,Watch portion size. Keep sodium low.
1045,Maharashtra,High Bp,Lunch,"Gawar Bhaji + Bhakri (Low Salt, with Millets)",341,16,43,8,11,Medium,Low,Medium,Peanuts,"cluster beans, onion, coconut, peanuts",Vegan,,"Avoid added salt, use lemon or kokum for flavour, and keep the tempering light.",25 min brisk walk,Contains peanuts. Watch portion size. Keep sodium low.
1046,Maharashtra,High Bp,Lunch,"Koshimbir + Bhakri (With Herbs, with Kokum)",347,15,47,8,11,Medium,Low,Medium,"Peanuts, Dairy","cucumber, curd, coriander, peanuts",Vegan,,"Avoid added salt, use lemon or kokum for flavour, and keep the tempering light.",25 min brisk walk,Contains peanuts. Contains dairy. Watch portion size. Keep sodium low.
1047,Maharashtra,High Bp,Lunch,"Solkadhi + Rice (Light Tempering, with Roasted Chana)",356,16,45,8,11,Medium,Low,Medium,Dairy,"kokum, coconut milk, garlic, coriander",Vegan,,"Avoid added salt, use lemon or kokum for flavour, and keep the tempering light.",25 min brisk walk,Contains dairy. Watch portion size. Keep sodium low.
1048,Maharashtra,High Bp,Lunch,"Sprouted Matki Usal + Jowar Bhakri (With Lemon, with Roasted Chana)",353,14,43,8,10,Medium,Low,Medium,,"sprouted matki, onion, tomato, coriander, cumin, matki, garlic",Vegan,,"Avoid added salt, use lemon or kokum for flavour, and keep the tempering light.",25 min brisk walk,Watch portion size. Keep sodium low.
1049,Maharashtra,High Bp,Lunch,Unsalted Bhakri + Moong Dal + Padwal Bhaji,450,25,55,14,10,Low,Low,Low,,"Sorghum, Green Gram, Snake Gourd",Vegan,,Zero salt. Snake gourd is great for BP.,Breathing exercises,Monitor BP daily
1050,Maharashtra,High Bp,Lunch,Unsalted Bhakri + Moong Dal + Padwal Bhaji (With Coconut Chutney),450,25,55,14,10,Low,Low,Low,,"Sorghum, Green Gram, Snake Gourd",Vegan,,Zero salt.,Breathing exercises,Monitor BP daily
1051,Maharashtra,High Bp,Lunch,Unsalted Jowar Bhakri + Varan + Padwal Bhaji,450,25,55,14,10,Medium,Low,Low,,"Sorghum, Toor Dal, Snake Gourd",Vegan,,Use lemon and herbs for flavor. No salt.,Breathing exercises,Monitor BP daily
1052,Maharashtra,High Bp,Lunch,Unsalted Rice + Varan + Kobi,450,25,55,14,10,High,Low,Low,,"Rice, Toor Dal, Cabbage",Vegan,,Plain boiled.,Breathing exercises,Monitor BP daily
1053,Maharashtra,High Bp,Lunch,Unsalted Rice + Varan + Kobi (With Herbs),450,25,55,14,10,High,Low,Low,,"Rice, Toor Dal, Cabbage",Vegan,,Plain.,Breathing exercises,Monitor BP daily
1054,Maharashtra,High Bp,Lunch,Unsalted Rice + Varan + Kobi Bhaji,450,25,55,14,10,High,Low,Low,,"Rice, Toor Dal, Cabbage",Vegan,,Plain boiled dal and cabbage without salt.,Breathing exercises,Monitor BP daily
1055,Maharashtra,High Bp,Lunch,"Vangyache Bharit + Bhakri (With Lemon, with Roasted Chana)",356,15,43,7,10,Medium,Low,Medium,"Peanuts, Sesame","roasted brinjal, peanut, sesame, onion, coriander",Vegan,,"Avoid added salt, use lemon or kokum for flavour, and keep the tempering light.",25 min brisk walk,Contains peanuts. Watch portion size. Keep sodium low.
1056,Maharashtra,High Bp,Lunch,"Varan Bhaat (Light Tempering, with Roasted Chana)",347,15,46,7,11,Medium,Low,Medium,Dairy,"toor dal, rice, turmeric, ghee, cumin",Vegan,,"Avoid added salt, use lemon or kokum for flavour, and keep the tempering light.",25 min brisk walk,Contains dairy. Watch portion size. Keep sodium low.
1057,Maharashtra,High Bp,Snack,"Bhakarwadi (With Lemon, with Seasonal Vegetables)",150,7,19,5,5,Medium,Medium,Medium,"Gluten, Sesame","gram flour, wheat flour, sesame, fennel, spices",Vegetarian,,"Avoid added salt, use lemon or kokum for flavour, and keep the tempering light.",15 min relaxation walk,Contains gluten. Watch portion size. Keep sodium low.
1058,Maharashtra,High Bp,Snack,"Bhel Puri (No Added Salt, with Jowar)",159,8,16,3,5,Medium,Medium,Medium,Peanuts,"puffed rice, onion, tomato, coriander, peanuts, tamarind",Vegetarian,,"Avoid added salt, use lemon or kokum for flavour, and keep the tempering light.",15 min relaxation walk,Contains peanuts. Watch portion size. Keep sodium low.
1059,Maharashtra,High Bp,Snack,"Chivda (No Added Salt, with Jowar)",159,7,18,4,6,Medium,Low,Medium,Peanuts,"flattened rice, peanuts, curry leaves, mustard seeds, spices",Vegetarian,,"Avoid added salt, use lemon or kokum for flavour, and keep the tempering light.",15 min relaxation walk,Contains peanuts. Watch portion size. Keep sodium low.
1060,Maharashtra,High Bp,Snack,"Chivda (With Herbs, with Jowar)",147,6,19,4,5,Medium,Medium,Medium,Peanuts,"flattened rice, peanuts, curry leaves, mustard seeds, spices",Vegetarian,,"Avoid added salt, use lemon or kokum for flavour, and keep the tempering light.",15 min relaxation walk,Contains peanuts. Watch portion size. Keep sodium low.
1061,Maharashtra,High Bp,Snack,Fresh Apple,150,8,20,4,5,Low,Low,Low,,Apple,Vegetarian,,Consume raw. No salt.,10 mins stretching,
1062,Maharashtra,High Bp,Snack,Fresh Apple (With Salad),150,8,20,4,5,Low,Low,Low,,Apple,Vegetarian,,Raw.,10 mins stretching,
1063,Maharashtra,High Bp,Snack,Fresh Guava,150,8,20,4,5,Low,Low,Low,,Guava,Vegetarian,,Consume raw. Do not add chaat masala.,10 mins stretching,
1064,Maharashtra,High Bp,Snack,Fresh Guava (With Peanut Chutney),150,8,20,4,5,Low,Low,Low,,Guava,Vegetarian,,Raw.,10 mins stretching,
1065,Maharashtra,High Bp,Snack,"Kothimbir Vadi (Low Salt, with Moong, Variant 2)",141,8,17,3,5,Medium,Medium,Medium,"Peanuts, Sesame","coriander leaves, besan, sesame, peanuts, green chilli",Vegetarian,,"Avoid added salt, use lemon or kokum for flavour, and keep the tempering light.",15 min relaxation walk,Contains peanuts. Watch portion size. Keep sodium low.
1066,Maharashtra,High Bp,Snack,"Kurmura Bhel (With Herbs, with Jowar)",147,8,16,4,6,Medium,Medium,Medium,Peanuts,"puffed rice, onion, tomato, coriander, peanuts, tamarind",Vegetarian,,"Avoid added salt, use lemon or kokum for flavour, and keep the tempering light.",15 min relaxation walk,Contains peanuts. Watch portion size. Keep sodium low.
1067,Maharashtra,High Bp,Snack,"Panki (With Lemon, with Seasonal Vegetables)",153,7,15,4,6,Medium,Medium,Medium,Gluten,"rice flour, coconut, coriander, banana leaf",Vegetarian,,"Avoid added salt, use lemon or kokum for flavour, and keep the tempering light.",15 min relaxation walk,Contains gluten. Watch portion size. Keep sodium low.
1068,Maharashtra,High Bp,Snack,"Roasted Chana (Light Tempering, with Seasonal Vegetables)",153,7,18,3,5,Medium,Medium,Medium,,"roasted chana, curry leaves, black pepper, cumin",Vegetarian,,"Avoid added salt, use lemon or kokum for flavour, and keep the tempering light.",15 min relaxation walk,Watch portion size. Keep sodium low.
1069,Maharashtra,High Bp,Snack,"Sprouted Moong Chaat (With Kokum, with Moong)",147,6,18,3,6,Medium,Medium,Medium,,"sprouted moong, onion, tomato, coriander, lemon",Vegetarian,,"Avoid added salt, use lemon or kokum for flavour, and keep the tempering light.",15 min relaxation walk,Watch portion size. Keep sodium low.
1070,Maharashtra,High Bp,Snack,"Taak (Low Salt, with Moong, Variant 1)",153,6,19,4,6,Medium,Medium,Medium,Dairy,"buttermilk, cumin, coriander, curry leaves",Vegetarian,,"Avoid added salt, use lemon or kokum for flavour, and keep the tempering light.",15 min relaxation walk,Contains dairy. Watch portion size. Keep sodium low.
1071,Maharashtra,High Bp,Snack,"Taak (With Kokum, with Moong)",156,8,17,5,7,Medium,Medium,Medium,Dairy,"buttermilk, cumin, coriander, curry leaves",Vegetarian,,"Avoid added salt, use lemon or kokum for flavour, and keep the tempering light.",15 min relaxation walk,Contains dairy. Watch portion size. Keep sodium low.
1072,Maharashtra,High Bp,Snack,Unsalted Kurmura,150,8,20,4,5,Medium,Low,Low,,Puffed Rice,Vegetarian,,Dry roast without salt.,10 mins stretching,
1073,Maharashtra,High Bp,Snack,"Anda Chaat (Light Tempering, with Lean Gravy)",176,14,18,6,5,Medium,Medium,Medium,Egg,"boiled eggs, onion, tomato, coriander, lemon",Non-Vegetarian,,"Avoid added salt, use lemon or kokum for flavour, and keep the tempering light.",15 min relaxation walk,Contains egg. Watch portion size. Keep sodium low.
1074,Maharashtra,High Bp,Snack,"Anda Chaat (Light Tempering, with Lean Gravy, Variant 1)",170,14,18,7,6,Medium,Medium,Medium,Egg,"boiled eggs, onion, tomato, coriander, lemon",Non-Vegetarian,,"Avoid added salt, use lemon or kokum for flavour, and keep the tempering light.",15 min relaxation walk,Contains egg. Watch portion size. Keep sodium low.
1075,Maharashtra,High Bp,Snack,"Anda Chaat (Low Salt, with Egg, Variant 3)",170,13,16,8,7,Medium,Medium,Medium,Egg,"boiled eggs, onion, tomato, coriander, lemon",Non-Vegetarian,,"Avoid added salt, use lemon or kokum for flavour, and keep the tempering light.",15 min relaxation walk,Contains egg. Watch portion size. Keep sodium low.
1076,Maharashtra,High Bp,Snack,"Anda Chaat (Low Salt, with Egg, Variant 4)",176,14,17,8,6,Medium,Medium,Medium,Egg,"boiled eggs, onion, tomato, coriander, lemon",Non-Vegetarian,,"Avoid added salt, use lemon or kokum for flavour, and keep the tempering light.",15 min relaxation walk,Contains egg. Watch portion size. Keep sodium low.
1077,Maharashtra,High Bp,Snack,"Anda Chaat (Low Salt, with Egg, Variant 5)",167,14,17,7,6,Medium,Medium,Medium,Egg,"boiled eggs, onion, tomato, coriander, lemon",Non-Vegetarian,,"Avoid added salt, use lemon or kokum for flavour, and keep the tempering light.",15 min relaxation walk,Contains egg. Watch portion size. Keep sodium low.
1078,Maharashtra,High Bp,Snack,"Anda Chaat (No Added Salt, with Fish)",176,14,19,8,6,Medium,Medium,Medium,Egg,"boiled eggs, onion, tomato, coriander, lemon",Non-Vegetarian,,"Avoid added salt, use lemon or kokum for flavour, and keep the tempering light.",15 min relaxation walk,Contains egg. Watch portion size. Keep sodium low.
1079,Maharashtra,High Bp,Snack,"Anda Chaat (No Added Salt, with Fish, Variant 1)",161,13,17,8,7,Medium,Medium,Medium,Egg,"boiled eggs, onion, tomato, coriander, lemon",Non-Vegetarian,,"Avoid added salt, use lemon or kokum for flavour, and keep the tempering light.",15 min relaxation walk,Contains egg. Watch portion size. Keep sodium low.
1080,Maharashtra,High Bp,Snack,"Anda Chaat (With Herbs, with Fish)",167,12,17,7,6,Medium,Medium,Medium,Egg,"boiled eggs, onion, tomato, coriander, lemon",Non-Vegetarian,,"Avoid added salt, use lemon or kokum for flavour, and keep the tempering light.",15 min relaxation walk,Contains egg. Watch portion size. Keep sodium low.
1081,Maharashtra,High Bp,Snack,"Anda Chaat (With Herbs, with Fish, Variant 1)",179,14,18,7,7,Medium,Medium,Medium,Egg,"boiled eggs, onion, tomato, coriander, lemon",Non-Vegetarian,,"Avoid added salt, use lemon or kokum for flavour, and keep the tempering light.",15 min relaxation walk,Contains egg. Watch portion size. Keep sodium low.
1082,Maharashtra,High Bp,Snack,"Anda Chaat (With Herbs, with Fish, Variant 2)",161,13,16,6,6,Medium,Medium,Medium,Egg,"boiled eggs, onion, tomato, coriander, lemon",Non-Vegetarian,,"Avoid added salt, use lemon or kokum for flavour, and keep the tempering light.",15 min relaxation walk,Contains egg. Watch portion size. Keep sodium low.
1083,Maharashtra,High Bp,Snack,"Anda Chaat (With Kokum, with Egg)",179,14,15,6,6,Medium,Medium,Medium,Egg,"boiled eggs, onion, tomato, coriander, lemon",Non-Vegetarian,,"Avoid added salt, use lemon or kokum for flavour, and keep the tempering light.",15 min relaxation walk,Contains egg. Watch portion size. Keep sodium low.
1084,Maharashtra,High Bp,Snack,"Anda Chaat (With Kokum, with Egg, Variant 1)",176,12,15,6,7,Medium,Medium,Medium,Egg,"boiled eggs, onion, tomato, coriander, lemon",Non-Vegetarian,,"Avoid added salt, use lemon or kokum for flavour, and keep the tempering light.",15 min relaxation walk,Contains egg. Watch portion size. Keep sodium low.
1085,Maharashtra,High Bp,Snack,"Anda Chaat (With Kokum, with Egg, Variant 2)",173,13,16,7,6,Medium,Medium,Medium,Egg,"boiled eggs, onion, tomato, coriander, lemon",Non-Vegetarian,,"Avoid added salt, use lemon or kokum for flavour, and keep the tempering light.",15 min relaxation walk,Contains egg. Watch portion size. Keep sodium low.
1086,Maharashtra,High Bp,Snack,"Anda Chaat (With Lemon, with Lean Gravy)",170,12,18,8,5,Medium,Medium,Medium,Egg,"boiled eggs, onion, tomato, coriander, lemon",Non-Vegetarian,,"Avoid added salt, use lemon or kokum for flavour, and keep the tempering light.",15 min relaxation walk,Contains egg. Watch portion size. Keep sodium low.
1087,Maharashtra,High Bp,Snack,"Anda Chaat (With Lemon, with Lean Gravy, Variant 1)",179,14,19,6,7,Medium,Medium,Medium,Egg,"boiled eggs, onion, tomato, coriander, lemon",Non-Vegetarian,,"Avoid added salt, use lemon or kokum for flavour, and keep the tempering light.",15 min relaxation walk,Contains egg. Watch portion size. Keep sodium low.
1088,Maharashtra,High Bp,Snack,"Anda Chaat (With Lemon, with Lean Gravy, Variant 2)",173,13,19,8,6,Medium,Medium,Medium,Egg,"boiled eggs, onion, tomato, coriander, lemon",Non-Vegetarian,,"Avoid added salt, use lemon or kokum for flavour, and keep the tempering light.",15 min relaxation walk,Contains egg. Watch portion size. Keep sodium low.
1089,Maharashtra,High Bp,Snack,"Bhakarwadi (No Added Salt, with Leafy Greens)",143,7,19,4,8,Medium,Medium,Medium,"Gluten, Sesame","gram flour, wheat flour, sesame, fennel, spices",Vegan,,"Avoid added salt, use lemon or kokum for flavour, and keep the tempering light.",15 min relaxation walk,Contains gluten. Watch portion size. Keep sodium low.
1090,Maharashtra,High Bp,Snack,"Bhakarwadi (With Herbs, with Leafy Greens)",149,7,17,3,9,Medium,Medium,Medium,"Gluten, Sesame","gram flour, wheat flour, sesame, fennel, spices",Vegan,,"Avoid added salt, use lemon or kokum for flavour, and keep the tempering light.",15 min relaxation walk,Contains gluten. Watch portion size. Keep sodium low.
1091,Maharashtra,High Bp,Snack,"Bhel Puri (Low Salt, with Sesame, Variant 1)",149,7,16,2,9,Medium,Medium,Medium,Peanuts,"puffed rice, onion, tomato, coriander, peanuts, tamarind",Vegan,,"Avoid added salt, use lemon or kokum for flavour, and keep the tempering light.",15 min relaxation walk,Contains peanuts. Watch portion size. Keep sodium low.
1092,Maharashtra,High Bp,Snack,"Bhel Puri (With Kokum, with Sesame)",137,5,17,3,8,Medium,Medium,Medium,Peanuts,"puffed rice, onion, tomato, coriander, peanuts, tamarind",Vegan,,"Avoid added salt, use lemon or kokum for flavour, and keep the tempering light.",15 min relaxation walk,Contains peanuts. Watch portion size. Keep sodium low.
1093,Maharashtra,High Bp,Snack,"Chivda (With Kokum, with Sesame)",143,6,19,4,9,Medium,Medium,Medium,Peanuts,"flattened rice, peanuts, curry leaves, mustard seeds, spices",Vegan,,"Avoid added salt, use lemon or kokum for flavour, and keep the tempering light.",15 min relaxation walk,Contains peanuts. Watch portion size. Keep sodium low.
1094,Maharashtra,High Bp,Snack,"Kothimbir Vadi (With Lemon, with Jowar)",149,7,15,4,8,Medium,Medium,Medium,"Peanuts, Sesame","coriander leaves, besan, sesame, peanuts, green chilli",Vegan,,"Avoid added salt, use lemon or kokum for flavour, and keep the tempering light.",15 min relaxation walk,Contains peanuts. Watch portion size. Keep sodium low.
1095,Maharashtra,High Bp,Snack,"Kurmura Bhel (Low Salt, with Sesame)",131,7,15,4,9,Medium,Medium,Medium,Peanuts,"puffed rice, onion, tomato, coriander, peanuts, tamarind",Vegan,,"Avoid added salt, use lemon or kokum for flavour, and keep the tempering light.",15 min relaxation walk,Contains peanuts. Watch portion size. Keep sodium low.
1096,Maharashtra,High Bp,Snack,"Kurmura Bhel (With Kokum, with Sesame)",131,6,16,4,7,Medium,Medium,Medium,Peanuts,"puffed rice, onion, tomato, coriander, peanuts, tamarind",Vegan,,"Avoid added salt, use lemon or kokum for flavour, and keep the tempering light.",15 min relaxation walk,Contains peanuts. Watch portion size. Keep sodium low.
1097,Maharashtra,High Bp,Snack,"Panki (With Herbs, with Leafy Greens, Variant 1)",140,7,17,2,7,Medium,Medium,Medium,Gluten,"rice flour, coconut, coriander, banana leaf",Vegan,,"Avoid added salt, use lemon or kokum for flavour, and keep the tempering light.",15 min relaxation walk,Contains gluten. Watch portion size. Keep sodium low.
1098,Maharashtra,High Bp,Snack,"Roasted Chana (No Added Salt, with Leafy Greens, Variant 1)",140,7,17,4,9,Medium,Medium,Medium,,"roasted chana, curry leaves, black pepper, cumin",Vegan,,"Avoid added salt, use lemon or kokum for flavour, and keep the tempering light.",15 min relaxation walk,Watch portion size. Keep sodium low.
1099,Maharashtra,High Bp,Snack,"Roasted Chana (With Herbs, with Leafy Greens)",140,7,19,4,8,Medium,Medium,Medium,,"roasted chana, curry leaves, black pepper, cumin",Vegan,,"Avoid added salt, use lemon or kokum for flavour, and keep the tempering light.",15 min relaxation walk,Watch portion size. Keep sodium low.
1100,Maharashtra,High Bp,Snack,"Sprouted Moong Chaat (Light Tempering, with Jowar)",134,6,16,4,9,Medium,Medium,Medium,,"sprouted moong, onion, tomato, coriander, lemon",Vegan,,"Avoid added salt, use lemon or kokum for flavour, and keep the tempering light.",15 min relaxation walk,Watch portion size. Keep sodium low.
1101,Maharashtra,High Bp,Snack,"Sprouted Moong Chaat (With Lemon, with Jowar)",149,5,18,2,8,Medium,Medium,Medium,,"sprouted moong, onion, tomato, coriander, lemon",Vegan,,"Avoid added salt, use lemon or kokum for flavour, and keep the tempering light.",15 min relaxation walk,Watch portion size. Keep sodium low.
1102,Maharashtra,High Bp,Snack,"Taak (Light Tempering, with Jowar)",131,7,18,4,9,Medium,Medium,Medium,Dairy,"buttermilk, cumin, coriander, curry leaves",Vegan,,"Avoid added salt, use lemon or kokum for flavour, and keep the tempering light.",15 min relaxation walk,Contains dairy. Watch portion size. Keep sodium low.
1103,Maharashtra,High Bp,Snack,"Taak (With Lemon, with Jowar)",149,6,19,4,8,Medium,Medium,Medium,Dairy,"buttermilk, cumin, coriander, curry leaves",Vegan,,"Avoid added salt, use lemon or kokum for flavour, and keep the tempering light.",15 min relaxation walk,Contains dairy. Watch portion size. Keep sodium low.
1104,Maharashtra,High Bp,Snack,Unsalted Roasted Chana,150,8,20,4,5,Low,Low,Low,,Black Chickpeas,Vegan,,Ensure no salt is added during roasting.,10 mins stretching,
1105,Maharashtra,High Bp,Dinner,"Alu Wadi + Bhaat (With Herbs, with Peanuts, Variant 1)",343,16,42,7,8,Medium,Medium,Medium,"Peanuts, Sesame","colocasia leaves, besan, sesame, peanut",Vegetarian,,"Avoid added salt, use lemon or kokum for flavour, and keep the tempering light.",20 min calming walk,Contains peanuts. Watch portion size. Keep sodium low.
1106,Maharashtra,High Bp,Dinner,"Amti Bhaat (No Added Salt, with Peanuts, Variant 1)",337,14,41,9,9,Medium,Medium,Medium,,"toor dal, rice, kokum, goda masala, coriander",Vegetarian,,"Avoid added salt, use lemon or kokum for flavour, and keep the tempering light.",20 min calming walk,Watch portion size. Keep sodium low.
1107,Maharashtra,High Bp,Dinner,"Bhendi Bhaji + Chapati (Light Tempering, with Matki, Variant 1)",331,16,44,7,9,Medium,Medium,Medium,,"okra, onion, mustard seeds, coconut",Vegetarian,,"Avoid added salt, use lemon or kokum for flavour, and keep the tempering light.",20 min calming walk,Watch portion size. Keep sodium low.
1108,Maharashtra,High Bp,Dinner,"Bhoplyachi Bhaji + Chapati (Light Tempering, with Matki, Variant 1)",331,14,43,8,9,Medium,Medium,Medium,,"pumpkin, coconut, cumin, coriander",Vegetarian,,"Avoid added salt, use lemon or kokum for flavour, and keep the tempering light.",20 min calming walk,Watch portion size. Keep sodium low.
1109,Maharashtra,High Bp,Dinner,"Chawli Usal + Bhakri (With Herbs, with Peanuts, Variant 1)",346,14,42,8,8,Medium,Medium,Medium,,"cowpeas, onion, tomato, garlic, coriander",Vegetarian,,"Avoid added salt, use lemon or kokum for flavour, and keep the tempering light.",20 min calming walk,Watch portion size. Keep sodium low.
1110,Maharashtra,High Bp,Dinner,"Kokum Saar + Rice (No Added Salt, with Peanuts, Variant 1)",346,16,40,9,8,Medium,Medium,Medium,,"kokum, cumin, jaggery, coriander",Vegetarian,,"Avoid added salt, use lemon or kokum for flavour, and keep the tempering light.",20 min calming walk,Watch portion size. Keep sodium low.
1111,Maharashtra,High Bp,Dinner,"Koshimbir + Bhakri (With Lemon, with Matki, Variant 1)",334,14,43,7,9,Medium,Medium,Medium,"Peanuts, Dairy","cucumber, curd, coriander, peanuts",Vegetarian,,"Avoid added salt, use lemon or kokum for flavour, and keep the tempering light.",20 min calming walk,Contains peanuts. Contains dairy. Watch portion size. Keep sodium low.
1112,Maharashtra,High Bp,Dinner,"Matki Usal + Jowar Bhakri (With Lemon, with Matki, Variant 1)",343,15,44,8,8,Medium,Medium,Medium,,"matki, onion, tomato, garlic, coriander",Vegetarian,,"Avoid added salt, use lemon or kokum for flavour, and keep the tempering light.",20 min calming walk,Watch portion size. Keep sodium low.
1113,Maharashtra,High Bp,Dinner,"Moong Usal + Chapati (With Kokum, with Thecha, Variant 1)",337,15,42,9,8,Medium,Medium,Medium,,"moong beans, onion, tomato, curry leaves, coriander",Vegetarian,,"Avoid added salt, use lemon or kokum for flavour, and keep the tempering light.",20 min calming walk,Watch portion size. Keep sodium low.
1114,Maharashtra,High Bp,Dinner,"Pithla Bhakri (With Herbs, with Peanuts, Variant 1)",343,16,41,9,7,Medium,Medium,Medium,Gluten,"besan, onion, garlic, jowar flour, green chilli",Vegetarian,,"Avoid added salt, use lemon or kokum for flavour, and keep the tempering light.",20 min calming walk,Contains gluten. Watch portion size. Keep sodium low.
1115,Maharashtra,High Bp,Dinner,"Solkadhi + Rice (With Kokum, with Thecha, Variant 1)",334,14,42,9,9,Medium,Medium,Medium,Dairy,"kokum, coconut milk, garlic, coriander",Vegetarian,,"Avoid added salt, use lemon or kokum for flavour, and keep the tempering light.",20 min calming walk,Contains dairy. Watch portion size. Keep sodium low.
1116,Maharashtra,High Bp,Dinner,"Tondli Bhaji + Bhakri (Low Salt, with Thecha, Variant 1)",346,14,41,7,8,Medium,Medium,Medium,Peanuts,"ivy gourd, peanuts, coconut, mustard seeds",Vegetarian,,"Avoid added salt, use lemon or kokum for flavour, and keep the tempering light.",20 min calming walk,Contains peanuts. Watch portion size. Keep sodium low.
1117,Maharashtra,High Bp,Dinner,Unsalted Chapati + Methi,350,20,45,10,8,Medium,Low,Low,Gluten,"Wheat, Fenugreek Leaves",Vegetarian,,Zero salt added.,20 mins relaxing walk,Do not eat pickles
1118,Maharashtra,High Bp,Dinner,Unsalted Chapati + Methi (With Jowar),350,20,45,10,8,Medium,Low,Low,Gluten,"Wheat, Fenugreek",Vegetarian,,No salt.,20 mins relaxing walk,Do not eat pickles
1119,Maharashtra,High Bp,Dinner,"Vangyache Bharit + Bhakri (Low Salt, with Thecha, Variant 1)",340,14,42,7,9,Medium,Medium,Medium,"Peanuts, Sesame","roasted brinjal, peanut, sesame, onion, coriander",Vegetarian,,"Avoid added salt, use lemon or kokum for flavour, and keep the tempering light.",20 min calming walk,Contains peanuts. Watch portion size. Keep sodium low.
1120,Maharashtra,High Bp,Dinner,"Varan Bhaat (With Kokum, with Thecha, Variant 1)",331,15,41,8,8,Medium,Medium,Medium,Dairy,"toor dal, rice, turmeric, ghee, cumin",Vegetarian,,"Avoid added salt, use lemon or kokum for flavour, and keep the tempering light.",20 min calming walk,Contains dairy. Watch portion size. Keep sodium low.
1121,Maharashtra,High Bp,Dinner,"Anda Bhurji + Bhakri (Low Salt, with Chicken)",360,20,44,12,9,Medium,Medium,Medium,Egg,"eggs, onion, tomato, green chilli, coriander",Non-Vegetarian,,"Avoid added salt, use lemon or kokum for flavour, and keep the tempering light.",20 min calming walk,Contains egg. Watch portion size. Keep sodium low.
1122,Maharashtra,High Bp,Dinner,"Anda Bhurji + Bhakri (With Herbs, with Prawns, Variant 1)",354,22,42,10,9,Medium,Medium,Medium,Egg,"eggs, onion, tomato, green chilli, coriander",Non-Vegetarian,,"Avoid added salt, use lemon or kokum for flavour, and keep the tempering light.",20 min calming walk,Contains egg. Watch portion size. Keep sodium low.
1123,Maharashtra,High Bp,Dinner,"Anda Curry + Chapati (No Added Salt, with Prawns, Variant 1)",360,20,41,10,7,Medium,Medium,Medium,Egg,"eggs, onion, tomato, ginger, garlic",Non-Vegetarian,,"Avoid added salt, use lemon or kokum for flavour, and keep the tempering light.",20 min calming walk,Contains egg. Watch portion size. Keep sodium low.
1124,Maharashtra,High Bp,Dinner,"Anda Curry + Chapati (With Kokum, with Chicken, Variant 1)",357,20,41,12,9,Medium,Medium,Medium,Egg,"eggs, onion, tomato, ginger, garlic",Non-Vegetarian,,"Avoid added salt, use lemon or kokum for flavour, and keep the tempering light.",20 min calming walk,Contains egg. Watch portion size. Keep sodium low.
1125,Maharashtra,High Bp,Dinner,"Bangda Curry + Bhaat (No Added Salt, with Prawns)",366,21,40,11,7,Medium,Medium,Medium,Fish/Seafood,"mackerel, coconut, kokum, onion, garlic",Non-Vegetarian,Fish,"Avoid added salt, use lemon or kokum for flavour, and keep the tempering light.",20 min calming walk,Contains fish/seafood. Watch portion size. Keep sodium low.
1126,Maharashtra,High Bp,Dinner,"Bangda Curry + Bhaat (With Lemon, with Mutton, Variant 1)",354,20,43,11,7,Medium,Medium,Medium,Fish/Seafood,"mackerel, coconut, kokum, onion, garlic",Non-Vegetarian,Fish,"Avoid added salt, use lemon or kokum for flavour, and keep the tempering light.",20 min calming walk,Contains fish/seafood. Watch portion size. Keep sodium low.
1127,Maharashtra,High Bp,Dinner,"Chicken Rassa + Bhakri (Light Tempering, with Mutton, Variant 1)",360,20,41,10,7,Medium,Medium,Medium,,"chicken, onion, garlic, red chilli, spices",Non-Vegetarian,Chicken,"Avoid added salt, use lemon or kokum for flavour, and keep the tempering light.",20 min calming walk,Watch portion size. Keep sodium low.
1128,Maharashtra,High Bp,Dinner,"Chicken Rassa + Bhakri (Low Salt, with Chicken, Variant 1)",360,21,42,10,7,Medium,Medium,Medium,,"chicken, onion, garlic, red chilli, spices",Non-Vegetarian,Chicken,"Avoid added salt, use lemon or kokum for flavour, and keep the tempering light.",20 min calming walk,Watch portion size. Keep sodium low.
1129,Maharashtra,High Bp,Dinner,"Fish Curry + Rice (No Added Salt, with Prawns, Variant 1)",363,21,40,10,9,Medium,Medium,Medium,Fish/Seafood,"fish, coconut, kokum, onion, garlic",Non-Vegetarian,Fish,"Avoid added salt, use lemon or kokum for flavour, and keep the tempering light.",20 min calming walk,Contains fish/seafood. Watch portion size. Keep sodium low.
1130,Maharashtra,High Bp,Dinner,"Fish Curry + Rice (With Kokum, with Chicken)",357,22,40,10,7,Medium,Medium,Medium,Fish/Seafood,"fish, coconut, kokum, onion, garlic",Non-Vegetarian,Fish,"Avoid added salt, use lemon or kokum for flavour, and keep the tempering light.",20 min calming walk,Contains fish/seafood. Watch portion size. Keep sodium low.
1131,Maharashtra,High Bp,Dinner,"Kolambi Curry + Rice (Light Tempering, with Mutton, Variant 1)",366,21,40,11,8,Medium,Medium,Medium,Fish/Seafood,"prawns, coconut, kokum, onion, garlic",Non-Vegetarian,Seafood,"Avoid added salt, use lemon or kokum for flavour, and keep the tempering light.",20 min calming walk,Contains fish/seafood. Watch portion size. Keep sodium low.
1132,Maharashtra,High Bp,Dinner,"Kolambi Curry + Rice (With Herbs, with Prawns)",351,21,40,10,9,Medium,Medium,Medium,Fish/Seafood,"prawns, coconut, kokum, onion, garlic",Non-Vegetarian,Seafood,"Avoid added salt, use lemon or kokum for flavour, and keep the tempering light.",20 min calming walk,Contains fish/seafood. Watch portion size. Keep sodium low.
1133,Maharashtra,High Bp,Dinner,"Patra Ni Macchi + Rice (Light Tempering, with Mutton)",360,21,43,10,9,Medium,Medium,Medium,Fish/Seafood,"fish, green chutney, banana leaf, lemon",Non-Vegetarian,Fish,"Avoid added salt, use lemon or kokum for flavour, and keep the tempering light.",20 min calming walk,Contains fish/seafood. Watch portion size. Keep sodium low.
1134,Maharashtra,High Bp,Dinner,"Patra Ni Macchi + Rice (Low Salt, with Chicken, Variant 1)",357,22,41,12,9,Medium,Medium,Medium,Fish/Seafood,"fish, green chutney, banana leaf, lemon",Non-Vegetarian,Fish,"Avoid added salt, use lemon or kokum for flavour, and keep the tempering light.",20 min calming walk,Contains fish/seafood. Watch portion size. Keep sodium low.
1135,Maharashtra,High Bp,Dinner,"Varhadi Chicken + Jowar Bhakri (With Kokum, with Chicken, Variant 1)",366,21,44,12,9,Medium,Medium,Medium,,"chicken, goda masala, onion, garlic, ginger",Non-Vegetarian,Chicken,"Avoid added salt, use lemon or kokum for flavour, and keep the tempering light.",20 min calming walk,Watch portion size. Keep sodium low.
1136,Maharashtra,High Bp,Dinner,"Varhadi Chicken + Jowar Bhakri (With Lemon, with Mutton)",357,22,43,12,9,Medium,Medium,Medium,,"chicken, goda masala, onion, garlic, ginger",Non-Vegetarian,Chicken,"Avoid added salt, use lemon or kokum for flavour, and keep the tempering light.",20 min calming walk,Watch portion size. Keep sodium low.
1137,Maharashtra,High Bp,Dinner,"Amti Bhaat (Low Salt, with Millets, Variant 1)",321,13,42,6,10,Medium,Medium,Medium,,"toor dal, rice, kokum, goda masala, coriander",Vegan,,"Avoid added salt, use lemon or kokum for flavour, and keep the tempering light.",20 min calming walk,Watch portion size. Keep sodium low.
1138,Maharashtra,High Bp,Dinner,"Bharli Vangi + Jowar Bhakri (No Added Salt, with Kokum, Variant 1)",333,13,42,7,10,Medium,Medium,Medium,"Peanuts, Sesame","brinjal, peanut, sesame, coconut, onion",Vegan,,"Avoid added salt, use lemon or kokum for flavour, and keep the tempering light.",20 min calming walk,Contains peanuts. Watch portion size. Keep sodium low.
1139,Maharashtra,High Bp,Dinner,"Bhoplyachi Bhaji + Chapati (No Added Salt, with Kokum, Variant 1)",336,15,44,6,9,Medium,Medium,Medium,,"pumpkin, coconut, cumin, coriander",Vegan,,"Avoid added salt, use lemon or kokum for flavour, and keep the tempering light.",20 min calming walk,Watch portion size. Keep sodium low.
1140,Maharashtra,High Bp,Dinner,"Chawli Usal + Bhakri (With Kokum, with Millets, Variant 1)",321,13,42,6,10,Medium,Medium,Medium,,"cowpeas, onion, tomato, garlic, coriander",Vegan,,"Avoid added salt, use lemon or kokum for flavour, and keep the tempering light.",20 min calming walk,Watch portion size. Keep sodium low.
1141,Maharashtra,High Bp,Dinner,"Gawar Bhaji + Bhakri (Low Salt, with Millets, Variant 1)",333,13,41,7,10,Medium,Medium,Medium,Peanuts,"cluster beans, onion, coconut, peanuts",Vegan,,"Avoid added salt, use lemon or kokum for flavour, and keep the tempering light.",20 min calming walk,Contains peanuts. Watch portion size. Keep sodium low.
1142,Maharashtra,High Bp,Dinner,"Kala Chana Usal + Bhakri (With Kokum, with Millets)",336,15,43,7,11,Medium,Medium,Medium,,"kala chana, onion, tomato, coconut, coriander",Vegan,,"Avoid added salt, use lemon or kokum for flavour, and keep the tempering light.",20 min calming walk,Watch portion size. Keep sodium low.
1143,Maharashtra,High Bp,Dinner,"Koshimbir + Bhakri (With Herbs, with Kokum, Variant 1)",330,14,42,6,9,Medium,Medium,Medium,"Peanuts, Dairy","cucumber, curd, coriander, peanuts",Vegan,,"Avoid added salt, use lemon or kokum for flavour, and keep the tempering light.",20 min calming walk,Contains peanuts. Contains dairy. Watch portion size. Keep sodium low.
1144,Maharashtra,High Bp,Dinner,"Solkadhi + Rice (Light Tempering, with Roasted Chana, Variant 1)",324,13,42,7,9,Medium,Medium,Medium,Dairy,"kokum, coconut milk, garlic, coriander",Vegan,,"Avoid added salt, use lemon or kokum for flavour, and keep the tempering light.",20 min calming walk,Contains dairy. Watch portion size. Keep sodium low.
1145,Maharashtra,High Bp,Dinner,"Sprouted Matki Usal + Jowar Bhakri (With Lemon, with Roasted Chana, Variant 1)",330,14,42,7,10,Medium,Medium,Medium,,"sprouted matki, onion, tomato, coriander, cumin, matki, garlic",Vegan,,"Avoid added salt, use lemon or kokum for flavour, and keep the tempering light.",20 min calming walk,Watch portion size. Keep sodium low.
1146,Maharashtra,High Bp,Dinner,Unsalted Chapati + Methi Patal Bhaji,350,20,45,10,8,Medium,Low,Low,Gluten,"Wheat, Fenugreek Leaves",Vegan,,"Fenugreek has natural sodium, do not add extra salt.",20 mins relaxing walk,Do not eat pickles
1147,Maharashtra,High Bp,Dinner,Unsalted Khichdi,350,20,45,10,8,Medium,Low,Low,,"Rice, Moong Dal",Vegan,,Bland khichdi without salt or ghee.,20 mins relaxing walk,Do not eat pickles
1148,Maharashtra,High Bp,Dinner,Unsalted Khichdi (With Sesame),350,20,45,10,8,Medium,Low,Low,,"Rice, Moong Dal",Vegan,,Plain.,20 mins relaxing walk,Do not eat pickles
1149,Maharashtra,High Bp,Dinner,Unsalted Moong Dal Khichdi,350,20,45,10,8,Medium,Low,Low,,"Rice, Moong Dal",Vegan,,Cook plainly without salt or pickles.,20 mins relaxing walk,Do not eat pickles
1150,Maharashtra,High Bp,Dinner,"Vangyache Bharit + Bhakri (With Lemon, with Roasted Chana, Variant 1)",321,14,40,6,9,Medium,Medium,Medium,"Peanuts, Sesame","roasted brinjal, peanut, sesame, onion, coriander",Vegan,,"Avoid added salt, use lemon or kokum for flavour, and keep the tempering light.",20 min calming walk,Contains peanuts. Watch portion size. Keep sodium low.
1151,Maharashtra,High Bp,Dinner,"Varan Bhaat (Light Tempering, with Roasted Chana, Variant 1)",333,14,43,6,9,Medium,Medium,Medium,Dairy,"toor dal, rice, turmeric, ghee, cumin",Vegan,,"Avoid added salt, use lemon or kokum for flavour, and keep the tempering light.",20 min calming walk,Contains dairy. Watch portion size. Keep sodium low.
1152,Maharashtra,High Bp,Dinner,"Zunka Bhakri (With Herbs, with Kokum)",321,15,40,6,9,Medium,Medium,Medium,Gluten,"besan, onion, garlic, coriander, jowar flour",Vegan,,"Avoid added salt, use lemon or kokum for flavour, and keep the tempering light.",20 min calming walk,Contains gluten. Watch portion size. Keep sodium low.
1153,Maharashtra,High Cholesterol,Breakfast,"Batata Poha (No Ghee, with Jowar)",184,9,28,3,7,Medium,Medium,Medium,Peanuts,"poha, onion, mustard seeds, curry leaves, green chilli, lemon, peanuts",Vegetarian,,"Skip ghee and deep frying, and keep the recipe light with more fibre and less saturated fat.",30 min cardio walk,Contains peanuts. Watch portion size. Avoid extra ghee or frying.
1154,Maharashtra,High Cholesterol,Breakfast,"Chivda (Steamed, with Seasonal Vegetables)",184,11,28,3,7,Medium,Medium,Medium,Peanuts,"flattened rice, peanuts, curry leaves, mustard seeds, spices",Vegetarian,,"Skip ghee and deep frying, and keep the recipe light with more fibre and less saturated fat.",30 min cardio walk,Contains peanuts. Watch portion size. Avoid extra ghee or frying.
1155,Maharashtra,High Cholesterol,Breakfast,"Dadpe Pohe (Low Fat, with Moong)",184,9,26,3,7,Medium,Medium,Medium,Peanuts,"poha, onion, mustard seeds, curry leaves, green chilli, lemon, peanuts",Vegetarian,,"Skip ghee and deep frying, and keep the recipe light with more fibre and less saturated fat.",30 min cardio walk,Contains peanuts. Watch portion size. Avoid extra ghee or frying.
1156,Maharashtra,High Cholesterol,Breakfast,"Ghavan (Without Coconut, with Moong)",181,9,26,2,8,Medium,Medium,Medium,Gluten,"rice flour, fenugreek leaves or ragi, cumin, curry leaves",Vegetarian,,"Skip ghee and deep frying, and keep the recipe light with more fibre and less saturated fat.",30 min cardio walk,Contains gluten. Watch portion size. Avoid extra ghee or frying.
1157,Maharashtra,High Cholesterol,Breakfast,"Kanda Poha (High Fibre, with Seasonal Vegetables)",181,11,27,4,8,Medium,Medium,Medium,Peanuts,"poha, onion, mustard seeds, curry leaves, green chilli, lemon, peanuts",Vegetarian,,"Skip ghee and deep frying, and keep the recipe light with more fibre and less saturated fat.",30 min cardio walk,Contains peanuts. Watch portion size. Avoid extra ghee or frying.
1158,Maharashtra,High Cholesterol,Breakfast,"Kothimbir Vadi (Steamed, with Seasonal Vegetables)",181,10,27,4,8,Medium,Medium,Medium,"Peanuts, Sesame","coriander leaves, besan, sesame, peanuts, green chilli",Vegetarian,,"Skip ghee and deep frying, and keep the recipe light with more fibre and less saturated fat.",30 min cardio walk,Contains peanuts. Watch portion size. Avoid extra ghee or frying.
1159,Maharashtra,High Cholesterol,Breakfast,"Methi Ghavan (No Ghee, with Jowar)",190,9,28,3,7,Medium,Medium,Medium,Gluten,"rice flour, fenugreek leaves or ragi, cumin, curry leaves",Vegetarian,,"Skip ghee and deep frying, and keep the recipe light with more fibre and less saturated fat.",30 min cardio walk,Contains gluten. Watch portion size. Avoid extra ghee or frying.
1160,Maharashtra,High Cholesterol,Breakfast,"Panki (No Ghee, with Jowar)",190,9,27,3,8,Medium,Medium,Medium,Gluten,"rice flour, coconut, coriander, banana leaf",Vegetarian,,"Skip ghee and deep frying, and keep the recipe light with more fibre and less saturated fat.",30 min cardio walk,Contains gluten. Watch portion size. Avoid extra ghee or frying.
1161,Maharashtra,High Cholesterol,Breakfast,"Ragi Ghavan (Low Fat, with Moong)",199,11,26,3,7,Medium,Medium,Medium,Gluten,"rice flour, fenugreek leaves or ragi, cumin, curry leaves",Vegetarian,,"Skip ghee and deep frying, and keep the recipe light with more fibre and less saturated fat.",30 min cardio walk,Contains gluten. Watch portion size. Avoid extra ghee or frying.
1162,Maharashtra,High Cholesterol,Breakfast,"Roasted Chana (Dry Roasted, with Jowar)",193,10,27,2,6,Medium,Medium,Medium,,"roasted chana, curry leaves, black pepper, cumin",Vegetarian,,"Skip ghee and deep frying, and keep the recipe light with more fibre and less saturated fat.",30 min cardio walk,Watch portion size. Avoid extra ghee or frying.
1163,Maharashtra,High Cholesterol,Breakfast,"Sabudana Khichdi (High Fibre, with Seasonal Vegetables)",199,11,24,4,8,Medium,Medium,Medium,Peanuts,"sabudana, peanuts, potato, cumin, curry leaves",Vegetarian,,"Skip ghee and deep frying, and keep the recipe light with more fibre and less saturated fat.",30 min cardio walk,Contains peanuts. Watch portion size. Avoid extra ghee or frying.
1164,Maharashtra,High Cholesterol,Breakfast,"Sprouted Matki Usal (Without Coconut, with Moong)",181,10,27,4,6,Medium,Medium,Medium,,"sprouted matki, onion, tomato, coriander, cumin, matki, garlic",Vegetarian,,"Skip ghee and deep frying, and keep the recipe light with more fibre and less saturated fat.",30 min cardio walk,Watch portion size. Avoid extra ghee or frying.
1165,Maharashtra,High Cholesterol,Breakfast,Steamed Alu Vadi,300,15,40,8,6,Low,Medium,Low,,"Colocasia Leaves, Gram Flour",Vegetarian,,Steam thoroughly. Skip the deep frying step.,40 mins steady cardio,Monitor lipid profile
1166,Maharashtra,High Cholesterol,Breakfast,Steamed Alu Vadi (With Ginger),300,15,40,8,6,Low,Medium,Low,,"Colocasia Leaves, Gram Flour",Vegetarian,,Steam plain.,40 mins steady cardio,Monitor lipid profile
1167,Maharashtra,High Cholesterol,Breakfast,Steamed Kothimbir Vadi (With Curry Leaves),300,15,40,8,6,Low,Medium,Low,,"Gram Flour, Coriander",Vegetarian,,Steam.,40 mins steady cardio,Monitor lipid profile
1168,Maharashtra,High Cholesterol,Breakfast,"Thalipeeth (Dry Roasted, with Jowar)",181,10,27,3,6,Medium,Medium,Medium,"Gluten, Sesame","jowar flour, bajra flour, rice flour, onion, coriander, sesame",Vegetarian,,"Skip ghee and deep frying, and keep the recipe light with more fibre and less saturated fat.",30 min cardio walk,Contains gluten. Watch portion size. Avoid extra ghee or frying.
1169,Maharashtra,High Cholesterol,Breakfast,"Egg Poha (Dry Roasted, with Fish)",207,15,24,7,6,Medium,Medium,Medium,"Peanuts, Egg","eggs, poha, onion, curry leaves, peanuts",Non-Vegetarian,,"Skip ghee and deep frying, and keep the recipe light with more fibre and less saturated fat.",30 min cardio walk,Contains peanuts. Contains egg. Watch portion size. Avoid extra ghee or frying.
1170,Maharashtra,High Cholesterol,Breakfast,"Egg Poha (Dry Roasted, with Fish, Variant 1)",201,15,25,5,6,Medium,Medium,Medium,"Peanuts, Egg","eggs, poha, onion, curry leaves, peanuts",Non-Vegetarian,,"Skip ghee and deep frying, and keep the recipe light with more fibre and less saturated fat.",30 min cardio walk,Contains peanuts. Contains egg. Watch portion size. Avoid extra ghee or frying.
1171,Maharashtra,High Cholesterol,Breakfast,"Egg Poha (Dry Roasted, with Fish, Variant 2)",204,16,24,7,8,Medium,Medium,Medium,"Peanuts, Egg","eggs, poha, onion, curry leaves, peanuts",Non-Vegetarian,,"Skip ghee and deep frying, and keep the recipe light with more fibre and less saturated fat.",30 min cardio walk,Contains peanuts. Contains egg. Watch portion size. Avoid extra ghee or frying.
1172,Maharashtra,High Cholesterol,Breakfast,"Egg Poha (High Fibre, with Lean Gravy)",207,17,28,7,8,Medium,Medium,Medium,"Peanuts, Egg","eggs, poha, onion, curry leaves, peanuts",Non-Vegetarian,,"Skip ghee and deep frying, and keep the recipe light with more fibre and less saturated fat.",30 min cardio walk,Contains peanuts. Contains egg. Watch portion size. Avoid extra ghee or frying.
1173,Maharashtra,High Cholesterol,Breakfast,"Egg Poha (High Fibre, with Lean Gravy, Variant 1)",216,17,24,7,8,Medium,Medium,Medium,"Peanuts, Egg","eggs, poha, onion, curry leaves, peanuts",Non-Vegetarian,,"Skip ghee and deep frying, and keep the recipe light with more fibre and less saturated fat.",30 min cardio walk,Contains peanuts. Contains egg. Watch portion size. Avoid extra ghee or frying.
1174,Maharashtra,High Cholesterol,Breakfast,"Egg Poha (Low Fat, with Egg)",207,16,26,6,7,Medium,Medium,Medium,"Peanuts, Egg","eggs, poha, onion, curry leaves, peanuts",Non-Vegetarian,,"Skip ghee and deep frying, and keep the recipe light with more fibre and less saturated fat.",30 min cardio walk,Contains peanuts. Contains egg. Watch portion size. Avoid extra ghee or frying.
1175,Maharashtra,High Cholesterol,Breakfast,"Egg Poha (Low Fat, with Egg, Variant 1)",219,16,25,5,8,Medium,Medium,Medium,"Peanuts, Egg","eggs, poha, onion, curry leaves, peanuts",Non-Vegetarian,,"Skip ghee and deep frying, and keep the recipe light with more fibre and less saturated fat.",30 min cardio walk,Contains peanuts. Contains egg. Watch portion size. Avoid extra ghee or frying.
1176,Maharashtra,High Cholesterol,Breakfast,"Egg Poha (Low Fat, with Egg, Variant 2)",219,16,25,7,6,Medium,Medium,Medium,"Peanuts, Egg","eggs, poha, onion, curry leaves, peanuts",Non-Vegetarian,,"Skip ghee and deep frying, and keep the recipe light with more fibre and less saturated fat.",30 min cardio walk,Contains peanuts. Contains egg. Watch portion size. Avoid extra ghee or frying.
1177,Maharashtra,High Cholesterol,Breakfast,"Egg Poha (No Ghee, with Fish)",204,16,26,5,6,Medium,Medium,Medium,"Peanuts, Egg","eggs, poha, onion, curry leaves, peanuts",Non-Vegetarian,,"Skip ghee and deep frying, and keep the recipe light with more fibre and less saturated fat.",30 min cardio walk,Contains peanuts. Contains egg. Watch portion size. Avoid extra ghee or frying.
1178,Maharashtra,High Cholesterol,Breakfast,"Egg Poha (No Ghee, with Fish, Variant 1)",207,15,27,6,8,Medium,Medium,Medium,"Peanuts, Egg","eggs, poha, onion, curry leaves, peanuts",Non-Vegetarian,,"Skip ghee and deep frying, and keep the recipe light with more fibre and less saturated fat.",30 min cardio walk,Contains peanuts. Contains egg. Watch portion size. Avoid extra ghee or frying.
1179,Maharashtra,High Cholesterol,Breakfast,"Egg Poha (Steamed, with Lean Gravy)",201,16,25,6,7,Medium,Medium,Medium,"Peanuts, Egg","eggs, poha, onion, curry leaves, peanuts",Non-Vegetarian,,"Skip ghee and deep frying, and keep the recipe light with more fibre and less saturated fat.",30 min cardio walk,Contains peanuts. Contains egg. Watch portion size. Avoid extra ghee or frying.
1180,Maharashtra,High Cholesterol,Breakfast,"Egg Poha (Steamed, with Lean Gravy, Variant 1)",210,15,27,5,8,Medium,Medium,Medium,"Peanuts, Egg","eggs, poha, onion, curry leaves, peanuts",Non-Vegetarian,,"Skip ghee and deep frying, and keep the recipe light with more fibre and less saturated fat.",30 min cardio walk,Contains peanuts. Contains egg. Watch portion size. Avoid extra ghee or frying.
1181,Maharashtra,High Cholesterol,Breakfast,"Egg Poha (Steamed, with Lean Gravy, Variant 2)",210,17,25,5,6,Medium,Medium,Medium,"Peanuts, Egg","eggs, poha, onion, curry leaves, peanuts",Non-Vegetarian,,"Skip ghee and deep frying, and keep the recipe light with more fibre and less saturated fat.",30 min cardio walk,Contains peanuts. Contains egg. Watch portion size. Avoid extra ghee or frying.
1182,Maharashtra,High Cholesterol,Breakfast,"Egg Poha (Without Coconut, with Egg)",213,17,25,7,8,Medium,Medium,Medium,"Peanuts, Egg","eggs, poha, onion, curry leaves, peanuts",Non-Vegetarian,,"Skip ghee and deep frying, and keep the recipe light with more fibre and less saturated fat.",30 min cardio walk,Contains peanuts. Contains egg. Watch portion size. Avoid extra ghee or frying.
1183,Maharashtra,High Cholesterol,Breakfast,"Egg Poha (Without Coconut, with Egg, Variant 1)",207,15,26,6,6,Medium,Medium,Medium,"Peanuts, Egg","eggs, poha, onion, curry leaves, peanuts",Non-Vegetarian,,"Skip ghee and deep frying, and keep the recipe light with more fibre and less saturated fat.",30 min cardio walk,Contains peanuts. Contains egg. Watch portion size. Avoid extra ghee or frying.
1184,Maharashtra,High Cholesterol,Breakfast,"Egg Poha (Without Coconut, with Egg, Variant 2)",201,16,25,5,6,Medium,Medium,Medium,"Peanuts, Egg","eggs, poha, onion, curry leaves, peanuts",Non-Vegetarian,,"Skip ghee and deep frying, and keep the recipe light with more fibre and less saturated fat.",30 min cardio walk,Contains peanuts. Contains egg. Watch portion size. Avoid extra ghee or frying.
1185,Maharashtra,High Cholesterol,Breakfast,"Batata Poha (Low Fat, with Sesame)",183,9,26,2,9,Medium,Medium,Medium,Peanuts,"poha, onion, mustard seeds, curry leaves, green chilli, lemon, peanuts",Vegan,,"Skip ghee and deep frying, and keep the recipe light with more fibre and less saturated fat.",30 min cardio walk,Contains peanuts. Watch portion size. Avoid extra ghee or frying.
1186,Maharashtra,High Cholesterol,Breakfast,"Chivda (Steamed, with Jowar)",174,9,28,2,10,Medium,Medium,Medium,Peanuts,"flattened rice, peanuts, curry leaves, mustard seeds, spices",Vegan,,"Skip ghee and deep frying, and keep the recipe light with more fibre and less saturated fat.",30 min cardio walk,Contains peanuts. Watch portion size. Avoid extra ghee or frying.
1187,Maharashtra,High Cholesterol,Breakfast,"Dadpe Pohe (Steamed, with Jowar)",189,9,28,2,9,Medium,Medium,Medium,Peanuts,"poha, onion, mustard seeds, curry leaves, green chilli, lemon, peanuts",Vegan,,"Skip ghee and deep frying, and keep the recipe light with more fibre and less saturated fat.",30 min cardio walk,Contains peanuts. Watch portion size. Avoid extra ghee or frying.
1188,Maharashtra,High Cholesterol,Breakfast,"Ghavan (High Fibre, with Jowar)",186,8,24,2,10,Medium,Medium,Medium,Gluten,"rice flour, fenugreek leaves or ragi, cumin, curry leaves",Vegan,,"Skip ghee and deep frying, and keep the recipe light with more fibre and less saturated fat.",30 min cardio walk,Contains gluten. Watch portion size. Avoid extra ghee or frying.
1189,Maharashtra,High Cholesterol,Breakfast,Ghavan (Zero Oil),300,15,40,8,6,High,Medium,Low,,Rice Flour,Vegan,,Pour batter on non-stick pan without oil.,40 mins steady cardio,Monitor lipid profile
1190,Maharashtra,High Cholesterol,Breakfast,"Kanda Poha (High Fibre, with Jowar)",174,10,26,3,9,Medium,Medium,Medium,Peanuts,"poha, onion, mustard seeds, curry leaves, green chilli, lemon, peanuts",Vegan,,"Skip ghee and deep frying, and keep the recipe light with more fibre and less saturated fat.",30 min cardio walk,Contains peanuts. Watch portion size. Avoid extra ghee or frying.
1191,Maharashtra,High Cholesterol,Breakfast,"Kothimbir Vadi (Dry Roasted, with Leafy Greens)",180,9,28,3,10,Medium,Medium,Medium,"Peanuts, Sesame","coriander leaves, besan, sesame, peanuts, green chilli",Vegan,,"Skip ghee and deep frying, and keep the recipe light with more fibre and less saturated fat.",30 min cardio walk,Contains peanuts. Watch portion size. Avoid extra ghee or frying.
1192,Maharashtra,High Cholesterol,Breakfast,"Methi Ghavan (No Ghee, with Leafy Greens)",180,10,28,1,9,Medium,Medium,Medium,Gluten,"rice flour, fenugreek leaves or ragi, cumin, curry leaves",Vegan,,"Skip ghee and deep frying, and keep the recipe light with more fibre and less saturated fat.",30 min cardio walk,Contains gluten. Watch portion size. Avoid extra ghee or frying.
1193,Maharashtra,High Cholesterol,Breakfast,"Panki (Low Fat, with Sesame)",189,8,26,2,10,Medium,Medium,Medium,Gluten,"rice flour, coconut, coriander, banana leaf",Vegan,,"Skip ghee and deep frying, and keep the recipe light with more fibre and less saturated fat.",30 min cardio walk,Contains gluten. Watch portion size. Avoid extra ghee or frying.
1194,Maharashtra,High Cholesterol,Breakfast,"Ragi Ghavan (Steamed, with Jowar)",183,8,28,1,9,Medium,Medium,Medium,Gluten,"rice flour, fenugreek leaves or ragi, cumin, curry leaves",Vegan,,"Skip ghee and deep frying, and keep the recipe light with more fibre and less saturated fat.",30 min cardio walk,Contains gluten. Watch portion size. Avoid extra ghee or frying.
1195,Maharashtra,High Cholesterol,Breakfast,"Roasted Chana (Without Coconut, with Sesame)",183,10,28,2,8,Medium,Medium,Medium,,"roasted chana, curry leaves, black pepper, cumin",Vegan,,"Skip ghee and deep frying, and keep the recipe light with more fibre and less saturated fat.",30 min cardio walk,Watch portion size. Avoid extra ghee or frying.
1196,Maharashtra,High Cholesterol,Breakfast,"Sabudana Khichdi (No Ghee, with Leafy Greens)",189,8,25,1,8,Medium,Medium,Medium,Peanuts,"sabudana, peanuts, potato, cumin, curry leaves",Vegan,,"Skip ghee and deep frying, and keep the recipe light with more fibre and less saturated fat.",30 min cardio walk,Contains peanuts. Watch portion size. Avoid extra ghee or frying.
1197,Maharashtra,High Cholesterol,Breakfast,"Sprouted Matki Usal (Without Coconut, with Sesame)",180,10,24,3,8,Medium,Medium,Medium,,"sprouted matki, onion, tomato, coriander, cumin, matki, garlic",Vegan,,"Skip ghee and deep frying, and keep the recipe light with more fibre and less saturated fat.",30 min cardio walk,Watch portion size. Avoid extra ghee or frying.
1198,Maharashtra,High Cholesterol,Breakfast,Steamed Poha,300,15,40,8,6,Medium,Medium,Low,,"Flattened Rice, Onion",Vegan,,Steam poha instead of traditional oil tempering.,40 mins steady cardio,Monitor lipid profile
1199,Maharashtra,High Cholesterol,Breakfast,Steamed Poha (With Bhakri),300,15,40,8,6,Medium,Medium,Low,,Flattened Rice,Vegan,,Steam.,40 mins steady cardio,Monitor lipid profile
1200,Maharashtra,High Cholesterol,Breakfast,"Thalipeeth (Dry Roasted, with Leafy Greens)",186,9,28,1,8,Medium,Medium,Medium,"Gluten, Sesame","jowar flour, bajra flour, rice flour, onion, coriander, sesame",Vegan,,"Skip ghee and deep frying, and keep the recipe light with more fibre and less saturated fat.",30 min cardio walk,Contains gluten. Watch portion size. Avoid extra ghee or frying.
1201,Maharashtra,High Cholesterol,Lunch,"Alu Wadi + Bhaat (Dry Roasted, with Peanuts)",356,18,44,7,10,Medium,Medium,Medium,"Peanuts, Sesame","colocasia leaves, besan, sesame, peanut",Vegetarian,,"Skip ghee and deep frying, and keep the recipe light with more fibre and less saturated fat.",35 min brisk walk,Contains peanuts. Watch portion size. Avoid extra ghee or frying.
1202,Maharashtra,High Cholesterol,Lunch,"Amti Bhaat (No Ghee, with Peanuts)",359,18,46,6,8,Medium,High,Medium,,"toor dal, rice, kokum, goda masala, coriander",Vegetarian,,"Skip ghee and deep frying, and keep the recipe light with more fibre and less saturated fat.",35 min brisk walk,Watch portion size. Avoid extra ghee or frying.
1203,Maharashtra,High Cholesterol,Lunch,"Bharli Vangi + Jowar Bhakri (High Fibre, with Matki, Variant 1)",341,17,43,7,9,Medium,High,Medium,"Peanuts, Sesame","brinjal, peanut, sesame, coconut, onion",Vegetarian,,"Skip ghee and deep frying, and keep the recipe light with more fibre and less saturated fat.",35 min brisk walk,Contains peanuts. Watch portion size. Avoid extra ghee or frying.
1204,Maharashtra,High Cholesterol,Lunch,"Bhendi Bhaji + Chapati (High Fibre, with Matki, Variant 2)",353,17,45,6,9,Medium,Medium,Medium,,"okra, onion, mustard seeds, coconut",Vegetarian,,"Skip ghee and deep frying, and keep the recipe light with more fibre and less saturated fat.",35 min brisk walk,Watch portion size. Avoid extra ghee or frying.
1205,Maharashtra,High Cholesterol,Lunch,"Bhoplyachi Bhaji + Chapati (High Fibre, with Matki, Variant 2)",344,18,45,8,8,Medium,High,Medium,,"pumpkin, coconut, cumin, coriander",Vegetarian,,"Skip ghee and deep frying, and keep the recipe light with more fibre and less saturated fat.",35 min brisk walk,Watch portion size. Avoid extra ghee or frying.
1206,Maharashtra,High Cholesterol,Lunch,"Chawli Usal + Bhakri (Dry Roasted, with Peanuts)",341,18,46,7,8,Medium,High,Medium,,"cowpeas, onion, tomato, garlic, coriander",Vegetarian,,"Skip ghee and deep frying, and keep the recipe light with more fibre and less saturated fat.",35 min brisk walk,Watch portion size. Avoid extra ghee or frying.
1207,Maharashtra,High Cholesterol,Lunch,"Gawar Bhaji + Bhakri (No Ghee, with Peanuts)",347,16,42,7,8,Medium,High,Medium,Peanuts,"cluster beans, onion, coconut, peanuts",Vegetarian,,"Skip ghee and deep frying, and keep the recipe light with more fibre and less saturated fat.",35 min brisk walk,Contains peanuts. Watch portion size. Avoid extra ghee or frying.
1208,Maharashtra,High Cholesterol,Lunch,"Kokum Saar + Rice (No Ghee, with Peanuts)",350,17,42,6,8,Medium,Medium,Medium,,"kokum, cumin, jaggery, coriander",Vegetarian,,"Skip ghee and deep frying, and keep the recipe light with more fibre and less saturated fat.",35 min brisk walk,Watch portion size. Avoid extra ghee or frying.
1209,Maharashtra,High Cholesterol,Lunch,"Koshimbir + Bhakri (Steamed, with Matki, Variant 2)",347,16,42,6,9,Medium,High,Medium,"Peanuts, Dairy","cucumber, curd, coriander, peanuts",Vegetarian,,"Skip ghee and deep frying, and keep the recipe light with more fibre and less saturated fat.",35 min brisk walk,Contains peanuts. Contains dairy. Watch portion size. Avoid extra ghee or frying.
1210,Maharashtra,High Cholesterol,Lunch,"Matki Usal + Jowar Bhakri (Steamed, with Matki, Variant 2)",350,16,44,8,8,Medium,Medium,Medium,,"matki, onion, tomato, garlic, coriander",Vegetarian,,"Skip ghee and deep frying, and keep the recipe light with more fibre and less saturated fat.",35 min brisk walk,Watch portion size. Avoid extra ghee or frying.
1211,Maharashtra,High Cholesterol,Lunch,"Moong Usal + Chapati (Without Coconut, with Thecha)",350,17,45,8,9,Medium,Medium,Medium,,"moong beans, onion, tomato, curry leaves, coriander",Vegetarian,,"Skip ghee and deep frying, and keep the recipe light with more fibre and less saturated fat.",35 min brisk walk,Watch portion size. Avoid extra ghee or frying.
1212,Maharashtra,High Cholesterol,Lunch,"Pithla Bhakri (Dry Roasted, with Peanuts)",359,17,42,6,8,Medium,Medium,Medium,Gluten,"besan, onion, garlic, jowar flour, green chilli",Vegetarian,,"Skip ghee and deep frying, and keep the recipe light with more fibre and less saturated fat.",35 min brisk walk,Contains gluten. Watch portion size. Avoid extra ghee or frying.
1213,Maharashtra,High Cholesterol,Lunch,"Solkadhi + Rice (Without Coconut, with Thecha)",341,18,42,8,10,Medium,Medium,Medium,Dairy,"kokum, coconut milk, garlic, coriander",Vegetarian,,"Skip ghee and deep frying, and keep the recipe light with more fibre and less saturated fat.",35 min brisk walk,Contains dairy. Watch portion size. Avoid extra ghee or frying.
1214,Maharashtra,High Cholesterol,Lunch,"Tondli Bhaji + Bhakri (Low Fat, with Thecha)",347,18,43,6,9,Medium,Medium,Medium,Peanuts,"ivy gourd, peanuts, coconut, mustard seeds",Vegetarian,,"Skip ghee and deep frying, and keep the recipe light with more fibre and less saturated fat.",35 min brisk walk,Contains peanuts. Watch portion size. Avoid extra ghee or frying.
1215,Maharashtra,High Cholesterol,Lunch,"Vangyache Bharit + Bhakri (Low Fat, with Thecha)",359,17,44,7,10,Medium,High,Medium,"Peanuts, Sesame","roasted brinjal, peanut, sesame, onion, coriander",Vegetarian,,"Skip ghee and deep frying, and keep the recipe light with more fibre and less saturated fat.",35 min brisk walk,Contains peanuts. Watch portion size. Avoid extra ghee or frying.
1216,Maharashtra,High Cholesterol,Lunch,"Varan Bhaat (Without Coconut, with Thecha)",350,18,46,6,9,Medium,High,Medium,Dairy,"toor dal, rice, turmeric, ghee, cumin",Vegetarian,,"Skip ghee and deep frying, and keep the recipe light with more fibre and less saturated fat.",35 min brisk walk,Contains dairy. Watch portion size. Avoid extra ghee or frying.
1217,Maharashtra,High Cholesterol,Lunch,"Anda Bhurji + Bhakri (High Fibre, with Mutton, Variant 2)",373,22,46,9,9,Medium,High,Medium,Egg,"eggs, onion, tomato, green chilli, coriander",Non-Vegetarian,,"Skip ghee and deep frying, and keep the recipe light with more fibre and less saturated fat.",35 min brisk walk,Contains egg. Watch portion size. Avoid extra ghee or frying.
1218,Maharashtra,High Cholesterol,Lunch,"Anda Bhurji + Bhakri (Low Fat, with Chicken)",361,22,46,10,9,Medium,High,Medium,Egg,"eggs, onion, tomato, green chilli, coriander",Non-Vegetarian,,"Skip ghee and deep frying, and keep the recipe light with more fibre and less saturated fat.",35 min brisk walk,Contains egg. Watch portion size. Avoid extra ghee or frying.
1219,Maharashtra,High Cholesterol,Lunch,"Anda Curry + Chapati (Steamed, with Mutton, Variant 2)",361,22,46,9,9,Medium,High,Medium,Egg,"eggs, onion, tomato, ginger, garlic",Non-Vegetarian,,"Skip ghee and deep frying, and keep the recipe light with more fibre and less saturated fat.",35 min brisk walk,Contains egg. Watch portion size. Avoid extra ghee or frying.
1220,Maharashtra,High Cholesterol,Lunch,"Anda Curry + Chapati (Without Coconut, with Chicken)",379,24,45,11,10,Medium,High,Medium,Egg,"eggs, onion, tomato, ginger, garlic",Non-Vegetarian,,"Skip ghee and deep frying, and keep the recipe light with more fibre and less saturated fat.",35 min brisk walk,Contains egg. Watch portion size. Avoid extra ghee or frying.
1221,Maharashtra,High Cholesterol,Lunch,"Bangda Curry + Bhaat (No Ghee, with Prawns)",376,23,43,9,10,Medium,High,Medium,Fish/Seafood,"mackerel, coconut, kokum, onion, garlic",Non-Vegetarian,Fish,"Skip ghee and deep frying, and keep the recipe light with more fibre and less saturated fat.",35 min brisk walk,Contains fish/seafood. Watch portion size. Avoid extra ghee or frying.
1222,Maharashtra,High Cholesterol,Lunch,"Bangda Curry + Bhaat (Without Coconut, with Chicken)",367,22,45,11,8,Medium,High,Medium,Fish/Seafood,"mackerel, coconut, kokum, onion, garlic",Non-Vegetarian,Fish,"Skip ghee and deep frying, and keep the recipe light with more fibre and less saturated fat.",35 min brisk walk,Contains fish/seafood. Watch portion size. Avoid extra ghee or frying.
1223,Maharashtra,High Cholesterol,Lunch,Brown Rice + Steamed Fish + Dodka,450,25,55,14,10,Low,Medium,Low,Fish,"Brown Rice, Fish, Ridge Gourd",Non-Vegetarian,fish,Steam fish in water/banana leaf.,30 mins cycling,Check cholesterol
1224,Maharashtra,High Cholesterol,Lunch,Brown Rice + Steamed Pomfret + Dodka,450,25,55,14,10,Low,Medium,Low,Fish,"Brown Rice, Pomfret, Ridge Gourd",Non-Vegetarian,fish,Poach fish in water with turmeric. Steam gourd.,30 mins cycling,Check cholesterol
1225,Maharashtra,High Cholesterol,Lunch,Brown Rice + Steamed Pomfret + Dodka (With Sprouts),450,25,55,14,10,Low,Medium,Low,Fish,"Brown Rice, Pomfret, Ridge Gourd",Non-Vegetarian,fish,Steam fish.,30 mins cycling,Check cholesterol
1226,Maharashtra,High Cholesterol,Lunch,"Chicken Rassa + Bhakri (Dry Roasted, with Prawns)",373,24,46,10,9,Medium,High,Medium,,"chicken, onion, garlic, red chilli, spices",Non-Vegetarian,Chicken,"Skip ghee and deep frying, and keep the recipe light with more fibre and less saturated fat.",35 min brisk walk,Watch portion size. Avoid extra ghee or frying.
1227,Maharashtra,High Cholesterol,Lunch,"Fish Curry + Rice (Without Coconut, with Chicken)",373,23,43,9,8,Medium,High,Medium,Fish/Seafood,"fish, coconut, kokum, onion, garlic",Non-Vegetarian,Fish,"Skip ghee and deep frying, and keep the recipe light with more fibre and less saturated fat.",35 min brisk walk,Contains fish/seafood. Watch portion size. Avoid extra ghee or frying.
1228,Maharashtra,High Cholesterol,Lunch,"Kolambi Curry + Rice (Dry Roasted, with Prawns)",379,22,45,9,8,Medium,High,Medium,Fish/Seafood,"prawns, coconut, kokum, onion, garlic",Non-Vegetarian,Seafood,"Skip ghee and deep frying, and keep the recipe light with more fibre and less saturated fat.",35 min brisk walk,Contains fish/seafood. Watch portion size. Avoid extra ghee or frying.
1229,Maharashtra,High Cholesterol,Lunch,"Kolambi Curry + Rice (Low Fat, with Chicken)",379,22,45,9,8,Medium,High,Medium,Fish/Seafood,"prawns, coconut, kokum, onion, garlic",Non-Vegetarian,Seafood,"Skip ghee and deep frying, and keep the recipe light with more fibre and less saturated fat.",35 min brisk walk,Contains fish/seafood. Watch portion size. Avoid extra ghee or frying.
1230,Maharashtra,High Cholesterol,Lunch,"Patra Ni Macchi + Rice (High Fibre, with Mutton, Variant 1)",370,24,45,11,10,Medium,High,Medium,Fish/Seafood,"fish, green chutney, banana leaf, lemon",Non-Vegetarian,Fish,"Skip ghee and deep frying, and keep the recipe light with more fibre and less saturated fat.",35 min brisk walk,Contains fish/seafood. Watch portion size. Avoid extra ghee or frying.
1231,Maharashtra,High Cholesterol,Lunch,"Varhadi Chicken + Jowar Bhakri (No Ghee, with Prawns)",361,24,43,10,8,Medium,High,Medium,,"chicken, goda masala, onion, garlic, ginger",Non-Vegetarian,Chicken,"Skip ghee and deep frying, and keep the recipe light with more fibre and less saturated fat.",35 min brisk walk,Watch portion size. Avoid extra ghee or frying.
1232,Maharashtra,High Cholesterol,Lunch,"Varhadi Chicken + Jowar Bhakri (Steamed, with Mutton, Variant 1)",367,22,44,10,9,Medium,High,Medium,,"chicken, goda masala, onion, garlic, ginger",Non-Vegetarian,Chicken,"Skip ghee and deep frying, and keep the recipe light with more fibre and less saturated fat.",35 min brisk walk,Watch portion size. Avoid extra ghee or frying.
1233,Maharashtra,High Cholesterol,Lunch,"Amti Bhaat (Low Fat, with Millets)",346,15,45,6,12,Medium,High,Medium,,"toor dal, rice, kokum, goda masala, coriander",Vegan,,"Skip ghee and deep frying, and keep the recipe light with more fibre and less saturated fat.",35 min brisk walk,Watch portion size. Avoid extra ghee or frying.
1234,Maharashtra,High Cholesterol,Lunch,"Bharli Vangi + Jowar Bhakri (No Ghee, with Kokum)",337,16,42,5,12,Medium,High,High,"Peanuts, Sesame","brinjal, peanut, sesame, coconut, onion",Vegan,,"Skip ghee and deep frying, and keep the recipe light with more fibre and less saturated fat.",35 min brisk walk,Contains peanuts. Watch portion size. Avoid extra ghee or frying.
1235,Maharashtra,High Cholesterol,Lunch,"Bhoplyachi Bhaji + Chapati (No Ghee, with Kokum)",334,15,42,5,10,Medium,High,Medium,,"pumpkin, coconut, cumin, coriander",Vegan,,"Skip ghee and deep frying, and keep the recipe light with more fibre and less saturated fat.",35 min brisk walk,Watch portion size. Avoid extra ghee or frying.
1236,Maharashtra,High Cholesterol,Lunch,"Chawli Usal + Bhakri (Without Coconut, with Millets)",334,15,45,7,11,Medium,High,High,,"cowpeas, onion, tomato, garlic, coriander",Vegan,,"Skip ghee and deep frying, and keep the recipe light with more fibre and less saturated fat.",35 min brisk walk,Watch portion size. Avoid extra ghee or frying.
1237,Maharashtra,High Cholesterol,Lunch,"Dodka Bhaji + Bhakri (High Fibre, with Roasted Chana, Variant 1)",343,15,42,6,10,Medium,High,High,,"ridge gourd, onion, coconut, cumin",Vegan,,"Skip ghee and deep frying, and keep the recipe light with more fibre and less saturated fat.",35 min brisk walk,Watch portion size. Avoid extra ghee or frying.
1238,Maharashtra,High Cholesterol,Lunch,"Gawar Bhaji + Bhakri (Low Fat, with Millets)",349,17,45,6,10,Medium,High,High,Peanuts,"cluster beans, onion, coconut, peanuts",Vegan,,"Skip ghee and deep frying, and keep the recipe light with more fibre and less saturated fat.",35 min brisk walk,Contains peanuts. Watch portion size. Avoid extra ghee or frying.
1239,Maharashtra,High Cholesterol,Lunch,Jowar Bhakri + Dal (No Tadka) + Steamed Gawar,450,25,55,14,10,Low,Medium,Low,,"Sorghum, Lentils, Cluster Beans",Vegan,,Boil dal without oil tadka.,30 mins cycling,Check cholesterol
1240,Maharashtra,High Cholesterol,Lunch,Jowar Bhakri + Dal (No Tadka) + Steamed Gawar (With Garlic),450,25,55,14,10,Low,Medium,Low,,"Sorghum, Lentils, Cluster Beans",Vegan,,No oil used.,30 mins cycling,Check cholesterol
1241,Maharashtra,High Cholesterol,Lunch,Jowar Bhakri + Dal (No Tadka) + Steamed Gawar (With Lemon),450,25,55,14,10,Low,Medium,Low,,"Sorghum, Lentils, Cluster Beans",Vegan,,No oil.,30 mins cycling,Check cholesterol
1242,Maharashtra,High Cholesterol,Lunch,"Kala Chana Usal + Bhakri (Without Coconut, with Millets)",346,17,42,5,10,Medium,High,High,,"kala chana, onion, tomato, coconut, coriander",Vegan,,"Skip ghee and deep frying, and keep the recipe light with more fibre and less saturated fat.",35 min brisk walk,Watch portion size. Avoid extra ghee or frying.
1243,Maharashtra,High Cholesterol,Lunch,"Koshimbir + Bhakri (Dry Roasted, with Kokum)",331,17,44,6,10,Medium,High,High,"Peanuts, Dairy","cucumber, curd, coriander, peanuts",Vegan,,"Skip ghee and deep frying, and keep the recipe light with more fibre and less saturated fat.",35 min brisk walk,Contains peanuts. Contains dairy. Watch portion size. Avoid extra ghee or frying.
1244,Maharashtra,High Cholesterol,Lunch,"Solkadhi + Rice (High Fibre, with Roasted Chana, Variant 2)",346,15,46,5,10,Medium,High,Medium,Dairy,"kokum, coconut milk, garlic, coriander",Vegan,,"Skip ghee and deep frying, and keep the recipe light with more fibre and less saturated fat.",35 min brisk walk,Contains dairy. Watch portion size. Avoid extra ghee or frying.
1245,Maharashtra,High Cholesterol,Lunch,"Sprouted Matki Usal + Jowar Bhakri (Steamed, with Roasted Chana, Variant 1)",343,16,43,6,11,Medium,High,High,,"sprouted matki, onion, tomato, coriander, cumin, matki, garlic",Vegan,,"Skip ghee and deep frying, and keep the recipe light with more fibre and less saturated fat.",35 min brisk walk,Watch portion size. Avoid extra ghee or frying.
1246,Maharashtra,High Cholesterol,Lunch,"Vangyache Bharit + Bhakri (Steamed, with Roasted Chana, Variant 2)",337,17,42,7,12,Medium,High,Medium,"Peanuts, Sesame","roasted brinjal, peanut, sesame, onion, coriander",Vegan,,"Skip ghee and deep frying, and keep the recipe light with more fibre and less saturated fat.",35 min brisk walk,Contains peanuts. Watch portion size. Avoid extra ghee or frying.
1247,Maharashtra,High Cholesterol,Lunch,"Varan Bhaat (High Fibre, with Roasted Chana, Variant 2)",349,16,44,6,11,Medium,High,High,Dairy,"toor dal, rice, turmeric, ghee, cumin",Vegan,,"Skip ghee and deep frying, and keep the recipe light with more fibre and less saturated fat.",35 min brisk walk,Contains dairy. Watch portion size. Avoid extra ghee or frying.
1248,Maharashtra,High Cholesterol,Lunch,"Zunka Bhakri (Dry Roasted, with Kokum)",346,16,42,6,11,Medium,High,High,Gluten,"besan, onion, garlic, coriander, jowar flour",Vegan,,"Skip ghee and deep frying, and keep the recipe light with more fibre and less saturated fat.",35 min brisk walk,Contains gluten. Watch portion size. Avoid extra ghee or frying.
1249,Maharashtra,High Cholesterol,Snack,"Bhakarwadi (High Fibre, with Seasonal Vegetables, Variant 1)",140,9,14,3,5,High,High,High,"Gluten, Sesame","gram flour, wheat flour, sesame, fennel, spices",Vegetarian,,"Skip ghee and deep frying, and keep the recipe light with more fibre and less saturated fat.",20 min light cycling,Contains gluten. Watch portion size. Avoid extra ghee or frying.
1250,Maharashtra,High Cholesterol,Snack,"Bhakarwadi (Steamed, with Seasonal Vegetables)",131,7,14,1,6,High,High,High,"Gluten, Sesame","gram flour, wheat flour, sesame, fennel, spices",Vegetarian,,"Skip ghee and deep frying, and keep the recipe light with more fibre and less saturated fat.",20 min light cycling,Contains gluten. Watch portion size. Avoid extra ghee or frying.
1251,Maharashtra,High Cholesterol,Snack,"Bhel Puri (Dry Roasted, with Jowar)",146,9,17,2,6,High,High,High,Peanuts,"puffed rice, onion, tomato, coriander, peanuts, tamarind",Vegetarian,,"Skip ghee and deep frying, and keep the recipe light with more fibre and less saturated fat.",20 min light cycling,Contains peanuts. Watch portion size. Avoid extra ghee or frying.
1252,Maharashtra,High Cholesterol,Snack,"Bhel Puri (No Ghee, with Jowar)",137,8,18,1,6,High,High,High,Peanuts,"puffed rice, onion, tomato, coriander, peanuts, tamarind",Vegetarian,,"Skip ghee and deep frying, and keep the recipe light with more fibre and less saturated fat.",20 min light cycling,Contains peanuts. Watch portion size. Avoid extra ghee or frying.
1253,Maharashtra,High Cholesterol,Snack,"Chivda (Dry Roasted, with Jowar)",134,9,14,3,6,High,High,High,Peanuts,"flattened rice, peanuts, curry leaves, mustard seeds, spices",Vegetarian,,"Skip ghee and deep frying, and keep the recipe light with more fibre and less saturated fat.",20 min light cycling,Contains peanuts. Watch portion size. Avoid extra ghee or frying.
1254,Maharashtra,High Cholesterol,Snack,"Chivda (No Ghee, with Jowar)",131,8,18,1,5,High,High,High,Peanuts,"flattened rice, peanuts, curry leaves, mustard seeds, spices",Vegetarian,,"Skip ghee and deep frying, and keep the recipe light with more fibre and less saturated fat.",20 min light cycling,Contains peanuts. Watch portion size. Avoid extra ghee or frying.
1255,Maharashtra,High Cholesterol,Snack,"Kothimbir Vadi (Low Fat, with Moong)",140,8,14,3,6,High,High,High,"Peanuts, Sesame","coriander leaves, besan, sesame, peanuts, green chilli",Vegetarian,,"Skip ghee and deep frying, and keep the recipe light with more fibre and less saturated fat.",20 min light cycling,Contains peanuts. Watch portion size. Avoid extra ghee or frying.
1256,Maharashtra,High Cholesterol,Snack,"Kothimbir Vadi (Without Coconut, with Moong)",134,8,16,1,6,High,High,High,"Peanuts, Sesame","coriander leaves, besan, sesame, peanuts, green chilli",Vegetarian,,"Skip ghee and deep frying, and keep the recipe light with more fibre and less saturated fat.",20 min light cycling,Contains peanuts. Watch portion size. Avoid extra ghee or frying.
1257,Maharashtra,High Cholesterol,Snack,"Kurmura Bhel (No Ghee, with Jowar)",146,8,14,2,6,High,High,High,Peanuts,"puffed rice, onion, tomato, coriander, peanuts, tamarind",Vegetarian,,"Skip ghee and deep frying, and keep the recipe light with more fibre and less saturated fat.",20 min light cycling,Contains peanuts. Watch portion size. Avoid extra ghee or frying.
1258,Maharashtra,High Cholesterol,Snack,"Panki (High Fibre, with Seasonal Vegetables, Variant 1)",149,8,18,3,6,High,High,High,Gluten,"rice flour, coconut, coriander, banana leaf",Vegetarian,,"Skip ghee and deep frying, and keep the recipe light with more fibre and less saturated fat.",20 min light cycling,Contains gluten. Watch portion size. Avoid extra ghee or frying.
1259,Maharashtra,High Cholesterol,Snack,"Panki (Steamed, with Seasonal Vegetables, Variant 2)",137,7,14,1,7,High,High,High,Gluten,"rice flour, coconut, coriander, banana leaf",Vegetarian,,"Skip ghee and deep frying, and keep the recipe light with more fibre and less saturated fat.",20 min light cycling,Contains gluten. Watch portion size. Avoid extra ghee or frying.
1260,Maharashtra,High Cholesterol,Snack,"Roasted Chana (Steamed, with Seasonal Vegetables, Variant 1)",134,8,16,2,5,High,High,High,,"roasted chana, curry leaves, black pepper, cumin",Vegetarian,,"Skip ghee and deep frying, and keep the recipe light with more fibre and less saturated fat.",20 min light cycling,Watch portion size. Avoid extra ghee or frying.
1261,Maharashtra,High Cholesterol,Snack,Solkadhi (No Coconut Milk),150,8,20,4,5,Low,Medium,Low,,"Kokum, Garlic",Vegetarian,,Extract kokum juice with water instead of coconut milk.,Stay active,
1262,Maharashtra,High Cholesterol,Snack,"Sprouted Moong Chaat (Low Fat, with Moong)",134,9,17,2,6,High,High,High,,"sprouted moong, onion, tomato, coriander, lemon",Vegetarian,,"Skip ghee and deep frying, and keep the recipe light with more fibre and less saturated fat.",20 min light cycling,Watch portion size. Avoid extra ghee or frying.
1263,Maharashtra,High Cholesterol,Snack,"Taak (Low Fat, with Moong)",131,8,16,3,6,High,High,High,Dairy,"buttermilk, cumin, coriander, curry leaves",Vegetarian,,"Skip ghee and deep frying, and keep the recipe light with more fibre and less saturated fat.",20 min light cycling,Contains dairy. Watch portion size. Avoid extra ghee or frying.
1264,Maharashtra,High Cholesterol,Snack,"Taak (Without Coconut, with Moong)",146,8,16,3,6,High,High,High,Dairy,"buttermilk, cumin, coriander, curry leaves",Vegetarian,,"Skip ghee and deep frying, and keep the recipe light with more fibre and less saturated fat.",20 min light cycling,Contains dairy. Watch portion size. Avoid extra ghee or frying.
1265,Maharashtra,High Cholesterol,Snack,"Chicken Cutlet (Dry Roasted, with Fish)",163,15,14,6,7,High,High,High,,"chicken mince, potato, onion, bread crumbs",Non-Vegetarian,Chicken,"Skip ghee and deep frying, and keep the recipe light with more fibre and less saturated fat.",20 min light cycling,Watch portion size. Avoid extra ghee or frying.
1266,Maharashtra,High Cholesterol,Snack,"Chicken Cutlet (Dry Roasted, with Fish, Variant 1)",163,14,14,6,6,High,High,High,,"chicken mince, potato, onion, bread crumbs",Non-Vegetarian,Chicken,"Skip ghee and deep frying, and keep the recipe light with more fibre and less saturated fat.",20 min light cycling,Watch portion size. Avoid extra ghee or frying.
1267,Maharashtra,High Cholesterol,Snack,"Chicken Cutlet (Dry Roasted, with Fish, Variant 2)",166,13,15,6,7,High,High,High,,"chicken mince, potato, onion, bread crumbs",Non-Vegetarian,Chicken,"Skip ghee and deep frying, and keep the recipe light with more fibre and less saturated fat.",20 min light cycling,Watch portion size. Avoid extra ghee or frying.
1268,Maharashtra,High Cholesterol,Snack,"Chicken Cutlet (High Fibre, with Lean Gravy)",160,14,16,6,6,High,High,High,,"chicken mince, potato, onion, bread crumbs",Non-Vegetarian,Chicken,"Skip ghee and deep frying, and keep the recipe light with more fibre and less saturated fat.",20 min light cycling,Watch portion size. Avoid extra ghee or frying.
1269,Maharashtra,High Cholesterol,Snack,"Chicken Cutlet (High Fibre, with Lean Gravy, Variant 1)",163,13,17,5,7,High,High,High,,"chicken mince, potato, onion, bread crumbs",Non-Vegetarian,Chicken,"Skip ghee and deep frying, and keep the recipe light with more fibre and less saturated fat.",20 min light cycling,Watch portion size. Avoid extra ghee or frying.
1270,Maharashtra,High Cholesterol,Snack,"Chicken Cutlet (Low Fat, with Egg)",163,15,14,6,7,High,High,High,,"chicken mince, potato, onion, bread crumbs",Non-Vegetarian,Chicken,"Skip ghee and deep frying, and keep the recipe light with more fibre and less saturated fat.",20 min light cycling,Watch portion size. Avoid extra ghee or frying.
1271,Maharashtra,High Cholesterol,Snack,"Chicken Cutlet (Low Fat, with Egg, Variant 1)",163,13,18,6,5,High,High,High,,"chicken mince, potato, onion, bread crumbs",Non-Vegetarian,Chicken,"Skip ghee and deep frying, and keep the recipe light with more fibre and less saturated fat.",20 min light cycling,Watch portion size. Avoid extra ghee or frying.
1272,Maharashtra,High Cholesterol,Snack,"Chicken Cutlet (Low Fat, with Egg, Variant 2)",169,14,17,4,5,High,High,High,,"chicken mince, potato, onion, bread crumbs",Non-Vegetarian,Chicken,"Skip ghee and deep frying, and keep the recipe light with more fibre and less saturated fat.",20 min light cycling,Watch portion size. Avoid extra ghee or frying.
1273,Maharashtra,High Cholesterol,Snack,"Chicken Cutlet (No Ghee, with Fish)",160,13,18,5,7,High,High,High,,"chicken mince, potato, onion, bread crumbs",Non-Vegetarian,Chicken,"Skip ghee and deep frying, and keep the recipe light with more fibre and less saturated fat.",20 min light cycling,Watch portion size. Avoid extra ghee or frying.
1274,Maharashtra,High Cholesterol,Snack,"Chicken Cutlet (No Ghee, with Fish, Variant 1)",160,15,18,5,6,High,High,High,,"chicken mince, potato, onion, bread crumbs",Non-Vegetarian,Chicken,"Skip ghee and deep frying, and keep the recipe light with more fibre and less saturated fat.",20 min light cycling,Watch portion size. Avoid extra ghee or frying.
1275,Maharashtra,High Cholesterol,Snack,"Chicken Cutlet (Steamed, with Lean Gravy)",169,15,17,6,6,High,High,High,,"chicken mince, potato, onion, bread crumbs",Non-Vegetarian,Chicken,"Skip ghee and deep frying, and keep the recipe light with more fibre and less saturated fat.",20 min light cycling,Watch portion size. Avoid extra ghee or frying.
1276,Maharashtra,High Cholesterol,Snack,"Chicken Cutlet (Steamed, with Lean Gravy, Variant 1)",160,13,16,5,6,High,High,High,,"chicken mince, potato, onion, bread crumbs",Non-Vegetarian,Chicken,"Skip ghee and deep frying, and keep the recipe light with more fibre and less saturated fat.",20 min light cycling,Watch portion size. Avoid extra ghee or frying.
1277,Maharashtra,High Cholesterol,Snack,"Chicken Cutlet (Steamed, with Lean Gravy, Variant 2)",151,14,18,5,5,High,High,High,,"chicken mince, potato, onion, bread crumbs",Non-Vegetarian,Chicken,"Skip ghee and deep frying, and keep the recipe light with more fibre and less saturated fat.",20 min light cycling,Watch portion size. Avoid extra ghee or frying.
1278,Maharashtra,High Cholesterol,Snack,"Chicken Cutlet (Without Coconut, with Egg)",154,13,17,5,6,High,High,High,,"chicken mince, potato, onion, bread crumbs",Non-Vegetarian,Chicken,"Skip ghee and deep frying, and keep the recipe light with more fibre and less saturated fat.",20 min light cycling,Watch portion size. Avoid extra ghee or frying.
1279,Maharashtra,High Cholesterol,Snack,"Chicken Cutlet (Without Coconut, with Egg, Variant 1)",163,14,18,6,7,High,High,High,,"chicken mince, potato, onion, bread crumbs",Non-Vegetarian,Chicken,"Skip ghee and deep frying, and keep the recipe light with more fibre and less saturated fat.",20 min light cycling,Watch portion size. Avoid extra ghee or frying.
1280,Maharashtra,High Cholesterol,Snack,"Chicken Cutlet (Without Coconut, with Egg, Variant 2)",154,13,14,5,6,High,High,High,,"chicken mince, potato, onion, bread crumbs",Non-Vegetarian,Chicken,"Skip ghee and deep frying, and keep the recipe light with more fibre and less saturated fat.",20 min light cycling,Watch portion size. Avoid extra ghee or frying.
1281,Maharashtra,High Cholesterol,Snack,"Bhakarwadi (No Ghee, with Leafy Greens)",121,7,17,1,8,High,High,High,"Gluten, Sesame","gram flour, wheat flour, sesame, fennel, spices",Vegan,,"Skip ghee and deep frying, and keep the recipe light with more fibre and less saturated fat.",20 min light cycling,Contains gluten. Watch portion size. Avoid extra ghee or frying.
1282,Maharashtra,High Cholesterol,Snack,"Bhel Puri (Without Coconut, with Sesame)",133,6,15,1,8,High,High,High,Peanuts,"puffed rice, onion, tomato, coriander, peanuts, tamarind",Vegan,,"Skip ghee and deep frying, and keep the recipe light with more fibre and less saturated fat.",20 min light cycling,Contains peanuts. Watch portion size. Avoid extra ghee or frying.
1283,Maharashtra,High Cholesterol,Snack,"Chivda (Without Coconut, with Sesame)",127,8,16,1,8,High,High,High,Peanuts,"flattened rice, peanuts, curry leaves, mustard seeds, spices",Vegan,,"Skip ghee and deep frying, and keep the recipe light with more fibre and less saturated fat.",20 min light cycling,Contains peanuts. Watch portion size. Avoid extra ghee or frying.
1284,Maharashtra,High Cholesterol,Snack,"Kothimbir Vadi (High Fibre, with Jowar, Variant 2)",127,6,14,2,9,High,High,High,"Peanuts, Sesame","coriander leaves, besan, sesame, peanuts, green chilli",Vegan,,"Skip ghee and deep frying, and keep the recipe light with more fibre and less saturated fat.",20 min light cycling,Contains peanuts. Watch portion size. Avoid extra ghee or frying.
1285,Maharashtra,High Cholesterol,Snack,"Kothimbir Vadi (Steamed, with Jowar, Variant 1)",127,8,15,1,9,High,High,High,"Peanuts, Sesame","coriander leaves, besan, sesame, peanuts, green chilli",Vegan,,"Skip ghee and deep frying, and keep the recipe light with more fibre and less saturated fat.",20 min light cycling,Contains peanuts. Watch portion size. Avoid extra ghee or frying.
1286,Maharashtra,High Cholesterol,Snack,"Kurmura Bhel (Low Fat, with Sesame)",124,6,16,1,8,High,High,High,Peanuts,"puffed rice, onion, tomato, coriander, peanuts, tamarind",Vegan,,"Skip ghee and deep frying, and keep the recipe light with more fibre and less saturated fat.",20 min light cycling,Contains peanuts. Watch portion size. Avoid extra ghee or frying.
1287,Maharashtra,High Cholesterol,Snack,"Panki (Dry Roasted, with Leafy Greens)",121,8,17,1,7,High,High,High,Gluten,"rice flour, coconut, coriander, banana leaf",Vegan,,"Skip ghee and deep frying, and keep the recipe light with more fibre and less saturated fat.",20 min light cycling,Contains gluten. Watch portion size. Avoid extra ghee or frying.
1288,Maharashtra,High Cholesterol,Snack,"Panki (No Ghee, with Leafy Greens)",136,8,14,1,8,High,High,High,Gluten,"rice flour, coconut, coriander, banana leaf",Vegan,,"Skip ghee and deep frying, and keep the recipe light with more fibre and less saturated fat.",20 min light cycling,Contains gluten. Watch portion size. Avoid extra ghee or frying.
1289,Maharashtra,High Cholesterol,Snack,"Roasted Chana (Dry Roasted, with Leafy Greens)",139,6,16,1,8,High,High,High,,"roasted chana, curry leaves, black pepper, cumin",Vegan,,"Skip ghee and deep frying, and keep the recipe light with more fibre and less saturated fat.",20 min light cycling,Watch portion size. Avoid extra ghee or frying.
1290,Maharashtra,High Cholesterol,Snack,Roasted Chana (With Seasonal Veg),150,8,20,4,5,Low,Medium,Low,,Black Chickpeas,Vegan,,Dry roast plain.,Stay active,
1291,Maharashtra,High Cholesterol,Snack,Solkadhi (With Herbs),150,8,20,4,5,Low,Medium,Low,,"Kokum, Water",Vegan,,No coconut milk.,Stay active,
1292,Maharashtra,High Cholesterol,Snack,"Sprouted Moong Chaat (Steamed, with Jowar, Variant 1)",124,8,14,2,9,High,High,High,,"sprouted moong, onion, tomato, coriander, lemon",Vegan,,"Skip ghee and deep frying, and keep the recipe light with more fibre and less saturated fat.",20 min light cycling,Watch portion size. Avoid extra ghee or frying.
1293,Maharashtra,High Cholesterol,Snack,Steamed Matki,150,8,20,4,5,Low,Medium,Low,,Moth Beans,Vegan,,Steam plain moth beans.,Stay active,
1294,Maharashtra,High Cholesterol,Snack,Steamed Matki (With Kokum),150,8,20,4,5,Low,Medium,Low,,Moth Beans,Vegan,,Steam.,Stay active,
1295,Maharashtra,High Cholesterol,Snack,Steamed Matki (With Thecha),150,8,20,4,5,Low,Medium,Low,,Moth Beans,Vegan,,Steam plain.,Stay active,
1296,Maharashtra,High Cholesterol,Snack,"Taak (High Fibre, with Jowar, Variant 1)",139,7,14,2,9,High,High,High,Dairy,"buttermilk, cumin, coriander, curry leaves",Vegan,,"Skip ghee and deep frying, and keep the recipe light with more fibre and less saturated fat.",20 min light cycling,Contains dairy. Watch portion size. Avoid extra ghee or frying.
1297,Maharashtra,High Cholesterol,Dinner,"Alu Wadi + Bhaat (Dry Roasted, with Peanuts, Variant 1)",327,17,39,5,8,High,High,High,"Peanuts, Sesame","colocasia leaves, besan, sesame, peanut",Vegetarian,,"Skip ghee and deep frying, and keep the recipe light with more fibre and less saturated fat.",30 min evening walk,Contains peanuts. Watch portion size. Avoid extra ghee or frying.
1298,Maharashtra,High Cholesterol,Dinner,"Amti Bhaat (No Ghee, with Peanuts, Variant 1)",321,17,42,7,9,High,High,High,,"toor dal, rice, kokum, goda masala, coriander",Vegetarian,,"Skip ghee and deep frying, and keep the recipe light with more fibre and less saturated fat.",30 min evening walk,Watch portion size. Avoid extra ghee or frying.
1299,Maharashtra,High Cholesterol,Dinner,"Bhendi Bhaji + Chapati (High Fibre, with Matki, Variant 3)",330,17,40,5,9,High,High,High,,"okra, onion, mustard seeds, coconut",Vegetarian,,"Skip ghee and deep frying, and keep the recipe light with more fibre and less saturated fat.",30 min evening walk,Watch portion size. Avoid extra ghee or frying.
1300,Maharashtra,High Cholesterol,Dinner,"Bhoplyachi Bhaji + Chapati (High Fibre, with Matki, Variant 3)",321,16,43,5,7,High,High,High,,"pumpkin, coconut, cumin, coriander",Vegetarian,,"Skip ghee and deep frying, and keep the recipe light with more fibre and less saturated fat.",30 min evening walk,Watch portion size. Avoid extra ghee or frying.
1301,Maharashtra,High Cholesterol,Dinner,"Chawli Usal + Bhakri (Dry Roasted, with Peanuts, Variant 1)",336,17,41,5,7,High,High,High,,"cowpeas, onion, tomato, garlic, coriander",Vegetarian,,"Skip ghee and deep frying, and keep the recipe light with more fibre and less saturated fat.",30 min evening walk,Watch portion size. Avoid extra ghee or frying.
1302,Maharashtra,High Cholesterol,Dinner,"Kokum Saar + Rice (No Ghee, with Peanuts, Variant 1)",339,16,42,7,8,High,High,High,,"kokum, cumin, jaggery, coriander",Vegetarian,,"Skip ghee and deep frying, and keep the recipe light with more fibre and less saturated fat.",30 min evening walk,Watch portion size. Avoid extra ghee or frying.
1303,Maharashtra,High Cholesterol,Dinner,"Koshimbir + Bhakri (Steamed, with Matki, Variant 3)",321,15,42,6,8,High,High,High,"Peanuts, Dairy","cucumber, curd, coriander, peanuts",Vegetarian,,"Skip ghee and deep frying, and keep the recipe light with more fibre and less saturated fat.",30 min evening walk,Contains peanuts. Contains dairy. Watch portion size. Avoid extra ghee or frying.
1304,Maharashtra,High Cholesterol,Dinner,"Matki Usal + Jowar Bhakri (Steamed, with Matki, Variant 3)",324,16,41,7,8,High,High,High,,"matki, onion, tomato, garlic, coriander",Vegetarian,,"Skip ghee and deep frying, and keep the recipe light with more fibre and less saturated fat.",30 min evening walk,Watch portion size. Avoid extra ghee or frying.
1305,Maharashtra,High Cholesterol,Dinner,"Moong Dal Khichdi (No Ghee, With Peanuts)",350,20,45,10,8,Low,Medium,Low,,"Rice, Moong Dal",Vegetarian,,Boil together plainly.,20 mins walk,Avoid trans fats
1306,Maharashtra,High Cholesterol,Dinner,"Moong Dal Khichdi (No Ghee, With Salad)",350,20,45,10,8,Low,Medium,Low,,"Rice, Moong Dal",Vegetarian,,Plain.,20 mins walk,Avoid trans fats
1307,Maharashtra,High Cholesterol,Dinner,"Moong Usal + Chapati (Without Coconut, with Thecha, Variant 1)",336,17,41,6,9,High,High,High,,"moong beans, onion, tomato, curry leaves, coriander",Vegetarian,,"Skip ghee and deep frying, and keep the recipe light with more fibre and less saturated fat.",30 min evening walk,Watch portion size. Avoid extra ghee or frying.
1308,Maharashtra,High Cholesterol,Dinner,"Pithla Bhakri (Dry Roasted, with Peanuts, Variant 1)",324,17,39,5,7,High,High,High,Gluten,"besan, onion, garlic, jowar flour, green chilli",Vegetarian,,"Skip ghee and deep frying, and keep the recipe light with more fibre and less saturated fat.",30 min evening walk,Contains gluten. Watch portion size. Avoid extra ghee or frying.
1309,Maharashtra,High Cholesterol,Dinner,"Solkadhi + Rice (Without Coconut, with Thecha, Variant 1)",321,16,40,7,9,High,High,High,Dairy,"kokum, coconut milk, garlic, coriander",Vegetarian,,"Skip ghee and deep frying, and keep the recipe light with more fibre and less saturated fat.",30 min evening walk,Contains dairy. Watch portion size. Avoid extra ghee or frying.
1310,Maharashtra,High Cholesterol,Dinner,"Tondli Bhaji + Bhakri (Low Fat, with Thecha, Variant 1)",336,15,42,5,7,High,High,High,Peanuts,"ivy gourd, peanuts, coconut, mustard seeds",Vegetarian,,"Skip ghee and deep frying, and keep the recipe light with more fibre and less saturated fat.",30 min evening walk,Contains peanuts. Watch portion size. Avoid extra ghee or frying.
1311,Maharashtra,High Cholesterol,Dinner,"Vangyache Bharit + Bhakri (Low Fat, with Thecha, Variant 1)",324,15,42,5,9,High,High,High,"Peanuts, Sesame","roasted brinjal, peanut, sesame, onion, coriander",Vegetarian,,"Skip ghee and deep frying, and keep the recipe light with more fibre and less saturated fat.",30 min evening walk,Contains peanuts. Watch portion size. Avoid extra ghee or frying.
1312,Maharashtra,High Cholesterol,Dinner,"Varan Bhaat (Without Coconut, with Thecha, Variant 1)",330,15,41,5,8,High,High,High,Dairy,"toor dal, rice, turmeric, ghee, cumin",Vegetarian,,"Skip ghee and deep frying, and keep the recipe light with more fibre and less saturated fat.",30 min evening walk,Contains dairy. Watch portion size. Avoid extra ghee or frying.
1313,Maharashtra,High Cholesterol,Dinner,"Anda Bhurji + Bhakri (High Fibre, with Mutton, Variant 3)",353,23,41,9,8,High,High,High,Egg,"eggs, onion, tomato, green chilli, coriander",Non-Vegetarian,,"Skip ghee and deep frying, and keep the recipe light with more fibre and less saturated fat.",30 min evening walk,Contains egg. Watch portion size. Avoid extra ghee or frying.
1314,Maharashtra,High Cholesterol,Dinner,"Anda Curry + Chapati (No Ghee, with Prawns)",347,23,43,8,7,High,High,High,Egg,"eggs, onion, tomato, ginger, garlic",Non-Vegetarian,,"Skip ghee and deep frying, and keep the recipe light with more fibre and less saturated fat.",30 min evening walk,Contains egg. Watch portion size. Avoid extra ghee or frying.
1315,Maharashtra,High Cholesterol,Dinner,"Anda Curry + Chapati (Steamed, with Mutton, Variant 3)",344,21,42,9,9,High,High,High,Egg,"eggs, onion, tomato, ginger, garlic",Non-Vegetarian,,"Skip ghee and deep frying, and keep the recipe light with more fibre and less saturated fat.",30 min evening walk,Contains egg. Watch portion size. Avoid extra ghee or frying.
1316,Maharashtra,High Cholesterol,Dinner,"Bangda Curry + Bhaat (Without Coconut, with Chicken, Variant 1)",356,22,41,8,7,High,High,High,Fish/Seafood,"mackerel, coconut, kokum, onion, garlic",Non-Vegetarian,Fish,"Skip ghee and deep frying, and keep the recipe light with more fibre and less saturated fat.",30 min evening walk,Contains fish/seafood. Watch portion size. Avoid extra ghee or frying.
1317,Maharashtra,High Cholesterol,Dinner,Brown Rice + Steamed Pomfret + Dodka (With Coconut Chutney),350,20,45,10,8,Low,Medium,Low,Fish,"Brown Rice, Pomfret, Ridge Gourd",Non-Vegetarian,fish,Steam fish.,20 mins walk,Avoid trans fats
1318,Maharashtra,High Cholesterol,Dinner,Brown Rice + Steamed Pomfret + Dodka Bhaji,350,20,45,10,8,Low,Medium,Low,Fish,"Brown Rice, Pomfret, Ridge Gourd",Non-Vegetarian,fish,Steam fish in banana leaf. Zero oil.,20 mins walk,Avoid trans fats
1319,Maharashtra,High Cholesterol,Dinner,"Chicken Rassa + Bhakri (Dry Roasted, with Prawns, Variant 1)",350,22,39,10,9,High,High,High,,"chicken, onion, garlic, red chilli, spices",Non-Vegetarian,Chicken,"Skip ghee and deep frying, and keep the recipe light with more fibre and less saturated fat.",30 min evening walk,Watch portion size. Avoid extra ghee or frying.
1320,Maharashtra,High Cholesterol,Dinner,"Chicken Rassa + Bhakri (Low Fat, with Chicken)",341,22,43,10,9,High,High,High,,"chicken, onion, garlic, red chilli, spices",Non-Vegetarian,Chicken,"Skip ghee and deep frying, and keep the recipe light with more fibre and less saturated fat.",30 min evening walk,Watch portion size. Avoid extra ghee or frying.
1321,Maharashtra,High Cholesterol,Dinner,"Fish Curry + Rice (Steamed, with Mutton, Variant 1)",350,22,39,9,7,High,High,High,Fish/Seafood,"fish, coconut, kokum, onion, garlic",Non-Vegetarian,Fish,"Skip ghee and deep frying, and keep the recipe light with more fibre and less saturated fat.",30 min evening walk,Contains fish/seafood. Watch portion size. Avoid extra ghee or frying.
1322,Maharashtra,High Cholesterol,Dinner,"Fish Curry + Rice (Without Coconut, with Chicken, Variant 1)",350,21,40,10,8,High,High,High,Fish/Seafood,"fish, coconut, kokum, onion, garlic",Non-Vegetarian,Fish,"Skip ghee and deep frying, and keep the recipe light with more fibre and less saturated fat.",30 min evening walk,Contains fish/seafood. Watch portion size. Avoid extra ghee or frying.
1323,Maharashtra,High Cholesterol,Dinner,"Kolambi Curry + Rice (High Fibre, with Mutton, Variant 1)",344,21,40,9,8,High,High,High,Fish/Seafood,"prawns, coconut, kokum, onion, garlic",Non-Vegetarian,Seafood,"Skip ghee and deep frying, and keep the recipe light with more fibre and less saturated fat.",30 min evening walk,Contains fish/seafood. Watch portion size. Avoid extra ghee or frying.
1324,Maharashtra,High Cholesterol,Dinner,"Kolambi Curry + Rice (Low Fat, with Chicken, Variant 1)",353,22,43,8,7,High,High,High,Fish/Seafood,"prawns, coconut, kokum, onion, garlic",Non-Vegetarian,Seafood,"Skip ghee and deep frying, and keep the recipe light with more fibre and less saturated fat.",30 min evening walk,Contains fish/seafood. Watch portion size. Avoid extra ghee or frying.
1325,Maharashtra,High Cholesterol,Dinner,"Patra Ni Macchi + Rice (Dry Roasted, with Prawns)",350,22,39,10,8,High,High,High,Fish/Seafood,"fish, green chutney, banana leaf, lemon",Non-Vegetarian,Fish,"Skip ghee and deep frying, and keep the recipe light with more fibre and less saturated fat.",30 min evening walk,Contains fish/seafood. Watch portion size. Avoid extra ghee or frying.
1326,Maharashtra,High Cholesterol,Dinner,"Patra Ni Macchi + Rice (High Fibre, with Mutton, Variant 2)",350,23,43,10,9,High,High,High,Fish/Seafood,"fish, green chutney, banana leaf, lemon",Non-Vegetarian,Fish,"Skip ghee and deep frying, and keep the recipe light with more fibre and less saturated fat.",30 min evening walk,Contains fish/seafood. Watch portion size. Avoid extra ghee or frying.
1327,Maharashtra,High Cholesterol,Dinner,"Varhadi Chicken + Jowar Bhakri (No Ghee, with Prawns, Variant 1)",356,22,40,10,9,High,High,High,,"chicken, goda masala, onion, garlic, ginger",Non-Vegetarian,Chicken,"Skip ghee and deep frying, and keep the recipe light with more fibre and less saturated fat.",30 min evening walk,Watch portion size. Avoid extra ghee or frying.
1328,Maharashtra,High Cholesterol,Dinner,"Varhadi Chicken + Jowar Bhakri (Without Coconut, with Chicken)",356,21,39,8,7,High,High,High,,"chicken, goda masala, onion, garlic, ginger",Non-Vegetarian,Chicken,"Skip ghee and deep frying, and keep the recipe light with more fibre and less saturated fat.",30 min evening walk,Watch portion size. Avoid extra ghee or frying.
1329,Maharashtra,High Cholesterol,Dinner,"Amti Bhaat (Low Fat, with Millets, Variant 1)",326,14,40,4,11,High,High,High,,"toor dal, rice, kokum, goda masala, coriander",Vegan,,"Skip ghee and deep frying, and keep the recipe light with more fibre and less saturated fat.",30 min evening walk,Watch portion size. Avoid extra ghee or frying.
1330,Maharashtra,High Cholesterol,Dinner,Bhakri + Steamed Zunka + Padwal,350,20,45,10,8,Low,Medium,Low,,"Sorghum, Gram Flour, Snake Gourd",Vegan,,Cook zunka using steam method without oil.,20 mins walk,Avoid trans fats
1331,Maharashtra,High Cholesterol,Dinner,Bhakri + Zunka (Steamed) + Padwal,350,20,45,10,8,Low,Medium,Low,,"Sorghum, Gram Flour, Snake Gourd",Vegan,,Steam.,20 mins walk,Avoid trans fats
1332,Maharashtra,High Cholesterol,Dinner,"Bharli Vangi + Jowar Bhakri (No Ghee, with Kokum, Variant 1)",314,14,39,6,10,High,High,High,"Peanuts, Sesame","brinjal, peanut, sesame, coconut, onion",Vegan,,"Skip ghee and deep frying, and keep the recipe light with more fibre and less saturated fat.",30 min evening walk,Contains peanuts. Watch portion size. Avoid extra ghee or frying.
1333,Maharashtra,High Cholesterol,Dinner,"Bhoplyachi Bhaji + Chapati (No Ghee, with Kokum, Variant 1)",326,16,40,6,11,High,High,High,,"pumpkin, coconut, cumin, coriander",Vegan,,"Skip ghee and deep frying, and keep the recipe light with more fibre and less saturated fat.",30 min evening walk,Watch portion size. Avoid extra ghee or frying.
1334,Maharashtra,High Cholesterol,Dinner,"Chawli Usal + Bhakri (Without Coconut, with Millets, Variant 1)",326,14,39,5,10,High,High,High,,"cowpeas, onion, tomato, garlic, coriander",Vegan,,"Skip ghee and deep frying, and keep the recipe light with more fibre and less saturated fat.",30 min evening walk,Watch portion size. Avoid extra ghee or frying.
1335,Maharashtra,High Cholesterol,Dinner,"Dodka Bhaji + Bhakri (High Fibre, with Roasted Chana, Variant 2)",326,15,41,5,10,High,High,High,,"ridge gourd, onion, coconut, cumin",Vegan,,"Skip ghee and deep frying, and keep the recipe light with more fibre and less saturated fat.",30 min evening walk,Watch portion size. Avoid extra ghee or frying.
1336,Maharashtra,High Cholesterol,Dinner,"Gawar Bhaji + Bhakri (Low Fat, with Millets, Variant 1)",326,15,40,5,11,High,High,High,Peanuts,"cluster beans, onion, coconut, peanuts",Vegan,,"Skip ghee and deep frying, and keep the recipe light with more fibre and less saturated fat.",30 min evening walk,Contains peanuts. Watch portion size. Avoid extra ghee or frying.
1337,Maharashtra,High Cholesterol,Dinner,"Kala Chana Usal + Bhakri (Without Coconut, with Millets, Variant 1)",329,14,42,5,11,High,High,High,,"kala chana, onion, tomato, coconut, coriander",Vegan,,"Skip ghee and deep frying, and keep the recipe light with more fibre and less saturated fat.",30 min evening walk,Watch portion size. Avoid extra ghee or frying.
1338,Maharashtra,High Cholesterol,Dinner,"Koshimbir + Bhakri (Dry Roasted, with Kokum, Variant 1)",329,15,40,4,9,High,High,High,"Peanuts, Dairy","cucumber, curd, coriander, peanuts",Vegan,,"Skip ghee and deep frying, and keep the recipe light with more fibre and less saturated fat.",30 min evening walk,Contains peanuts. Contains dairy. Watch portion size. Avoid extra ghee or frying.
1339,Maharashtra,High Cholesterol,Dinner,"Methi Patal Bhaji + Bhakri (No Ghee, with Kokum)",329,15,40,6,11,High,High,High,,"fenugreek leaves, besan, onion, garlic",Vegan,,"Skip ghee and deep frying, and keep the recipe light with more fibre and less saturated fat.",30 min evening walk,Watch portion size. Avoid extra ghee or frying.
1340,Maharashtra,High Cholesterol,Dinner,"Solkadhi + Rice (High Fibre, with Roasted Chana, Variant 3)",323,14,40,5,11,High,High,High,Dairy,"kokum, coconut milk, garlic, coriander",Vegan,,"Skip ghee and deep frying, and keep the recipe light with more fibre and less saturated fat.",30 min evening walk,Contains dairy. Watch portion size. Avoid extra ghee or frying.
1341,Maharashtra,High Cholesterol,Dinner,"Sprouted Matki Usal + Jowar Bhakri (Steamed, with Roasted Chana, Variant 2)",326,16,39,4,11,High,High,High,,"sprouted matki, onion, tomato, coriander, cumin, matki, garlic",Vegan,,"Skip ghee and deep frying, and keep the recipe light with more fibre and less saturated fat.",30 min evening walk,Watch portion size. Avoid extra ghee or frying.
1342,Maharashtra,High Cholesterol,Dinner,"Vangyache Bharit + Bhakri (Steamed, with Roasted Chana, Variant 3)",323,14,41,4,10,High,High,High,"Peanuts, Sesame","roasted brinjal, peanut, sesame, onion, coriander",Vegan,,"Skip ghee and deep frying, and keep the recipe light with more fibre and less saturated fat.",30 min evening walk,Contains peanuts. Watch portion size. Avoid extra ghee or frying.
1343,Maharashtra,High Cholesterol,Dinner,"Varan Bhaat (High Fibre, with Roasted Chana, Variant 3)",317,16,39,6,9,High,High,High,Dairy,"toor dal, rice, turmeric, ghee, cumin",Vegan,,"Skip ghee and deep frying, and keep the recipe light with more fibre and less saturated fat.",30 min evening walk,Contains dairy. Watch portion size. Avoid extra ghee or frying.
1344,Maharashtra,High Cholesterol,Dinner,"Zunka Bhakri (Dry Roasted, with Kokum, Variant 1)",317,14,42,4,9,High,High,High,Gluten,"besan, onion, garlic, coriander, jowar flour",Vegan,,"Skip ghee and deep frying, and keep the recipe light with more fibre and less saturated fat.",30 min evening walk,Contains gluten. Watch portion size. Avoid extra ghee or frying.
