id,state,diet_need,meal_type,dish,calories,protein_g,carbs_g,fat_g,fiber_g,glycemic_index,sodium_level,cholesterol_impact,allergens,base_ingredients,diet_type,meat_type,instructions,exercise,warning
1,Uttar Pradesh,Weight Loss,Breakfast,Besan Cheela,240,12,32,6,7,Low,Medium,Low,,"Gram flour, Onion, Green chili",Vegetarian,,Use a non-stick pan to cook with only a few drops of oil.,30 mins HIIT,Great for protein but watch the oil usage.
2,Uttar Pradesh,Weight Loss,Breakfast,Besan Cheela (Fresh),188,13,30,5,8,Medium,Medium,Medium,Gluten,"Gram flour, Onion, Green chili",Vegetarian,,Prepare besan cheela as a fresh version with minimal oil and no heavy toppings. Keep the serving small and pair it with fresh salad or clear soup.,30–45 mins brisk walking or cycling,Portion control is important; avoid fried add-ons. Contains gluten.
3,Uttar Pradesh,Weight Loss,Breakfast,Chura Matar (Minimal Salt),196,6,44,2,6,Medium,Medium,Medium,,"Flattened rice, Green peas",Vegetarian,,Prepare chura matar as a minimal salt version with minimal oil and no heavy toppings. Keep the serving small and pair it with fresh salad or clear soup.,30–45 mins brisk walking or cycling,Portion control is important; avoid fried add-ons.
4,Uttar Pradesh,Weight Loss,Breakfast,Chura Matar (No Oil),250,6,48,3,5,Medium,Medium,Low,,"Flattened rice, Green peas",Vegetarian,,Dry roast Chura and mix with steamed green peas.,40 mins jogging,Green peas provide protein to the carb-heavy Chura.
5,Uttar Pradesh,Weight Loss,Breakfast,Dalia (No Ghee),164,8,35,2,8,Low,Low,Low,"Gluten, Dairy","Broken wheat, Carrots, Peas",Vegetarian,,Prepare dalia as a no ghee version with minimal oil and no heavy toppings. Keep the serving small and pair it with fresh salad or clear soup.,30–45 mins brisk walking or cycling,"Portion control is important; avoid fried add-ons. Contains gluten, dairy."
6,Uttar Pradesh,Weight Loss,Breakfast,Dalia (Savoury),210,8,38,3,7,Low,Low,Low,Gluten,"Broken wheat, Carrots, Peas",Vegetarian,,Cook with mixed vegetables to increase volume and fiber.,40 mins cardio,High satiety breakfast for slow energy release.
7,Uttar Pradesh,Weight Loss,Breakfast,Fara (Half Portion),249,15,50,3,9,Medium,Medium,Medium,Gluten,"Rice flour, Chana dal",Vegetarian,,Prepare fara as a half portion version with minimal oil and no heavy toppings. Keep the serving small and pair it with fresh salad or clear soup.,30–45 mins brisk walking or cycling,Portion control is important; avoid fried add-ons. Contains gluten.
8,Uttar Pradesh,Weight Loss,Breakfast,Fara (No Oil),116,10,20,1,7,Low,Low,Low,,"Rice flour, Chana dal, Ginger, Cumin",Vegetarian,,Prepare sprouted moong as a no oil version with minimal oil and no heavy toppings. Keep the serving small and pair it with fresh salad or clear soup.,30–45 mins brisk walking or cycling,Portion control is important; avoid fried add-ons.
9,Uttar Pradesh,Weight Loss,Breakfast,Jau Roti + Mint Chutney,230,8,42,2,9,Low,Medium,Low,Gluten,"Barley flour, Mint, Green chili",Vegetarian,,Make roti from pure barley flour; serve with fresh mint chutney.,45 mins walking,Barley helps flush out toxins and reduces bloating.
10,Uttar Pradesh,Weight Loss,Breakfast,Jau Roti + Mint Chutney (Unsweetened),180,8,39,2,10,Medium,Medium,Low,Gluten,"Barley flour, Mint, Green chili",Vegetarian,,Prepare jau roti + mint chutney as a unsweetened version with minimal oil and no heavy toppings. Keep the serving small and pair it with fresh salad or clear soup.,30–45 mins brisk walking or cycling,Portion control is important; avoid fried add-ons. Contains gluten.
11,Uttar Pradesh,Weight Loss,Breakfast,Moong Dal Cheela,230,14,30,4,6,Low,Medium,Low,,"Green gram, Onion, Coriander",Vegetarian,,Soak and grind moong dal; cook on a non-stick pan.,45 mins HIIT,High quality plant protein to start the day.
12,Uttar Pradesh,Weight Loss,Breakfast,Moong Dal Cheela (No Sev),181,15,28,3,7,Medium,Medium,Low,Gluten,"Green gram, Onion, Coriander",Vegetarian,,Prepare moong dal cheela as a no sev version with minimal oil and no heavy toppings. Keep the serving small and pair it with fresh salad or clear soup.,30–45 mins brisk walking or cycling,Portion control is important; avoid fried add-ons. Contains gluten.
13,Uttar Pradesh,Weight Loss,Breakfast,Moong Dal Cheela (Small Portion),148,6,35,1,9,Low,Low,Low,,"Moong dal, Ginger, Cumin, Coriander",Vegetarian,,Prepare barley dalia as a small portion version with minimal oil and no heavy toppings. Keep the serving small and pair it with fresh salad or clear soup.,30–45 mins brisk walking or cycling,"Portion control is important; avoid fried add-ons. Contains gluten, egg."
14,Uttar Pradesh,Weight Loss,Breakfast,Moong Dal Cheela (Steamed),139,13,26,1,9,Low,Low,Low,,"Moong dal, Ginger, Cumin, Coriander",Vegetarian,,Prepare sprouted moong chaat as a steamed version with minimal oil and no heavy toppings. Keep the serving small and pair it with fresh salad or clear soup.,30–45 mins brisk walking or cycling,Portion control is important; avoid fried add-ons.
15,Uttar Pradesh,Weight Loss,Breakfast,Poha with Peanuts (Lean),259,8,51,8,4,High,High,High,Nuts,"Flattened rice, Peanuts",Vegetarian,,Prepare poha with peanuts as a lean version with minimal oil and no heavy toppings. Keep the serving small and pair it with fresh salad or clear soup.,30–45 mins brisk walking or cycling,Portion control is important; avoid fried add-ons. Contains nuts.
16,Uttar Pradesh,Weight Loss,Breakfast,Sattu Drink (Roasted),116,5,24,2,4,Low,Low,Low,,"Roasted gram flour, Lemon, Cumin, Water",Vegetarian,,Prepare oats as a roasted version with minimal oil and no heavy toppings. Keep the serving small and pair it with fresh salad or clear soup.,30–45 mins brisk walking or cycling,Portion control is important; avoid fried add-ons.
17,Uttar Pradesh,Weight Loss,Breakfast,Sattu Drink (Thin Batter),141,11,26,2,6,Low,Low,Low,Gluten,"Roasted gram flour, Cumin, Lemon",Vegetarian,,Prepare sattu drink as a thin batter version with minimal oil and no heavy toppings. Keep the serving small and pair it with fresh salad or clear soup.,30–45 mins brisk walking or cycling,Portion control is important; avoid fried add-ons. Contains gluten.
18,Uttar Pradesh,Weight Loss,Breakfast,Sattu Drink (Unsweetened),180,10,28,2,5,Low,Low,Low,,"Roasted gram flour, Cumin, Lemon",Vegetarian,,Mix Sattu in water with lemon and roasted cumin powder.,30 mins brisk walking,Excellent cooling effect on the stomach.
19,Uttar Pradesh,Weight Loss,Breakfast,Sattu Paratha (Dry Roasted) + Curd (Dry Roast),217,13,40,4,10,Medium,Medium,Medium,"Gluten, Dairy","Wheat flour, Roasted gram flour, Curd",Vegetarian,,Prepare sattu paratha (dry roasted) + curd as a dry roast version with minimal oil and no heavy toppings. Keep the serving small and pair it with fresh salad or clear soup.,30–45 mins brisk walking or cycling,"Portion control is important; avoid fried add-ons. Contains gluten, dairy."
20,Uttar Pradesh,Weight Loss,Breakfast,Sheermal (Plain),217,7,38,7,1,High,High,Medium,"Gluten, Dairy","Flour, milk, saffron, sugar, ghee",Vegetarian,,Prepare sheermal as a plain version with minimal oil and no heavy toppings. Keep the serving small and pair it with fresh salad or clear soup.,30–45 mins brisk walking or cycling,"Portion control is important; avoid fried add-ons. Contains gluten, dairy."
21,Uttar Pradesh,Weight Loss,Breakfast,Steamed Fara,220,12,38,2,6,Low,Low,Low,,"Rice flour, Chana dal, Garlic",Vegetarian,,Steam the dumplings instead of frying to reduce fat intake.,45 mins walking,Ensure complete steaming for proper digestion.
22,Uttar Pradesh,Weight Loss,Breakfast,Steamed Fara (Boiled),172,13,35,2,7,Low,Medium,Low,Gluten,"Rice flour, Chana dal, Garlic",Vegetarian,,Prepare steamed fara as a boiled version with minimal oil and no heavy toppings. Keep the serving small and pair it with fresh salad or clear soup.,30–45 mins brisk walking or cycling,Portion control is important; avoid fried add-ons. Contains gluten.
23,Uttar Pradesh,Weight Loss,Breakfast,Steamed Fara (Rice and Dal Dumplings),220,12,38,2,6,Low,Low,Low,,"Rice flour, Chana dal, Garlic",Vegetarian,,Steam the dumplings instead of frying.,45 mins walking,Ensure complete steaming for digestion.
24,Uttar Pradesh,Weight Loss,Breakfast,Unsalted Dalia (Light Tadka),148,6,35,2,8,Low,Low,Low,"Gluten, Egg","Broken wheat, Veggies",Vegetarian,,Prepare unsalted dalia as a light tadka version with minimal oil and no heavy toppings. Keep the serving small and pair it with fresh salad or clear soup.,30–45 mins brisk walking or cycling,"Portion control is important; avoid fried add-ons. Contains gluten, egg."
25,Uttar Pradesh,Weight Loss,Breakfast,Chicken Tikka (Steamed),170,26,5,7,1,Low,Low,Low,,"Chicken, yoghurt, spices, lemon",Non-Vegetarian,Chicken,Prepare chicken tikka as a steamed version with minimal oil and no heavy toppings. Keep the serving small and pair it with fresh salad or clear soup.,30–45 mins brisk walking or cycling,Portion control is important; avoid fried add-ons.
26,Uttar Pradesh,Weight Loss,Breakfast,Chicken Yakhni (No Ghee),219,27,7,11,1,Low,Low,Low,Dairy,"Chicken, bone broth, ginger, cloves",Non-Vegetarian,Chicken,Prepare chicken yakhni as a no ghee version with minimal oil and no heavy toppings. Keep the serving small and pair it with fresh salad or clear soup.,30–45 mins brisk walking or cycling,Portion control is important; avoid fried add-ons. Contains dairy.
27,Uttar Pradesh,Weight Loss,Breakfast,Fish Curry (Banarasi Style) (Light Tadka),202,21,9,9,1,Low,Low,Low,,"Fish, mustard, tomato, spices",Non-Vegetarian,Fish,Prepare fish curry (banarasi style) as a light tadka version with minimal oil and no heavy toppings. Keep the serving small and pair it with fresh salad or clear soup.,30–45 mins brisk walking or cycling,Portion control is important; avoid fried add-ons.
28,Uttar Pradesh,Weight Loss,Breakfast,Fish Tikka (No Oil),156,23,5,6,1,Low,Low,Low,,"Fish, spices, lemon, herbs",Non-Vegetarian,Fish,Prepare fish tikka as a no oil version with minimal oil and no heavy toppings. Keep the serving small and pair it with fresh salad or clear soup.,30–45 mins brisk walking or cycling,Portion control is important; avoid fried add-ons.
29,Uttar Pradesh,Weight Loss,Breakfast,Galouti Kebab (Fresh),266,23,9,17,1,Medium,Medium,Medium,,"Minced mutton, papaya paste, aromatic spices",Non-Vegetarian,Mutton,Prepare galouti kebab as a fresh version with minimal oil and no heavy toppings. Keep the serving small and pair it with fresh salad or clear soup.,30–45 mins brisk walking or cycling,Portion control is important; avoid fried add-ons.
30,Uttar Pradesh,Weight Loss,Breakfast,Kakori Kebab (Dry Roast),279,22,7,18,1,Medium,Medium,Medium,Nuts,"Minced mutton, cashew, cream, spices",Non-Vegetarian,Mutton,Prepare kakori kebab as a dry roast version with minimal oil and no heavy toppings. Keep the serving small and pair it with fresh salad or clear soup.,30–45 mins brisk walking or cycling,Portion control is important; avoid fried add-ons. Contains nuts.
31,Uttar Pradesh,Weight Loss,Breakfast,Keema Kulcha (Plain),353,23,39,15,2,High,High,Medium,Gluten,"Keema, wheat kulcha, onion, spices",Non-Vegetarian,Mutton,Prepare keema kulcha as a plain version with minimal oil and no heavy toppings. Keep the serving small and pair it with fresh salad or clear soup.,30–45 mins brisk walking or cycling,Portion control is important; avoid fried add-ons. Contains gluten.
32,Uttar Pradesh,Weight Loss,Breakfast,Keema Matar (No Sev),248,24,13,13,1,Medium,Medium,Low,,"Minced meat, peas, onion, spices",Non-Vegetarian,Mutton,Prepare keema matar as a no sev version with minimal oil and no heavy toppings. Keep the serving small and pair it with fresh salad or clear soup.,30–45 mins brisk walking or cycling,Portion control is important; avoid fried add-ons.
33,Uttar Pradesh,Weight Loss,Breakfast,Kulche-Nahari (Lean),356,24,31,18,2,High,High,High,Gluten,"Wheat kulcha, nihari gravy, ginger, onion",Non-Vegetarian,Mutton,Prepare kulche-nahari as a lean version with minimal oil and no heavy toppings. Keep the serving small and pair it with fresh salad or clear soup.,30–45 mins brisk walking or cycling,Portion control is important; avoid fried add-ons. Contains gluten.
34,Uttar Pradesh,Weight Loss,Breakfast,Mutton Yakhni (Half Portion),297,25,9,17,1,Medium,Medium,Medium,,"Mutton, bone broth, ginger, whole spices",Non-Vegetarian,Mutton,Prepare mutton yakhni as a half portion version with minimal oil and no heavy toppings. Keep the serving small and pair it with fresh salad or clear soup.,30–45 mins brisk walking or cycling,Portion control is important; avoid fried add-ons.
35,Uttar Pradesh,Weight Loss,Breakfast,Rohu Fish Curry (Thin Batter),194,20,9,8,1,Low,Low,Low,,"Rohu fish, tomato, mustard, spices",Non-Vegetarian,Fish,Prepare rohu fish curry as a thin batter version with minimal oil and no heavy toppings. Keep the serving small and pair it with fresh salad or clear soup.,30–45 mins brisk walking or cycling,Portion control is important; avoid fried add-ons.
36,Uttar Pradesh,Weight Loss,Breakfast,Seekh Kebab (Unsweetened),236,22,7,14,1,Medium,Medium,Low,,"Minced meat, onion, herbs, spices",Non-Vegetarian,Mutton,Prepare seekh kebab as a unsweetened version with minimal oil and no heavy toppings. Keep the serving small and pair it with fresh salad or clear soup.,30–45 mins brisk walking or cycling,Portion control is important; avoid fried add-ons.
37,Uttar Pradesh,Weight Loss,Breakfast,Shami Kebab (Boiled),219,20,11,11,2,Low,Medium,Low,Egg,"Minced meat, chana dal, spices, egg",Non-Vegetarian,Mutton,Prepare shami kebab as a boiled version with minimal oil and no heavy toppings. Keep the serving small and pair it with fresh salad or clear soup.,30–45 mins brisk walking or cycling,Portion control is important; avoid fried add-ons. Contains egg.
38,Uttar Pradesh,Weight Loss,Breakfast,Tandoori Chicken (Small Portion),201,30,6,9,1,Low,Low,Low,,"Chicken, yoghurt, spices, lemon",Non-Vegetarian,Chicken,Prepare tandoori chicken as a small portion version with minimal oil and no heavy toppings. Keep the serving small and pair it with fresh salad or clear soup.,30–45 mins brisk walking or cycling,Portion control is important; avoid fried add-ons.
39,Uttar Pradesh,Weight Loss,Breakfast,Tandoori Fish (Roasted),187,22,6,8,1,Low,Low,Low,,"Fish, yoghurt, spices, lemon",Non-Vegetarian,Fish,Prepare tandoori fish as a roasted version with minimal oil and no heavy toppings. Keep the serving small and pair it with fresh salad or clear soup.,30–45 mins brisk walking or cycling,Portion control is important; avoid fried add-ons.
40,Uttar Pradesh,Weight Loss,Breakfast,Tunday Kababi (Minimal Salt),278,24,16,13,2,Medium,Medium,Medium,,"Minced mutton, green chilli, garam masala, onion",Non-Vegetarian,Mutton,Prepare tunday kababi as a minimal salt version with minimal oil and no heavy toppings. Keep the serving small and pair it with fresh salad or clear soup.,30–45 mins brisk walking or cycling,Portion control is important; avoid fried add-ons.
41,Uttar Pradesh,Weight Loss,Breakfast,Besan Cheela (Unsweetened),185,12,29,4,8,Medium,Medium,Low,Gluten,"Gram flour, Onion, Green chili",Vegan,,Prepare besan cheela as a unsweetened version with minimal oil and no heavy toppings. Keep the serving small and pair it with fresh salad or clear soup.,30–45 mins brisk walking or cycling,Portion control is important; avoid fried add-ons. Contains gluten.
42,Uttar Pradesh,Weight Loss,Breakfast,Bhuna Chana (Half Portion),101,7,18,1,7,Medium,Medium,Medium,,Roasted Bengal gram,Vegan,,Prepare bhuna chana as a half portion version with minimal oil and no heavy toppings. Keep the serving small and pair it with fresh salad or clear soup.,30–45 mins brisk walking or cycling,Portion control is important; avoid fried add-ons.
43,Uttar Pradesh,Weight Loss,Breakfast,Chura Matar (No Sev),194,6,44,2,5,Medium,Medium,Low,,"Flattened rice, Green peas",Vegan,,Prepare chura matar as a no sev version with minimal oil and no heavy toppings. Keep the serving small and pair it with fresh salad or clear soup.,30–45 mins brisk walking or cycling,Portion control is important; avoid fried add-ons.
44,Uttar Pradesh,Weight Loss,Breakfast,Chura Matar (Roasted),116,5,24,2,4,Low,Low,Low,,"Flattened rice, Green peas, Onion, Cumin",Vegan,,Prepare oats as a roasted version with minimal oil and no heavy toppings. Keep the serving small and pair it with fresh salad or clear soup.,30–45 mins brisk walking or cycling,Portion control is important; avoid fried add-ons.
45,Uttar Pradesh,Weight Loss,Breakfast,Dalia (Thin Batter),165,8,35,2,8,Low,Low,Low,Gluten,"Broken wheat, Carrots, Peas",Vegan,,Prepare dalia as a thin batter version with minimal oil and no heavy toppings. Keep the serving small and pair it with fresh salad or clear soup.,30–45 mins brisk walking or cycling,Portion control is important; avoid fried add-ons. Contains gluten.
46,Uttar Pradesh,Weight Loss,Breakfast,Fara (Fresh),249,14,51,3,9,Medium,Medium,Medium,Gluten,"Rice flour, Chana dal",Vegan,,Prepare fara as a fresh version with minimal oil and no heavy toppings. Keep the serving small and pair it with fresh salad or clear soup.,30–45 mins brisk walking or cycling,Portion control is important; avoid fried add-ons. Contains gluten.
47,Uttar Pradesh,Weight Loss,Breakfast,Fara (No Oil),116,10,20,1,7,Low,Low,Low,,"Rice flour, Chana dal, Ginger, Cumin",Vegan,,Prepare sprouted moong as a no oil version with minimal oil and no heavy toppings. Keep the serving small and pair it with fresh salad or clear soup.,30–45 mins brisk walking or cycling,Portion control is important; avoid fried add-ons.
48,Uttar Pradesh,Weight Loss,Breakfast,Guava with Black Pepper (Dry Roast),70,1,17,0,6,Medium,Medium,Medium,,"Guava, Black pepper",Vegan,,Prepare guava with black pepper as a dry roast version with minimal oil and no heavy toppings. Keep the serving small and pair it with fresh salad or clear soup.,30–45 mins brisk walking or cycling,Portion control is important; avoid fried add-ons.
49,Uttar Pradesh,Weight Loss,Breakfast,Jau Roti + Mint Chutney (No Ghee),178,8,38,1,10,Low,Low,Low,Gluten,"Barley flour, Mint, Green chili",Vegan,,Prepare jau roti + mint chutney as a no ghee version with minimal oil and no heavy toppings. Keep the serving small and pair it with fresh salad or clear soup.,30–45 mins brisk walking or cycling,"Portion control is important; avoid fried add-ons. Contains gluten, dairy."
50,Uttar Pradesh,Weight Loss,Breakfast,Moong Dal Cheela (Boiled),179,14,28,3,7,Low,Medium,Low,Gluten,"Green gram, Onion, Coriander",Vegan,,Prepare moong dal cheela as a boiled version with minimal oil and no heavy toppings. Keep the serving small and pair it with fresh salad or clear soup.,30–45 mins brisk walking or cycling,Portion control is important; avoid fried add-ons. Contains gluten.
51,Uttar Pradesh,Weight Loss,Breakfast,Moong Dal Cheela (Steamed),139,12,26,1,9,Low,Low,Low,,"Moong dal, Ginger, Cumin, Coriander",Vegan,,Prepare sprouted moong chaat as a steamed version with minimal oil and no heavy toppings. Keep the serving small and pair it with fresh salad or clear soup.,30–45 mins brisk walking or cycling,Portion control is important; avoid fried add-ons.
52,Uttar Pradesh,Weight Loss,Breakfast,Poha with Peanuts (Minimal Salt),258,8,51,8,4,Medium,Medium,Medium,Nuts,"Flattened rice, Peanuts",Vegan,,Prepare poha with peanuts as a minimal salt version with minimal oil and no heavy toppings. Keep the serving small and pair it with fresh salad or clear soup.,30–45 mins brisk walking or cycling,Portion control is important; avoid fried add-ons. Contains nuts.
53,Uttar Pradesh,Weight Loss,Breakfast,Roasted Chana (Plain),94,6,19,2,7,High,High,Medium,,Bengal gram,Vegan,,Prepare roasted chana as a plain version with minimal oil and no heavy toppings. Keep the serving small and pair it with fresh salad or clear soup.,30–45 mins brisk walking or cycling,Portion control is important; avoid fried add-ons.
54,Uttar Pradesh,Weight Loss,Breakfast,Sattu Drink (Small Portion),140,10,26,2,6,Low,Low,Low,Gluten,"Roasted gram flour, Cumin, Lemon",Vegan,,Prepare sattu drink as a small portion version with minimal oil and no heavy toppings. Keep the serving small and pair it with fresh salad or clear soup.,30–45 mins brisk walking or cycling,Portion control is important; avoid fried add-ons. Contains gluten.
55,Uttar Pradesh,Weight Loss,Breakfast,Steamed Fara (Light Tadka),170,12,35,1,7,Low,Low,Low,Gluten,"Rice flour, Chana dal, Garlic",Vegan,,Prepare steamed fara as a light tadka version with minimal oil and no heavy toppings. Keep the serving small and pair it with fresh salad or clear soup.,30–45 mins brisk walking or cycling,Portion control is important; avoid fried add-ons. Contains gluten.
56,Uttar Pradesh,Weight Loss,Breakfast,Unsalted Makhana (Lean),78,3,14,2,3,High,High,High,Nuts,Fox nuts,Vegan,,Prepare unsalted makhana as a lean version with minimal oil and no heavy toppings. Keep the serving small and pair it with fresh salad or clear soup.,30–45 mins brisk walking or cycling,Portion control is important; avoid fried add-ons. Contains nuts.
57,Uttar Pradesh,Weight Loss,Lunch,Brown Rice + Chana Dal + Parwal Sabzi (Dry Roast),280,15,54,3,13,Medium,Medium,Medium,,"Brown rice, Bengal gram, Pointed gourd",Vegetarian,,Prepare brown rice + chana dal + parwal sabzi as a dry roast version with minimal oil and no heavy toppings. Keep the serving small and pair it with fresh salad or clear soup.,30–45 mins brisk walking or cycling,Portion control is important; avoid fried add-ons.
58,Uttar Pradesh,Weight Loss,Lunch,Brown Rice + Chana Dal + Turai Sabzi (Plain),277,15,53,2,12,High,High,Medium,,"Brown rice, Bengal gram, Ridge gourd",Vegetarian,,Prepare brown rice + chana dal + turai sabzi as a plain version with minimal oil and no heavy toppings. Keep the serving small and pair it with fresh salad or clear soup.,30–45 mins brisk walking or cycling,Portion control is important; avoid fried add-ons.
59,Uttar Pradesh,Weight Loss,Lunch,Brown Rice + Matar Nimona + Bhindi Sabzi,350,15,60,5,12,Low,Medium,Low,,"Brown rice, Green peas, Okra",Vegetarian,,Boil peas for Nimona and dry roast okra instead of deep frying.,45 mins cycling,High fiber content aids in prolonged satiety.
60,Uttar Pradesh,Weight Loss,Lunch,Brown Rice + Moong Dal + Nenua Sabzi (Lean),271,13,53,3,11,High,High,High,,"Brown rice, Green gram, Sponge gourd",Vegetarian,,Prepare brown rice + moong dal + nenua sabzi as a lean version with minimal oil and no heavy toppings. Keep the serving small and pair it with fresh salad or clear soup.,30–45 mins brisk walking or cycling,Portion control is important; avoid fried add-ons.
61,Uttar Pradesh,Weight Loss,Lunch,Brown Rice + Urad Dal + Kundru Sabzi,360,14,60,5,11,Low,Medium,Low,,"Brown rice, Black gram, Ivy gourd",Vegetarian,,Slit Kundru and pan-roast lightly; boil Urad dal without ghee.,50 mins walking,Ivy gourd has metabolism-boosting properties.
62,Uttar Pradesh,Weight Loss,Lunch,Jau Roti + Arhar Dal + Lauki Sabzi (Roasted),262,16,48,3,14,Low,Low,Low,Gluten,"Barley flour, Pigeon peas, Bottle gourd",Vegetarian,,Prepare jau roti + arhar dal + lauki sabzi as a roasted version with minimal oil and no heavy toppings. Keep the serving small and pair it with fresh salad or clear soup.,30–45 mins brisk walking or cycling,Portion control is important; avoid fried add-ons. Contains gluten.
63,Uttar Pradesh,Weight Loss,Lunch,Jau Roti + Chana Dal + Turai Sabzi,340,15,56,4,12,Low,Medium,Low,Gluten,"Barley flour, Bengal gram, Ridge gourd",Vegetarian,,Cook Chana dal until soft; Turai should be cooked without oil.,45 mins cycling,High fiber from barley and chana dal keeps hunger away.
64,Uttar Pradesh,Weight Loss,Lunch,Jau Roti + Chana Dal + Turai Sabzi (Minimal Salt),276,16,51,3,13,Medium,Medium,Medium,Gluten,"Barley flour, Bengal gram, Ridge gourd",Vegetarian,,Prepare jau roti + chana dal + turai sabzi as a minimal salt version with minimal oil and no heavy toppings. Keep the serving small and pair it with fresh salad or clear soup.,30–45 mins brisk walking or cycling,Portion control is important; avoid fried add-ons. Contains gluten.
65,Uttar Pradesh,Weight Loss,Lunch,Jau Roti + Masoor Dal + Parwal Sabzi (No Ghee),273,16,50,3,13,Low,Low,Low,"Gluten, Dairy","Barley flour, Red lentils, Pointed gourd",Vegetarian,,Prepare jau roti + masoor dal + parwal sabzi as a no ghee version with minimal oil and no heavy toppings. Keep the serving small and pair it with fresh salad or clear soup.,30–45 mins brisk walking or cycling,"Portion control is important; avoid fried add-ons. Contains gluten, dairy."
66,Uttar Pradesh,Weight Loss,Lunch,Jau Roti + Moong Dal + Kundru Sabzi (Steamed),253,15,50,2,12,Low,Low,Low,Gluten,"Barley flour, Green gram, Ivy gourd",Vegetarian,,Prepare jau roti + moong dal + kundru sabzi as a steamed version with minimal oil and no heavy toppings. Keep the serving small and pair it with fresh salad or clear soup.,30–45 mins brisk walking or cycling,Portion control is important; avoid fried add-ons. Contains gluten.
67,Uttar Pradesh,Weight Loss,Lunch,Missi Roti + Chana Dal + Bhindi Sabzi (Half Portion),284,17,47,5,15,Medium,Medium,Medium,Gluten,"Wheat flour, Gram flour, Bengal gram, Okra",Vegetarian,,Prepare missi roti + chana dal + bhindi sabzi as a half portion version with minimal oil and no heavy toppings. Keep the serving small and pair it with fresh salad or clear soup.,30–45 mins brisk walking or cycling,Portion control is important; avoid fried add-ons. Contains gluten.
68,Uttar Pradesh,Weight Loss,Lunch,Missi Roti + Chana Dal + Karela Sabzi (Fresh),277,17,46,6,15,Medium,Medium,Medium,Gluten,"Wheat flour, Gram flour, Bengal gram, Bitter gourd",Vegetarian,,Prepare missi roti + chana dal + karela sabzi as a fresh version with minimal oil and no heavy toppings. Keep the serving small and pair it with fresh salad or clear soup.,30–45 mins brisk walking or cycling,Portion control is important; avoid fried add-ons. Contains gluten.
69,Uttar Pradesh,Weight Loss,Lunch,Missi Roti + Moong Dal + Lauki Sabzi,330,16,50,5,11,Low,Medium,Low,Gluten,"Wheat flour, Gram flour, Green gram, Bottle gourd",Vegetarian,,Missi roti lowers glycemic impact; cook Lauki with just cumin.,50 mins walking,Lauki is highly diuretic and aids weight loss.
70,Uttar Pradesh,Weight Loss,Lunch,Missi Roti + Moong Dal + Lauki Sabzi (No Sev),272,17,46,4,12,Medium,Medium,Low,Gluten,"Wheat flour, Gram flour, Green gram, Bottle gourd",Vegetarian,,Prepare missi roti + moong dal + lauki sabzi as a no sev version with minimal oil and no heavy toppings. Keep the serving small and pair it with fresh salad or clear soup.,30–45 mins brisk walking or cycling,Portion control is important; avoid fried add-ons. Contains gluten.
71,Uttar Pradesh,Weight Loss,Lunch,Missi Roti + Urad Dal + Turai Sabzi (Unsweetened),278,17,48,4,14,Medium,Medium,Low,Gluten,"Wheat flour, Gram flour, Black gram, Ridge gourd",Vegetarian,,Prepare missi roti + urad dal + turai sabzi as a unsweetened version with minimal oil and no heavy toppings. Keep the serving small and pair it with fresh salad or clear soup.,30–45 mins brisk walking or cycling,Portion control is important; avoid fried add-ons. Contains gluten.
72,Uttar Pradesh,Weight Loss,Lunch,Phulka + Arhar Dal + Kathal Sabzi,350,15,55,6,13,Low,Medium,Low,Gluten,"Wheat flour, Pigeon peas, Jackfruit",Vegetarian,,Boil Kathal before sautéing to reduce oil absorption.,45 mins brisk walking,Jackfruit has a meaty texture and high satiety value.
73,Uttar Pradesh,Weight Loss,Lunch,Phulka + Arhar Dal + Lauki Sabzi (No Oil),247,15,48,3,11,Low,Low,Low,Gluten,"Wheat flour, Pigeon peas, Bottle gourd",Vegetarian,,Prepare phulka + arhar dal + lauki sabzi as a no oil version with minimal oil and no heavy toppings. Keep the serving small and pair it with fresh salad or clear soup.,30–45 mins brisk walking or cycling,Portion control is important; avoid fried add-ons. Contains gluten.
74,Uttar Pradesh,Weight Loss,Lunch,Phulka + Arhar Dal + Nenua Sabzi,320,14,55,4,10,Low,Medium,Low,Gluten,"Wheat flour, Pigeon peas, Sponge gourd",Vegetarian,,Cook Nenua with minimal oil and use cumin seeds for flavor.,40 mins cardio,Adequate hydration needed due to high fiber.
75,Uttar Pradesh,Weight Loss,Lunch,Phulka + Arhar Dal + Nenua Sabzi (Boiled),263,15,51,3,11,Low,Medium,Low,Gluten,"Wheat flour, Pigeon peas, Sponge gourd",Vegetarian,,Prepare phulka + arhar dal + nenua sabzi as a boiled version with minimal oil and no heavy toppings. Keep the serving small and pair it with fresh salad or clear soup.,30–45 mins brisk walking or cycling,Portion control is important; avoid fried add-ons. Contains gluten.
76,Uttar Pradesh,Weight Loss,Lunch,Phulka + Masoor Dal + Parwal Sabzi,340,15,55,5,10,Low,Medium,Low,Gluten,"Wheat flour, Red lentils, Pointed gourd",Vegetarian,,Scrape Parwal lightly and stir fry with minimal oil.,45 mins HIIT,Masoor dal provides lean protein without excess fat.
77,Uttar Pradesh,Weight Loss,Lunch,Phulka + Masoor Dal + Turai Sabzi (Thin Batter),256,15,50,3,11,Low,Low,Low,Gluten,"Wheat flour, Red lentils, Ridge gourd",Vegetarian,,Prepare phulka + masoor dal + turai sabzi as a thin batter version with minimal oil and no heavy toppings. Keep the serving small and pair it with fresh salad or clear soup.,30–45 mins brisk walking or cycling,Portion control is important; avoid fried add-ons. Contains gluten.
78,Uttar Pradesh,Weight Loss,Lunch,Phulka + Moong Dal + Kundru Sabzi (Light Tadka),253,14,49,3,10,Low,Low,Low,Gluten,"Wheat flour, Green gram, Ivy gourd",Vegetarian,,Prepare phulka + moong dal + kundru sabzi as a light tadka version with minimal oil and no heavy toppings. Keep the serving small and pair it with fresh salad or clear soup.,30–45 mins brisk walking or cycling,Portion control is important; avoid fried add-ons. Contains gluten.
79,Uttar Pradesh,Weight Loss,Lunch,Phulka + Moong Dal + Lauki Sabzi (Small Portion),254,15,50,2,11,Low,Low,Low,Gluten,"Wheat flour, Green gram, Bottle gourd",Vegetarian,,Prepare phulka + moong dal + lauki sabzi as a small portion version with minimal oil and no heavy toppings. Keep the serving small and pair it with fresh salad or clear soup.,30–45 mins brisk walking or cycling,Portion control is important; avoid fried add-ons. Contains gluten.
80,Uttar Pradesh,Weight Loss,Lunch,Chicken Tikka (Plain),182,27,5,8,1,High,High,Medium,,"Chicken, yoghurt, spices, lemon",Non-Vegetarian,Chicken,Prepare chicken tikka as a plain version with minimal oil and no heavy toppings. Keep the serving small and pair it with fresh salad or clear soup.,30–45 mins brisk walking or cycling,Portion control is important; avoid fried add-ons.
81,Uttar Pradesh,Weight Loss,Lunch,Fish Curry (Banarasi Style) (Steamed),212,21,9,9,1,Low,Low,Low,,"Fish, mustard, tomato, spices",Non-Vegetarian,Fish,Prepare fish curry (banarasi style) as a steamed version with minimal oil and no heavy toppings. Keep the serving small and pair it with fresh salad or clear soup.,30–45 mins brisk walking or cycling,Portion control is important; avoid fried add-ons.
82,Uttar Pradesh,Weight Loss,Lunch,Fish Tikka (Half Portion),163,23,5,6,1,Medium,Medium,Medium,,"Fish, spices, lemon, herbs",Non-Vegetarian,Fish,Prepare fish tikka as a half portion version with minimal oil and no heavy toppings. Keep the serving small and pair it with fresh salad or clear soup.,30–45 mins brisk walking or cycling,Portion control is important; avoid fried add-ons.
83,Uttar Pradesh,Weight Loss,Lunch,Keema Matar (Small Portion),262,24,13,14,1,Low,Low,Low,,"Minced meat, peas, onion, spices",Non-Vegetarian,Mutton,Prepare keema matar as a small portion version with minimal oil and no heavy toppings. Keep the serving small and pair it with fresh salad or clear soup.,30–45 mins brisk walking or cycling,Portion control is important; avoid fried add-ons.
84,Uttar Pradesh,Weight Loss,Lunch,Rice + Anda Curry + Nenua Sabzi (No Ghee),571,31,78,19,8,Low,Low,Low,"Dairy, Egg","Rice, Eggs, Sponge gourd, Oil",Non-Vegetarian,Mutton,Prepare rice + anda curry + nenua sabzi as a no ghee version with minimal oil and no heavy toppings. Keep the serving small and pair it with fresh salad or clear soup.,30–45 mins brisk walking or cycling,"Portion control is important; avoid fried add-ons. Contains dairy, egg."
85,Uttar Pradesh,Weight Loss,Lunch,Rice + Chicken Curry + Parwal Aloo (Unsweetened),636,44,78,22,9,Medium,Medium,Low,,"White rice, Chicken, Pointed gourd, Potato",Non-Vegetarian,Chicken,Prepare rice + chicken curry + parwal aloo as a unsweetened version with minimal oil and no heavy toppings. Keep the serving small and pair it with fresh salad or clear soup.,30–45 mins brisk walking or cycling,Portion control is important; avoid fried add-ons.
86,Uttar Pradesh,Weight Loss,Lunch,Rice + Chicken Salan + Dal + Aloo Sabzi (Fresh),697,61,87,20,9,Medium,Medium,Medium,,"Rice, Chicken, Lentils, Potato",Non-Vegetarian,Chicken,Prepare rice + chicken salan + dal + aloo sabzi as a fresh version with minimal oil and no heavy toppings. Keep the serving small and pair it with fresh salad or clear soup.,30–45 mins brisk walking or cycling,Portion control is important; avoid fried add-ons.
87,Uttar Pradesh,Weight Loss,Lunch,Rice + Mutton Bhuna + Kathal Sabzi (Dry Roast),728,53,83,28,13,Medium,Medium,Medium,,"Rice, Mutton, Jackfruit",Non-Vegetarian,Mutton,Prepare rice + mutton bhuna + kathal sabzi as a dry roast version with minimal oil and no heavy toppings. Keep the serving small and pair it with fresh salad or clear soup.,30–45 mins brisk walking or cycling,Portion control is important; avoid fried add-ons.
88,Uttar Pradesh,Weight Loss,Lunch,Roti + Anda Curry + Palak Sabzi (Boiled),615,42,75,20,12,Low,Medium,Low,"Gluten, Egg","Wheat flour, Eggs, Spinach",Non-Vegetarian,Mutton,Prepare roti + anda curry + palak sabzi as a boiled version with minimal oil and no heavy toppings. Keep the serving small and pair it with fresh salad or clear soup.,30–45 mins brisk walking or cycling,"Portion control is important; avoid fried add-ons. Contains gluten, egg."
89,Uttar Pradesh,Weight Loss,Lunch,Roti + Keema Matar + Dal (No Sev),666,55,68,24,13,Medium,Medium,Low,Gluten,"Wheat flour, Minced meat, Green peas, Lentils",Non-Vegetarian,Mutton,Prepare roti + keema matar + dal as a no sev version with minimal oil and no heavy toppings. Keep the serving small and pair it with fresh salad or clear soup.,30–45 mins brisk walking or cycling,Portion control is important; avoid fried add-ons. Contains gluten.
90,Uttar Pradesh,Weight Loss,Lunch,Roti + Mutton Curry + Matar Nimona (Minimal Salt),715,55,73,28,13,Medium,Medium,Medium,Gluten,"Wheat flour, Mutton, Green peas",Non-Vegetarian,Mutton,Prepare roti + mutton curry + matar nimona as a minimal salt version with minimal oil and no heavy toppings. Keep the serving small and pair it with fresh salad or clear soup.,30–45 mins brisk walking or cycling,Portion control is important; avoid fried add-ons. Contains gluten.
91,Uttar Pradesh,Weight Loss,Lunch,Seekh Kebab (Roasted),245,22,7,13,1,Low,Low,Low,,"Minced meat, onion, herbs, spices",Non-Vegetarian,Mutton,Prepare seekh kebab as a roasted version with minimal oil and no heavy toppings. Keep the serving small and pair it with fresh salad or clear soup.,30–45 mins brisk walking or cycling,Portion control is important; avoid fried add-ons.
92,Uttar Pradesh,Weight Loss,Lunch,Tandoori Chicken (No Oil),213,30,6,9,1,Low,Low,Low,,"Chicken, yoghurt, spices, lemon",Non-Vegetarian,Chicken,Prepare tandoori chicken as a no oil version with minimal oil and no heavy toppings. Keep the serving small and pair it with fresh salad or clear soup.,30–45 mins brisk walking or cycling,Portion control is important; avoid fried add-ons.
93,Uttar Pradesh,Weight Loss,Lunch,Tandoori Fish (Lean),196,22,5,7,1,High,High,High,,"Fish, yoghurt, spices, lemon",Non-Vegetarian,Fish,Prepare tandoori fish as a lean version with minimal oil and no heavy toppings. Keep the serving small and pair it with fresh salad or clear soup.,30–45 mins brisk walking or cycling,Portion control is important; avoid fried add-ons.
94,Uttar Pradesh,Weight Loss,Lunch,Tunday Kababi (Thin Batter),293,24,16,13,2,Low,Low,Low,,"Minced mutton, green chilli, garam masala, onion",Non-Vegetarian,Mutton,Prepare tunday kababi as a thin batter version with minimal oil and no heavy toppings. Keep the serving small and pair it with fresh salad or clear soup.,30–45 mins brisk walking or cycling,Portion control is important; avoid fried add-ons.
95,Uttar Pradesh,Weight Loss,Lunch,Yakhni Pulao (Light Tadka),391,21,51,12,1,Low,Low,Low,,"Rice, yakhni broth, meat, whole spices",Non-Vegetarian,Mutton,Prepare yakhni pulao as a light tadka version with minimal oil and no heavy toppings. Keep the serving small and pair it with fresh salad or clear soup.,30–45 mins brisk walking or cycling,Portion control is important; avoid fried add-ons.
96,Uttar Pradesh,Weight Loss,Lunch,Brown Rice + Chana Dal + Parwal Sabzi (Dry Roast),280,14,54,3,13,Medium,Medium,Medium,,"Brown rice, Bengal gram, Pointed gourd",Vegan,,Prepare brown rice + chana dal + parwal sabzi as a dry roast version with minimal oil and no heavy toppings. Keep the serving small and pair it with fresh salad or clear soup.,30–45 mins brisk walking or cycling,Portion control is important; avoid fried add-ons.
97,Uttar Pradesh,Weight Loss,Lunch,Brown Rice + Chana Dal + Turai Sabzi (Plain),277,14,53,2,12,High,High,Medium,,"Brown rice, Bengal gram, Ridge gourd",Vegan,,Prepare brown rice + chana dal + turai sabzi as a plain version with minimal oil and no heavy toppings. Keep the serving small and pair it with fresh salad or clear soup.,30–45 mins brisk walking or cycling,Portion control is important; avoid fried add-ons.
98,Uttar Pradesh,Weight Loss,Lunch,Brown Rice + Moong Dal + Nenua Sabzi (Lean),271,12,53,3,11,High,High,High,,"Brown rice, Green gram, Sponge gourd",Vegan,,Prepare brown rice + moong dal + nenua sabzi as a lean version with minimal oil and no heavy toppings. Keep the serving small and pair it with fresh salad or clear soup.,30–45 mins brisk walking or cycling,Portion control is important; avoid fried add-ons.
99,Uttar Pradesh,Weight Loss,Lunch,Jau Roti + Arhar Dal + Lauki Sabzi (Roasted),262,15,48,3,14,Low,Low,Low,Gluten,"Barley flour, Pigeon peas, Bottle gourd",Vegan,,Prepare jau roti + arhar dal + lauki sabzi as a roasted version with minimal oil and no heavy toppings. Keep the serving small and pair it with fresh salad or clear soup.,30–45 mins brisk walking or cycling,Portion control is important; avoid fried add-ons. Contains gluten.
100,Uttar Pradesh,Weight Loss,Lunch,Jau Roti + Chana Dal + Turai Sabzi (Minimal Salt),276,15,51,3,13,Medium,Medium,Medium,Gluten,"Barley flour, Bengal gram, Ridge gourd",Vegan,,Prepare jau roti + chana dal + turai sabzi as a minimal salt version with minimal oil and no heavy toppings. Keep the serving small and pair it with fresh salad or clear soup.,30–45 mins brisk walking or cycling,Portion control is important; avoid fried add-ons. Contains gluten.
101,Uttar Pradesh,Weight Loss,Lunch,Jau Roti + Masoor Dal + Parwal Sabzi (No Ghee),273,15,50,3,13,Low,Low,Low,Gluten,"Barley flour, Red lentils, Pointed gourd",Vegan,,Prepare jau roti + masoor dal + parwal sabzi as a no ghee version with minimal oil and no heavy toppings. Keep the serving small and pair it with fresh salad or clear soup.,30–45 mins brisk walking or cycling,"Portion control is important; avoid fried add-ons. Contains gluten, dairy."
102,Uttar Pradesh,Weight Loss,Lunch,Jau Roti + Moong Dal + Kundru Sabzi (Steamed),253,14,50,2,12,Low,Low,Low,Gluten,"Barley flour, Green gram, Ivy gourd",Vegan,,Prepare jau roti + moong dal + kundru sabzi as a steamed version with minimal oil and no heavy toppings. Keep the serving small and pair it with fresh salad or clear soup.,30–45 mins brisk walking or cycling,Portion control is important; avoid fried add-ons. Contains gluten.
103,Uttar Pradesh,Weight Loss,Lunch,Missi Roti + Chana Dal + Bhindi Sabzi (Half Portion),284,16,47,5,15,Medium,Medium,Medium,Gluten,"Wheat flour, Gram flour, Bengal gram, Okra",Vegan,,Prepare missi roti + chana dal + bhindi sabzi as a half portion version with minimal oil and no heavy toppings. Keep the serving small and pair it with fresh salad or clear soup.,30–45 mins brisk walking or cycling,Portion control is important; avoid fried add-ons. Contains gluten.
104,Uttar Pradesh,Weight Loss,Lunch,Missi Roti + Chana Dal + Karela Sabzi (Fresh),277,16,46,6,15,Medium,Medium,Medium,Gluten,"Wheat flour, Gram flour, Bengal gram, Bitter gourd",Vegan,,Prepare missi roti + chana dal + karela sabzi as a fresh version with minimal oil and no heavy toppings. Keep the serving small and pair it with fresh salad or clear soup.,30–45 mins brisk walking or cycling,Portion control is important; avoid fried add-ons. Contains gluten.
105,Uttar Pradesh,Weight Loss,Lunch,Missi Roti + Moong Dal + Lauki Sabzi (No Sev),272,16,46,4,12,Medium,Medium,Low,Gluten,"Wheat flour, Gram flour, Green gram, Bottle gourd",Vegan,,Prepare missi roti + moong dal + lauki sabzi as a no sev version with minimal oil and no heavy toppings. Keep the serving small and pair it with fresh salad or clear soup.,30–45 mins brisk walking or cycling,Portion control is important; avoid fried add-ons. Contains gluten.
106,Uttar Pradesh,Weight Loss,Lunch,Missi Roti + Urad Dal + Turai Sabzi (Unsweetened),278,16,48,4,14,Medium,Medium,Low,Gluten,"Wheat flour, Gram flour, Black gram, Ridge gourd",Vegan,,Prepare missi roti + urad dal + turai sabzi as a unsweetened version with minimal oil and no heavy toppings. Keep the serving small and pair it with fresh salad or clear soup.,30–45 mins brisk walking or cycling,Portion control is important; avoid fried add-ons. Contains gluten.
107,Uttar Pradesh,Weight Loss,Lunch,Phulka + Arhar Dal + Lauki Sabzi (No Oil),247,14,48,3,11,Low,Low,Low,Gluten,"Wheat flour, Pigeon peas, Bottle gourd",Vegan,,Prepare phulka + arhar dal + lauki sabzi as a no oil version with minimal oil and no heavy toppings. Keep the serving small and pair it with fresh salad or clear soup.,30–45 mins brisk walking or cycling,Portion control is important; avoid fried add-ons. Contains gluten.
108,Uttar Pradesh,Weight Loss,Lunch,Phulka + Arhar Dal + Nenua Sabzi (Boiled),263,14,51,3,11,Low,Medium,Low,Gluten,"Wheat flour, Pigeon peas, Sponge gourd",Vegan,,Prepare phulka + arhar dal + nenua sabzi as a boiled version with minimal oil and no heavy toppings. Keep the serving small and pair it with fresh salad or clear soup.,30–45 mins brisk walking or cycling,Portion control is important; avoid fried add-ons. Contains gluten.
109,Uttar Pradesh,Weight Loss,Lunch,Phulka + Masoor Dal + Turai Sabzi (Thin Batter),256,14,50,3,11,Low,Low,Low,Gluten,"Wheat flour, Red lentils, Ridge gourd",Vegan,,Prepare phulka + masoor dal + turai sabzi as a thin batter version with minimal oil and no heavy toppings. Keep the serving small and pair it with fresh salad or clear soup.,30–45 mins brisk walking or cycling,Portion control is important; avoid fried add-ons. Contains gluten.
110,Uttar Pradesh,Weight Loss,Lunch,Phulka + Moong Dal + Kundru Sabzi (Light Tadka),253,13,49,3,10,Low,Low,Low,Gluten,"Wheat flour, Green gram, Ivy gourd",Vegan,,Prepare phulka + moong dal + kundru sabzi as a light tadka version with minimal oil and no heavy toppings. Keep the serving small and pair it with fresh salad or clear soup.,30–45 mins brisk walking or cycling,Portion control is important; avoid fried add-ons. Contains gluten.
111,Uttar Pradesh,Weight Loss,Lunch,Phulka + Moong Dal + Lauki Sabzi (Small Portion),254,14,50,2,11,Low,Low,Low,Gluten,"Wheat flour, Green gram, Bottle gourd",Vegan,,Prepare phulka + moong dal + lauki sabzi as a small portion version with minimal oil and no heavy toppings. Keep the serving small and pair it with fresh salad or clear soup.,30–45 mins brisk walking or cycling,Portion control is important; avoid fried add-ons. Contains gluten.
112,Uttar Pradesh,Weight Loss,Snack,Basket Chaat (Minimal Salt),155,7,32,8,7,Medium,Medium,Medium,Dairy,"Potato basket, chana, curd, chutneys, sev",Vegetarian,,Prepare basket chaat as a minimal salt version with minimal oil and no heavy toppings. Keep the serving small and pair it with fresh salad or clear soup.,30–45 mins brisk walking or cycling,Portion control is important; avoid fried add-ons. Contains dairy.
113,Uttar Pradesh,Weight Loss,Snack,Bhuna Chana,130,7,20,2,6,Low,Low,Low,,Roasted Bengal gram,Vegetarian,,Eat with skin on for maximum fiber benefits.,20 mins walking,Do not mix with jaggery to avoid extra calories.
114,Uttar Pradesh,Weight Loss,Snack,Bhuna Chana (Steamed),81,7,19,2,7,Low,Low,Low,,Roasted Bengal gram,Vegetarian,,Prepare bhuna chana as a steamed version with minimal oil and no heavy toppings. Keep the serving small and pair it with fresh salad or clear soup.,30–45 mins brisk walking or cycling,Portion control is important; avoid fried add-ons.
115,Uttar Pradesh,Weight Loss,Snack,Boiled Kala Chana (Light Tadka),87,8,20,2,8,Low,Low,Low,,"Black gram, Onion, Lemon",Vegetarian,,Prepare boiled kala chana as a light tadka version with minimal oil and no heavy toppings. Keep the serving small and pair it with fresh salad or clear soup.,30–45 mins brisk walking or cycling,Portion control is important; avoid fried add-ons.
116,Uttar Pradesh,Weight Loss,Snack,Boiled Shakarkandi,120,2,28,0,4,Low,Low,Low,,"Sweet potato, Lemon",Vegetarian,,Boil and sprinkle lemon juice; avoid salt.,20 mins light cardio,Sweet potato provides sustained energy.
117,Uttar Pradesh,Weight Loss,Snack,Cucumber Sticks,40,1,8,0,2,Low,Low,Low,,Cucumber,Vegetarian,,Eat raw cucumber sticks without any dip.,10 mins stretching,Negative calorie effect due to high water content.
118,Uttar Pradesh,Weight Loss,Snack,Fresh Papaya,90,1,22,0,4,Medium,Low,Low,,Papaya,Vegetarian,,Eat fresh papaya without chaat masala.,15 mins stretching,Papain enzyme aids in digesting protein from previous meals.
119,Uttar Pradesh,Weight Loss,Snack,Ghughni (Dried Yellow Peas) with Oil (Dry Roast),185,15,37,6,9,Medium,Medium,Medium,,"Yellow peas, Mustard oil",Vegetarian,,Prepare ghughni (dried yellow peas) with oil as a dry roast version with minimal oil and no heavy toppings. Keep the serving small and pair it with fresh salad or clear soup.,30–45 mins brisk walking or cycling,Portion control is important; avoid fried add-ons.
120,Uttar Pradesh,Weight Loss,Snack,Guava with Black Pepper,80,1,18,0,5,Low,Low,Low,,"Guava, Black pepper",Vegetarian,,Cut guava and sprinkle black pepper instead of salt.,15 mins walking,Vitamin C rich and highly satiating.
121,Uttar Pradesh,Weight Loss,Snack,Guava with Black Pepper (No Oil),70,1,17,0,5,Low,Low,Low,,"Guava, Black pepper",Vegetarian,,Prepare guava with black pepper as a no oil version with minimal oil and no heavy toppings. Keep the serving small and pair it with fresh salad or clear soup.,30–45 mins brisk walking or cycling,Portion control is important; avoid fried add-ons.
122,Uttar Pradesh,Weight Loss,Snack,Kheer (Plain),148,7,31,6,1,High,High,Medium,Dairy,"Milk, rice, sugar, cardamom",Vegetarian,,Prepare kheer as a plain version with minimal oil and no heavy toppings. Keep the serving small and pair it with fresh salad or clear soup.,30–45 mins brisk walking or cycling,Portion control is important; avoid fried add-ons. Contains dairy.
123,Uttar Pradesh,Weight Loss,Snack,Peda (Fresh),111,6,20,5,0,Medium,Medium,Medium,Dairy,"Milk solids, sugar, cardamom",Vegetarian,,Prepare peda as a fresh version with minimal oil and no heavy toppings. Keep the serving small and pair it with fresh salad or clear soup.,30–45 mins brisk walking or cycling,Portion control is important; avoid fried add-ons. Contains dairy.
124,Uttar Pradesh,Weight Loss,Snack,Roasted Chana (Roasted),74,6,18,2,7,Low,Low,Low,,Bengal gram,Vegetarian,,Prepare roasted chana as a roasted version with minimal oil and no heavy toppings. Keep the serving small and pair it with fresh salad or clear soup.,30–45 mins brisk walking or cycling,Portion control is important; avoid fried add-ons.
125,Uttar Pradesh,Weight Loss,Snack,Roasted Chana + Milk (Lean),196,19,37,6,7,High,High,High,Dairy,"Bengal gram, Milk",Vegetarian,,Prepare roasted chana + milk as a lean version with minimal oil and no heavy toppings. Keep the serving small and pair it with fresh salad or clear soup.,30–45 mins brisk walking or cycling,Portion control is important; avoid fried add-ons. Contains dairy.
126,Uttar Pradesh,Weight Loss,Snack,Roasted Chana + Peanuts,160,8,18,6,5,Low,Low,Low,Peanut,"Bengal gram, Peanuts",Vegetarian,,Mix mostly roasted chana with a few peanuts for healthy fats.,20 mins cardio,Healthy fats keep you satiated until dinner.
127,Uttar Pradesh,Weight Loss,Snack,Roasted Chana + Peanuts (Boiled),98,8,17,4,5,Low,Medium,Low,Nuts,"Bengal gram, Peanuts",Vegetarian,,Prepare roasted chana + peanuts as a boiled version with minimal oil and no heavy toppings. Keep the serving small and pair it with fresh salad or clear soup.,30–45 mins brisk walking or cycling,Portion control is important; avoid fried add-ons. Contains nuts.
128,Uttar Pradesh,Weight Loss,Snack,Roasted Makhana,110,3,15,4,3,Low,Low,Low,,Fox nuts,Vegetarian,,Dry roast without ghee to maintain a caloric deficit.,15 mins walking,Avoid adding salt to prevent water retention.
129,Uttar Pradesh,Weight Loss,Snack,Roasted Makhana (Thin Batter),70,3,14,3,3,Low,Low,Low,Nuts,Fox nuts,Vegetarian,,Prepare roasted makhana as a thin batter version with minimal oil and no heavy toppings. Keep the serving small and pair it with fresh salad or clear soup.,30–45 mins brisk walking or cycling,Portion control is important; avoid fried add-ons. Contains nuts.
130,Uttar Pradesh,Weight Loss,Snack,Roasted Peanuts (No Sev),99,7,5,11,2,Medium,Medium,Low,Nuts,Peanuts,Vegetarian,,Prepare roasted peanuts as a no sev version with minimal oil and no heavy toppings. Keep the serving small and pair it with fresh salad or clear soup.,30–45 mins brisk walking or cycling,Portion control is important; avoid fried add-ons. Contains nuts.
131,Uttar Pradesh,Weight Loss,Snack,Sattu Sherbet (No Ghee),93,8,23,1,4,Low,Low,Low,"Gluten, Dairy","Roasted gram flour, Cumin, Lemon",Vegetarian,,Prepare sattu sherbet as a no ghee version with minimal oil and no heavy toppings. Keep the serving small and pair it with fresh salad or clear soup.,30–45 mins brisk walking or cycling,"Portion control is important; avoid fried add-ons. Contains gluten, dairy."
132,Uttar Pradesh,Weight Loss,Snack,Soan Papdi (Half Portion),134,4,26,8,1,Medium,Medium,Medium,"Gluten, Dairy","Gram flour, ghee, sugar, cardamom",Vegetarian,,Prepare soan papdi as a half portion version with minimal oil and no heavy toppings. Keep the serving small and pair it with fresh salad or clear soup.,30–45 mins brisk walking or cycling,"Portion control is important; avoid fried add-ons. Contains gluten, dairy."
133,Uttar Pradesh,Weight Loss,Snack,Unsalted Makhana (Small Portion),70,3,14,2,3,Low,Low,Low,Nuts,Fox nuts,Vegetarian,,Prepare unsalted makhana as a small portion version with minimal oil and no heavy toppings. Keep the serving small and pair it with fresh salad or clear soup.,30–45 mins brisk walking or cycling,Portion control is important; avoid fried add-ons. Contains nuts.
134,Uttar Pradesh,Weight Loss,Snack,Unsalted Peanuts (Unsweetened),93,6,5,10,2,Medium,Medium,Low,Nuts,Peanuts,Vegetarian,,Prepare unsalted peanuts as a unsweetened version with minimal oil and no heavy toppings. Keep the serving small and pair it with fresh salad or clear soup.,30–45 mins brisk walking or cycling,Portion control is important; avoid fried add-ons. Contains nuts.
135,Uttar Pradesh,Weight Loss,Snack,Chicken Tikka (Steamed),134,26,5,7,1,Low,Low,Low,,"Chicken, yoghurt, spices, lemon",Non-Vegetarian,Chicken,Prepare chicken tikka as a steamed version with minimal oil and no heavy toppings. Keep the serving small and pair it with fresh salad or clear soup.,30–45 mins brisk walking or cycling,Portion control is important; avoid fried add-ons.
136,Uttar Pradesh,Weight Loss,Snack,Chicken Yakhni (Boiled),171,26,7,10,1,Low,Medium,Low,,"Chicken, bone broth, ginger, cloves",Non-Vegetarian,Chicken,Prepare chicken yakhni as a boiled version with minimal oil and no heavy toppings. Keep the serving small and pair it with fresh salad or clear soup.,30–45 mins brisk walking or cycling,Portion control is important; avoid fried add-ons.
137,Uttar Pradesh,Weight Loss,Snack,Fish Curry (Banarasi Style) (Light Tadka),159,21,9,9,1,Low,Low,Low,,"Fish, mustard, tomato, spices",Non-Vegetarian,Fish,Prepare fish curry (banarasi style) as a light tadka version with minimal oil and no heavy toppings. Keep the serving small and pair it with fresh salad or clear soup.,30–45 mins brisk walking or cycling,Portion control is important; avoid fried add-ons.
138,Uttar Pradesh,Weight Loss,Snack,Fish Tikka (No Oil),123,23,5,6,1,Low,Low,Low,,"Fish, spices, lemon, herbs",Non-Vegetarian,Fish,Prepare fish tikka as a no oil version with minimal oil and no heavy toppings. Keep the serving small and pair it with fresh salad or clear soup.,30–45 mins brisk walking or cycling,Portion control is important; avoid fried add-ons.
139,Uttar Pradesh,Weight Loss,Snack,Galouti Kebab (Fresh),210,23,9,17,1,Medium,Medium,Medium,,"Minced mutton, papaya paste, aromatic spices",Non-Vegetarian,Mutton,Prepare galouti kebab as a fresh version with minimal oil and no heavy toppings. Keep the serving small and pair it with fresh salad or clear soup.,30–45 mins brisk walking or cycling,Portion control is important; avoid fried add-ons.
140,Uttar Pradesh,Weight Loss,Snack,Kakori Kebab (Dry Roast),220,22,7,18,1,Medium,Medium,Medium,Nuts,"Minced mutton, cashew, cream, spices",Non-Vegetarian,Mutton,Prepare kakori kebab as a dry roast version with minimal oil and no heavy toppings. Keep the serving small and pair it with fresh salad or clear soup.,30–45 mins brisk walking or cycling,Portion control is important; avoid fried add-ons. Contains nuts.
141,Uttar Pradesh,Weight Loss,Snack,Keema Kulcha (Plain),278,23,39,15,2,High,High,Medium,Gluten,"Keema, wheat kulcha, onion, spices",Non-Vegetarian,Mutton,Prepare keema kulcha as a plain version with minimal oil and no heavy toppings. Keep the serving small and pair it with fresh salad or clear soup.,30–45 mins brisk walking or cycling,Portion control is important; avoid fried add-ons. Contains gluten.
142,Uttar Pradesh,Weight Loss,Snack,Keema Matar (No Sev),196,24,13,13,1,Medium,Medium,Low,,"Minced meat, peas, onion, spices",Non-Vegetarian,Mutton,Prepare keema matar as a no sev version with minimal oil and no heavy toppings. Keep the serving small and pair it with fresh salad or clear soup.,30–45 mins brisk walking or cycling,Portion control is important; avoid fried add-ons.
143,Uttar Pradesh,Weight Loss,Snack,Kulche-Nahari (Lean),281,24,31,18,2,High,High,High,Gluten,"Wheat kulcha, nihari gravy, ginger, onion",Non-Vegetarian,Mutton,Prepare kulche-nahari as a lean version with minimal oil and no heavy toppings. Keep the serving small and pair it with fresh salad or clear soup.,30–45 mins brisk walking or cycling,Portion control is important; avoid fried add-ons. Contains gluten.
144,Uttar Pradesh,Weight Loss,Snack,Mutton Yakhni (Half Portion),234,25,9,17,1,Medium,Medium,Medium,,"Mutton, bone broth, ginger, whole spices",Non-Vegetarian,Mutton,Prepare mutton yakhni as a half portion version with minimal oil and no heavy toppings. Keep the serving small and pair it with fresh salad or clear soup.,30–45 mins brisk walking or cycling,Portion control is important; avoid fried add-ons.
145,Uttar Pradesh,Weight Loss,Snack,Rohu Fish Curry (Thin Batter),153,20,9,8,1,Low,Low,Low,,"Rohu fish, tomato, mustard, spices",Non-Vegetarian,Fish,Prepare rohu fish curry as a thin batter version with minimal oil and no heavy toppings. Keep the serving small and pair it with fresh salad or clear soup.,30–45 mins brisk walking or cycling,Portion control is important; avoid fried add-ons.
146,Uttar Pradesh,Weight Loss,Snack,Seekh Kebab (Unsweetened),186,22,7,14,1,Medium,Medium,Low,,"Minced meat, onion, herbs, spices",Non-Vegetarian,Mutton,Prepare seekh kebab as a unsweetened version with minimal oil and no heavy toppings. Keep the serving small and pair it with fresh salad or clear soup.,30–45 mins brisk walking or cycling,Portion control is important; avoid fried add-ons.
147,Uttar Pradesh,Weight Loss,Snack,Shami Kebab (No Ghee),172,20,11,10,2,Low,Low,Low,"Dairy, Egg","Minced meat, chana dal, spices, egg",Non-Vegetarian,Mutton,Prepare shami kebab as a no ghee version with minimal oil and no heavy toppings. Keep the serving small and pair it with fresh salad or clear soup.,30–45 mins brisk walking or cycling,"Portion control is important; avoid fried add-ons. Contains dairy, egg."
148,Uttar Pradesh,Weight Loss,Snack,Tandoori Chicken (Small Portion),159,30,6,9,1,Low,Low,Low,,"Chicken, yoghurt, spices, lemon",Non-Vegetarian,Chicken,Prepare tandoori chicken as a small portion version with minimal oil and no heavy toppings. Keep the serving small and pair it with fresh salad or clear soup.,30–45 mins brisk walking or cycling,Portion control is important; avoid fried add-ons.
149,Uttar Pradesh,Weight Loss,Snack,Tandoori Fish (Roasted),148,22,6,8,1,Low,Low,Low,,"Fish, yoghurt, spices, lemon",Non-Vegetarian,Fish,Prepare tandoori fish as a roasted version with minimal oil and no heavy toppings. Keep the serving small and pair it with fresh salad or clear soup.,30–45 mins brisk walking or cycling,Portion control is important; avoid fried add-ons.
150,Uttar Pradesh,Weight Loss,Snack,Tunday Kababi (Minimal Salt),219,24,16,13,2,Medium,Medium,Medium,,"Minced mutton, green chilli, garam masala, onion",Non-Vegetarian,Mutton,Prepare tunday kababi as a minimal salt version with minimal oil and no heavy toppings. Keep the serving small and pair it with fresh salad or clear soup.,30–45 mins brisk walking or cycling,Portion control is important; avoid fried add-ons.
151,Uttar Pradesh,Weight Loss,Snack,Bhuna Chana (Steamed),81,7,19,2,7,Low,Low,Low,,Roasted Bengal gram,Vegan,,Prepare bhuna chana as a steamed version with minimal oil and no heavy toppings. Keep the serving small and pair it with fresh salad or clear soup.,30–45 mins brisk walking or cycling,Portion control is important; avoid fried add-ons.
152,Uttar Pradesh,Weight Loss,Snack,Boiled Kala Chana (Light Tadka),87,8,20,2,8,Low,Low,Low,,"Black gram, Onion, Lemon",Vegan,,Prepare boiled kala chana as a light tadka version with minimal oil and no heavy toppings. Keep the serving small and pair it with fresh salad or clear soup.,30–45 mins brisk walking or cycling,Portion control is important; avoid fried add-ons.
153,Uttar Pradesh,Weight Loss,Snack,Boiled Kala Chana + Peanuts (Half Portion),234,20,42,11,13,Medium,Medium,Medium,Nuts,"Black gram, Peanuts, Onion",Vegan,,Prepare boiled kala chana + peanuts as a half portion version with minimal oil and no heavy toppings. Keep the serving small and pair it with fresh salad or clear soup.,30–45 mins brisk walking or cycling,Portion control is important; avoid fried add-ons. Contains nuts.
154,Uttar Pradesh,Weight Loss,Snack,Choora (Roasted Poha) + Peanuts (Dry Roast),199,8,42,9,3,Medium,Medium,Medium,Nuts,"Flattened rice, Peanuts, Oil",Vegan,,Prepare choora (roasted poha) + peanuts as a dry roast version with minimal oil and no heavy toppings. Keep the serving small and pair it with fresh salad or clear soup.,30–45 mins brisk walking or cycling,Portion control is important; avoid fried add-ons. Contains nuts.
155,Uttar Pradesh,Weight Loss,Snack,Dehati Rasgulla (Minimal Salt),159,6,33,5,0,Medium,Medium,Medium,,"Chhena, sugar syrup, cardamom",Vegan,,Prepare dehati rasgulla as a minimal salt version with minimal oil and no heavy toppings. Keep the serving small and pair it with fresh salad or clear soup.,30–45 mins brisk walking or cycling,Portion control is important; avoid fried add-ons.
156,Uttar Pradesh,Weight Loss,Snack,Ghughni (Dried Yellow Peas) with Oil (Fresh),183,14,37,6,9,Medium,Medium,Medium,,"Yellow peas, Mustard oil",Vegan,,Prepare ghughni (dried yellow peas) with oil as a fresh version with minimal oil and no heavy toppings. Keep the serving small and pair it with fresh salad or clear soup.,30–45 mins brisk walking or cycling,Portion control is important; avoid fried add-ons.
157,Uttar Pradesh,Weight Loss,Snack,Guava with Black Pepper (No Oil),70,1,17,0,5,Low,Low,Low,,"Guava, Black pepper",Vegan,,Prepare guava with black pepper as a no oil version with minimal oil and no heavy toppings. Keep the serving small and pair it with fresh salad or clear soup.,30–45 mins brisk walking or cycling,Portion control is important; avoid fried add-ons.
158,Uttar Pradesh,Weight Loss,Snack,Roasted Chana (Roasted),74,6,18,2,7,Low,Low,Low,,Bengal gram,Vegan,,Prepare roasted chana as a roasted version with minimal oil and no heavy toppings. Keep the serving small and pair it with fresh salad or clear soup.,30–45 mins brisk walking or cycling,Portion control is important; avoid fried add-ons.
159,Uttar Pradesh,Weight Loss,Snack,Roasted Chana + Peanuts (Boiled),98,8,17,4,5,Low,Medium,Low,Nuts,"Bengal gram, Peanuts",Vegan,,Prepare roasted chana + peanuts as a boiled version with minimal oil and no heavy toppings. Keep the serving small and pair it with fresh salad or clear soup.,30–45 mins brisk walking or cycling,Portion control is important; avoid fried add-ons. Contains nuts.
160,Uttar Pradesh,Weight Loss,Snack,Roasted Makhana (Thin Batter),70,3,14,3,3,Low,Low,Low,Nuts,Fox nuts,Vegan,,Prepare roasted makhana as a thin batter version with minimal oil and no heavy toppings. Keep the serving small and pair it with fresh salad or clear soup.,30–45 mins brisk walking or cycling,Portion control is important; avoid fried add-ons. Contains nuts.
161,Uttar Pradesh,Weight Loss,Snack,Roasted Peanuts (No Sev),99,7,5,11,2,Medium,Medium,Low,Nuts,Peanuts,Vegan,,Prepare roasted peanuts as a no sev version with minimal oil and no heavy toppings. Keep the serving small and pair it with fresh salad or clear soup.,30–45 mins brisk walking or cycling,Portion control is important; avoid fried add-ons. Contains nuts.
162,Uttar Pradesh,Weight Loss,Snack,Roasted Peanuts + Jaggery (Plain),216,12,32,14,4,High,High,Medium,Nuts,"Peanuts, Jaggery",Vegan,,Prepare roasted peanuts + jaggery as a plain version with minimal oil and no heavy toppings. Keep the serving small and pair it with fresh salad or clear soup.,30–45 mins brisk walking or cycling,Portion control is important; avoid fried add-ons. Contains nuts.
163,Uttar Pradesh,Weight Loss,Snack,Samosa with Chutney (Lean),244,6,44,15,4,High,High,High,Gluten,"Refined flour, Potato, Oil",Vegan,,Prepare samosa with chutney as a lean version with minimal oil and no heavy toppings. Keep the serving small and pair it with fresh salad or clear soup.,30–45 mins brisk walking or cycling,Portion control is important; avoid fried add-ons. Contains gluten.
164,Uttar Pradesh,Weight Loss,Snack,Sattu Sherbet (No Ghee),93,8,23,1,4,Low,Low,Low,Gluten,"Roasted gram flour, Cumin, Lemon",Vegan,,Prepare sattu sherbet as a no ghee version with minimal oil and no heavy toppings. Keep the serving small and pair it with fresh salad or clear soup.,30–45 mins brisk walking or cycling,"Portion control is important; avoid fried add-ons. Contains gluten, dairy."
165,Uttar Pradesh,Weight Loss,Snack,Unsalted Makhana (Small Portion),70,3,14,2,3,Low,Low,Low,Nuts,Fox nuts,Vegan,,Prepare unsalted makhana as a small portion version with minimal oil and no heavy toppings. Keep the serving small and pair it with fresh salad or clear soup.,30–45 mins brisk walking or cycling,Portion control is important; avoid fried add-ons. Contains nuts.
166,Uttar Pradesh,Weight Loss,Snack,Unsalted Peanuts (Unsweetened),93,6,5,10,2,Medium,Medium,Low,Nuts,Peanuts,Vegan,,Prepare unsalted peanuts as a unsweetened version with minimal oil and no heavy toppings. Keep the serving small and pair it with fresh salad or clear soup.,30–45 mins brisk walking or cycling,Portion control is important; avoid fried add-ons. Contains nuts.
167,Uttar Pradesh,Weight Loss,Dinner,Brown Rice + Moong Dal,290,11,52,3,7,Low,Medium,Low,,"Brown rice, Green gram",Vegetarian,,Boil brown rice and serve with watery Moong dal.,30 mins walking,Easily digestible and promotes fat loss.
168,Uttar Pradesh,Weight Loss,Dinner,Dalia Khichdi (Fresh),186,9,43,2,9,Medium,Medium,Medium,Gluten,"Broken wheat, Moong dal",Vegetarian,,Prepare dalia khichdi as a fresh version with minimal oil and no heavy toppings. Keep the serving small and pair it with fresh salad or clear soup.,30–45 mins brisk walking or cycling,Portion control is important; avoid fried add-ons. Contains gluten.
169,Uttar Pradesh,Weight Loss,Dinner,Dalia Khichdi + Bathua Saag,270,10,48,3,10,Low,Medium,Low,Gluten,"Broken wheat, Bathua leaves",Vegetarian,,Cook Dalia with plenty of water and steam Bathua greens.,30 mins walking,Bathua is rich in iron and low in calories.
170,Uttar Pradesh,Weight Loss,Dinner,Dalia Khichdi + Bathua Saag (Minimal Salt),197,10,44,2,11,Medium,Medium,Medium,Gluten,"Broken wheat, Bathua leaves",Vegetarian,,Prepare dalia khichdi + bathua saag as a minimal salt version with minimal oil and no heavy toppings. Keep the serving small and pair it with fresh salad or clear soup.,30–45 mins brisk walking or cycling,Portion control is important; avoid fried add-ons. Contains gluten.
171,Uttar Pradesh,Weight Loss,Dinner,Fara (Plain),208,13,42,3,11,High,High,Medium,,"Rice flour, Chana dal, Ginger, Cumin",Vegetarian,,Prepare oats khichdi + bathua saag as a plain version with minimal oil and no heavy toppings. Keep the serving small and pair it with fresh salad or clear soup.,30–45 mins brisk walking or cycling,Portion control is important; avoid fried add-ons.
172,Uttar Pradesh,Weight Loss,Dinner,Jau Roti + Karela Sabzi (Boiled),199,10,41,3,13,Low,Medium,Low,Gluten,"Barley flour, Bitter gourd",Vegetarian,,Prepare jau roti + karela sabzi as a boiled version with minimal oil and no heavy toppings. Keep the serving small and pair it with fresh salad or clear soup.,30–45 mins brisk walking or cycling,Portion control is important; avoid fried add-ons. Contains gluten.
173,Uttar Pradesh,Weight Loss,Dinner,Jau Roti + Lauki Sabzi (No Oil),169,8,38,1,11,Low,Low,Low,Gluten,"Barley flour, Bottle gourd",Vegetarian,,Prepare jau roti + lauki sabzi as a no oil version with minimal oil and no heavy toppings. Keep the serving small and pair it with fresh salad or clear soup.,30–45 mins brisk walking or cycling,Portion control is important; avoid fried add-ons. Contains gluten.
174,Uttar Pradesh,Weight Loss,Dinner,Jau Roti + Moong Dal + Lauki Sabzi (Lean),220,15,44,3,13,High,High,High,Gluten,"Barley flour, Green gram, Bottle gourd",Vegetarian,,Prepare jau roti + moong dal + lauki sabzi as a lean version with minimal oil and no heavy toppings. Keep the serving small and pair it with fresh salad or clear soup.,30–45 mins brisk walking or cycling,Portion control is important; avoid fried add-ons. Contains gluten.
175,Uttar Pradesh,Weight Loss,Dinner,Jau Roti + Nenua Sabzi (Steamed),177,8,39,2,11,Low,Low,Low,Gluten,"Barley flour, Sponge gourd",Vegetarian,,Prepare jau roti + nenua sabzi as a steamed version with minimal oil and no heavy toppings. Keep the serving small and pair it with fresh salad or clear soup.,30–45 mins brisk walking or cycling,Portion control is important; avoid fried add-ons. Contains gluten.
176,Uttar Pradesh,Weight Loss,Dinner,Jau Roti + Palak Saag (Small Portion),186,10,39,2,11,Low,Low,Low,Gluten,"Barley flour, Spinach",Vegetarian,,Prepare jau roti + palak saag as a small portion version with minimal oil and no heavy toppings. Keep the serving small and pair it with fresh salad or clear soup.,30–45 mins brisk walking or cycling,Portion control is important; avoid fried add-ons. Contains gluten.
177,Uttar Pradesh,Weight Loss,Dinner,Jau Roti + Turai Sabzi (Roasted),178,8,39,2,11,Low,Low,Low,Gluten,"Barley flour, Ridge gourd",Vegetarian,,Prepare jau roti + turai sabzi as a roasted version with minimal oil and no heavy toppings. Keep the serving small and pair it with fresh salad or clear soup.,30–45 mins brisk walking or cycling,Portion control is important; avoid fried add-ons. Contains gluten.
178,Uttar Pradesh,Weight Loss,Dinner,Missi Roti + Nenua Sabzi (No Ghee),191,10,38,3,12,Low,Low,Low,"Gluten, Dairy","Wheat flour, Gram flour, Sponge gourd",Vegetarian,,Prepare missi roti + nenua sabzi as a no ghee version with minimal oil and no heavy toppings. Keep the serving small and pair it with fresh salad or clear soup.,30–45 mins brisk walking or cycling,"Portion control is important; avoid fried add-ons. Contains gluten, dairy."
179,Uttar Pradesh,Weight Loss,Dinner,Missi Roti + Turai Sabzi (Light Tadka),194,11,39,3,12,Low,Low,Low,Gluten,"Wheat flour, Gram flour, Ridge gourd",Vegetarian,,Prepare missi roti + turai sabzi as a light tadka version with minimal oil and no heavy toppings. Keep the serving small and pair it with fresh salad or clear soup.,30–45 mins brisk walking or cycling,Portion control is important; avoid fried add-ons. Contains gluten.
180,Uttar Pradesh,Weight Loss,Dinner,Moong Dal Khichdi,280,12,48,4,8,Low,Medium,Low,,"Rice, Green gram, Cumin",Vegetarian,,Use a 1:2 ratio of rice to dal and do not add ghee on top.,30 mins light walking,Consume 2 hours before sleeping.
181,Uttar Pradesh,Weight Loss,Dinner,Phulka + Lauki Sabzi,250,8,45,3,8,Low,Low,Low,Gluten,"Wheat flour, Bottle gourd",Vegetarian,,Cook bottle gourd with turmeric and coriander powder only.,30 mins yoga,Extremely low calorie dinner.
182,Uttar Pradesh,Weight Loss,Dinner,Phulka + Lauki Sabzi (Unsweetened),183,8,41,2,9,Medium,Medium,Low,Gluten,"Wheat flour, Bottle gourd",Vegetarian,,Prepare phulka + lauki sabzi as a unsweetened version with minimal oil and no heavy toppings. Keep the serving small and pair it with fresh salad or clear soup.,30–45 mins brisk walking or cycling,Portion control is important; avoid fried add-ons. Contains gluten.
183,Uttar Pradesh,Weight Loss,Dinner,Phulka + Nenua Sabzi (Thin Batter),176,8,40,2,9,Low,Low,Low,Gluten,"Wheat flour, Sponge gourd",Vegetarian,,Prepare phulka + nenua sabzi as a thin batter version with minimal oil and no heavy toppings. Keep the serving small and pair it with fresh salad or clear soup.,30–45 mins brisk walking or cycling,Portion control is important; avoid fried add-ons. Contains gluten.
184,Uttar Pradesh,Weight Loss,Dinner,Phulka + Palak Saag (No Sev),184,9,39,3,9,Medium,Medium,Low,Gluten,"Wheat flour, Spinach",Vegetarian,,Prepare phulka + palak saag as a no sev version with minimal oil and no heavy toppings. Keep the serving small and pair it with fresh salad or clear soup.,30–45 mins brisk walking or cycling,Portion control is important; avoid fried add-ons. Contains gluten.
185,Uttar Pradesh,Weight Loss,Dinner,Phulka + Palak Sabzi,260,9,42,4,8,Low,Low,Low,Gluten,"Wheat flour, Spinach, Garlic",Vegetarian,,Sauté spinach with garlic and zero oil.,30 mins yoga,Spinach provides iron with minimal calories.
186,Uttar Pradesh,Weight Loss,Dinner,Phulka + Palak Sabzi (Half Portion),192,9,39,3,9,Medium,Medium,Medium,Gluten,"Wheat flour, Spinach, Garlic",Vegetarian,,Prepare phulka + palak sabzi as a half portion version with minimal oil and no heavy toppings. Keep the serving small and pair it with fresh salad or clear soup.,30–45 mins brisk walking or cycling,Portion control is important; avoid fried add-ons. Contains gluten.
187,Uttar Pradesh,Weight Loss,Dinner,Phulka + Turai Sabzi,260,8,45,4,9,Low,Low,Low,Gluten,"Wheat flour, Ridge gourd",Vegetarian,,Cook Turai in its own juices without adding excess water or oil.,30 mins yoga,Very light dinner for effective weight loss.
188,Uttar Pradesh,Weight Loss,Dinner,Phulka + Turai Sabzi (Dry Roast),191,8,41,3,10,Medium,Medium,Medium,Gluten,"Wheat flour, Ridge gourd",Vegetarian,,Prepare phulka + turai sabzi as a dry roast version with minimal oil and no heavy toppings. Keep the serving small and pair it with fresh salad or clear soup.,30–45 mins brisk walking or cycling,Portion control is important; avoid fried add-ons. Contains gluten.
189,Uttar Pradesh,Weight Loss,Dinner,Tahri (Veg Pulao) + Cucumber Raita,300,10,50,5,7,Medium,Medium,Low,Milk,"Rice, Mixed vegetables, Curd, Cucumber",Vegetarian,,Use minimal rice and load with vegetables; use skimmed milk curd.,30 mins walking,A balanced one-pot meal for dinner.
190,Uttar Pradesh,Weight Loss,Dinner,Chicken Tikka (Plain),164,27,5,8,1,High,High,Medium,,"Chicken, yoghurt, spices, lemon",Non-Vegetarian,Chicken,Prepare chicken tikka as a plain version with minimal oil and no heavy toppings. Keep the serving small and pair it with fresh salad or clear soup.,30–45 mins brisk walking or cycling,Portion control is important; avoid fried add-ons.
191,Uttar Pradesh,Weight Loss,Dinner,Chicken Yakhni (Roasted),207,27,7,11,1,Low,Low,Low,,"Chicken, bone broth, ginger, cloves",Non-Vegetarian,Chicken,Prepare chicken yakhni as a roasted version with minimal oil and no heavy toppings. Keep the serving small and pair it with fresh salad or clear soup.,30–45 mins brisk walking or cycling,Portion control is important; avoid fried add-ons.
192,Uttar Pradesh,Weight Loss,Dinner,Fish Tikka (Half Portion),147,23,5,6,1,Medium,Medium,Medium,,"Fish, spices, lemon, herbs",Non-Vegetarian,Fish,Prepare fish tikka as a half portion version with minimal oil and no heavy toppings. Keep the serving small and pair it with fresh salad or clear soup.,30–45 mins brisk walking or cycling,Portion control is important; avoid fried add-ons.
193,Uttar Pradesh,Weight Loss,Dinner,Galouti Kebab (Small Portion),252,23,9,17,1,Low,Low,Low,,"Minced mutton, papaya paste, aromatic spices",Non-Vegetarian,Mutton,Prepare galouti kebab as a small portion version with minimal oil and no heavy toppings. Keep the serving small and pair it with fresh salad or clear soup.,30–45 mins brisk walking or cycling,Portion control is important; avoid fried add-ons.
194,Uttar Pradesh,Weight Loss,Dinner,Kakori Kebab (Thin Batter),268,22,7,18,1,Low,Low,Low,Nuts,"Minced mutton, cashew, cream, spices",Non-Vegetarian,Mutton,Prepare kakori kebab as a thin batter version with minimal oil and no heavy toppings. Keep the serving small and pair it with fresh salad or clear soup.,30–45 mins brisk walking or cycling,Portion control is important; avoid fried add-ons. Contains nuts.
195,Uttar Pradesh,Weight Loss,Dinner,Mutton Yakhni (Light Tadka),280,25,9,16,1,Low,Low,Low,,"Mutton, bone broth, ginger, whole spices",Non-Vegetarian,Mutton,Prepare mutton yakhni as a light tadka version with minimal oil and no heavy toppings. Keep the serving small and pair it with fresh salad or clear soup.,30–45 mins brisk walking or cycling,Portion control is important; avoid fried add-ons.
196,Uttar Pradesh,Weight Loss,Dinner,Rice + Mutton Salan + Lauki Sabzi (Fresh),607,50,78,24,8,Medium,Medium,Medium,,"Rice, Mutton, Bottle gourd",Non-Vegetarian,Mutton,Prepare rice + mutton salan + lauki sabzi as a fresh version with minimal oil and no heavy toppings. Keep the serving small and pair it with fresh salad or clear soup.,30–45 mins brisk walking or cycling,Portion control is important; avoid fried add-ons.
197,Uttar Pradesh,Weight Loss,Dinner,Rice + Mutton Salan + Sabzi (Dry Roast),603,46,73,26,8,Medium,Medium,Medium,,"Rice, Mutton, Mixed vegetables",Non-Vegetarian,Mutton,Prepare rice + mutton salan + sabzi as a dry roast version with minimal oil and no heavy toppings. Keep the serving small and pair it with fresh salad or clear soup.,30–45 mins brisk walking or cycling,Portion control is important; avoid fried add-ons.
198,Uttar Pradesh,Weight Loss,Dinner,Rohu Fish Curry (Steamed),184,20,9,8,1,Low,Low,Low,,"Rohu fish, tomato, mustard, spices",Non-Vegetarian,Fish,Prepare rohu fish curry as a steamed version with minimal oil and no heavy toppings. Keep the serving small and pair it with fresh salad or clear soup.,30–45 mins brisk walking or cycling,Portion control is important; avoid fried add-ons.
199,Uttar Pradesh,Weight Loss,Dinner,Roti + Anda Curry + Nenua Sabzi (Boiled),546,40,74,21,10,Low,Medium,Low,"Gluten, Egg","Wheat flour, Eggs, Sponge gourd",Non-Vegetarian,Mutton,Prepare roti + anda curry + nenua sabzi as a boiled version with minimal oil and no heavy toppings. Keep the serving small and pair it with fresh salad or clear soup.,30–45 mins brisk walking or cycling,"Portion control is important; avoid fried add-ons. Contains gluten, egg."
200,Uttar Pradesh,Weight Loss,Dinner,Roti + Chicken Curry + Chana Dal (Unsweetened),596,64,79,17,11,Medium,Medium,Low,Gluten,"Wheat flour, Chicken, Bengal gram",Non-Vegetarian,Chicken,Prepare roti + chicken curry + chana dal as a unsweetened version with minimal oil and no heavy toppings. Keep the serving small and pair it with fresh salad or clear soup.,30–45 mins brisk walking or cycling,Portion control is important; avoid fried add-ons. Contains gluten.
201,Uttar Pradesh,Weight Loss,Dinner,Roti + Chicken Masala + Kathal Sabzi (Minimal Salt),603,50,69,26,10,Medium,Medium,Medium,Gluten,"Wheat flour, Chicken, Jackfruit, Oil",Non-Vegetarian,Chicken,Prepare roti + chicken masala + kathal sabzi as a minimal salt version with minimal oil and no heavy toppings. Keep the serving small and pair it with fresh salad or clear soup.,30–45 mins brisk walking or cycling,Portion control is important; avoid fried add-ons. Contains gluten.
202,Uttar Pradesh,Weight Loss,Dinner,Roti + Egg Bhurji + Arhar Dal (No Ghee),536,44,74,18,11,Low,Low,Low,"Gluten, Dairy, Egg","Wheat flour, Eggs, Pigeon peas",Non-Vegetarian,Mutton,Prepare roti + egg bhurji + arhar dal as a no ghee version with minimal oil and no heavy toppings. Keep the serving small and pair it with fresh salad or clear soup.,30–45 mins brisk walking or cycling,"Portion control is important; avoid fried add-ons. Contains gluten, dairy, egg."
203,Uttar Pradesh,Weight Loss,Dinner,Roti + Mutton Keema + Bhindi (No Sev),577,53,65,27,11,Medium,Medium,Low,Gluten,"Wheat flour, Minced mutton, Okra",Non-Vegetarian,Mutton,Prepare roti + mutton keema + bhindi as a no sev version with minimal oil and no heavy toppings. Keep the serving small and pair it with fresh salad or clear soup.,30–45 mins brisk walking or cycling,Portion control is important; avoid fried add-ons. Contains gluten.
204,Uttar Pradesh,Weight Loss,Dinner,Tandoori Chicken (Lean),192,30,6,9,1,High,High,High,,"Chicken, yoghurt, spices, lemon",Non-Vegetarian,Chicken,Prepare tandoori chicken as a lean version with minimal oil and no heavy toppings. Keep the serving small and pair it with fresh salad or clear soup.,30–45 mins brisk walking or cycling,Portion control is important; avoid fried add-ons.
205,Uttar Pradesh,Weight Loss,Dinner,Tandoori Fish (No Oil),179,22,6,8,1,Low,Low,Low,,"Fish, yoghurt, spices, lemon",Non-Vegetarian,Fish,Prepare tandoori fish as a no oil version with minimal oil and no heavy toppings. Keep the serving small and pair it with fresh salad or clear soup.,30–45 mins brisk walking or cycling,Portion control is important; avoid fried add-ons.
206,Uttar Pradesh,Weight Loss,Dinner,Dalia Khichdi (Fresh),186,9,43,2,9,Medium,Medium,Medium,Gluten,"Broken wheat, Moong dal",Vegan,,Prepare dalia khichdi as a fresh version with minimal oil and no heavy toppings. Keep the serving small and pair it with fresh salad or clear soup.,30–45 mins brisk walking or cycling,Portion control is important; avoid fried add-ons. Contains gluten.
207,Uttar Pradesh,Weight Loss,Dinner,Dalia Khichdi + Bathua Saag (Minimal Salt),197,10,44,2,11,Medium,Medium,Medium,Gluten,"Broken wheat, Bathua leaves",Vegan,,Prepare dalia khichdi + bathua saag as a minimal salt version with minimal oil and no heavy toppings. Keep the serving small and pair it with fresh salad or clear soup.,30–45 mins brisk walking or cycling,Portion control is important; avoid fried add-ons. Contains gluten.
208,Uttar Pradesh,Weight Loss,Dinner,Jau Roti + Karela Sabzi (Boiled),199,10,41,3,13,Low,Medium,Low,Gluten,"Barley flour, Bitter gourd",Vegan,,Prepare jau roti + karela sabzi as a boiled version with minimal oil and no heavy toppings. Keep the serving small and pair it with fresh salad or clear soup.,30–45 mins brisk walking or cycling,Portion control is important; avoid fried add-ons. Contains gluten.
209,Uttar Pradesh,Weight Loss,Dinner,Jau Roti + Lauki Sabzi (No Oil),169,8,38,1,11,Low,Low,Low,Gluten,"Barley flour, Bottle gourd",Vegan,,Prepare jau roti + lauki sabzi as a no oil version with minimal oil and no heavy toppings. Keep the serving small and pair it with fresh salad or clear soup.,30–45 mins brisk walking or cycling,Portion control is important; avoid fried add-ons. Contains gluten.
210,Uttar Pradesh,Weight Loss,Dinner,Jau Roti + Moong Dal + Lauki Sabzi (Lean),220,14,44,3,13,High,High,High,Gluten,"Barley flour, Green gram, Bottle gourd",Vegan,,Prepare jau roti + moong dal + lauki sabzi as a lean version with minimal oil and no heavy toppings. Keep the serving small and pair it with fresh salad or clear soup.,30–45 mins brisk walking or cycling,Portion control is important; avoid fried add-ons. Contains gluten.
211,Uttar Pradesh,Weight Loss,Dinner,Jau Roti + Nenua Sabzi (Steamed),177,8,39,2,11,Low,Low,Low,Gluten,"Barley flour, Sponge gourd",Vegan,,Prepare jau roti + nenua sabzi as a steamed version with minimal oil and no heavy toppings. Keep the serving small and pair it with fresh salad or clear soup.,30–45 mins brisk walking or cycling,Portion control is important; avoid fried add-ons. Contains gluten.
212,Uttar Pradesh,Weight Loss,Dinner,Jau Roti + Palak Saag (Small Portion),186,9,39,2,11,Low,Low,Low,Gluten,"Barley flour, Spinach",Vegan,,Prepare jau roti + palak saag as a small portion version with minimal oil and no heavy toppings. Keep the serving small and pair it with fresh salad or clear soup.,30–45 mins brisk walking or cycling,Portion control is important; avoid fried add-ons. Contains gluten.
213,Uttar Pradesh,Weight Loss,Dinner,Jau Roti + Turai Sabzi (Roasted),178,8,39,2,11,Low,Low,Low,Gluten,"Barley flour, Ridge gourd",Vegan,,Prepare jau roti + turai sabzi as a roasted version with minimal oil and no heavy toppings. Keep the serving small and pair it with fresh salad or clear soup.,30–45 mins brisk walking or cycling,Portion control is important; avoid fried add-ons. Contains gluten.
214,Uttar Pradesh,Weight Loss,Dinner,Missi Roti + Nenua Sabzi (No Ghee),191,10,38,3,12,Low,Low,Low,Gluten,"Wheat flour, Gram flour, Sponge gourd",Vegan,,Prepare missi roti + nenua sabzi as a no ghee version with minimal oil and no heavy toppings. Keep the serving small and pair it with fresh salad or clear soup.,30–45 mins brisk walking or cycling,"Portion control is important; avoid fried add-ons. Contains gluten, dairy."
215,Uttar Pradesh,Weight Loss,Dinner,Missi Roti + Turai Sabzi (Light Tadka),194,10,39,3,12,Low,Low,Low,Gluten,"Wheat flour, Gram flour, Ridge gourd",Vegan,,Prepare missi roti + turai sabzi as a light tadka version with minimal oil and no heavy toppings. Keep the serving small and pair it with fresh salad or clear soup.,30–45 mins brisk walking or cycling,Portion control is important; avoid fried add-ons. Contains gluten.
216,Uttar Pradesh,Weight Loss,Dinner,Phulka + Lauki Sabzi (Unsweetened),183,8,41,2,9,Medium,Medium,Low,Gluten,"Wheat flour, Bottle gourd",Vegan,,Prepare phulka + lauki sabzi as a unsweetened version with minimal oil and no heavy toppings. Keep the serving small and pair it with fresh salad or clear soup.,30–45 mins brisk walking or cycling,Portion control is important; avoid fried add-ons. Contains gluten.
217,Uttar Pradesh,Weight Loss,Dinner,Phulka + Nenua Sabzi (Thin Batter),176,8,40,2,9,Low,Low,Low,Gluten,"Wheat flour, Sponge gourd",Vegan,,Prepare phulka + nenua sabzi as a thin batter version with minimal oil and no heavy toppings. Keep the serving small and pair it with fresh salad or clear soup.,30–45 mins brisk walking or cycling,Portion control is important; avoid fried add-ons. Contains gluten.
218,Uttar Pradesh,Weight Loss,Dinner,Phulka + Palak Saag (No Sev),184,9,39,3,9,Medium,Medium,Low,Gluten,"Wheat flour, Spinach",Vegan,,Prepare phulka + palak saag as a no sev version with minimal oil and no heavy toppings. Keep the serving small and pair it with fresh salad or clear soup.,30–45 mins brisk walking or cycling,Portion control is important; avoid fried add-ons. Contains gluten.
219,Uttar Pradesh,Weight Loss,Dinner,Phulka + Palak Sabzi (Half Portion),192,9,39,3,9,Medium,Medium,Medium,Gluten,"Wheat flour, Spinach, Garlic",Vegan,,Prepare phulka + palak sabzi as a half portion version with minimal oil and no heavy toppings. Keep the serving small and pair it with fresh salad or clear soup.,30–45 mins brisk walking or cycling,Portion control is important; avoid fried add-ons. Contains gluten.
220,Uttar Pradesh,Weight Loss,Dinner,Phulka + Turai Sabzi (Dry Roast),191,8,41,3,10,Medium,Medium,Medium,Gluten,"Wheat flour, Ridge gourd",Vegan,,Prepare phulka + turai sabzi as a dry roast version with minimal oil and no heavy toppings. Keep the serving small and pair it with fresh salad or clear soup.,30–45 mins brisk walking or cycling,Portion control is important; avoid fried add-ons. Contains gluten.
221,Uttar Pradesh,Weight Loss,Dinner,Sattu Drink (Plain),208,12,42,3,11,High,High,Medium,,"Roasted gram flour, Lemon, Cumin, Water",Vegan,,Prepare oats khichdi + bathua saag as a plain version with minimal oil and no heavy toppings. Keep the serving small and pair it with fresh salad or clear soup.,30–45 mins brisk walking or cycling,Portion control is important; avoid fried add-ons.
222,Uttar Pradesh,Weight Gain,Breakfast,Aloo Paratha + Curd,450,12,65,15,6,High,Medium,Medium,Gluten/Milk,"Wheat flour, Potato, Ghee, Curd",Vegetarian,,Cook paratha with pure ghee and serve with full-fat curd.,40 mins weight lifting,High caloric density for bulking up.
223,Uttar Pradesh,Weight Gain,Breakfast,Bedmi Puri + Aloo Sabzi,500,10,68,20,5,High,Medium,High,Gluten,"Wheat flour, Urad dal, Potato, Oil",Vegetarian,,Deep fry the dal-stuffed puris.,30 mins weight lifting,Fried food provides instant calorie surplus.
224,Uttar Pradesh,Weight Gain,Breakfast,Bedmi Puri + Aloo Sabzi (Full Portion),644,11,77,24,5,High,Medium,High,Gluten,"Wheat flour, Urad dal, Potato, Oil",Vegetarian,,"Prepare bedmi puri + aloo sabzi as a full portion version with richer ingredients or a fuller portion. Add ghee, dairy, or nut garnish only if it suits the recipe.",20–30 mins light walking and recovery,Best used when extra calories are desired; not ideal for calorie deficit. Contains gluten.
225,Uttar Pradesh,Weight Gain,Breakfast,Bedmi Puri with Aloo Sabzi (Milk-Enhanced),457,10,58,19,5,Medium,Medium,Medium,"Gluten, Dairy","Wheat flour, urad dal, potato sabzi, spices",Vegetarian,,"Prepare bedmi puri with aloo sabzi as a milk-enhanced version with richer ingredients or a fuller portion. Add ghee, dairy, or nut garnish only if it suits the recipe.",20–30 mins light walking and recovery,"Best used when extra calories are desired; not ideal for calorie deficit. Contains gluten, dairy."
226,Uttar Pradesh,Weight Gain,Breakfast,Besan Cheela (Extra Portion),306,13,36,7,7,High,High,High,Gluten,"Gram flour, Onion, Green chili",Vegetarian,,"Prepare besan cheela as a extra portion version with richer ingredients or a fuller portion. Add ghee, dairy, or nut garnish only if it suits the recipe.",20–30 mins light walking and recovery,Best used when extra calories are desired; not ideal for calorie deficit. Contains gluten.
227,Uttar Pradesh,Weight Gain,Breakfast,Chura Matar (Jaggery Sweetened),316,7,53,4,5,High,High,High,,"Flattened rice, Green peas",Vegetarian,,"Prepare chura matar as a jaggery sweetened version with richer ingredients or a fuller portion. Add ghee, dairy, or nut garnish only if it suits the recipe.",20–30 mins light walking and recovery,Best used when extra calories are desired; not ideal for calorie deficit.
228,Uttar Pradesh,Weight Gain,Breakfast,Fara (Khoya Enriched),406,15,61,5,8,Medium,Medium,Medium,"Gluten, Dairy","Rice flour, Chana dal",Vegetarian,,"Prepare fara as a khoya enriched version with richer ingredients or a fuller portion. Add ghee, dairy, or nut garnish only if it suits the recipe.",20–30 mins light walking and recovery,"Best used when extra calories are desired; not ideal for calorie deficit. Contains gluten, dairy."
229,Uttar Pradesh,Weight Gain,Breakfast,Jalebi + Curd,500,8,85,15,1,High,Medium,High,Gluten/Milk,"Refined flour, Sugar, Ghee, Curd",Vegetarian,,Deep fry jalebis in ghee and dip in sugar syrup.,30 mins strength training,Traditional high-calorie breakfast combination.
230,Uttar Pradesh,Weight Gain,Breakfast,Jau Roti + Mint Chutney (Nut Garnish),293,9,47,2,9,High,High,High,Gluten,"Barley flour, Mint, Green chili",Vegetarian,,"Prepare jau roti + mint chutney as a nut garnish version with richer ingredients or a fuller portion. Add ghee, dairy, or nut garnish only if it suits the recipe.",20–30 mins light walking and recovery,Best used when extra calories are desired; not ideal for calorie deficit. Contains gluten.
231,Uttar Pradesh,Weight Gain,Breakfast,Kachori + Sabzi,520,10,65,24,6,High,High,High,Gluten,"Wheat flour, Urad dal, Potato, Oil",Vegetarian,,Deep fry the urad dal stuffed kachoris.,30 mins strength training,Heavy breakfast to start a caloric surplus.
232,Uttar Pradesh,Weight Gain,Breakfast,Kachori + Sabzi (Rich Gravy),664,11,73,29,6,Medium,Medium,Medium,Gluten,"Wheat flour, Urad dal, Potato, Oil",Vegetarian,,"Prepare kachori + sabzi as a rich gravy version with richer ingredients or a fuller portion. Add ghee, dairy, or nut garnish only if it suits the recipe.",20–30 mins light walking and recovery,Best used when extra calories are desired; not ideal for calorie deficit. Contains gluten.
233,Uttar Pradesh,Weight Gain,Breakfast,Kachori-Sabzi (Sweetened),435,9,52,18,5,High,High,High,Gluten,"Wheat flour, urad dal, potato sabzi, spices",Vegetarian,,"Prepare kachori-sabzi as a sweetened version with richer ingredients or a fuller portion. Add ghee, dairy, or nut garnish only if it suits the recipe.",20–30 mins light walking and recovery,Best used when extra calories are desired; not ideal for calorie deficit. Contains gluten.
234,Uttar Pradesh,Weight Gain,Breakfast,Makhan Malai (Nimish) + Toast,400,6,50,18,2,High,Low,High,Gluten/Milk,"Milk cream, Sugar, Bread",Vegetarian,,Consume the rich milk cream with toasted bread.,30 mins strength training,Famous Lucknow winter treat for mass gain.
235,Uttar Pradesh,Weight Gain,Breakfast,Moong Dal Cheela (Paneer Enriched),295,15,34,5,6,High,High,High,"Gluten, Dairy","Green gram, Onion, Coriander",Vegetarian,,"Prepare moong dal cheela as a paneer enriched version with richer ingredients or a fuller portion. Add ghee, dairy, or nut garnish only if it suits the recipe.",20–30 mins light walking and recovery,"Best used when extra calories are desired; not ideal for calorie deficit. Contains gluten, dairy."
236,Uttar Pradesh,Weight Gain,Breakfast,Poha with Peanuts (Generous Portion),424,9,62,12,4,Medium,Medium,Medium,Nuts,"Flattened rice, Peanuts",Vegetarian,,"Prepare poha with peanuts as a generous portion version with richer ingredients or a fuller portion. Add ghee, dairy, or nut garnish only if it suits the recipe.",20–30 mins light walking and recovery,Best used when extra calories are desired; not ideal for calorie deficit. Contains nuts.
237,Uttar Pradesh,Weight Gain,Breakfast,Puri + Halwa,550,8,82,20,3,High,Medium,High,Gluten,"Wheat flour, Semolina, Sugar, Ghee",Vegetarian,,Deep fry puris and cook halwa in pure ghee.,30 mins strength training,Pure carbohydrate and fat bomb.
238,Uttar Pradesh,Weight Gain,Breakfast,Puri + Halwa (With Ghee),706,9,92,24,3,High,High,High,"Gluten, Dairy","Wheat flour, Semolina, Sugar, Ghee",Vegetarian,,"Prepare puri + halwa as a with ghee version with richer ingredients or a fuller portion. Add ghee, dairy, or nut garnish only if it suits the recipe.",20–30 mins light walking and recovery,"Best used when extra calories are desired; not ideal for calorie deficit. Contains gluten, dairy."
239,Uttar Pradesh,Weight Gain,Breakfast,Puri-Aloo (Butter Topped),407,8,54,14,5,Medium,Medium,Medium,"Gluten, Dairy","Wheat flour, potato, spices, oil",Vegetarian,,"Prepare puri-aloo as a butter topped version with richer ingredients or a fuller portion. Add ghee, dairy, or nut garnish only if it suits the recipe.",20–30 mins light walking and recovery,"Best used when extra calories are desired; not ideal for calorie deficit. Contains gluten, dairy."
240,Uttar Pradesh,Weight Gain,Breakfast,Sattu Paratha (Dry Roasted) + Curd (Deep Fried),354,13,49,6,8,High,High,High,"Gluten, Dairy","Wheat flour, Roasted gram flour, Curd",Vegetarian,,"Prepare sattu paratha (dry roasted) + curd as a deep fried version with richer ingredients or a fuller portion. Add ghee, dairy, or nut garnish only if it suits the recipe.",20–30 mins light walking and recovery,"Best used when extra calories are desired; not ideal for calorie deficit. Contains gluten, dairy."
241,Uttar Pradesh,Weight Gain,Breakfast,Sattu Paratha + Curd (Fried),531,17,67,14,8,Medium,Medium,Medium,"Gluten, Dairy","Wheat flour, Roasted gram flour, Curd",Vegetarian,,"Prepare sattu paratha + curd as a fried version with richer ingredients or a fuller portion. Add ghee, dairy, or nut garnish only if it suits the recipe.",20–30 mins light walking and recovery,"Best used when extra calories are desired; not ideal for calorie deficit. Contains gluten, dairy."
242,Uttar Pradesh,Weight Gain,Breakfast,Sattu Paratha + Ghee + Pickle,480,14,65,18,8,Medium,High,Medium,Gluten,"Wheat flour, Roasted gram flour, Ghee",Vegetarian,,Stuff paratha with spiced sattu and cook with ghee.,40 mins strength training,Sattu provides protein while ghee adds calories.
243,Uttar Pradesh,Weight Gain,Breakfast,Sattu Paratha + Ghee + Pickle (Stuffed),607,15,72,21,8,Medium,Low,Low,"Gluten, Dairy","Wheat flour, Roasted gram flour, Ghee",Vegetarian,,"Prepare sattu paratha + ghee + pickle as a stuffed version with richer ingredients or a fuller portion. Add ghee, dairy, or nut garnish only if it suits the recipe.",20–30 mins light walking and recovery,"Best used when extra calories are desired; not ideal for calorie deficit. Contains gluten, dairy."
244,Uttar Pradesh,Weight Gain,Breakfast,Sheermal (Creamy),354,8,47,12,1,High,Medium,High,"Gluten, Dairy","Flour, milk, saffron, sugar, ghee",Vegetarian,,"Prepare sheermal as a creamy version with richer ingredients or a fuller portion. Add ghee, dairy, or nut garnish only if it suits the recipe.",20–30 mins light walking and recovery,"Best used when extra calories are desired; not ideal for calorie deficit. Contains gluten, dairy."
245,Uttar Pradesh,Weight Gain,Breakfast,Rice + Chicken Curry + Parwal Aloo (Jaggery Sweetened),993,46,95,36,8,High,High,High,,"White rice, Chicken, Pointed gourd, Potato",Non-Vegetarian,Chicken,"Prepare rice + chicken curry + parwal aloo as a jaggery sweetened version with richer ingredients or a fuller portion. Add ghee, dairy, or nut garnish only if it suits the recipe.",20–30 mins light walking and recovery,Best used when extra calories are desired; not ideal for calorie deficit.
246,Uttar Pradesh,Weight Gain,Breakfast,Rice + Chicken Korma + Gobi Aloo (Full Portion),1079,60,98,36,9,High,Medium,High,,"Rice, Chicken, Cauliflower, Potato",Non-Vegetarian,Chicken,"Prepare rice + chicken korma + gobi aloo as a full portion version with richer ingredients or a fuller portion. Add ghee, dairy, or nut garnish only if it suits the recipe.",20–30 mins light walking and recovery,Best used when extra calories are desired; not ideal for calorie deficit.
247,Uttar Pradesh,Weight Gain,Breakfast,Rice + Chicken Korma + Palak (Khoya Enriched),1025,64,95,29,8,Medium,High,Medium,Dairy,"Rice, Chicken, Spinach",Non-Vegetarian,Chicken,"Prepare rice + chicken korma + palak as a khoya enriched version with richer ingredients or a fuller portion. Add ghee, dairy, or nut garnish only if it suits the recipe.",20–30 mins light walking and recovery,Best used when extra calories are desired; not ideal for calorie deficit. Contains dairy.
248,Uttar Pradesh,Weight Gain,Breakfast,Rice + Chicken Salan + Dal + Aloo Sabzi (Fried),1092,64,107,31,8,Medium,Medium,Medium,,"Rice, Chicken, Lentils, Potato",Non-Vegetarian,Chicken,"Prepare rice + chicken salan + dal + aloo sabzi as a fried version with richer ingredients or a fuller portion. Add ghee, dairy, or nut garnish only if it suits the recipe.",20–30 mins light walking and recovery,Best used when extra calories are desired; not ideal for calorie deficit.
249,Uttar Pradesh,Weight Gain,Breakfast,Rice + Mutton Bhuna + Kathal Sabzi (With Ghee),1147,56,102,46,11,Low,Low,Low,Dairy,"Rice, Mutton, Jackfruit",Non-Vegetarian,Mutton,"Prepare rice + mutton bhuna + kathal sabzi as a with ghee version with richer ingredients or a fuller portion. Add ghee, dairy, or nut garnish only if it suits the recipe.",20–30 mins light walking and recovery,Best used when extra calories are desired; not ideal for calorie deficit. Contains dairy.
250,Uttar Pradesh,Weight Gain,Breakfast,Rice + Mutton Salan + Lauki Sabzi (Milk-Enhanced),1041,52,95,38,7,Medium,Medium,Medium,Dairy,"Rice, Mutton, Bottle gourd",Non-Vegetarian,Mutton,"Prepare rice + mutton salan + lauki sabzi as a milk-enhanced version with richer ingredients or a fuller portion. Add ghee, dairy, or nut garnish only if it suits the recipe.",20–30 mins light walking and recovery,Best used when extra calories are desired; not ideal for calorie deficit. Contains dairy.
251,Uttar Pradesh,Weight Gain,Breakfast,Rice + Mutton Salan + Sabzi (Sweetened),1050,49,90,42,7,Medium,Medium,Medium,,"Rice, Mutton, Mixed vegetables",Non-Vegetarian,Mutton,"Prepare rice + mutton salan + sabzi as a sweetened version with richer ingredients or a fuller portion. Add ghee, dairy, or nut garnish only if it suits the recipe.",20–30 mins light walking and recovery,Best used when extra calories are desired; not ideal for calorie deficit.
252,Uttar Pradesh,Weight Gain,Breakfast,Roti + Anda Curry + Nenua Sabzi (Nut Garnish),945,42,90,34,9,High,High,High,"Gluten, Egg","Wheat flour, Eggs, Sponge gourd",Non-Vegetarian,Mutton,"Prepare roti + anda curry + nenua sabzi as a nut garnish version with richer ingredients or a fuller portion. Add ghee, dairy, or nut garnish only if it suits the recipe.",20–30 mins light walking and recovery,"Best used when extra calories are desired; not ideal for calorie deficit. Contains gluten, egg."
253,Uttar Pradesh,Weight Gain,Breakfast,Roti + Anda Curry + Palak Sabzi (Extra Portion),952,44,91,31,10,High,High,High,"Gluten, Egg","Wheat flour, Eggs, Spinach",Non-Vegetarian,Mutton,"Prepare roti + anda curry + palak sabzi as a extra portion version with richer ingredients or a fuller portion. Add ghee, dairy, or nut garnish only if it suits the recipe.",20–30 mins light walking and recovery,"Best used when extra calories are desired; not ideal for calorie deficit. Contains gluten, egg."
254,Uttar Pradesh,Weight Gain,Breakfast,Roti + Chicken Curry + Chana Dal (Creamy),1021,67,95,26,10,High,Medium,High,Gluten,"Wheat flour, Chicken, Bengal gram",Non-Vegetarian,Chicken,"Prepare roti + chicken curry + chana dal as a creamy version with richer ingredients or a fuller portion. Add ghee, dairy, or nut garnish only if it suits the recipe.",20–30 mins light walking and recovery,Best used when extra calories are desired; not ideal for calorie deficit. Contains gluten.
255,Uttar Pradesh,Weight Gain,Breakfast,Roti + Chicken Masala + Kathal Sabzi (Butter Topped),1041,52,84,42,9,Medium,Medium,Medium,"Gluten, Dairy","Wheat flour, Chicken, Jackfruit, Oil",Non-Vegetarian,Chicken,"Prepare roti + chicken masala + kathal sabzi as a butter topped version with richer ingredients or a fuller portion. Add ghee, dairy, or nut garnish only if it suits the recipe.",20–30 mins light walking and recovery,"Best used when extra calories are desired; not ideal for calorie deficit. Contains gluten, dairy."
256,Uttar Pradesh,Weight Gain,Breakfast,Roti + Egg Bhurji + Arhar Dal (Paneer Enriched),919,46,90,29,10,High,High,High,"Gluten, Dairy, Egg","Wheat flour, Eggs, Pigeon peas",Non-Vegetarian,Mutton,"Prepare roti + egg bhurji + arhar dal as a paneer enriched version with richer ingredients or a fuller portion. Add ghee, dairy, or nut garnish only if it suits the recipe.",20–30 mins light walking and recovery,"Best used when extra calories are desired; not ideal for calorie deficit. Contains gluten, dairy, egg."
257,Uttar Pradesh,Weight Gain,Breakfast,Roti + Keema Matar + Dal (Generous Portion),1053,58,84,39,11,Medium,Medium,Medium,Gluten,"Wheat flour, Minced meat, Green peas, Lentils",Non-Vegetarian,Mutton,"Prepare roti + keema matar + dal as a generous portion version with richer ingredients or a fuller portion. Add ghee, dairy, or nut garnish only if it suits the recipe.",20–30 mins light walking and recovery,Best used when extra calories are desired; not ideal for calorie deficit. Contains gluten.
258,Uttar Pradesh,Weight Gain,Breakfast,Roti + Mutton Curry + Matar Nimona (Rich Gravy),1117,58,89,45,11,Low,Low,Low,Gluten,"Wheat flour, Mutton, Green peas",Non-Vegetarian,Mutton,"Prepare roti + mutton curry + matar nimona as a rich gravy version with richer ingredients or a fuller portion. Add ghee, dairy, or nut garnish only if it suits the recipe.",20–30 mins light walking and recovery,Best used when extra calories are desired; not ideal for calorie deficit. Contains gluten.
259,Uttar Pradesh,Weight Gain,Breakfast,Roti + Mutton Keema + Bhindi (Deep Fried),990,55,78,43,9,High,High,High,Gluten,"Wheat flour, Minced mutton, Okra",Non-Vegetarian,Mutton,"Prepare roti + mutton keema + bhindi as a deep fried version with richer ingredients or a fuller portion. Add ghee, dairy, or nut garnish only if it suits the recipe.",20–30 mins light walking and recovery,Best used when extra calories are desired; not ideal for calorie deficit. Contains gluten.
260,Uttar Pradesh,Weight Gain,Breakfast,Roti + Mutton Korma + Kathal Sabzi (Stuffed),1092,52,79,51,10,Medium,High,Medium,"Gluten, Dairy","Wheat flour, Mutton, Ghee, Jackfruit",Non-Vegetarian,Mutton,"Prepare roti + mutton korma + kathal sabzi as a stuffed version with richer ingredients or a fuller portion. Add ghee, dairy, or nut garnish only if it suits the recipe.",20–30 mins light walking and recovery,"Best used when extra calories are desired; not ideal for calorie deficit. Contains gluten, dairy."
261,Uttar Pradesh,Weight Gain,Breakfast,Bedmi Puri + Aloo Sabzi (Rich Gravy),640,11,76,24,5,Medium,Medium,Medium,Gluten,"Wheat flour, Urad dal, Potato, Oil",Vegan,,"Prepare bedmi puri + aloo sabzi as a rich gravy version with richer ingredients or a fuller portion. Add ghee, dairy, or nut garnish only if it suits the recipe.",20–30 mins light walking and recovery,Best used when extra calories are desired; not ideal for calorie deficit. Contains gluten.
262,Uttar Pradesh,Weight Gain,Breakfast,Bedmi Puri with Aloo Sabzi (Full Portion),458,10,58,19,5,High,Medium,High,Gluten,"Wheat flour, urad dal, potato sabzi, spices",Vegan,,"Prepare bedmi puri with aloo sabzi as a full portion version with richer ingredients or a fuller portion. Add ghee, dairy, or nut garnish only if it suits the recipe.",20–30 mins light walking and recovery,Best used when extra calories are desired; not ideal for calorie deficit. Contains gluten.
263,Uttar Pradesh,Weight Gain,Breakfast,Besan Cheela (Generous Portion),304,13,36,7,7,Medium,Medium,Medium,Gluten,"Gram flour, Onion, Green chili",Vegan,,"Prepare besan cheela as a generous portion version with richer ingredients or a fuller portion. Add ghee, dairy, or nut garnish only if it suits the recipe.",20–30 mins light walking and recovery,Best used when extra calories are desired; not ideal for calorie deficit. Contains gluten.
264,Uttar Pradesh,Weight Gain,Breakfast,Chura Matar (Butter Topped),320,6,54,4,5,Medium,Medium,Medium,,"Flattened rice, Green peas",Vegan,,"Prepare chura matar as a butter topped version with richer ingredients or a fuller portion. Add ghee, dairy, or nut garnish only if it suits the recipe.",20–30 mins light walking and recovery,Best used when extra calories are desired; not ideal for calorie deficit. Contains dairy.
265,Uttar Pradesh,Weight Gain,Breakfast,Chura Matar (Paneer Enriched),193,5,29,4,4,High,High,High,,"Flattened rice, Green peas, Onion, Cumin",Vegan,,"Prepare oats as a paneer enriched version with richer ingredients or a fuller portion. Add ghee, dairy, or nut garnish only if it suits the recipe.",20–30 mins light walking and recovery,Best used when extra calories are desired; not ideal for calorie deficit. Contains dairy.
266,Uttar Pradesh,Weight Gain,Breakfast,Dalia (Jaggery Sweetened),267,9,42,4,7,High,High,High,Gluten,"Broken wheat, Carrots, Peas",Vegan,,"Prepare dalia as a jaggery sweetened version with richer ingredients or a fuller portion. Add ghee, dairy, or nut garnish only if it suits the recipe.",20–30 mins light walking and recovery,Best used when extra calories are desired; not ideal for calorie deficit. Contains gluten.
267,Uttar Pradesh,Weight Gain,Breakfast,Fara (Sweetened),407,15,61,5,8,Medium,Medium,Medium,Gluten,"Rice flour, Chana dal",Vegan,,"Prepare fara as a sweetened version with richer ingredients or a fuller portion. Add ghee, dairy, or nut garnish only if it suits the recipe.",20–30 mins light walking and recovery,Best used when extra calories are desired; not ideal for calorie deficit. Contains gluten.
268,Uttar Pradesh,Weight Gain,Breakfast,Jau Roti + Mint Chutney (Khoya Enriched),296,9,47,2,9,Medium,Medium,Medium,Gluten,"Barley flour, Mint, Green chili",Vegan,,"Prepare jau roti + mint chutney as a khoya enriched version with richer ingredients or a fuller portion. Add ghee, dairy, or nut garnish only if it suits the recipe.",20–30 mins light walking and recovery,"Best used when extra calories are desired; not ideal for calorie deficit. Contains gluten, dairy."
269,Uttar Pradesh,Weight Gain,Breakfast,Kachori + Sabzi (With Ghee),660,11,72,29,6,High,High,High,Gluten,"Wheat flour, Urad dal, Potato, Oil",Vegan,,"Prepare kachori + sabzi as a with ghee version with richer ingredients or a fuller portion. Add ghee, dairy, or nut garnish only if it suits the recipe.",20–30 mins light walking and recovery,"Best used when extra calories are desired; not ideal for calorie deficit. Contains gluten, dairy."
270,Uttar Pradesh,Weight Gain,Breakfast,Kachori-Sabzi (Stuffed),437,9,52,18,5,Medium,High,Medium,Gluten,"Wheat flour, urad dal, potato sabzi, spices",Vegan,,"Prepare kachori-sabzi as a stuffed version with richer ingredients or a fuller portion. Add ghee, dairy, or nut garnish only if it suits the recipe.",20–30 mins light walking and recovery,Best used when extra calories are desired; not ideal for calorie deficit. Contains gluten.
271,Uttar Pradesh,Weight Gain,Breakfast,Moong Dal Cheela (Creamy),292,15,33,5,6,High,Medium,High,Gluten,"Green gram, Onion, Coriander",Vegan,,"Prepare moong dal cheela as a creamy version with richer ingredients or a fuller portion. Add ghee, dairy, or nut garnish only if it suits the recipe.",20–30 mins light walking and recovery,Best used when extra calories are desired; not ideal for calorie deficit. Contains gluten.
272,Uttar Pradesh,Weight Gain,Breakfast,Moong Dal Cheela (Extra Portion),231,13,31,2,8,High,High,High,,"Moong dal, Ginger, Cumin, Coriander",Vegan,,"Prepare sprouted moong chaat as a extra portion version with richer ingredients or a fuller portion. Add ghee, dairy, or nut garnish only if it suits the recipe.",20–30 mins light walking and recovery,Best used when extra calories are desired; not ideal for calorie deficit.
273,Uttar Pradesh,Weight Gain,Breakfast,Poha with Peanuts (Milk-Enhanced),425,9,62,12,4,Medium,Medium,Medium,Nuts,"Flattened rice, Peanuts",Vegan,,"Prepare poha with peanuts as a milk-enhanced version with richer ingredients or a fuller portion. Add ghee, dairy, or nut garnish only if it suits the recipe.",20–30 mins light walking and recovery,"Best used when extra calories are desired; not ideal for calorie deficit. Contains dairy, nuts."
274,Uttar Pradesh,Weight Gain,Breakfast,Puri-Aloo (Fried),409,7,54,14,5,High,Medium,High,Gluten,"Wheat flour, potato, spices, oil",Vegan,,"Prepare puri-aloo as a fried version with richer ingredients or a fuller portion. Add ghee, dairy, or nut garnish only if it suits the recipe.",20–30 mins light walking and recovery,Best used when extra calories are desired; not ideal for calorie deficit. Contains gluten.
275,Uttar Pradesh,Weight Gain,Breakfast,Sattu Drink (Nut Garnish),231,11,31,2,5,High,High,High,Gluten,"Roasted gram flour, Cumin, Lemon",Vegan,,"Prepare sattu drink as a nut garnish version with richer ingredients or a fuller portion. Add ghee, dairy, or nut garnish only if it suits the recipe.",20–30 mins light walking and recovery,Best used when extra calories are desired; not ideal for calorie deficit. Contains gluten.
276,Uttar Pradesh,Weight Gain,Breakfast,Steamed Fara (Deep Fried),283,13,43,2,6,High,High,High,Gluten,"Rice flour, Chana dal, Garlic",Vegan,,"Prepare steamed fara as a deep fried version with richer ingredients or a fuller portion. Add ghee, dairy, or nut garnish only if it suits the recipe.",20–30 mins light walking and recovery,Best used when extra calories are desired; not ideal for calorie deficit. Contains gluten.
277,Uttar Pradesh,Weight Gain,Lunch,Brown Rice + Matar Nimona + Bhindi Sabzi (Jaggery Sweetened),468,16,67,6,11,High,High,High,,"Brown rice, Green peas, Okra",Vegetarian,,"Prepare brown rice + matar nimona + bhindi sabzi as a jaggery sweetened version with richer ingredients or a fuller portion. Add ghee, dairy, or nut garnish only if it suits the recipe.",20–30 mins light walking and recovery,Best used when extra calories are desired; not ideal for calorie deficit.
278,Uttar Pradesh,Weight Gain,Lunch,Brown Rice + Urad Dal + Kundru Sabzi (Deep Fried),482,15,67,6,10,High,High,High,,"Brown rice, Black gram, Ivy gourd",Vegetarian,,"Prepare brown rice + urad dal + kundru sabzi as a deep fried version with richer ingredients or a fuller portion. Add ghee, dairy, or nut garnish only if it suits the recipe.",20–30 mins light walking and recovery,Best used when extra calories are desired; not ideal for calorie deficit.
279,Uttar Pradesh,Weight Gain,Lunch,Missi Roti + Chana Dal + Bhindi Sabzi (Paneer Enriched),472,18,58,8,13,High,High,High,"Gluten, Dairy","Wheat flour, Gram flour, Bengal gram, Okra",Vegetarian,,"Prepare missi roti + chana dal + bhindi sabzi as a paneer enriched version with richer ingredients or a fuller portion. Add ghee, dairy, or nut garnish only if it suits the recipe.",20–30 mins light walking and recovery,"Best used when extra calories are desired; not ideal for calorie deficit. Contains gluten, dairy."
280,Uttar Pradesh,Weight Gain,Lunch,Phulka + Arhar Dal + Bhindi Sabzi (Creamy),607,18,79,12,11,High,Medium,High,Gluten,"Wheat flour, Pigeon peas, Okra",Vegetarian,,"Prepare phulka + arhar dal + bhindi sabzi as a creamy version with richer ingredients or a fuller portion. Add ghee, dairy, or nut garnish only if it suits the recipe.",20–30 mins light walking and recovery,Best used when extra calories are desired; not ideal for calorie deficit. Contains gluten.
281,Uttar Pradesh,Weight Gain,Lunch,Phulka + Arhar Dal + Kathal Sabzi (Nut Garnish),473,17,62,7,12,High,High,High,Gluten,"Wheat flour, Pigeon peas, Jackfruit",Vegetarian,,"Prepare phulka + arhar dal + kathal sabzi as a nut garnish version with richer ingredients or a fuller portion. Add ghee, dairy, or nut garnish only if it suits the recipe.",20–30 mins light walking and recovery,Best used when extra calories are desired; not ideal for calorie deficit. Contains gluten.
282,Uttar Pradesh,Weight Gain,Lunch,Phulka + Chana Dal + Turai Sabzi (Khoya Enriched),615,20,80,10,12,Medium,Medium,Medium,"Gluten, Dairy","Wheat flour, Bengal gram, Ridge gourd",Vegetarian,,"Prepare phulka + chana dal + turai sabzi as a khoya enriched version with richer ingredients or a fuller portion. Add ghee, dairy, or nut garnish only if it suits the recipe.",20–30 mins light walking and recovery,"Best used when extra calories are desired; not ideal for calorie deficit. Contains gluten, dairy."
283,Uttar Pradesh,Weight Gain,Lunch,Phulka + Rajma + Kathal Sabzi (Milk-Enhanced),701,22,90,14,15,Medium,Medium,Medium,"Gluten, Dairy","Wheat flour, Kidney beans, Jackfruit",Vegetarian,,"Prepare phulka + rajma + kathal sabzi as a milk-enhanced version with richer ingredients or a fuller portion. Add ghee, dairy, or nut garnish only if it suits the recipe.",20–30 mins light walking and recovery,"Best used when extra calories are desired; not ideal for calorie deficit. Contains gluten, dairy."
284,Uttar Pradesh,Weight Gain,Lunch,Phulka + Urad Dal + Kathal Sabzi (Extra Portion),469,16,65,6,10,High,High,High,Gluten,"Wheat flour, Black gram, Jackfruit",Vegetarian,,"Prepare phulka + urad dal + kathal sabzi as a extra portion version with richer ingredients or a fuller portion. Add ghee, dairy, or nut garnish only if it suits the recipe.",20–30 mins light walking and recovery,Best used when extra calories are desired; not ideal for calorie deficit. Contains gluten.
285,Uttar Pradesh,Weight Gain,Lunch,Rice + Dal Makhani + Aloo Gobi,750,22,110,25,12,High,Medium,High,Milk,"White rice, Black gram, Butter, Potato, Cauliflower",Vegetarian,,Use butter and cream in Dal Makhani; fry Aloo Gobi.,60 mins strength training,Excellent carbohydrate and fat load for weight gain.
286,Uttar Pradesh,Weight Gain,Lunch,Rice + Dal Makhani + Aloo Gobi (Rich Gravy),1011,24,124,30,11,Low,Low,Low,Dairy,"White rice, Black gram, Butter, Potato, Cauliflower",Vegetarian,,"Prepare rice + dal makhani + aloo gobi as a rich gravy version with richer ingredients or a fuller portion. Add ghee, dairy, or nut garnish only if it suits the recipe.",20–30 mins light walking and recovery,Best used when extra calories are desired; not ideal for calorie deficit. Contains dairy.
287,Uttar Pradesh,Weight Gain,Lunch,Rice + Masoor Dal + Aloo Gobi (Sweetened),678,18,96,12,10,Medium,Medium,Medium,,"White rice, Red lentils, Potato, Cauliflower",Vegetarian,,"Prepare rice + masoor dal + aloo gobi as a sweetened version with richer ingredients or a fuller portion. Add ghee, dairy, or nut garnish only if it suits the recipe.",20–30 mins light walking and recovery,Best used when extra calories are desired; not ideal for calorie deficit.
288,Uttar Pradesh,Weight Gain,Lunch,Rice + Matar Nimona + Parwal Sabzi (Generous Portion),641,15,89,12,9,Medium,Medium,Medium,,"White rice, Green peas, Pointed gourd",Vegetarian,,"Prepare rice + matar nimona + parwal sabzi as a generous portion version with richer ingredients or a fuller portion. Add ghee, dairy, or nut garnish only if it suits the recipe.",20–30 mins light walking and recovery,Best used when extra calories are desired; not ideal for calorie deficit.
289,Uttar Pradesh,Weight Gain,Lunch,Rice + Rajma + Aloo Matar,720,24,110,18,15,Medium,Medium,Medium,,"Rice, Kidney beans, Potato, Green peas",Vegetarian,,Cook Rajma in a rich onion-tomato gravy.,60 mins compound lifting,Rajma provides heavy plant protein and carbs.
290,Uttar Pradesh,Weight Gain,Lunch,Rice + Rajma + Aloo Matar (Stuffed),968,26,123,22,14,Medium,Low,Low,,"Rice, Kidney beans, Potato, Green peas",Vegetarian,,"Prepare rice + rajma + aloo matar as a stuffed version with richer ingredients or a fuller portion. Add ghee, dairy, or nut garnish only if it suits the recipe.",20–30 mins light walking and recovery,Best used when extra calories are desired; not ideal for calorie deficit.
291,Uttar Pradesh,Weight Gain,Lunch,Rice + Soya Chunk Curry + Arhar Dal (With Ghee),1039,52,106,21,13,Low,Low,Low,Dairy,"Rice, Soya chunks, Pigeon peas",Vegetarian,,"Prepare rice + soya chunk curry + arhar dal as a with ghee version with richer ingredients or a fuller portion. Add ghee, dairy, or nut garnish only if it suits the recipe.",20–30 mins light walking and recovery,Best used when extra calories are desired; not ideal for calorie deficit. Contains dairy.
292,Uttar Pradesh,Weight Gain,Lunch,Rice + Urad Dal + Kundru Sabzi (Butter Topped),643,18,89,12,9,Medium,Medium,Medium,Dairy,"White rice, Black gram, Ivy gourd",Vegetarian,,"Prepare rice + urad dal + kundru sabzi as a butter topped version with richer ingredients or a fuller portion. Add ghee, dairy, or nut garnish only if it suits the recipe.",20–30 mins light walking and recovery,Best used when extra calories are desired; not ideal for calorie deficit. Contains dairy.
293,Uttar Pradesh,Weight Gain,Lunch,Roti + Arhar Dal + Baingan Bharta,650,22,95,18,14,Medium,Medium,Medium,Gluten,"Wheat flour, Pigeon peas, Eggplant, Mustard oil",Vegetarian,,Use generous mustard oil for roasting the eggplant mash.,60 mins weight lifting,Mustard oil provides healthy calorie density.
294,Uttar Pradesh,Weight Gain,Lunch,Roti + Arhar Dal + Baingan Bharta (Fried),881,24,107,22,13,Medium,Medium,Medium,"Gluten, Egg","Wheat flour, Pigeon peas, Eggplant, Mustard oil",Vegetarian,,"Prepare roti + arhar dal + baingan bharta as a fried version with richer ingredients or a fuller portion. Add ghee, dairy, or nut garnish only if it suits the recipe.",20–30 mins light walking and recovery,"Best used when extra calories are desired; not ideal for calorie deficit. Contains gluten, egg."
295,Uttar Pradesh,Weight Gain,Lunch,Roti + Chhole + Bhindi Aloo,740,24,105,22,16,Medium,High,Medium,Gluten,"Wheat flour, Chickpeas, Okra, Potato",Vegetarian,,Fry okra and potatoes before mixing with spices.,60 mins weight lifting,Chickpeas are highly caloric and protein dense.
296,Uttar Pradesh,Weight Gain,Lunch,Roti + Chhole + Bhindi Aloo (Full Portion),995,26,118,26,15,Low,Low,Low,Gluten,"Wheat flour, Chickpeas, Okra, Potato",Vegetarian,,"Prepare roti + chhole + bhindi aloo as a full portion version with richer ingredients or a fuller portion. Add ghee, dairy, or nut garnish only if it suits the recipe.",20–30 mins light walking and recovery,Best used when extra calories are desired; not ideal for calorie deficit. Contains gluten.
297,Uttar Pradesh,Weight Gain,Lunch,Fish Curry (Banarasi Style) (Paneer Enriched),347,22,11,14,1,High,High,High,Dairy,"Fish, mustard, tomato, spices",Non-Vegetarian,Fish,"Prepare fish curry (banarasi style) as a paneer enriched version with richer ingredients or a fuller portion. Add ghee, dairy, or nut garnish only if it suits the recipe.",20–30 mins light walking and recovery,Best used when extra calories are desired; not ideal for calorie deficit. Contains dairy.
298,Uttar Pradesh,Weight Gain,Lunch,Keema Matar (Jaggery Sweetened),426,25,16,21,1,High,High,High,,"Minced meat, peas, onion, spices",Non-Vegetarian,Mutton,"Prepare keema matar as a jaggery sweetened version with richer ingredients or a fuller portion. Add ghee, dairy, or nut garnish only if it suits the recipe.",20–30 mins light walking and recovery,Best used when extra calories are desired; not ideal for calorie deficit.
299,Uttar Pradesh,Weight Gain,Lunch,Lucknowi Biryani (Khoya Enriched),705,23,65,24,1,Medium,High,Medium,"Gluten, Dairy","Basmati rice, meat, saffron, whole spices",Non-Vegetarian,Mutton,"Prepare lucknowi biryani as a khoya enriched version with richer ingredients or a fuller portion. Add ghee, dairy, or nut garnish only if it suits the recipe.",20–30 mins light walking and recovery,"Best used when extra calories are desired; not ideal for calorie deficit. Contains gluten, dairy."
300,Uttar Pradesh,Weight Gain,Lunch,Rice + Anda Curry + Nenua Sabzi,700,28,85,25,7,High,Medium,High,Egg,"Rice, Eggs, Sponge gourd, Oil",Non-Vegetarian,egg,Deep fry hard-boiled eggs before putting in curry.,60 mins compound lifting,Eggs provide high biological value protein.
301,Uttar Pradesh,Weight Gain,Lunch,Rice + Anda Curry + Nenua Sabzi (Generous Portion),946,32,96,30,7,Medium,Medium,Medium,Egg,"Rice, Eggs, Sponge gourd, Oil",Non-Vegetarian,Mutton,"Prepare rice + anda curry + nenua sabzi as a generous portion version with richer ingredients or a fuller portion. Add ghee, dairy, or nut garnish only if it suits the recipe.",20–30 mins light walking and recovery,Best used when extra calories are desired; not ideal for calorie deficit. Contains egg.
302,Uttar Pradesh,Weight Gain,Lunch,Rice + Chicken Curry + Parwal Aloo,780,40,85,30,8,High,Medium,High,,"White rice, Chicken, Pointed gourd, Potato",Non-Vegetarian,chicken,Cook chicken with bone-in and skin for extra calories.,60 mins compound lifting,High protein and carb combo for anabolism.
303,Uttar Pradesh,Weight Gain,Lunch,Rice + Chicken Curry + Parwal Aloo (Sweetened),1051,46,95,36,8,Medium,Medium,Medium,,"White rice, Chicken, Pointed gourd, Potato",Non-Vegetarian,Chicken,"Prepare rice + chicken curry + parwal aloo as a sweetened version with richer ingredients or a fuller portion. Add ghee, dairy, or nut garnish only if it suits the recipe.",20–30 mins light walking and recovery,Best used when extra calories are desired; not ideal for calorie deficit.
304,Uttar Pradesh,Weight Gain,Lunch,Rice + Chicken Korma + Gobi Aloo (Full Portion),1136,60,98,36,9,High,Medium,High,,"Rice, Chicken, Cauliflower, Potato",Non-Vegetarian,Chicken,"Prepare rice + chicken korma + gobi aloo as a full portion version with richer ingredients or a fuller portion. Add ghee, dairy, or nut garnish only if it suits the recipe.",20–30 mins light walking and recovery,Best used when extra calories are desired; not ideal for calorie deficit.
305,Uttar Pradesh,Weight Gain,Lunch,Rice + Chicken Salan + Dal + Aloo Sabzi (Fried),1149,64,107,31,8,Medium,Medium,Medium,,"Rice, Chicken, Lentils, Potato",Non-Vegetarian,Chicken,"Prepare rice + chicken salan + dal + aloo sabzi as a fried version with richer ingredients or a fuller portion. Add ghee, dairy, or nut garnish only if it suits the recipe.",20–30 mins light walking and recovery,Best used when extra calories are desired; not ideal for calorie deficit.
306,Uttar Pradesh,Weight Gain,Lunch,Rice + Mutton Bhuna + Kathal Sabzi (With Ghee),1207,56,102,46,11,Low,Low,Low,Dairy,"Rice, Mutton, Jackfruit",Non-Vegetarian,Mutton,"Prepare rice + mutton bhuna + kathal sabzi as a with ghee version with richer ingredients or a fuller portion. Add ghee, dairy, or nut garnish only if it suits the recipe.",20–30 mins light walking and recovery,Best used when extra calories are desired; not ideal for calorie deficit. Contains dairy.
307,Uttar Pradesh,Weight Gain,Lunch,Roti + Anda Curry + Palak Sabzi (Butter Topped),1008,44,92,31,10,Medium,Medium,Medium,"Gluten, Dairy, Egg","Wheat flour, Eggs, Spinach",Non-Vegetarian,Mutton,"Prepare roti + anda curry + palak sabzi as a butter topped version with richer ingredients or a fuller portion. Add ghee, dairy, or nut garnish only if it suits the recipe.",20–30 mins light walking and recovery,"Best used when extra calories are desired; not ideal for calorie deficit. Contains gluten, dairy, egg."
308,Uttar Pradesh,Weight Gain,Lunch,Roti + Keema Matar + Dal (Milk-Enhanced),1112,58,85,39,11,Medium,Medium,Medium,"Gluten, Dairy","Wheat flour, Minced meat, Green peas, Lentils",Non-Vegetarian,Mutton,"Prepare roti + keema matar + dal as a milk-enhanced version with richer ingredients or a fuller portion. Add ghee, dairy, or nut garnish only if it suits the recipe.",20–30 mins light walking and recovery,"Best used when extra calories are desired; not ideal for calorie deficit. Contains gluten, dairy."
309,Uttar Pradesh,Weight Gain,Lunch,Roti + Mutton Curry + Matar Nimona (Rich Gravy),1176,58,89,45,11,Low,Low,Low,Gluten,"Wheat flour, Mutton, Green peas",Non-Vegetarian,Mutton,"Prepare roti + mutton curry + matar nimona as a rich gravy version with richer ingredients or a fuller portion. Add ghee, dairy, or nut garnish only if it suits the recipe.",20–30 mins light walking and recovery,Best used when extra calories are desired; not ideal for calorie deficit. Contains gluten.
310,Uttar Pradesh,Weight Gain,Lunch,Roti + Mutton Korma + Kathal Sabzi,850,45,70,42,10,Medium,High,High,Gluten,"Wheat flour, Mutton, Ghee, Jackfruit",Non-Vegetarian,mutton,Slow cook mutton with ghee and spices.,60 mins hypertrophy training,Rich in animal protein and fats for mass gain.
311,Uttar Pradesh,Weight Gain,Lunch,Roti + Mutton Korma + Kathal Sabzi (Stuffed),1149,52,79,51,10,Medium,High,Medium,"Gluten, Dairy","Wheat flour, Mutton, Ghee, Jackfruit",Non-Vegetarian,Mutton,"Prepare roti + mutton korma + kathal sabzi as a stuffed version with richer ingredients or a fuller portion. Add ghee, dairy, or nut garnish only if it suits the recipe.",20–30 mins light walking and recovery,"Best used when extra calories are desired; not ideal for calorie deficit. Contains gluten, dairy."
312,Uttar Pradesh,Weight Gain,Lunch,Seekh Kebab (Extra Portion),402,23,9,22,1,High,High,High,,"Minced meat, onion, herbs, spices",Non-Vegetarian,Mutton,"Prepare seekh kebab as a extra portion version with richer ingredients or a fuller portion. Add ghee, dairy, or nut garnish only if it suits the recipe.",20–30 mins light walking and recovery,Best used when extra calories are desired; not ideal for calorie deficit.
313,Uttar Pradesh,Weight Gain,Lunch,Tandoori Chicken (Nut Garnish),348,31,8,14,1,High,High,High,,"Chicken, yoghurt, spices, lemon",Non-Vegetarian,Chicken,"Prepare tandoori chicken as a nut garnish version with richer ingredients or a fuller portion. Add ghee, dairy, or nut garnish only if it suits the recipe.",20–30 mins light walking and recovery,Best used when extra calories are desired; not ideal for calorie deficit.
314,Uttar Pradesh,Weight Gain,Lunch,Tunday Kababi (Deep Fried),479,25,20,21,2,High,High,High,,"Minced mutton, green chilli, garam masala, onion",Non-Vegetarian,Mutton,"Prepare tunday kababi as a deep fried version with richer ingredients or a fuller portion. Add ghee, dairy, or nut garnish only if it suits the recipe.",20–30 mins light walking and recovery,Best used when extra calories are desired; not ideal for calorie deficit.
315,Uttar Pradesh,Weight Gain,Lunch,Yakhni Pulao (Creamy),647,22,63,19,1,High,Medium,High,,"Rice, yakhni broth, meat, whole spices",Non-Vegetarian,Mutton,"Prepare yakhni pulao as a creamy version with richer ingredients or a fuller portion. Add ghee, dairy, or nut garnish only if it suits the recipe.",20–30 mins light walking and recovery,Best used when extra calories are desired; not ideal for calorie deficit.
316,Uttar Pradesh,Weight Gain,Lunch,Brown Rice + Chana Dal + Parwal Sabzi (Paneer Enriched),458,15,65,5,11,High,High,High,,"Brown rice, Bengal gram, Pointed gourd",Vegan,,"Prepare brown rice + chana dal + parwal sabzi as a paneer enriched version with richer ingredients or a fuller portion. Add ghee, dairy, or nut garnish only if it suits the recipe.",20–30 mins light walking and recovery,Best used when extra calories are desired; not ideal for calorie deficit. Contains dairy.
317,Uttar Pradesh,Weight Gain,Lunch,Brown Rice + Matar Nimona + Bhindi Sabzi (Creamy),472,16,67,6,11,High,Medium,High,,"Brown rice, Green peas, Okra",Vegan,,"Prepare brown rice + matar nimona + bhindi sabzi as a creamy version with richer ingredients or a fuller portion. Add ghee, dairy, or nut garnish only if it suits the recipe.",20–30 mins light walking and recovery,Best used when extra calories are desired; not ideal for calorie deficit.
318,Uttar Pradesh,Weight Gain,Lunch,Brown Rice + Urad Dal + Kundru Sabzi (Khoya Enriched),487,15,68,6,11,Medium,Medium,Medium,,"Brown rice, Black gram, Ivy gourd",Vegan,,"Prepare brown rice + urad dal + kundru sabzi as a khoya enriched version with richer ingredients or a fuller portion. Add ghee, dairy, or nut garnish only if it suits the recipe.",20–30 mins light walking and recovery,Best used when extra calories are desired; not ideal for calorie deficit. Contains dairy.
319,Uttar Pradesh,Weight Gain,Lunch,Missi Roti + Chana Dal + Bhindi Sabzi (Extra Portion),466,17,58,8,13,High,High,High,Gluten,"Wheat flour, Gram flour, Bengal gram, Okra",Vegan,,"Prepare missi roti + chana dal + bhindi sabzi as a extra portion version with richer ingredients or a fuller portion. Add ghee, dairy, or nut garnish only if it suits the recipe.",20–30 mins light walking and recovery,Best used when extra calories are desired; not ideal for calorie deficit. Contains gluten.
320,Uttar Pradesh,Weight Gain,Lunch,Missi Roti + Chana Dal + Karela Sabzi (Nut Garnish),456,17,56,10,13,High,High,High,Gluten,"Wheat flour, Gram flour, Bengal gram, Bitter gourd",Vegan,,"Prepare missi roti + chana dal + karela sabzi as a nut garnish version with richer ingredients or a fuller portion. Add ghee, dairy, or nut garnish only if it suits the recipe.",20–30 mins light walking and recovery,Best used when extra calories are desired; not ideal for calorie deficit. Contains gluten.
321,Uttar Pradesh,Weight Gain,Lunch,Phulka + Arhar Dal + Bhindi Sabzi (Generous Portion),599,17,78,12,11,Medium,Medium,Medium,Gluten,"Wheat flour, Pigeon peas, Okra",Vegan,,"Prepare phulka + arhar dal + bhindi sabzi as a generous portion version with richer ingredients or a fuller portion. Add ghee, dairy, or nut garnish only if it suits the recipe.",20–30 mins light walking and recovery,Best used when extra calories are desired; not ideal for calorie deficit. Contains gluten.
322,Uttar Pradesh,Weight Gain,Lunch,Phulka + Arhar Dal + Kathal Sabzi (Jaggery Sweetened),468,16,61,7,12,High,High,High,Gluten,"Wheat flour, Pigeon peas, Jackfruit",Vegan,,"Prepare phulka + arhar dal + kathal sabzi as a jaggery sweetened version with richer ingredients or a fuller portion. Add ghee, dairy, or nut garnish only if it suits the recipe.",20–30 mins light walking and recovery,Best used when extra calories are desired; not ideal for calorie deficit. Contains gluten.
323,Uttar Pradesh,Weight Gain,Lunch,Phulka + Chana Dal + Turai Sabzi (Butter Topped),620,19,81,10,12,Medium,Medium,Medium,Gluten,"Wheat flour, Bengal gram, Ridge gourd",Vegan,,"Prepare phulka + chana dal + turai sabzi as a butter topped version with richer ingredients or a fuller portion. Add ghee, dairy, or nut garnish only if it suits the recipe.",20–30 mins light walking and recovery,"Best used when extra calories are desired; not ideal for calorie deficit. Contains gluten, dairy."
324,Uttar Pradesh,Weight Gain,Lunch,Phulka + Rajma + Kathal Sabzi (Stuffed),693,21,89,14,15,Medium,Low,Low,Gluten,"Wheat flour, Kidney beans, Jackfruit",Vegan,,"Prepare phulka + rajma + kathal sabzi as a stuffed version with richer ingredients or a fuller portion. Add ghee, dairy, or nut garnish only if it suits the recipe.",20–30 mins light walking and recovery,Best used when extra calories are desired; not ideal for calorie deficit. Contains gluten.
325,Uttar Pradesh,Weight Gain,Lunch,Phulka + Urad Dal + Kathal Sabzi (Deep Fried),473,16,65,6,11,High,High,High,Gluten,"Wheat flour, Black gram, Jackfruit",Vegan,,"Prepare phulka + urad dal + kathal sabzi as a deep fried version with richer ingredients or a fuller portion. Add ghee, dairy, or nut garnish only if it suits the recipe.",20–30 mins light walking and recovery,Best used when extra calories are desired; not ideal for calorie deficit. Contains gluten.
326,Uttar Pradesh,Weight Gain,Lunch,Rice + Masoor Dal + Aloo Gobi (Fried),670,17,95,12,9,Medium,Medium,Medium,,"White rice, Red lentils, Potato, Cauliflower",Vegan,,"Prepare rice + masoor dal + aloo gobi as a fried version with richer ingredients or a fuller portion. Add ghee, dairy, or nut garnish only if it suits the recipe.",20–30 mins light walking and recovery,Best used when extra calories are desired; not ideal for calorie deficit.
327,Uttar Pradesh,Weight Gain,Lunch,Rice + Matar Nimona + Parwal Sabzi (Sweetened),647,15,90,12,10,Medium,Medium,Medium,,"White rice, Green peas, Pointed gourd",Vegan,,"Prepare rice + matar nimona + parwal sabzi as a sweetened version with richer ingredients or a fuller portion. Add ghee, dairy, or nut garnish only if it suits the recipe.",20–30 mins light walking and recovery,Best used when extra calories are desired; not ideal for calorie deficit.
328,Uttar Pradesh,Weight Gain,Lunch,Rice + Rajma + Aloo Matar (Full Portion),962,26,123,21,14,Low,Low,Low,,"Rice, Kidney beans, Potato, Green peas",Vegan,,"Prepare rice + rajma + aloo matar as a full portion version with richer ingredients or a fuller portion. Add ghee, dairy, or nut garnish only if it suits the recipe.",20–30 mins light walking and recovery,Best used when extra calories are desired; not ideal for calorie deficit.
329,Uttar Pradesh,Weight Gain,Lunch,Rice + Soya Chunk Curry + Arhar Dal (With Ghee),1039,51,106,21,13,Low,Low,Low,,"Rice, Soya chunks, Pigeon peas",Vegan,,"Prepare rice + soya chunk curry + arhar dal as a with ghee version with richer ingredients or a fuller portion. Add ghee, dairy, or nut garnish only if it suits the recipe.",20–30 mins light walking and recovery,Best used when extra calories are desired; not ideal for calorie deficit. Contains dairy.
330,Uttar Pradesh,Weight Gain,Lunch,Rice + Urad Dal + Kundru Sabzi (Milk-Enhanced),649,17,90,12,9,Medium,Medium,Medium,,"White rice, Black gram, Ivy gourd",Vegan,,"Prepare rice + urad dal + kundru sabzi as a milk-enhanced version with richer ingredients or a fuller portion. Add ghee, dairy, or nut garnish only if it suits the recipe.",20–30 mins light walking and recovery,Best used when extra calories are desired; not ideal for calorie deficit. Contains dairy.
331,Uttar Pradesh,Weight Gain,Lunch,Roti + Chhole + Bhindi Aloo (Rich Gravy),989,26,117,26,15,Low,Low,Low,Gluten,"Wheat flour, Chickpeas, Okra, Potato",Vegan,,"Prepare roti + chhole + bhindi aloo as a rich gravy version with richer ingredients or a fuller portion. Add ghee, dairy, or nut garnish only if it suits the recipe.",20–30 mins light walking and recovery,Best used when extra calories are desired; not ideal for calorie deficit. Contains gluten.
332,Uttar Pradesh,Weight Gain,Snack,Besan Ladoo,350,8,42,16,2,High,Low,Medium,,"Gram flour, Sugar, Ghee",Vegetarian,,Roast besan in ghee and bind with sugar.,15 mins walk,Ghee and sugar provide immediate energy.
333,Uttar Pradesh,Weight Gain,Snack,Besan Ladoo (Sweetened),352,9,47,19,2,Medium,Medium,Medium,"Gluten, Dairy","Gram flour, Sugar, Ghee",Vegetarian,,"Prepare besan ladoo as a sweetened version with richer ingredients or a fuller portion. Add ghee, dairy, or nut garnish only if it suits the recipe.",20–30 mins light walking and recovery,"Best used when extra calories are desired; not ideal for calorie deficit. Contains gluten, dairy."
334,Uttar Pradesh,Weight Gain,Snack,Boiled Kala Chana + Peanuts (Milk-Enhanced),382,22,50,17,11,Medium,Medium,Medium,"Dairy, Nuts","Black gram, Peanuts, Onion",Vegetarian,,"Prepare boiled kala chana + peanuts as a milk-enhanced version with richer ingredients or a fuller portion. Add ghee, dairy, or nut garnish only if it suits the recipe.",20–30 mins light walking and recovery,"Best used when extra calories are desired; not ideal for calorie deficit. Contains dairy, nuts."
335,Uttar Pradesh,Weight Gain,Snack,Choora (Roasted Poha) + Peanuts,320,8,45,12,3,Medium,Medium,Low,Peanut,"Flattened rice, Peanuts, Oil",Vegetarian,,Fry the poha and peanuts lightly in oil.,20 mins stretching,Carb and fat rich snack.
336,Uttar Pradesh,Weight Gain,Snack,Choora (Roasted Poha) + Peanuts (Creamy),322,9,50,14,3,High,Medium,High,Nuts,"Flattened rice, Peanuts, Oil",Vegetarian,,"Prepare choora (roasted poha) + peanuts as a creamy version with richer ingredients or a fuller portion. Add ghee, dairy, or nut garnish only if it suits the recipe.",20–30 mins light walking and recovery,Best used when extra calories are desired; not ideal for calorie deficit. Contains nuts.
337,Uttar Pradesh,Weight Gain,Snack,Dehati Rasgulla (Paneer Enriched),262,7,40,8,0,High,High,High,Dairy,"Chhena, sugar syrup, cardamom",Vegetarian,,"Prepare dehati rasgulla as a paneer enriched version with richer ingredients or a fuller portion. Add ghee, dairy, or nut garnish only if it suits the recipe.",20–30 mins light walking and recovery,Best used when extra calories are desired; not ideal for calorie deficit. Contains dairy.
338,Uttar Pradesh,Weight Gain,Snack,Ghewar (Extra Portion),283,6,45,14,1,Medium,Medium,Medium,"Gluten, Dairy","Flour, ghee, sugar syrup, milk solids",Vegetarian,,"Prepare ghewar as a extra portion version with richer ingredients or a fuller portion. Add ghee, dairy, or nut garnish only if it suits the recipe.",20–30 mins light walking and recovery,"Best used when extra calories are desired; not ideal for calorie deficit. Contains gluten, dairy."
339,Uttar Pradesh,Weight Gain,Snack,Ghughni (Dried Yellow Peas) with Oil,300,14,40,8,8,Medium,Medium,Medium,,"Yellow peas, Mustard oil",Vegetarian,,Cook yellow peas with a generous tempering of mustard oil.,20 mins stretching,Protein and fat dense snack.
340,Uttar Pradesh,Weight Gain,Snack,Ghughni (Dried Yellow Peas) with Oil (Nut Garnish),301,15,45,10,8,High,High,High,,"Yellow peas, Mustard oil",Vegetarian,,"Prepare ghughni (dried yellow peas) with oil as a nut garnish version with richer ingredients or a fuller portion. Add ghee, dairy, or nut garnish only if it suits the recipe.",20–30 mins light walking and recovery,Best used when extra calories are desired; not ideal for calorie deficit.
341,Uttar Pradesh,Weight Gain,Snack,Mathura Peda,300,6,45,10,1,High,Low,High,Milk,"Khoya, Sugar, Cardamom",Vegetarian,,Consume 2 pedas for a dense calorie boost.,15 mins light walk,High sugar content; consume strictly for weight gain.
342,Uttar Pradesh,Weight Gain,Snack,Mathura Peda (Khoya Enriched),301,7,50,12,1,Medium,Medium,Medium,Dairy,"Khoya, Sugar, Cardamom",Vegetarian,,"Prepare mathura peda as a khoya enriched version with richer ingredients or a fuller portion. Add ghee, dairy, or nut garnish only if it suits the recipe.",20–30 mins light walking and recovery,Best used when extra calories are desired; not ideal for calorie deficit. Contains dairy.
343,Uttar Pradesh,Weight Gain,Snack,Milk Banana Shake + Sattu (With Ghee),455,22,73,12,5,Low,Low,Low,Dairy,"Milk, Banana, Sattu powder",Vegetarian,,"Prepare milk banana shake + sattu as a with ghee version with richer ingredients or a fuller portion. Add ghee, dairy, or nut garnish only if it suits the recipe.",20–30 mins light walking and recovery,Best used when extra calories are desired; not ideal for calorie deficit. Contains dairy.
344,Uttar Pradesh,Weight Gain,Snack,Paneer Bhurji (100g) + 2 Bread Slices (Stuffed),401,26,39,21,3,Medium,Low,Low,Dairy,"Paneer, Bread, Onion",Vegetarian,,"Prepare paneer bhurji (100g) + 2 bread slices as a stuffed version with richer ingredients or a fuller portion. Add ghee, dairy, or nut garnish only if it suits the recipe.",20–30 mins light walking and recovery,Best used when extra calories are desired; not ideal for calorie deficit. Contains dairy.
345,Uttar Pradesh,Weight Gain,Snack,Rabri (Deep Fried),305,10,38,17,0,Medium,Medium,Medium,"Dairy, Nuts","Reduced milk, sugar, saffron, nuts",Vegetarian,,"Prepare rabri as a deep fried version with richer ingredients or a fuller portion. Add ghee, dairy, or nut garnish only if it suits the recipe.",20–30 mins light walking and recovery,"Best used when extra calories are desired; not ideal for calorie deficit. Contains dairy, nuts."
346,Uttar Pradesh,Weight Gain,Snack,Roasted Chana + Milk (Jaggery Sweetened),322,20,45,10,6,High,High,High,Dairy,"Bengal gram, Milk",Vegetarian,,"Prepare roasted chana + milk as a jaggery sweetened version with richer ingredients or a fuller portion. Add ghee, dairy, or nut garnish only if it suits the recipe.",20–30 mins light walking and recovery,Best used when extra calories are desired; not ideal for calorie deficit. Contains dairy.
347,Uttar Pradesh,Weight Gain,Snack,Roasted Chana + Peanuts + Milk (Rich Gravy),425,24,51,22,7,Low,Low,Low,"Dairy, Nuts","Bengal gram, Peanuts, Milk",Vegetarian,,"Prepare roasted chana + peanuts + milk as a rich gravy version with richer ingredients or a fuller portion. Add ghee, dairy, or nut garnish only if it suits the recipe.",20–30 mins light walking and recovery,"Best used when extra calories are desired; not ideal for calorie deficit. Contains dairy, nuts."
348,Uttar Pradesh,Weight Gain,Snack,Roasted Peanuts + Jaggery,350,12,35,18,4,Medium,Low,Low,Peanut,"Peanuts, Jaggery",Vegetarian,,Mix roasted peanuts with melted jaggery.,20 mins stretching,Healthy fats and dense calories.
349,Uttar Pradesh,Weight Gain,Snack,Roasted Peanuts + Jaggery (Butter Topped),354,13,39,22,4,Medium,Medium,Medium,"Dairy, Nuts","Peanuts, Jaggery",Vegetarian,,"Prepare roasted peanuts + jaggery as a butter topped version with richer ingredients or a fuller portion. Add ghee, dairy, or nut garnish only if it suits the recipe.",20–30 mins light walking and recovery,"Best used when extra calories are desired; not ideal for calorie deficit. Contains dairy, nuts."
350,Uttar Pradesh,Weight Gain,Snack,Samosa with Chutney,400,6,48,20,4,High,High,Medium,Gluten,"Refined flour, Potato, Oil",Vegetarian,,Deep fry the stuffed samosas.,15 mins walk,Consume occasionally for immediate calorie surplus.
351,Uttar Pradesh,Weight Gain,Snack,Samosa with Chutney (Full Portion),402,7,54,24,4,Low,Low,Low,Gluten,"Refined flour, Potato, Oil",Vegetarian,,"Prepare samosa with chutney as a full portion version with richer ingredients or a fuller portion. Add ghee, dairy, or nut garnish only if it suits the recipe.",20–30 mins light walking and recovery,Best used when extra calories are desired; not ideal for calorie deficit. Contains gluten.
352,Uttar Pradesh,Weight Gain,Snack,Shahi Tukda (Generous Portion),325,8,43,17,1,High,Medium,High,"Dairy, Nuts","Bread, milk, sugar, ghee, nuts",Vegetarian,,"Prepare shahi tukda as a generous portion version with richer ingredients or a fuller portion. Add ghee, dairy, or nut garnish only if it suits the recipe.",20–30 mins light walking and recovery,"Best used when extra calories are desired; not ideal for calorie deficit. Contains dairy, nuts."
353,Uttar Pradesh,Weight Gain,Snack,Shakarpara,380,4,60,14,1,High,Low,Medium,Gluten,"Refined flour, Sugar, Ghee",Vegetarian,,Deep fry dough diamonds and coat in sugar syrup.,15 mins walk,Extremely calorie dense.
354,Uttar Pradesh,Weight Gain,Snack,Shakarpara (Fried),384,4,67,17,1,Medium,Medium,Medium,"Gluten, Dairy","Refined flour, Sugar, Ghee",Vegetarian,,"Prepare shakarpara as a fried version with richer ingredients or a fuller portion. Add ghee, dairy, or nut garnish only if it suits the recipe.",20–30 mins light walking and recovery,"Best used when extra calories are desired; not ideal for calorie deficit. Contains gluten, dairy."
355,Uttar Pradesh,Weight Gain,Snack,Rice + Chicken Curry + Parwal Aloo (Jaggery Sweetened),784,46,95,36,8,High,High,High,,"White rice, Chicken, Pointed gourd, Potato",Non-Vegetarian,Chicken,"Prepare rice + chicken curry + parwal aloo as a jaggery sweetened version with richer ingredients or a fuller portion. Add ghee, dairy, or nut garnish only if it suits the recipe.",20–30 mins light walking and recovery,Best used when extra calories are desired; not ideal for calorie deficit.
356,Uttar Pradesh,Weight Gain,Snack,Rice + Chicken Korma + Gobi Aloo (Full Portion),852,60,98,36,9,High,Medium,High,,"Rice, Chicken, Cauliflower, Potato",Non-Vegetarian,Chicken,"Prepare rice + chicken korma + gobi aloo as a full portion version with richer ingredients or a fuller portion. Add ghee, dairy, or nut garnish only if it suits the recipe.",20–30 mins light walking and recovery,Best used when extra calories are desired; not ideal for calorie deficit.
357,Uttar Pradesh,Weight Gain,Snack,Rice + Chicken Korma + Palak (Khoya Enriched),809,64,95,29,8,Medium,High,Medium,Dairy,"Rice, Chicken, Spinach",Non-Vegetarian,Chicken,"Prepare rice + chicken korma + palak as a khoya enriched version with richer ingredients or a fuller portion. Add ghee, dairy, or nut garnish only if it suits the recipe.",20–30 mins light walking and recovery,Best used when extra calories are desired; not ideal for calorie deficit. Contains dairy.
358,Uttar Pradesh,Weight Gain,Snack,Rice + Chicken Salan + Dal + Aloo Sabzi (Fried),862,64,107,31,8,Medium,Medium,Medium,,"Rice, Chicken, Lentils, Potato",Non-Vegetarian,Chicken,"Prepare rice + chicken salan + dal + aloo sabzi as a fried version with richer ingredients or a fuller portion. Add ghee, dairy, or nut garnish only if it suits the recipe.",20–30 mins light walking and recovery,Best used when extra calories are desired; not ideal for calorie deficit.
359,Uttar Pradesh,Weight Gain,Snack,Rice + Mutton Bhuna + Kathal Sabzi (With Ghee),905,56,102,46,11,Low,Low,Low,Dairy,"Rice, Mutton, Jackfruit",Non-Vegetarian,Mutton,"Prepare rice + mutton bhuna + kathal sabzi as a with ghee version with richer ingredients or a fuller portion. Add ghee, dairy, or nut garnish only if it suits the recipe.",20–30 mins light walking and recovery,Best used when extra calories are desired; not ideal for calorie deficit. Contains dairy.
360,Uttar Pradesh,Weight Gain,Snack,Rice + Mutton Salan + Lauki Sabzi (Milk-Enhanced),822,52,95,38,7,Medium,Medium,Medium,Dairy,"Rice, Mutton, Bottle gourd",Non-Vegetarian,Mutton,"Prepare rice + mutton salan + lauki sabzi as a milk-enhanced version with richer ingredients or a fuller portion. Add ghee, dairy, or nut garnish only if it suits the recipe.",20–30 mins light walking and recovery,Best used when extra calories are desired; not ideal for calorie deficit. Contains dairy.
361,Uttar Pradesh,Weight Gain,Snack,Rice + Mutton Salan + Sabzi (Sweetened),829,49,90,42,7,Medium,Medium,Medium,,"Rice, Mutton, Mixed vegetables",Non-Vegetarian,Mutton,"Prepare rice + mutton salan + sabzi as a sweetened version with richer ingredients or a fuller portion. Add ghee, dairy, or nut garnish only if it suits the recipe.",20–30 mins light walking and recovery,Best used when extra calories are desired; not ideal for calorie deficit.
362,Uttar Pradesh,Weight Gain,Snack,Roti + Anda Curry + Nenua Sabzi (Nut Garnish),746,42,90,34,9,High,High,High,"Gluten, Egg","Wheat flour, Eggs, Sponge gourd",Non-Vegetarian,Mutton,"Prepare roti + anda curry + nenua sabzi as a nut garnish version with richer ingredients or a fuller portion. Add ghee, dairy, or nut garnish only if it suits the recipe.",20–30 mins light walking and recovery,"Best used when extra calories are desired; not ideal for calorie deficit. Contains gluten, egg."
363,Uttar Pradesh,Weight Gain,Snack,Roti + Anda Curry + Palak Sabzi (Extra Portion),751,44,91,31,10,High,High,High,"Gluten, Egg","Wheat flour, Eggs, Spinach",Non-Vegetarian,Mutton,"Prepare roti + anda curry + palak sabzi as a extra portion version with richer ingredients or a fuller portion. Add ghee, dairy, or nut garnish only if it suits the recipe.",20–30 mins light walking and recovery,"Best used when extra calories are desired; not ideal for calorie deficit. Contains gluten, egg."
364,Uttar Pradesh,Weight Gain,Snack,Roti + Chicken Curry + Chana Dal (Creamy),806,67,95,26,10,High,Medium,High,Gluten,"Wheat flour, Chicken, Bengal gram",Non-Vegetarian,Chicken,"Prepare roti + chicken curry + chana dal as a creamy version with richer ingredients or a fuller portion. Add ghee, dairy, or nut garnish only if it suits the recipe.",20–30 mins light walking and recovery,Best used when extra calories are desired; not ideal for calorie deficit. Contains gluten.
365,Uttar Pradesh,Weight Gain,Snack,Roti + Chicken Masala + Kathal Sabzi (Butter Topped),822,52,84,42,9,Medium,Medium,Medium,"Gluten, Dairy","Wheat flour, Chicken, Jackfruit, Oil",Non-Vegetarian,Chicken,"Prepare roti + chicken masala + kathal sabzi as a butter topped version with richer ingredients or a fuller portion. Add ghee, dairy, or nut garnish only if it suits the recipe.",20–30 mins light walking and recovery,"Best used when extra calories are desired; not ideal for calorie deficit. Contains gluten, dairy."
366,Uttar Pradesh,Weight Gain,Snack,Roti + Egg Bhurji + Arhar Dal (Paneer Enriched),726,46,90,29,10,High,High,High,"Gluten, Dairy, Egg","Wheat flour, Eggs, Pigeon peas",Non-Vegetarian,Mutton,"Prepare roti + egg bhurji + arhar dal as a paneer enriched version with richer ingredients or a fuller portion. Add ghee, dairy, or nut garnish only if it suits the recipe.",20–30 mins light walking and recovery,"Best used when extra calories are desired; not ideal for calorie deficit. Contains gluten, dairy, egg."
367,Uttar Pradesh,Weight Gain,Snack,Roti + Keema Matar + Dal (Generous Portion),832,58,84,39,11,Medium,Medium,Medium,Gluten,"Wheat flour, Minced meat, Green peas, Lentils",Non-Vegetarian,Mutton,"Prepare roti + keema matar + dal as a generous portion version with richer ingredients or a fuller portion. Add ghee, dairy, or nut garnish only if it suits the recipe.",20–30 mins light walking and recovery,Best used when extra calories are desired; not ideal for calorie deficit. Contains gluten.
368,Uttar Pradesh,Weight Gain,Snack,Roti + Mutton Curry + Matar Nimona (Rich Gravy),882,58,89,45,11,Low,Low,Low,Gluten,"Wheat flour, Mutton, Green peas",Non-Vegetarian,Mutton,"Prepare roti + mutton curry + matar nimona as a rich gravy version with richer ingredients or a fuller portion. Add ghee, dairy, or nut garnish only if it suits the recipe.",20–30 mins light walking and recovery,Best used when extra calories are desired; not ideal for calorie deficit. Contains gluten.
369,Uttar Pradesh,Weight Gain,Snack,Roti + Mutton Keema + Bhindi (Deep Fried),782,55,78,43,9,High,High,High,Gluten,"Wheat flour, Minced mutton, Okra",Non-Vegetarian,Mutton,"Prepare roti + mutton keema + bhindi as a deep fried version with richer ingredients or a fuller portion. Add ghee, dairy, or nut garnish only if it suits the recipe.",20–30 mins light walking and recovery,Best used when extra calories are desired; not ideal for calorie deficit. Contains gluten.
370,Uttar Pradesh,Weight Gain,Snack,Roti + Mutton Korma + Kathal Sabzi (Stuffed),862,52,79,51,10,Medium,High,Medium,"Gluten, Dairy","Wheat flour, Mutton, Ghee, Jackfruit",Non-Vegetarian,Mutton,"Prepare roti + mutton korma + kathal sabzi as a stuffed version with richer ingredients or a fuller portion. Add ghee, dairy, or nut garnish only if it suits the recipe.",20–30 mins light walking and recovery,"Best used when extra calories are desired; not ideal for calorie deficit. Contains gluten, dairy."
371,Uttar Pradesh,Weight Gain,Snack,Bhuna Chana (Deep Fried),132,7,23,2,6,High,High,High,,Roasted Bengal gram,Vegan,,"Prepare bhuna chana as a deep fried version with richer ingredients or a fuller portion. Add ghee, dairy, or nut garnish only if it suits the recipe.",20–30 mins light walking and recovery,Best used when extra calories are desired; not ideal for calorie deficit.
372,Uttar Pradesh,Weight Gain,Snack,Boiled Kala Chana (Creamy),141,9,25,2,7,High,Medium,High,,"Black gram, Onion, Lemon",Vegan,,"Prepare boiled kala chana as a creamy version with richer ingredients or a fuller portion. Add ghee, dairy, or nut garnish only if it suits the recipe.",20–30 mins light walking and recovery,Best used when extra calories are desired; not ideal for calorie deficit.
373,Uttar Pradesh,Weight Gain,Snack,Boiled Kala Chana + Peanuts (Rich Gravy),381,21,50,17,11,Low,Low,Low,Nuts,"Black gram, Peanuts, Onion",Vegan,,"Prepare boiled kala chana + peanuts as a rich gravy version with richer ingredients or a fuller portion. Add ghee, dairy, or nut garnish only if it suits the recipe.",20–30 mins light walking and recovery,Best used when extra calories are desired; not ideal for calorie deficit. Contains nuts.
374,Uttar Pradesh,Weight Gain,Snack,Choora (Roasted Poha) + Peanuts (Stuffed),322,9,50,14,3,Medium,Low,Low,Nuts,"Flattened rice, Peanuts, Oil",Vegan,,"Prepare choora (roasted poha) + peanuts as a stuffed version with richer ingredients or a fuller portion. Add ghee, dairy, or nut garnish only if it suits the recipe.",20–30 mins light walking and recovery,Best used when extra calories are desired; not ideal for calorie deficit. Contains nuts.
375,Uttar Pradesh,Weight Gain,Snack,Dehati Rasgulla (Milk-Enhanced),263,6,40,8,0,Medium,Medium,Medium,,"Chhena, sugar syrup, cardamom",Vegan,,"Prepare dehati rasgulla as a milk-enhanced version with richer ingredients or a fuller portion. Add ghee, dairy, or nut garnish only if it suits the recipe.",20–30 mins light walking and recovery,Best used when extra calories are desired; not ideal for calorie deficit. Contains dairy.
376,Uttar Pradesh,Weight Gain,Snack,Ghughni (Dried Yellow Peas) with Oil (Fried),301,15,45,10,8,Medium,Medium,Medium,,"Yellow peas, Mustard oil",Vegan,,"Prepare ghughni (dried yellow peas) with oil as a fried version with richer ingredients or a fuller portion. Add ghee, dairy, or nut garnish only if it suits the recipe.",20–30 mins light walking and recovery,Best used when extra calories are desired; not ideal for calorie deficit.
377,Uttar Pradesh,Weight Gain,Snack,Guava with Black Pepper (Paneer Enriched),81,1,20,0,5,High,High,High,,"Guava, Black pepper",Vegan,,"Prepare guava with black pepper as a paneer enriched version with richer ingredients or a fuller portion. Add ghee, dairy, or nut garnish only if it suits the recipe.",20–30 mins light walking and recovery,Best used when extra calories are desired; not ideal for calorie deficit. Contains dairy.
378,Uttar Pradesh,Weight Gain,Snack,Roasted Chana (Jaggery Sweetened),121,6,22,2,6,High,High,High,,Bengal gram,Vegan,,"Prepare roasted chana as a jaggery sweetened version with richer ingredients or a fuller portion. Add ghee, dairy, or nut garnish only if it suits the recipe.",20–30 mins light walking and recovery,Best used when extra calories are desired; not ideal for calorie deficit.
379,Uttar Pradesh,Weight Gain,Snack,Roasted Chana + Peanuts (Sweetened),160,8,20,7,5,Medium,Medium,Medium,Nuts,"Bengal gram, Peanuts",Vegan,,"Prepare roasted chana + peanuts as a sweetened version with richer ingredients or a fuller portion. Add ghee, dairy, or nut garnish only if it suits the recipe.",20–30 mins light walking and recovery,Best used when extra calories are desired; not ideal for calorie deficit. Contains nuts.
380,Uttar Pradesh,Weight Gain,Snack,Roasted Makhana (Extra Portion),112,3,17,5,3,High,High,High,Nuts,Fox nuts,Vegan,,"Prepare roasted makhana as a extra portion version with richer ingredients or a fuller portion. Add ghee, dairy, or nut garnish only if it suits the recipe.",20–30 mins light walking and recovery,Best used when extra calories are desired; not ideal for calorie deficit. Contains nuts.
381,Uttar Pradesh,Weight Gain,Snack,Roasted Peanuts (Butter Topped),160,7,6,17,2,Medium,Medium,Medium,Nuts,Peanuts,Vegan,,"Prepare roasted peanuts as a butter topped version with richer ingredients or a fuller portion. Add ghee, dairy, or nut garnish only if it suits the recipe.",20–30 mins light walking and recovery,"Best used when extra calories are desired; not ideal for calorie deficit. Contains dairy, nuts."
382,Uttar Pradesh,Weight Gain,Snack,Roasted Peanuts + Jaggery (Full Portion),351,13,39,21,4,Low,Low,Low,Nuts,"Peanuts, Jaggery",Vegan,,"Prepare roasted peanuts + jaggery as a full portion version with richer ingredients or a fuller portion. Add ghee, dairy, or nut garnish only if it suits the recipe.",20–30 mins light walking and recovery,Best used when extra calories are desired; not ideal for calorie deficit. Contains nuts.
383,Uttar Pradesh,Weight Gain,Snack,Samosa with Chutney (With Ghee),406,6,54,24,4,Low,Low,Low,Gluten,"Refined flour, Potato, Oil",Vegan,,"Prepare samosa with chutney as a with ghee version with richer ingredients or a fuller portion. Add ghee, dairy, or nut garnish only if it suits the recipe.",20–30 mins light walking and recovery,"Best used when extra calories are desired; not ideal for calorie deficit. Contains gluten, dairy."
384,Uttar Pradesh,Weight Gain,Snack,Sattu Sherbet (Generous Portion),150,9,28,1,4,Medium,Medium,Medium,Gluten,"Roasted gram flour, Cumin, Lemon",Vegan,,"Prepare sattu sherbet as a generous portion version with richer ingredients or a fuller portion. Add ghee, dairy, or nut garnish only if it suits the recipe.",20–30 mins light walking and recovery,Best used when extra calories are desired; not ideal for calorie deficit. Contains gluten.
385,Uttar Pradesh,Weight Gain,Snack,Unsalted Makhana (Nut Garnish),100,3,17,4,3,High,High,High,Nuts,Fox nuts,Vegan,,"Prepare unsalted makhana as a nut garnish version with richer ingredients or a fuller portion. Add ghee, dairy, or nut garnish only if it suits the recipe.",20–30 mins light walking and recovery,Best used when extra calories are desired; not ideal for calorie deficit. Contains nuts.
386,Uttar Pradesh,Weight Gain,Snack,Unsalted Peanuts (Khoya Enriched),153,6,6,16,2,Medium,Medium,Medium,Nuts,Peanuts,Vegan,,"Prepare unsalted peanuts as a khoya enriched version with richer ingredients or a fuller portion. Add ghee, dairy, or nut garnish only if it suits the recipe.",20–30 mins light walking and recovery,"Best used when extra calories are desired; not ideal for calorie deficit. Contains dairy, nuts."
387,Uttar Pradesh,Weight Gain,Dinner,Baati Chokha + Urad Dal,700,20,95,26,14,Medium,Medium,Medium,Gluten,"Wheat flour, Sattu, Eggplant, Ghee, Black gram",Vegetarian,,Dip the baked Baati generously in ghee.,45 mins heavy lifting,Traditional high-calorie rustic meal.
388,Uttar Pradesh,Weight Gain,Dinner,Brown Rice + Moong Dal (Extra Portion),354,12,59,4,7,High,High,High,,"Brown rice, Green gram",Vegetarian,,"Prepare brown rice + moong dal as a extra portion version with richer ingredients or a fuller portion. Add ghee, dairy, or nut garnish only if it suits the recipe.",20–30 mins light walking and recovery,Best used when extra calories are desired; not ideal for calorie deficit.
389,Uttar Pradesh,Weight Gain,Dinner,Brown Rice + Palak Saag (Paneer Enriched),340,11,56,5,8,High,High,High,Dairy,"Brown rice, Spinach, Garlic",Vegetarian,,"Prepare brown rice + palak saag as a paneer enriched version with richer ingredients or a fuller portion. Add ghee, dairy, or nut garnish only if it suits the recipe.",20–30 mins light walking and recovery,Best used when extra calories are desired; not ideal for calorie deficit. Contains dairy.
390,Uttar Pradesh,Weight Gain,Dinner,Dalia Khichdi + Parwal Sabzi (Nut Garnish),348,11,53,5,9,High,High,High,Gluten,"Broken wheat, Moong dal, Pointed gourd",Vegetarian,,"Prepare dalia khichdi + parwal sabzi as a nut garnish version with richer ingredients or a fuller portion. Add ghee, dairy, or nut garnish only if it suits the recipe.",20–30 mins light walking and recovery,Best used when extra calories are desired; not ideal for calorie deficit. Contains gluten.
391,Uttar Pradesh,Weight Gain,Dinner,Jau Roti + Moong Dal + Lauki Sabzi (Jaggery Sweetened),362,15,54,5,11,High,High,High,Gluten,"Barley flour, Green gram, Bottle gourd",Vegetarian,,"Prepare jau roti + moong dal + lauki sabzi as a jaggery sweetened version with richer ingredients or a fuller portion. Add ghee, dairy, or nut garnish only if it suits the recipe.",20–30 mins light walking and recovery,Best used when extra calories are desired; not ideal for calorie deficit. Contains gluten.
392,Uttar Pradesh,Weight Gain,Dinner,Puri + Aloo Sabzi + Boondi Raita,680,12,85,32,6,High,High,High,Gluten/Milk,"Wheat flour, Potato, Oil, Gram flour, Curd",Vegetarian,,Fry puris and serve with spiced potato and fried boondi in curd.,45 mins weight lifting,Fried boondi and puris multiply the fat content.
393,Uttar Pradesh,Weight Gain,Dinner,Puri + Aloo Sabzi + Boondi Raita (Stuffed),823,13,95,38,6,Medium,High,Medium,"Gluten, Dairy","Wheat flour, Potato, Oil, Gram flour, Curd",Vegetarian,,"Prepare puri + aloo sabzi + boondi raita as a stuffed version with richer ingredients or a fuller portion. Add ghee, dairy, or nut garnish only if it suits the recipe.",20–30 mins light walking and recovery,"Best used when extra calories are desired; not ideal for calorie deficit. Contains gluten, dairy."
394,Uttar Pradesh,Weight Gain,Dinner,Rice + Lauki Sabzi + Masoor Dal (Butter Topped),520,15,84,7,9,Medium,Medium,Medium,Dairy,"White rice, Bottle gourd, Red lentils",Vegetarian,,"Prepare rice + lauki sabzi + masoor dal as a butter topped version with richer ingredients or a fuller portion. Add ghee, dairy, or nut garnish only if it suits the recipe.",20–30 mins light walking and recovery,Best used when extra calories are desired; not ideal for calorie deficit. Contains dairy.
395,Uttar Pradesh,Weight Gain,Dinner,Rice + Soya Bean Sabzi + Dal (Full Portion),898,46,101,19,14,Low,Low,Low,,"Rice, Soya chunks, Lentils",Vegetarian,,"Prepare rice + soya bean sabzi + dal as a full portion version with richer ingredients or a fuller portion. Add ghee, dairy, or nut garnish only if it suits the recipe.",20–30 mins light walking and recovery,Best used when extra calories are desired; not ideal for calorie deficit.
396,Uttar Pradesh,Weight Gain,Dinner,Roti + Arhar Dal + Nenua Sabzi (Khoya Enriched),513,17,77,10,11,Medium,Medium,Medium,"Gluten, Dairy","Wheat flour, Pigeon peas, Sponge gourd",Vegetarian,,"Prepare roti + arhar dal + nenua sabzi as a khoya enriched version with richer ingredients or a fuller portion. Add ghee, dairy, or nut garnish only if it suits the recipe.",20–30 mins light walking and recovery,"Best used when extra calories are desired; not ideal for calorie deficit. Contains gluten, dairy."
397,Uttar Pradesh,Weight Gain,Dinner,Roti + Chana Dal + Parwal Sabzi (Sweetened),529,18,78,10,10,Medium,Medium,Medium,Gluten,"Wheat flour, Bengal gram, Pointed gourd",Vegetarian,,"Prepare roti + chana dal + parwal sabzi as a sweetened version with richer ingredients or a fuller portion. Add ghee, dairy, or nut garnish only if it suits the recipe.",20–30 mins light walking and recovery,Best used when extra calories are desired; not ideal for calorie deficit. Contains gluten.
398,Uttar Pradesh,Weight Gain,Dinner,Roti + Malai Kofta + Dal,780,22,85,38,8,High,Medium,High,Gluten/Milk,"Wheat flour, Paneer, Potato, Cream",Vegetarian,,Deep fry koftas and simmer in a heavy cream gravy.,45 mins heavy lifting,Cream-based gravy ensures high caloric intake.
399,Uttar Pradesh,Weight Gain,Dinner,Roti + Malai Kofta + Dal (Rich Gravy),949,24,96,46,8,Low,Low,Low,"Gluten, Dairy","Wheat flour, Paneer, Potato, Cream",Vegetarian,,"Prepare roti + malai kofta + dal as a rich gravy version with richer ingredients or a fuller portion. Add ghee, dairy, or nut garnish only if it suits the recipe.",20–30 mins light walking and recovery,"Best used when extra calories are desired; not ideal for calorie deficit. Contains gluten, dairy."
400,Uttar Pradesh,Weight Gain,Dinner,Roti + Moong Dal + Bhindi (Generous Portion),525,18,74,12,11,Medium,Medium,Medium,Gluten,"Wheat flour, Green gram, Okra",Vegetarian,,"Prepare roti + moong dal + bhindi as a generous portion version with richer ingredients or a fuller portion. Add ghee, dairy, or nut garnish only if it suits the recipe.",20–30 mins light walking and recovery,Best used when extra calories are desired; not ideal for calorie deficit. Contains gluten.
401,Uttar Pradesh,Weight Gain,Dinner,Roti + Palak Paneer + Salad (Milk-Enhanced),579,20,67,19,9,Medium,Medium,Medium,"Gluten, Dairy","Wheat flour, Spinach, Paneer",Vegetarian,,"Prepare roti + palak paneer + salad as a milk-enhanced version with richer ingredients or a fuller portion. Add ghee, dairy, or nut garnish only if it suits the recipe.",20–30 mins light walking and recovery,"Best used when extra calories are desired; not ideal for calorie deficit. Contains gluten, dairy."
402,Uttar Pradesh,Weight Gain,Dinner,Roti + Paneer Butter Masala + Jeera Rice,800,25,85,38,6,High,Medium,High,Gluten/Milk,"Wheat flour, Paneer, Butter, Rice",Vegetarian,,Cook paneer in a rich cashew and butter gravy.,45 mins weight lifting,Very high calorie meal for rapid weight gain.
403,Uttar Pradesh,Weight Gain,Dinner,Roti + Paneer Butter Masala + Jeera Rice (With Ghee),973,28,96,46,6,Low,Low,Low,"Gluten, Dairy","Wheat flour, Paneer, Butter, Rice",Vegetarian,,"Prepare roti + paneer butter masala + jeera rice as a with ghee version with richer ingredients or a fuller portion. Add ghee, dairy, or nut garnish only if it suits the recipe.",20–30 mins light walking and recovery,"Best used when extra calories are desired; not ideal for calorie deficit. Contains gluten, dairy."
404,Uttar Pradesh,Weight Gain,Dinner,Tahri (Veg Pulao) + Cucumber Raita (Deep Fried),360,11,56,6,7,High,High,High,Dairy,"Rice, Mixed vegetables, Curd, Cucumber",Vegetarian,,"Prepare tahri (veg pulao) + cucumber raita as a deep fried version with richer ingredients or a fuller portion. Add ghee, dairy, or nut garnish only if it suits the recipe.",20–30 mins light walking and recovery,Best used when extra calories are desired; not ideal for calorie deficit. Contains dairy.
405,Uttar Pradesh,Weight Gain,Dinner,Tehri + Cucumber Raita (Creamy),479,13,72,10,7,High,Medium,High,"Dairy, Egg","Rice, Mixed veggies, Curd, Cucumber",Vegetarian,,"Prepare tehri + cucumber raita as a creamy version with richer ingredients or a fuller portion. Add ghee, dairy, or nut garnish only if it suits the recipe.",20–30 mins light walking and recovery,"Best used when extra calories are desired; not ideal for calorie deficit. Contains dairy, egg."
406,Uttar Pradesh,Weight Gain,Dinner,Tehri + Ghee + Curd,650,15,95,22,8,High,Medium,Medium,Milk,"Rice, Potato, Cauliflower, Ghee, Curd",Vegetarian,,Top the tehri generously with desi ghee.,45 mins weight lifting,Ghee improves digestion and adds clean calories.
407,Uttar Pradesh,Weight Gain,Dinner,Tehri + Ghee + Curd (Fried),793,17,107,27,8,Medium,Medium,Medium,Dairy,"Rice, Potato, Cauliflower, Ghee, Curd",Vegetarian,,"Prepare tehri + ghee + curd as a fried version with richer ingredients or a fuller portion. Add ghee, dairy, or nut garnish only if it suits the recipe.",20–30 mins light walking and recovery,Best used when extra calories are desired; not ideal for calorie deficit. Contains dairy.
408,Uttar Pradesh,Weight Gain,Dinner,Chicken Yakhni (Deep Fried),337,28,9,17,1,High,High,High,,"Chicken, bone broth, ginger, cloves",Non-Vegetarian,Chicken,"Prepare chicken yakhni as a deep fried version with richer ingredients or a fuller portion. Add ghee, dairy, or nut garnish only if it suits the recipe.",20–30 mins light walking and recovery,Best used when extra calories are desired; not ideal for calorie deficit.
409,Uttar Pradesh,Weight Gain,Dinner,Galouti Kebab (Creamy),414,24,11,27,1,High,Medium,High,,"Minced mutton, papaya paste, aromatic spices",Non-Vegetarian,Mutton,"Prepare galouti kebab as a creamy version with richer ingredients or a fuller portion. Add ghee, dairy, or nut garnish only if it suits the recipe.",20–30 mins light walking and recovery,Best used when extra calories are desired; not ideal for calorie deficit.
410,Uttar Pradesh,Weight Gain,Dinner,Kakori Kebab (Khoya Enriched),434,23,9,29,1,Medium,Medium,Medium,"Dairy, Nuts","Minced mutton, cashew, cream, spices",Non-Vegetarian,Mutton,"Prepare kakori kebab as a khoya enriched version with richer ingredients or a fuller portion. Add ghee, dairy, or nut garnish only if it suits the recipe.",20–30 mins light walking and recovery,"Best used when extra calories are desired; not ideal for calorie deficit. Contains dairy, nuts."
411,Uttar Pradesh,Weight Gain,Dinner,Mutton Yakhni (Generous Portion),457,26,11,26,1,Medium,Medium,Medium,,"Mutton, bone broth, ginger, whole spices",Non-Vegetarian,Mutton,"Prepare mutton yakhni as a generous portion version with richer ingredients or a fuller portion. Add ghee, dairy, or nut garnish only if it suits the recipe.",20–30 mins light walking and recovery,Best used when extra calories are desired; not ideal for calorie deficit.
412,Uttar Pradesh,Weight Gain,Dinner,Rice + Chicken Korma + Palak (Stuffed),976,64,96,29,8,Medium,High,Medium,,"Rice, Chicken, Spinach",Non-Vegetarian,Chicken,"Prepare rice + chicken korma + palak as a stuffed version with richer ingredients or a fuller portion. Add ghee, dairy, or nut garnish only if it suits the recipe.",20–30 mins light walking and recovery,Best used when extra calories are desired; not ideal for calorie deficit.
413,Uttar Pradesh,Weight Gain,Dinner,Rice + Mutton Bhuna + Kathal Sabzi (Nut Garnish),1086,56,102,46,11,High,High,High,,"Rice, Mutton, Jackfruit",Non-Vegetarian,Mutton,"Prepare rice + mutton bhuna + kathal sabzi as a nut garnish version with richer ingredients or a fuller portion. Add ghee, dairy, or nut garnish only if it suits the recipe.",20–30 mins light walking and recovery,Best used when extra calories are desired; not ideal for calorie deficit.
414,Uttar Pradesh,Weight Gain,Dinner,Rice + Mutton Salan + Lauki Sabzi (With Ghee),998,52,96,39,7,Low,Low,Low,Dairy,"Rice, Mutton, Bottle gourd",Non-Vegetarian,Mutton,"Prepare rice + mutton salan + lauki sabzi as a with ghee version with richer ingredients or a fuller portion. Add ghee, dairy, or nut garnish only if it suits the recipe.",20–30 mins light walking and recovery,Best used when extra calories are desired; not ideal for calorie deficit. Contains dairy.
415,Uttar Pradesh,Weight Gain,Dinner,Rice + Mutton Salan + Sabzi,820,42,80,35,7,High,Medium,High,,"Rice, Mutton, Mixed vegetables",Non-Vegetarian,mutton,Use fatty cuts of mutton in the salan.,45 mins heavy lifting,Mutton provides iron and heavy calories.
416,Uttar Pradesh,Weight Gain,Dinner,Rice + Mutton Salan + Sabzi (Rich Gravy),986,48,89,42,7,Low,Low,Low,,"Rice, Mutton, Mixed vegetables",Non-Vegetarian,Mutton,"Prepare rice + mutton salan + sabzi as a rich gravy version with richer ingredients or a fuller portion. Add ghee, dairy, or nut garnish only if it suits the recipe.",20–30 mins light walking and recovery,Best used when extra calories are desired; not ideal for calorie deficit.
417,Uttar Pradesh,Weight Gain,Dinner,Rohu Fish Curry (Jaggery Sweetened),303,21,11,13,1,High,High,High,,"Rohu fish, tomato, mustard, spices",Non-Vegetarian,Fish,"Prepare rohu fish curry as a jaggery sweetened version with richer ingredients or a fuller portion. Add ghee, dairy, or nut garnish only if it suits the recipe.",20–30 mins light walking and recovery,Best used when extra calories are desired; not ideal for calorie deficit.
418,Uttar Pradesh,Weight Gain,Dinner,Roti + Anda Curry + Nenua Sabzi (Sweetened),890,41,89,33,9,Medium,Medium,Medium,"Gluten, Egg","Wheat flour, Eggs, Sponge gourd",Non-Vegetarian,Mutton,"Prepare roti + anda curry + nenua sabzi as a sweetened version with richer ingredients or a fuller portion. Add ghee, dairy, or nut garnish only if it suits the recipe.",20–30 mins light walking and recovery,"Best used when extra calories are desired; not ideal for calorie deficit. Contains gluten, egg."
419,Uttar Pradesh,Weight Gain,Dinner,Roti + Chicken Curry + Chana Dal (Fried),973,67,96,27,10,Medium,Medium,Medium,Gluten,"Wheat flour, Chicken, Bengal gram",Non-Vegetarian,Chicken,"Prepare roti + chicken curry + chana dal as a fried version with richer ingredients or a fuller portion. Add ghee, dairy, or nut garnish only if it suits the recipe.",20–30 mins light walking and recovery,Best used when extra calories are desired; not ideal for calorie deficit. Contains gluten.
420,Uttar Pradesh,Weight Gain,Dinner,Roti + Chicken Masala + Kathal Sabzi,820,45,75,35,9,Medium,High,High,Gluten,"Wheat flour, Chicken, Jackfruit, Oil",Non-Vegetarian,chicken,Cook chicken with rich spices; deep fry jackfruit chunks.,45 mins heavy lifting,Jackfruit and chicken provide massive energy.
421,Uttar Pradesh,Weight Gain,Dinner,Roti + Chicken Masala + Kathal Sabzi (Full Portion),998,52,84,42,9,Low,Low,Low,Gluten,"Wheat flour, Chicken, Jackfruit, Oil",Non-Vegetarian,Chicken,"Prepare roti + chicken masala + kathal sabzi as a full portion version with richer ingredients or a fuller portion. Add ghee, dairy, or nut garnish only if it suits the recipe.",20–30 mins light walking and recovery,Best used when extra calories are desired; not ideal for calorie deficit. Contains gluten.
422,Uttar Pradesh,Weight Gain,Dinner,Roti + Egg Bhurji + Arhar Dal (Butter Topped),866,46,89,29,9,Medium,Medium,Medium,"Gluten, Dairy, Egg","Wheat flour, Eggs, Pigeon peas",Non-Vegetarian,Mutton,"Prepare roti + egg bhurji + arhar dal as a butter topped version with richer ingredients or a fuller portion. Add ghee, dairy, or nut garnish only if it suits the recipe.",20–30 mins light walking and recovery,"Best used when extra calories are desired; not ideal for calorie deficit. Contains gluten, dairy, egg."
423,Uttar Pradesh,Weight Gain,Dinner,Roti + Mutton Curry + Matar Nimona (Paneer Enriched),1058,58,89,45,11,High,High,High,"Gluten, Dairy","Wheat flour, Mutton, Green peas",Non-Vegetarian,Mutton,"Prepare roti + mutton curry + matar nimona as a paneer enriched version with richer ingredients or a fuller portion. Add ghee, dairy, or nut garnish only if it suits the recipe.",20–30 mins light walking and recovery,"Best used when extra calories are desired; not ideal for calorie deficit. Contains gluten, dairy."
424,Uttar Pradesh,Weight Gain,Dinner,Roti + Mutton Keema + Bhindi (Milk-Enhanced),943,55,78,43,10,Medium,Medium,Medium,"Gluten, Dairy","Wheat flour, Minced mutton, Okra",Non-Vegetarian,Mutton,"Prepare roti + mutton keema + bhindi as a milk-enhanced version with richer ingredients or a fuller portion. Add ghee, dairy, or nut garnish only if it suits the recipe.",20–30 mins light walking and recovery,"Best used when extra calories are desired; not ideal for calorie deficit. Contains gluten, dairy."
425,Uttar Pradesh,Weight Gain,Dinner,Tandoori Fish (Extra Portion),291,23,7,12,1,High,High,High,,"Fish, yoghurt, spices, lemon",Non-Vegetarian,Fish,"Prepare tandoori fish as a extra portion version with richer ingredients or a fuller portion. Add ghee, dairy, or nut garnish only if it suits the recipe.",20–30 mins light walking and recovery,Best used when extra calories are desired; not ideal for calorie deficit.
426,Uttar Pradesh,Weight Gain,Dinner,Brown Rice + Moong Dal (Sweetened),354,12,59,4,7,Medium,Medium,Medium,,"Brown rice, Green gram",Vegan,,"Prepare brown rice + moong dal as a sweetened version with richer ingredients or a fuller portion. Add ghee, dairy, or nut garnish only if it suits the recipe.",20–30 mins light walking and recovery,Best used when extra calories are desired; not ideal for calorie deficit.
427,Uttar Pradesh,Weight Gain,Dinner,Brown Rice + Palak Saag (Generous Portion),340,11,56,5,8,Medium,Medium,Medium,,"Brown rice, Spinach, Garlic",Vegan,,"Prepare brown rice + palak saag as a generous portion version with richer ingredients or a fuller portion. Add ghee, dairy, or nut garnish only if it suits the recipe.",20–30 mins light walking and recovery,Best used when extra calories are desired; not ideal for calorie deficit.
428,Uttar Pradesh,Weight Gain,Dinner,Dalia Khichdi + Bathua Saag (Deep Fried),324,11,53,4,9,High,High,High,Gluten,"Broken wheat, Bathua leaves",Vegan,,"Prepare dalia khichdi + bathua saag as a deep fried version with richer ingredients or a fuller portion. Add ghee, dairy, or nut garnish only if it suits the recipe.",20–30 mins light walking and recovery,Best used when extra calories are desired; not ideal for calorie deficit. Contains gluten.
429,Uttar Pradesh,Weight Gain,Dinner,Dalia Khichdi + Parwal Sabzi (Butter Topped),348,11,53,5,9,Medium,Medium,Medium,Gluten,"Broken wheat, Moong dal, Pointed gourd",Vegan,,"Prepare dalia khichdi + parwal sabzi as a butter topped version with richer ingredients or a fuller portion. Add ghee, dairy, or nut garnish only if it suits the recipe.",20–30 mins light walking and recovery,"Best used when extra calories are desired; not ideal for calorie deficit. Contains gluten, dairy."
430,Uttar Pradesh,Weight Gain,Dinner,Fara (Creamy),340,13,51,5,10,High,Medium,High,,"Rice flour, Chana dal, Ginger, Cumin",Vegan,,"Prepare oats khichdi + bathua saag as a creamy version with richer ingredients or a fuller portion. Add ghee, dairy, or nut garnish only if it suits the recipe.",20–30 mins light walking and recovery,Best used when extra calories are desired; not ideal for calorie deficit.
431,Uttar Pradesh,Weight Gain,Dinner,Jau Roti + Karela Sabzi (Jaggery Sweetened),329,11,51,5,11,High,High,High,Gluten,"Barley flour, Bitter gourd",Vegan,,"Prepare jau roti + karela sabzi as a jaggery sweetened version with richer ingredients or a fuller portion. Add ghee, dairy, or nut garnish only if it suits the recipe.",20–30 mins light walking and recovery,Best used when extra calories are desired; not ideal for calorie deficit. Contains gluten.
432,Uttar Pradesh,Weight Gain,Dinner,Jau Roti + Moong Dal + Lauki Sabzi (Milk-Enhanced),362,15,54,5,11,Medium,Medium,Medium,Gluten,"Barley flour, Green gram, Bottle gourd",Vegan,,"Prepare jau roti + moong dal + lauki sabzi as a milk-enhanced version with richer ingredients or a fuller portion. Add ghee, dairy, or nut garnish only if it suits the recipe.",20–30 mins light walking and recovery,"Best used when extra calories are desired; not ideal for calorie deficit. Contains gluten, dairy."
433,Uttar Pradesh,Weight Gain,Dinner,Missi Roti + Nenua Sabzi (Paneer Enriched),316,11,47,5,11,High,High,High,Gluten,"Wheat flour, Gram flour, Sponge gourd",Vegan,,"Prepare missi roti + nenua sabzi as a paneer enriched version with richer ingredients or a fuller portion. Add ghee, dairy, or nut garnish only if it suits the recipe.",20–30 mins light walking and recovery,"Best used when extra calories are desired; not ideal for calorie deficit. Contains gluten, dairy."
434,Uttar Pradesh,Weight Gain,Dinner,Missi Roti + Turai Sabzi (Nut Garnish),314,11,47,5,10,High,High,High,Gluten,"Wheat flour, Gram flour, Ridge gourd",Vegan,,"Prepare missi roti + turai sabzi as a nut garnish version with richer ingredients or a fuller portion. Add ghee, dairy, or nut garnish only if it suits the recipe.",20–30 mins light walking and recovery,Best used when extra calories are desired; not ideal for calorie deficit. Contains gluten.
435,Uttar Pradesh,Weight Gain,Dinner,Moong Dal Khichdi (Khoya Enriched),336,13,53,5,8,Medium,Medium,Medium,,"Rice, Green gram, Cumin",Vegan,,"Prepare moong dal khichdi as a khoya enriched version with richer ingredients or a fuller portion. Add ghee, dairy, or nut garnish only if it suits the recipe.",20–30 mins light walking and recovery,Best used when extra calories are desired; not ideal for calorie deficit. Contains dairy.
436,Uttar Pradesh,Weight Gain,Dinner,Phulka + Turai Sabzi (Extra Portion),315,9,51,5,9,High,High,High,Gluten,"Wheat flour, Ridge gourd",Vegan,,"Prepare phulka + turai sabzi as a extra portion version with richer ingredients or a fuller portion. Add ghee, dairy, or nut garnish only if it suits the recipe.",20–30 mins light walking and recovery,Best used when extra calories are desired; not ideal for calorie deficit. Contains gluten.
437,Uttar Pradesh,Weight Gain,Dinner,Rice + Lauki Sabzi + Masoor Dal (Full Portion),515,15,83,7,8,Low,Low,Low,,"White rice, Bottle gourd, Red lentils",Vegan,,"Prepare rice + lauki sabzi + masoor dal as a full portion version with richer ingredients or a fuller portion. Add ghee, dairy, or nut garnish only if it suits the recipe.",20–30 mins light walking and recovery,Best used when extra calories are desired; not ideal for calorie deficit.
438,Uttar Pradesh,Weight Gain,Dinner,Rice + Soya Bean Sabzi + Dal (With Ghee),887,45,100,19,14,Low,Low,Low,,"Rice, Soya chunks, Lentils",Vegan,,"Prepare rice + soya bean sabzi + dal as a with ghee version with richer ingredients or a fuller portion. Add ghee, dairy, or nut garnish only if it suits the recipe.",20–30 mins light walking and recovery,Best used when extra calories are desired; not ideal for calorie deficit. Contains dairy.
439,Uttar Pradesh,Weight Gain,Dinner,Roti + Arhar Dal + Nenua Sabzi (Fried),508,16,76,10,10,Medium,Medium,Medium,Gluten,"Wheat flour, Pigeon peas, Sponge gourd",Vegan,,"Prepare roti + arhar dal + nenua sabzi as a fried version with richer ingredients or a fuller portion. Add ghee, dairy, or nut garnish only if it suits the recipe.",20–30 mins light walking and recovery,Best used when extra calories are desired; not ideal for calorie deficit. Contains gluten.
440,Uttar Pradesh,Weight Gain,Dinner,Roti + Chana Dal + Parwal Sabzi (Rich Gravy),535,17,79,10,11,Low,Low,Low,Gluten,"Wheat flour, Bengal gram, Pointed gourd",Vegan,,"Prepare roti + chana dal + parwal sabzi as a rich gravy version with richer ingredients or a fuller portion. Add ghee, dairy, or nut garnish only if it suits the recipe.",20–30 mins light walking and recovery,Best used when extra calories are desired; not ideal for calorie deficit. Contains gluten.
441,Uttar Pradesh,Weight Gain,Dinner,Roti + Moong Dal + Bhindi (Stuffed),520,17,74,12,11,Medium,Low,Low,Gluten,"Wheat flour, Green gram, Okra",Vegan,,"Prepare roti + moong dal + bhindi as a stuffed version with richer ingredients or a fuller portion. Add ghee, dairy, or nut garnish only if it suits the recipe.",20–30 mins light walking and recovery,Best used when extra calories are desired; not ideal for calorie deficit. Contains gluten.
442,Uttar Pradesh,Bulking,Breakfast,Bedmi Puri + Aloo Sabzi (Tawa-Seared),557,13,74,21,5,Low,Low,Low,Gluten,"Wheat flour, Urad dal, Potato, Oil",Vegetarian,,Prepare bedmi puri + aloo sabzi as a tawa-seared version with a protein-forward portion. Keep the meal substantial and pair it with a strength-training day.,45–60 mins resistance training,Pair with adequate protein intake and hydration. Contains gluten.
443,Uttar Pradesh,Bulking,Breakfast,Bedmi Puri with Aloo Sabzi (With Legumes),404,12,57,17,5,Medium,Medium,Medium,Gluten,"Wheat flour, urad dal, potato sabzi, spices",Vegetarian,,Prepare bedmi puri with aloo sabzi as a with legumes version with a protein-forward portion. Keep the meal substantial and pair it with a strength-training day.,45–60 mins resistance training,Pair with adequate protein intake and hydration. Contains gluten.
444,Uttar Pradesh,Bulking,Breakfast,Besan Cheela (With Yakhni),267,15,35,6,7,Low,Low,Medium,Gluten,"Gram flour, Onion, Green chili",Vegetarian,,Prepare besan cheela as a with yakhni version with a protein-forward portion. Keep the meal substantial and pair it with a strength-training day.,45–60 mins resistance training,Pair with adequate protein intake and hydration. Contains gluten.
445,Uttar Pradesh,Bulking,Breakfast,Besan Cheela + Paneer Stuffing,450,26,42,18,7,Medium,Medium,Medium,Milk,"Gram flour, Paneer",Vegetarian,,Stuff the gram flour pancake with crumbled paneer.,45 mins strength training,Gram flour and paneer offer slow-digesting protein.
446,Uttar Pradesh,Bulking,Breakfast,Chura Matar (Add Dal),283,8,53,3,5,High,High,High,,"Flattened rice, Green peas",Vegetarian,,Prepare chura matar as a add dal version with a protein-forward portion. Keep the meal substantial and pair it with a strength-training day.,45–60 mins resistance training,Pair with adequate protein intake and hydration.
447,Uttar Pradesh,Bulking,Breakfast,Fara (Thick Batter),355,18,60,4,8,Medium,Medium,Medium,Gluten,"Rice flour, Chana dal",Vegetarian,,Prepare fara as a thick batter version with a protein-forward portion. Keep the meal substantial and pair it with a strength-training day.,45–60 mins resistance training,Pair with adequate protein intake and hydration. Contains gluten.
448,Uttar Pradesh,Bulking,Breakfast,Kachori + Sabzi (Double Portion),586,13,72,25,6,Low,Low,Low,Gluten,"Wheat flour, Urad dal, Potato, Oil",Vegetarian,,Prepare kachori + sabzi as a double portion version with a protein-forward portion. Keep the meal substantial and pair it with a strength-training day.,45–60 mins resistance training,Pair with adequate protein intake and hydration. Contains gluten.
449,Uttar Pradesh,Bulking,Breakfast,Kachori-Sabzi (Balanced Carb),381,10,51,16,5,Medium,Medium,Medium,Gluten,"Wheat flour, urad dal, potato sabzi, spices",Vegetarian,,Prepare kachori-sabzi as a balanced carb version with a protein-forward portion. Keep the meal substantial and pair it with a strength-training day.,45–60 mins resistance training,Pair with adequate protein intake and hydration. Contains gluten.
450,Uttar Pradesh,Bulking,Breakfast,Moong Dal Cheela (With Chana),258,18,33,4,6,Medium,Medium,Medium,Gluten,"Green gram, Onion, Coriander",Vegetarian,,Prepare moong dal cheela as a with chana version with a protein-forward portion. Keep the meal substantial and pair it with a strength-training day.,45–60 mins resistance training,Pair with adequate protein intake and hydration. Contains gluten.
451,Uttar Pradesh,Bulking,Breakfast,Poha with Peanuts (Protein-Rich),372,10,61,11,4,Medium,Medium,Medium,Nuts,"Flattened rice, Peanuts",Vegetarian,,Prepare poha with peanuts as a protein-rich version with a protein-forward portion. Keep the meal substantial and pair it with a strength-training day.,45–60 mins resistance training,Pair with adequate protein intake and hydration. Contains nuts.
452,Uttar Pradesh,Bulking,Breakfast,Puri + Halwa (High Protein),620,10,91,21,3,Low,Low,Low,"Gluten, Dairy","Wheat flour, Semolina, Sugar, Ghee",Vegetarian,,Prepare puri + halwa as a high protein version with a protein-forward portion. Keep the meal substantial and pair it with a strength-training day.,45–60 mins resistance training,"Pair with adequate protein intake and hydration. Contains gluten, dairy."
453,Uttar Pradesh,Bulking,Breakfast,Puri-Aloo (Grilled),357,9,53,13,5,Medium,Medium,Medium,Gluten,"Wheat flour, potato, spices, oil",Vegetarian,,Prepare puri-aloo as a grilled version with a protein-forward portion. Keep the meal substantial and pair it with a strength-training day.,45–60 mins resistance training,Pair with adequate protein intake and hydration. Contains gluten.
454,Uttar Pradesh,Bulking,Breakfast,Sattu Paratha (Dry Roasted) + Curd (Power Plate),317,15,49,5,9,Medium,Medium,Medium,"Gluten, Dairy","Wheat flour, Roasted gram flour, Curd",Vegetarian,,Prepare sattu paratha (dry roasted) + curd as a power plate version with a protein-forward portion. Keep the meal substantial and pair it with a strength-training day.,45–60 mins resistance training,"Pair with adequate protein intake and hydration. Contains gluten, dairy."
455,Uttar Pradesh,Bulking,Breakfast,Sattu Paratha + Curd (Lean Meat),467,20,66,13,8,Medium,Low,Medium,"Gluten, Dairy","Wheat flour, Roasted gram flour, Curd",Vegetarian,,Prepare sattu paratha + curd as a lean meat version with a protein-forward portion. Keep the meal substantial and pair it with a strength-training day.,45–60 mins resistance training,"Pair with adequate protein intake and hydration. Contains gluten, dairy."
456,Uttar Pradesh,Bulking,Breakfast,Sattu Paratha + Ghee + Pickle (Extra Dal),538,18,72,19,8,Medium,Medium,Medium,"Gluten, Dairy","Wheat flour, Roasted gram flour, Ghee",Vegetarian,,Prepare sattu paratha + ghee + pickle as a extra dal version with a protein-forward portion. Keep the meal substantial and pair it with a strength-training day.,45–60 mins resistance training,"Pair with adequate protein intake and hydration. Contains gluten, dairy."
457,Uttar Pradesh,Bulking,Breakfast,Sheermal (Hearty Bowl),312,9,46,10,1,High,High,High,"Gluten, Dairy","Flour, milk, saffron, sugar, ghee",Vegetarian,,Prepare sheermal as a hearty bowl version with a protein-forward portion. Keep the meal substantial and pair it with a strength-training day.,45–60 mins resistance training,"Pair with adequate protein intake and hydration. Contains gluten, dairy."
458,Uttar Pradesh,Bulking,Breakfast,Steamed Fara (Lean Kebab),247,15,42,2,6,Medium,Medium,Medium,Gluten,"Rice flour, Chana dal, Garlic",Vegetarian,,Prepare steamed fara as a lean kebab version with a protein-forward portion. Keep the meal substantial and pair it with a strength-training day.,45–60 mins resistance training,Pair with adequate protein intake and hydration. Contains gluten.
459,Uttar Pradesh,Bulking,Breakfast,4 Eggs + Roti,480,32,40,20,5,Medium,Medium,Medium,Egg/Gluten,"Eggs, Wheat flour",Non-Vegetarian,egg,Scramble or fry eggs and consume with whole wheat roti.,45 mins strength training,Excellent protein to carb ratio for morning recovery.
460,Uttar Pradesh,Bulking,Breakfast,Chicken Tikka (Leftover) + Roti,550,45,50,16,5,Medium,Medium,Medium,Gluten,"Chicken, Wheat flour",Non-Vegetarian,chicken,Wrap chicken pieces in roti.,45 mins strength training,Instant protein hit.
461,Uttar Pradesh,Bulking,Breakfast,Dal Pithi + 2 Eggs,520,28,65,14,9,Medium,Medium,Medium,Gluten/Egg,"Wheat flour, Pigeon peas, Eggs",Non-Vegetarian,egg,Boil wheat dumplings in dal and serve with boiled eggs.,45 mins strength training,Dal and wheat combo provides a complete amino acid profile.
462,Uttar Pradesh,Bulking,Breakfast,Keema Paratha + Curd,600,35,55,25,6,Medium,High,High,Gluten/Milk,"Wheat flour, Minced mutton, Curd",Non-Vegetarian,mutton,Stuff paratha with minced meat.,45 mins strength training,"Heavy, high protein start to the day."
463,Uttar Pradesh,Bulking,Breakfast,Rice + Chicken Curry + Parwal Aloo (With Yakhni),872,54,93,31,8,Low,Low,Low,,"White rice, Chicken, Pointed gourd, Potato",Non-Vegetarian,Chicken,Prepare rice + chicken curry + parwal aloo as a with yakhni version with a protein-forward portion. Keep the meal substantial and pair it with a strength-training day.,45–60 mins resistance training,Pair with adequate protein intake and hydration.
464,Uttar Pradesh,Bulking,Breakfast,Rice + Chicken Korma + Gobi Aloo (Tawa-Seared),953,70,97,32,9,Low,Medium,Low,,"Rice, Chicken, Cauliflower, Potato",Non-Vegetarian,Chicken,Prepare rice + chicken korma + gobi aloo as a tawa-seared version with a protein-forward portion. Keep the meal substantial and pair it with a strength-training day.,45–60 mins resistance training,Pair with adequate protein intake and hydration.
465,Uttar Pradesh,Bulking,Breakfast,Rice + Chicken Korma + Palak (Thick Batter),897,74,94,25,8,Medium,Medium,Low,,"Rice, Chicken, Spinach",Non-Vegetarian,Chicken,Prepare rice + chicken korma + palak as a thick batter version with a protein-forward portion. Keep the meal substantial and pair it with a strength-training day.,45–60 mins resistance training,Pair with adequate protein intake and hydration.
466,Uttar Pradesh,Bulking,Breakfast,Rice + Chicken Salan + Dal + Aloo Sabzi (High Protein),956,74,105,27,8,Low,Low,Low,,"Rice, Chicken, Lentils, Potato",Non-Vegetarian,Chicken,Prepare rice + chicken salan + dal + aloo sabzi as a high protein version with a protein-forward portion. Keep the meal substantial and pair it with a strength-training day.,45–60 mins resistance training,Pair with adequate protein intake and hydration.
467,Uttar Pradesh,Bulking,Breakfast,Rice + Mutton Bhuna + Kathal Sabzi (Extra Dal),992,64,99,40,12,Medium,Medium,Medium,,"Rice, Mutton, Jackfruit",Non-Vegetarian,Mutton,Prepare rice + mutton bhuna + kathal sabzi as a extra dal version with a protein-forward portion. Keep the meal substantial and pair it with a strength-training day.,45–60 mins resistance training,Pair with adequate protein intake and hydration.
468,Uttar Pradesh,Bulking,Breakfast,Rice + Mutton Salan + Lauki Sabzi (Power Plate),925,61,94,34,7,Medium,Medium,Medium,,"Rice, Mutton, Bottle gourd",Non-Vegetarian,Mutton,Prepare rice + mutton salan + lauki sabzi as a power plate version with a protein-forward portion. Keep the meal substantial and pair it with a strength-training day.,45–60 mins resistance training,Pair with adequate protein intake and hydration.
469,Uttar Pradesh,Bulking,Breakfast,Rice + Mutton Salan + Sabzi (Grilled),925,57,88,37,7,Medium,Low,Medium,,"Rice, Mutton, Mixed vegetables",Non-Vegetarian,Mutton,Prepare rice + mutton salan + sabzi as a grilled version with a protein-forward portion. Keep the meal substantial and pair it with a strength-training day.,45–60 mins resistance training,Pair with adequate protein intake and hydration.
470,Uttar Pradesh,Bulking,Breakfast,Roti + Anda Curry + Nenua Sabzi (Add Dal),835,49,88,30,9,High,High,High,"Gluten, Egg","Wheat flour, Eggs, Sponge gourd",Non-Vegetarian,Mutton,Prepare roti + anda curry + nenua sabzi as a add dal version with a protein-forward portion. Keep the meal substantial and pair it with a strength-training day.,45–60 mins resistance training,"Pair with adequate protein intake and hydration. Contains gluten, egg."
471,Uttar Pradesh,Bulking,Breakfast,Roti + Anda Curry + Palak Sabzi (Hearty Bowl),841,51,90,27,11,High,High,High,"Gluten, Egg","Wheat flour, Eggs, Spinach",Non-Vegetarian,Mutton,Prepare roti + anda curry + palak sabzi as a hearty bowl version with a protein-forward portion. Keep the meal substantial and pair it with a strength-training day.,45–60 mins resistance training,"Pair with adequate protein intake and hydration. Contains gluten, egg."
472,Uttar Pradesh,Bulking,Breakfast,Roti + Chicken Curry + Chana Dal (Double Portion),891,78,93,23,10,Medium,Low,Low,Gluten,"Wheat flour, Chicken, Bengal gram",Non-Vegetarian,Chicken,Prepare roti + chicken curry + chana dal as a double portion version with a protein-forward portion. Keep the meal substantial and pair it with a strength-training day.,45–60 mins resistance training,Pair with adequate protein intake and hydration. Contains gluten.
473,Uttar Pradesh,Bulking,Breakfast,Roti + Chicken Masala + Kathal Sabzi (Balanced Carb),925,61,83,37,9,Low,Medium,Low,Gluten,"Wheat flour, Chicken, Jackfruit, Oil",Non-Vegetarian,Chicken,Prepare roti + chicken masala + kathal sabzi as a balanced carb version with a protein-forward portion. Keep the meal substantial and pair it with a strength-training day.,45–60 mins resistance training,Pair with adequate protein intake and hydration. Contains gluten.
474,Uttar Pradesh,Bulking,Breakfast,Roti + Egg Bhurji + Arhar Dal (Lean Kebab),814,54,89,25,10,Medium,Medium,Medium,"Gluten, Egg","Wheat flour, Eggs, Pigeon peas",Non-Vegetarian,Mutton,Prepare roti + egg bhurji + arhar dal as a lean kebab version with a protein-forward portion. Keep the meal substantial and pair it with a strength-training day.,45–60 mins resistance training,"Pair with adequate protein intake and hydration. Contains gluten, egg."
475,Uttar Pradesh,Bulking,Breakfast,Roti + Keema Matar + Dal (With Legumes),914,67,82,33,12,Low,Low,Medium,Gluten,"Wheat flour, Minced meat, Green peas, Lentils",Non-Vegetarian,Mutton,Prepare roti + keema matar + dal as a with legumes version with a protein-forward portion. Keep the meal substantial and pair it with a strength-training day.,45–60 mins resistance training,Pair with adequate protein intake and hydration. Contains gluten.
476,Uttar Pradesh,Bulking,Breakfast,Roti + Mutton Curry + Matar Nimona (Lean Meat),978,67,87,40,12,Medium,Low,Medium,Gluten,"Wheat flour, Mutton, Green peas",Non-Vegetarian,Mutton,Prepare roti + mutton curry + matar nimona as a lean meat version with a protein-forward portion. Keep the meal substantial and pair it with a strength-training day.,45–60 mins resistance training,Pair with adequate protein intake and hydration. Contains gluten.
477,Uttar Pradesh,Bulking,Breakfast,Roti + Mutton Keema + Bhindi (With Chana),869,64,77,38,10,Medium,Medium,Medium,Gluten,"Wheat flour, Minced mutton, Okra",Non-Vegetarian,Mutton,Prepare roti + mutton keema + bhindi as a with chana version with a protein-forward portion. Keep the meal substantial and pair it with a strength-training day.,45–60 mins resistance training,Pair with adequate protein intake and hydration. Contains gluten.
478,Uttar Pradesh,Bulking,Breakfast,Roti + Mutton Korma + Kathal Sabzi (Protein-Rich),947,60,77,44,10,Medium,Low,Medium,"Gluten, Dairy","Wheat flour, Mutton, Ghee, Jackfruit",Non-Vegetarian,Mutton,Prepare roti + mutton korma + kathal sabzi as a protein-rich version with a protein-forward portion. Keep the meal substantial and pair it with a strength-training day.,45–60 mins resistance training,"Pair with adequate protein intake and hydration. Contains gluten, dairy."
479,Uttar Pradesh,Bulking,Breakfast,Sattu Paratha + Curd + 2 Eggs,580,34,55,22,8,Medium,Medium,High,Gluten/Milk/Egg,"Wheat flour, Sattu, Curd, Eggs",Non-Vegetarian,egg,Stuff paratha with protein-rich sattu; eat with boiled eggs.,45 mins strength training,Sattu and eggs provide an unbeatable protein stack.
480,Uttar Pradesh,Bulking,Breakfast,Soya Chunk Pulao + Eggs,620,38,70,18,10,Medium,Medium,Medium,Soy/Egg,"Rice, Soya chunks, Eggs",Non-Vegetarian,egg,Cook soya with rice and top with boiled eggs.,45 mins strength training,High volume and macro-dense.
481,Uttar Pradesh,Bulking,Breakfast,Bedmi Puri + Aloo Sabzi (Extra Dal),562,12,75,21,5,Low,Low,Low,Gluten,"Wheat flour, Urad dal, Potato, Oil",Vegan,,Prepare bedmi puri + aloo sabzi as a extra dal version with a protein-forward portion. Keep the meal substantial and pair it with a strength-training day.,45–60 mins resistance training,Pair with adequate protein intake and hydration. Contains gluten.
482,Uttar Pradesh,Bulking,Breakfast,Bedmi Puri with Aloo Sabzi (Tawa-Seared),405,11,57,17,5,Low,Low,Low,Gluten,"Wheat flour, urad dal, potato sabzi, spices",Vegan,,Prepare bedmi puri with aloo sabzi as a tawa-seared version with a protein-forward portion. Keep the meal substantial and pair it with a strength-training day.,45–60 mins resistance training,Pair with adequate protein intake and hydration. Contains gluten.
483,Uttar Pradesh,Bulking,Breakfast,Besan Cheela (Protein-Rich),267,15,35,6,7,Medium,Low,Medium,Gluten,"Gram flour, Onion, Green chili",Vegan,,Prepare besan cheela as a protein-rich version with a protein-forward portion. Keep the meal substantial and pair it with a strength-training day.,45–60 mins resistance training,Pair with adequate protein intake and hydration. Contains gluten.
484,Uttar Pradesh,Bulking,Breakfast,Bhuna Chana (Add Dal),168,12,24,1,6,High,High,High,,"Roasted Bengal gram, Cumin, Salt",Vegan,,Prepare sprouted moong as a add dal version with a protein-forward portion. Keep the meal substantial and pair it with a strength-training day.,45–60 mins resistance training,Pair with adequate protein intake and hydration.
485,Uttar Pradesh,Bulking,Breakfast,Chura Matar (Grilled),280,7,53,3,5,Medium,Medium,Medium,,"Flattened rice, Green peas",Vegan,,Prepare chura matar as a grilled version with a protein-forward portion. Keep the meal substantial and pair it with a strength-training day.,45–60 mins resistance training,Pair with adequate protein intake and hydration.
486,Uttar Pradesh,Bulking,Breakfast,Dalia (With Yakhni),234,10,42,3,7,Low,Low,Medium,Gluten,"Broken wheat, Carrots, Peas",Vegan,,Prepare dalia as a with yakhni version with a protein-forward portion. Keep the meal substantial and pair it with a strength-training day.,45–60 mins resistance training,Pair with adequate protein intake and hydration. Contains gluten.
487,Uttar Pradesh,Bulking,Breakfast,Fara (Double Portion),357,17,60,4,8,Medium,Low,Medium,Gluten,"Rice flour, Chana dal",Vegan,,Prepare fara as a double portion version with a protein-forward portion. Keep the meal substantial and pair it with a strength-training day.,45–60 mins resistance training,Pair with adequate protein intake and hydration. Contains gluten.
488,Uttar Pradesh,Bulking,Breakfast,Jau Roti + Mint Chutney (With Chana),258,10,46,2,9,Medium,Medium,Medium,Gluten,"Barley flour, Mint, Green chili",Vegan,,Prepare jau roti + mint chutney as a with chana version with a protein-forward portion. Keep the meal substantial and pair it with a strength-training day.,45–60 mins resistance training,Pair with adequate protein intake and hydration. Contains gluten.
489,Uttar Pradesh,Bulking,Breakfast,Kachori + Sabzi (High Protein),579,12,71,25,6,Low,Low,Low,Gluten,"Wheat flour, Urad dal, Potato, Oil",Vegan,,Prepare kachori + sabzi as a high protein version with a protein-forward portion. Keep the meal substantial and pair it with a strength-training day.,45–60 mins resistance training,Pair with adequate protein intake and hydration. Contains gluten.
490,Uttar Pradesh,Bulking,Breakfast,Kachori-Sabzi (Thick Batter),380,10,50,16,5,Medium,Medium,Medium,Gluten,"Wheat flour, urad dal, potato sabzi, spices",Vegan,,Prepare kachori-sabzi as a thick batter version with a protein-forward portion. Keep the meal substantial and pair it with a strength-training day.,45–60 mins resistance training,Pair with adequate protein intake and hydration. Contains gluten.
491,Uttar Pradesh,Bulking,Breakfast,Moong Dal Cheela (Power Plate),257,17,33,4,6,Medium,Medium,Medium,Gluten,"Green gram, Onion, Coriander",Vegan,,Prepare moong dal cheela as a power plate version with a protein-forward portion. Keep the meal substantial and pair it with a strength-training day.,45–60 mins resistance training,Pair with adequate protein intake and hydration. Contains gluten.
492,Uttar Pradesh,Bulking,Breakfast,Poha with Peanuts (Lean Meat),371,10,61,11,4,Low,Medium,Low,Nuts,"Flattened rice, Peanuts",Vegan,,Prepare poha with peanuts as a lean meat version with a protein-forward portion. Keep the meal substantial and pair it with a strength-training day.,45–60 mins resistance training,Pair with adequate protein intake and hydration. Contains nuts.
493,Uttar Pradesh,Bulking,Breakfast,Puri-Aloo (With Legumes),355,9,52,13,5,Medium,Medium,Medium,Gluten,"Wheat flour, potato, spices, oil",Vegan,,Prepare puri-aloo as a with legumes version with a protein-forward portion. Keep the meal substantial and pair it with a strength-training day.,45–60 mins resistance training,Pair with adequate protein intake and hydration. Contains gluten.
494,Uttar Pradesh,Bulking,Breakfast,Sattu Drink (Hearty Bowl),204,15,31,2,8,High,High,High,,"Roasted gram flour, Lemon, Cumin, Water",Vegan,,Prepare sprouted moong chaat as a hearty bowl version with a protein-forward portion. Keep the meal substantial and pair it with a strength-training day.,45–60 mins resistance training,Pair with adequate protein intake and hydration.
495,Uttar Pradesh,Bulking,Breakfast,Sattu Drink (Lean Kebab),201,12,31,2,5,Medium,Medium,Medium,Gluten,"Roasted gram flour, Cumin, Lemon",Vegan,,Prepare sattu drink as a lean kebab version with a protein-forward portion. Keep the meal substantial and pair it with a strength-training day.,45–60 mins resistance training,Pair with adequate protein intake and hydration. Contains gluten.
496,Uttar Pradesh,Bulking,Breakfast,Steamed Fara (Balanced Carb),246,15,42,2,6,Low,Medium,Medium,Gluten,"Rice flour, Chana dal, Garlic",Vegan,,Prepare steamed fara as a balanced carb version with a protein-forward portion. Keep the meal substantial and pair it with a strength-training day.,45–60 mins resistance training,Pair with adequate protein intake and hydration. Contains gluten.
497,Uttar Pradesh,Bulking,Lunch,Brown Rice + Urad Dal + Kundru Sabzi (With Chana),424,18,66,5,11,Medium,Medium,Medium,,"Brown rice, Black gram, Ivy gourd",Vegetarian,,Prepare brown rice + urad dal + kundru sabzi as a with chana version with a protein-forward portion. Keep the meal substantial and pair it with a strength-training day.,45–60 mins resistance training,Pair with adequate protein intake and hydration.
498,Uttar Pradesh,Bulking,Lunch,Missi Roti + Chana Dal + Bhindi Sabzi (With Yakhni),415,21,57,7,14,Low,Low,Medium,Gluten,"Wheat flour, Gram flour, Bengal gram, Okra",Vegetarian,,Prepare missi roti + chana dal + bhindi sabzi as a with yakhni version with a protein-forward portion. Keep the meal substantial and pair it with a strength-training day.,45–60 mins resistance training,Pair with adequate protein intake and hydration. Contains gluten.
499,Uttar Pradesh,Bulking,Lunch,Missi Roti + Urad Dal + Turai Sabzi (Add Dal),400,20,57,5,13,Low,Medium,Medium,Gluten,"Wheat flour, Gram flour, Black gram, Ridge gourd",Vegetarian,,Prepare missi roti + urad dal + turai sabzi as a add dal version with a protein-forward portion. Keep the meal substantial and pair it with a strength-training day.,45–60 mins resistance training,Pair with adequate protein intake and hydration. Contains gluten.
500,Uttar Pradesh,Bulking,Lunch,Phulka + Arhar Dal + Bhindi Sabzi (Balanced Carb),529,20,77,10,12,Low,Medium,Medium,Gluten,"Wheat flour, Pigeon peas, Okra",Vegetarian,,Prepare phulka + arhar dal + bhindi sabzi as a balanced carb version with a protein-forward portion. Keep the meal substantial and pair it with a strength-training day.,45–60 mins resistance training,Pair with adequate protein intake and hydration. Contains gluten.
501,Uttar Pradesh,Bulking,Lunch,Phulka + Arhar Dal + Kathal Sabzi (Hearty Bowl),415,19,61,6,13,Medium,Low,Medium,Gluten,"Wheat flour, Pigeon peas, Jackfruit",Vegetarian,,Prepare phulka + arhar dal + kathal sabzi as a hearty bowl version with a protein-forward portion. Keep the meal substantial and pair it with a strength-training day.,45–60 mins resistance training,Pair with adequate protein intake and hydration. Contains gluten.
502,Uttar Pradesh,Bulking,Lunch,Phulka + Chana Dal + Turai Sabzi (Protein-Rich),548,23,80,8,13,Medium,Low,Medium,Gluten,"Wheat flour, Bengal gram, Ridge gourd",Vegetarian,,Prepare phulka + chana dal + turai sabzi as a protein-rich version with a protein-forward portion. Keep the meal substantial and pair it with a strength-training day.,45–60 mins resistance training,Pair with adequate protein intake and hydration. Contains gluten.
503,Uttar Pradesh,Bulking,Lunch,Phulka + Rajma + Kathal Sabzi (Thick Batter),615,26,88,13,16,Medium,Medium,Medium,Gluten,"Wheat flour, Kidney beans, Jackfruit",Vegetarian,,Prepare phulka + rajma + kathal sabzi as a thick batter version with a protein-forward portion. Keep the meal substantial and pair it with a strength-training day.,45–60 mins resistance training,Pair with adequate protein intake and hydration. Contains gluten.
504,Uttar Pradesh,Bulking,Lunch,Phulka + Urad Dal + Kathal Sabzi (Lean Kebab),412,19,64,5,11,Medium,Medium,Medium,Gluten,"Wheat flour, Black gram, Jackfruit",Vegetarian,,Prepare phulka + urad dal + kathal sabzi as a lean kebab version with a protein-forward portion. Keep the meal substantial and pair it with a strength-training day.,45–60 mins resistance training,Pair with adequate protein intake and hydration. Contains gluten.
505,Uttar Pradesh,Bulking,Lunch,Rice + Dal Makhani + Aloo Gobi (Extra Dal),888,28,121,26,12,Medium,Medium,Medium,Dairy,"White rice, Black gram, Butter, Potato, Cauliflower",Vegetarian,,Prepare rice + dal makhani + aloo gobi as a extra dal version with a protein-forward portion. Keep the meal substantial and pair it with a strength-training day.,45–60 mins resistance training,Pair with adequate protein intake and hydration. Contains dairy.
506,Uttar Pradesh,Bulking,Lunch,Rice + Masoor Dal + Aloo Gobi (With Legumes),595,21,94,11,10,Low,Low,Medium,,"White rice, Red lentils, Potato, Cauliflower",Vegetarian,,Prepare rice + masoor dal + aloo gobi as a with legumes version with a protein-forward portion. Keep the meal substantial and pair it with a strength-training day.,45–60 mins resistance training,Pair with adequate protein intake and hydration.
507,Uttar Pradesh,Bulking,Lunch,Rice + Matar Nimona + Parwal Sabzi (Grilled),570,18,88,11,10,Medium,Medium,Medium,,"White rice, Green peas, Pointed gourd",Vegetarian,,Prepare rice + matar nimona + parwal sabzi as a grilled version with a protein-forward portion. Keep the meal substantial and pair it with a strength-training day.,45–60 mins resistance training,Pair with adequate protein intake and hydration.
508,Uttar Pradesh,Bulking,Lunch,Rice + Rajma + Aloo Matar (Tawa-Seared),850,31,121,19,15,Low,Low,Low,,"Rice, Kidney beans, Potato, Green peas",Vegetarian,,Prepare rice + rajma + aloo matar as a tawa-seared version with a protein-forward portion. Keep the meal substantial and pair it with a strength-training day.,45–60 mins resistance training,Pair with adequate protein intake and hydration.
509,Uttar Pradesh,Bulking,Lunch,Rice + Soya Chunk Curry + Arhar Dal,780,48,95,18,14,Medium,Medium,Low,Soy,"Rice, Soya chunks, Pigeon peas",Vegetarian,,Cook soya chunks in a rich gravy to maximize plant protein.,60 mins heavy lifting,Soya chunks have the highest plant protein content.
510,Uttar Pradesh,Bulking,Lunch,Rice + Soya Chunk Curry + Arhar Dal (High Protein),912,61,104,19,14,Low,Low,Medium,,"Rice, Soya chunks, Pigeon peas",Vegetarian,,Prepare rice + soya chunk curry + arhar dal as a high protein version with a protein-forward portion. Keep the meal substantial and pair it with a strength-training day.,45–60 mins resistance training,Pair with adequate protein intake and hydration.
511,Uttar Pradesh,Bulking,Lunch,Rice + Urad Dal + Kundru Sabzi (Power Plate),565,20,88,10,9,Medium,Medium,Medium,,"White rice, Black gram, Ivy gourd",Vegetarian,,Prepare rice + urad dal + kundru sabzi as a power plate version with a protein-forward portion. Keep the meal substantial and pair it with a strength-training day.,45–60 mins resistance training,Pair with adequate protein intake and hydration.
512,Uttar Pradesh,Bulking,Lunch,Roti + Arhar Dal + Baingan Bharta (Lean Meat),774,28,105,19,14,Medium,Low,Medium,"Gluten, Egg","Wheat flour, Pigeon peas, Eggplant, Mustard oil",Vegetarian,,Prepare roti + arhar dal + baingan bharta as a lean meat version with a protein-forward portion. Keep the meal substantial and pair it with a strength-training day.,45–60 mins resistance training,"Pair with adequate protein intake and hydration. Contains gluten, egg."
513,Uttar Pradesh,Bulking,Lunch,Roti + Chhole + Bhindi Aloo (Double Portion),873,31,116,23,16,Low,Low,Low,Gluten,"Wheat flour, Chickpeas, Okra, Potato",Vegetarian,,Prepare roti + chhole + bhindi aloo as a double portion version with a protein-forward portion. Keep the meal substantial and pair it with a strength-training day.,45–60 mins resistance training,Pair with adequate protein intake and hydration. Contains gluten.
514,Uttar Pradesh,Bulking,Lunch,Fish Curry (Banarasi Style) (Add Dal),305,25,11,13,1,Low,Medium,Low,,"Fish, mustard, tomato, spices",Non-Vegetarian,Fish,Prepare fish curry (banarasi style) as a add dal version with a protein-forward portion. Keep the meal substantial and pair it with a strength-training day.,45–60 mins resistance training,Pair with adequate protein intake and hydration.
515,Uttar Pradesh,Bulking,Lunch,Keema Matar (With Yakhni),374,29,15,19,1,Low,Low,Medium,,"Minced meat, peas, onion, spices",Non-Vegetarian,Mutton,Prepare keema matar as a with yakhni version with a protein-forward portion. Keep the meal substantial and pair it with a strength-training day.,45–60 mins resistance training,Pair with adequate protein intake and hydration.
516,Uttar Pradesh,Bulking,Lunch,Lucknowi Biryani (Balanced Carb),619,27,64,21,1,Medium,Medium,Medium,Gluten,"Basmati rice, meat, saffron, whole spices",Non-Vegetarian,Mutton,Prepare lucknowi biryani as a balanced carb version with a protein-forward portion. Keep the meal substantial and pair it with a strength-training day.,45–60 mins resistance training,Pair with adequate protein intake and hydration. Contains gluten.
517,Uttar Pradesh,Bulking,Lunch,Rice + Anda Curry + Nenua Sabzi (Protein-Rich),831,38,94,26,7,Medium,Medium,Medium,Egg,"Rice, Eggs, Sponge gourd, Oil",Non-Vegetarian,Mutton,Prepare rice + anda curry + nenua sabzi as a protein-rich version with a protein-forward portion. Keep the meal substantial and pair it with a strength-training day.,45–60 mins resistance training,Pair with adequate protein intake and hydration. Contains egg.
518,Uttar Pradesh,Bulking,Lunch,Rice + Chicken Curry + Parwal Aloo (With Legumes),923,54,94,32,8,Low,Low,Low,,"White rice, Chicken, Pointed gourd, Potato",Non-Vegetarian,Chicken,Prepare rice + chicken curry + parwal aloo as a with legumes version with a protein-forward portion. Keep the meal substantial and pair it with a strength-training day.,45–60 mins resistance training,Pair with adequate protein intake and hydration.
519,Uttar Pradesh,Bulking,Lunch,Rice + Chicken Korma + Gobi Aloo,850,52,88,30,9,High,Medium,High,,"Rice, Chicken, Cauliflower, Potato",Non-Vegetarian,chicken,Thick chicken korma paired with starchy potatoes.,60 mins heavy lifting,Massive caloric and protein load.
520,Uttar Pradesh,Bulking,Lunch,Rice + Chicken Korma + Gobi Aloo (Double Portion),997,70,96,31,9,Medium,Low,Low,,"Rice, Chicken, Cauliflower, Potato",Non-Vegetarian,Chicken,Prepare rice + chicken korma + gobi aloo as a double portion version with a protein-forward portion. Keep the meal substantial and pair it with a strength-training day.,45–60 mins resistance training,Pair with adequate protein intake and hydration.
521,Uttar Pradesh,Bulking,Lunch,Rice + Chicken Salan + Dal + Aloo Sabzi,850,55,95,26,8,High,Medium,High,,"Rice, Chicken, Lentils, Potato",Non-Vegetarian,chicken,Include generous chicken pieces and a side of dal for extra protein.,60 mins heavy lifting,Massive protein payload for muscle building.
522,Uttar Pradesh,Bulking,Lunch,Rice + Chicken Salan + Dal + Aloo Sabzi (High Protein),1006,74,105,27,8,Low,Low,Low,,"Rice, Chicken, Lentils, Potato",Non-Vegetarian,Chicken,Prepare rice + chicken salan + dal + aloo sabzi as a high protein version with a protein-forward portion. Keep the meal substantial and pair it with a strength-training day.,45–60 mins resistance training,Pair with adequate protein intake and hydration.
523,Uttar Pradesh,Bulking,Lunch,Rice + Mutton Bhuna + Kathal Sabzi,890,48,90,38,12,Medium,High,High,,"Rice, Mutton, Jackfruit",Non-Vegetarian,mutton,Dry roasted mutton paired with meaty jackfruit.,60 mins heavy lifting,Extremely heavy meal for massive surplus.
524,Uttar Pradesh,Bulking,Lunch,Rice + Mutton Bhuna + Kathal Sabzi (Extra Dal),1044,64,99,40,12,Medium,Medium,Medium,,"Rice, Mutton, Jackfruit",Non-Vegetarian,Mutton,Prepare rice + mutton bhuna + kathal sabzi as a extra dal version with a protein-forward portion. Keep the meal substantial and pair it with a strength-training day.,45–60 mins resistance training,Pair with adequate protein intake and hydration.
525,Uttar Pradesh,Bulking,Lunch,Roti + Anda Curry + Palak Sabzi,750,38,82,26,11,Medium,Medium,High,Gluten/Egg,"Wheat flour, Eggs, Spinach",Non-Vegetarian,egg,Fry eggs and simmer in curry; palak adds iron.,60 mins heavy lifting,Iron from spinach aids oxygen transport during workouts.
526,Uttar Pradesh,Bulking,Lunch,Roti + Anda Curry + Palak Sabzi (Power Plate),885,51,90,27,11,Medium,Medium,Medium,"Gluten, Egg","Wheat flour, Eggs, Spinach",Non-Vegetarian,Mutton,Prepare roti + anda curry + palak sabzi as a power plate version with a protein-forward portion. Keep the meal substantial and pair it with a strength-training day.,45–60 mins resistance training,"Pair with adequate protein intake and hydration. Contains gluten, egg."
527,Uttar Pradesh,Bulking,Lunch,Roti + Keema Matar + Dal,820,50,75,32,12,Medium,Medium,High,Gluten,"Wheat flour, Minced meat, Green peas, Lentils",Non-Vegetarian,mutton,Mix minced meat with green peas for extra protein.,60 mins heavy lifting,Peas and meat create a dense anabolic environment.
528,Uttar Pradesh,Bulking,Lunch,Roti + Keema Matar + Dal (Lean Meat),971,67,83,34,12,Medium,Low,Medium,Gluten,"Wheat flour, Minced meat, Green peas, Lentils",Non-Vegetarian,Mutton,Prepare roti + keema matar + dal as a lean meat version with a protein-forward portion. Keep the meal substantial and pair it with a strength-training day.,45–60 mins resistance training,Pair with adequate protein intake and hydration. Contains gluten.
529,Uttar Pradesh,Bulking,Lunch,Roti + Mutton Curry + Matar Nimona,880,50,80,38,12,Medium,Medium,High,Gluten,"Wheat flour, Mutton, Green peas",Non-Vegetarian,mutton,Rich mutton curry paired with protein-heavy green peas mash.,60 mins heavy lifting,Mutton provides creatine and iron for mass gain.
530,Uttar Pradesh,Bulking,Lunch,Roti + Mutton Curry + Matar Nimona (Tawa-Seared),1045,67,88,40,12,Low,Medium,Medium,Gluten,"Wheat flour, Mutton, Green peas",Non-Vegetarian,Mutton,Prepare roti + mutton curry + matar nimona as a tawa-seared version with a protein-forward portion. Keep the meal substantial and pair it with a strength-training day.,45–60 mins resistance training,Pair with adequate protein intake and hydration. Contains gluten.
531,Uttar Pradesh,Bulking,Lunch,Roti + Mutton Korma + Kathal Sabzi (Thick Batter),1000,60,77,44,10,Medium,Medium,Medium,"Gluten, Dairy","Wheat flour, Mutton, Ghee, Jackfruit",Non-Vegetarian,Mutton,Prepare roti + mutton korma + kathal sabzi as a thick batter version with a protein-forward portion. Keep the meal substantial and pair it with a strength-training day.,45–60 mins resistance training,"Pair with adequate protein intake and hydration. Contains gluten, dairy."
532,Uttar Pradesh,Bulking,Lunch,Seekh Kebab (Hearty Bowl),355,27,9,19,1,Medium,Low,Medium,,"Minced meat, onion, herbs, spices",Non-Vegetarian,Mutton,Prepare seekh kebab as a hearty bowl version with a protein-forward portion. Keep the meal substantial and pair it with a strength-training day.,45–60 mins resistance training,Pair with adequate protein intake and hydration.
533,Uttar Pradesh,Bulking,Lunch,Tandoori Chicken (Lean Kebab),304,36,8,13,1,Medium,Medium,Low,,"Chicken, yoghurt, spices, lemon",Non-Vegetarian,Chicken,Prepare tandoori chicken as a lean kebab version with a protein-forward portion. Keep the meal substantial and pair it with a strength-training day.,45–60 mins resistance training,Pair with adequate protein intake and hydration.
534,Uttar Pradesh,Bulking,Lunch,Tunday Kababi (With Chana),421,29,20,19,2,Medium,Medium,Medium,,"Minced mutton, green chilli, garam masala, onion",Non-Vegetarian,Mutton,Prepare tunday kababi as a with chana version with a protein-forward portion. Keep the meal substantial and pair it with a strength-training day.,45–60 mins resistance training,Pair with adequate protein intake and hydration.
535,Uttar Pradesh,Bulking,Lunch,Yakhni Pulao (Grilled),568,26,62,17,1,Medium,Low,Medium,,"Rice, yakhni broth, meat, whole spices",Non-Vegetarian,Mutton,Prepare yakhni pulao as a grilled version with a protein-forward portion. Keep the meal substantial and pair it with a strength-training day.,45–60 mins resistance training,Pair with adequate protein intake and hydration.
536,Uttar Pradesh,Bulking,Lunch,Brown Rice + Urad Dal + Kundru Sabzi (Balanced Carb),427,17,66,5,11,Low,Medium,Medium,,"Brown rice, Black gram, Ivy gourd",Vegan,,Prepare brown rice + urad dal + kundru sabzi as a balanced carb version with a protein-forward portion. Keep the meal substantial and pair it with a strength-training day.,45–60 mins resistance training,Pair with adequate protein intake and hydration.
537,Uttar Pradesh,Bulking,Lunch,Jau Roti + Chana Dal + Turai Sabzi (Hearty Bowl),405,19,62,4,12,Medium,Low,Medium,Gluten,"Barley flour, Bengal gram, Ridge gourd",Vegan,,Prepare jau roti + chana dal + turai sabzi as a hearty bowl version with a protein-forward portion. Keep the meal substantial and pair it with a strength-training day.,45–60 mins resistance training,Pair with adequate protein intake and hydration. Contains gluten.
538,Uttar Pradesh,Bulking,Lunch,Missi Roti + Chana Dal + Bhindi Sabzi (Grilled),411,20,57,7,14,Medium,Low,Medium,Gluten,"Wheat flour, Gram flour, Bengal gram, Okra",Vegan,,Prepare missi roti + chana dal + bhindi sabzi as a grilled version with a protein-forward portion. Keep the meal substantial and pair it with a strength-training day.,45–60 mins resistance training,Pair with adequate protein intake and hydration. Contains gluten.
539,Uttar Pradesh,Bulking,Lunch,Missi Roti + Chana Dal + Karela Sabzi (Add Dal),402,20,55,8,14,Low,Medium,Medium,Gluten,"Wheat flour, Gram flour, Bengal gram, Bitter gourd",Vegan,,Prepare missi roti + chana dal + karela sabzi as a add dal version with a protein-forward portion. Keep the meal substantial and pair it with a strength-training day.,45–60 mins resistance training,Pair with adequate protein intake and hydration. Contains gluten.
540,Uttar Pradesh,Bulking,Lunch,Missi Roti + Urad Dal + Turai Sabzi (Lean Kebab),404,20,57,5,13,Medium,Medium,Medium,Gluten,"Wheat flour, Gram flour, Black gram, Ridge gourd",Vegan,,Prepare missi roti + urad dal + turai sabzi as a lean kebab version with a protein-forward portion. Keep the meal substantial and pair it with a strength-training day.,45–60 mins resistance training,Pair with adequate protein intake and hydration. Contains gluten.
541,Uttar Pradesh,Bulking,Lunch,Phulka + Arhar Dal + Bhindi Sabzi (Power Plate),534,20,77,11,12,Medium,Medium,Medium,Gluten,"Wheat flour, Pigeon peas, Okra",Vegan,,Prepare phulka + arhar dal + bhindi sabzi as a power plate version with a protein-forward portion. Keep the meal substantial and pair it with a strength-training day.,45–60 mins resistance training,Pair with adequate protein intake and hydration. Contains gluten.
542,Uttar Pradesh,Bulking,Lunch,Phulka + Arhar Dal + Kathal Sabzi (With Yakhni),411,19,60,6,13,Low,Low,Medium,Gluten,"Wheat flour, Pigeon peas, Jackfruit",Vegan,,Prepare phulka + arhar dal + kathal sabzi as a with yakhni version with a protein-forward portion. Keep the meal substantial and pair it with a strength-training day.,45–60 mins resistance training,Pair with adequate protein intake and hydration. Contains gluten.
543,Uttar Pradesh,Bulking,Lunch,Phulka + Chana Dal + Turai Sabzi (With Legumes),541,22,79,8,13,Low,Low,Medium,Gluten,"Wheat flour, Bengal gram, Ridge gourd",Vegan,,Prepare phulka + chana dal + turai sabzi as a with legumes version with a protein-forward portion. Keep the meal substantial and pair it with a strength-training day.,45–60 mins resistance training,Pair with adequate protein intake and hydration. Contains gluten.
544,Uttar Pradesh,Bulking,Lunch,Phulka + Rajma + Kathal Sabzi (Tawa-Seared),608,25,87,13,16,Low,Low,Low,Gluten,"Wheat flour, Kidney beans, Jackfruit",Vegan,,Prepare phulka + rajma + kathal sabzi as a tawa-seared version with a protein-forward portion. Keep the meal substantial and pair it with a strength-training day.,45–60 mins resistance training,Pair with adequate protein intake and hydration. Contains gluten.
545,Uttar Pradesh,Bulking,Lunch,Phulka + Urad Dal + Kathal Sabzi (With Chana),415,19,64,5,11,Medium,Medium,Medium,Gluten,"Wheat flour, Black gram, Jackfruit",Vegan,,Prepare phulka + urad dal + kathal sabzi as a with chana version with a protein-forward portion. Keep the meal substantial and pair it with a strength-training day.,45–60 mins resistance training,Pair with adequate protein intake and hydration. Contains gluten.
546,Uttar Pradesh,Bulking,Lunch,Rice + Masoor Dal + Aloo Gobi (Lean Meat),588,20,93,10,10,Medium,Low,Medium,,"White rice, Red lentils, Potato, Cauliflower",Vegan,,Prepare rice + masoor dal + aloo gobi as a lean meat version with a protein-forward portion. Keep the meal substantial and pair it with a strength-training day.,45–60 mins resistance training,Pair with adequate protein intake and hydration.
547,Uttar Pradesh,Bulking,Lunch,Rice + Matar Nimona + Parwal Sabzi (Protein-Rich),563,17,88,10,10,Medium,Medium,Medium,,"White rice, Green peas, Pointed gourd",Vegan,,Prepare rice + matar nimona + parwal sabzi as a protein-rich version with a protein-forward portion. Keep the meal substantial and pair it with a strength-training day.,45–60 mins resistance training,Pair with adequate protein intake and hydration.
548,Uttar Pradesh,Bulking,Lunch,Rice + Rajma + Aloo Matar (Double Portion),845,30,120,19,15,Low,Low,Low,,"Rice, Kidney beans, Potato, Green peas",Vegan,,Prepare rice + rajma + aloo matar as a double portion version with a protein-forward portion. Keep the meal substantial and pair it with a strength-training day.,45–60 mins resistance training,Pair with adequate protein intake and hydration.
549,Uttar Pradesh,Bulking,Lunch,Rice + Soya Chunk Curry + Arhar Dal (High Protein),912,59,104,19,14,Low,Low,Medium,,"Rice, Soya chunks, Pigeon peas",Vegan,,Prepare rice + soya chunk curry + arhar dal as a high protein version with a protein-forward portion. Keep the meal substantial and pair it with a strength-training day.,45–60 mins resistance training,Pair with adequate protein intake and hydration.
550,Uttar Pradesh,Bulking,Lunch,Rice + Urad Dal + Kundru Sabzi (Thick Batter),570,20,88,11,9,Medium,Medium,Medium,,"White rice, Black gram, Ivy gourd",Vegan,,Prepare rice + urad dal + kundru sabzi as a thick batter version with a protein-forward portion. Keep the meal substantial and pair it with a strength-training day.,45–60 mins resistance training,Pair with adequate protein intake and hydration.
551,Uttar Pradesh,Bulking,Lunch,Roti + Chhole + Bhindi Aloo (Extra Dal),868,30,115,23,16,Low,Low,Low,Gluten,"Wheat flour, Chickpeas, Okra, Potato",Vegan,,Prepare roti + chhole + bhindi aloo as a extra dal version with a protein-forward portion. Keep the meal substantial and pair it with a strength-training day.,45–60 mins resistance training,Pair with adequate protein intake and hydration. Contains gluten.
552,Uttar Pradesh,Bulking,Snack,Basket Chaat (Add Dal),219,9,37,10,6,High,High,High,Dairy,"Potato basket, chana, curd, chutneys, sev",Vegetarian,,Prepare basket chaat as a add dal version with a protein-forward portion. Keep the meal substantial and pair it with a strength-training day.,45–60 mins resistance training,Pair with adequate protein intake and hydration. Contains dairy.
553,Uttar Pradesh,Bulking,Snack,Besan Ladoo (Balanced Carb),308,10,46,17,2,Medium,Medium,Medium,"Gluten, Dairy","Gram flour, Sugar, Ghee",Vegetarian,,Prepare besan ladoo as a balanced carb version with a protein-forward portion. Keep the meal substantial and pair it with a strength-training day.,45–60 mins resistance training,"Pair with adequate protein intake and hydration. Contains gluten, dairy."
554,Uttar Pradesh,Bulking,Snack,Boiled Kala Chana + Peanuts,380,20,45,14,12,Low,Medium,Low,Peanut,"Black gram, Peanuts, Onion",Vegetarian,,Toss boiled chana with roasted peanuts and raw onions.,30 mins resistance training,Sustained energy and plant protein.
555,Uttar Pradesh,Bulking,Snack,Boiled Kala Chana + Peanuts (Tawa-Seared),338,26,50,15,12,Low,Low,Low,Nuts,"Black gram, Peanuts, Onion",Vegetarian,,Prepare boiled kala chana + peanuts as a tawa-seared version with a protein-forward portion. Keep the meal substantial and pair it with a strength-training day.,45–60 mins resistance training,Pair with adequate protein intake and hydration. Contains nuts.
556,Uttar Pradesh,Bulking,Snack,Choora (Roasted Poha) + Peanuts (Grilled),282,10,49,13,3,Medium,Medium,Medium,Nuts,"Flattened rice, Peanuts, Oil",Vegetarian,,Prepare choora (roasted poha) + peanuts as a grilled version with a protein-forward portion. Keep the meal substantial and pair it with a strength-training day.,45–60 mins resistance training,Pair with adequate protein intake and hydration. Contains nuts.
557,Uttar Pradesh,Bulking,Snack,Curd + Sattu + Jaggery,350,18,50,6,4,Medium,Low,Low,Milk,"Curd, Sattu, Jaggery",Vegetarian,,Mix sattu into sweetened curd.,30 mins resistance training,Pre-workout energy booster.
558,Uttar Pradesh,Bulking,Snack,Ghewar (Hearty Bowl),250,6,44,13,1,High,High,High,"Gluten, Dairy","Flour, ghee, sugar syrup, milk solids",Vegetarian,,Prepare ghewar as a hearty bowl version with a protein-forward portion. Keep the meal substantial and pair it with a strength-training day.,45–60 mins resistance training,"Pair with adequate protein intake and hydration. Contains gluten, dairy."
559,Uttar Pradesh,Bulking,Snack,Ghughni (Dried Yellow Peas) with Oil (Protein-Rich),266,18,44,8,8,Medium,Medium,Medium,,"Yellow peas, Mustard oil",Vegetarian,,Prepare ghughni (dried yellow peas) with oil as a protein-rich version with a protein-forward portion. Keep the meal substantial and pair it with a strength-training day.,45–60 mins resistance training,Pair with adequate protein intake and hydration.
560,Uttar Pradesh,Bulking,Snack,Mathura Peda (With Yakhni),264,8,49,10,1,High,High,High,Dairy,"Khoya, Sugar, Cardamom",Vegetarian,,Prepare mathura peda as a with yakhni version with a protein-forward portion. Keep the meal substantial and pair it with a strength-training day.,45–60 mins resistance training,Pair with adequate protein intake and hydration. Contains dairy.
561,Uttar Pradesh,Bulking,Snack,Milk Banana Shake + Sattu,450,20,65,10,5,High,Low,Low,Milk,"Milk, Banana, Sattu powder",Vegetarian,,Blend sattu and banana in milk for a thick shake.,30 mins resistance training,Incredible liquid calories and protein for bulking.
562,Uttar Pradesh,Bulking,Snack,Milk Banana Shake + Sattu (High Protein),399,26,72,11,5,Low,Low,Medium,Dairy,"Milk, Banana, Sattu powder",Vegetarian,,Prepare milk banana shake + sattu as a high protein version with a protein-forward portion. Keep the meal substantial and pair it with a strength-training day.,45–60 mins resistance training,Pair with adequate protein intake and hydration. Contains dairy.
563,Uttar Pradesh,Bulking,Snack,Paneer Bhurji (100g) + 2 Bread Slices,400,24,35,18,3,Medium,Medium,Medium,Gluten/Milk,"Paneer, Bread, Onion",Vegetarian,,Scramble paneer with spices and eat with bread.,30 mins resistance training,Paneer provides high quality casein protein.
564,Uttar Pradesh,Bulking,Snack,Paneer Bhurji (100g) + 2 Bread Slices (Double Portion),357,31,39,19,3,Low,Low,Low,Dairy,"Paneer, Bread, Onion",Vegetarian,,Prepare paneer bhurji (100g) + 2 bread slices as a double portion version with a protein-forward portion. Keep the meal substantial and pair it with a strength-training day.,45–60 mins resistance training,Pair with adequate protein intake and hydration. Contains dairy.
565,Uttar Pradesh,Bulking,Snack,Rabri (Lean Kebab),266,12,37,15,0,High,High,High,"Dairy, Nuts","Reduced milk, sugar, saffron, nuts",Vegetarian,,Prepare rabri as a lean kebab version with a protein-forward portion. Keep the meal substantial and pair it with a strength-training day.,45–60 mins resistance training,"Pair with adequate protein intake and hydration. Contains dairy, nuts."
566,Uttar Pradesh,Bulking,Snack,Roasted Chana + Milk,320,18,40,8,6,Medium,Low,Low,Milk,"Bengal gram, Milk",Vegetarian,,Eat chana and drink milk.,30 mins resistance training,Classic Indian wrestler snack.
567,Uttar Pradesh,Bulking,Snack,Roasted Chana + Milk (Lean Meat),281,23,44,8,6,Low,Medium,Low,Dairy,"Bengal gram, Milk",Vegetarian,,Prepare roasted chana + milk as a lean meat version with a protein-forward portion. Keep the meal substantial and pair it with a strength-training day.,45–60 mins resistance training,Pair with adequate protein intake and hydration. Contains dairy.
568,Uttar Pradesh,Bulking,Snack,Roasted Chana + Peanuts + Milk,420,22,45,18,7,Medium,Low,Medium,Peanut/Milk,"Bengal gram, Peanuts, Milk",Vegetarian,,Consume chana and peanuts alongside a glass of whole milk.,30 mins resistance training,Milk provides casein for sustained amino acid release.
569,Uttar Pradesh,Bulking,Snack,Roasted Chana + Peanuts + Milk (Extra Dal),373,28,50,19,7,Low,Low,Low,"Dairy, Nuts","Bengal gram, Peanuts, Milk",Vegetarian,,Prepare roasted chana + peanuts + milk as a extra dal version with a protein-forward portion. Keep the meal substantial and pair it with a strength-training day.,45–60 mins resistance training,"Pair with adequate protein intake and hydration. Contains dairy, nuts."
570,Uttar Pradesh,Bulking,Snack,Roasted Peanuts + Jaggery (Power Plate),311,15,39,19,4,Medium,Medium,Medium,Nuts,"Peanuts, Jaggery",Vegetarian,,Prepare roasted peanuts + jaggery as a power plate version with a protein-forward portion. Keep the meal substantial and pair it with a strength-training day.,45–60 mins resistance training,Pair with adequate protein intake and hydration. Contains nuts.
571,Uttar Pradesh,Bulking,Snack,Samosa with Chutney (Thick Batter),352,8,53,21,4,Medium,Medium,Medium,Gluten,"Refined flour, Potato, Oil",Vegetarian,,Prepare samosa with chutney as a thick batter version with a protein-forward portion. Keep the meal substantial and pair it with a strength-training day.,45–60 mins resistance training,Pair with adequate protein intake and hydration. Contains gluten.
572,Uttar Pradesh,Bulking,Snack,Shahi Tukda (With Chana),285,9,42,15,1,Medium,Medium,Medium,"Dairy, Nuts","Bread, milk, sugar, ghee, nuts",Vegetarian,,Prepare shahi tukda as a with chana version with a protein-forward portion. Keep the meal substantial and pair it with a strength-training day.,45–60 mins resistance training,"Pair with adequate protein intake and hydration. Contains dairy, nuts."
573,Uttar Pradesh,Bulking,Snack,Shakarpara (With Legumes),334,5,66,15,1,Medium,Medium,Medium,"Gluten, Dairy","Refined flour, Sugar, Ghee",Vegetarian,,Prepare shakarpara as a with legumes version with a protein-forward portion. Keep the meal substantial and pair it with a strength-training day.,45–60 mins resistance training,"Pair with adequate protein intake and hydration. Contains gluten, dairy."
574,Uttar Pradesh,Bulking,Snack,5 Boiled Egg Whites + 2 Whole Eggs,250,28,2,12,0,Low,Medium,High,Egg,Eggs,Non-Vegetarian,egg,Consume eggs plain or with a pinch of black pepper.,30 mins resistance training,Pure protein blast with healthy fats from yolks.
575,Uttar Pradesh,Bulking,Snack,Rice + Chicken Curry + Parwal Aloo (With Yakhni),688,54,93,31,8,Low,Low,Low,,"White rice, Chicken, Pointed gourd, Potato",Non-Vegetarian,Chicken,Prepare rice + chicken curry + parwal aloo as a with yakhni version with a protein-forward portion. Keep the meal substantial and pair it with a strength-training day.,45–60 mins resistance training,Pair with adequate protein intake and hydration.
576,Uttar Pradesh,Bulking,Snack,Rice + Chicken Korma + Gobi Aloo (Tawa-Seared),752,70,97,32,9,Low,Medium,Low,,"Rice, Chicken, Cauliflower, Potato",Non-Vegetarian,Chicken,Prepare rice + chicken korma + gobi aloo as a tawa-seared version with a protein-forward portion. Keep the meal substantial and pair it with a strength-training day.,45–60 mins resistance training,Pair with adequate protein intake and hydration.
577,Uttar Pradesh,Bulking,Snack,Rice + Chicken Korma + Palak (Thick Batter),708,74,94,25,8,Medium,Medium,Low,,"Rice, Chicken, Spinach",Non-Vegetarian,Chicken,Prepare rice + chicken korma + palak as a thick batter version with a protein-forward portion. Keep the meal substantial and pair it with a strength-training day.,45–60 mins resistance training,Pair with adequate protein intake and hydration.
578,Uttar Pradesh,Bulking,Snack,Rice + Chicken Salan + Dal + Aloo Sabzi (High Protein),755,74,105,27,8,Low,Low,Low,,"Rice, Chicken, Lentils, Potato",Non-Vegetarian,Chicken,Prepare rice + chicken salan + dal + aloo sabzi as a high protein version with a protein-forward portion. Keep the meal substantial and pair it with a strength-training day.,45–60 mins resistance training,Pair with adequate protein intake and hydration.
579,Uttar Pradesh,Bulking,Snack,Rice + Mutton Bhuna + Kathal Sabzi (Extra Dal),783,64,99,40,12,Medium,Medium,Medium,,"Rice, Mutton, Jackfruit",Non-Vegetarian,Mutton,Prepare rice + mutton bhuna + kathal sabzi as a extra dal version with a protein-forward portion. Keep the meal substantial and pair it with a strength-training day.,45–60 mins resistance training,Pair with adequate protein intake and hydration.
580,Uttar Pradesh,Bulking,Snack,Rice + Mutton Salan + Lauki Sabzi (Power Plate),730,61,94,34,7,Medium,Medium,Medium,,"Rice, Mutton, Bottle gourd",Non-Vegetarian,Mutton,Prepare rice + mutton salan + lauki sabzi as a power plate version with a protein-forward portion. Keep the meal substantial and pair it with a strength-training day.,45–60 mins resistance training,Pair with adequate protein intake and hydration.
581,Uttar Pradesh,Bulking,Snack,Rice + Mutton Salan + Sabzi (Grilled),730,57,88,37,7,Medium,Low,Medium,,"Rice, Mutton, Mixed vegetables",Non-Vegetarian,Mutton,Prepare rice + mutton salan + sabzi as a grilled version with a protein-forward portion. Keep the meal substantial and pair it with a strength-training day.,45–60 mins resistance training,Pair with adequate protein intake and hydration.
582,Uttar Pradesh,Bulking,Snack,Roti + Anda Curry + Nenua Sabzi (Add Dal),659,49,88,30,9,High,High,High,"Gluten, Egg","Wheat flour, Eggs, Sponge gourd",Non-Vegetarian,Mutton,Prepare roti + anda curry + nenua sabzi as a add dal version with a protein-forward portion. Keep the meal substantial and pair it with a strength-training day.,45–60 mins resistance training,"Pair with adequate protein intake and hydration. Contains gluten, egg."
583,Uttar Pradesh,Bulking,Snack,Roti + Anda Curry + Palak Sabzi (Hearty Bowl),664,51,90,27,11,High,High,High,"Gluten, Egg","Wheat flour, Eggs, Spinach",Non-Vegetarian,Mutton,Prepare roti + anda curry + palak sabzi as a hearty bowl version with a protein-forward portion. Keep the meal substantial and pair it with a strength-training day.,45–60 mins resistance training,"Pair with adequate protein intake and hydration. Contains gluten, egg."
584,Uttar Pradesh,Bulking,Snack,Roti + Chicken Curry + Chana Dal (Double Portion),704,78,93,23,10,Medium,Low,Low,Gluten,"Wheat flour, Chicken, Bengal gram",Non-Vegetarian,Chicken,Prepare roti + chicken curry + chana dal as a double portion version with a protein-forward portion. Keep the meal substantial and pair it with a strength-training day.,45–60 mins resistance training,Pair with adequate protein intake and hydration. Contains gluten.
585,Uttar Pradesh,Bulking,Snack,Roti + Chicken Masala + Kathal Sabzi (Balanced Carb),730,61,83,37,9,Low,Medium,Low,Gluten,"Wheat flour, Chicken, Jackfruit, Oil",Non-Vegetarian,Chicken,Prepare roti + chicken masala + kathal sabzi as a balanced carb version with a protein-forward portion. Keep the meal substantial and pair it with a strength-training day.,45–60 mins resistance training,Pair with adequate protein intake and hydration. Contains gluten.
586,Uttar Pradesh,Bulking,Snack,Roti + Egg Bhurji + Arhar Dal (Lean Kebab),643,54,89,25,10,Medium,Medium,Medium,"Gluten, Egg","Wheat flour, Eggs, Pigeon peas",Non-Vegetarian,Mutton,Prepare roti + egg bhurji + arhar dal as a lean kebab version with a protein-forward portion. Keep the meal substantial and pair it with a strength-training day.,45–60 mins resistance training,"Pair with adequate protein intake and hydration. Contains gluten, egg."
587,Uttar Pradesh,Bulking,Snack,Roti + Keema Matar + Dal (With Legumes),721,67,82,33,12,Low,Low,Medium,Gluten,"Wheat flour, Minced meat, Green peas, Lentils",Non-Vegetarian,Mutton,Prepare roti + keema matar + dal as a with legumes version with a protein-forward portion. Keep the meal substantial and pair it with a strength-training day.,45–60 mins resistance training,Pair with adequate protein intake and hydration. Contains gluten.
588,Uttar Pradesh,Bulking,Snack,Roti + Mutton Curry + Matar Nimona (Lean Meat),772,67,87,40,12,Medium,Low,Medium,Gluten,"Wheat flour, Mutton, Green peas",Non-Vegetarian,Mutton,Prepare roti + mutton curry + matar nimona as a lean meat version with a protein-forward portion. Keep the meal substantial and pair it with a strength-training day.,45–60 mins resistance training,Pair with adequate protein intake and hydration. Contains gluten.
589,Uttar Pradesh,Bulking,Snack,Roti + Mutton Keema + Bhindi (With Chana),686,64,77,38,10,Medium,Medium,Medium,Gluten,"Wheat flour, Minced mutton, Okra",Non-Vegetarian,Mutton,Prepare roti + mutton keema + bhindi as a with chana version with a protein-forward portion. Keep the meal substantial and pair it with a strength-training day.,45–60 mins resistance training,Pair with adequate protein intake and hydration. Contains gluten.
590,Uttar Pradesh,Bulking,Snack,Roti + Mutton Korma + Kathal Sabzi (Protein-Rich),748,60,77,44,10,Medium,Low,Medium,"Gluten, Dairy","Wheat flour, Mutton, Ghee, Jackfruit",Non-Vegetarian,Mutton,Prepare roti + mutton korma + kathal sabzi as a protein-rich version with a protein-forward portion. Keep the meal substantial and pair it with a strength-training day.,45–60 mins resistance training,"Pair with adequate protein intake and hydration. Contains gluten, dairy."
591,Uttar Pradesh,Bulking,Snack,Bhuna Chana (Balanced Carb),114,9,22,2,6,Medium,Medium,Medium,,Roasted Bengal gram,Vegan,,Prepare bhuna chana as a balanced carb version with a protein-forward portion. Keep the meal substantial and pair it with a strength-training day.,45–60 mins resistance training,Pair with adequate protein intake and hydration.
592,Uttar Pradesh,Bulking,Snack,Boiled Kala Chana (Protein-Rich),125,10,24,2,7,Medium,Medium,Medium,,"Black gram, Onion, Lemon",Vegan,,Prepare boiled kala chana as a protein-rich version with a protein-forward portion. Keep the meal substantial and pair it with a strength-training day.,45–60 mins resistance training,Pair with adequate protein intake and hydration.
593,Uttar Pradesh,Bulking,Snack,Boiled Kala Chana + Peanuts (High Protein),339,25,50,15,12,Low,Low,Low,Nuts,"Black gram, Peanuts, Onion",Vegan,,Prepare boiled kala chana + peanuts as a high protein version with a protein-forward portion. Keep the meal substantial and pair it with a strength-training day.,45–60 mins resistance training,Pair with adequate protein intake and hydration. Contains nuts.
594,Uttar Pradesh,Bulking,Snack,Choora (Roasted Poha) + Peanuts (Lean Meat),284,10,50,13,3,Low,Medium,Low,Nuts,"Flattened rice, Peanuts, Oil",Vegan,,Prepare choora (roasted poha) + peanuts as a lean meat version with a protein-forward portion. Keep the meal substantial and pair it with a strength-training day.,45–60 mins resistance training,Pair with adequate protein intake and hydration. Contains nuts.
595,Uttar Pradesh,Bulking,Snack,Dehati Rasgulla (Thick Batter),231,7,40,7,0,Medium,Medium,Medium,,"Chhena, sugar syrup, cardamom",Vegan,,Prepare dehati rasgulla as a thick batter version with a protein-forward portion. Keep the meal substantial and pair it with a strength-training day.,45–60 mins resistance training,Pair with adequate protein intake and hydration.
596,Uttar Pradesh,Bulking,Snack,Ghughni (Dried Yellow Peas) with Oil (Tawa-Seared),263,17,44,8,8,Low,Low,Low,,"Yellow peas, Mustard oil",Vegan,,Prepare ghughni (dried yellow peas) with oil as a tawa-seared version with a protein-forward portion. Keep the meal substantial and pair it with a strength-training day.,45–60 mins resistance training,Pair with adequate protein intake and hydration.
597,Uttar Pradesh,Bulking,Snack,Guava with Black Pepper (Add Dal),71,1,20,0,5,High,High,High,,"Guava, Black pepper",Vegan,,Prepare guava with black pepper as a add dal version with a protein-forward portion. Keep the meal substantial and pair it with a strength-training day.,45–60 mins resistance training,Pair with adequate protein intake and hydration.
598,Uttar Pradesh,Bulking,Snack,Roasted Chana (Grilled),107,7,22,2,6,Medium,Medium,Medium,,Bengal gram,Vegan,,Prepare roasted chana as a grilled version with a protein-forward portion. Keep the meal substantial and pair it with a strength-training day.,45–60 mins resistance training,Pair with adequate protein intake and hydration.
599,Uttar Pradesh,Bulking,Snack,Roasted Chana + Peanuts (Power Plate),141,10,20,6,5,Medium,Medium,Medium,Nuts,"Bengal gram, Peanuts",Vegan,,Prepare roasted chana + peanuts as a power plate version with a protein-forward portion. Keep the meal substantial and pair it with a strength-training day.,45–60 mins resistance training,Pair with adequate protein intake and hydration. Contains nuts.
600,Uttar Pradesh,Bulking,Snack,Roasted Makhana (Lean Kebab),98,4,17,4,3,High,High,High,Nuts,Fox nuts,Vegan,,Prepare roasted makhana as a lean kebab version with a protein-forward portion. Keep the meal substantial and pair it with a strength-training day.,45–60 mins resistance training,Pair with adequate protein intake and hydration. Contains nuts.
601,Uttar Pradesh,Bulking,Snack,Roasted Peanuts (With Chana),141,9,5,15,2,Medium,Medium,Medium,Nuts,Peanuts,Vegan,,Prepare roasted peanuts as a with chana version with a protein-forward portion. Keep the meal substantial and pair it with a strength-training day.,45–60 mins resistance training,Pair with adequate protein intake and hydration. Contains nuts.
602,Uttar Pradesh,Bulking,Snack,Roasted Peanuts + Jaggery (Double Portion),308,15,38,19,4,Low,Low,Low,Nuts,"Peanuts, Jaggery",Vegan,,Prepare roasted peanuts + jaggery as a double portion version with a protein-forward portion. Keep the meal substantial and pair it with a strength-training day.,45–60 mins resistance training,Pair with adequate protein intake and hydration. Contains nuts.
603,Uttar Pradesh,Bulking,Snack,Samosa with Chutney (Extra Dal),351,7,52,21,4,Low,Low,Low,Gluten,"Refined flour, Potato, Oil",Vegan,,Prepare samosa with chutney as a extra dal version with a protein-forward portion. Keep the meal substantial and pair it with a strength-training day.,45–60 mins resistance training,Pair with adequate protein intake and hydration. Contains gluten.
604,Uttar Pradesh,Bulking,Snack,Sattu Sherbet (With Legumes),133,10,28,1,4,Low,Low,Medium,Gluten,"Roasted gram flour, Cumin, Lemon",Vegan,,Prepare sattu sherbet as a with legumes version with a protein-forward portion. Keep the meal substantial and pair it with a strength-training day.,45–60 mins resistance training,Pair with adequate protein intake and hydration. Contains gluten.
605,Uttar Pradesh,Bulking,Snack,Unsalted Makhana (Hearty Bowl),88,4,16,3,3,High,High,High,Nuts,Fox nuts,Vegan,,Prepare unsalted makhana as a hearty bowl version with a protein-forward portion. Keep the meal substantial and pair it with a strength-training day.,45–60 mins resistance training,Pair with adequate protein intake and hydration. Contains nuts.
606,Uttar Pradesh,Bulking,Snack,Unsalted Peanuts (With Yakhni),134,7,6,14,2,High,High,High,Nuts,Peanuts,Vegan,,Prepare unsalted peanuts as a with yakhni version with a protein-forward portion. Keep the meal substantial and pair it with a strength-training day.,45–60 mins resistance training,Pair with adequate protein intake and hydration. Contains nuts.
607,Uttar Pradesh,Bulking,Dinner,Brown Rice + Moong Dal (With Yakhni),309,14,57,3,7,Low,Low,Medium,,"Brown rice, Green gram",Vegetarian,,Prepare brown rice + moong dal as a with yakhni version with a protein-forward portion. Keep the meal substantial and pair it with a strength-training day.,45–60 mins resistance training,Pair with adequate protein intake and hydration.
608,Uttar Pradesh,Bulking,Dinner,Dalia Khichdi + Bathua Saag (Add Dal),285,13,53,3,10,Low,Medium,Medium,Gluten,"Broken wheat, Bathua leaves",Vegetarian,,Prepare dalia khichdi + bathua saag as a add dal version with a protein-forward portion. Keep the meal substantial and pair it with a strength-training day.,45–60 mins resistance training,Pair with adequate protein intake and hydration. Contains gluten.
609,Uttar Pradesh,Bulking,Dinner,Dalia Khichdi + Parwal Sabzi (Hearty Bowl),305,13,52,4,10,Medium,Low,Medium,Gluten,"Broken wheat, Moong dal, Pointed gourd",Vegetarian,,Prepare dalia khichdi + parwal sabzi as a hearty bowl version with a protein-forward portion. Keep the meal substantial and pair it with a strength-training day.,45–60 mins resistance training,Pair with adequate protein intake and hydration. Contains gluten.
610,Uttar Pradesh,Bulking,Dinner,Jau Roti + Moong Dal + Lauki Sabzi (With Chana),316,18,52,4,12,Medium,Medium,Medium,Gluten,"Barley flour, Green gram, Bottle gourd",Vegetarian,,Prepare jau roti + moong dal + lauki sabzi as a with chana version with a protein-forward portion. Keep the meal substantial and pair it with a strength-training day.,45–60 mins resistance training,Pair with adequate protein intake and hydration. Contains gluten.
611,Uttar Pradesh,Bulking,Dinner,Moong Dal Khichdi (Lean Kebab),296,15,53,4,8,Medium,Medium,Medium,,"Rice, Green gram, Cumin",Vegetarian,,Prepare moong dal khichdi as a lean kebab version with a protein-forward portion. Keep the meal substantial and pair it with a strength-training day.,45–60 mins resistance training,Pair with adequate protein intake and hydration.
612,Uttar Pradesh,Bulking,Dinner,Puri + Aloo Sabzi + Boondi Raita (Lean Meat),726,15,94,34,6,Low,Medium,Low,"Gluten, Dairy","Wheat flour, Potato, Oil, Gram flour, Curd",Vegetarian,,Prepare puri + aloo sabzi + boondi raita as a lean meat version with a protein-forward portion. Keep the meal substantial and pair it with a strength-training day.,45–60 mins resistance training,"Pair with adequate protein intake and hydration. Contains gluten, dairy."
613,Uttar Pradesh,Bulking,Dinner,Rice + Lauki Sabzi + Masoor Dal (Protein-Rich),459,18,83,6,9,Medium,Low,Medium,,"White rice, Bottle gourd, Red lentils",Vegetarian,,Prepare rice + lauki sabzi + masoor dal as a protein-rich version with a protein-forward portion. Keep the meal substantial and pair it with a strength-training day.,45–60 mins resistance training,Pair with adequate protein intake and hydration.
614,Uttar Pradesh,Bulking,Dinner,Rice + Soya Bean Sabzi + Dal,740,42,90,16,15,Medium,Medium,Low,Soy,"Rice, Soya chunks, Lentils",Vegetarian,,Double up on plant proteins with soya and lentils.,60 mins hypertrophy training,Great alternative for vegetarian bodybuilders.
615,Uttar Pradesh,Bulking,Dinner,Rice + Soya Bean Sabzi + Dal (High Protein),779,53,98,17,15,Low,Low,Medium,,"Rice, Soya chunks, Lentils",Vegetarian,,Prepare rice + soya bean sabzi + dal as a high protein version with a protein-forward portion. Keep the meal substantial and pair it with a strength-training day.,45–60 mins resistance training,Pair with adequate protein intake and hydration.
616,Uttar Pradesh,Bulking,Dinner,Roti + Arhar Dal + Nenua Sabzi (Balanced Carb),450,19,75,8,11,Low,Medium,Medium,Gluten,"Wheat flour, Pigeon peas, Sponge gourd",Vegetarian,,Prepare roti + arhar dal + nenua sabzi as a balanced carb version with a protein-forward portion. Keep the meal substantial and pair it with a strength-training day.,45–60 mins resistance training,Pair with adequate protein intake and hydration. Contains gluten.
617,Uttar Pradesh,Bulking,Dinner,Roti + Chana Dal + Parwal Sabzi (Thick Batter),471,21,78,8,11,Medium,Medium,Medium,Gluten,"Wheat flour, Bengal gram, Pointed gourd",Vegetarian,,Prepare roti + chana dal + parwal sabzi as a thick batter version with a protein-forward portion. Keep the meal substantial and pair it with a strength-training day.,45–60 mins resistance training,Pair with adequate protein intake and hydration. Contains gluten.
618,Uttar Pradesh,Bulking,Dinner,Roti + Malai Kofta + Dal (Double Portion),821,28,93,40,8,Medium,Low,Medium,"Gluten, Dairy","Wheat flour, Paneer, Potato, Cream",Vegetarian,,Prepare roti + malai kofta + dal as a double portion version with a protein-forward portion. Keep the meal substantial and pair it with a strength-training day.,45–60 mins resistance training,"Pair with adequate protein intake and hydration. Contains gluten, dairy."
619,Uttar Pradesh,Bulking,Dinner,Roti + Moong Dal + Bhindi (Power Plate),458,21,73,11,12,Medium,Medium,Medium,Gluten,"Wheat flour, Green gram, Okra",Vegetarian,,Prepare roti + moong dal + bhindi as a power plate version with a protein-forward portion. Keep the meal substantial and pair it with a strength-training day.,45–60 mins resistance training,Pair with adequate protein intake and hydration. Contains gluten.
620,Uttar Pradesh,Bulking,Dinner,Roti + Palak Paneer + Salad (With Legumes),511,23,66,17,10,Medium,Medium,Medium,"Gluten, Dairy","Wheat flour, Spinach, Paneer",Vegetarian,,Prepare roti + palak paneer + salad as a with legumes version with a protein-forward portion. Keep the meal substantial and pair it with a strength-training day.,45–60 mins resistance training,"Pair with adequate protein intake and hydration. Contains gluten, dairy."
621,Uttar Pradesh,Bulking,Dinner,Roti + Paneer Butter Masala + Jeera Rice (Extra Dal),842,32,93,40,6,Low,Low,Low,"Gluten, Dairy","Wheat flour, Paneer, Butter, Rice",Vegetarian,,Prepare roti + paneer butter masala + jeera rice as a extra dal version with a protein-forward portion. Keep the meal substantial and pair it with a strength-training day.,45–60 mins resistance training,"Pair with adequate protein intake and hydration. Contains gluten, dairy."
622,Uttar Pradesh,Bulking,Dinner,Tehri + Cucumber Raita (Grilled),421,15,71,8,7,Medium,Medium,Medium,"Dairy, Egg","Rice, Mixed veggies, Curd, Cucumber",Vegetarian,,Prepare tehri + cucumber raita as a grilled version with a protein-forward portion. Keep the meal substantial and pair it with a strength-training day.,45–60 mins resistance training,"Pair with adequate protein intake and hydration. Contains dairy, egg."
623,Uttar Pradesh,Bulking,Dinner,Tehri + Ghee + Curd (Tawa-Seared),692,19,105,23,8,Low,Low,Low,Dairy,"Rice, Potato, Cauliflower, Ghee, Curd",Vegetarian,,Prepare tehri + ghee + curd as a tawa-seared version with a protein-forward portion. Keep the meal substantial and pair it with a strength-training day.,45–60 mins resistance training,Pair with adequate protein intake and hydration. Contains dairy.
624,Uttar Pradesh,Bulking,Dinner,Chicken Yakhni (With Chana),296,32,9,15,1,Medium,Medium,Low,,"Chicken, bone broth, ginger, cloves",Non-Vegetarian,Chicken,Prepare chicken yakhni as a with chana version with a protein-forward portion. Keep the meal substantial and pair it with a strength-training day.,45–60 mins resistance training,Pair with adequate protein intake and hydration.
625,Uttar Pradesh,Bulking,Dinner,Galouti Kebab (Grilled),363,28,11,23,1,Medium,Low,Medium,,"Minced mutton, papaya paste, aromatic spices",Non-Vegetarian,Mutton,Prepare galouti kebab as a grilled version with a protein-forward portion. Keep the meal substantial and pair it with a strength-training day.,45–60 mins resistance training,Pair with adequate protein intake and hydration.
626,Uttar Pradesh,Bulking,Dinner,Kakori Kebab (Balanced Carb),381,27,9,25,1,Low,Medium,Medium,Nuts,"Minced mutton, cashew, cream, spices",Non-Vegetarian,Mutton,Prepare kakori kebab as a balanced carb version with a protein-forward portion. Keep the meal substantial and pair it with a strength-training day.,45–60 mins resistance training,Pair with adequate protein intake and hydration. Contains nuts.
627,Uttar Pradesh,Bulking,Dinner,Mutton Yakhni (Protein-Rich),401,31,11,23,1,Medium,Low,Medium,,"Mutton, bone broth, ginger, whole spices",Non-Vegetarian,Mutton,Prepare mutton yakhni as a protein-rich version with a protein-forward portion. Keep the meal substantial and pair it with a strength-training day.,45–60 mins resistance training,Pair with adequate protein intake and hydration.
628,Uttar Pradesh,Bulking,Dinner,Rice + Chicken Korma + Palak,800,55,85,24,8,High,Medium,High,,"Rice, Chicken, Spinach",Non-Vegetarian,chicken,"Chicken provides protein, spinach provides iron.",60 mins hypertrophy training,Iron aids in muscle recovery.
629,Uttar Pradesh,Bulking,Dinner,Rice + Chicken Korma + Palak (Extra Dal),847,74,93,25,8,Medium,Medium,Low,,"Rice, Chicken, Spinach",Non-Vegetarian,Chicken,Prepare rice + chicken korma + palak as a extra dal version with a protein-forward portion. Keep the meal substantial and pair it with a strength-training day.,45–60 mins resistance training,Pair with adequate protein intake and hydration.
630,Uttar Pradesh,Bulking,Dinner,Rice + Chicken Salan + Dal + Aloo Sabzi (Hearty Bowl),905,74,105,27,8,Medium,Low,Low,,"Rice, Chicken, Lentils, Potato",Non-Vegetarian,Chicken,Prepare rice + chicken salan + dal + aloo sabzi as a hearty bowl version with a protein-forward portion. Keep the meal substantial and pair it with a strength-training day.,45–60 mins resistance training,Pair with adequate protein intake and hydration.
631,Uttar Pradesh,Bulking,Dinner,Rice + Mutton Bhuna + Kathal Sabzi (Add Dal),940,64,99,40,12,Low,Medium,Medium,,"Rice, Mutton, Jackfruit",Non-Vegetarian,Mutton,Prepare rice + mutton bhuna + kathal sabzi as a add dal version with a protein-forward portion. Keep the meal substantial and pair it with a strength-training day.,45–60 mins resistance training,Pair with adequate protein intake and hydration.
632,Uttar Pradesh,Bulking,Dinner,Rice + Mutton Salan + Lauki Sabzi,820,45,85,32,7,High,Medium,High,,"Rice, Mutton, Bottle gourd",Non-Vegetarian,mutton,Balance the heavy mutton with hydrating lauki.,60 mins hypertrophy training,Red meat fuels strength and size.
633,Uttar Pradesh,Bulking,Dinner,Rice + Mutton Salan + Lauki Sabzi (Double Portion),868,60,93,34,7,Medium,Low,Medium,,"Rice, Mutton, Bottle gourd",Non-Vegetarian,Mutton,Prepare rice + mutton salan + lauki sabzi as a double portion version with a protein-forward portion. Keep the meal substantial and pair it with a strength-training day.,45–60 mins resistance training,Pair with adequate protein intake and hydration.
634,Uttar Pradesh,Bulking,Dinner,Rice + Mutton Salan + Sabzi (Lean Meat),863,56,87,36,7,Medium,Low,Medium,,"Rice, Mutton, Mixed vegetables",Non-Vegetarian,Mutton,Prepare rice + mutton salan + sabzi as a lean meat version with a protein-forward portion. Keep the meal substantial and pair it with a strength-training day.,45–60 mins resistance training,Pair with adequate protein intake and hydration.
635,Uttar Pradesh,Bulking,Dinner,Rohu Fish Curry (With Yakhni),266,24,11,12,1,Low,Low,Low,,"Rohu fish, tomato, mustard, spices",Non-Vegetarian,Fish,Prepare rohu fish curry as a with yakhni version with a protein-forward portion. Keep the meal substantial and pair it with a strength-training day.,45–60 mins resistance training,Pair with adequate protein intake and hydration.
636,Uttar Pradesh,Bulking,Dinner,Roti + Anda Curry + Nenua Sabzi,740,36,80,28,9,Medium,Medium,High,Gluten/Egg,"Wheat flour, Eggs, Sponge gourd",Non-Vegetarian,egg,Thick egg curry with hydrating sponge gourd.,60 mins hypertrophy training,Balances heavy protein with light vegetables.
637,Uttar Pradesh,Bulking,Dinner,Roti + Anda Curry + Nenua Sabzi (Power Plate),786,48,88,29,9,Medium,Medium,Medium,"Gluten, Egg","Wheat flour, Eggs, Sponge gourd",Non-Vegetarian,Mutton,Prepare roti + anda curry + nenua sabzi as a power plate version with a protein-forward portion. Keep the meal substantial and pair it with a strength-training day.,45–60 mins resistance training,"Pair with adequate protein intake and hydration. Contains gluten, egg."
638,Uttar Pradesh,Bulking,Dinner,Roti + Chicken Curry + Chana Dal,800,58,85,22,10,Medium,Medium,High,Gluten,"Wheat flour, Chicken, Bengal gram",Non-Vegetarian,chicken,Combine chicken and chana dal for a massive protein boost.,60 mins hypertrophy training,Ideal post-workout recovery meal.
639,Uttar Pradesh,Bulking,Dinner,Roti + Chicken Curry + Chana Dal (High Protein),852,78,94,23,10,Low,Low,Low,Gluten,"Wheat flour, Chicken, Bengal gram",Non-Vegetarian,Chicken,Prepare roti + chicken curry + chana dal as a high protein version with a protein-forward portion. Keep the meal substantial and pair it with a strength-training day.,45–60 mins resistance training,Pair with adequate protein intake and hydration. Contains gluten.
640,Uttar Pradesh,Bulking,Dinner,Roti + Chicken Masala + Kathal Sabzi (Tawa-Seared),863,60,82,36,9,Low,Medium,Low,Gluten,"Wheat flour, Chicken, Jackfruit, Oil",Non-Vegetarian,Chicken,Prepare roti + chicken masala + kathal sabzi as a tawa-seared version with a protein-forward portion. Keep the meal substantial and pair it with a strength-training day.,45–60 mins resistance training,Pair with adequate protein intake and hydration. Contains gluten.
641,Uttar Pradesh,Bulking,Dinner,Roti + Egg Bhurji + Arhar Dal,720,40,80,24,10,Medium,Medium,Medium,Gluten/Egg,"Wheat flour, Eggs, Pigeon peas",Non-Vegetarian,egg,Make bhurji with 4 eggs and serve with thick dal.,60 mins hypertrophy training,Double protein source from eggs and dal.
642,Uttar Pradesh,Bulking,Dinner,Roti + Egg Bhurji + Arhar Dal (With Legumes),772,54,89,25,10,Low,Low,Medium,"Gluten, Egg","Wheat flour, Eggs, Pigeon peas",Non-Vegetarian,Mutton,Prepare roti + egg bhurji + arhar dal as a with legumes version with a protein-forward portion. Keep the meal substantial and pair it with a strength-training day.,45–60 mins resistance training,"Pair with adequate protein intake and hydration. Contains gluten, egg."
643,Uttar Pradesh,Bulking,Dinner,Roti + Mutton Keema + Bhindi,780,48,70,36,10,Medium,High,High,Gluten,"Wheat flour, Minced mutton, Okra",Non-Vegetarian,mutton,Cook keema with spices and serve with okra.,60 mins hypertrophy training,Minced meat is easily digested for rapid amino acid uptake.
644,Uttar Pradesh,Bulking,Dinner,Roti + Mutton Keema + Bhindi (Thick Batter),828,65,77,38,10,Medium,Medium,Medium,Gluten,"Wheat flour, Minced mutton, Okra",Non-Vegetarian,Mutton,Prepare roti + mutton keema + bhindi as a thick batter version with a protein-forward portion. Keep the meal substantial and pair it with a strength-training day.,45–60 mins resistance training,Pair with adequate protein intake and hydration. Contains gluten.
645,Uttar Pradesh,Bulking,Dinner,Tandoori Fish (Lean Kebab),256,27,7,11,1,Medium,Medium,Low,,"Fish, yoghurt, spices, lemon",Non-Vegetarian,Fish,Prepare tandoori fish as a lean kebab version with a protein-forward portion. Keep the meal substantial and pair it with a strength-training day.,45–60 mins resistance training,Pair with adequate protein intake and hydration.
646,Uttar Pradesh,Bulking,Dinner,Banarasi Tamatar Chaat (Grilled),298,15,50,4,10,Medium,Medium,Medium,,"Tomato, Potato, Spices, Lemon, Coriander",Vegan,,Prepare oats khichdi + bathua saag as a grilled version with a protein-forward portion. Keep the meal substantial and pair it with a strength-training day.,45–60 mins resistance training,Pair with adequate protein intake and hydration.
647,Uttar Pradesh,Bulking,Dinner,Brown Rice + Moong Dal (With Legumes),311,14,58,3,7,Low,Low,Medium,,"Brown rice, Green gram",Vegan,,Prepare brown rice + moong dal as a with legumes version with a protein-forward portion. Keep the meal substantial and pair it with a strength-training day.,45–60 mins resistance training,Pair with adequate protein intake and hydration.
648,Uttar Pradesh,Bulking,Dinner,Brown Rice + Palak Saag (With Chana),297,12,55,4,8,Medium,Medium,Medium,,"Brown rice, Spinach, Garlic",Vegan,,Prepare brown rice + palak saag as a with chana version with a protein-forward portion. Keep the meal substantial and pair it with a strength-training day.,45–60 mins resistance training,Pair with adequate protein intake and hydration.
649,Uttar Pradesh,Bulking,Dinner,Dalia Khichdi (Lean Kebab),266,11,51,3,8,Medium,Medium,Medium,Gluten,"Broken wheat, Moong dal",Vegan,,Prepare dalia khichdi as a lean kebab version with a protein-forward portion. Keep the meal substantial and pair it with a strength-training day.,45–60 mins resistance training,Pair with adequate protein intake and hydration. Contains gluten.
650,Uttar Pradesh,Bulking,Dinner,Dalia Khichdi + Bathua Saag (Balanced Carb),287,12,53,3,10,Low,Medium,Medium,Gluten,"Broken wheat, Bathua leaves",Vegan,,Prepare dalia khichdi + bathua saag as a balanced carb version with a protein-forward portion. Keep the meal substantial and pair it with a strength-training day.,45–60 mins resistance training,Pair with adequate protein intake and hydration. Contains gluten.
651,Uttar Pradesh,Bulking,Dinner,Dalia Khichdi + Parwal Sabzi (Protein-Rich),307,12,53,4,10,Medium,Low,Medium,Gluten,"Broken wheat, Moong dal, Pointed gourd",Vegan,,Prepare dalia khichdi + parwal sabzi as a protein-rich version with a protein-forward portion. Keep the meal substantial and pair it with a strength-training day.,45–60 mins resistance training,Pair with adequate protein intake and hydration. Contains gluten.
652,Uttar Pradesh,Bulking,Dinner,Jau Roti + Karela Sabzi (With Yakhni),288,12,50,4,12,High,High,High,Gluten,"Barley flour, Bitter gourd",Vegan,,Prepare jau roti + karela sabzi as a with yakhni version with a protein-forward portion. Keep the meal substantial and pair it with a strength-training day.,45–60 mins resistance training,Pair with adequate protein intake and hydration. Contains gluten.
653,Uttar Pradesh,Bulking,Dinner,Jau Roti + Moong Dal + Lauki Sabzi (Thick Batter),318,17,53,4,12,Medium,Medium,Medium,Gluten,"Barley flour, Green gram, Bottle gourd",Vegan,,Prepare jau roti + moong dal + lauki sabzi as a thick batter version with a protein-forward portion. Keep the meal substantial and pair it with a strength-training day.,45–60 mins resistance training,Pair with adequate protein intake and hydration. Contains gluten.
654,Uttar Pradesh,Bulking,Dinner,Missi Roti + Nenua Sabzi (Add Dal),278,12,46,4,11,High,High,High,Gluten,"Wheat flour, Gram flour, Sponge gourd",Vegan,,Prepare missi roti + nenua sabzi as a add dal version with a protein-forward portion. Keep the meal substantial and pair it with a strength-training day.,45–60 mins resistance training,Pair with adequate protein intake and hydration. Contains gluten.
655,Uttar Pradesh,Bulking,Dinner,Missi Roti + Turai Sabzi (Hearty Bowl),276,12,46,4,11,High,High,High,Gluten,"Wheat flour, Gram flour, Ridge gourd",Vegan,,Prepare missi roti + turai sabzi as a hearty bowl version with a protein-forward portion. Keep the meal substantial and pair it with a strength-training day.,45–60 mins resistance training,Pair with adequate protein intake and hydration. Contains gluten.
656,Uttar Pradesh,Bulking,Dinner,Moong Dal Khichdi (Power Plate),297,15,53,4,8,Medium,Medium,Medium,,"Rice, Green gram, Cumin",Vegan,,Prepare moong dal khichdi as a power plate version with a protein-forward portion. Keep the meal substantial and pair it with a strength-training day.,45–60 mins resistance training,Pair with adequate protein intake and hydration.
657,Uttar Pradesh,Bulking,Dinner,Rice + Lauki Sabzi + Masoor Dal (Tawa-Seared),455,17,82,6,9,Low,Medium,Medium,,"White rice, Bottle gourd, Red lentils",Vegan,,Prepare rice + lauki sabzi + masoor dal as a tawa-seared version with a protein-forward portion. Keep the meal substantial and pair it with a strength-training day.,45–60 mins resistance training,Pair with adequate protein intake and hydration.
658,Uttar Pradesh,Bulking,Dinner,Rice + Soya Bean Sabzi + Dal (High Protein),779,52,98,17,15,Low,Low,Medium,,"Rice, Soya chunks, Lentils",Vegan,,Prepare rice + soya bean sabzi + dal as a high protein version with a protein-forward portion. Keep the meal substantial and pair it with a strength-training day.,45–60 mins resistance training,Pair with adequate protein intake and hydration.
659,Uttar Pradesh,Bulking,Dinner,Roti + Arhar Dal + Nenua Sabzi (Lean Meat),446,19,75,8,11,Medium,Low,Medium,Gluten,"Wheat flour, Pigeon peas, Sponge gourd",Vegan,,Prepare roti + arhar dal + nenua sabzi as a lean meat version with a protein-forward portion. Keep the meal substantial and pair it with a strength-training day.,45–60 mins resistance training,Pair with adequate protein intake and hydration. Contains gluten.
660,Uttar Pradesh,Bulking,Dinner,Roti + Chana Dal + Parwal Sabzi (Extra Dal),470,20,77,8,11,Medium,Medium,Medium,Gluten,"Wheat flour, Bengal gram, Pointed gourd",Vegan,,Prepare roti + chana dal + parwal sabzi as a extra dal version with a protein-forward portion. Keep the meal substantial and pair it with a strength-training day.,45–60 mins resistance training,Pair with adequate protein intake and hydration. Contains gluten.
661,Uttar Pradesh,Bulking,Dinner,Roti + Moong Dal + Bhindi (Double Portion),454,20,72,10,12,Medium,Low,Medium,Gluten,"Wheat flour, Green gram, Okra",Vegan,,Prepare roti + moong dal + bhindi as a double portion version with a protein-forward portion. Keep the meal substantial and pair it with a strength-training day.,45–60 mins resistance training,Pair with adequate protein intake and hydration. Contains gluten.
662,Uttar Pradesh,Maintaining Balanced Diet,Breakfast,Bedmi Puri with Aloo Sabzi (Simple),340,9,52,16,5,Low,Medium,High,Gluten,"Wheat flour, urad dal, potato sabzi, spices",Vegetarian,,Prepare bedmi puri with aloo sabzi in a simple home-style manner with moderate oil. Add vegetables or dal to keep the plate well rounded.,30 mins mixed cardio or yoga,Keep oil moderate and add vegetables or salad. Contains gluten.
663,Uttar Pradesh,Maintaining Balanced Diet,Breakfast,Besan Cheela,280,12,38,8,7,Medium,Medium,Low,,"Gram flour, Onion, Tomato",Vegetarian,,Make savoury pancakes with gram flour and chopped veggies.,30 mins jogging,Good balance of protein and complex carbs.
664,Uttar Pradesh,Maintaining Balanced Diet,Breakfast,Besan Cheela (Seasonal Veg),230,13,32,6,7,Medium,High,Low,Gluten,"Gram flour, Onion, Green chili",Vegetarian,,Prepare besan cheela in a seasonal veg home-style manner with moderate oil. Add vegetables or dal to keep the plate well rounded.,30 mins mixed cardio or yoga,Keep oil moderate and add vegetables or salad. Contains gluten.
665,Uttar Pradesh,Maintaining Balanced Diet,Breakfast,Chura Matar,320,8,55,6,6,Medium,Medium,Low,,"Flattened rice, Green peas, Oil",Vegetarian,,Sauté flattened rice with fresh green peas and mild spices.,30 mins yoga,Balanced carbs and plant protein.
666,Uttar Pradesh,Maintaining Balanced Diet,Breakfast,Chura Matar (With Salad),238,6,48,3,5,Low,Medium,High,,"Flattened rice, Green peas",Vegetarian,,Prepare chura matar in a with salad home-style manner with moderate oil. Add vegetables or dal to keep the plate well rounded.,30 mins mixed cardio or yoga,Keep oil moderate and add vegetables or salad.
667,Uttar Pradesh,Maintaining Balanced Diet,Breakfast,Dalia (Grilled),201,8,38,3,7,High,Low,Medium,Gluten,"Broken wheat, Carrots, Peas",Vegetarian,,Prepare dalia in a grilled home-style manner with moderate oil. Add vegetables or dal to keep the plate well rounded.,30 mins mixed cardio or yoga,Keep oil moderate and add vegetables or salad. Contains gluten.
668,Uttar Pradesh,Maintaining Balanced Diet,Breakfast,Dalia (Savoury),300,10,55,5,9,Low,Medium,Low,Gluten,"Broken wheat, Mixed vegetables",Vegetarian,,Cook broken wheat with seasonal vegetables.,30 mins yoga,High fiber ensures slow digestion.
669,Uttar Pradesh,Maintaining Balanced Diet,Breakfast,Fara (Cumin Tadka),173,13,28,2,8,High,Low,Medium,,"Rice flour, Chana dal, Ginger, Cumin",Vegetarian,,Prepare sprouted moong chaat in a cumin tadka home-style manner with moderate oil. Add vegetables or dal to keep the plate well rounded.,30 mins mixed cardio or yoga,Keep oil moderate and add vegetables or salad.
670,Uttar Pradesh,Maintaining Balanced Diet,Breakfast,Fara (Home Style),307,15,55,4,8,Medium,High,Low,Gluten,"Rice flour, Chana dal",Vegetarian,,Prepare fara in a home style home-style manner with moderate oil. Add vegetables or dal to keep the plate well rounded.,30 mins mixed cardio or yoga,Keep oil moderate and add vegetables or salad. Contains gluten.
671,Uttar Pradesh,Maintaining Balanced Diet,Breakfast,Fara (Steamed Rice Dumplings),320,14,55,4,8,Medium,Medium,Low,,"Rice flour, Chana dal",Vegetarian,,Steam the dumplings fully.,30 mins jogging,Oil-free and protein-rich.
672,Uttar Pradesh,Maintaining Balanced Diet,Breakfast,Jau Roti + Mint Chutney,300,10,55,4,10,Medium,Medium,Low,Gluten,"Barley flour, Mint",Vegetarian,,Barley roti served with fresh mint and garlic chutney.,30 mins yoga,Barley is excellent for gut health.
673,Uttar Pradesh,Maintaining Balanced Diet,Breakfast,Jau Roti + Mint Chutney (Light Tadka),220,8,42,2,9,High,Low,Medium,Gluten,"Barley flour, Mint, Green chili",Vegetarian,,Prepare jau roti + mint chutney in a light tadka home-style manner with moderate oil. Add vegetables or dal to keep the plate well rounded.,30 mins mixed cardio or yoga,Keep oil moderate and add vegetables or salad. Contains gluten.
674,Uttar Pradesh,Maintaining Balanced Diet,Breakfast,Kachori-Sabzi (Steamed),325,8,46,15,5,Medium,High,Low,Gluten,"Wheat flour, urad dal, potato sabzi, spices",Vegetarian,,Prepare kachori-sabzi in a steamed home-style manner with moderate oil. Add vegetables or dal to keep the plate well rounded.,30 mins mixed cardio or yoga,Keep oil moderate and add vegetables or salad. Contains gluten.
675,Uttar Pradesh,Maintaining Balanced Diet,Breakfast,Moong Dal Cheela (Portion Controlled),217,15,30,4,6,Low,Medium,High,Gluten,"Green gram, Onion, Coriander",Vegetarian,,Prepare moong dal cheela in a portion controlled home-style manner with moderate oil. Add vegetables or dal to keep the plate well rounded.,30 mins mixed cardio or yoga,Keep oil moderate and add vegetables or salad. Contains gluten.
676,Uttar Pradesh,Maintaining Balanced Diet,Breakfast,Moong Dal Cheela (Wholesome),180,6,38,1,8,Medium,High,Low,,"Moong dal, Ginger, Cumin, Coriander",Vegetarian,,Prepare barley dalia in a wholesome home-style manner with moderate oil. Add vegetables or dal to keep the plate well rounded.,30 mins mixed cardio or yoga,"Keep oil moderate and add vegetables or salad. Contains gluten, egg."
677,Uttar Pradesh,Maintaining Balanced Diet,Breakfast,Poha with Peanuts,330,8,55,10,4,Medium,Medium,Low,Peanut,"Flattened rice, Peanuts",Vegetarian,,Sauté poha with peanuts and turmeric.,30 mins cycling,Classic Indian balanced breakfast.
678,Uttar Pradesh,Maintaining Balanced Diet,Breakfast,Poha with Peanuts (Fresh),315,8,55,10,4,High,Low,Medium,Nuts,"Flattened rice, Peanuts",Vegetarian,,Prepare poha with peanuts in a fresh home-style manner with moderate oil. Add vegetables or dal to keep the plate well rounded.,30 mins mixed cardio or yoga,Keep oil moderate and add vegetables or salad. Contains nuts.
679,Uttar Pradesh,Maintaining Balanced Diet,Breakfast,Puri-Aloo (With Dal),303,7,48,12,5,Medium,High,Low,Gluten,"Wheat flour, potato, spices, oil",Vegetarian,,Prepare puri-aloo in a with dal home-style manner with moderate oil. Add vegetables or dal to keep the plate well rounded.,30 mins mixed cardio or yoga,Keep oil moderate and add vegetables or salad. Contains gluten.
680,Uttar Pradesh,Maintaining Balanced Diet,Breakfast,Sattu Paratha (Dry Roasted) + Curd (Balanced),268,13,44,5,10,Low,Medium,High,"Gluten, Dairy","Wheat flour, Roasted gram flour, Curd",Vegetarian,,Prepare sattu paratha (dry roasted) + curd in a balanced home-style manner with moderate oil. Add vegetables or dal to keep the plate well rounded.,30 mins mixed cardio or yoga,"Keep oil moderate and add vegetables or salad. Contains gluten, dairy."
681,Uttar Pradesh,Maintaining Balanced Diet,Breakfast,Sattu Paratha + Curd,420,16,60,12,8,Medium,Medium,Low,Gluten/Milk,"Wheat flour, Roasted gram flour, Curd",Vegetarian,,Stuff paratha with sattu and herbs; serve with plain curd.,30 mins cycling,Sattu keeps the body cool and provides sustained energy.
682,Uttar Pradesh,Maintaining Balanced Diet,Breakfast,Sheermal (Moderate Oil),268,7,42,10,1,High,Low,Medium,"Gluten, Dairy","Flour, milk, saffron, sugar, ghee",Vegetarian,,Prepare sheermal in a moderate oil home-style manner with moderate oil. Add vegetables or dal to keep the plate well rounded.,30 mins mixed cardio or yoga,"Keep oil moderate and add vegetables or salad. Contains gluten, dairy."
683,Uttar Pradesh,Maintaining Balanced Diet,Breakfast,Steamed Fara (Mild Spice),208,13,38,2,6,Low,Medium,High,Gluten,"Rice flour, Chana dal, Garlic",Vegetarian,,Prepare steamed fara in a mild spice home-style manner with moderate oil. Add vegetables or dal to keep the plate well rounded.,30 mins mixed cardio or yoga,Keep oil moderate and add vegetables or salad. Contains gluten.
684,Uttar Pradesh,Maintaining Balanced Diet,Breakfast,Unsalted Dalia (Mixed Plate),180,6,38,2,7,Low,Medium,High,"Gluten, Egg","Broken wheat, Veggies",Vegetarian,,Prepare unsalted dalia in a mixed plate home-style manner with moderate oil. Add vegetables or dal to keep the plate well rounded.,30 mins mixed cardio or yoga,"Keep oil moderate and add vegetables or salad. Contains gluten, egg."
685,Uttar Pradesh,Maintaining Balanced Diet,Breakfast,Chicken Tikka (Fresh),208,26,5,10,1,High,Low,Medium,,"Chicken, yoghurt, spices, lemon",Non-Vegetarian,Chicken,Prepare chicken tikka in a fresh home-style manner with moderate oil. Add vegetables or dal to keep the plate well rounded.,30 mins mixed cardio or yoga,Keep oil moderate and add vegetables or salad.
686,Uttar Pradesh,Maintaining Balanced Diet,Breakfast,Chicken Yakhni (Balanced),264,26,8,14,1,Low,Medium,High,,"Chicken, bone broth, ginger, cloves",Non-Vegetarian,Chicken,Prepare chicken yakhni in a balanced home-style manner with moderate oil. Add vegetables or dal to keep the plate well rounded.,30 mins mixed cardio or yoga,Keep oil moderate and add vegetables or salad.
687,Uttar Pradesh,Maintaining Balanced Diet,Breakfast,Fish Curry (Banarasi Style) (With Salad),248,21,10,12,1,Low,Medium,High,,"Fish, mustard, tomato, spices",Non-Vegetarian,Fish,Prepare fish curry (banarasi style) in a with salad home-style manner with moderate oil. Add vegetables or dal to keep the plate well rounded.,30 mins mixed cardio or yoga,Keep oil moderate and add vegetables or salad.
688,Uttar Pradesh,Maintaining Balanced Diet,Breakfast,Fish Tikka (Grilled),191,23,5,8,1,High,Low,Medium,,"Fish, spices, lemon, herbs",Non-Vegetarian,Fish,Prepare fish tikka in a grilled home-style manner with moderate oil. Add vegetables or dal to keep the plate well rounded.,30 mins mixed cardio or yoga,Keep oil moderate and add vegetables or salad.
689,Uttar Pradesh,Maintaining Balanced Diet,Breakfast,Galouti Kebab (Mild Spice),323,23,10,22,1,Low,Medium,High,,"Minced mutton, papaya paste, aromatic spices",Non-Vegetarian,Mutton,Prepare galouti kebab in a mild spice home-style manner with moderate oil. Add vegetables or dal to keep the plate well rounded.,30 mins mixed cardio or yoga,Keep oil moderate and add vegetables or salad.
690,Uttar Pradesh,Maintaining Balanced Diet,Breakfast,Kakori Kebab (Simple),340,22,8,23,1,Low,Medium,High,Nuts,"Minced mutton, cashew, cream, spices",Non-Vegetarian,Mutton,Prepare kakori kebab in a simple home-style manner with moderate oil. Add vegetables or dal to keep the plate well rounded.,30 mins mixed cardio or yoga,Keep oil moderate and add vegetables or salad. Contains nuts.
691,Uttar Pradesh,Maintaining Balanced Diet,Breakfast,Keema Matar (Portion Controlled),303,24,14,18,1,Low,Medium,High,,"Minced meat, peas, onion, spices",Non-Vegetarian,Mutton,Prepare keema matar in a portion controlled home-style manner with moderate oil. Add vegetables or dal to keep the plate well rounded.,30 mins mixed cardio or yoga,Keep oil moderate and add vegetables or salad.
692,Uttar Pradesh,Maintaining Balanced Diet,Breakfast,Mutton Yakhni (Cumin Tadka),364,26,10,22,1,High,Low,Medium,,"Mutton, bone broth, ginger, whole spices",Non-Vegetarian,Mutton,Prepare mutton yakhni in a cumin tadka home-style manner with moderate oil. Add vegetables or dal to keep the plate well rounded.,30 mins mixed cardio or yoga,Keep oil moderate and add vegetables or salad.
693,Uttar Pradesh,Maintaining Balanced Diet,Breakfast,Nihari (Mixed Plate),397,26,20,25,1,Low,Medium,High,Gluten,"Slow-cooked meat, wheat flour, spices",Non-Vegetarian,Mutton,Prepare nihari in a mixed plate home-style manner with moderate oil. Add vegetables or dal to keep the plate well rounded.,30 mins mixed cardio or yoga,Keep oil moderate and add vegetables or salad. Contains gluten.
694,Uttar Pradesh,Maintaining Balanced Diet,Breakfast,Paya (Wholesome),360,22,12,23,1,Medium,High,Low,,"Trotters, bone broth, ginger, garam masala",Non-Vegetarian,Mutton,Prepare paya in a wholesome home-style manner with moderate oil. Add vegetables or dal to keep the plate well rounded.,30 mins mixed cardio or yoga,Keep oil moderate and add vegetables or salad.
695,Uttar Pradesh,Maintaining Balanced Diet,Breakfast,Rohu Fish Curry (Light Tadka),238,20,10,11,1,High,Low,Medium,,"Rohu fish, tomato, mustard, spices",Non-Vegetarian,Fish,Prepare rohu fish curry in a light tadka home-style manner with moderate oil. Add vegetables or dal to keep the plate well rounded.,30 mins mixed cardio or yoga,Keep oil moderate and add vegetables or salad.
696,Uttar Pradesh,Maintaining Balanced Diet,Breakfast,Seekh Kebab (Seasonal Veg),287,22,8,18,1,Medium,High,Low,,"Minced meat, onion, herbs, spices",Non-Vegetarian,Mutton,Prepare seekh kebab in a seasonal veg home-style manner with moderate oil. Add vegetables or dal to keep the plate well rounded.,30 mins mixed cardio or yoga,Keep oil moderate and add vegetables or salad.
697,Uttar Pradesh,Maintaining Balanced Diet,Breakfast,Shami Kebab (Home Style),268,20,12,14,2,Medium,High,Low,Egg,"Minced meat, chana dal, spices, egg",Non-Vegetarian,Mutton,Prepare shami kebab in a home style home-style manner with moderate oil. Add vegetables or dal to keep the plate well rounded.,30 mins mixed cardio or yoga,Keep oil moderate and add vegetables or salad. Contains egg.
698,Uttar Pradesh,Maintaining Balanced Diet,Breakfast,Tandoori Chicken (Moderate Oil),249,30,7,12,1,High,Low,Medium,,"Chicken, yoghurt, spices, lemon",Non-Vegetarian,Chicken,Prepare tandoori chicken in a moderate oil home-style manner with moderate oil. Add vegetables or dal to keep the plate well rounded.,30 mins mixed cardio or yoga,Keep oil moderate and add vegetables or salad.
699,Uttar Pradesh,Maintaining Balanced Diet,Breakfast,Tandoori Fish (With Dal),230,22,6,10,1,Medium,High,Low,,"Fish, yoghurt, spices, lemon",Non-Vegetarian,Fish,Prepare tandoori fish in a with dal home-style manner with moderate oil. Add vegetables or dal to keep the plate well rounded.,30 mins mixed cardio or yoga,Keep oil moderate and add vegetables or salad.
700,Uttar Pradesh,Maintaining Balanced Diet,Breakfast,Tunday Kababi (Steamed),344,24,18,18,2,Medium,High,Low,,"Minced mutton, green chilli, garam masala, onion",Non-Vegetarian,Mutton,Prepare tunday kababi in a steamed home-style manner with moderate oil. Add vegetables or dal to keep the plate well rounded.,30 mins mixed cardio or yoga,Keep oil moderate and add vegetables or salad.
701,Uttar Pradesh,Maintaining Balanced Diet,Breakfast,Bedmi Puri + Aloo Sabzi (Mixed Plate),476,10,68,20,5,Low,Medium,High,Gluten,"Wheat flour, Urad dal, Potato, Oil",Vegan,,Prepare bedmi puri + aloo sabzi in a mixed plate home-style manner with moderate oil. Add vegetables or dal to keep the plate well rounded.,30 mins mixed cardio or yoga,Keep oil moderate and add vegetables or salad. Contains gluten.
702,Uttar Pradesh,Maintaining Balanced Diet,Breakfast,Bedmi Puri with Aloo Sabzi (Steamed),343,9,52,16,5,Medium,High,Low,Gluten,"Wheat flour, urad dal, potato sabzi, spices",Vegan,,Prepare bedmi puri with aloo sabzi in a steamed home-style manner with moderate oil. Add vegetables or dal to keep the plate well rounded.,30 mins mixed cardio or yoga,Keep oil moderate and add vegetables or salad. Contains gluten.
703,Uttar Pradesh,Maintaining Balanced Diet,Breakfast,Besan Cheela (Moderate Oil),227,12,32,6,7,High,Low,Medium,Gluten,"Gram flour, Onion, Green chili",Vegan,,Prepare besan cheela in a moderate oil home-style manner with moderate oil. Add vegetables or dal to keep the plate well rounded.,30 mins mixed cardio or yoga,Keep oil moderate and add vegetables or salad. Contains gluten.
704,Uttar Pradesh,Maintaining Balanced Diet,Breakfast,Bhuna Chana (Wholesome),143,10,22,1,6,Medium,High,Low,,"Roasted Bengal gram, Cumin, Salt",Vegan,,Prepare sprouted moong in a wholesome home-style manner with moderate oil. Add vegetables or dal to keep the plate well rounded.,30 mins mixed cardio or yoga,Keep oil moderate and add vegetables or salad.
705,Uttar Pradesh,Maintaining Balanced Diet,Breakfast,Chura Matar (Home Style),240,6,48,3,5,Medium,High,Low,,"Flattened rice, Green peas",Vegan,,Prepare chura matar in a home style home-style manner with moderate oil. Add vegetables or dal to keep the plate well rounded.,30 mins mixed cardio or yoga,Keep oil moderate and add vegetables or salad.
706,Uttar Pradesh,Maintaining Balanced Diet,Breakfast,Dalia (Mild Spice),199,8,38,3,7,Low,Medium,High,Gluten,"Broken wheat, Carrots, Peas",Vegan,,Prepare dalia in a mild spice home-style manner with moderate oil. Add vegetables or dal to keep the plate well rounded.,30 mins mixed cardio or yoga,Keep oil moderate and add vegetables or salad. Contains gluten.
707,Uttar Pradesh,Maintaining Balanced Diet,Breakfast,Fara (Balanced),305,14,55,4,8,Low,Medium,High,Gluten,"Rice flour, Chana dal",Vegan,,Prepare fara in a balanced home-style manner with moderate oil. Add vegetables or dal to keep the plate well rounded.,30 mins mixed cardio or yoga,Keep oil moderate and add vegetables or salad. Contains gluten.
708,Uttar Pradesh,Maintaining Balanced Diet,Breakfast,Jau Roti + Mint Chutney (With Salad),217,8,42,2,9,Low,Medium,High,Gluten,"Barley flour, Mint, Green chili",Vegan,,Prepare jau roti + mint chutney in a with salad home-style manner with moderate oil. Add vegetables or dal to keep the plate well rounded.,30 mins mixed cardio or yoga,Keep oil moderate and add vegetables or salad. Contains gluten.
709,Uttar Pradesh,Maintaining Balanced Diet,Breakfast,Kachori-Sabzi (Fresh),321,8,46,15,5,High,Low,Medium,Gluten,"Wheat flour, urad dal, potato sabzi, spices",Vegan,,Prepare kachori-sabzi in a fresh home-style manner with moderate oil. Add vegetables or dal to keep the plate well rounded.,30 mins mixed cardio or yoga,Keep oil moderate and add vegetables or salad. Contains gluten.
710,Uttar Pradesh,Maintaining Balanced Diet,Breakfast,Moong Dal Cheela (Cumin Tadka),143,5,26,3,4,High,Low,Medium,,"Moong dal, Ginger, Cumin, Coriander",Vegan,,Prepare oats in a cumin tadka home-style manner with moderate oil. Add vegetables or dal to keep the plate well rounded.,30 mins mixed cardio or yoga,Keep oil moderate and add vegetables or salad.
711,Uttar Pradesh,Maintaining Balanced Diet,Breakfast,Moong Dal Cheela (Grilled),169,12,28,2,8,High,Low,Medium,,"Moong dal, Ginger, Cumin, Coriander",Vegan,,Prepare sprouted moong chaat in a grilled home-style manner with moderate oil. Add vegetables or dal to keep the plate well rounded.,30 mins mixed cardio or yoga,Keep oil moderate and add vegetables or salad.
712,Uttar Pradesh,Maintaining Balanced Diet,Breakfast,Moong Dal Cheela (Seasonal Veg),218,14,30,4,6,Medium,High,Low,Gluten,"Green gram, Onion, Coriander",Vegan,,Prepare moong dal cheela in a seasonal veg home-style manner with moderate oil. Add vegetables or dal to keep the plate well rounded.,30 mins mixed cardio or yoga,Keep oil moderate and add vegetables or salad. Contains gluten.
713,Uttar Pradesh,Maintaining Balanced Diet,Breakfast,Poha with Peanuts (Portion Controlled),312,8,55,10,4,Low,Medium,High,Nuts,"Flattened rice, Peanuts",Vegan,,Prepare poha with peanuts in a portion controlled home-style manner with moderate oil. Add vegetables or dal to keep the plate well rounded.,30 mins mixed cardio or yoga,Keep oil moderate and add vegetables or salad. Contains nuts.
714,Uttar Pradesh,Maintaining Balanced Diet,Breakfast,Puri-Aloo (Light Tadka),306,7,48,12,5,High,Low,Medium,Gluten,"Wheat flour, potato, spices, oil",Vegan,,Prepare puri-aloo in a light tadka home-style manner with moderate oil. Add vegetables or dal to keep the plate well rounded.,30 mins mixed cardio or yoga,Keep oil moderate and add vegetables or salad. Contains gluten.
715,Uttar Pradesh,Maintaining Balanced Diet,Breakfast,Sattu Drink (Simple),169,10,28,2,5,Low,Medium,High,Gluten,"Roasted gram flour, Cumin, Lemon",Vegan,,Prepare sattu drink in a simple home-style manner with moderate oil. Add vegetables or dal to keep the plate well rounded.,30 mins mixed cardio or yoga,Keep oil moderate and add vegetables or salad. Contains gluten.
716,Uttar Pradesh,Maintaining Balanced Diet,Breakfast,Steamed Fara (With Dal),210,12,38,2,6,Medium,High,Low,Gluten,"Rice flour, Chana dal, Garlic",Vegan,,Prepare steamed fara in a with dal home-style manner with moderate oil. Add vegetables or dal to keep the plate well rounded.,30 mins mixed cardio or yoga,Keep oil moderate and add vegetables or salad. Contains gluten.
717,Uttar Pradesh,Maintaining Balanced Diet,Lunch,Brown Rice + Arhar Dal + Nenua Sabzi (Cumin Tadka),328,14,58,4,9,High,Low,Medium,,"Brown rice, Pigeon peas, Sponge gourd",Vegetarian,,Prepare brown rice + arhar dal + nenua sabzi in a cumin tadka home-style manner with moderate oil. Add vegetables or dal to keep the plate well rounded.,30 mins mixed cardio or yoga,Keep oil moderate and add vegetables or salad.
718,Uttar Pradesh,Maintaining Balanced Diet,Lunch,Brown Rice + Chana Dal + Parwal Sabzi (Simple),342,15,58,4,13,Low,Medium,High,,"Brown rice, Bengal gram, Pointed gourd",Vegetarian,,Prepare brown rice + chana dal + parwal sabzi in a simple home-style manner with moderate oil. Add vegetables or dal to keep the plate well rounded.,30 mins mixed cardio or yoga,Keep oil moderate and add vegetables or salad.
719,Uttar Pradesh,Maintaining Balanced Diet,Lunch,Brown Rice + Chana Dal + Turai Sabzi (Mixed Plate),340,15,58,3,12,Low,Medium,High,,"Brown rice, Bengal gram, Ridge gourd",Vegetarian,,Prepare brown rice + chana dal + turai sabzi in a mixed plate home-style manner with moderate oil. Add vegetables or dal to keep the plate well rounded.,30 mins mixed cardio or yoga,Keep oil moderate and add vegetables or salad.
720,Uttar Pradesh,Maintaining Balanced Diet,Lunch,Brown Rice + Moong Dal + Nenua Sabzi (Wholesome),333,13,58,4,11,Medium,High,Low,,"Brown rice, Green gram, Sponge gourd",Vegetarian,,Prepare brown rice + moong dal + nenua sabzi in a wholesome home-style manner with moderate oil. Add vegetables or dal to keep the plate well rounded.,30 mins mixed cardio or yoga,Keep oil moderate and add vegetables or salad.
721,Uttar Pradesh,Maintaining Balanced Diet,Lunch,Jau Roti + Arhar Dal + Lauki Sabzi (With Salad),322,16,52,4,14,Low,Medium,High,Gluten,"Barley flour, Pigeon peas, Bottle gourd",Vegetarian,,Prepare jau roti + arhar dal + lauki sabzi in a with salad home-style manner with moderate oil. Add vegetables or dal to keep the plate well rounded.,30 mins mixed cardio or yoga,Keep oil moderate and add vegetables or salad. Contains gluten.
722,Uttar Pradesh,Maintaining Balanced Diet,Lunch,Jau Roti + Chana Dal + Turai Sabzi (Grilled),337,16,56,4,13,High,Low,Medium,Gluten,"Barley flour, Bengal gram, Ridge gourd",Vegetarian,,Prepare jau roti + chana dal + turai sabzi in a grilled home-style manner with moderate oil. Add vegetables or dal to keep the plate well rounded.,30 mins mixed cardio or yoga,Keep oil moderate and add vegetables or salad. Contains gluten.
723,Uttar Pradesh,Maintaining Balanced Diet,Lunch,Jau Roti + Masoor Dal + Parwal Sabzi (With Dal),328,16,54,4,13,Medium,High,Low,Gluten,"Barley flour, Red lentils, Pointed gourd",Vegetarian,,Prepare jau roti + masoor dal + parwal sabzi in a with dal home-style manner with moderate oil. Add vegetables or dal to keep the plate well rounded.,30 mins mixed cardio or yoga,Keep oil moderate and add vegetables or salad. Contains gluten.
724,Uttar Pradesh,Maintaining Balanced Diet,Lunch,Jau Roti + Moong Dal + Kundru Sabzi (Home Style),309,15,54,3,12,Medium,High,Low,Gluten,"Barley flour, Green gram, Ivy gourd",Vegetarian,,Prepare jau roti + moong dal + kundru sabzi in a home style home-style manner with moderate oil. Add vegetables or dal to keep the plate well rounded.,30 mins mixed cardio or yoga,Keep oil moderate and add vegetables or salad. Contains gluten.
725,Uttar Pradesh,Maintaining Balanced Diet,Lunch,Missi Roti + Chana Dal + Karela Sabzi (Mild Spice),343,17,50,8,15,Low,Medium,High,Gluten,"Wheat flour, Gram flour, Bengal gram, Bitter gourd",Vegetarian,,Prepare missi roti + chana dal + karela sabzi in a mild spice home-style manner with moderate oil. Add vegetables or dal to keep the plate well rounded.,30 mins mixed cardio or yoga,Keep oil moderate and add vegetables or salad. Contains gluten.
726,Uttar Pradesh,Maintaining Balanced Diet,Lunch,Missi Roti + Moong Dal + Lauki Sabzi,440,18,65,10,14,Medium,Medium,Low,Gluten,"Wheat flour, Gram flour, Green gram, Bottle gourd",Vegetarian,,Mix besan in wheat flour for roti; keep lauki light.,45 mins walking,High fiber content regulates blood sugar.
727,Uttar Pradesh,Maintaining Balanced Diet,Lunch,Missi Roti + Moong Dal + Lauki Sabzi (Fresh),330,17,50,5,12,High,Low,Medium,Gluten,"Wheat flour, Gram flour, Green gram, Bottle gourd",Vegetarian,,Prepare missi roti + moong dal + lauki sabzi in a fresh home-style manner with moderate oil. Add vegetables or dal to keep the plate well rounded.,30 mins mixed cardio or yoga,Keep oil moderate and add vegetables or salad. Contains gluten.
728,Uttar Pradesh,Maintaining Balanced Diet,Lunch,Missi Roti + Urad Dal + Turai Sabzi (Steamed),343,17,52,5,14,Medium,High,Low,Gluten,"Wheat flour, Gram flour, Black gram, Ridge gourd",Vegetarian,,Prepare missi roti + urad dal + turai sabzi in a steamed home-style manner with moderate oil. Add vegetables or dal to keep the plate well rounded.,30 mins mixed cardio or yoga,Keep oil moderate and add vegetables or salad. Contains gluten.
729,Uttar Pradesh,Maintaining Balanced Diet,Lunch,Phulka + Arhar Dal + Bhindi Sabzi,450,16,70,10,12,Medium,Medium,Low,Gluten,"Wheat flour, Pigeon peas, Okra",Vegetarian,,Standard UP thali; cook bhindi with minimal oil.,45 mins walking,Provides complete nutrition for daily maintenance.
730,Uttar Pradesh,Maintaining Balanced Diet,Lunch,Phulka + Arhar Dal + Lauki Sabzi (Balanced),301,15,52,4,11,Low,Medium,High,Gluten,"Wheat flour, Pigeon peas, Bottle gourd",Vegetarian,,Prepare phulka + arhar dal + lauki sabzi in a balanced home-style manner with moderate oil. Add vegetables or dal to keep the plate well rounded.,30 mins mixed cardio or yoga,Keep oil moderate and add vegetables or salad. Contains gluten.
731,Uttar Pradesh,Maintaining Balanced Diet,Lunch,Phulka + Arhar Dal + Nenua Sabzi (Portion Controlled),319,15,55,4,10,Low,Medium,High,Gluten,"Wheat flour, Pigeon peas, Sponge gourd",Vegetarian,,Prepare phulka + arhar dal + nenua sabzi in a portion controlled home-style manner with moderate oil. Add vegetables or dal to keep the plate well rounded.,30 mins mixed cardio or yoga,Keep oil moderate and add vegetables or salad. Contains gluten.
732,Uttar Pradesh,Maintaining Balanced Diet,Lunch,Phulka + Chana Dal + Turai Sabzi,460,18,72,8,13,Medium,Medium,Low,Gluten,"Wheat flour, Bengal gram, Ridge gourd",Vegetarian,,Cook chana dal well; turai should be watery.,45 mins walking,Chana dal provides excellent plant protein.
733,Uttar Pradesh,Maintaining Balanced Diet,Lunch,Phulka + Masoor Dal + Turai Sabzi (Seasonal Veg),313,15,54,4,11,Medium,High,Low,Gluten,"Wheat flour, Red lentils, Ridge gourd",Vegetarian,,Prepare phulka + masoor dal + turai sabzi in a seasonal veg home-style manner with moderate oil. Add vegetables or dal to keep the plate well rounded.,30 mins mixed cardio or yoga,Keep oil moderate and add vegetables or salad. Contains gluten.
734,Uttar Pradesh,Maintaining Balanced Diet,Lunch,Phulka + Moong Dal + Kundru Sabzi (Light Tadka),308,14,54,4,9,High,Low,Medium,Gluten,"Wheat flour, Green gram, Ivy gourd",Vegetarian,,Prepare phulka + moong dal + kundru sabzi in a light tadka home-style manner with moderate oil. Add vegetables or dal to keep the plate well rounded.,30 mins mixed cardio or yoga,Keep oil moderate and add vegetables or salad. Contains gluten.
735,Uttar Pradesh,Maintaining Balanced Diet,Lunch,Phulka + Moong Dal + Lauki Sabzi (Moderate Oil),308,15,54,3,10,High,Low,Medium,Gluten,"Wheat flour, Green gram, Bottle gourd",Vegetarian,,Prepare phulka + moong dal + lauki sabzi in a moderate oil home-style manner with moderate oil. Add vegetables or dal to keep the plate well rounded.,30 mins mixed cardio or yoga,Keep oil moderate and add vegetables or salad. Contains gluten.
736,Uttar Pradesh,Maintaining Balanced Diet,Lunch,Phulka + Rajma + Kathal Sabzi,520,20,80,12,16,Medium,Medium,Low,Gluten,"Wheat flour, Kidney beans, Jackfruit",Vegetarian,,Cook rajma with minimal cream/butter.,45 mins walking,Heavy in plant proteins and fiber.
737,Uttar Pradesh,Maintaining Balanced Diet,Lunch,Rice + Masoor Dal + Aloo Gobi,500,16,85,10,10,High,Medium,Low,,"White rice, Red lentils, Potato, Cauliflower",Vegetarian,,Standard lunch; use moderate oil for aloo gobi.,45 mins brisk walking,Provides necessary daily calories and nutrients.
738,Uttar Pradesh,Maintaining Balanced Diet,Lunch,Rice + Matar Nimona + Parwal Sabzi,480,14,80,10,10,High,Medium,Low,,"White rice, Green peas, Pointed gourd",Vegetarian,,Traditional UP winter dish made from mashed green peas.,45 mins brisk walking,Peas provide protein to complement the rice.
739,Uttar Pradesh,Maintaining Balanced Diet,Lunch,Rice + Urad Dal + Kundru Sabzi,480,16,80,10,9,Medium,Medium,Low,,"White rice, Black gram, Ivy gourd",Vegetarian,,Boil urad dal well; pan-roast kundru.,45 mins brisk walking,Kundru provides unique micronutrients.
740,Uttar Pradesh,Maintaining Balanced Diet,Lunch,Fish Curry (Banarasi Style) (Home Style),258,21,10,12,1,Medium,High,Low,,"Fish, mustard, tomato, spices",Non-Vegetarian,Fish,Prepare fish curry (banarasi style) in a home style home-style manner with moderate oil. Add vegetables or dal to keep the plate well rounded.,30 mins mixed cardio or yoga,Keep oil moderate and add vegetables or salad.
741,Uttar Pradesh,Maintaining Balanced Diet,Lunch,Keema Matar (With Salad),320,24,14,18,1,Low,Medium,High,,"Minced meat, peas, onion, spices",Non-Vegetarian,Mutton,Prepare keema matar in a with salad home-style manner with moderate oil. Add vegetables or dal to keep the plate well rounded.,30 mins mixed cardio or yoga,Keep oil moderate and add vegetables or salad.
742,Uttar Pradesh,Maintaining Balanced Diet,Lunch,Lucknowi Biryani (Portion Controlled),515,22,58,19,1,Low,Medium,High,Gluten,"Basmati rice, meat, saffron, whole spices",Non-Vegetarian,Mutton,Prepare lucknowi biryani in a portion controlled home-style manner with moderate oil. Add vegetables or dal to keep the plate well rounded.,30 mins mixed cardio or yoga,Keep oil moderate and add vegetables or salad. Contains gluten.
743,Uttar Pradesh,Maintaining Balanced Diet,Lunch,Rice + Anda Curry + Nenua Sabzi (With Dal),700,31,85,24,7,Medium,High,Low,Egg,"Rice, Eggs, Sponge gourd, Oil",Non-Vegetarian,Mutton,Prepare rice + anda curry + nenua sabzi in a with dal home-style manner with moderate oil. Add vegetables or dal to keep the plate well rounded.,30 mins mixed cardio or yoga,Keep oil moderate and add vegetables or salad. Contains egg.
744,Uttar Pradesh,Maintaining Balanced Diet,Lunch,Rice + Chicken Curry + Parwal Aloo (Mild Spice),780,44,85,29,8,Low,Medium,High,,"White rice, Chicken, Pointed gourd, Potato",Non-Vegetarian,Chicken,Prepare rice + chicken curry + parwal aloo in a mild spice home-style manner with moderate oil. Add vegetables or dal to keep the plate well rounded.,30 mins mixed cardio or yoga,Keep oil moderate and add vegetables or salad.
745,Uttar Pradesh,Maintaining Balanced Diet,Lunch,Rice + Chicken Korma + Gobi Aloo (Simple),842,57,87,29,9,Low,Medium,High,,"Rice, Chicken, Cauliflower, Potato",Non-Vegetarian,Chicken,Prepare rice + chicken korma + gobi aloo in a simple home-style manner with moderate oil. Add vegetables or dal to keep the plate well rounded.,30 mins mixed cardio or yoga,Keep oil moderate and add vegetables or salad.
746,Uttar Pradesh,Maintaining Balanced Diet,Lunch,Rice + Chicken Salan + Dal + Aloo Sabzi (Grilled),855,61,95,26,8,High,Low,Medium,,"Rice, Chicken, Lentils, Potato",Non-Vegetarian,Chicken,Prepare rice + chicken salan + dal + aloo sabzi in a grilled home-style manner with moderate oil. Add vegetables or dal to keep the plate well rounded.,30 mins mixed cardio or yoga,Keep oil moderate and add vegetables or salad.
747,Uttar Pradesh,Maintaining Balanced Diet,Lunch,Rice + Mutton Bhuna + Kathal Sabzi (Mixed Plate),885,53,90,37,13,Low,Medium,High,,"Rice, Mutton, Jackfruit",Non-Vegetarian,Mutton,Prepare rice + mutton bhuna + kathal sabzi in a mixed plate home-style manner with moderate oil. Add vegetables or dal to keep the plate well rounded.,30 mins mixed cardio or yoga,Keep oil moderate and add vegetables or salad.
748,Uttar Pradesh,Maintaining Balanced Diet,Lunch,Roti + Anda Curry + Palak Sabzi (Fresh),754,42,82,26,12,High,Low,Medium,"Gluten, Egg","Wheat flour, Eggs, Spinach",Non-Vegetarian,Mutton,Prepare roti + anda curry + palak sabzi in a fresh home-style manner with moderate oil. Add vegetables or dal to keep the plate well rounded.,30 mins mixed cardio or yoga,"Keep oil moderate and add vegetables or salad. Contains gluten, egg."
749,Uttar Pradesh,Maintaining Balanced Diet,Lunch,Roti + Keema Matar + Dal (Steamed),818,55,75,31,13,Medium,High,Low,Gluten,"Wheat flour, Minced meat, Green peas, Lentils",Non-Vegetarian,Mutton,Prepare roti + keema matar + dal in a steamed home-style manner with moderate oil. Add vegetables or dal to keep the plate well rounded.,30 mins mixed cardio or yoga,Keep oil moderate and add vegetables or salad. Contains gluten.
750,Uttar Pradesh,Maintaining Balanced Diet,Lunch,Roti + Mutton Curry + Matar Nimona (Cumin Tadka),888,55,81,38,13,High,Low,Medium,Gluten,"Wheat flour, Mutton, Green peas",Non-Vegetarian,Mutton,Prepare roti + mutton curry + matar nimona in a cumin tadka home-style manner with moderate oil. Add vegetables or dal to keep the plate well rounded.,30 mins mixed cardio or yoga,Keep oil moderate and add vegetables or salad. Contains gluten.
751,Uttar Pradesh,Maintaining Balanced Diet,Lunch,Roti + Mutton Korma + Kathal Sabzi (Wholesome),853,50,70,41,11,Medium,High,Low,"Gluten, Dairy","Wheat flour, Mutton, Ghee, Jackfruit",Non-Vegetarian,Mutton,Prepare roti + mutton korma + kathal sabzi in a wholesome home-style manner with moderate oil. Add vegetables or dal to keep the plate well rounded.,30 mins mixed cardio or yoga,"Keep oil moderate and add vegetables or salad. Contains gluten, dairy."
752,Uttar Pradesh,Maintaining Balanced Diet,Lunch,Seekh Kebab (Moderate Oil),298,22,8,18,1,High,Low,Medium,,"Minced meat, onion, herbs, spices",Non-Vegetarian,Mutton,Prepare seekh kebab in a moderate oil home-style manner with moderate oil. Add vegetables or dal to keep the plate well rounded.,30 mins mixed cardio or yoga,Keep oil moderate and add vegetables or salad.
753,Uttar Pradesh,Maintaining Balanced Diet,Lunch,Tandoori Chicken (Balanced),259,30,7,12,1,Low,Medium,High,,"Chicken, yoghurt, spices, lemon",Non-Vegetarian,Chicken,Prepare tandoori chicken in a balanced home-style manner with moderate oil. Add vegetables or dal to keep the plate well rounded.,30 mins mixed cardio or yoga,Keep oil moderate and add vegetables or salad.
754,Uttar Pradesh,Maintaining Balanced Diet,Lunch,Tunday Kababi (Seasonal Veg),357,24,18,18,2,Medium,High,Low,,"Minced mutton, green chilli, garam masala, onion",Non-Vegetarian,Mutton,Prepare tunday kababi in a seasonal veg home-style manner with moderate oil. Add vegetables or dal to keep the plate well rounded.,30 mins mixed cardio or yoga,Keep oil moderate and add vegetables or salad.
755,Uttar Pradesh,Maintaining Balanced Diet,Lunch,Yakhni Pulao (Light Tadka),477,21,56,16,1,High,Low,Medium,,"Rice, yakhni broth, meat, whole spices",Non-Vegetarian,Mutton,Prepare yakhni pulao in a light tadka home-style manner with moderate oil. Add vegetables or dal to keep the plate well rounded.,30 mins mixed cardio or yoga,Keep oil moderate and add vegetables or salad.
756,Uttar Pradesh,Maintaining Balanced Diet,Lunch,Brown Rice + Arhar Dal + Nenua Sabzi (Cumin Tadka),328,13,58,4,9,High,Low,Medium,,"Brown rice, Pigeon peas, Sponge gourd",Vegan,,Prepare brown rice + arhar dal + nenua sabzi in a cumin tadka home-style manner with moderate oil. Add vegetables or dal to keep the plate well rounded.,30 mins mixed cardio or yoga,Keep oil moderate and add vegetables or salad.
757,Uttar Pradesh,Maintaining Balanced Diet,Lunch,Brown Rice + Chana Dal + Parwal Sabzi (Simple),342,14,58,4,13,Low,Medium,High,,"Brown rice, Bengal gram, Pointed gourd",Vegan,,Prepare brown rice + chana dal + parwal sabzi in a simple home-style manner with moderate oil. Add vegetables or dal to keep the plate well rounded.,30 mins mixed cardio or yoga,Keep oil moderate and add vegetables or salad.
758,Uttar Pradesh,Maintaining Balanced Diet,Lunch,Brown Rice + Chana Dal + Turai Sabzi (Mixed Plate),340,14,58,3,12,Low,Medium,High,,"Brown rice, Bengal gram, Ridge gourd",Vegan,,Prepare brown rice + chana dal + turai sabzi in a mixed plate home-style manner with moderate oil. Add vegetables or dal to keep the plate well rounded.,30 mins mixed cardio or yoga,Keep oil moderate and add vegetables or salad.
759,Uttar Pradesh,Maintaining Balanced Diet,Lunch,Brown Rice + Moong Dal + Nenua Sabzi (Wholesome),333,12,58,4,11,Medium,High,Low,,"Brown rice, Green gram, Sponge gourd",Vegan,,Prepare brown rice + moong dal + nenua sabzi in a wholesome home-style manner with moderate oil. Add vegetables or dal to keep the plate well rounded.,30 mins mixed cardio or yoga,Keep oil moderate and add vegetables or salad.
760,Uttar Pradesh,Maintaining Balanced Diet,Lunch,Jau Roti + Arhar Dal + Lauki Sabzi (With Salad),322,15,52,4,14,Low,Medium,High,Gluten,"Barley flour, Pigeon peas, Bottle gourd",Vegan,,Prepare jau roti + arhar dal + lauki sabzi in a with salad home-style manner with moderate oil. Add vegetables or dal to keep the plate well rounded.,30 mins mixed cardio or yoga,Keep oil moderate and add vegetables or salad. Contains gluten.
761,Uttar Pradesh,Maintaining Balanced Diet,Lunch,Jau Roti + Chana Dal + Turai Sabzi (Grilled),337,15,56,4,13,High,Low,Medium,Gluten,"Barley flour, Bengal gram, Ridge gourd",Vegan,,Prepare jau roti + chana dal + turai sabzi in a grilled home-style manner with moderate oil. Add vegetables or dal to keep the plate well rounded.,30 mins mixed cardio or yoga,Keep oil moderate and add vegetables or salad. Contains gluten.
762,Uttar Pradesh,Maintaining Balanced Diet,Lunch,Jau Roti + Masoor Dal + Parwal Sabzi (With Dal),328,15,54,4,13,Medium,High,Low,Gluten,"Barley flour, Red lentils, Pointed gourd",Vegan,,Prepare jau roti + masoor dal + parwal sabzi in a with dal home-style manner with moderate oil. Add vegetables or dal to keep the plate well rounded.,30 mins mixed cardio or yoga,Keep oil moderate and add vegetables or salad. Contains gluten.
763,Uttar Pradesh,Maintaining Balanced Diet,Lunch,Jau Roti + Moong Dal + Kundru Sabzi (Home Style),309,14,54,3,12,Medium,High,Low,Gluten,"Barley flour, Green gram, Ivy gourd",Vegan,,Prepare jau roti + moong dal + kundru sabzi in a home style home-style manner with moderate oil. Add vegetables or dal to keep the plate well rounded.,30 mins mixed cardio or yoga,Keep oil moderate and add vegetables or salad. Contains gluten.
764,Uttar Pradesh,Maintaining Balanced Diet,Lunch,Missi Roti + Chana Dal + Karela Sabzi (Mild Spice),343,16,50,8,15,Low,Medium,High,Gluten,"Wheat flour, Gram flour, Bengal gram, Bitter gourd",Vegan,,Prepare missi roti + chana dal + karela sabzi in a mild spice home-style manner with moderate oil. Add vegetables or dal to keep the plate well rounded.,30 mins mixed cardio or yoga,Keep oil moderate and add vegetables or salad. Contains gluten.
765,Uttar Pradesh,Maintaining Balanced Diet,Lunch,Missi Roti + Moong Dal + Lauki Sabzi (Fresh),330,16,50,5,12,High,Low,Medium,Gluten,"Wheat flour, Gram flour, Green gram, Bottle gourd",Vegan,,Prepare missi roti + moong dal + lauki sabzi in a fresh home-style manner with moderate oil. Add vegetables or dal to keep the plate well rounded.,30 mins mixed cardio or yoga,Keep oil moderate and add vegetables or salad. Contains gluten.
766,Uttar Pradesh,Maintaining Balanced Diet,Lunch,Missi Roti + Urad Dal + Turai Sabzi (Steamed),343,16,52,5,14,Medium,High,Low,Gluten,"Wheat flour, Gram flour, Black gram, Ridge gourd",Vegan,,Prepare missi roti + urad dal + turai sabzi in a steamed home-style manner with moderate oil. Add vegetables or dal to keep the plate well rounded.,30 mins mixed cardio or yoga,Keep oil moderate and add vegetables or salad. Contains gluten.
767,Uttar Pradesh,Maintaining Balanced Diet,Lunch,Phulka + Arhar Dal + Lauki Sabzi (Balanced),301,14,52,4,11,Low,Medium,High,Gluten,"Wheat flour, Pigeon peas, Bottle gourd",Vegan,,Prepare phulka + arhar dal + lauki sabzi in a balanced home-style manner with moderate oil. Add vegetables or dal to keep the plate well rounded.,30 mins mixed cardio or yoga,Keep oil moderate and add vegetables or salad. Contains gluten.
768,Uttar Pradesh,Maintaining Balanced Diet,Lunch,Phulka + Arhar Dal + Nenua Sabzi (Portion Controlled),319,14,55,4,10,Low,Medium,High,Gluten,"Wheat flour, Pigeon peas, Sponge gourd",Vegan,,Prepare phulka + arhar dal + nenua sabzi in a portion controlled home-style manner with moderate oil. Add vegetables or dal to keep the plate well rounded.,30 mins mixed cardio or yoga,Keep oil moderate and add vegetables or salad. Contains gluten.
769,Uttar Pradesh,Maintaining Balanced Diet,Lunch,Phulka + Masoor Dal + Turai Sabzi (Seasonal Veg),313,14,54,4,11,Medium,High,Low,Gluten,"Wheat flour, Red lentils, Ridge gourd",Vegan,,Prepare phulka + masoor dal + turai sabzi in a seasonal veg home-style manner with moderate oil. Add vegetables or dal to keep the plate well rounded.,30 mins mixed cardio or yoga,Keep oil moderate and add vegetables or salad. Contains gluten.
770,Uttar Pradesh,Maintaining Balanced Diet,Lunch,Phulka + Moong Dal + Kundru Sabzi (Light Tadka),308,13,54,4,9,High,Low,Medium,Gluten,"Wheat flour, Green gram, Ivy gourd",Vegan,,Prepare phulka + moong dal + kundru sabzi in a light tadka home-style manner with moderate oil. Add vegetables or dal to keep the plate well rounded.,30 mins mixed cardio or yoga,Keep oil moderate and add vegetables or salad. Contains gluten.
771,Uttar Pradesh,Maintaining Balanced Diet,Lunch,Phulka + Moong Dal + Lauki Sabzi (Moderate Oil),308,14,54,3,10,High,Low,Medium,Gluten,"Wheat flour, Green gram, Bottle gourd",Vegan,,Prepare phulka + moong dal + lauki sabzi in a moderate oil home-style manner with moderate oil. Add vegetables or dal to keep the plate well rounded.,30 mins mixed cardio or yoga,Keep oil moderate and add vegetables or salad. Contains gluten.
772,Uttar Pradesh,Maintaining Balanced Diet,Snack,Basket Chaat (With Salad),188,7,34,10,6,Low,Medium,High,Dairy,"Potato basket, chana, curd, chutneys, sev",Vegetarian,,Prepare basket chaat in a with salad home-style manner with moderate oil. Add vegetables or dal to keep the plate well rounded.,30 mins mixed cardio or yoga,Keep oil moderate and add vegetables or salad. Contains dairy.
773,Uttar Pradesh,Maintaining Balanced Diet,Snack,Besan Ladoo (Simple),260,8,42,16,2,Low,Medium,High,"Gluten, Dairy","Gram flour, Sugar, Ghee",Vegetarian,,Prepare besan ladoo in a simple home-style manner with moderate oil. Add vegetables or dal to keep the plate well rounded.,30 mins mixed cardio or yoga,"Keep oil moderate and add vegetables or salad. Contains gluten, dairy."
774,Uttar Pradesh,Maintaining Balanced Diet,Snack,Bhuna Chana,150,8,22,3,6,Low,Low,Low,,Roasted Bengal gram,Vegetarian,,Eat a handful of roasted chana.,15 mins stretching,Excellent source of fiber and protein.
775,Uttar Pradesh,Maintaining Balanced Diet,Snack,Boiled Kala Chana + Peanuts (Fresh),283,21,45,14,13,High,Low,Medium,Nuts,"Black gram, Peanuts, Onion",Vegetarian,,Prepare boiled kala chana + peanuts in a fresh home-style manner with moderate oil. Add vegetables or dal to keep the plate well rounded.,30 mins mixed cardio or yoga,Keep oil moderate and add vegetables or salad. Contains nuts.
776,Uttar Pradesh,Maintaining Balanced Diet,Snack,Boiled Shakarkandi,160,2,36,0,5,Low,Low,Low,,Sweet potato,Vegetarian,,Boil and peel sweet potato; eat plain.,20 mins light cardio,Rich in beta-carotene and complex carbs.
777,Uttar Pradesh,Maintaining Balanced Diet,Snack,Choora (Roasted Poha) + Peanuts (With Dal),240,8,45,12,3,Medium,High,Low,Nuts,"Flattened rice, Peanuts, Oil",Vegetarian,,Prepare choora (roasted poha) + peanuts in a with dal home-style manner with moderate oil. Add vegetables or dal to keep the plate well rounded.,30 mins mixed cardio or yoga,Keep oil moderate and add vegetables or salad. Contains nuts.
778,Uttar Pradesh,Maintaining Balanced Diet,Snack,Dehati Rasgulla (Portion Controlled),197,6,36,7,0,Low,Medium,High,,"Chhena, sugar syrup, cardamom",Vegetarian,,Prepare dehati rasgulla in a portion controlled home-style manner with moderate oil. Add vegetables or dal to keep the plate well rounded.,30 mins mixed cardio or yoga,Keep oil moderate and add vegetables or salad.
779,Uttar Pradesh,Maintaining Balanced Diet,Snack,Fresh Papaya,100,1,24,0,4,Medium,Low,Low,,Papaya,Vegetarian,,Eat a bowl of fresh papaya.,10 mins walk,Papain enzyme aids overall digestion.
780,Uttar Pradesh,Maintaining Balanced Diet,Snack,Ghewar (Moderate Oil),210,5,40,12,1,High,Low,Medium,"Gluten, Dairy","Flour, ghee, sugar syrup, milk solids",Vegetarian,,Prepare ghewar in a moderate oil home-style manner with moderate oil. Add vegetables or dal to keep the plate well rounded.,30 mins mixed cardio or yoga,"Keep oil moderate and add vegetables or salad. Contains gluten, dairy."
781,Uttar Pradesh,Maintaining Balanced Diet,Snack,Ghughni (Dried Yellow Peas) with Oil (Balanced),224,15,40,8,8,Low,Medium,High,,"Yellow peas, Mustard oil",Vegetarian,,Prepare ghughni (dried yellow peas) with oil in a balanced home-style manner with moderate oil. Add vegetables or dal to keep the plate well rounded.,30 mins mixed cardio or yoga,Keep oil moderate and add vegetables or salad.
782,Uttar Pradesh,Maintaining Balanced Diet,Snack,Guava,90,1,20,0,5,Low,Low,Low,,Guava,Vegetarian,,Eat raw guava.,10 mins walk,Excellent vitamin C source.
783,Uttar Pradesh,Maintaining Balanced Diet,Snack,Kheer (Mild Spice),179,7,34,8,1,Low,Medium,High,Dairy,"Milk, rice, sugar, cardamom",Vegetarian,,Prepare kheer in a mild spice home-style manner with moderate oil. Add vegetables or dal to keep the plate well rounded.,30 mins mixed cardio or yoga,Keep oil moderate and add vegetables or salad. Contains dairy.
784,Uttar Pradesh,Maintaining Balanced Diet,Snack,Malaiyo (Cumin Tadka),164,5,20,12,0,High,Low,Medium,Dairy,"Milk foam, saffron, cardamom",Vegetarian,,Prepare malaiyo in a cumin tadka home-style manner with moderate oil. Add vegetables or dal to keep the plate well rounded.,30 mins mixed cardio or yoga,Keep oil moderate and add vegetables or salad. Contains dairy.
785,Uttar Pradesh,Maintaining Balanced Diet,Snack,Mathura Peda (Seasonal Veg),227,6,45,10,1,Medium,High,Low,Dairy,"Khoya, Sugar, Cardamom",Vegetarian,,Prepare mathura peda in a seasonal veg home-style manner with moderate oil. Add vegetables or dal to keep the plate well rounded.,30 mins mixed cardio or yoga,Keep oil moderate and add vegetables or salad. Contains dairy.
786,Uttar Pradesh,Maintaining Balanced Diet,Snack,Paneer Bhurji (100g) + 2 Bread Slices (Mixed Plate),301,25,35,18,3,Low,Medium,High,Dairy,"Paneer, Bread, Onion",Vegetarian,,Prepare paneer bhurji (100g) + 2 bread slices in a mixed plate home-style manner with moderate oil. Add vegetables or dal to keep the plate well rounded.,30 mins mixed cardio or yoga,Keep oil moderate and add vegetables or salad. Contains dairy.
787,Uttar Pradesh,Maintaining Balanced Diet,Snack,Rabri (Light Tadka),224,9,34,14,0,High,Low,Medium,"Dairy, Nuts","Reduced milk, sugar, saffron, nuts",Vegetarian,,Prepare rabri in a light tadka home-style manner with moderate oil. Add vegetables or dal to keep the plate well rounded.,30 mins mixed cardio or yoga,"Keep oil moderate and add vegetables or salad. Contains dairy, nuts."
788,Uttar Pradesh,Maintaining Balanced Diet,Snack,Roasted Chana + Milk (Home Style),239,19,40,8,6,Medium,High,Low,Dairy,"Bengal gram, Milk",Vegetarian,,Prepare roasted chana + milk in a home style home-style manner with moderate oil. Add vegetables or dal to keep the plate well rounded.,30 mins mixed cardio or yoga,Keep oil moderate and add vegetables or salad. Contains dairy.
789,Uttar Pradesh,Maintaining Balanced Diet,Snack,Roasted Chana + Peanuts,180,9,22,7,5,Medium,Low,Low,Peanut,"Bengal gram, Peanuts",Vegetarian,,A small mix of chana and peanuts.,15 mins stretch,Good mix of protein and healthy fats.
790,Uttar Pradesh,Maintaining Balanced Diet,Snack,Roasted Makhana,140,4,20,5,3,Low,Low,Low,,"Fox nuts, Ghee",Vegetarian,,Roast lightly in a teaspoon of ghee.,15 mins stretch,Rich in calcium and antioxidants.
791,Uttar Pradesh,Maintaining Balanced Diet,Snack,Roasted Peanuts + Jaggery (Grilled),264,13,35,18,4,High,Low,Medium,Nuts,"Peanuts, Jaggery",Vegetarian,,Prepare roasted peanuts + jaggery in a grilled home-style manner with moderate oil. Add vegetables or dal to keep the plate well rounded.,30 mins mixed cardio or yoga,Keep oil moderate and add vegetables or salad. Contains nuts.
792,Uttar Pradesh,Maintaining Balanced Diet,Snack,Sattu Sherbet,150,8,25,1,4,Low,Low,Low,,"Roasted gram flour, Cumin, Lemon",Vegetarian,,Mix sattu in water with lemon and cumin.,15 mins walk,Instantly cools the body.
793,Uttar Pradesh,Maintaining Balanced Diet,Snack,Shahi Tukda (Steamed),240,7,38,14,1,Medium,High,Low,"Dairy, Nuts","Bread, milk, sugar, ghee, nuts",Vegetarian,,Prepare shahi tukda in a steamed home-style manner with moderate oil. Add vegetables or dal to keep the plate well rounded.,30 mins mixed cardio or yoga,"Keep oil moderate and add vegetables or salad. Contains dairy, nuts."
794,Uttar Pradesh,Maintaining Balanced Diet,Snack,Soan Papdi (Wholesome),164,4,28,11,1,Medium,High,Low,"Gluten, Dairy","Gram flour, ghee, sugar, cardamom",Vegetarian,,Prepare soan papdi in a wholesome home-style manner with moderate oil. Add vegetables or dal to keep the plate well rounded.,30 mins mixed cardio or yoga,"Keep oil moderate and add vegetables or salad. Contains gluten, dairy."
795,Uttar Pradesh,Maintaining Balanced Diet,Snack,Chicken Tikka (Fresh),164,26,5,10,1,High,Low,Medium,,"Chicken, yoghurt, spices, lemon",Non-Vegetarian,Chicken,Prepare chicken tikka in a fresh home-style manner with moderate oil. Add vegetables or dal to keep the plate well rounded.,30 mins mixed cardio or yoga,Keep oil moderate and add vegetables or salad.
796,Uttar Pradesh,Maintaining Balanced Diet,Snack,Chicken Yakhni (Home Style),209,26,8,14,1,Medium,High,Low,,"Chicken, bone broth, ginger, cloves",Non-Vegetarian,Chicken,Prepare chicken yakhni in a home style home-style manner with moderate oil. Add vegetables or dal to keep the plate well rounded.,30 mins mixed cardio or yoga,Keep oil moderate and add vegetables or salad.
797,Uttar Pradesh,Maintaining Balanced Diet,Snack,Fish Curry (Banarasi Style) (With Salad),196,21,10,12,1,Low,Medium,High,,"Fish, mustard, tomato, spices",Non-Vegetarian,Fish,Prepare fish curry (banarasi style) in a with salad home-style manner with moderate oil. Add vegetables or dal to keep the plate well rounded.,30 mins mixed cardio or yoga,Keep oil moderate and add vegetables or salad.
798,Uttar Pradesh,Maintaining Balanced Diet,Snack,Fish Tikka (Steamed),150,23,5,8,1,Medium,High,Low,,"Fish, spices, lemon, herbs",Non-Vegetarian,Fish,Prepare fish tikka in a steamed home-style manner with moderate oil. Add vegetables or dal to keep the plate well rounded.,30 mins mixed cardio or yoga,Keep oil moderate and add vegetables or salad.
799,Uttar Pradesh,Maintaining Balanced Diet,Snack,Galouti Kebab (Mild Spice),255,23,10,22,1,Low,Medium,High,,"Minced mutton, papaya paste, aromatic spices",Non-Vegetarian,Mutton,Prepare galouti kebab in a mild spice home-style manner with moderate oil. Add vegetables or dal to keep the plate well rounded.,30 mins mixed cardio or yoga,Keep oil moderate and add vegetables or salad.
800,Uttar Pradesh,Maintaining Balanced Diet,Snack,Kakori Kebab (Simple),268,22,8,23,1,Low,Medium,High,Nuts,"Minced mutton, cashew, cream, spices",Non-Vegetarian,Mutton,Prepare kakori kebab in a simple home-style manner with moderate oil. Add vegetables or dal to keep the plate well rounded.,30 mins mixed cardio or yoga,Keep oil moderate and add vegetables or salad. Contains nuts.
801,Uttar Pradesh,Maintaining Balanced Diet,Snack,Keema Matar (Portion Controlled),239,24,14,18,1,Low,Medium,High,,"Minced meat, peas, onion, spices",Non-Vegetarian,Mutton,Prepare keema matar in a portion controlled home-style manner with moderate oil. Add vegetables or dal to keep the plate well rounded.,30 mins mixed cardio or yoga,Keep oil moderate and add vegetables or salad.
802,Uttar Pradesh,Maintaining Balanced Diet,Snack,Mutton Yakhni (Wholesome),286,25,10,22,1,Medium,High,Low,,"Mutton, bone broth, ginger, whole spices",Non-Vegetarian,Mutton,Prepare mutton yakhni in a wholesome home-style manner with moderate oil. Add vegetables or dal to keep the plate well rounded.,30 mins mixed cardio or yoga,Keep oil moderate and add vegetables or salad.
803,Uttar Pradesh,Maintaining Balanced Diet,Snack,Nihari (Mixed Plate),313,26,20,25,1,Low,Medium,High,Gluten,"Slow-cooked meat, wheat flour, spices",Non-Vegetarian,Mutton,Prepare nihari in a mixed plate home-style manner with moderate oil. Add vegetables or dal to keep the plate well rounded.,30 mins mixed cardio or yoga,Keep oil moderate and add vegetables or salad. Contains gluten.
804,Uttar Pradesh,Maintaining Balanced Diet,Snack,Paya (Cumin Tadka),286,22,12,24,1,High,Low,Medium,,"Trotters, bone broth, ginger, garam masala",Non-Vegetarian,Mutton,Prepare paya in a cumin tadka home-style manner with moderate oil. Add vegetables or dal to keep the plate well rounded.,30 mins mixed cardio or yoga,Keep oil moderate and add vegetables or salad.
805,Uttar Pradesh,Maintaining Balanced Diet,Snack,Rohu Fish Curry (Light Tadka),188,20,10,11,1,High,Low,Medium,,"Rohu fish, tomato, mustard, spices",Non-Vegetarian,Fish,Prepare rohu fish curry in a light tadka home-style manner with moderate oil. Add vegetables or dal to keep the plate well rounded.,30 mins mixed cardio or yoga,Keep oil moderate and add vegetables or salad.
806,Uttar Pradesh,Maintaining Balanced Diet,Snack,Seekh Kebab (Seasonal Veg),226,22,8,18,1,Medium,High,Low,,"Minced meat, onion, herbs, spices",Non-Vegetarian,Mutton,Prepare seekh kebab in a seasonal veg home-style manner with moderate oil. Add vegetables or dal to keep the plate well rounded.,30 mins mixed cardio or yoga,Keep oil moderate and add vegetables or salad.
807,Uttar Pradesh,Maintaining Balanced Diet,Snack,Shami Kebab (Balanced),211,20,12,14,2,Low,Medium,High,Egg,"Minced meat, chana dal, spices, egg",Non-Vegetarian,Mutton,Prepare shami kebab in a balanced home-style manner with moderate oil. Add vegetables or dal to keep the plate well rounded.,30 mins mixed cardio or yoga,Keep oil moderate and add vegetables or salad. Contains egg.
808,Uttar Pradesh,Maintaining Balanced Diet,Snack,Tandoori Chicken (Moderate Oil),197,30,7,12,1,High,Low,Medium,,"Chicken, yoghurt, spices, lemon",Non-Vegetarian,Chicken,Prepare tandoori chicken in a moderate oil home-style manner with moderate oil. Add vegetables or dal to keep the plate well rounded.,30 mins mixed cardio or yoga,Keep oil moderate and add vegetables or salad.
809,Uttar Pradesh,Maintaining Balanced Diet,Snack,Tandoori Fish (With Dal),182,22,6,10,1,Medium,High,Low,,"Fish, yoghurt, spices, lemon",Non-Vegetarian,Fish,Prepare tandoori fish in a with dal home-style manner with moderate oil. Add vegetables or dal to keep the plate well rounded.,30 mins mixed cardio or yoga,Keep oil moderate and add vegetables or salad.
810,Uttar Pradesh,Maintaining Balanced Diet,Snack,Tunday Kababi (Grilled),268,24,18,18,2,High,Low,Medium,,"Minced mutton, green chilli, garam masala, onion",Non-Vegetarian,Mutton,Prepare tunday kababi in a grilled home-style manner with moderate oil. Add vegetables or dal to keep the plate well rounded.,30 mins mixed cardio or yoga,Keep oil moderate and add vegetables or salad.
811,Uttar Pradesh,Maintaining Balanced Diet,Snack,Bhuna Chana (Mild Spice),97,7,20,2,6,Low,Medium,High,,Roasted Bengal gram,Vegan,,Prepare bhuna chana in a mild spice home-style manner with moderate oil. Add vegetables or dal to keep the plate well rounded.,30 mins mixed cardio or yoga,Keep oil moderate and add vegetables or salad.
812,Uttar Pradesh,Maintaining Balanced Diet,Snack,Boiled Kala Chana (Fresh),106,8,22,2,7,High,Low,Medium,,"Black gram, Onion, Lemon",Vegan,,Prepare boiled kala chana in a fresh home-style manner with moderate oil. Add vegetables or dal to keep the plate well rounded.,30 mins mixed cardio or yoga,Keep oil moderate and add vegetables or salad.
813,Uttar Pradesh,Maintaining Balanced Diet,Snack,Boiled Kala Chana + Peanuts (With Salad),287,20,45,14,13,Low,Medium,High,Nuts,"Black gram, Peanuts, Onion",Vegan,,Prepare boiled kala chana + peanuts in a with salad home-style manner with moderate oil. Add vegetables or dal to keep the plate well rounded.,30 mins mixed cardio or yoga,Keep oil moderate and add vegetables or salad. Contains nuts.
814,Uttar Pradesh,Maintaining Balanced Diet,Snack,Choora (Roasted Poha) + Peanuts (Moderate Oil),238,8,45,12,3,High,Low,Medium,Nuts,"Flattened rice, Peanuts, Oil",Vegan,,Prepare choora (roasted poha) + peanuts in a moderate oil home-style manner with moderate oil. Add vegetables or dal to keep the plate well rounded.,30 mins mixed cardio or yoga,Keep oil moderate and add vegetables or salad. Contains nuts.
815,Uttar Pradesh,Maintaining Balanced Diet,Snack,Dehati Rasgulla (Home Style),195,6,36,7,0,Medium,High,Low,,"Chhena, sugar syrup, cardamom",Vegan,,Prepare dehati rasgulla in a home style home-style manner with moderate oil. Add vegetables or dal to keep the plate well rounded.,30 mins mixed cardio or yoga,Keep oil moderate and add vegetables or salad.
816,Uttar Pradesh,Maintaining Balanced Diet,Snack,Ghughni (Dried Yellow Peas) with Oil (Balanced),224,14,40,8,8,Low,Medium,High,,"Yellow peas, Mustard oil",Vegan,,Prepare ghughni (dried yellow peas) with oil in a balanced home-style manner with moderate oil. Add vegetables or dal to keep the plate well rounded.,30 mins mixed cardio or yoga,Keep oil moderate and add vegetables or salad.
817,Uttar Pradesh,Maintaining Balanced Diet,Snack,Guava with Black Pepper (Mixed Plate),70,1,18,0,5,Low,Medium,High,,"Guava, Black pepper",Vegan,,Prepare guava with black pepper in a mixed plate home-style manner with moderate oil. Add vegetables or dal to keep the plate well rounded.,30 mins mixed cardio or yoga,Keep oil moderate and add vegetables or salad.
818,Uttar Pradesh,Maintaining Balanced Diet,Snack,Roasted Chana (Simple),90,6,20,2,6,Low,Medium,High,,Bengal gram,Vegan,,Prepare roasted chana in a simple home-style manner with moderate oil. Add vegetables or dal to keep the plate well rounded.,30 mins mixed cardio or yoga,Keep oil moderate and add vegetables or salad.
819,Uttar Pradesh,Maintaining Balanced Diet,Snack,Roasted Chana + Peanuts (Portion Controlled),119,8,18,6,5,Low,Medium,High,Nuts,"Bengal gram, Peanuts",Vegan,,Prepare roasted chana + peanuts in a portion controlled home-style manner with moderate oil. Add vegetables or dal to keep the plate well rounded.,30 mins mixed cardio or yoga,Keep oil moderate and add vegetables or salad. Contains nuts.
820,Uttar Pradesh,Maintaining Balanced Diet,Snack,Roasted Makhana (Wholesome),83,3,15,4,3,Medium,High,Low,Nuts,Fox nuts,Vegan,,Prepare roasted makhana in a wholesome home-style manner with moderate oil. Add vegetables or dal to keep the plate well rounded.,30 mins mixed cardio or yoga,Keep oil moderate and add vegetables or salad. Contains nuts.
821,Uttar Pradesh,Maintaining Balanced Diet,Snack,Roasted Peanuts (Steamed),119,7,5,14,2,Medium,High,Low,Nuts,Peanuts,Vegan,,Prepare roasted peanuts in a steamed home-style manner with moderate oil. Add vegetables or dal to keep the plate well rounded.,30 mins mixed cardio or yoga,Keep oil moderate and add vegetables or salad. Contains nuts.
822,Uttar Pradesh,Maintaining Balanced Diet,Snack,Roasted Peanuts + Jaggery (Seasonal Veg),264,12,35,18,4,Medium,High,Low,Nuts,"Peanuts, Jaggery",Vegan,,Prepare roasted peanuts + jaggery in a seasonal veg home-style manner with moderate oil. Add vegetables or dal to keep the plate well rounded.,30 mins mixed cardio or yoga,Keep oil moderate and add vegetables or salad. Contains nuts.
823,Uttar Pradesh,Maintaining Balanced Diet,Snack,Samosa with Chutney (Light Tadka),298,6,48,20,4,High,Low,Medium,Gluten,"Refined flour, Potato, Oil",Vegan,,Prepare samosa with chutney in a light tadka home-style manner with moderate oil. Add vegetables or dal to keep the plate well rounded.,30 mins mixed cardio or yoga,Keep oil moderate and add vegetables or salad. Contains gluten.
824,Uttar Pradesh,Maintaining Balanced Diet,Snack,Sattu Sherbet (With Dal),114,8,25,1,4,Medium,High,Low,Gluten,"Roasted gram flour, Cumin, Lemon",Vegan,,Prepare sattu sherbet in a with dal home-style manner with moderate oil. Add vegetables or dal to keep the plate well rounded.,30 mins mixed cardio or yoga,Keep oil moderate and add vegetables or salad. Contains gluten.
825,Uttar Pradesh,Maintaining Balanced Diet,Snack,Unsalted Makhana (Cumin Tadka),75,3,15,3,3,High,Low,Medium,Nuts,Fox nuts,Vegan,,Prepare unsalted makhana in a cumin tadka home-style manner with moderate oil. Add vegetables or dal to keep the plate well rounded.,30 mins mixed cardio or yoga,Keep oil moderate and add vegetables or salad. Contains nuts.
826,Uttar Pradesh,Maintaining Balanced Diet,Snack,Unsalted Peanuts (Grilled),112,6,5,13,2,High,Low,Medium,Nuts,Peanuts,Vegan,,Prepare unsalted peanuts in a grilled home-style manner with moderate oil. Add vegetables or dal to keep the plate well rounded.,30 mins mixed cardio or yoga,Keep oil moderate and add vegetables or salad. Contains nuts.
827,Uttar Pradesh,Maintaining Balanced Diet,Dinner,Brown Rice + Moong Dal (With Dal),259,12,52,3,7,Medium,High,Low,,"Brown rice, Green gram",Vegetarian,,Prepare brown rice + moong dal in a with dal home-style manner with moderate oil. Add vegetables or dal to keep the plate well rounded.,30 mins mixed cardio or yoga,Keep oil moderate and add vegetables or salad.
828,Uttar Pradesh,Maintaining Balanced Diet,Dinner,Brown Rice + Palak Saag (Moderate Oil),254,11,50,4,8,High,Low,Medium,,"Brown rice, Spinach, Garlic",Vegetarian,,Prepare brown rice + palak saag in a moderate oil home-style manner with moderate oil. Add vegetables or dal to keep the plate well rounded.,30 mins mixed cardio or yoga,Keep oil moderate and add vegetables or salad.
829,Uttar Pradesh,Maintaining Balanced Diet,Dinner,Dal Pithi (Dal ki Dulhan) + Chokha,450,18,75,6,12,Medium,Medium,Low,Gluten,"Wheat flour, Pigeon peas, Potato, Eggplant",Vegetarian,,Boil wheat flower dumplings in dal; serve with mashed veggies.,30 mins stroll,Traditional wholesome one-pot meal.
830,Uttar Pradesh,Maintaining Balanced Diet,Dinner,Dalia Khichdi (Cumin Tadka),227,10,46,3,8,High,Low,Medium,Gluten,"Broken wheat, Moong dal",Vegetarian,,Prepare dalia khichdi in a cumin tadka home-style manner with moderate oil. Add vegetables or dal to keep the plate well rounded.,30 mins mixed cardio or yoga,Keep oil moderate and add vegetables or salad. Contains gluten.
831,Uttar Pradesh,Maintaining Balanced Diet,Dinner,Dalia Khichdi + Bathua Saag (Light Tadka),242,10,48,3,10,High,Low,Medium,Gluten,"Broken wheat, Bathua leaves",Vegetarian,,Prepare dalia khichdi + bathua saag in a light tadka home-style manner with moderate oil. Add vegetables or dal to keep the plate well rounded.,30 mins mixed cardio or yoga,Keep oil moderate and add vegetables or salad. Contains gluten.
832,Uttar Pradesh,Maintaining Balanced Diet,Dinner,Dalia Khichdi + Parwal Sabzi (Portion Controlled),263,11,48,4,11,Low,Medium,High,Gluten,"Broken wheat, Moong dal, Pointed gourd",Vegetarian,,Prepare dalia khichdi + parwal sabzi in a portion controlled home-style manner with moderate oil. Add vegetables or dal to keep the plate well rounded.,30 mins mixed cardio or yoga,Keep oil moderate and add vegetables or salad. Contains gluten.
833,Uttar Pradesh,Maintaining Balanced Diet,Dinner,Jau Roti + Karela Sabzi (With Salad),242,10,45,4,13,Low,Medium,High,Gluten,"Barley flour, Bitter gourd",Vegetarian,,Prepare jau roti + karela sabzi in a with salad home-style manner with moderate oil. Add vegetables or dal to keep the plate well rounded.,30 mins mixed cardio or yoga,Keep oil moderate and add vegetables or salad. Contains gluten.
834,Uttar Pradesh,Maintaining Balanced Diet,Dinner,Jau Roti + Moong Dal + Lauki Sabzi (Seasonal Veg),268,15,48,4,13,Medium,High,Low,Gluten,"Barley flour, Green gram, Bottle gourd",Vegetarian,,Prepare jau roti + moong dal + lauki sabzi in a seasonal veg home-style manner with moderate oil. Add vegetables or dal to keep the plate well rounded.,30 mins mixed cardio or yoga,Keep oil moderate and add vegetables or salad. Contains gluten.
835,Uttar Pradesh,Maintaining Balanced Diet,Dinner,Jau Roti + Palak Saag (Wholesome),226,9,42,3,11,Medium,High,Low,Gluten,"Barley flour, Spinach",Vegetarian,,Prepare jau roti + palak saag in a wholesome home-style manner with moderate oil. Add vegetables or dal to keep the plate well rounded.,30 mins mixed cardio or yoga,Keep oil moderate and add vegetables or salad. Contains gluten.
836,Uttar Pradesh,Maintaining Balanced Diet,Dinner,Missi Roti + Nenua Sabzi (Mild Spice),232,10,42,4,11,Low,Medium,High,Gluten,"Wheat flour, Gram flour, Sponge gourd",Vegetarian,,Prepare missi roti + nenua sabzi in a mild spice home-style manner with moderate oil. Add vegetables or dal to keep the plate well rounded.,30 mins mixed cardio or yoga,Keep oil moderate and add vegetables or salad. Contains gluten.
837,Uttar Pradesh,Maintaining Balanced Diet,Dinner,Missi Roti + Turai Sabzi (Fresh),235,11,42,4,12,High,Low,Medium,Gluten,"Wheat flour, Gram flour, Ridge gourd",Vegetarian,,Prepare missi roti + turai sabzi in a fresh home-style manner with moderate oil. Add vegetables or dal to keep the plate well rounded.,30 mins mixed cardio or yoga,Keep oil moderate and add vegetables or salad. Contains gluten.
838,Uttar Pradesh,Maintaining Balanced Diet,Dinner,Moong Dal Cheela (Balanced),254,13,45,4,11,Low,Medium,High,,"Moong dal, Ginger, Cumin, Coriander",Vegetarian,,Prepare oats khichdi + bathua saag in a balanced home-style manner with moderate oil. Add vegetables or dal to keep the plate well rounded.,30 mins mixed cardio or yoga,Keep oil moderate and add vegetables or salad.
839,Uttar Pradesh,Maintaining Balanced Diet,Dinner,Moong Dal Khichdi (Home Style),254,13,48,4,8,Medium,High,Low,,"Rice, Green gram, Cumin",Vegetarian,,Prepare moong dal khichdi in a home style home-style manner with moderate oil. Add vegetables or dal to keep the plate well rounded.,30 mins mixed cardio or yoga,Keep oil moderate and add vegetables or salad.
840,Uttar Pradesh,Maintaining Balanced Diet,Dinner,Phulka + Palak Saag (Mixed Plate),223,9,42,4,8,Low,Medium,High,Gluten,"Wheat flour, Spinach",Vegetarian,,Prepare phulka + palak saag in a mixed plate home-style manner with moderate oil. Add vegetables or dal to keep the plate well rounded.,30 mins mixed cardio or yoga,Keep oil moderate and add vegetables or salad. Contains gluten.
841,Uttar Pradesh,Maintaining Balanced Diet,Dinner,Phulka + Palak Sabzi (Simple),233,9,42,4,8,Low,Medium,High,Gluten,"Wheat flour, Spinach, Garlic",Vegetarian,,Prepare phulka + palak sabzi in a simple home-style manner with moderate oil. Add vegetables or dal to keep the plate well rounded.,30 mins mixed cardio or yoga,Keep oil moderate and add vegetables or salad. Contains gluten.
842,Uttar Pradesh,Maintaining Balanced Diet,Dinner,Phulka + Turai Sabzi (Grilled),232,8,45,4,9,High,Low,Medium,Gluten,"Wheat flour, Ridge gourd",Vegetarian,,Prepare phulka + turai sabzi in a grilled home-style manner with moderate oil. Add vegetables or dal to keep the plate well rounded.,30 mins mixed cardio or yoga,Keep oil moderate and add vegetables or salad. Contains gluten.
843,Uttar Pradesh,Maintaining Balanced Diet,Dinner,Rice + Lauki Sabzi + Masoor Dal,430,14,75,6,9,Medium,Medium,Low,,"White rice, Bottle gourd, Red lentils",Vegetarian,,Very light lauki sabzi with watery dal.,30 mins stroll,Hydrating and low-fat dinner.
844,Uttar Pradesh,Maintaining Balanced Diet,Dinner,Roti + Arhar Dal + Nenua Sabzi,420,15,68,8,11,Medium,Medium,Low,Gluten,"Wheat flour, Pigeon peas, Sponge gourd",Vegetarian,,Lightly spiced sponge gourd with toor dal.,30 mins walk,Light dinner for optimal digestion.
845,Uttar Pradesh,Maintaining Balanced Diet,Dinner,Roti + Chana Dal + Parwal Sabzi,440,16,70,8,11,Medium,Medium,Low,Gluten,"Wheat flour, Bengal gram, Pointed gourd",Vegetarian,,Cook parwal with mild spices.,30 mins walk,Parwal is easy on the digestive system.
846,Uttar Pradesh,Maintaining Balanced Diet,Dinner,Roti + Moong Dal + Bhindi,430,16,66,10,12,Medium,Medium,Low,Gluten,"Wheat flour, Green gram, Okra",Vegetarian,,Pan roast bhindi and serve with light moong dal.,30 mins walk,Balanced macro profile for weight maintenance.
847,Uttar Pradesh,Maintaining Balanced Diet,Dinner,Roti + Palak Paneer + Salad,480,18,60,16,10,Medium,Medium,Medium,Gluten/Milk,"Wheat flour, Spinach, Paneer",Vegetarian,,Use moderate paneer and avoid heavy cream in palak.,30 mins walk,Paneer provides overnight casein protein.
848,Uttar Pradesh,Maintaining Balanced Diet,Dinner,Tahri (Veg Pulao) + Cucumber Raita (Steamed),272,11,50,5,7,Medium,High,Low,Dairy,"Rice, Mixed vegetables, Curd, Cucumber",Vegetarian,,Prepare tahri (veg pulao) + cucumber raita in a steamed home-style manner with moderate oil. Add vegetables or dal to keep the plate well rounded.,30 mins mixed cardio or yoga,Keep oil moderate and add vegetables or salad. Contains dairy.
849,Uttar Pradesh,Maintaining Balanced Diet,Dinner,Tehri + Cucumber Raita,400,12,65,8,7,High,Medium,Low,Milk,"Rice, Mixed veggies, Curd, Cucumber",Vegetarian,,One-pot rice dish served with cooling yogurt.,30 mins stroll,Comforting and balanced evening meal.
850,Uttar Pradesh,Maintaining Balanced Diet,Dinner,Chicken Yakhni (Balanced),250,26,8,14,1,Low,Medium,High,,"Chicken, bone broth, ginger, cloves",Non-Vegetarian,Chicken,Prepare chicken yakhni in a balanced home-style manner with moderate oil. Add vegetables or dal to keep the plate well rounded.,30 mins mixed cardio or yoga,Keep oil moderate and add vegetables or salad.
851,Uttar Pradesh,Maintaining Balanced Diet,Dinner,Galouti Kebab (With Salad),308,23,10,22,1,Low,Medium,High,,"Minced mutton, papaya paste, aromatic spices",Non-Vegetarian,Mutton,Prepare galouti kebab in a with salad home-style manner with moderate oil. Add vegetables or dal to keep the plate well rounded.,30 mins mixed cardio or yoga,Keep oil moderate and add vegetables or salad.
852,Uttar Pradesh,Maintaining Balanced Diet,Dinner,Kakori Kebab (Seasonal Veg),327,22,8,24,1,Medium,High,Low,Nuts,"Minced mutton, cashew, cream, spices",Non-Vegetarian,Mutton,Prepare kakori kebab in a seasonal veg home-style manner with moderate oil. Add vegetables or dal to keep the plate well rounded.,30 mins mixed cardio or yoga,Keep oil moderate and add vegetables or salad. Contains nuts.
853,Uttar Pradesh,Maintaining Balanced Diet,Dinner,Mutton Yakhni (Light Tadka),341,25,10,22,1,High,Low,Medium,,"Mutton, bone broth, ginger, whole spices",Non-Vegetarian,Mutton,Prepare mutton yakhni in a light tadka home-style manner with moderate oil. Add vegetables or dal to keep the plate well rounded.,30 mins mixed cardio or yoga,Keep oil moderate and add vegetables or salad.
854,Uttar Pradesh,Maintaining Balanced Diet,Dinner,Rice + Chicken Korma + Palak (Mild Spice),722,61,85,24,8,Low,Medium,High,,"Rice, Chicken, Spinach",Non-Vegetarian,Chicken,Prepare rice + chicken korma + palak in a mild spice home-style manner with moderate oil. Add vegetables or dal to keep the plate well rounded.,30 mins mixed cardio or yoga,Keep oil moderate and add vegetables or salad.
855,Uttar Pradesh,Maintaining Balanced Diet,Dinner,Rice + Mutton Salan + Lauki Sabzi (Grilled),745,50,86,32,7,High,Low,Medium,,"Rice, Mutton, Bottle gourd",Non-Vegetarian,Mutton,Prepare rice + mutton salan + lauki sabzi in a grilled home-style manner with moderate oil. Add vegetables or dal to keep the plate well rounded.,30 mins mixed cardio or yoga,Keep oil moderate and add vegetables or salad.
856,Uttar Pradesh,Maintaining Balanced Diet,Dinner,Rice + Mutton Salan + Sabzi (Wholesome),740,46,80,34,7,Medium,High,Low,,"Rice, Mutton, Mixed vegetables",Non-Vegetarian,Mutton,Prepare rice + mutton salan + sabzi in a wholesome home-style manner with moderate oil. Add vegetables or dal to keep the plate well rounded.,30 mins mixed cardio or yoga,Keep oil moderate and add vegetables or salad.
857,Uttar Pradesh,Maintaining Balanced Diet,Dinner,Rohu Fish Curry (Home Style),225,20,10,11,1,Medium,High,Low,,"Rohu fish, tomato, mustard, spices",Non-Vegetarian,Fish,Prepare rohu fish curry in a home style home-style manner with moderate oil. Add vegetables or dal to keep the plate well rounded.,30 mins mixed cardio or yoga,Keep oil moderate and add vegetables or salad.
858,Uttar Pradesh,Maintaining Balanced Diet,Dinner,Roti + Anda Curry + Nenua Sabzi (With Dal),666,40,80,27,9,Medium,High,Low,"Gluten, Egg","Wheat flour, Eggs, Sponge gourd",Non-Vegetarian,Mutton,Prepare roti + anda curry + nenua sabzi in a with dal home-style manner with moderate oil. Add vegetables or dal to keep the plate well rounded.,30 mins mixed cardio or yoga,"Keep oil moderate and add vegetables or salad. Contains gluten, egg."
859,Uttar Pradesh,Maintaining Balanced Diet,Dinner,Roti + Chicken Curry + Chana Dal (Fresh),726,64,86,22,11,High,Low,Medium,Gluten,"Wheat flour, Chicken, Bengal gram",Non-Vegetarian,Chicken,Prepare roti + chicken curry + chana dal in a fresh home-style manner with moderate oil. Add vegetables or dal to keep the plate well rounded.,30 mins mixed cardio or yoga,Keep oil moderate and add vegetables or salad. Contains gluten.
860,Uttar Pradesh,Maintaining Balanced Diet,Dinner,Roti + Chicken Masala + Kathal Sabzi (Simple),740,50,75,34,9,Low,Medium,High,Gluten,"Wheat flour, Chicken, Jackfruit, Oil",Non-Vegetarian,Chicken,Prepare roti + chicken masala + kathal sabzi in a simple home-style manner with moderate oil. Add vegetables or dal to keep the plate well rounded.,30 mins mixed cardio or yoga,Keep oil moderate and add vegetables or salad. Contains gluten.
861,Uttar Pradesh,Maintaining Balanced Diet,Dinner,Roti + Egg Bhurji + Arhar Dal (Portion Controlled),654,44,81,24,11,Low,Medium,High,"Gluten, Egg","Wheat flour, Eggs, Pigeon peas",Non-Vegetarian,Mutton,Prepare roti + egg bhurji + arhar dal in a portion controlled home-style manner with moderate oil. Add vegetables or dal to keep the plate well rounded.,30 mins mixed cardio or yoga,"Keep oil moderate and add vegetables or salad. Contains gluten, egg."
862,Uttar Pradesh,Maintaining Balanced Diet,Dinner,Roti + Mutton Keema + Bhindi (Steamed),708,53,71,36,11,Medium,High,Low,Gluten,"Wheat flour, Minced mutton, Okra",Non-Vegetarian,Mutton,Prepare roti + mutton keema + bhindi in a steamed home-style manner with moderate oil. Add vegetables or dal to keep the plate well rounded.,30 mins mixed cardio or yoga,Keep oil moderate and add vegetables or salad. Contains gluten.
863,Uttar Pradesh,Maintaining Balanced Diet,Dinner,Shami Kebab (Cumin Tadka),253,20,12,14,2,High,Low,Medium,Egg,"Minced meat, chana dal, spices, egg",Non-Vegetarian,Mutton,Prepare shami kebab in a cumin tadka home-style manner with moderate oil. Add vegetables or dal to keep the plate well rounded.,30 mins mixed cardio or yoga,Keep oil moderate and add vegetables or salad. Contains egg.
864,Uttar Pradesh,Maintaining Balanced Diet,Dinner,Tandoori Chicken (Mixed Plate),235,30,7,12,1,Low,Medium,High,,"Chicken, yoghurt, spices, lemon",Non-Vegetarian,Chicken,Prepare tandoori chicken in a mixed plate home-style manner with moderate oil. Add vegetables or dal to keep the plate well rounded.,30 mins mixed cardio or yoga,Keep oil moderate and add vegetables or salad.
865,Uttar Pradesh,Maintaining Balanced Diet,Dinner,Tandoori Fish (Moderate Oil),216,22,6,10,1,High,Low,Medium,,"Fish, yoghurt, spices, lemon",Non-Vegetarian,Fish,Prepare tandoori fish in a moderate oil home-style manner with moderate oil. Add vegetables or dal to keep the plate well rounded.,30 mins mixed cardio or yoga,Keep oil moderate and add vegetables or salad.
866,Uttar Pradesh,Maintaining Balanced Diet,Dinner,Banarasi Tamatar Chaat (Balanced),254,12,45,4,11,Low,Medium,High,,"Tomato, Potato, Spices, Lemon, Coriander",Vegan,,Prepare oats khichdi + bathua saag in a balanced home-style manner with moderate oil. Add vegetables or dal to keep the plate well rounded.,30 mins mixed cardio or yoga,Keep oil moderate and add vegetables or salad.
867,Uttar Pradesh,Maintaining Balanced Diet,Dinner,Brown Rice + Moong Dal (With Dal),259,11,52,3,7,Medium,High,Low,,"Brown rice, Green gram",Vegan,,Prepare brown rice + moong dal in a with dal home-style manner with moderate oil. Add vegetables or dal to keep the plate well rounded.,30 mins mixed cardio or yoga,Keep oil moderate and add vegetables or salad.
868,Uttar Pradesh,Maintaining Balanced Diet,Dinner,Brown Rice + Palak Saag (Moderate Oil),254,10,50,4,8,High,Low,Medium,,"Brown rice, Spinach, Garlic",Vegan,,Prepare brown rice + palak saag in a moderate oil home-style manner with moderate oil. Add vegetables or dal to keep the plate well rounded.,30 mins mixed cardio or yoga,Keep oil moderate and add vegetables or salad.
869,Uttar Pradesh,Maintaining Balanced Diet,Dinner,Dalia Khichdi (Wholesome),226,9,46,3,8,Medium,High,Low,Gluten,"Broken wheat, Moong dal",Vegan,,Prepare dalia khichdi in a wholesome home-style manner with moderate oil. Add vegetables or dal to keep the plate well rounded.,30 mins mixed cardio or yoga,Keep oil moderate and add vegetables or salad. Contains gluten.
870,Uttar Pradesh,Maintaining Balanced Diet,Dinner,Dalia Khichdi + Bathua Saag (Light Tadka),242,10,48,3,10,High,Low,Medium,Gluten,"Broken wheat, Bathua leaves",Vegan,,Prepare dalia khichdi + bathua saag in a light tadka home-style manner with moderate oil. Add vegetables or dal to keep the plate well rounded.,30 mins mixed cardio or yoga,Keep oil moderate and add vegetables or salad. Contains gluten.
871,Uttar Pradesh,Maintaining Balanced Diet,Dinner,Dalia Khichdi + Parwal Sabzi (Portion Controlled),263,10,48,4,11,Low,Medium,High,Gluten,"Broken wheat, Moong dal, Pointed gourd",Vegan,,Prepare dalia khichdi + parwal sabzi in a portion controlled home-style manner with moderate oil. Add vegetables or dal to keep the plate well rounded.,30 mins mixed cardio or yoga,Keep oil moderate and add vegetables or salad. Contains gluten.
872,Uttar Pradesh,Maintaining Balanced Diet,Dinner,Jau Roti + Karela Sabzi (With Salad),242,10,45,4,13,Low,Medium,High,Gluten,"Barley flour, Bitter gourd",Vegan,,Prepare jau roti + karela sabzi in a with salad home-style manner with moderate oil. Add vegetables or dal to keep the plate well rounded.,30 mins mixed cardio or yoga,Keep oil moderate and add vegetables or salad. Contains gluten.
873,Uttar Pradesh,Maintaining Balanced Diet,Dinner,Jau Roti + Moong Dal + Lauki Sabzi (Seasonal Veg),268,14,48,4,13,Medium,High,Low,Gluten,"Barley flour, Green gram, Bottle gourd",Vegan,,Prepare jau roti + moong dal + lauki sabzi in a seasonal veg home-style manner with moderate oil. Add vegetables or dal to keep the plate well rounded.,30 mins mixed cardio or yoga,Keep oil moderate and add vegetables or salad. Contains gluten.
874,Uttar Pradesh,Maintaining Balanced Diet,Dinner,Jau Roti + Palak Saag (Simple),225,9,42,3,10,Low,Medium,High,Gluten,"Barley flour, Spinach",Vegan,,Prepare jau roti + palak saag in a simple home-style manner with moderate oil. Add vegetables or dal to keep the plate well rounded.,30 mins mixed cardio or yoga,Keep oil moderate and add vegetables or salad. Contains gluten.
875,Uttar Pradesh,Maintaining Balanced Diet,Dinner,Missi Roti + Nenua Sabzi (Mild Spice),232,10,42,4,11,Low,Medium,High,Gluten,"Wheat flour, Gram flour, Sponge gourd",Vegan,,Prepare missi roti + nenua sabzi in a mild spice home-style manner with moderate oil. Add vegetables or dal to keep the plate well rounded.,30 mins mixed cardio or yoga,Keep oil moderate and add vegetables or salad. Contains gluten.
876,Uttar Pradesh,Maintaining Balanced Diet,Dinner,Missi Roti + Turai Sabzi (Fresh),235,10,42,4,12,High,Low,Medium,Gluten,"Wheat flour, Gram flour, Ridge gourd",Vegan,,Prepare missi roti + turai sabzi in a fresh home-style manner with moderate oil. Add vegetables or dal to keep the plate well rounded.,30 mins mixed cardio or yoga,Keep oil moderate and add vegetables or salad. Contains gluten.
877,Uttar Pradesh,Maintaining Balanced Diet,Dinner,Moong Dal Khichdi (Home Style),254,12,48,4,8,Medium,High,Low,,"Rice, Green gram, Cumin",Vegan,,Prepare moong dal khichdi in a home style home-style manner with moderate oil. Add vegetables or dal to keep the plate well rounded.,30 mins mixed cardio or yoga,Keep oil moderate and add vegetables or salad.
878,Uttar Pradesh,Maintaining Balanced Diet,Dinner,Phulka + Lauki Sabzi (Mixed Plate),224,8,45,3,8,Low,Medium,High,Gluten,"Wheat flour, Bottle gourd",Vegan,,Prepare phulka + lauki sabzi in a mixed plate home-style manner with moderate oil. Add vegetables or dal to keep the plate well rounded.,30 mins mixed cardio or yoga,Keep oil moderate and add vegetables or salad. Contains gluten.
879,Uttar Pradesh,Maintaining Balanced Diet,Dinner,Phulka + Palak Saag (Cumin Tadka),226,9,42,4,8,High,Low,Medium,Gluten,"Wheat flour, Spinach",Vegan,,Prepare phulka + palak saag in a cumin tadka home-style manner with moderate oil. Add vegetables or dal to keep the plate well rounded.,30 mins mixed cardio or yoga,Keep oil moderate and add vegetables or salad. Contains gluten.
880,Uttar Pradesh,Maintaining Balanced Diet,Dinner,Phulka + Palak Sabzi (Grilled),232,9,42,4,8,High,Low,Medium,Gluten,"Wheat flour, Spinach, Garlic",Vegan,,Prepare phulka + palak sabzi in a grilled home-style manner with moderate oil. Add vegetables or dal to keep the plate well rounded.,30 mins mixed cardio or yoga,Keep oil moderate and add vegetables or salad. Contains gluten.
881,Uttar Pradesh,Maintaining Balanced Diet,Dinner,Phulka + Turai Sabzi (Steamed),235,8,45,4,9,Medium,High,Low,Gluten,"Wheat flour, Ridge gourd",Vegan,,Prepare phulka + turai sabzi in a steamed home-style manner with moderate oil. Add vegetables or dal to keep the plate well rounded.,30 mins mixed cardio or yoga,Keep oil moderate and add vegetables or salad. Contains gluten.
882,Uttar Pradesh,Diabetes,Breakfast,Besan Cheela,220,12,30,5,6,Low,Medium,Low,,"Gram flour, Onion, Tomato",Vegetarian,,Cook with minimal oil on a non-stick pan.,20 mins post-meal walk,Gram flour provides protein and avoids sugar spikes.
883,Uttar Pradesh,Diabetes,Breakfast,Besan Cheela (Light Spice),201,13,26,5,8,Low,Low,Low,Gluten,"Gram flour, Onion, Green chili",Vegetarian,,"Prepare besan cheela as a light spice version with no added sugar and controlled portions. Prefer whole grains, legumes, and fibre-rich sides.",30 mins brisk walking after meals,Monitor carbohydrate portions and avoid sweetened accompaniments. Contains gluten.
884,Uttar Pradesh,Diabetes,Breakfast,Chura Matar (Millet Base),207,6,39,3,6,Low,Medium,Medium,,"Flattened rice, Green peas",Vegetarian,,"Prepare chura matar as a millet base version with no added sugar and controlled portions. Prefer whole grains, legumes, and fibre-rich sides.",30 mins brisk walking after meals,Monitor carbohydrate portions and avoid sweetened accompaniments.
885,Uttar Pradesh,Diabetes,Breakfast,Dalia (Unsweetened),176,8,31,3,8,Low,Low,Low,Gluten,"Broken wheat, Carrots, Peas",Vegetarian,,"Prepare dalia as a unsweetened version with no added sugar and controlled portions. Prefer whole grains, legumes, and fibre-rich sides.",30 mins brisk walking after meals,Monitor carbohydrate portions and avoid sweetened accompaniments. Contains gluten.
886,Uttar Pradesh,Diabetes,Breakfast,Dalia Khichdi (Portion Controlled),160,6,31,1,10,Low,Low,Low,Gluten,"Broken wheat, Moong dal, Vegetables, Cumin",Vegetarian,,"Prepare barley dalia as a portion controlled version with no added sugar and controlled portions. Prefer whole grains, legumes, and fibre-rich sides.",30 mins brisk walking after meals,"Monitor carbohydrate portions and avoid sweetened accompaniments. Contains gluten, egg."
887,Uttar Pradesh,Diabetes,Breakfast,Fara (Fresh),267,15,45,4,9,Medium,Medium,Medium,Gluten,"Rice flour, Chana dal",Vegetarian,,"Prepare fara as a fresh version with no added sugar and controlled portions. Prefer whole grains, legumes, and fibre-rich sides.",30 mins brisk walking after meals,Monitor carbohydrate portions and avoid sweetened accompaniments. Contains gluten.
888,Uttar Pradesh,Diabetes,Breakfast,Fara (Steamed Dumplings),220,12,38,2,6,Low,Low,Low,,"Rice flour, Chana dal",Vegetarian,,Steam completely; do not pan-fry.,20 mins post-meal walk,Chana dal filling lowers the overall GI.
889,Uttar Pradesh,Diabetes,Breakfast,Jau Roti + Mint Chutney,220,8,42,2,10,Low,Low,Low,Gluten,"Barley flour, Mint, Coriander",Vegetarian,,Make roti exclusively from barley; zero sugar chutney.,20 mins post-meal walk,Barley is the ultimate low-GI grain for diabetics.
890,Uttar Pradesh,Diabetes,Breakfast,Jau Roti + Mint Chutney (Boiled),194,8,35,2,11,Low,Low,Low,Gluten,"Barley flour, Mint, Green chili",Vegetarian,,"Prepare jau roti + mint chutney as a boiled version with no added sugar and controlled portions. Prefer whole grains, legumes, and fibre-rich sides.",30 mins brisk walking after meals,Monitor carbohydrate portions and avoid sweetened accompaniments. Contains gluten.
891,Uttar Pradesh,Diabetes,Breakfast,Methi Paratha (No Oil) + Curd,260,10,40,5,8,Low,Medium,Low,Gluten/Milk,"Wheat flour, Fenugreek leaves, Curd",Vegetarian,,Knead methi into dough; dry roast the paratha.,20 mins post-meal walk,Fenugreek helps improve insulin sensitivity.
892,Uttar Pradesh,Diabetes,Breakfast,Moong Dal Cheela (Low Oil),192,15,25,4,7,Low,Low,Low,Gluten,"Green gram, Onion, Coriander",Vegetarian,,"Prepare moong dal cheela as a low oil version with no added sugar and controlled portions. Prefer whole grains, legumes, and fibre-rich sides.",30 mins brisk walking after meals,Monitor carbohydrate portions and avoid sweetened accompaniments. Contains gluten.
893,Uttar Pradesh,Diabetes,Breakfast,Moong Dal Cheela (No Added Sugar),124,10,18,1,7,Low,Low,Low,,"Moong dal, Ginger, Cumin, Coriander",Vegetarian,,"Prepare sprouted moong as a no added sugar version with no added sugar and controlled portions. Prefer whole grains, legumes, and fibre-rich sides.",30 mins brisk walking after meals,Monitor carbohydrate portions and avoid sweetened accompaniments.
894,Uttar Pradesh,Diabetes,Breakfast,Poha with Peanuts (Plain),278,8,45,9,5,Medium,High,High,Nuts,"Flattened rice, Peanuts",Vegetarian,,"Prepare poha with peanuts as a plain version with no added sugar and controlled portions. Prefer whole grains, legumes, and fibre-rich sides.",30 mins brisk walking after meals,Monitor carbohydrate portions and avoid sweetened accompaniments. Contains nuts.
895,Uttar Pradesh,Diabetes,Breakfast,Sattu Drink (Low GI),150,12,23,2,9,Low,Low,Low,,"Roasted gram flour, Lemon, Cumin, Water",Vegetarian,,"Prepare sprouted moong chaat as a low gi version with no added sugar and controlled portions. Prefer whole grains, legumes, and fibre-rich sides.",30 mins brisk walking after meals,Monitor carbohydrate portions and avoid sweetened accompaniments.
896,Uttar Pradesh,Diabetes,Breakfast,Sattu Drink (Steamed),125,5,21,3,5,Low,Low,Low,,"Roasted gram flour, Lemon, Cumin, Water",Vegetarian,,"Prepare oats as a steamed version with no added sugar and controlled portions. Prefer whole grains, legumes, and fibre-rich sides.",30 mins brisk walking after meals,Monitor carbohydrate portions and avoid sweetened accompaniments.
897,Uttar Pradesh,Diabetes,Breakfast,Sattu Drink (Unsweetened),160,10,25,2,5,Low,Low,Low,,"Roasted gram flour, Water, Lemon",Vegetarian,,Mix sattu in water with lemon and cumin; strictly no sugar.,20 mins post-meal walk,Instantly cooling and low GI.
898,Uttar Pradesh,Diabetes,Breakfast,Sattu Drink (Whole Grain),150,10,23,2,6,Low,Low,Low,Gluten,"Roasted gram flour, Cumin, Lemon",Vegetarian,,"Prepare sattu drink as a whole grain version with no added sugar and controlled portions. Prefer whole grains, legumes, and fibre-rich sides.",30 mins brisk walking after meals,Monitor carbohydrate portions and avoid sweetened accompaniments. Contains gluten.
899,Uttar Pradesh,Diabetes,Breakfast,Sattu Paratha (Dry Roasted) + Curd,280,12,44,5,9,Low,Medium,Low,Gluten/Milk,"Wheat flour, Roasted gram flour, Curd",Vegetarian,,Stuff paratha with sattu and dry roast on tawa.,20 mins post-meal walk,Sattu has a very low glycemic index.
900,Uttar Pradesh,Diabetes,Breakfast,Sattu Paratha (Dry Roasted) + Curd (Cumin Tadka),232,12,36,4,11,Low,Medium,Low,"Gluten, Dairy","Wheat flour, Roasted gram flour, Curd",Vegetarian,,"Prepare sattu paratha (dry roasted) + curd as a cumin tadka version with no added sugar and controlled portions. Prefer whole grains, legumes, and fibre-rich sides.",30 mins brisk walking after meals,"Monitor carbohydrate portions and avoid sweetened accompaniments. Contains gluten, dairy."
901,Uttar Pradesh,Diabetes,Breakfast,Sheermal (No Ghee),233,7,34,9,1,Medium,Medium,Medium,"Gluten, Dairy","Flour, milk, saffron, sugar, ghee",Vegetarian,,"Prepare sheermal as a no ghee version with no added sugar and controlled portions. Prefer whole grains, legumes, and fibre-rich sides.",30 mins brisk walking after meals,"Monitor carbohydrate portions and avoid sweetened accompaniments. Contains gluten, dairy."
902,Uttar Pradesh,Diabetes,Breakfast,Sprouted Moong Chaat,180,12,28,2,8,Low,Low,Low,,"Green gram sprouts, Tomato, Onion",Vegetarian,,Steam sprouts lightly and mix with veggies.,20 mins post-meal walk,Sprouts are live food with zero glycemic impact.
903,Uttar Pradesh,Diabetes,Breakfast,Steamed Fara (Fiber Rich),182,12,31,2,7,Low,Low,Low,Gluten,"Rice flour, Chana dal, Garlic",Vegetarian,,"Prepare steamed fara as a fiber rich version with no added sugar and controlled portions. Prefer whole grains, legumes, and fibre-rich sides.",30 mins brisk walking after meals,Monitor carbohydrate portions and avoid sweetened accompaniments. Contains gluten.
904,Uttar Pradesh,Diabetes,Breakfast,Unsalted Dalia (No Sev),159,6,31,2,8,Low,Low,Low,"Gluten, Egg","Broken wheat, Veggies",Vegetarian,,"Prepare unsalted dalia as a no sev version with no added sugar and controlled portions. Prefer whole grains, legumes, and fibre-rich sides.",30 mins brisk walking after meals,"Monitor carbohydrate portions and avoid sweetened accompaniments. Contains gluten, egg."
905,Uttar Pradesh,Diabetes,Breakfast,Chicken Tikka (Low GI),183,26,5,9,1,Low,Low,Low,,"Chicken, yoghurt, spices, lemon",Non-Vegetarian,Chicken,"Prepare chicken tikka as a low gi version with no added sugar and controlled portions. Prefer whole grains, legumes, and fibre-rich sides.",30 mins brisk walking after meals,Monitor carbohydrate portions and avoid sweetened accompaniments.
906,Uttar Pradesh,Diabetes,Breakfast,Chicken Yakhni (Unsweetened),235,26,7,12,1,Low,Low,Low,,"Chicken, bone broth, ginger, cloves",Non-Vegetarian,Chicken,"Prepare chicken yakhni as a unsweetened version with no added sugar and controlled portions. Prefer whole grains, legumes, and fibre-rich sides.",30 mins brisk walking after meals,Monitor carbohydrate portions and avoid sweetened accompaniments.
907,Uttar Pradesh,Diabetes,Breakfast,Fish Curry (Banarasi Style) (No Sev),217,21,8,11,1,Low,Low,Low,,"Fish, mustard, tomato, spices",Non-Vegetarian,Fish,"Prepare fish curry (banarasi style) as a no sev version with no added sugar and controlled portions. Prefer whole grains, legumes, and fibre-rich sides.",30 mins brisk walking after meals,Monitor carbohydrate portions and avoid sweetened accompaniments.
908,Uttar Pradesh,Diabetes,Breakfast,Fish Tikka (No Added Sugar),167,23,5,7,1,Low,Low,Low,,"Fish, spices, lemon, herbs",Non-Vegetarian,Fish,"Prepare fish tikka as a no added sugar version with no added sugar and controlled portions. Prefer whole grains, legumes, and fibre-rich sides.",30 mins brisk walking after meals,Monitor carbohydrate portions and avoid sweetened accompaniments.
909,Uttar Pradesh,Diabetes,Breakfast,Galouti Kebab (Light Spice),286,23,8,19,1,Low,Low,Low,,"Minced mutton, papaya paste, aromatic spices",Non-Vegetarian,Mutton,"Prepare galouti kebab as a light spice version with no added sugar and controlled portions. Prefer whole grains, legumes, and fibre-rich sides.",30 mins brisk walking after meals,Monitor carbohydrate portions and avoid sweetened accompaniments.
910,Uttar Pradesh,Diabetes,Breakfast,Kakori Kebab (Cumin Tadka),304,22,7,21,1,Low,Medium,Low,Nuts,"Minced mutton, cashew, cream, spices",Non-Vegetarian,Mutton,"Prepare kakori kebab as a cumin tadka version with no added sugar and controlled portions. Prefer whole grains, legumes, and fibre-rich sides.",30 mins brisk walking after meals,Monitor carbohydrate portions and avoid sweetened accompaniments. Contains nuts.
911,Uttar Pradesh,Diabetes,Breakfast,Keema Kulcha (Plain),373,23,34,17,2,Medium,High,High,Gluten,"Keema, wheat kulcha, onion, spices",Non-Vegetarian,Mutton,"Prepare keema kulcha as a plain version with no added sugar and controlled portions. Prefer whole grains, legumes, and fibre-rich sides.",30 mins brisk walking after meals,Monitor carbohydrate portions and avoid sweetened accompaniments. Contains gluten.
912,Uttar Pradesh,Diabetes,Breakfast,Keema Matar (Boiled),266,24,11,16,1,Low,Low,Low,,"Minced meat, peas, onion, spices",Non-Vegetarian,Mutton,"Prepare keema matar as a boiled version with no added sugar and controlled portions. Prefer whole grains, legumes, and fibre-rich sides.",30 mins brisk walking after meals,Monitor carbohydrate portions and avoid sweetened accompaniments.
913,Uttar Pradesh,Diabetes,Breakfast,Kulche-Nahari (No Ghee),388,24,28,21,2,Medium,Medium,Medium,"Gluten, Dairy","Wheat kulcha, nihari gravy, ginger, onion",Non-Vegetarian,Mutton,"Prepare kulche-nahari as a no ghee version with no added sugar and controlled portions. Prefer whole grains, legumes, and fibre-rich sides.",30 mins brisk walking after meals,"Monitor carbohydrate portions and avoid sweetened accompaniments. Contains gluten, dairy."
914,Uttar Pradesh,Diabetes,Breakfast,Mutton Yakhni (Fresh),319,25,8,19,1,Medium,Medium,Medium,,"Mutton, bone broth, ginger, whole spices",Non-Vegetarian,Mutton,"Prepare mutton yakhni as a fresh version with no added sugar and controlled portions. Prefer whole grains, legumes, and fibre-rich sides.",30 mins brisk walking after meals,Monitor carbohydrate portions and avoid sweetened accompaniments.
915,Uttar Pradesh,Diabetes,Breakfast,Rohu Fish Curry (Portion Controlled),208,20,8,10,1,Low,Low,Low,,"Rohu fish, tomato, mustard, spices",Non-Vegetarian,Fish,"Prepare rohu fish curry as a portion controlled version with no added sugar and controlled portions. Prefer whole grains, legumes, and fibre-rich sides.",30 mins brisk walking after meals,Monitor carbohydrate portions and avoid sweetened accompaniments.
916,Uttar Pradesh,Diabetes,Breakfast,Seekh Kebab (Fiber Rich),253,22,7,16,1,Low,Low,Low,,"Minced meat, onion, herbs, spices",Non-Vegetarian,Mutton,"Prepare seekh kebab as a fiber rich version with no added sugar and controlled portions. Prefer whole grains, legumes, and fibre-rich sides.",30 mins brisk walking after meals,Monitor carbohydrate portions and avoid sweetened accompaniments.
917,Uttar Pradesh,Diabetes,Breakfast,Shami Kebab (Low Oil),235,20,10,12,2,Low,Low,Low,Egg,"Minced meat, chana dal, spices, egg",Non-Vegetarian,Mutton,"Prepare shami kebab as a low oil version with no added sugar and controlled portions. Prefer whole grains, legumes, and fibre-rich sides.",30 mins brisk walking after meals,Monitor carbohydrate portions and avoid sweetened accompaniments. Contains egg.
918,Uttar Pradesh,Diabetes,Breakfast,Tandoori Chicken (Whole Grain),216,29,6,11,1,Low,Low,Low,,"Chicken, yoghurt, spices, lemon",Non-Vegetarian,Chicken,"Prepare tandoori chicken as a whole grain version with no added sugar and controlled portions. Prefer whole grains, legumes, and fibre-rich sides.",30 mins brisk walking after meals,Monitor carbohydrate portions and avoid sweetened accompaniments.
919,Uttar Pradesh,Diabetes,Breakfast,Tandoori Fish (Steamed),201,22,5,9,1,Low,Low,Low,,"Fish, yoghurt, spices, lemon",Non-Vegetarian,Fish,"Prepare tandoori fish as a steamed version with no added sugar and controlled portions. Prefer whole grains, legumes, and fibre-rich sides.",30 mins brisk walking after meals,Monitor carbohydrate portions and avoid sweetened accompaniments.
920,Uttar Pradesh,Diabetes,Breakfast,Tunday Kababi (Millet Base),300,24,15,16,2,Low,Medium,Medium,,"Minced mutton, green chilli, garam masala, onion",Non-Vegetarian,Mutton,"Prepare tunday kababi as a millet base version with no added sugar and controlled portions. Prefer whole grains, legumes, and fibre-rich sides.",30 mins brisk walking after meals,Monitor carbohydrate portions and avoid sweetened accompaniments.
921,Uttar Pradesh,Diabetes,Breakfast,Besan Cheela (Fiber Rich),199,12,26,5,8,Low,Low,Low,Gluten,"Gram flour, Onion, Green chili",Vegan,,"Prepare besan cheela as a fiber rich version with no added sugar and controlled portions. Prefer whole grains, legumes, and fibre-rich sides.",30 mins brisk walking after meals,Monitor carbohydrate portions and avoid sweetened accompaniments. Contains gluten.
922,Uttar Pradesh,Diabetes,Breakfast,Bhuna Chana (Plain),110,7,17,2,7,Medium,High,High,,Roasted Bengal gram,Vegan,,"Prepare bhuna chana as a plain version with no added sugar and controlled portions. Prefer whole grains, legumes, and fibre-rich sides.",30 mins brisk walking after meals,Monitor carbohydrate portions and avoid sweetened accompaniments.
923,Uttar Pradesh,Diabetes,Breakfast,Chura Matar (Boiled),208,6,39,3,6,Low,Low,Low,,"Flattened rice, Green peas",Vegan,,"Prepare chura matar as a boiled version with no added sugar and controlled portions. Prefer whole grains, legumes, and fibre-rich sides.",30 mins brisk walking after meals,Monitor carbohydrate portions and avoid sweetened accompaniments.
924,Uttar Pradesh,Diabetes,Breakfast,Chura Matar (Steamed),125,5,21,3,5,Low,Low,Low,,"Flattened rice, Green peas, Onion, Cumin",Vegan,,"Prepare oats as a steamed version with no added sugar and controlled portions. Prefer whole grains, legumes, and fibre-rich sides.",30 mins brisk walking after meals,Monitor carbohydrate portions and avoid sweetened accompaniments.
925,Uttar Pradesh,Diabetes,Breakfast,Dalia (Portion Controlled),177,8,31,3,8,Low,Low,Low,Gluten,"Broken wheat, Carrots, Peas",Vegan,,"Prepare dalia as a portion controlled version with no added sugar and controlled portions. Prefer whole grains, legumes, and fibre-rich sides.",30 mins brisk walking after meals,Monitor carbohydrate portions and avoid sweetened accompaniments. Contains gluten.
926,Uttar Pradesh,Diabetes,Breakfast,Fara (Light Spice),268,14,45,4,9,Low,Low,Low,Gluten,"Rice flour, Chana dal",Vegan,,"Prepare fara as a light spice version with no added sugar and controlled portions. Prefer whole grains, legumes, and fibre-rich sides.",30 mins brisk walking after meals,Monitor carbohydrate portions and avoid sweetened accompaniments. Contains gluten.
927,Uttar Pradesh,Diabetes,Breakfast,Guava with Black Pepper (Millet Base),70,1,15,0,6,Low,Medium,Medium,,"Guava, Black pepper",Vegan,,"Prepare guava with black pepper as a millet base version with no added sugar and controlled portions. Prefer whole grains, legumes, and fibre-rich sides.",30 mins brisk walking after meals,Monitor carbohydrate portions and avoid sweetened accompaniments.
928,Uttar Pradesh,Diabetes,Breakfast,Jau Roti + Mint Chutney (Low Oil),192,8,34,2,11,Low,Low,Low,Gluten,"Barley flour, Mint, Green chili",Vegan,,"Prepare jau roti + mint chutney as a low oil version with no added sugar and controlled portions. Prefer whole grains, legumes, and fibre-rich sides.",30 mins brisk walking after meals,Monitor carbohydrate portions and avoid sweetened accompaniments. Contains gluten.
929,Uttar Pradesh,Diabetes,Breakfast,Moong Dal Cheela (No Added Sugar),124,10,18,1,7,Low,Low,Low,,"Moong dal, Ginger, Cumin, Coriander",Vegan,,"Prepare sprouted moong as a no added sugar version with no added sugar and controlled portions. Prefer whole grains, legumes, and fibre-rich sides.",30 mins brisk walking after meals,Monitor carbohydrate portions and avoid sweetened accompaniments.
930,Uttar Pradesh,Diabetes,Breakfast,Moong Dal Cheela (No Sev),193,14,25,4,7,Low,Low,Low,Gluten,"Green gram, Onion, Coriander",Vegan,,"Prepare moong dal cheela as a no sev version with no added sugar and controlled portions. Prefer whole grains, legumes, and fibre-rich sides.",30 mins brisk walking after meals,Monitor carbohydrate portions and avoid sweetened accompaniments. Contains gluten.
931,Uttar Pradesh,Diabetes,Breakfast,Poha with Peanuts (Cumin Tadka),277,8,45,9,5,Low,Medium,Low,Nuts,"Flattened rice, Peanuts",Vegan,,"Prepare poha with peanuts as a cumin tadka version with no added sugar and controlled portions. Prefer whole grains, legumes, and fibre-rich sides.",30 mins brisk walking after meals,Monitor carbohydrate portions and avoid sweetened accompaniments. Contains nuts.
932,Uttar Pradesh,Diabetes,Breakfast,Roasted Makhana (Fresh),93,3,12,4,4,Medium,Medium,Medium,Nuts,Fox nuts,Vegan,,"Prepare roasted makhana as a fresh version with no added sugar and controlled portions. Prefer whole grains, legumes, and fibre-rich sides.",30 mins brisk walking after meals,Monitor carbohydrate portions and avoid sweetened accompaniments. Contains nuts.
933,Uttar Pradesh,Diabetes,Breakfast,Sattu Drink (Low GI),150,12,23,2,9,Low,Low,Low,,"Roasted gram flour, Lemon, Cumin, Water",Vegan,,"Prepare sprouted moong chaat as a low gi version with no added sugar and controlled portions. Prefer whole grains, legumes, and fibre-rich sides.",30 mins brisk walking after meals,Monitor carbohydrate portions and avoid sweetened accompaniments.
934,Uttar Pradesh,Diabetes,Breakfast,Sattu Drink (Whole Grain),150,10,23,2,6,Low,Low,Low,Gluten,"Roasted gram flour, Cumin, Lemon",Vegan,,"Prepare sattu drink as a whole grain version with no added sugar and controlled portions. Prefer whole grains, legumes, and fibre-rich sides.",30 mins brisk walking after meals,Monitor carbohydrate portions and avoid sweetened accompaniments. Contains gluten.
935,Uttar Pradesh,Diabetes,Breakfast,Steamed Fara (Unsweetened),184,12,31,2,7,Low,Low,Low,Gluten,"Rice flour, Chana dal, Garlic",Vegan,,"Prepare steamed fara as a unsweetened version with no added sugar and controlled portions. Prefer whole grains, legumes, and fibre-rich sides.",30 mins brisk walking after meals,Monitor carbohydrate portions and avoid sweetened accompaniments. Contains gluten.
936,Uttar Pradesh,Diabetes,Breakfast,Unsalted Makhana (No Ghee),83,3,12,3,4,Medium,Medium,Medium,Nuts,Fox nuts,Vegan,,"Prepare unsalted makhana as a no ghee version with no added sugar and controlled portions. Prefer whole grains, legumes, and fibre-rich sides.",30 mins brisk walking after meals,"Monitor carbohydrate portions and avoid sweetened accompaniments. Contains dairy, nuts."
937,Uttar Pradesh,Diabetes,Lunch,Brown Rice + Chana Dal + Parwal Sabzi (Fresh),297,14,47,3,14,Medium,Medium,Medium,,"Brown rice, Bengal gram, Pointed gourd",Vegetarian,,"Prepare brown rice + chana dal + parwal sabzi as a fresh version with no added sugar and controlled portions. Prefer whole grains, legumes, and fibre-rich sides.",30 mins brisk walking after meals,Monitor carbohydrate portions and avoid sweetened accompaniments.
938,Uttar Pradesh,Diabetes,Lunch,Brown Rice + Chana Dal + Turai Sabzi (Plain),299,15,48,3,13,Medium,High,High,,"Brown rice, Bengal gram, Ridge gourd",Vegetarian,,"Prepare brown rice + chana dal + turai sabzi as a plain version with no added sugar and controlled portions. Prefer whole grains, legumes, and fibre-rich sides.",30 mins brisk walking after meals,Monitor carbohydrate portions and avoid sweetened accompaniments.
939,Uttar Pradesh,Diabetes,Lunch,Brown Rice + Matar Nimona + Kathal Sabzi,370,14,60,6,14,Low,Medium,Low,,"Brown rice, Green peas, Jackfruit",Vegetarian,,Ensure nimona is not heavily oiled; boil kathal.,25 mins post-meal walk,Jackfruit has a lower GI compared to potatoes.
940,Uttar Pradesh,Diabetes,Lunch,Brown Rice + Moong Dal + Nenua Sabzi,330,12,58,4,10,Low,Medium,Low,,"Brown rice, Green gram, Sponge gourd",Vegetarian,,Brown rice replaces white rice to maintain low GI.,25 mins post-meal walk,Nenua is low in calories and carbs.
941,Uttar Pradesh,Diabetes,Lunch,Brown Rice + Moong Dal + Nenua Sabzi (No Ghee),289,12,47,4,12,Medium,Medium,Medium,Dairy,"Brown rice, Green gram, Sponge gourd",Vegetarian,,"Prepare brown rice + moong dal + nenua sabzi as a no ghee version with no added sugar and controlled portions. Prefer whole grains, legumes, and fibre-rich sides.",30 mins brisk walking after meals,Monitor carbohydrate portions and avoid sweetened accompaniments. Contains dairy.
942,Uttar Pradesh,Diabetes,Lunch,Jau Roti + Arhar Dal + Lauki Sabzi,320,15,52,4,13,Low,Medium,Low,Gluten,"Barley flour, Pigeon peas, Bottle gourd",Vegetarian,,Barley lowers the overall GI of the meal.,25 mins post-meal walk,High fiber ensures glucose is released slowly.
943,Uttar Pradesh,Diabetes,Lunch,Jau Roti + Arhar Dal + Lauki Sabzi (Low GI),280,16,42,4,15,Low,Low,Low,Gluten,"Barley flour, Pigeon peas, Bottle gourd",Vegetarian,,"Prepare jau roti + arhar dal + lauki sabzi as a low gi version with no added sugar and controlled portions. Prefer whole grains, legumes, and fibre-rich sides.",30 mins brisk walking after meals,Monitor carbohydrate portions and avoid sweetened accompaniments. Contains gluten.
944,Uttar Pradesh,Diabetes,Lunch,Jau Roti + Chana Dal + Turai Sabzi (Millet Base),298,16,46,4,14,Low,Medium,Medium,Gluten,"Barley flour, Bengal gram, Ridge gourd",Vegetarian,,"Prepare jau roti + chana dal + turai sabzi as a millet base version with no added sugar and controlled portions. Prefer whole grains, legumes, and fibre-rich sides.",30 mins brisk walking after meals,Monitor carbohydrate portions and avoid sweetened accompaniments. Contains gluten.
945,Uttar Pradesh,Diabetes,Lunch,Jau Roti + Masoor Dal + Parwal Sabzi,330,15,54,4,12,Low,Medium,Low,Gluten,"Barley flour, Red lentils, Pointed gourd",Vegetarian,,Barley roti is the best bread alternative for diabetics.,25 mins post-meal walk,Masoor dal is light and protein-rich.
946,Uttar Pradesh,Diabetes,Lunch,Jau Roti + Masoor Dal + Parwal Sabzi (Fiber Rich),290,16,44,4,14,Low,Low,Low,Gluten,"Barley flour, Red lentils, Pointed gourd",Vegetarian,,"Prepare jau roti + masoor dal + parwal sabzi as a fiber rich version with no added sugar and controlled portions. Prefer whole grains, legumes, and fibre-rich sides.",30 mins brisk walking after meals,Monitor carbohydrate portions and avoid sweetened accompaniments. Contains gluten.
947,Uttar Pradesh,Diabetes,Lunch,Jau Roti + Moong Dal + Kundru Sabzi (Steamed),274,15,44,3,13,Low,Low,Low,Gluten,"Barley flour, Green gram, Ivy gourd",Vegetarian,,"Prepare jau roti + moong dal + kundru sabzi as a steamed version with no added sugar and controlled portions. Prefer whole grains, legumes, and fibre-rich sides.",30 mins brisk walking after meals,Monitor carbohydrate portions and avoid sweetened accompaniments. Contains gluten.
948,Uttar Pradesh,Diabetes,Lunch,Missi Roti + Chana Dal + Bhindi Sabzi,350,16,52,7,14,Low,Medium,Low,Gluten,"Wheat flour, Gram flour, Bengal gram, Okra",Vegetarian,,Okra contains mucilage which helps manage blood sugar.,25 mins post-meal walk,Chana dal is excellent for diabetics.
949,Uttar Pradesh,Diabetes,Lunch,Missi Roti + Chana Dal + Bhindi Sabzi (Light Spice),306,17,42,6,16,Low,Low,Low,Gluten,"Wheat flour, Gram flour, Bengal gram, Okra",Vegetarian,,"Prepare missi roti + chana dal + bhindi sabzi as a light spice version with no added sugar and controlled portions. Prefer whole grains, legumes, and fibre-rich sides.",30 mins brisk walking after meals,Monitor carbohydrate portions and avoid sweetened accompaniments. Contains gluten.
950,Uttar Pradesh,Diabetes,Lunch,Missi Roti + Chana Dal + Karela Sabzi,340,16,50,8,14,Low,Medium,Low,Gluten,"Wheat flour, Gram flour, Bengal gram, Bitter gourd",Vegetarian,,Karela must be cooked without jaggery.,25 mins post-meal walk,Karela contains charantin which lowers blood glucose.
951,Uttar Pradesh,Diabetes,Lunch,Missi Roti + Chana Dal + Karela Sabzi (Whole Grain),297,17,41,7,16,Low,Low,Low,Gluten,"Wheat flour, Gram flour, Bengal gram, Bitter gourd",Vegetarian,,"Prepare missi roti + chana dal + karela sabzi as a whole grain version with no added sugar and controlled portions. Prefer whole grains, legumes, and fibre-rich sides.",30 mins brisk walking after meals,Monitor carbohydrate portions and avoid sweetened accompaniments. Contains gluten.
952,Uttar Pradesh,Diabetes,Lunch,Missi Roti + Moong Dal + Lauki Sabzi (Unsweetened),293,17,41,4,13,Low,Low,Low,Gluten,"Wheat flour, Gram flour, Green gram, Bottle gourd",Vegetarian,,"Prepare missi roti + moong dal + lauki sabzi as a unsweetened version with no added sugar and controlled portions. Prefer whole grains, legumes, and fibre-rich sides.",30 mins brisk walking after meals,Monitor carbohydrate portions and avoid sweetened accompaniments. Contains gluten.
953,Uttar Pradesh,Diabetes,Lunch,Missi Roti + Urad Dal + Turai Sabzi,340,16,52,5,13,Low,Medium,Low,Gluten,"Wheat flour, Gram flour, Black gram, Ridge gourd",Vegetarian,,Urad dal provides slow-digesting complex carbs.,25 mins post-meal walk,High fiber and protein balance the meal.
954,Uttar Pradesh,Diabetes,Lunch,Missi Roti + Urad Dal + Turai Sabzi (Low Oil),297,17,42,4,15,Low,Low,Low,Gluten,"Wheat flour, Gram flour, Black gram, Ridge gourd",Vegetarian,,"Prepare missi roti + urad dal + turai sabzi as a low oil version with no added sugar and controlled portions. Prefer whole grains, legumes, and fibre-rich sides.",30 mins brisk walking after meals,Monitor carbohydrate portions and avoid sweetened accompaniments. Contains gluten.
955,Uttar Pradesh,Diabetes,Lunch,Phulka + Arhar Dal + Lauki Sabzi (No Added Sugar),265,15,43,4,12,Low,Low,Low,Gluten,"Wheat flour, Pigeon peas, Bottle gourd",Vegetarian,,"Prepare phulka + arhar dal + lauki sabzi as a no added sugar version with no added sugar and controlled portions. Prefer whole grains, legumes, and fibre-rich sides.",30 mins brisk walking after meals,Monitor carbohydrate portions and avoid sweetened accompaniments. Contains gluten.
956,Uttar Pradesh,Diabetes,Lunch,Phulka + Arhar Dal + Nenua Sabzi (Cumin Tadka),283,15,45,4,12,Low,Medium,Low,Gluten,"Wheat flour, Pigeon peas, Sponge gourd",Vegetarian,,"Prepare phulka + arhar dal + nenua sabzi as a cumin tadka version with no added sugar and controlled portions. Prefer whole grains, legumes, and fibre-rich sides.",30 mins brisk walking after meals,Monitor carbohydrate portions and avoid sweetened accompaniments. Contains gluten.
957,Uttar Pradesh,Diabetes,Lunch,Phulka + Masoor Dal + Turai Sabzi (No Sev),271,15,44,4,12,Low,Low,Low,Gluten,"Wheat flour, Red lentils, Ridge gourd",Vegetarian,,"Prepare phulka + masoor dal + turai sabzi as a no sev version with no added sugar and controlled portions. Prefer whole grains, legumes, and fibre-rich sides.",30 mins brisk walking after meals,Monitor carbohydrate portions and avoid sweetened accompaniments. Contains gluten.
958,Uttar Pradesh,Diabetes,Lunch,Phulka + Moong Dal + Kundru Sabzi (Boiled),272,13,44,4,11,Low,Low,Low,Gluten,"Wheat flour, Green gram, Ivy gourd",Vegetarian,,"Prepare phulka + moong dal + kundru sabzi as a boiled version with no added sugar and controlled portions. Prefer whole grains, legumes, and fibre-rich sides.",30 mins brisk walking after meals,Monitor carbohydrate portions and avoid sweetened accompaniments. Contains gluten.
959,Uttar Pradesh,Diabetes,Lunch,Phulka + Moong Dal + Lauki Sabzi (Portion Controlled),274,15,45,3,12,Low,Low,Low,Gluten,"Wheat flour, Green gram, Bottle gourd",Vegetarian,,"Prepare phulka + moong dal + lauki sabzi as a portion controlled version with no added sugar and controlled portions. Prefer whole grains, legumes, and fibre-rich sides.",30 mins brisk walking after meals,Monitor carbohydrate portions and avoid sweetened accompaniments. Contains gluten.
960,Uttar Pradesh,Diabetes,Lunch,Chicken Tikka (No Ghee),195,26,5,9,1,Medium,Medium,Medium,Dairy,"Chicken, yoghurt, spices, lemon",Non-Vegetarian,Chicken,"Prepare chicken tikka as a no ghee version with no added sugar and controlled portions. Prefer whole grains, legumes, and fibre-rich sides.",30 mins brisk walking after meals,Monitor carbohydrate portions and avoid sweetened accompaniments. Contains dairy.
961,Uttar Pradesh,Diabetes,Lunch,Fish Curry (Banarasi Style) (Low GI),227,21,8,11,1,Low,Low,Low,,"Fish, mustard, tomato, spices",Non-Vegetarian,Fish,"Prepare fish curry (banarasi style) as a low gi version with no added sugar and controlled portions. Prefer whole grains, legumes, and fibre-rich sides.",30 mins brisk walking after meals,Monitor carbohydrate portions and avoid sweetened accompaniments.
962,Uttar Pradesh,Diabetes,Lunch,Fish Tikka (Fresh),175,23,5,7,1,Medium,Medium,Medium,,"Fish, spices, lemon, herbs",Non-Vegetarian,Fish,"Prepare fish tikka as a fresh version with no added sugar and controlled portions. Prefer whole grains, legumes, and fibre-rich sides.",30 mins brisk walking after meals,Monitor carbohydrate portions and avoid sweetened accompaniments.
963,Uttar Pradesh,Diabetes,Lunch,Keema Matar (Whole Grain),282,24,11,16,1,Low,Low,Low,,"Minced meat, peas, onion, spices",Non-Vegetarian,Mutton,"Prepare keema matar as a whole grain version with no added sugar and controlled portions. Prefer whole grains, legumes, and fibre-rich sides.",30 mins brisk walking after meals,Monitor carbohydrate portions and avoid sweetened accompaniments.
964,Uttar Pradesh,Diabetes,Lunch,Rice + Anda Curry + Nenua Sabzi (Unsweetened),612,30,69,22,8,Low,Low,Low,Egg,"Rice, Eggs, Sponge gourd, Oil",Non-Vegetarian,Mutton,"Prepare rice + anda curry + nenua sabzi as a unsweetened version with no added sugar and controlled portions. Prefer whole grains, legumes, and fibre-rich sides.",30 mins brisk walking after meals,Monitor carbohydrate portions and avoid sweetened accompaniments. Contains egg.
965,Uttar Pradesh,Diabetes,Lunch,Rice + Chicken Curry + Parwal Aloo (Boiled),686,44,70,26,9,Low,Low,Low,,"White rice, Chicken, Pointed gourd, Potato",Non-Vegetarian,Chicken,"Prepare rice + chicken curry + parwal aloo as a boiled version with no added sugar and controlled portions. Prefer whole grains, legumes, and fibre-rich sides.",30 mins brisk walking after meals,Monitor carbohydrate portions and avoid sweetened accompaniments.
966,Uttar Pradesh,Diabetes,Lunch,Rice + Chicken Salan + Dal + Aloo Sabzi (Cumin Tadka),752,60,78,23,9,Low,Medium,Low,,"Rice, Chicken, Lentils, Potato",Non-Vegetarian,Chicken,"Prepare rice + chicken salan + dal + aloo sabzi as a cumin tadka version with no added sugar and controlled portions. Prefer whole grains, legumes, and fibre-rich sides.",30 mins brisk walking after meals,Monitor carbohydrate portions and avoid sweetened accompaniments.
967,Uttar Pradesh,Diabetes,Lunch,Rice + Mutton Bhuna + Kathal Sabzi (Millet Base),781,52,74,33,14,Low,Medium,Medium,,"Rice, Mutton, Jackfruit",Non-Vegetarian,Mutton,"Prepare rice + mutton bhuna + kathal sabzi as a millet base version with no added sugar and controlled portions. Prefer whole grains, legumes, and fibre-rich sides.",30 mins brisk walking after meals,Monitor carbohydrate portions and avoid sweetened accompaniments.
968,Uttar Pradesh,Diabetes,Lunch,Roti + Anda Curry + Palak Sabzi (Low Oil),660,41,67,23,13,Low,Low,Low,"Gluten, Egg","Wheat flour, Eggs, Spinach",Non-Vegetarian,Mutton,"Prepare roti + anda curry + palak sabzi as a low oil version with no added sugar and controlled portions. Prefer whole grains, legumes, and fibre-rich sides.",30 mins brisk walking after meals,"Monitor carbohydrate portions and avoid sweetened accompaniments. Contains gluten, egg."
969,Uttar Pradesh,Diabetes,Lunch,Roti + Keema Matar + Dal (Fiber Rich),726,55,62,28,14,Low,Low,Low,Gluten,"Wheat flour, Minced meat, Green peas, Lentils",Non-Vegetarian,Mutton,"Prepare roti + keema matar + dal as a fiber rich version with no added sugar and controlled portions. Prefer whole grains, legumes, and fibre-rich sides.",30 mins brisk walking after meals,Monitor carbohydrate portions and avoid sweetened accompaniments. Contains gluten.
970,Uttar Pradesh,Diabetes,Lunch,Roti + Mutton Curry + Matar Nimona (Light Spice),779,55,66,34,14,Low,Low,Low,Gluten,"Wheat flour, Mutton, Green peas",Non-Vegetarian,Mutton,"Prepare roti + mutton curry + matar nimona as a light spice version with no added sugar and controlled portions. Prefer whole grains, legumes, and fibre-rich sides.",30 mins brisk walking after meals,Monitor carbohydrate portions and avoid sweetened accompaniments. Contains gluten.
971,Uttar Pradesh,Diabetes,Lunch,Seekh Kebab (Steamed),262,22,7,16,1,Low,Low,Low,,"Minced meat, onion, herbs, spices",Non-Vegetarian,Mutton,"Prepare seekh kebab as a steamed version with no added sugar and controlled portions. Prefer whole grains, legumes, and fibre-rich sides.",30 mins brisk walking after meals,Monitor carbohydrate portions and avoid sweetened accompaniments.
972,Uttar Pradesh,Diabetes,Lunch,Tandoori Chicken (No Added Sugar),228,29,6,11,1,Low,Low,Low,,"Chicken, yoghurt, spices, lemon",Non-Vegetarian,Chicken,"Prepare tandoori chicken as a no added sugar version with no added sugar and controlled portions. Prefer whole grains, legumes, and fibre-rich sides.",30 mins brisk walking after meals,Monitor carbohydrate portions and avoid sweetened accompaniments.
973,Uttar Pradesh,Diabetes,Lunch,Tandoori Fish (Plain),210,22,5,9,1,Medium,High,High,,"Fish, yoghurt, spices, lemon",Non-Vegetarian,Fish,"Prepare tandoori fish as a plain version with no added sugar and controlled portions. Prefer whole grains, legumes, and fibre-rich sides.",30 mins brisk walking after meals,Monitor carbohydrate portions and avoid sweetened accompaniments.
974,Uttar Pradesh,Diabetes,Lunch,Tunday Kababi (Portion Controlled),314,24,15,16,2,Low,Low,Low,,"Minced mutton, green chilli, garam masala, onion",Non-Vegetarian,Mutton,"Prepare tunday kababi as a portion controlled version with no added sugar and controlled portions. Prefer whole grains, legumes, and fibre-rich sides.",30 mins brisk walking after meals,Monitor carbohydrate portions and avoid sweetened accompaniments.
975,Uttar Pradesh,Diabetes,Lunch,Yakhni Pulao (No Sev),420,21,46,14,1,Low,Low,Low,,"Rice, yakhni broth, meat, whole spices",Non-Vegetarian,Mutton,"Prepare yakhni pulao as a no sev version with no added sugar and controlled portions. Prefer whole grains, legumes, and fibre-rich sides.",30 mins brisk walking after meals,Monitor carbohydrate portions and avoid sweetened accompaniments.
976,Uttar Pradesh,Diabetes,Lunch,Brown Rice + Chana Dal + Parwal Sabzi (Fresh),297,14,47,3,14,Medium,Medium,Medium,,"Brown rice, Bengal gram, Pointed gourd",Vegan,,"Prepare brown rice + chana dal + parwal sabzi as a fresh version with no added sugar and controlled portions. Prefer whole grains, legumes, and fibre-rich sides.",30 mins brisk walking after meals,Monitor carbohydrate portions and avoid sweetened accompaniments.
977,Uttar Pradesh,Diabetes,Lunch,Brown Rice + Chana Dal + Turai Sabzi (Plain),299,14,48,3,13,Medium,High,High,,"Brown rice, Bengal gram, Ridge gourd",Vegan,,"Prepare brown rice + chana dal + turai sabzi as a plain version with no added sugar and controlled portions. Prefer whole grains, legumes, and fibre-rich sides.",30 mins brisk walking after meals,Monitor carbohydrate portions and avoid sweetened accompaniments.
978,Uttar Pradesh,Diabetes,Lunch,Brown Rice + Moong Dal + Nenua Sabzi (No Ghee),289,12,47,4,12,Medium,Medium,Medium,,"Brown rice, Green gram, Sponge gourd",Vegan,,"Prepare brown rice + moong dal + nenua sabzi as a no ghee version with no added sugar and controlled portions. Prefer whole grains, legumes, and fibre-rich sides.",30 mins brisk walking after meals,Monitor carbohydrate portions and avoid sweetened accompaniments. Contains dairy.
979,Uttar Pradesh,Diabetes,Lunch,Jau Roti + Arhar Dal + Lauki Sabzi (Low GI),280,15,42,4,15,Low,Low,Low,Gluten,"Barley flour, Pigeon peas, Bottle gourd",Vegan,,"Prepare jau roti + arhar dal + lauki sabzi as a low gi version with no added sugar and controlled portions. Prefer whole grains, legumes, and fibre-rich sides.",30 mins brisk walking after meals,Monitor carbohydrate portions and avoid sweetened accompaniments. Contains gluten.
980,Uttar Pradesh,Diabetes,Lunch,Jau Roti + Chana Dal + Turai Sabzi (Millet Base),298,15,46,4,14,Low,Medium,Medium,Gluten,"Barley flour, Bengal gram, Ridge gourd",Vegan,,"Prepare jau roti + chana dal + turai sabzi as a millet base version with no added sugar and controlled portions. Prefer whole grains, legumes, and fibre-rich sides.",30 mins brisk walking after meals,Monitor carbohydrate portions and avoid sweetened accompaniments. Contains gluten.
981,Uttar Pradesh,Diabetes,Lunch,Jau Roti + Masoor Dal + Parwal Sabzi (Fiber Rich),290,15,44,4,14,Low,Low,Low,Gluten,"Barley flour, Red lentils, Pointed gourd",Vegan,,"Prepare jau roti + masoor dal + parwal sabzi as a fiber rich version with no added sugar and controlled portions. Prefer whole grains, legumes, and fibre-rich sides.",30 mins brisk walking after meals,Monitor carbohydrate portions and avoid sweetened accompaniments. Contains gluten.
982,Uttar Pradesh,Diabetes,Lunch,Jau Roti + Moong Dal + Kundru Sabzi (Steamed),274,14,44,3,13,Low,Low,Low,Gluten,"Barley flour, Green gram, Ivy gourd",Vegan,,"Prepare jau roti + moong dal + kundru sabzi as a steamed version with no added sugar and controlled portions. Prefer whole grains, legumes, and fibre-rich sides.",30 mins brisk walking after meals,Monitor carbohydrate portions and avoid sweetened accompaniments. Contains gluten.
983,Uttar Pradesh,Diabetes,Lunch,Missi Roti + Chana Dal + Bhindi Sabzi (Light Spice),306,16,42,6,16,Low,Low,Low,Gluten,"Wheat flour, Gram flour, Bengal gram, Okra",Vegan,,"Prepare missi roti + chana dal + bhindi sabzi as a light spice version with no added sugar and controlled portions. Prefer whole grains, legumes, and fibre-rich sides.",30 mins brisk walking after meals,Monitor carbohydrate portions and avoid sweetened accompaniments. Contains gluten.
984,Uttar Pradesh,Diabetes,Lunch,Missi Roti + Chana Dal + Karela Sabzi (Whole Grain),297,16,41,7,16,Low,Low,Low,Gluten,"Wheat flour, Gram flour, Bengal gram, Bitter gourd",Vegan,,"Prepare missi roti + chana dal + karela sabzi as a whole grain version with no added sugar and controlled portions. Prefer whole grains, legumes, and fibre-rich sides.",30 mins brisk walking after meals,Monitor carbohydrate portions and avoid sweetened accompaniments. Contains gluten.
985,Uttar Pradesh,Diabetes,Lunch,Missi Roti + Moong Dal + Lauki Sabzi (Unsweetened),293,16,41,4,13,Low,Low,Low,Gluten,"Wheat flour, Gram flour, Green gram, Bottle gourd",Vegan,,"Prepare missi roti + moong dal + lauki sabzi as a unsweetened version with no added sugar and controlled portions. Prefer whole grains, legumes, and fibre-rich sides.",30 mins brisk walking after meals,Monitor carbohydrate portions and avoid sweetened accompaniments. Contains gluten.
986,Uttar Pradesh,Diabetes,Lunch,Missi Roti + Urad Dal + Turai Sabzi (Low Oil),297,16,42,4,15,Low,Low,Low,Gluten,"Wheat flour, Gram flour, Black gram, Ridge gourd",Vegan,,"Prepare missi roti + urad dal + turai sabzi as a low oil version with no added sugar and controlled portions. Prefer whole grains, legumes, and fibre-rich sides.",30 mins brisk walking after meals,Monitor carbohydrate portions and avoid sweetened accompaniments. Contains gluten.
987,Uttar Pradesh,Diabetes,Lunch,Phulka + Arhar Dal + Lauki Sabzi (No Added Sugar),265,14,43,4,12,Low,Low,Low,Gluten,"Wheat flour, Pigeon peas, Bottle gourd",Vegan,,"Prepare phulka + arhar dal + lauki sabzi as a no added sugar version with no added sugar and controlled portions. Prefer whole grains, legumes, and fibre-rich sides.",30 mins brisk walking after meals,Monitor carbohydrate portions and avoid sweetened accompaniments. Contains gluten.
988,Uttar Pradesh,Diabetes,Lunch,Phulka + Arhar Dal + Nenua Sabzi (Cumin Tadka),283,14,45,4,12,Low,Medium,Low,Gluten,"Wheat flour, Pigeon peas, Sponge gourd",Vegan,,"Prepare phulka + arhar dal + nenua sabzi as a cumin tadka version with no added sugar and controlled portions. Prefer whole grains, legumes, and fibre-rich sides.",30 mins brisk walking after meals,Monitor carbohydrate portions and avoid sweetened accompaniments. Contains gluten.
989,Uttar Pradesh,Diabetes,Lunch,Phulka + Masoor Dal + Turai Sabzi (No Sev),271,14,44,4,12,Low,Low,Low,Gluten,"Wheat flour, Red lentils, Ridge gourd",Vegan,,"Prepare phulka + masoor dal + turai sabzi as a no sev version with no added sugar and controlled portions. Prefer whole grains, legumes, and fibre-rich sides.",30 mins brisk walking after meals,Monitor carbohydrate portions and avoid sweetened accompaniments. Contains gluten.
990,Uttar Pradesh,Diabetes,Lunch,Phulka + Moong Dal + Kundru Sabzi (Boiled),272,13,44,4,11,Low,Low,Low,Gluten,"Wheat flour, Green gram, Ivy gourd",Vegan,,"Prepare phulka + moong dal + kundru sabzi as a boiled version with no added sugar and controlled portions. Prefer whole grains, legumes, and fibre-rich sides.",30 mins brisk walking after meals,Monitor carbohydrate portions and avoid sweetened accompaniments. Contains gluten.
991,Uttar Pradesh,Diabetes,Lunch,Phulka + Moong Dal + Lauki Sabzi (Portion Controlled),274,14,45,3,12,Low,Low,Low,Gluten,"Wheat flour, Green gram, Bottle gourd",Vegan,,"Prepare phulka + moong dal + lauki sabzi as a portion controlled version with no added sugar and controlled portions. Prefer whole grains, legumes, and fibre-rich sides.",30 mins brisk walking after meals,Monitor carbohydrate portions and avoid sweetened accompaniments. Contains gluten.
992,Uttar Pradesh,Diabetes,Snack,Basket Chaat (Cumin Tadka),166,7,28,9,7,Low,Medium,Low,Dairy,"Potato basket, chana, curd, chutneys, sev",Vegetarian,,"Prepare basket chaat as a cumin tadka version with no added sugar and controlled portions. Prefer whole grains, legumes, and fibre-rich sides.",30 mins brisk walking after meals,Monitor carbohydrate portions and avoid sweetened accompaniments. Contains dairy.
993,Uttar Pradesh,Diabetes,Snack,Bhuna Chana (Whole Grain),86,7,16,2,7,Low,Low,Low,,Roasted Bengal gram,Vegetarian,,"Prepare bhuna chana as a whole grain version with no added sugar and controlled portions. Prefer whole grains, legumes, and fibre-rich sides.",30 mins brisk walking after meals,Monitor carbohydrate portions and avoid sweetened accompaniments.
994,Uttar Pradesh,Diabetes,Snack,Boiled Kala Chana,140,8,22,2,7,Low,Low,Low,,"Black gram, Onion, Lemon",Vegetarian,,Boil chana and mix with raw onions.,15 mins walk,Extremely low GI and high in protein.
995,Uttar Pradesh,Diabetes,Snack,Boiled Kala Chana (No Sev),93,8,18,2,8,Low,Low,Low,,"Black gram, Onion, Lemon",Vegetarian,,"Prepare boiled kala chana as a no sev version with no added sugar and controlled portions. Prefer whole grains, legumes, and fibre-rich sides.",30 mins brisk walking after meals,Monitor carbohydrate portions and avoid sweetened accompaniments.
996,Uttar Pradesh,Diabetes,Snack,Cucumber Sticks,40,1,8,0,2,Low,Low,Low,,Cucumber,Vegetarian,,Eat raw cucumber.,10 mins walk,Zero impact on blood sugar.
997,Uttar Pradesh,Diabetes,Snack,Ghughni (Dried Yellow Peas) with Oil (Fresh),200,15,33,7,10,Medium,Medium,Medium,,"Yellow peas, Mustard oil",Vegetarian,,"Prepare ghughni (dried yellow peas) with oil as a fresh version with no added sugar and controlled portions. Prefer whole grains, legumes, and fibre-rich sides.",30 mins brisk walking after meals,Monitor carbohydrate portions and avoid sweetened accompaniments.
998,Uttar Pradesh,Diabetes,Snack,Guava,80,1,18,0,5,Low,Low,Low,,Guava,Vegetarian,,Eat raw guava.,15 mins walk,Low GI fruit with high fiber.
999,Uttar Pradesh,Diabetes,Snack,Guava with Black Pepper (No Added Sugar),70,1,15,0,6,Low,Low,Low,,"Guava, Black pepper",Vegetarian,,"Prepare guava with black pepper as a no added sugar version with no added sugar and controlled portions. Prefer whole grains, legumes, and fibre-rich sides.",30 mins brisk walking after meals,Monitor carbohydrate portions and avoid sweetened accompaniments.
1000,Uttar Pradesh,Diabetes,Snack,Jamun (Black Plum),60,1,14,0,3,Low,Low,Low,,Jamun,Vegetarian,,Eat fresh jamun when in season.,15 mins walk,Jamun is highly renowned for anti-diabetic properties.
1001,Uttar Pradesh,Diabetes,Snack,Kheer (No Ghee),159,7,28,7,1,Medium,Medium,Medium,Dairy,"Milk, rice, sugar, cardamom",Vegetarian,,"Prepare kheer as a no ghee version with no added sugar and controlled portions. Prefer whole grains, legumes, and fibre-rich sides.",30 mins brisk walking after meals,Monitor carbohydrate portions and avoid sweetened accompaniments. Contains dairy.
1002,Uttar Pradesh,Diabetes,Snack,Peda (Light Spice),119,6,18,6,0,Low,Low,Low,Dairy,"Milk solids, sugar, cardamom",Vegetarian,,"Prepare peda as a light spice version with no added sugar and controlled portions. Prefer whole grains, legumes, and fibre-rich sides.",30 mins brisk walking after meals,Monitor carbohydrate portions and avoid sweetened accompaniments. Contains dairy.
1003,Uttar Pradesh,Diabetes,Snack,Roasted Chana,120,6,20,2,6,Low,Low,Low,,Bengal gram,Vegetarian,,Eat dry roasted chana with skin on.,15 mins walk,Slow-digesting complex carbs.
1004,Uttar Pradesh,Diabetes,Snack,Roasted Chana (Portion Controlled),78,6,16,2,7,Low,Low,Low,,Bengal gram,Vegetarian,,"Prepare roasted chana as a portion controlled version with no added sugar and controlled portions. Prefer whole grains, legumes, and fibre-rich sides.",30 mins brisk walking after meals,Monitor carbohydrate portions and avoid sweetened accompaniments.
1005,Uttar Pradesh,Diabetes,Snack,Roasted Chana + Milk (Plain),210,19,33,7,7,Medium,High,High,Dairy,"Bengal gram, Milk",Vegetarian,,"Prepare roasted chana + milk as a plain version with no added sugar and controlled portions. Prefer whole grains, legumes, and fibre-rich sides.",30 mins brisk walking after meals,Monitor carbohydrate portions and avoid sweetened accompaniments. Contains dairy.
1006,Uttar Pradesh,Diabetes,Snack,Roasted Chana + Peanuts (Low Oil),105,8,15,5,6,Low,Low,Low,Nuts,"Bengal gram, Peanuts",Vegetarian,,"Prepare roasted chana + peanuts as a low oil version with no added sugar and controlled portions. Prefer whole grains, legumes, and fibre-rich sides.",30 mins brisk walking after meals,Monitor carbohydrate portions and avoid sweetened accompaniments. Contains nuts.
1007,Uttar Pradesh,Diabetes,Snack,Roasted Makhana,100,3,15,3,3,Low,Low,Low,,Fox nuts,Vegetarian,,Dry roast without ghee.,15 mins walk,Safe snacking option for diabetics.
1008,Uttar Pradesh,Diabetes,Snack,Roasted Makhana (Low GI),73,3,12,4,4,Low,Low,Low,Nuts,Fox nuts,Vegetarian,,"Prepare roasted makhana as a low gi version with no added sugar and controlled portions. Prefer whole grains, legumes, and fibre-rich sides.",30 mins brisk walking after meals,Monitor carbohydrate portions and avoid sweetened accompaniments. Contains nuts.
1009,Uttar Pradesh,Diabetes,Snack,Roasted Peanuts,160,7,5,14,2,Low,Low,Low,Peanut,Peanuts,Vegetarian,,Eat a very small handful of dry roasted peanuts.,15 mins walk,Healthy fats slow down gastric emptying.
1010,Uttar Pradesh,Diabetes,Snack,Roasted Peanuts (Boiled),106,7,5,12,2,Low,Low,Low,Nuts,Peanuts,Vegetarian,,"Prepare roasted peanuts as a boiled version with no added sugar and controlled portions. Prefer whole grains, legumes, and fibre-rich sides.",30 mins brisk walking after meals,Monitor carbohydrate portions and avoid sweetened accompaniments. Contains nuts.
1011,Uttar Pradesh,Diabetes,Snack,Sattu Sherbet (Fiber Rich),98,8,20,1,5,Low,Low,Low,Gluten,"Roasted gram flour, Cumin, Lemon",Vegetarian,,"Prepare sattu sherbet as a fiber rich version with no added sugar and controlled portions. Prefer whole grains, legumes, and fibre-rich sides.",30 mins brisk walking after meals,Monitor carbohydrate portions and avoid sweetened accompaniments. Contains gluten.
1012,Uttar Pradesh,Diabetes,Snack,Soan Papdi (Millet Base),147,4,23,10,1,Low,Medium,Medium,"Gluten, Dairy","Gram flour, ghee, sugar, cardamom",Vegetarian,,"Prepare soan papdi as a millet base version with no added sugar and controlled portions. Prefer whole grains, legumes, and fibre-rich sides.",30 mins brisk walking after meals,"Monitor carbohydrate portions and avoid sweetened accompaniments. Contains gluten, dairy."
1013,Uttar Pradesh,Diabetes,Snack,Unsalted Makhana (Steamed),70,3,12,3,4,Low,Low,Low,Nuts,Fox nuts,Vegetarian,,"Prepare unsalted makhana as a steamed version with no added sugar and controlled portions. Prefer whole grains, legumes, and fibre-rich sides.",30 mins brisk walking after meals,Monitor carbohydrate portions and avoid sweetened accompaniments. Contains nuts.
1014,Uttar Pradesh,Diabetes,Snack,Unsalted Peanuts (Unsweetened),98,6,5,11,2,Low,Low,Low,Nuts,Peanuts,Vegetarian,,"Prepare unsalted peanuts as a unsweetened version with no added sugar and controlled portions. Prefer whole grains, legumes, and fibre-rich sides.",30 mins brisk walking after meals,Monitor carbohydrate portions and avoid sweetened accompaniments. Contains nuts.
1015,Uttar Pradesh,Diabetes,Snack,Chicken Tikka (Low GI),144,26,5,9,1,Low,Low,Low,,"Chicken, yoghurt, spices, lemon",Non-Vegetarian,Chicken,"Prepare chicken tikka as a low gi version with no added sugar and controlled portions. Prefer whole grains, legumes, and fibre-rich sides.",30 mins brisk walking after meals,Monitor carbohydrate portions and avoid sweetened accompaniments.
1016,Uttar Pradesh,Diabetes,Snack,Chicken Yakhni (Low Oil),183,26,7,12,1,Low,Low,Low,,"Chicken, bone broth, ginger, cloves",Non-Vegetarian,Chicken,"Prepare chicken yakhni as a low oil version with no added sugar and controlled portions. Prefer whole grains, legumes, and fibre-rich sides.",30 mins brisk walking after meals,Monitor carbohydrate portions and avoid sweetened accompaniments.
1017,Uttar Pradesh,Diabetes,Snack,Fish Curry (Banarasi Style) (No Sev),171,21,8,11,1,Low,Low,Low,,"Fish, mustard, tomato, spices",Non-Vegetarian,Fish,"Prepare fish curry (banarasi style) as a no sev version with no added sugar and controlled portions. Prefer whole grains, legumes, and fibre-rich sides.",30 mins brisk walking after meals,Monitor carbohydrate portions and avoid sweetened accompaniments.
1018,Uttar Pradesh,Diabetes,Snack,Fish Tikka (No Added Sugar),132,23,5,7,1,Low,Low,Low,,"Fish, spices, lemon, herbs",Non-Vegetarian,Fish,"Prepare fish tikka as a no added sugar version with no added sugar and controlled portions. Prefer whole grains, legumes, and fibre-rich sides.",30 mins brisk walking after meals,Monitor carbohydrate portions and avoid sweetened accompaniments.
1019,Uttar Pradesh,Diabetes,Snack,Galouti Kebab (Light Spice),226,23,8,19,1,Low,Low,Low,,"Minced mutton, papaya paste, aromatic spices",Non-Vegetarian,Mutton,"Prepare galouti kebab as a light spice version with no added sugar and controlled portions. Prefer whole grains, legumes, and fibre-rich sides.",30 mins brisk walking after meals,Monitor carbohydrate portions and avoid sweetened accompaniments.
1020,Uttar Pradesh,Diabetes,Snack,Kakori Kebab (Cumin Tadka),240,22,7,21,1,Low,Medium,Low,Nuts,"Minced mutton, cashew, cream, spices",Non-Vegetarian,Mutton,"Prepare kakori kebab as a cumin tadka version with no added sugar and controlled portions. Prefer whole grains, legumes, and fibre-rich sides.",30 mins brisk walking after meals,Monitor carbohydrate portions and avoid sweetened accompaniments. Contains nuts.
1021,Uttar Pradesh,Diabetes,Snack,Keema Kulcha (Plain),294,23,34,17,2,Medium,High,High,Gluten,"Keema, wheat kulcha, onion, spices",Non-Vegetarian,Mutton,"Prepare keema kulcha as a plain version with no added sugar and controlled portions. Prefer whole grains, legumes, and fibre-rich sides.",30 mins brisk walking after meals,Monitor carbohydrate portions and avoid sweetened accompaniments. Contains gluten.
1022,Uttar Pradesh,Diabetes,Snack,Keema Matar (Boiled),210,24,11,16,1,Low,Low,Low,,"Minced meat, peas, onion, spices",Non-Vegetarian,Mutton,"Prepare keema matar as a boiled version with no added sugar and controlled portions. Prefer whole grains, legumes, and fibre-rich sides.",30 mins brisk walking after meals,Monitor carbohydrate portions and avoid sweetened accompaniments.
1023,Uttar Pradesh,Diabetes,Snack,Kulche-Nahari (No Ghee),306,24,28,21,2,Medium,Medium,Medium,"Gluten, Dairy","Wheat kulcha, nihari gravy, ginger, onion",Non-Vegetarian,Mutton,"Prepare kulche-nahari as a no ghee version with no added sugar and controlled portions. Prefer whole grains, legumes, and fibre-rich sides.",30 mins brisk walking after meals,"Monitor carbohydrate portions and avoid sweetened accompaniments. Contains gluten, dairy."
1024,Uttar Pradesh,Diabetes,Snack,Mutton Yakhni (Fresh),252,25,8,19,1,Medium,Medium,Medium,,"Mutton, bone broth, ginger, whole spices",Non-Vegetarian,Mutton,"Prepare mutton yakhni as a fresh version with no added sugar and controlled portions. Prefer whole grains, legumes, and fibre-rich sides.",30 mins brisk walking after meals,Monitor carbohydrate portions and avoid sweetened accompaniments.
1025,Uttar Pradesh,Diabetes,Snack,Rohu Fish Curry (Portion Controlled),165,20,8,10,1,Low,Low,Low,,"Rohu fish, tomato, mustard, spices",Non-Vegetarian,Fish,"Prepare rohu fish curry as a portion controlled version with no added sugar and controlled portions. Prefer whole grains, legumes, and fibre-rich sides.",30 mins brisk walking after meals,Monitor carbohydrate portions and avoid sweetened accompaniments.
1026,Uttar Pradesh,Diabetes,Snack,Seekh Kebab (Fiber Rich),200,22,7,16,1,Low,Low,Low,,"Minced meat, onion, herbs, spices",Non-Vegetarian,Mutton,"Prepare seekh kebab as a fiber rich version with no added sugar and controlled portions. Prefer whole grains, legumes, and fibre-rich sides.",30 mins brisk walking after meals,Monitor carbohydrate portions and avoid sweetened accompaniments.
1027,Uttar Pradesh,Diabetes,Snack,Shami Kebab (Unsweetened),184,20,10,12,2,Low,Low,Low,Egg,"Minced meat, chana dal, spices, egg",Non-Vegetarian,Mutton,"Prepare shami kebab as a unsweetened version with no added sugar and controlled portions. Prefer whole grains, legumes, and fibre-rich sides.",30 mins brisk walking after meals,Monitor carbohydrate portions and avoid sweetened accompaniments. Contains egg.
1028,Uttar Pradesh,Diabetes,Snack,Tandoori Chicken (Whole Grain),171,29,6,11,1,Low,Low,Low,,"Chicken, yoghurt, spices, lemon",Non-Vegetarian,Chicken,"Prepare tandoori chicken as a whole grain version with no added sugar and controlled portions. Prefer whole grains, legumes, and fibre-rich sides.",30 mins brisk walking after meals,Monitor carbohydrate portions and avoid sweetened accompaniments.
1029,Uttar Pradesh,Diabetes,Snack,Tandoori Fish (Steamed),158,22,5,9,1,Low,Low,Low,,"Fish, yoghurt, spices, lemon",Non-Vegetarian,Fish,"Prepare tandoori fish as a steamed version with no added sugar and controlled portions. Prefer whole grains, legumes, and fibre-rich sides.",30 mins brisk walking after meals,Monitor carbohydrate portions and avoid sweetened accompaniments.
1030,Uttar Pradesh,Diabetes,Snack,Tunday Kababi (Millet Base),237,24,15,16,2,Low,Medium,Medium,,"Minced mutton, green chilli, garam masala, onion",Non-Vegetarian,Mutton,"Prepare tunday kababi as a millet base version with no added sugar and controlled portions. Prefer whole grains, legumes, and fibre-rich sides.",30 mins brisk walking after meals,Monitor carbohydrate portions and avoid sweetened accompaniments.
1031,Uttar Pradesh,Diabetes,Snack,Bhuna Chana (Whole Grain),86,7,16,2,7,Low,Low,Low,,Roasted Bengal gram,Vegan,,"Prepare bhuna chana as a whole grain version with no added sugar and controlled portions. Prefer whole grains, legumes, and fibre-rich sides.",30 mins brisk walking after meals,Monitor carbohydrate portions and avoid sweetened accompaniments.
1032,Uttar Pradesh,Diabetes,Snack,Boiled Kala Chana (No Sev),93,8,18,2,8,Low,Low,Low,,"Black gram, Onion, Lemon",Vegan,,"Prepare boiled kala chana as a no sev version with no added sugar and controlled portions. Prefer whole grains, legumes, and fibre-rich sides.",30 mins brisk walking after meals,Monitor carbohydrate portions and avoid sweetened accompaniments.
1033,Uttar Pradesh,Diabetes,Snack,Boiled Kala Chana + Peanuts (Millet Base),250,20,37,12,14,Low,Medium,Medium,Nuts,"Black gram, Peanuts, Onion",Vegan,,"Prepare boiled kala chana + peanuts as a millet base version with no added sugar and controlled portions. Prefer whole grains, legumes, and fibre-rich sides.",30 mins brisk walking after meals,Monitor carbohydrate portions and avoid sweetened accompaniments. Contains nuts.
1034,Uttar Pradesh,Diabetes,Snack,Choora (Roasted Poha) + Peanuts (Fresh),210,8,37,11,4,Medium,Medium,Medium,Nuts,"Flattened rice, Peanuts, Oil",Vegan,,"Prepare choora (roasted poha) + peanuts as a fresh version with no added sugar and controlled portions. Prefer whole grains, legumes, and fibre-rich sides.",30 mins brisk walking after meals,Monitor carbohydrate portions and avoid sweetened accompaniments. Contains nuts.
1035,Uttar Pradesh,Diabetes,Snack,Dehati Rasgulla (Cumin Tadka),171,6,29,6,0,Low,Medium,Low,,"Chhena, sugar syrup, cardamom",Vegan,,"Prepare dehati rasgulla as a cumin tadka version with no added sugar and controlled portions. Prefer whole grains, legumes, and fibre-rich sides.",30 mins brisk walking after meals,Monitor carbohydrate portions and avoid sweetened accompaniments.
1036,Uttar Pradesh,Diabetes,Snack,Ghughni (Dried Yellow Peas) with Oil (Light Spice),196,14,33,7,9,Low,Low,Low,,"Yellow peas, Mustard oil",Vegan,,"Prepare ghughni (dried yellow peas) with oil as a light spice version with no added sugar and controlled portions. Prefer whole grains, legumes, and fibre-rich sides.",30 mins brisk walking after meals,Monitor carbohydrate portions and avoid sweetened accompaniments.
1037,Uttar Pradesh,Diabetes,Snack,Guava with Black Pepper (No Added Sugar),70,1,15,0,6,Low,Low,Low,,"Guava, Black pepper",Vegan,,"Prepare guava with black pepper as a no added sugar version with no added sugar and controlled portions. Prefer whole grains, legumes, and fibre-rich sides.",30 mins brisk walking after meals,Monitor carbohydrate portions and avoid sweetened accompaniments.
1038,Uttar Pradesh,Diabetes,Snack,Roasted Chana (Portion Controlled),78,6,16,2,7,Low,Low,Low,,Bengal gram,Vegan,,"Prepare roasted chana as a portion controlled version with no added sugar and controlled portions. Prefer whole grains, legumes, and fibre-rich sides.",30 mins brisk walking after meals,Monitor carbohydrate portions and avoid sweetened accompaniments.
1039,Uttar Pradesh,Diabetes,Snack,Roasted Chana + Peanuts (Low Oil),105,8,15,5,6,Low,Low,Low,Nuts,"Bengal gram, Peanuts",Vegan,,"Prepare roasted chana + peanuts as a low oil version with no added sugar and controlled portions. Prefer whole grains, legumes, and fibre-rich sides.",30 mins brisk walking after meals,Monitor carbohydrate portions and avoid sweetened accompaniments. Contains nuts.
1040,Uttar Pradesh,Diabetes,Snack,Roasted Makhana (Low GI),73,3,12,4,4,Low,Low,Low,Nuts,Fox nuts,Vegan,,"Prepare roasted makhana as a low gi version with no added sugar and controlled portions. Prefer whole grains, legumes, and fibre-rich sides.",30 mins brisk walking after meals,Monitor carbohydrate portions and avoid sweetened accompaniments. Contains nuts.
1041,Uttar Pradesh,Diabetes,Snack,Roasted Peanuts (Boiled),106,7,5,12,2,Low,Low,Low,Nuts,Peanuts,Vegan,,"Prepare roasted peanuts as a boiled version with no added sugar and controlled portions. Prefer whole grains, legumes, and fibre-rich sides.",30 mins brisk walking after meals,Monitor carbohydrate portions and avoid sweetened accompaniments. Contains nuts.
1042,Uttar Pradesh,Diabetes,Snack,Roasted Peanuts + Jaggery (No Ghee),232,12,29,16,5,Medium,Medium,Medium,Nuts,"Peanuts, Jaggery",Vegan,,"Prepare roasted peanuts + jaggery as a no ghee version with no added sugar and controlled portions. Prefer whole grains, legumes, and fibre-rich sides.",30 mins brisk walking after meals,"Monitor carbohydrate portions and avoid sweetened accompaniments. Contains dairy, nuts."
1043,Uttar Pradesh,Diabetes,Snack,Samosa with Chutney (Plain),262,6,39,17,5,Medium,High,High,Gluten,"Refined flour, Potato, Oil",Vegan,,"Prepare samosa with chutney as a plain version with no added sugar and controlled portions. Prefer whole grains, legumes, and fibre-rich sides.",30 mins brisk walking after meals,Monitor carbohydrate portions and avoid sweetened accompaniments. Contains gluten.
1044,Uttar Pradesh,Diabetes,Snack,Sattu Sherbet (Fiber Rich),98,8,20,1,5,Low,Low,Low,Gluten,"Roasted gram flour, Cumin, Lemon",Vegan,,"Prepare sattu sherbet as a fiber rich version with no added sugar and controlled portions. Prefer whole grains, legumes, and fibre-rich sides.",30 mins brisk walking after meals,Monitor carbohydrate portions and avoid sweetened accompaniments. Contains gluten.
1045,Uttar Pradesh,Diabetes,Snack,Unsalted Makhana (Steamed),70,3,12,3,4,Low,Low,Low,Nuts,Fox nuts,Vegan,,"Prepare unsalted makhana as a steamed version with no added sugar and controlled portions. Prefer whole grains, legumes, and fibre-rich sides.",30 mins brisk walking after meals,Monitor carbohydrate portions and avoid sweetened accompaniments. Contains nuts.
1046,Uttar Pradesh,Diabetes,Snack,Unsalted Peanuts (Unsweetened),98,6,5,11,2,Low,Low,Low,Nuts,Peanuts,Vegan,,"Prepare unsalted peanuts as a unsweetened version with no added sugar and controlled portions. Prefer whole grains, legumes, and fibre-rich sides.",30 mins brisk walking after meals,Monitor carbohydrate portions and avoid sweetened accompaniments. Contains nuts.
1047,Uttar Pradesh,Diabetes,Dinner,Brown Rice + Palak Saag,280,10,50,4,8,Low,Medium,Low,,"Brown rice, Spinach, Garlic",Vegetarian,,Sauté spinach with garlic; serve with brown rice.,20 mins post-meal walk,Spinach is low carb and rich in nutrients.
1048,Uttar Pradesh,Diabetes,Dinner,Dalia Khichdi (Fresh),199,9,38,3,9,Medium,Medium,Medium,Gluten,"Broken wheat, Moong dal",Vegetarian,,"Prepare dalia khichdi as a fresh version with no added sugar and controlled portions. Prefer whole grains, legumes, and fibre-rich sides.",30 mins brisk walking after meals,Monitor carbohydrate portions and avoid sweetened accompaniments. Contains gluten.
1049,Uttar Pradesh,Diabetes,Dinner,Dalia Khichdi + Bathua Saag (Millet Base),213,10,39,3,12,Low,Medium,Medium,Gluten,"Broken wheat, Bathua leaves",Vegetarian,,"Prepare dalia khichdi + bathua saag as a millet base version with no added sugar and controlled portions. Prefer whole grains, legumes, and fibre-rich sides.",30 mins brisk walking after meals,Monitor carbohydrate portions and avoid sweetened accompaniments. Contains gluten.
1050,Uttar Pradesh,Diabetes,Dinner,Dalia Khichdi + Parwal Sabzi,290,10,48,4,10,Low,Medium,Low,Gluten,"Broken wheat, Moong dal, Pointed gourd",Vegetarian,,Dalia has a much lower GI than white rice.,20 mins post-meal walk,Parwal is safe and healthy for diabetics.
1051,Uttar Pradesh,Diabetes,Dinner,Fara (No Ghee),223,13,37,4,12,Medium,Medium,Medium,,"Rice flour, Chana dal, Ginger, Cumin",Vegetarian,,"Prepare oats khichdi + bathua saag as a no ghee version with no added sugar and controlled portions. Prefer whole grains, legumes, and fibre-rich sides.",30 mins brisk walking after meals,Monitor carbohydrate portions and avoid sweetened accompaniments. Contains dairy.
1052,Uttar Pradesh,Diabetes,Dinner,Jau Roti + Karela Sabzi,270,10,45,4,12,Low,Medium,Low,Gluten,"Barley flour, Bitter gourd",Vegetarian,,Cook karela with onions to reduce bitterness without sugar.,20 mins post-meal walk,Karela is a natural blood sugar regulator.
1053,Uttar Pradesh,Diabetes,Dinner,Jau Roti + Karela Sabzi (Low Oil),213,10,37,4,14,Low,Low,Low,Gluten,"Barley flour, Bitter gourd",Vegetarian,,"Prepare jau roti + karela sabzi as a low oil version with no added sugar and controlled portions. Prefer whole grains, legumes, and fibre-rich sides.",30 mins brisk walking after meals,Monitor carbohydrate portions and avoid sweetened accompaniments. Contains gluten.
1054,Uttar Pradesh,Diabetes,Dinner,Jau Roti + Lauki Sabzi (No Added Sugar),181,8,34,2,12,Low,Low,Low,Gluten,"Barley flour, Bottle gourd",Vegetarian,,"Prepare jau roti + lauki sabzi as a no added sugar version with no added sugar and controlled portions. Prefer whole grains, legumes, and fibre-rich sides.",30 mins brisk walking after meals,Monitor carbohydrate portions and avoid sweetened accompaniments. Contains gluten.
1055,Uttar Pradesh,Diabetes,Dinner,Jau Roti + Moong Dal + Lauki Sabzi,300,14,48,4,12,Low,Medium,Low,Gluten,"Barley flour, Green gram, Bottle gourd",Vegetarian,,Barley roti and watery lauki sabzi.,20 mins post-meal walk,Lauki provides bulk without spiking blood sugar.
1056,Uttar Pradesh,Diabetes,Dinner,Jau Roti + Moong Dal + Lauki Sabzi (Plain),236,15,39,4,14,Medium,High,High,Gluten,"Barley flour, Green gram, Bottle gourd",Vegetarian,,"Prepare jau roti + moong dal + lauki sabzi as a plain version with no added sugar and controlled portions. Prefer whole grains, legumes, and fibre-rich sides.",30 mins brisk walking after meals,Monitor carbohydrate portions and avoid sweetened accompaniments. Contains gluten.
1057,Uttar Pradesh,Diabetes,Dinner,Jau Roti + Nenua Sabzi (Low GI),190,8,34,2,12,Low,Low,Low,Gluten,"Barley flour, Sponge gourd",Vegetarian,,"Prepare jau roti + nenua sabzi as a low gi version with no added sugar and controlled portions. Prefer whole grains, legumes, and fibre-rich sides.",30 mins brisk walking after meals,Monitor carbohydrate portions and avoid sweetened accompaniments. Contains gluten.
1058,Uttar Pradesh,Diabetes,Dinner,Jau Roti + Palak Saag (Whole Grain),200,9,35,3,12,Low,Low,Low,Gluten,"Barley flour, Spinach",Vegetarian,,"Prepare jau roti + palak saag as a whole grain version with no added sugar and controlled portions. Prefer whole grains, legumes, and fibre-rich sides.",30 mins brisk walking after meals,Monitor carbohydrate portions and avoid sweetened accompaniments. Contains gluten.
1059,Uttar Pradesh,Diabetes,Dinner,Jau Roti + Turai Sabzi (Steamed),191,8,35,3,12,Low,Low,Low,Gluten,"Barley flour, Ridge gourd",Vegetarian,,"Prepare jau roti + turai sabzi as a steamed version with no added sugar and controlled portions. Prefer whole grains, legumes, and fibre-rich sides.",30 mins brisk walking after meals,Monitor carbohydrate portions and avoid sweetened accompaniments. Contains gluten.
1060,Uttar Pradesh,Diabetes,Dinner,Missi Roti + Nenua Sabzi,260,10,42,4,11,Low,Medium,Low,Gluten,"Wheat flour, Gram flour, Sponge gourd",Vegetarian,,Missi roti provides protein; nenua provides water volume.,20 mins post-meal walk,Keeps overnight blood sugar stable.
1061,Uttar Pradesh,Diabetes,Dinner,Missi Roti + Nenua Sabzi (No Sev),208,10,35,4,13,Low,Low,Low,Gluten,"Wheat flour, Gram flour, Sponge gourd",Vegetarian,,"Prepare missi roti + nenua sabzi as a no sev version with no added sugar and controlled portions. Prefer whole grains, legumes, and fibre-rich sides.",30 mins brisk walking after meals,Monitor carbohydrate portions and avoid sweetened accompaniments. Contains gluten.
1062,Uttar Pradesh,Diabetes,Dinner,Missi Roti + Turai Sabzi,260,10,42,4,11,Low,Medium,Low,Gluten,"Wheat flour, Gram flour, Ridge gourd",Vegetarian,,Mix besan in wheat flour to lower GI.,20 mins post-meal walk,Turai is mostly water and fiber.
1063,Uttar Pradesh,Diabetes,Dinner,Missi Roti + Turai Sabzi (Portion Controlled),207,10,35,4,13,Low,Low,Low,Gluten,"Wheat flour, Gram flour, Ridge gourd",Vegetarian,,"Prepare missi roti + turai sabzi as a portion controlled version with no added sugar and controlled portions. Prefer whole grains, legumes, and fibre-rich sides.",30 mins brisk walking after meals,Monitor carbohydrate portions and avoid sweetened accompaniments. Contains gluten.
1064,Uttar Pradesh,Diabetes,Dinner,Oats Khichdi + Bathua Saag,280,12,45,4,10,Low,Medium,Low,,"Oats, Green gram, Bathua leaves",Vegetarian,,Cook oats with moong dal and steam bathua.,20 mins post-meal walk,Oats contain beta-glucan which regulates blood sugar.
1065,Uttar Pradesh,Diabetes,Dinner,Phulka + Lauki Sabzi (Boiled),198,8,37,3,9,Low,Low,Low,Gluten,"Wheat flour, Bottle gourd",Vegetarian,,"Prepare phulka + lauki sabzi as a boiled version with no added sugar and controlled portions. Prefer whole grains, legumes, and fibre-rich sides.",30 mins brisk walking after meals,Monitor carbohydrate portions and avoid sweetened accompaniments. Contains gluten.
1066,Uttar Pradesh,Diabetes,Dinner,Phulka + Nenua Sabzi (Unsweetened),191,8,36,3,9,Low,Low,Low,Gluten,"Wheat flour, Sponge gourd",Vegetarian,,"Prepare phulka + nenua sabzi as a unsweetened version with no added sugar and controlled portions. Prefer whole grains, legumes, and fibre-rich sides.",30 mins brisk walking after meals,Monitor carbohydrate portions and avoid sweetened accompaniments. Contains gluten.
1067,Uttar Pradesh,Diabetes,Dinner,Phulka + Palak Saag (Fiber Rich),196,9,34,3,9,Low,Low,Low,Gluten,"Wheat flour, Spinach",Vegetarian,,"Prepare phulka + palak saag as a fiber rich version with no added sugar and controlled portions. Prefer whole grains, legumes, and fibre-rich sides.",30 mins brisk walking after meals,Monitor carbohydrate portions and avoid sweetened accompaniments. Contains gluten.
1068,Uttar Pradesh,Diabetes,Dinner,Phulka + Palak Sabzi (Light Spice),207,9,35,4,9,Low,Low,Low,Gluten,"Wheat flour, Spinach, Garlic",Vegetarian,,"Prepare phulka + palak sabzi as a light spice version with no added sugar and controlled portions. Prefer whole grains, legumes, and fibre-rich sides.",30 mins brisk walking after meals,Monitor carbohydrate portions and avoid sweetened accompaniments. Contains gluten.
1069,Uttar Pradesh,Diabetes,Dinner,Phulka + Turai Sabzi (Cumin Tadka),204,8,37,3,11,Low,Medium,Low,Gluten,"Wheat flour, Ridge gourd",Vegetarian,,"Prepare phulka + turai sabzi as a cumin tadka version with no added sugar and controlled portions. Prefer whole grains, legumes, and fibre-rich sides.",30 mins brisk walking after meals,Monitor carbohydrate portions and avoid sweetened accompaniments. Contains gluten.
1070,Uttar Pradesh,Diabetes,Dinner,Chicken Tikka (No Ghee),176,26,5,9,1,Medium,Medium,Medium,Dairy,"Chicken, yoghurt, spices, lemon",Non-Vegetarian,Chicken,"Prepare chicken tikka as a no ghee version with no added sugar and controlled portions. Prefer whole grains, legumes, and fibre-rich sides.",30 mins brisk walking after meals,Monitor carbohydrate portions and avoid sweetened accompaniments. Contains dairy.
1071,Uttar Pradesh,Diabetes,Dinner,Chicken Yakhni (Steamed),222,26,7,12,1,Low,Low,Low,,"Chicken, bone broth, ginger, cloves",Non-Vegetarian,Chicken,"Prepare chicken yakhni as a steamed version with no added sugar and controlled portions. Prefer whole grains, legumes, and fibre-rich sides.",30 mins brisk walking after meals,Monitor carbohydrate portions and avoid sweetened accompaniments.
1072,Uttar Pradesh,Diabetes,Dinner,Fish Tikka (Fresh),157,23,5,7,1,Medium,Medium,Medium,,"Fish, spices, lemon, herbs",Non-Vegetarian,Fish,"Prepare fish tikka as a fresh version with no added sugar and controlled portions. Prefer whole grains, legumes, and fibre-rich sides.",30 mins brisk walking after meals,Monitor carbohydrate portions and avoid sweetened accompaniments.
1073,Uttar Pradesh,Diabetes,Dinner,Galouti Kebab (Whole Grain),271,23,8,19,1,Low,Low,Low,,"Minced mutton, papaya paste, aromatic spices",Non-Vegetarian,Mutton,"Prepare galouti kebab as a whole grain version with no added sugar and controlled portions. Prefer whole grains, legumes, and fibre-rich sides.",30 mins brisk walking after meals,Monitor carbohydrate portions and avoid sweetened accompaniments.
1074,Uttar Pradesh,Diabetes,Dinner,Kakori Kebab (Portion Controlled),288,22,7,21,1,Low,Low,Low,Nuts,"Minced mutton, cashew, cream, spices",Non-Vegetarian,Mutton,"Prepare kakori kebab as a portion controlled version with no added sugar and controlled portions. Prefer whole grains, legumes, and fibre-rich sides.",30 mins brisk walking after meals,Monitor carbohydrate portions and avoid sweetened accompaniments. Contains nuts.
1075,Uttar Pradesh,Diabetes,Dinner,Mutton Yakhni (No Sev),300,25,8,19,1,Low,Low,Low,,"Mutton, bone broth, ginger, whole spices",Non-Vegetarian,Mutton,"Prepare mutton yakhni as a no sev version with no added sugar and controlled portions. Prefer whole grains, legumes, and fibre-rich sides.",30 mins brisk walking after meals,Monitor carbohydrate portions and avoid sweetened accompaniments.
1076,Uttar Pradesh,Diabetes,Dinner,Rice + Mutton Salan + Lauki Sabzi (Cumin Tadka),655,49,70,28,8,Low,Medium,Low,,"Rice, Mutton, Bottle gourd",Non-Vegetarian,Mutton,"Prepare rice + mutton salan + lauki sabzi as a cumin tadka version with no added sugar and controlled portions. Prefer whole grains, legumes, and fibre-rich sides.",30 mins brisk walking after meals,Monitor carbohydrate portions and avoid sweetened accompaniments.
1077,Uttar Pradesh,Diabetes,Dinner,Rice + Mutton Salan + Sabzi (Millet Base),647,46,65,31,8,Low,Medium,Medium,,"Rice, Mutton, Mixed vegetables",Non-Vegetarian,Mutton,"Prepare rice + mutton salan + sabzi as a millet base version with no added sugar and controlled portions. Prefer whole grains, legumes, and fibre-rich sides.",30 mins brisk walking after meals,Monitor carbohydrate portions and avoid sweetened accompaniments.
1078,Uttar Pradesh,Diabetes,Dinner,Rohu Fish Curry (Low GI),198,20,8,10,1,Low,Low,Low,,"Rohu fish, tomato, mustard, spices",Non-Vegetarian,Fish,"Prepare rohu fish curry as a low gi version with no added sugar and controlled portions. Prefer whole grains, legumes, and fibre-rich sides.",30 mins brisk walking after meals,Monitor carbohydrate portions and avoid sweetened accompaniments.
1079,Uttar Pradesh,Diabetes,Dinner,Roti + Anda Curry + Nenua Sabzi (Low Oil),586,39,66,25,11,Low,Low,Low,"Gluten, Egg","Wheat flour, Eggs, Sponge gourd",Non-Vegetarian,Mutton,"Prepare roti + anda curry + nenua sabzi as a low oil version with no added sugar and controlled portions. Prefer whole grains, legumes, and fibre-rich sides.",30 mins brisk walking after meals,"Monitor carbohydrate portions and avoid sweetened accompaniments. Contains gluten, egg."
1080,Uttar Pradesh,Diabetes,Dinner,Roti + Chicken Curry + Chana Dal (Boiled),630,63,69,19,12,Low,Low,Low,Gluten,"Wheat flour, Chicken, Bengal gram",Non-Vegetarian,Chicken,"Prepare roti + chicken curry + chana dal as a boiled version with no added sugar and controlled portions. Prefer whole grains, legumes, and fibre-rich sides.",30 mins brisk walking after meals,Monitor carbohydrate portions and avoid sweetened accompaniments. Contains gluten.
1081,Uttar Pradesh,Diabetes,Dinner,Roti + Chicken Masala + Kathal Sabzi (Light Spice),644,49,61,31,11,Low,Low,Low,Gluten,"Wheat flour, Chicken, Jackfruit, Oil",Non-Vegetarian,Chicken,"Prepare roti + chicken masala + kathal sabzi as a light spice version with no added sugar and controlled portions. Prefer whole grains, legumes, and fibre-rich sides.",30 mins brisk walking after meals,Monitor carbohydrate portions and avoid sweetened accompaniments. Contains gluten.
1082,Uttar Pradesh,Diabetes,Dinner,Roti + Egg Bhurji + Arhar Dal (Unsweetened),575,44,66,21,12,Low,Low,Low,"Gluten, Egg","Wheat flour, Eggs, Pigeon peas",Non-Vegetarian,Mutton,"Prepare roti + egg bhurji + arhar dal as a unsweetened version with no added sugar and controlled portions. Prefer whole grains, legumes, and fibre-rich sides.",30 mins brisk walking after meals,"Monitor carbohydrate portions and avoid sweetened accompaniments. Contains gluten, egg."
1083,Uttar Pradesh,Diabetes,Dinner,Roti + Mutton Keema + Bhindi (Fiber Rich),616,52,57,32,12,Low,Low,Low,Gluten,"Wheat flour, Minced mutton, Okra",Non-Vegetarian,Mutton,"Prepare roti + mutton keema + bhindi as a fiber rich version with no added sugar and controlled portions. Prefer whole grains, legumes, and fibre-rich sides.",30 mins brisk walking after meals,Monitor carbohydrate portions and avoid sweetened accompaniments. Contains gluten.
1084,Uttar Pradesh,Diabetes,Dinner,Tandoori Chicken (Plain),207,30,6,11,1,Medium,High,High,,"Chicken, yoghurt, spices, lemon",Non-Vegetarian,Chicken,"Prepare tandoori chicken as a plain version with no added sugar and controlled portions. Prefer whole grains, legumes, and fibre-rich sides.",30 mins brisk walking after meals,Monitor carbohydrate portions and avoid sweetened accompaniments.
1085,Uttar Pradesh,Diabetes,Dinner,Tandoori Fish (No Added Sugar),192,22,5,9,1,Low,Low,Low,,"Fish, yoghurt, spices, lemon",Non-Vegetarian,Fish,"Prepare tandoori fish as a no added sugar version with no added sugar and controlled portions. Prefer whole grains, legumes, and fibre-rich sides.",30 mins brisk walking after meals,Monitor carbohydrate portions and avoid sweetened accompaniments.
1086,Uttar Pradesh,Diabetes,Dinner,Dalia Khichdi (Fresh),199,9,38,3,9,Medium,Medium,Medium,Gluten,"Broken wheat, Moong dal",Vegan,,"Prepare dalia khichdi as a fresh version with no added sugar and controlled portions. Prefer whole grains, legumes, and fibre-rich sides.",30 mins brisk walking after meals,Monitor carbohydrate portions and avoid sweetened accompaniments. Contains gluten.
1087,Uttar Pradesh,Diabetes,Dinner,Dalia Khichdi + Bathua Saag (Millet Base),213,10,39,3,12,Low,Medium,Medium,Gluten,"Broken wheat, Bathua leaves",Vegan,,"Prepare dalia khichdi + bathua saag as a millet base version with no added sugar and controlled portions. Prefer whole grains, legumes, and fibre-rich sides.",30 mins brisk walking after meals,Monitor carbohydrate portions and avoid sweetened accompaniments. Contains gluten.
1088,Uttar Pradesh,Diabetes,Dinner,Jau Roti + Karela Sabzi (Low Oil),213,10,37,4,14,Low,Low,Low,Gluten,"Barley flour, Bitter gourd",Vegan,,"Prepare jau roti + karela sabzi as a low oil version with no added sugar and controlled portions. Prefer whole grains, legumes, and fibre-rich sides.",30 mins brisk walking after meals,Monitor carbohydrate portions and avoid sweetened accompaniments. Contains gluten.
1089,Uttar Pradesh,Diabetes,Dinner,Jau Roti + Lauki Sabzi (No Added Sugar),181,8,34,2,12,Low,Low,Low,Gluten,"Barley flour, Bottle gourd",Vegan,,"Prepare jau roti + lauki sabzi as a no added sugar version with no added sugar and controlled portions. Prefer whole grains, legumes, and fibre-rich sides.",30 mins brisk walking after meals,Monitor carbohydrate portions and avoid sweetened accompaniments. Contains gluten.
1090,Uttar Pradesh,Diabetes,Dinner,Jau Roti + Moong Dal + Lauki Sabzi (Plain),236,14,39,4,14,Medium,High,High,Gluten,"Barley flour, Green gram, Bottle gourd",Vegan,,"Prepare jau roti + moong dal + lauki sabzi as a plain version with no added sugar and controlled portions. Prefer whole grains, legumes, and fibre-rich sides.",30 mins brisk walking after meals,Monitor carbohydrate portions and avoid sweetened accompaniments. Contains gluten.
1091,Uttar Pradesh,Diabetes,Dinner,Jau Roti + Nenua Sabzi (Low GI),190,8,34,2,12,Low,Low,Low,Gluten,"Barley flour, Sponge gourd",Vegan,,"Prepare jau roti + nenua sabzi as a low gi version with no added sugar and controlled portions. Prefer whole grains, legumes, and fibre-rich sides.",30 mins brisk walking after meals,Monitor carbohydrate portions and avoid sweetened accompaniments. Contains gluten.
1092,Uttar Pradesh,Diabetes,Dinner,Jau Roti + Palak Saag (Whole Grain),200,9,35,3,12,Low,Low,Low,Gluten,"Barley flour, Spinach",Vegan,,"Prepare jau roti + palak saag as a whole grain version with no added sugar and controlled portions. Prefer whole grains, legumes, and fibre-rich sides.",30 mins brisk walking after meals,Monitor carbohydrate portions and avoid sweetened accompaniments. Contains gluten.
1093,Uttar Pradesh,Diabetes,Dinner,Jau Roti + Turai Sabzi (Steamed),191,8,35,3,12,Low,Low,Low,Gluten,"Barley flour, Ridge gourd",Vegan,,"Prepare jau roti + turai sabzi as a steamed version with no added sugar and controlled portions. Prefer whole grains, legumes, and fibre-rich sides.",30 mins brisk walking after meals,Monitor carbohydrate portions and avoid sweetened accompaniments. Contains gluten.
1094,Uttar Pradesh,Diabetes,Dinner,Missi Roti + Nenua Sabzi (No Sev),208,10,35,4,13,Low,Low,Low,Gluten,"Wheat flour, Gram flour, Sponge gourd",Vegan,,"Prepare missi roti + nenua sabzi as a no sev version with no added sugar and controlled portions. Prefer whole grains, legumes, and fibre-rich sides.",30 mins brisk walking after meals,Monitor carbohydrate portions and avoid sweetened accompaniments. Contains gluten.
1095,Uttar Pradesh,Diabetes,Dinner,Missi Roti + Turai Sabzi (Portion Controlled),207,10,35,4,13,Low,Low,Low,Gluten,"Wheat flour, Gram flour, Ridge gourd",Vegan,,"Prepare missi roti + turai sabzi as a portion controlled version with no added sugar and controlled portions. Prefer whole grains, legumes, and fibre-rich sides.",30 mins brisk walking after meals,Monitor carbohydrate portions and avoid sweetened accompaniments. Contains gluten.
1096,Uttar Pradesh,Diabetes,Dinner,Phulka + Lauki Sabzi (Boiled),198,8,37,3,9,Low,Low,Low,Gluten,"Wheat flour, Bottle gourd",Vegan,,"Prepare phulka + lauki sabzi as a boiled version with no added sugar and controlled portions. Prefer whole grains, legumes, and fibre-rich sides.",30 mins brisk walking after meals,Monitor carbohydrate portions and avoid sweetened accompaniments. Contains gluten.
1097,Uttar Pradesh,Diabetes,Dinner,Phulka + Nenua Sabzi (Unsweetened),191,8,36,3,9,Low,Low,Low,Gluten,"Wheat flour, Sponge gourd",Vegan,,"Prepare phulka + nenua sabzi as a unsweetened version with no added sugar and controlled portions. Prefer whole grains, legumes, and fibre-rich sides.",30 mins brisk walking after meals,Monitor carbohydrate portions and avoid sweetened accompaniments. Contains gluten.
1098,Uttar Pradesh,Diabetes,Dinner,Phulka + Palak Saag (Fiber Rich),196,9,34,3,9,Low,Low,Low,Gluten,"Wheat flour, Spinach",Vegan,,"Prepare phulka + palak saag as a fiber rich version with no added sugar and controlled portions. Prefer whole grains, legumes, and fibre-rich sides.",30 mins brisk walking after meals,Monitor carbohydrate portions and avoid sweetened accompaniments. Contains gluten.
1099,Uttar Pradesh,Diabetes,Dinner,Phulka + Palak Sabzi (Light Spice),207,9,35,4,9,Low,Low,Low,Gluten,"Wheat flour, Spinach, Garlic",Vegan,,"Prepare phulka + palak sabzi as a light spice version with no added sugar and controlled portions. Prefer whole grains, legumes, and fibre-rich sides.",30 mins brisk walking after meals,Monitor carbohydrate portions and avoid sweetened accompaniments. Contains gluten.
1100,Uttar Pradesh,Diabetes,Dinner,Phulka + Turai Sabzi (Cumin Tadka),204,8,37,3,11,Low,Medium,Low,Gluten,"Wheat flour, Ridge gourd",Vegan,,"Prepare phulka + turai sabzi as a cumin tadka version with no added sugar and controlled portions. Prefer whole grains, legumes, and fibre-rich sides.",30 mins brisk walking after meals,Monitor carbohydrate portions and avoid sweetened accompaniments. Contains gluten.
1101,Uttar Pradesh,Diabetes,Dinner,Sattu Drink (No Ghee),223,12,37,4,12,Medium,Medium,Medium,,"Roasted gram flour, Lemon, Cumin, Water",Vegan,,"Prepare oats khichdi + bathua saag as a no ghee version with no added sugar and controlled portions. Prefer whole grains, legumes, and fibre-rich sides.",30 mins brisk walking after meals,Monitor carbohydrate portions and avoid sweetened accompaniments. Contains dairy.
1102,Uttar Pradesh,High Bp,Breakfast,Apple,95,0,25,0,4,Low,Low,Low,,Apple,Vegetarian,,Eat raw.,15 mins breathing,Contains quercetin which lowers BP.
1103,Uttar Pradesh,High Bp,Breakfast,Banana,100,1,26,0,3,Medium,Low,Low,,Banana,Vegetarian,,Eat raw.,15 mins breathing,Extremely high in potassium.
1104,Uttar Pradesh,High Bp,Breakfast,Besan Cheela (Lemon),197,12,28,5,8,Low,Low,Low,Gluten,"Gram flour, Onion, Green chili",Vegetarian,,"Prepare besan cheela as a lemon version with minimal salt and fresh herbs. Avoid pickle, papad, and salty chutneys.",30 mins yoga or brisk walking,Use minimal salt and avoid pickles or papad. Contains gluten.
1105,Uttar Pradesh,High Bp,Breakfast,Besan Cheela (No Salt),210,10,32,4,6,Low,Low,Low,,"Gram flour, Onion, Tomato",Vegetarian,,Use lots of tomatoes to mask the lack of salt.,15 mins breathing,Gram flour is heart healthy.
1106,Uttar Pradesh,High Bp,Breakfast,Chura Matar (Herb Tossed),205,6,42,2,6,Low,Low,Low,,"Flattened rice, Green peas",Vegetarian,,"Prepare chura matar as a herb tossed version with minimal salt and fresh herbs. Avoid pickle, papad, and salty chutneys.",30 mins yoga or brisk walking,Use minimal salt and avoid pickles or papad.
1107,Uttar Pradesh,High Bp,Breakfast,Dalia (Low Oil),172,8,33,2,8,Low,Low,Low,Gluten,"Broken wheat, Carrots, Peas",Vegetarian,,"Prepare dalia as a low oil version with minimal salt and fresh herbs. Avoid pickle, papad, and salty chutneys.",30 mins yoga or brisk walking,Use minimal salt and avoid pickles or papad. Contains gluten.
1108,Uttar Pradesh,High Bp,Breakfast,Fara (Broth Based),261,14,48,3,9,Medium,Low,Medium,Gluten,"Rice flour, Chana dal",Vegetarian,,"Prepare fara as a broth based version with minimal salt and fresh herbs. Avoid pickle, papad, and salty chutneys.",30 mins yoga or brisk walking,Use minimal salt and avoid pickles or papad. Contains gluten.
1109,Uttar Pradesh,High Bp,Breakfast,Fara (No Salt),121,10,19,1,7,Low,Low,Low,,"Rice flour, Chana dal, Ginger, Cumin",Vegetarian,,"Prepare sprouted moong as a no salt version with minimal salt and fresh herbs. Avoid pickle, papad, and salty chutneys.",30 mins yoga or brisk walking,Use minimal salt and avoid pickles or papad.
1110,Uttar Pradesh,High Bp,Breakfast,Jau Roti + Mint Chutney (Plain),188,8,37,2,10,Low,Low,Low,Gluten,"Barley flour, Mint, Green chili",Vegetarian,,"Prepare jau roti + mint chutney as a plain version with minimal salt and fresh herbs. Avoid pickle, papad, and salty chutneys.",30 mins yoga or brisk walking,Use minimal salt and avoid pickles or papad. Contains gluten.
1111,Uttar Pradesh,High Bp,Breakfast,Jau Roti + Plain Curd,220,8,38,3,8,Low,Low,Low,Gluten/Milk,"Barley flour, Curd",Vegetarian,,Barley roti with unsalted curd.,15 mins breathing,Barley acts as a natural diuretic.
1112,Uttar Pradesh,High Bp,Breakfast,Moong Dal Cheela (Cumin),190,14,27,3,7,Low,Low,Low,Gluten,"Green gram, Onion, Coriander",Vegetarian,,"Prepare moong dal cheela as a cumin version with minimal salt and fresh herbs. Avoid pickle, papad, and salty chutneys.",30 mins yoga or brisk walking,Use minimal salt and avoid pickles or papad. Contains gluten.
1113,Uttar Pradesh,High Bp,Breakfast,Moong Dal Cheela (Fresh),157,6,34,1,9,Low,Low,Low,,"Moong dal, Ginger, Cumin, Coriander",Vegetarian,,"Prepare barley dalia as a fresh version with minimal salt and fresh herbs. Avoid pickle, papad, and salty chutneys.",30 mins yoga or brisk walking,"Use minimal salt and avoid pickles or papad. Contains gluten, egg."
1114,Uttar Pradesh,High Bp,Breakfast,Oats (Cooked in water),150,5,26,3,4,Low,Low,Low,,Oats,Vegetarian,,Cook oats plain.,15 mins breathing,Oats improve arterial health.
1115,Uttar Pradesh,High Bp,Breakfast,Poha with Peanuts (Unsalted),271,8,49,8,5,Medium,Low,High,Nuts,"Flattened rice, Peanuts",Vegetarian,,"Prepare poha with peanuts as a unsalted version with minimal salt and fresh herbs. Avoid pickle, papad, and salty chutneys.",30 mins yoga or brisk walking,Use minimal salt and avoid pickles or papad. Contains nuts.
1116,Uttar Pradesh,High Bp,Breakfast,Sattu Drink (Herbal),147,12,25,2,9,Low,Low,Low,,"Roasted gram flour, Lemon, Cumin, Water",Vegetarian,,"Prepare sprouted moong chaat as a herbal version with minimal salt and fresh herbs. Avoid pickle, papad, and salty chutneys.",30 mins yoga or brisk walking,Use minimal salt and avoid pickles or papad.
1117,Uttar Pradesh,High Bp,Breakfast,Sattu Drink (Low Salt),124,5,23,2,5,Low,Low,Low,,"Roasted gram flour, Lemon, Cumin, Water",Vegetarian,,"Prepare oats as a low salt version with minimal salt and fresh herbs. Avoid pickle, papad, and salty chutneys.",30 mins yoga or brisk walking,Use minimal salt and avoid pickles or papad.
1118,Uttar Pradesh,High Bp,Breakfast,Sattu Drink (No Salt/Sugar),160,10,25,2,5,Low,Low,Low,,"Roasted gram flour, Lemon",Vegetarian,,Mix with water and lemon only.,15 mins breathing,Cooling and highly nutritious.
1119,Uttar Pradesh,High Bp,Breakfast,Sattu Drink (Steamed),147,10,25,2,6,Low,Low,Low,Gluten,"Roasted gram flour, Cumin, Lemon",Vegetarian,,"Prepare sattu drink as a steamed version with minimal salt and fresh herbs. Avoid pickle, papad, and salty chutneys.",30 mins yoga or brisk walking,Use minimal salt and avoid pickles or papad. Contains gluten.
1120,Uttar Pradesh,High Bp,Breakfast,Sattu Paratha (Dry Roasted) + Curd (Light),228,12,39,4,10,Medium,Low,Medium,"Gluten, Dairy","Wheat flour, Roasted gram flour, Curd",Vegetarian,,"Prepare sattu paratha (dry roasted) + curd as a light version with minimal salt and fresh herbs. Avoid pickle, papad, and salty chutneys.",30 mins yoga or brisk walking,"Use minimal salt and avoid pickles or papad. Contains gluten, dairy."
1121,Uttar Pradesh,High Bp,Breakfast,Sheermal (Portion Controlled),227,7,37,8,1,Medium,Low,Medium,"Gluten, Dairy","Flour, milk, saffron, sugar, ghee",Vegetarian,,"Prepare sheermal as a portion controlled version with minimal salt and fresh herbs. Avoid pickle, papad, and salty chutneys.",30 mins yoga or brisk walking,"Use minimal salt and avoid pickles or papad. Contains gluten, dairy."
1122,Uttar Pradesh,High Bp,Breakfast,Steamed Fara (No Pickle),181,12,34,2,7,Low,Low,Low,Gluten,"Rice flour, Chana dal, Garlic",Vegetarian,,"Prepare steamed fara as a no pickle version with minimal salt and fresh herbs. Avoid pickle, papad, and salty chutneys.",30 mins yoga or brisk walking,Use minimal salt and avoid pickles or papad. Contains gluten.
1123,Uttar Pradesh,High Bp,Breakfast,Unsalted Dalia,190,6,38,2,7,Low,Low,Low,Gluten,"Broken wheat, Veggies",Vegetarian,,Cook without salt; use lemon and tomatoes for flavor.,15 mins breathing,Zero sodium helps lower blood pressure.
1124,Uttar Pradesh,High Bp,Breakfast,Unsalted Dalia (Potassium Rich),155,6,33,2,8,Low,Low,Low,"Gluten, Egg","Broken wheat, Veggies",Vegetarian,,"Prepare unsalted dalia as a potassium rich version with minimal salt and fresh herbs. Avoid pickle, papad, and salty chutneys.",30 mins yoga or brisk walking,"Use minimal salt and avoid pickles or papad. Contains gluten, egg."
1125,Uttar Pradesh,High Bp,Breakfast,Chicken Tikka (Low Salt),179,26,5,8,1,Low,Low,Low,,"Chicken, yoghurt, spices, lemon",Non-Vegetarian,Chicken,"Prepare chicken tikka as a low salt version with minimal salt and fresh herbs. Avoid pickle, papad, and salty chutneys.",30 mins yoga or brisk walking,Use minimal salt and avoid pickles or papad.
1126,Uttar Pradesh,High Bp,Breakfast,Chicken Yakhni (Low Oil),230,26,7,12,1,Low,Low,Low,,"Chicken, bone broth, ginger, cloves",Non-Vegetarian,Chicken,"Prepare chicken yakhni as a low oil version with minimal salt and fresh herbs. Avoid pickle, papad, and salty chutneys.",30 mins yoga or brisk walking,Use minimal salt and avoid pickles or papad.
1127,Uttar Pradesh,High Bp,Breakfast,Fish Curry (Banarasi Style) (Potassium Rich),212,20,9,10,1,Low,Low,Low,,"Fish, mustard, tomato, spices",Non-Vegetarian,Fish,"Prepare fish curry (banarasi style) as a potassium rich version with minimal salt and fresh herbs. Avoid pickle, papad, and salty chutneys.",30 mins yoga or brisk walking,Use minimal salt and avoid pickles or papad.
1128,Uttar Pradesh,High Bp,Breakfast,Fish Tikka (No Salt),163,22,5,7,1,Low,Low,Low,,"Fish, spices, lemon, herbs",Non-Vegetarian,Fish,"Prepare fish tikka as a no salt version with minimal salt and fresh herbs. Avoid pickle, papad, and salty chutneys.",30 mins yoga or brisk walking,Use minimal salt and avoid pickles or papad.
1129,Uttar Pradesh,High Bp,Breakfast,Galouti Kebab (Lemon),279,23,9,18,1,Low,Low,Low,,"Minced mutton, papaya paste, aromatic spices",Non-Vegetarian,Mutton,"Prepare galouti kebab as a lemon version with minimal salt and fresh herbs. Avoid pickle, papad, and salty chutneys.",30 mins yoga or brisk walking,Use minimal salt and avoid pickles or papad.
1130,Uttar Pradesh,High Bp,Breakfast,Kakori Kebab (Light),292,21,7,20,1,Medium,Low,Medium,Nuts,"Minced mutton, cashew, cream, spices",Non-Vegetarian,Mutton,"Prepare kakori kebab as a light version with minimal salt and fresh herbs. Avoid pickle, papad, and salty chutneys.",30 mins yoga or brisk walking,Use minimal salt and avoid pickles or papad. Contains nuts.
1131,Uttar Pradesh,High Bp,Breakfast,Keema Kulcha (Portion Controlled),370,23,37,16,2,Medium,Low,Medium,Gluten,"Keema, wheat kulcha, onion, spices",Non-Vegetarian,Mutton,"Prepare keema kulcha as a portion controlled version with minimal salt and fresh herbs. Avoid pickle, papad, and salty chutneys.",30 mins yoga or brisk walking,Use minimal salt and avoid pickles or papad. Contains gluten.
1132,Uttar Pradesh,High Bp,Breakfast,Keema Matar (Cumin),260,23,12,15,1,Low,Low,Low,,"Minced meat, peas, onion, spices",Non-Vegetarian,Mutton,"Prepare keema matar as a cumin version with minimal salt and fresh herbs. Avoid pickle, papad, and salty chutneys.",30 mins yoga or brisk walking,Use minimal salt and avoid pickles or papad.
1133,Uttar Pradesh,High Bp,Breakfast,Kulche-Nahari (Unsalted),374,23,30,20,2,Medium,Low,High,Gluten,"Wheat kulcha, nihari gravy, ginger, onion",Non-Vegetarian,Mutton,"Prepare kulche-nahari as a unsalted version with minimal salt and fresh herbs. Avoid pickle, papad, and salty chutneys.",30 mins yoga or brisk walking,Use minimal salt and avoid pickles or papad. Contains gluten.
1134,Uttar Pradesh,High Bp,Breakfast,Mutton Yakhni (Broth Based),311,25,9,18,1,Medium,Low,Medium,,"Mutton, bone broth, ginger, whole spices",Non-Vegetarian,Mutton,"Prepare mutton yakhni as a broth based version with minimal salt and fresh herbs. Avoid pickle, papad, and salty chutneys.",30 mins yoga or brisk walking,Use minimal salt and avoid pickles or papad.
1135,Uttar Pradesh,High Bp,Breakfast,Rohu Fish Curry (Steamed),202,19,9,9,1,Low,Low,Low,,"Rohu fish, tomato, mustard, spices",Non-Vegetarian,Fish,"Prepare rohu fish curry as a steamed version with minimal salt and fresh herbs. Avoid pickle, papad, and salty chutneys.",30 mins yoga or brisk walking,Use minimal salt and avoid pickles or papad.
1136,Uttar Pradesh,High Bp,Breakfast,Seekh Kebab (Plain),247,22,7,15,1,Low,Low,Low,,"Minced meat, onion, herbs, spices",Non-Vegetarian,Mutton,"Prepare seekh kebab as a plain version with minimal salt and fresh herbs. Avoid pickle, papad, and salty chutneys.",30 mins yoga or brisk walking,Use minimal salt and avoid pickles or papad.
1137,Uttar Pradesh,High Bp,Breakfast,Shami Kebab (No Pickle),229,19,11,12,2,Low,Low,Low,Egg,"Minced meat, chana dal, spices, egg",Non-Vegetarian,Mutton,"Prepare shami kebab as a no pickle version with minimal salt and fresh herbs. Avoid pickle, papad, and salty chutneys.",30 mins yoga or brisk walking,Use minimal salt and avoid pickles or papad. Contains egg.
1138,Uttar Pradesh,High Bp,Breakfast,Tandoori Chicken (Fresh),212,29,6,10,1,Low,Low,Low,,"Chicken, yoghurt, spices, lemon",Non-Vegetarian,Chicken,"Prepare tandoori chicken as a fresh version with minimal salt and fresh herbs. Avoid pickle, papad, and salty chutneys.",30 mins yoga or brisk walking,Use minimal salt and avoid pickles or papad.
1139,Uttar Pradesh,High Bp,Breakfast,Tandoori Fish (Herbal),196,21,5,8,1,Low,Low,Low,,"Fish, yoghurt, spices, lemon",Non-Vegetarian,Fish,"Prepare tandoori fish as a herbal version with minimal salt and fresh herbs. Avoid pickle, papad, and salty chutneys.",30 mins yoga or brisk walking,Use minimal salt and avoid pickles or papad.
1140,Uttar Pradesh,High Bp,Breakfast,Tunday Kababi (Herb Tossed),291,23,16,15,2,Low,Low,Low,,"Minced mutton, green chilli, garam masala, onion",Non-Vegetarian,Mutton,"Prepare tunday kababi as a herb tossed version with minimal salt and fresh herbs. Avoid pickle, papad, and salty chutneys.",30 mins yoga or brisk walking,Use minimal salt and avoid pickles or papad.
1141,Uttar Pradesh,High Bp,Breakfast,Besan Cheela (Plain),194,12,28,5,8,Low,Low,Low,Gluten,"Gram flour, Onion, Green chili",Vegan,,"Prepare besan cheela as a plain version with minimal salt and fresh herbs. Avoid pickle, papad, and salty chutneys.",30 mins yoga or brisk walking,Use minimal salt and avoid pickles or papad. Contains gluten.
1142,Uttar Pradesh,High Bp,Breakfast,Bhuna Chana (Unsalted),107,7,18,2,7,Medium,Low,High,,Roasted Bengal gram,Vegan,,"Prepare bhuna chana as a unsalted version with minimal salt and fresh herbs. Avoid pickle, papad, and salty chutneys.",30 mins yoga or brisk walking,Use minimal salt and avoid pickles or papad.
1143,Uttar Pradesh,High Bp,Breakfast,Chura Matar (Cumin),203,6,42,2,6,Low,Low,Low,,"Flattened rice, Green peas",Vegan,,"Prepare chura matar as a cumin version with minimal salt and fresh herbs. Avoid pickle, papad, and salty chutneys.",30 mins yoga or brisk walking,Use minimal salt and avoid pickles or papad.
1144,Uttar Pradesh,High Bp,Breakfast,Chura Matar (Low Salt),124,5,23,2,5,Low,Low,Low,,"Flattened rice, Green peas, Onion, Cumin",Vegan,,"Prepare oats as a low salt version with minimal salt and fresh herbs. Avoid pickle, papad, and salty chutneys.",30 mins yoga or brisk walking,Use minimal salt and avoid pickles or papad.
1145,Uttar Pradesh,High Bp,Breakfast,Dalia (Fresh),173,8,34,2,8,Low,Low,Low,Gluten,"Broken wheat, Carrots, Peas",Vegan,,"Prepare dalia as a fresh version with minimal salt and fresh herbs. Avoid pickle, papad, and salty chutneys.",30 mins yoga or brisk walking,Use minimal salt and avoid pickles or papad. Contains gluten.
1146,Uttar Pradesh,High Bp,Breakfast,Fara (Lemon),261,14,48,3,9,Low,Low,Low,Gluten,"Rice flour, Chana dal",Vegan,,"Prepare fara as a lemon version with minimal salt and fresh herbs. Avoid pickle, papad, and salty chutneys.",30 mins yoga or brisk walking,Use minimal salt and avoid pickles or papad. Contains gluten.
1147,Uttar Pradesh,High Bp,Breakfast,Fara (No Salt),121,10,19,1,7,Low,Low,Low,,"Rice flour, Chana dal, Ginger, Cumin",Vegan,,"Prepare sprouted moong as a no salt version with minimal salt and fresh herbs. Avoid pickle, papad, and salty chutneys.",30 mins yoga or brisk walking,Use minimal salt and avoid pickles or papad.
1148,Uttar Pradesh,High Bp,Breakfast,Guava with Black Pepper (Light),70,1,16,0,6,Medium,Low,Medium,,"Guava, Black pepper",Vegan,,"Prepare guava with black pepper as a light version with minimal salt and fresh herbs. Avoid pickle, papad, and salty chutneys.",30 mins yoga or brisk walking,Use minimal salt and avoid pickles or papad.
1149,Uttar Pradesh,High Bp,Breakfast,Jau Roti + Mint Chutney (Low Oil),186,8,37,2,10,Low,Low,Low,Gluten,"Barley flour, Mint, Green chili",Vegan,,"Prepare jau roti + mint chutney as a low oil version with minimal salt and fresh herbs. Avoid pickle, papad, and salty chutneys.",30 mins yoga or brisk walking,Use minimal salt and avoid pickles or papad. Contains gluten.
1150,Uttar Pradesh,High Bp,Breakfast,Moong Dal Cheela (No Pickle),187,14,26,3,7,Low,Low,Low,Gluten,"Green gram, Onion, Coriander",Vegan,,"Prepare moong dal cheela as a no pickle version with minimal salt and fresh herbs. Avoid pickle, papad, and salty chutneys.",30 mins yoga or brisk walking,Use minimal salt and avoid pickles or papad. Contains gluten.
1151,Uttar Pradesh,High Bp,Breakfast,Poha with Peanuts (Herb Tossed),270,8,49,8,5,Low,Low,Low,Nuts,"Flattened rice, Peanuts",Vegan,,"Prepare poha with peanuts as a herb tossed version with minimal salt and fresh herbs. Avoid pickle, papad, and salty chutneys.",30 mins yoga or brisk walking,Use minimal salt and avoid pickles or papad. Contains nuts.
1152,Uttar Pradesh,High Bp,Breakfast,Roasted Makhana (Broth Based),91,3,13,3,3,Medium,Low,Medium,Nuts,Fox nuts,Vegan,,"Prepare roasted makhana as a broth based version with minimal salt and fresh herbs. Avoid pickle, papad, and salty chutneys.",30 mins yoga or brisk walking,Use minimal salt and avoid pickles or papad. Contains nuts.
1153,Uttar Pradesh,High Bp,Breakfast,Sattu Drink (Herbal),147,12,25,2,9,Low,Low,Low,,"Roasted gram flour, Lemon, Cumin, Water",Vegan,,"Prepare sprouted moong chaat as a herbal version with minimal salt and fresh herbs. Avoid pickle, papad, and salty chutneys.",30 mins yoga or brisk walking,Use minimal salt and avoid pickles or papad.
1154,Uttar Pradesh,High Bp,Breakfast,Sattu Drink (Steamed),147,10,25,2,6,Low,Low,Low,Gluten,"Roasted gram flour, Cumin, Lemon",Vegan,,"Prepare sattu drink as a steamed version with minimal salt and fresh herbs. Avoid pickle, papad, and salty chutneys.",30 mins yoga or brisk walking,Use minimal salt and avoid pickles or papad. Contains gluten.
1155,Uttar Pradesh,High Bp,Breakfast,Steamed Fara (Potassium Rich),179,12,33,2,7,Low,Low,Low,Gluten,"Rice flour, Chana dal, Garlic",Vegan,,"Prepare steamed fara as a potassium rich version with minimal salt and fresh herbs. Avoid pickle, papad, and salty chutneys.",30 mins yoga or brisk walking,Use minimal salt and avoid pickles or papad. Contains gluten.
1156,Uttar Pradesh,High Bp,Breakfast,Unsalted Makhana (Portion Controlled),81,3,13,2,3,Medium,Low,Medium,Nuts,Fox nuts,Vegan,,"Prepare unsalted makhana as a portion controlled version with minimal salt and fresh herbs. Avoid pickle, papad, and salty chutneys.",30 mins yoga or brisk walking,Use minimal salt and avoid pickles or papad. Contains nuts.
1157,Uttar Pradesh,High Bp,Lunch,Brown Rice + Arhar Dal + Nenua Sabzi (Unsalted),284,13,51,3,10,Medium,Low,High,,"Brown rice, Pigeon peas, Sponge gourd",Vegetarian,,"Prepare brown rice + arhar dal + nenua sabzi as a unsalted version with minimal salt and fresh herbs. Avoid pickle, papad, and salty chutneys.",30 mins yoga or brisk walking,Use minimal salt and avoid pickles or papad.
1158,Uttar Pradesh,High Bp,Lunch,Brown Rice + Chana Dal + Parwal Sabzi,340,14,58,4,12,Low,Low,Low,,"Brown rice, Bengal gram, Pointed gourd",Vegetarian,,Cook without salt; use raw mango powder for tang.,20 mins light cardio,High fiber helps excrete excess sodium.
1159,Uttar Pradesh,High Bp,Lunch,Brown Rice + Chana Dal + Parwal Sabzi (Light),294,14,51,3,14,Medium,Low,Medium,,"Brown rice, Bengal gram, Pointed gourd",Vegetarian,,"Prepare brown rice + chana dal + parwal sabzi as a light version with minimal salt and fresh herbs. Avoid pickle, papad, and salty chutneys.",30 mins yoga or brisk walking,Use minimal salt and avoid pickles or papad.
1160,Uttar Pradesh,High Bp,Lunch,Brown Rice + Chana Dal + Turai Sabzi (Portion Controlled),291,14,51,2,13,Medium,Low,Medium,,"Brown rice, Bengal gram, Ridge gourd",Vegetarian,,"Prepare brown rice + chana dal + turai sabzi as a portion controlled version with minimal salt and fresh herbs. Avoid pickle, papad, and salty chutneys.",30 mins yoga or brisk walking,Use minimal salt and avoid pickles or papad.
1161,Uttar Pradesh,High Bp,Lunch,Brown Rice + Matar Nimona + Bhindi Sabzi,360,14,60,5,12,Low,Low,Low,,"Brown rice, Green peas, Okra",Vegetarian,,Do not add salt; roast bhindi plain.,20 mins light cardio,"Peas are naturally sweet, masking lack of salt."
1162,Uttar Pradesh,High Bp,Lunch,Brown Rice + Moong Dal + Nenua Sabzi,320,12,56,4,9,Low,Low,Low,,"Brown rice, Green gram, Sponge gourd",Vegetarian,,Strictly no salt; use lemon juice.,20 mins light cardio,Moong dal is easily digestible and light on the heart.
1163,Uttar Pradesh,High Bp,Lunch,Brown Rice + Moong Dal + Nenua Sabzi (Broth Based),286,12,51,3,12,Medium,Low,Medium,,"Brown rice, Green gram, Sponge gourd",Vegetarian,,"Prepare brown rice + moong dal + nenua sabzi as a broth based version with minimal salt and fresh herbs. Avoid pickle, papad, and salty chutneys.",30 mins yoga or brisk walking,Use minimal salt and avoid pickles or papad.
1164,Uttar Pradesh,High Bp,Lunch,Jau Roti + Arhar Dal + Lauki Sabzi (Herbal),275,15,46,3,15,Low,Low,Low,Gluten,"Barley flour, Pigeon peas, Bottle gourd",Vegetarian,,"Prepare jau roti + arhar dal + lauki sabzi as a herbal version with minimal salt and fresh herbs. Avoid pickle, papad, and salty chutneys.",30 mins yoga or brisk walking,Use minimal salt and avoid pickles or papad. Contains gluten.
1165,Uttar Pradesh,High Bp,Lunch,Jau Roti + Chana Dal + Turai Sabzi (Herb Tossed),290,15,49,3,14,Low,Low,Low,Gluten,"Barley flour, Bengal gram, Ridge gourd",Vegetarian,,"Prepare jau roti + chana dal + turai sabzi as a herb tossed version with minimal salt and fresh herbs. Avoid pickle, papad, and salty chutneys.",30 mins yoga or brisk walking,Use minimal salt and avoid pickles or papad. Contains gluten.
1166,Uttar Pradesh,High Bp,Lunch,Jau Roti + Masoor Dal + Parwal Sabzi (No Pickle),282,15,47,3,14,Low,Low,Low,Gluten,"Barley flour, Red lentils, Pointed gourd",Vegetarian,,"Prepare jau roti + masoor dal + parwal sabzi as a no pickle version with minimal salt and fresh herbs. Avoid pickle, papad, and salty chutneys.",30 mins yoga or brisk walking,Use minimal salt and avoid pickles or papad. Contains gluten.
1167,Uttar Pradesh,High Bp,Lunch,Jau Roti + Moong Dal + Kundru Sabzi (Low Salt),266,14,47,2,13,Low,Low,Low,Gluten,"Barley flour, Green gram, Ivy gourd",Vegetarian,,"Prepare jau roti + moong dal + kundru sabzi as a low salt version with minimal salt and fresh herbs. Avoid pickle, papad, and salty chutneys.",30 mins yoga or brisk walking,Use minimal salt and avoid pickles or papad. Contains gluten.
1168,Uttar Pradesh,High Bp,Lunch,Missi Roti + Chana Dal + Karela Sabzi (Lemon),291,16,44,7,16,Low,Low,Low,Gluten,"Wheat flour, Gram flour, Bengal gram, Bitter gourd",Vegetarian,,"Prepare missi roti + chana dal + karela sabzi as a lemon version with minimal salt and fresh herbs. Avoid pickle, papad, and salty chutneys.",30 mins yoga or brisk walking,Use minimal salt and avoid pickles or papad. Contains gluten.
1169,Uttar Pradesh,High Bp,Lunch,Missi Roti + Moong Dal + Lauki Sabzi (Plain),284,16,44,4,13,Low,Low,Low,Gluten,"Wheat flour, Gram flour, Green gram, Bottle gourd",Vegetarian,,"Prepare missi roti + moong dal + lauki sabzi as a plain version with minimal salt and fresh herbs. Avoid pickle, papad, and salty chutneys.",30 mins yoga or brisk walking,Use minimal salt and avoid pickles or papad. Contains gluten.
1170,Uttar Pradesh,High Bp,Lunch,Missi Roti + Urad Dal + Turai Sabzi (Cumin),293,16,46,4,15,Low,Low,Low,Gluten,"Wheat flour, Gram flour, Black gram, Ridge gourd",Vegetarian,,"Prepare missi roti + urad dal + turai sabzi as a cumin version with minimal salt and fresh herbs. Avoid pickle, papad, and salty chutneys.",30 mins yoga or brisk walking,Use minimal salt and avoid pickles or papad. Contains gluten.
1171,Uttar Pradesh,High Bp,Lunch,Phulka + Arhar Dal + Lauki Sabzi (No Salt),300,14,52,4,10,Low,Low,Low,Gluten,"Wheat flour, Pigeon peas, Bottle gourd",Vegetarian,,Do not add salt; lauki is excellent for hypertension.,20 mins light cardio,Lauki provides hydration and potassium.
1172,Uttar Pradesh,High Bp,Lunch,Phulka + Arhar Dal + Lauki Sabzi (No Salt),259,14,46,3,12,Low,Low,Low,Gluten,"Wheat flour, Pigeon peas, Bottle gourd",Vegetarian,,"Prepare phulka + arhar dal + lauki sabzi as a no salt version with minimal salt and fresh herbs. Avoid pickle, papad, and salty chutneys.",30 mins yoga or brisk walking,Use minimal salt and avoid pickles or papad. Contains gluten.
1173,Uttar Pradesh,High Bp,Lunch,Phulka + Arhar Dal + Nenua Sabzi (Low Oil),274,14,48,3,11,Low,Low,Low,Gluten,"Wheat flour, Pigeon peas, Sponge gourd",Vegetarian,,"Prepare phulka + arhar dal + nenua sabzi as a low oil version with minimal salt and fresh herbs. Avoid pickle, papad, and salty chutneys.",30 mins yoga or brisk walking,Use minimal salt and avoid pickles or papad. Contains gluten.
1174,Uttar Pradesh,High Bp,Lunch,Phulka + Masoor Dal + Turai Sabzi,310,14,54,4,10,Low,Low,Low,Gluten,"Wheat flour, Red lentils, Ridge gourd",Vegetarian,,Do not add salt; Turai adds natural moisture.,20 mins light cardio,Red lentils are low in fat and sodium.
1175,Uttar Pradesh,High Bp,Lunch,Phulka + Masoor Dal + Turai Sabzi (Fresh),269,14,48,3,12,Low,Low,Low,Gluten,"Wheat flour, Red lentils, Ridge gourd",Vegetarian,,"Prepare phulka + masoor dal + turai sabzi as a fresh version with minimal salt and fresh herbs. Avoid pickle, papad, and salty chutneys.",30 mins yoga or brisk walking,Use minimal salt and avoid pickles or papad. Contains gluten.
1176,Uttar Pradesh,High Bp,Lunch,Phulka + Moong Dal + Kundru Sabzi,310,13,54,4,9,Low,Low,Low,Gluten,"Wheat flour, Green gram, Ivy gourd",Vegetarian,,Cook Kundru without salt.,20 mins light cardio,Kundru provides essential trace minerals.
1177,Uttar Pradesh,High Bp,Lunch,Phulka + Moong Dal + Kundru Sabzi (Potassium Rich),265,13,47,3,10,Low,Low,Low,Gluten,"Wheat flour, Green gram, Ivy gourd",Vegetarian,,"Prepare phulka + moong dal + kundru sabzi as a potassium rich version with minimal salt and fresh herbs. Avoid pickle, papad, and salty chutneys.",30 mins yoga or brisk walking,Use minimal salt and avoid pickles or papad. Contains gluten.
1178,Uttar Pradesh,High Bp,Lunch,Phulka + Moong Dal + Lauki Sabzi (Steamed),267,14,48,2,12,Low,Low,Low,Gluten,"Wheat flour, Green gram, Bottle gourd",Vegetarian,,"Prepare phulka + moong dal + lauki sabzi as a steamed version with minimal salt and fresh herbs. Avoid pickle, papad, and salty chutneys.",30 mins yoga or brisk walking,Use minimal salt and avoid pickles or papad. Contains gluten.
1179,Uttar Pradesh,High Bp,Lunch,Phulka + Urad Dal + Kathal Sabzi,350,15,58,5,11,Low,Low,Low,Gluten,"Wheat flour, Black gram, Jackfruit",Vegetarian,,Boil kathal to avoid frying; zero salt.,20 mins light cardio,Jackfruit provides potassium.
1180,Uttar Pradesh,High Bp,Lunch,Chicken Tikka (Portion Controlled),191,26,5,8,1,Medium,Low,Medium,,"Chicken, yoghurt, spices, lemon",Non-Vegetarian,Chicken,"Prepare chicken tikka as a portion controlled version with minimal salt and fresh herbs. Avoid pickle, papad, and salty chutneys.",30 mins yoga or brisk walking,Use minimal salt and avoid pickles or papad.
1181,Uttar Pradesh,High Bp,Lunch,Fish Curry (Banarasi Style) (Low Salt),222,20,9,10,1,Low,Low,Low,,"Fish, mustard, tomato, spices",Non-Vegetarian,Fish,"Prepare fish curry (banarasi style) as a low salt version with minimal salt and fresh herbs. Avoid pickle, papad, and salty chutneys.",30 mins yoga or brisk walking,Use minimal salt and avoid pickles or papad.
1182,Uttar Pradesh,High Bp,Lunch,Fish Tikka (Broth Based),171,22,5,7,1,Medium,Low,Medium,,"Fish, spices, lemon, herbs",Non-Vegetarian,Fish,"Prepare fish tikka as a broth based version with minimal salt and fresh herbs. Avoid pickle, papad, and salty chutneys.",30 mins yoga or brisk walking,Use minimal salt and avoid pickles or papad.
1183,Uttar Pradesh,High Bp,Lunch,Keema Matar (Steamed),275,24,12,15,1,Low,Low,Low,,"Minced meat, peas, onion, spices",Non-Vegetarian,Mutton,"Prepare keema matar as a steamed version with minimal salt and fresh herbs. Avoid pickle, papad, and salty chutneys.",30 mins yoga or brisk walking,Use minimal salt and avoid pickles or papad.
1184,Uttar Pradesh,High Bp,Lunch,Rice + Anda Curry + Nenua Sabzi (Low Oil),598,30,74,20,8,Low,Low,Low,Egg,"Rice, Eggs, Sponge gourd, Oil",Non-Vegetarian,Mutton,"Prepare rice + anda curry + nenua sabzi as a low oil version with minimal salt and fresh herbs. Avoid pickle, papad, and salty chutneys.",30 mins yoga or brisk walking,Use minimal salt and avoid pickles or papad. Contains egg.
1185,Uttar Pradesh,High Bp,Lunch,Rice + Chicken Curry + Parwal Aloo (Plain),667,43,74,24,9,Low,Low,Low,,"White rice, Chicken, Pointed gourd, Potato",Non-Vegetarian,Chicken,"Prepare rice + chicken curry + parwal aloo as a plain version with minimal salt and fresh herbs. Avoid pickle, papad, and salty chutneys.",30 mins yoga or brisk walking,Use minimal salt and avoid pickles or papad.
1186,Uttar Pradesh,High Bp,Lunch,Rice + Chicken Salan + Dal + Aloo Sabzi (Lemon),731,59,84,21,9,Low,Low,Low,,"Rice, Chicken, Lentils, Potato",Non-Vegetarian,Chicken,"Prepare rice + chicken salan + dal + aloo sabzi as a lemon version with minimal salt and fresh herbs. Avoid pickle, papad, and salty chutneys.",30 mins yoga or brisk walking,Use minimal salt and avoid pickles or papad.
1187,Uttar Pradesh,High Bp,Lunch,Rice + Mutton Bhuna + Kathal Sabzi (Light),763,51,79,31,14,Medium,Low,Medium,,"Rice, Mutton, Jackfruit",Non-Vegetarian,Mutton,"Prepare rice + mutton bhuna + kathal sabzi as a light version with minimal salt and fresh herbs. Avoid pickle, papad, and salty chutneys.",30 mins yoga or brisk walking,Use minimal salt and avoid pickles or papad.
1188,Uttar Pradesh,High Bp,Lunch,Roti + Anda Curry + Palak Sabzi (No Pickle),645,41,72,21,13,Low,Low,Low,"Gluten, Egg","Wheat flour, Eggs, Spinach",Non-Vegetarian,Mutton,"Prepare roti + anda curry + palak sabzi as a no pickle version with minimal salt and fresh herbs. Avoid pickle, papad, and salty chutneys.",30 mins yoga or brisk walking,"Use minimal salt and avoid pickles or papad. Contains gluten, egg."
1189,Uttar Pradesh,High Bp,Lunch,Roti + Keema Matar + Dal (Cumin),699,53,66,26,14,Low,Low,Low,Gluten,"Wheat flour, Minced meat, Green peas, Lentils",Non-Vegetarian,Mutton,"Prepare roti + keema matar + dal as a cumin version with minimal salt and fresh herbs. Avoid pickle, papad, and salty chutneys.",30 mins yoga or brisk walking,Use minimal salt and avoid pickles or papad. Contains gluten.
1190,Uttar Pradesh,High Bp,Lunch,Roti + Mutton Curry + Matar Nimona (Herb Tossed),750,53,70,31,14,Low,Low,Low,Gluten,"Wheat flour, Mutton, Green peas",Non-Vegetarian,Mutton,"Prepare roti + mutton curry + matar nimona as a herb tossed version with minimal salt and fresh herbs. Avoid pickle, papad, and salty chutneys.",30 mins yoga or brisk walking,Use minimal salt and avoid pickles or papad. Contains gluten.
1191,Uttar Pradesh,High Bp,Lunch,Seekh Kebab (Herbal),256,21,7,15,1,Low,Low,Low,,"Minced meat, onion, herbs, spices",Non-Vegetarian,Mutton,"Prepare seekh kebab as a herbal version with minimal salt and fresh herbs. Avoid pickle, papad, and salty chutneys.",30 mins yoga or brisk walking,Use minimal salt and avoid pickles or papad.
1192,Uttar Pradesh,High Bp,Lunch,Tandoori Chicken (No Salt),223,29,6,10,1,Low,Low,Low,,"Chicken, yoghurt, spices, lemon",Non-Vegetarian,Chicken,"Prepare tandoori chicken as a no salt version with minimal salt and fresh herbs. Avoid pickle, papad, and salty chutneys.",30 mins yoga or brisk walking,Use minimal salt and avoid pickles or papad.
1193,Uttar Pradesh,High Bp,Lunch,Tandoori Fish (Unsalted),205,21,5,8,1,Medium,Low,High,,"Fish, yoghurt, spices, lemon",Non-Vegetarian,Fish,"Prepare tandoori fish as a unsalted version with minimal salt and fresh herbs. Avoid pickle, papad, and salty chutneys.",30 mins yoga or brisk walking,Use minimal salt and avoid pickles or papad.
1194,Uttar Pradesh,High Bp,Lunch,Tunday Kababi (Fresh),307,23,16,15,2,Low,Low,Low,,"Minced mutton, green chilli, garam masala, onion",Non-Vegetarian,Mutton,"Prepare tunday kababi as a fresh version with minimal salt and fresh herbs. Avoid pickle, papad, and salty chutneys.",30 mins yoga or brisk walking,Use minimal salt and avoid pickles or papad.
1195,Uttar Pradesh,High Bp,Lunch,Yakhni Pulao (Potassium Rich),410,20,49,13,1,Low,Low,Low,,"Rice, yakhni broth, meat, whole spices",Non-Vegetarian,Mutton,"Prepare yakhni pulao as a potassium rich version with minimal salt and fresh herbs. Avoid pickle, papad, and salty chutneys.",30 mins yoga or brisk walking,Use minimal salt and avoid pickles or papad.
1196,Uttar Pradesh,High Bp,Lunch,Brown Rice + Arhar Dal + Nenua Sabzi (Unsalted),284,13,51,3,10,Medium,Low,High,,"Brown rice, Pigeon peas, Sponge gourd",Vegan,,"Prepare brown rice + arhar dal + nenua sabzi as a unsalted version with minimal salt and fresh herbs. Avoid pickle, papad, and salty chutneys.",30 mins yoga or brisk walking,Use minimal salt and avoid pickles or papad.
1197,Uttar Pradesh,High Bp,Lunch,Brown Rice + Chana Dal + Parwal Sabzi (Light),294,14,51,3,14,Medium,Low,Medium,,"Brown rice, Bengal gram, Pointed gourd",Vegan,,"Prepare brown rice + chana dal + parwal sabzi as a light version with minimal salt and fresh herbs. Avoid pickle, papad, and salty chutneys.",30 mins yoga or brisk walking,Use minimal salt and avoid pickles or papad.
1198,Uttar Pradesh,High Bp,Lunch,Brown Rice + Chana Dal + Turai Sabzi (Portion Controlled),291,14,51,2,13,Medium,Low,Medium,,"Brown rice, Bengal gram, Ridge gourd",Vegan,,"Prepare brown rice + chana dal + turai sabzi as a portion controlled version with minimal salt and fresh herbs. Avoid pickle, papad, and salty chutneys.",30 mins yoga or brisk walking,Use minimal salt and avoid pickles or papad.
1199,Uttar Pradesh,High Bp,Lunch,Brown Rice + Moong Dal + Nenua Sabzi (Broth Based),286,12,51,3,12,Medium,Low,Medium,,"Brown rice, Green gram, Sponge gourd",Vegan,,"Prepare brown rice + moong dal + nenua sabzi as a broth based version with minimal salt and fresh herbs. Avoid pickle, papad, and salty chutneys.",30 mins yoga or brisk walking,Use minimal salt and avoid pickles or papad.
1200,Uttar Pradesh,High Bp,Lunch,Jau Roti + Arhar Dal + Lauki Sabzi (Herbal),275,15,46,3,15,Low,Low,Low,Gluten,"Barley flour, Pigeon peas, Bottle gourd",Vegan,,"Prepare jau roti + arhar dal + lauki sabzi as a herbal version with minimal salt and fresh herbs. Avoid pickle, papad, and salty chutneys.",30 mins yoga or brisk walking,Use minimal salt and avoid pickles or papad. Contains gluten.
1201,Uttar Pradesh,High Bp,Lunch,Jau Roti + Chana Dal + Turai Sabzi (Herb Tossed),290,15,49,3,14,Low,Low,Low,Gluten,"Barley flour, Bengal gram, Ridge gourd",Vegan,,"Prepare jau roti + chana dal + turai sabzi as a herb tossed version with minimal salt and fresh herbs. Avoid pickle, papad, and salty chutneys.",30 mins yoga or brisk walking,Use minimal salt and avoid pickles or papad. Contains gluten.
1202,Uttar Pradesh,High Bp,Lunch,Jau Roti + Masoor Dal + Parwal Sabzi (No Pickle),282,15,47,3,14,Low,Low,Low,Gluten,"Barley flour, Red lentils, Pointed gourd",Vegan,,"Prepare jau roti + masoor dal + parwal sabzi as a no pickle version with minimal salt and fresh herbs. Avoid pickle, papad, and salty chutneys.",30 mins yoga or brisk walking,Use minimal salt and avoid pickles or papad. Contains gluten.
1203,Uttar Pradesh,High Bp,Lunch,Jau Roti + Moong Dal + Kundru Sabzi (Low Salt),266,14,47,2,13,Low,Low,Low,Gluten,"Barley flour, Green gram, Ivy gourd",Vegan,,"Prepare jau roti + moong dal + kundru sabzi as a low salt version with minimal salt and fresh herbs. Avoid pickle, papad, and salty chutneys.",30 mins yoga or brisk walking,Use minimal salt and avoid pickles or papad. Contains gluten.
1204,Uttar Pradesh,High Bp,Lunch,Missi Roti + Chana Dal + Karela Sabzi (Lemon),291,16,44,7,16,Low,Low,Low,Gluten,"Wheat flour, Gram flour, Bengal gram, Bitter gourd",Vegan,,"Prepare missi roti + chana dal + karela sabzi as a lemon version with minimal salt and fresh herbs. Avoid pickle, papad, and salty chutneys.",30 mins yoga or brisk walking,Use minimal salt and avoid pickles or papad. Contains gluten.
1205,Uttar Pradesh,High Bp,Lunch,Missi Roti + Moong Dal + Lauki Sabzi (Plain),284,16,44,4,13,Low,Low,Low,Gluten,"Wheat flour, Gram flour, Green gram, Bottle gourd",Vegan,,"Prepare missi roti + moong dal + lauki sabzi as a plain version with minimal salt and fresh herbs. Avoid pickle, papad, and salty chutneys.",30 mins yoga or brisk walking,Use minimal salt and avoid pickles or papad. Contains gluten.
1206,Uttar Pradesh,High Bp,Lunch,Missi Roti + Urad Dal + Turai Sabzi (Cumin),293,16,46,4,15,Low,Low,Low,Gluten,"Wheat flour, Gram flour, Black gram, Ridge gourd",Vegan,,"Prepare missi roti + urad dal + turai sabzi as a cumin version with minimal salt and fresh herbs. Avoid pickle, papad, and salty chutneys.",30 mins yoga or brisk walking,Use minimal salt and avoid pickles or papad. Contains gluten.
1207,Uttar Pradesh,High Bp,Lunch,Phulka + Arhar Dal + Lauki Sabzi (No Salt),259,14,46,3,12,Low,Low,Low,Gluten,"Wheat flour, Pigeon peas, Bottle gourd",Vegan,,"Prepare phulka + arhar dal + lauki sabzi as a no salt version with minimal salt and fresh herbs. Avoid pickle, papad, and salty chutneys.",30 mins yoga or brisk walking,Use minimal salt and avoid pickles or papad. Contains gluten.
1208,Uttar Pradesh,High Bp,Lunch,Phulka + Arhar Dal + Nenua Sabzi (Low Oil),274,14,48,3,11,Low,Low,Low,Gluten,"Wheat flour, Pigeon peas, Sponge gourd",Vegan,,"Prepare phulka + arhar dal + nenua sabzi as a low oil version with minimal salt and fresh herbs. Avoid pickle, papad, and salty chutneys.",30 mins yoga or brisk walking,Use minimal salt and avoid pickles or papad. Contains gluten.
1209,Uttar Pradesh,High Bp,Lunch,Phulka + Masoor Dal + Turai Sabzi (Fresh),269,14,48,3,12,Low,Low,Low,Gluten,"Wheat flour, Red lentils, Ridge gourd",Vegan,,"Prepare phulka + masoor dal + turai sabzi as a fresh version with minimal salt and fresh herbs. Avoid pickle, papad, and salty chutneys.",30 mins yoga or brisk walking,Use minimal salt and avoid pickles or papad. Contains gluten.
1210,Uttar Pradesh,High Bp,Lunch,Phulka + Moong Dal + Kundru Sabzi (Potassium Rich),265,13,47,3,10,Low,Low,Low,Gluten,"Wheat flour, Green gram, Ivy gourd",Vegan,,"Prepare phulka + moong dal + kundru sabzi as a potassium rich version with minimal salt and fresh herbs. Avoid pickle, papad, and salty chutneys.",30 mins yoga or brisk walking,Use minimal salt and avoid pickles or papad. Contains gluten.
1211,Uttar Pradesh,High Bp,Lunch,Phulka + Moong Dal + Lauki Sabzi (Steamed),267,14,48,2,12,Low,Low,Low,Gluten,"Wheat flour, Green gram, Bottle gourd",Vegan,,"Prepare phulka + moong dal + lauki sabzi as a steamed version with minimal salt and fresh herbs. Avoid pickle, papad, and salty chutneys.",30 mins yoga or brisk walking,Use minimal salt and avoid pickles or papad. Contains gluten.
1212,Uttar Pradesh,High Bp,Snack,Basket Chaat (Herb Tossed),163,7,30,8,7,Low,Low,Low,Dairy,"Potato basket, chana, curd, chutneys, sev",Vegetarian,,"Prepare basket chaat as a herb tossed version with minimal salt and fresh herbs. Avoid pickle, papad, and salty chutneys.",30 mins yoga or brisk walking,Use minimal salt and avoid pickles or papad. Contains dairy.
1213,Uttar Pradesh,High Bp,Snack,Bhuna Chana (Steamed),84,7,18,2,7,Low,Low,Low,,Roasted Bengal gram,Vegetarian,,"Prepare bhuna chana as a steamed version with minimal salt and fresh herbs. Avoid pickle, papad, and salty chutneys.",30 mins yoga or brisk walking,Use minimal salt and avoid pickles or papad.
1214,Uttar Pradesh,High Bp,Snack,Boiled Kala Chana (Potassium Rich),91,8,20,2,8,Low,Low,Low,,"Black gram, Onion, Lemon",Vegetarian,,"Prepare boiled kala chana as a potassium rich version with minimal salt and fresh herbs. Avoid pickle, papad, and salty chutneys.",30 mins yoga or brisk walking,Use minimal salt and avoid pickles or papad.
1215,Uttar Pradesh,High Bp,Snack,Boiled Sweet Potato,120,2,28,0,4,Low,Low,Low,,Sweet potato,Vegetarian,,Boil and eat plain.,10 mins relaxation,High potassium counteracts sodium.
1216,Uttar Pradesh,High Bp,Snack,Cucumber Sticks,40,1,8,0,2,Low,Low,Low,,Cucumber,Vegetarian,,Eat raw without salt.,10 mins relaxation,Natural diuretic.
1217,Uttar Pradesh,High Bp,Snack,Dehati Rasgulla (Unsalted),168,6,32,6,0,Medium,Low,High,,"Chhena, sugar syrup, cardamom",Vegetarian,,"Prepare dehati rasgulla as a unsalted version with minimal salt and fresh herbs. Avoid pickle, papad, and salty chutneys.",30 mins yoga or brisk walking,Use minimal salt and avoid pickles or papad.
1218,Uttar Pradesh,High Bp,Snack,Fresh Papaya,90,1,22,0,4,Medium,Low,Low,,Papaya,Vegetarian,,Eat plain papaya without any black salt.,10 mins relaxation,High potassium fruit.
1219,Uttar Pradesh,High Bp,Snack,Ghughni (Dried Yellow Peas) with Oil (Portion Controlled),192,14,35,7,9,Medium,Low,Medium,,"Yellow peas, Mustard oil",Vegetarian,,"Prepare ghughni (dried yellow peas) with oil as a portion controlled version with minimal salt and fresh herbs. Avoid pickle, papad, and salty chutneys.",30 mins yoga or brisk walking,Use minimal salt and avoid pickles or papad.
1220,Uttar Pradesh,High Bp,Snack,Guava (Unsalted),80,1,18,0,5,Low,Low,Low,,Guava,Vegetarian,,Do not use chaat masala or salt.,10 mins relaxation,Vitamin C improves endothelial function.
1221,Uttar Pradesh,High Bp,Snack,Guava with Black Pepper (No Salt),70,1,16,0,6,Low,Low,Low,,"Guava, Black pepper",Vegetarian,,"Prepare guava with black pepper as a no salt version with minimal salt and fresh herbs. Avoid pickle, papad, and salty chutneys.",30 mins yoga or brisk walking,Use minimal salt and avoid pickles or papad.
1222,Uttar Pradesh,High Bp,Snack,Kheer (Broth Based),155,7,30,7,1,Medium,Low,Medium,Dairy,"Milk, rice, sugar, cardamom",Vegetarian,,"Prepare kheer as a broth based version with minimal salt and fresh herbs. Avoid pickle, papad, and salty chutneys.",30 mins yoga or brisk walking,Use minimal salt and avoid pickles or papad. Contains dairy.
1223,Uttar Pradesh,High Bp,Snack,Peda (Lemon),116,6,19,6,0,Low,Low,Low,Dairy,"Milk solids, sugar, cardamom",Vegetarian,,"Prepare peda as a lemon version with minimal salt and fresh herbs. Avoid pickle, papad, and salty chutneys.",30 mins yoga or brisk walking,Use minimal salt and avoid pickles or papad. Contains dairy.
1224,Uttar Pradesh,High Bp,Snack,Roasted Chana (Fresh),77,6,17,2,7,Low,Low,Low,,Bengal gram,Vegetarian,,"Prepare roasted chana as a fresh version with minimal salt and fresh herbs. Avoid pickle, papad, and salty chutneys.",30 mins yoga or brisk walking,Use minimal salt and avoid pickles or papad.
1225,Uttar Pradesh,High Bp,Snack,Roasted Chana (Unsalted),120,6,20,2,6,Low,Low,Low,,Bengal gram,Vegetarian,,Eat dry roasted chana without salt.,10 mins relaxation,Good for blood vessels.
1226,Uttar Pradesh,High Bp,Snack,Roasted Chana + Peanuts (No Pickle),103,8,16,5,6,Low,Low,Low,Nuts,"Bengal gram, Peanuts",Vegetarian,,"Prepare roasted chana + peanuts as a no pickle version with minimal salt and fresh herbs. Avoid pickle, papad, and salty chutneys.",30 mins yoga or brisk walking,Use minimal salt and avoid pickles or papad. Contains nuts.
1227,Uttar Pradesh,High Bp,Snack,Roasted Makhana (Low Salt),71,3,13,3,3,Low,Low,Low,Nuts,Fox nuts,Vegetarian,,"Prepare roasted makhana as a low salt version with minimal salt and fresh herbs. Avoid pickle, papad, and salty chutneys.",30 mins yoga or brisk walking,Use minimal salt and avoid pickles or papad. Contains nuts.
1228,Uttar Pradesh,High Bp,Snack,Roasted Peanuts (Cumin),104,7,5,12,2,Low,Low,Low,Nuts,Peanuts,Vegetarian,,"Prepare roasted peanuts as a cumin version with minimal salt and fresh herbs. Avoid pickle, papad, and salty chutneys.",30 mins yoga or brisk walking,Use minimal salt and avoid pickles or papad. Contains nuts.
1229,Uttar Pradesh,High Bp,Snack,Sattu Sherbet (Low Oil),97,8,22,1,5,Low,Low,Low,Gluten,"Roasted gram flour, Cumin, Lemon",Vegetarian,,"Prepare sattu sherbet as a low oil version with minimal salt and fresh herbs. Avoid pickle, papad, and salty chutneys.",30 mins yoga or brisk walking,Use minimal salt and avoid pickles or papad. Contains gluten.
1230,Uttar Pradesh,High Bp,Snack,Soan Papdi (Light),143,4,25,9,1,Medium,Low,Medium,"Gluten, Dairy","Gram flour, ghee, sugar, cardamom",Vegetarian,,"Prepare soan papdi as a light version with minimal salt and fresh herbs. Avoid pickle, papad, and salty chutneys.",30 mins yoga or brisk walking,"Use minimal salt and avoid pickles or papad. Contains gluten, dairy."
1231,Uttar Pradesh,High Bp,Snack,Unsalted Makhana,100,3,15,3,3,Low,Low,Low,,Fox nuts,Vegetarian,,Dry roast without salt.,10 mins relaxation,Contains magnesium which helps BP.
1232,Uttar Pradesh,High Bp,Snack,Unsalted Makhana (Herbal),70,3,13,2,3,Low,Low,Low,Nuts,Fox nuts,Vegetarian,,"Prepare unsalted makhana as a herbal version with minimal salt and fresh herbs. Avoid pickle, papad, and salty chutneys.",30 mins yoga or brisk walking,Use minimal salt and avoid pickles or papad. Contains nuts.
1233,Uttar Pradesh,High Bp,Snack,Unsalted Peanuts,150,6,5,13,2,Low,Low,Low,Peanut,Peanuts,Vegetarian,,Eat a very small handful of raw/unsalted peanuts.,10 mins relaxation,Contains arginine which opens blood vessels.
1234,Uttar Pradesh,High Bp,Snack,Unsalted Peanuts (Plain),97,6,5,11,2,Low,Low,Low,Nuts,Peanuts,Vegetarian,,"Prepare unsalted peanuts as a plain version with minimal salt and fresh herbs. Avoid pickle, papad, and salty chutneys.",30 mins yoga or brisk walking,Use minimal salt and avoid pickles or papad. Contains nuts.
1235,Uttar Pradesh,High Bp,Snack,Chicken Tikka (Low Salt),141,26,5,8,1,Low,Low,Low,,"Chicken, yoghurt, spices, lemon",Non-Vegetarian,Chicken,"Prepare chicken tikka as a low salt version with minimal salt and fresh herbs. Avoid pickle, papad, and salty chutneys.",30 mins yoga or brisk walking,Use minimal salt and avoid pickles or papad.
1236,Uttar Pradesh,High Bp,Snack,Chicken Yakhni (No Pickle),179,26,7,11,1,Low,Low,Low,,"Chicken, bone broth, ginger, cloves",Non-Vegetarian,Chicken,"Prepare chicken yakhni as a no pickle version with minimal salt and fresh herbs. Avoid pickle, papad, and salty chutneys.",30 mins yoga or brisk walking,Use minimal salt and avoid pickles or papad.
1237,Uttar Pradesh,High Bp,Snack,Fish Curry (Banarasi Style) (Potassium Rich),167,20,9,10,1,Low,Low,Low,,"Fish, mustard, tomato, spices",Non-Vegetarian,Fish,"Prepare fish curry (banarasi style) as a potassium rich version with minimal salt and fresh herbs. Avoid pickle, papad, and salty chutneys.",30 mins yoga or brisk walking,Use minimal salt and avoid pickles or papad.
1238,Uttar Pradesh,High Bp,Snack,Fish Tikka (No Salt),129,22,5,7,1,Low,Low,Low,,"Fish, spices, lemon, herbs",Non-Vegetarian,Fish,"Prepare fish tikka as a no salt version with minimal salt and fresh herbs. Avoid pickle, papad, and salty chutneys.",30 mins yoga or brisk walking,Use minimal salt and avoid pickles or papad.
1239,Uttar Pradesh,High Bp,Snack,Galouti Kebab (Lemon),221,23,9,18,1,Low,Low,Low,,"Minced mutton, papaya paste, aromatic spices",Non-Vegetarian,Mutton,"Prepare galouti kebab as a lemon version with minimal salt and fresh herbs. Avoid pickle, papad, and salty chutneys.",30 mins yoga or brisk walking,Use minimal salt and avoid pickles or papad.
1240,Uttar Pradesh,High Bp,Snack,Kakori Kebab (Light),231,21,7,20,1,Medium,Low,Medium,Nuts,"Minced mutton, cashew, cream, spices",Non-Vegetarian,Mutton,"Prepare kakori kebab as a light version with minimal salt and fresh herbs. Avoid pickle, papad, and salty chutneys.",30 mins yoga or brisk walking,Use minimal salt and avoid pickles or papad. Contains nuts.
1241,Uttar Pradesh,High Bp,Snack,Keema Kulcha (Portion Controlled),292,23,37,16,2,Medium,Low,Medium,Gluten,"Keema, wheat kulcha, onion, spices",Non-Vegetarian,Mutton,"Prepare keema kulcha as a portion controlled version with minimal salt and fresh herbs. Avoid pickle, papad, and salty chutneys.",30 mins yoga or brisk walking,Use minimal salt and avoid pickles or papad. Contains gluten.
1242,Uttar Pradesh,High Bp,Snack,Keema Matar (Cumin),205,23,12,15,1,Low,Low,Low,,"Minced meat, peas, onion, spices",Non-Vegetarian,Mutton,"Prepare keema matar as a cumin version with minimal salt and fresh herbs. Avoid pickle, papad, and salty chutneys.",30 mins yoga or brisk walking,Use minimal salt and avoid pickles or papad.
1243,Uttar Pradesh,High Bp,Snack,Kulche-Nahari (Unsalted),295,23,30,20,2,Medium,Low,High,Gluten,"Wheat kulcha, nihari gravy, ginger, onion",Non-Vegetarian,Mutton,"Prepare kulche-nahari as a unsalted version with minimal salt and fresh herbs. Avoid pickle, papad, and salty chutneys.",30 mins yoga or brisk walking,Use minimal salt and avoid pickles or papad. Contains gluten.
1244,Uttar Pradesh,High Bp,Snack,Mutton Yakhni (Broth Based),246,25,9,18,1,Medium,Low,Medium,,"Mutton, bone broth, ginger, whole spices",Non-Vegetarian,Mutton,"Prepare mutton yakhni as a broth based version with minimal salt and fresh herbs. Avoid pickle, papad, and salty chutneys.",30 mins yoga or brisk walking,Use minimal salt and avoid pickles or papad.
1245,Uttar Pradesh,High Bp,Snack,Rohu Fish Curry (Steamed),160,19,9,9,1,Low,Low,Low,,"Rohu fish, tomato, mustard, spices",Non-Vegetarian,Fish,"Prepare rohu fish curry as a steamed version with minimal salt and fresh herbs. Avoid pickle, papad, and salty chutneys.",30 mins yoga or brisk walking,Use minimal salt and avoid pickles or papad.
1246,Uttar Pradesh,High Bp,Snack,Seekh Kebab (Plain),195,22,7,15,1,Low,Low,Low,,"Minced meat, onion, herbs, spices",Non-Vegetarian,Mutton,"Prepare seekh kebab as a plain version with minimal salt and fresh herbs. Avoid pickle, papad, and salty chutneys.",30 mins yoga or brisk walking,Use minimal salt and avoid pickles or papad.
1247,Uttar Pradesh,High Bp,Snack,Shami Kebab (Low Oil),180,19,11,11,2,Low,Low,Low,Egg,"Minced meat, chana dal, spices, egg",Non-Vegetarian,Mutton,"Prepare shami kebab as a low oil version with minimal salt and fresh herbs. Avoid pickle, papad, and salty chutneys.",30 mins yoga or brisk walking,Use minimal salt and avoid pickles or papad. Contains egg.
1248,Uttar Pradesh,High Bp,Snack,Tandoori Chicken (Fresh),168,29,6,10,1,Low,Low,Low,,"Chicken, yoghurt, spices, lemon",Non-Vegetarian,Chicken,"Prepare tandoori chicken as a fresh version with minimal salt and fresh herbs. Avoid pickle, papad, and salty chutneys.",30 mins yoga or brisk walking,Use minimal salt and avoid pickles or papad.
1249,Uttar Pradesh,High Bp,Snack,Tandoori Fish (Herbal),155,21,5,8,1,Low,Low,Low,,"Fish, yoghurt, spices, lemon",Non-Vegetarian,Fish,"Prepare tandoori fish as a herbal version with minimal salt and fresh herbs. Avoid pickle, papad, and salty chutneys.",30 mins yoga or brisk walking,Use minimal salt and avoid pickles or papad.
1250,Uttar Pradesh,High Bp,Snack,Tunday Kababi (Herb Tossed),230,23,16,15,2,Low,Low,Low,,"Minced mutton, green chilli, garam masala, onion",Non-Vegetarian,Mutton,"Prepare tunday kababi as a herb tossed version with minimal salt and fresh herbs. Avoid pickle, papad, and salty chutneys.",30 mins yoga or brisk walking,Use minimal salt and avoid pickles or papad.
1251,Uttar Pradesh,High Bp,Snack,Bhuna Chana (Steamed),84,7,18,2,7,Low,Low,Low,,Roasted Bengal gram,Vegan,,"Prepare bhuna chana as a steamed version with minimal salt and fresh herbs. Avoid pickle, papad, and salty chutneys.",30 mins yoga or brisk walking,Use minimal salt and avoid pickles or papad.
1252,Uttar Pradesh,High Bp,Snack,Boiled Kala Chana (Potassium Rich),91,8,20,2,8,Low,Low,Low,,"Black gram, Onion, Lemon",Vegan,,"Prepare boiled kala chana as a potassium rich version with minimal salt and fresh herbs. Avoid pickle, papad, and salty chutneys.",30 mins yoga or brisk walking,Use minimal salt and avoid pickles or papad.
1253,Uttar Pradesh,High Bp,Snack,Boiled Kala Chana + Peanuts (Broth Based),246,20,40,12,14,Medium,Low,Medium,Nuts,"Black gram, Peanuts, Onion",Vegan,,"Prepare boiled kala chana + peanuts as a broth based version with minimal salt and fresh herbs. Avoid pickle, papad, and salty chutneys.",30 mins yoga or brisk walking,Use minimal salt and avoid pickles or papad. Contains nuts.
1254,Uttar Pradesh,High Bp,Snack,Choora (Roasted Poha) + Peanuts (Light),208,8,40,10,3,Medium,Low,Medium,Nuts,"Flattened rice, Peanuts, Oil",Vegan,,"Prepare choora (roasted poha) + peanuts as a light version with minimal salt and fresh herbs. Avoid pickle, papad, and salty chutneys.",30 mins yoga or brisk walking,Use minimal salt and avoid pickles or papad. Contains nuts.
1255,Uttar Pradesh,High Bp,Snack,Dehati Rasgulla (Herb Tossed),167,6,32,6,0,Low,Low,Low,,"Chhena, sugar syrup, cardamom",Vegan,,"Prepare dehati rasgulla as a herb tossed version with minimal salt and fresh herbs. Avoid pickle, papad, and salty chutneys.",30 mins yoga or brisk walking,Use minimal salt and avoid pickles or papad.
1256,Uttar Pradesh,High Bp,Snack,Ghughni (Dried Yellow Peas) with Oil (Lemon),192,14,35,7,9,Low,Low,Low,,"Yellow peas, Mustard oil",Vegan,,"Prepare ghughni (dried yellow peas) with oil as a lemon version with minimal salt and fresh herbs. Avoid pickle, papad, and salty chutneys.",30 mins yoga or brisk walking,Use minimal salt and avoid pickles or papad.
1257,Uttar Pradesh,High Bp,Snack,Guava with Black Pepper (No Salt),70,1,16,0,6,Low,Low,Low,,"Guava, Black pepper",Vegan,,"Prepare guava with black pepper as a no salt version with minimal salt and fresh herbs. Avoid pickle, papad, and salty chutneys.",30 mins yoga or brisk walking,Use minimal salt and avoid pickles or papad.
1258,Uttar Pradesh,High Bp,Snack,Roasted Chana (Fresh),77,6,17,2,7,Low,Low,Low,,Bengal gram,Vegan,,"Prepare roasted chana as a fresh version with minimal salt and fresh herbs. Avoid pickle, papad, and salty chutneys.",30 mins yoga or brisk walking,Use minimal salt and avoid pickles or papad.
1259,Uttar Pradesh,High Bp,Snack,Roasted Chana + Peanuts (No Pickle),103,8,16,5,6,Low,Low,Low,Nuts,"Bengal gram, Peanuts",Vegan,,"Prepare roasted chana + peanuts as a no pickle version with minimal salt and fresh herbs. Avoid pickle, papad, and salty chutneys.",30 mins yoga or brisk walking,Use minimal salt and avoid pickles or papad. Contains nuts.
1260,Uttar Pradesh,High Bp,Snack,Roasted Makhana (Low Salt),71,3,13,3,3,Low,Low,Low,Nuts,Fox nuts,Vegan,,"Prepare roasted makhana as a low salt version with minimal salt and fresh herbs. Avoid pickle, papad, and salty chutneys.",30 mins yoga or brisk walking,Use minimal salt and avoid pickles or papad. Contains nuts.
1261,Uttar Pradesh,High Bp,Snack,Roasted Peanuts (Cumin),104,7,5,12,2,Low,Low,Low,Nuts,Peanuts,Vegan,,"Prepare roasted peanuts as a cumin version with minimal salt and fresh herbs. Avoid pickle, papad, and salty chutneys.",30 mins yoga or brisk walking,Use minimal salt and avoid pickles or papad. Contains nuts.
1262,Uttar Pradesh,High Bp,Snack,Roasted Peanuts + Jaggery (Portion Controlled),226,12,31,15,5,Medium,Low,Medium,Nuts,"Peanuts, Jaggery",Vegan,,"Prepare roasted peanuts + jaggery as a portion controlled version with minimal salt and fresh herbs. Avoid pickle, papad, and salty chutneys.",30 mins yoga or brisk walking,Use minimal salt and avoid pickles or papad. Contains nuts.
1263,Uttar Pradesh,High Bp,Snack,Samosa with Chutney (Unsalted),256,6,42,16,5,Medium,Low,High,Gluten,"Refined flour, Potato, Oil",Vegan,,"Prepare samosa with chutney as a unsalted version with minimal salt and fresh herbs. Avoid pickle, papad, and salty chutneys.",30 mins yoga or brisk walking,Use minimal salt and avoid pickles or papad. Contains gluten.
1264,Uttar Pradesh,High Bp,Snack,Sattu Sherbet (Low Oil),97,8,22,1,5,Low,Low,Low,Gluten,"Roasted gram flour, Cumin, Lemon",Vegan,,"Prepare sattu sherbet as a low oil version with minimal salt and fresh herbs. Avoid pickle, papad, and salty chutneys.",30 mins yoga or brisk walking,Use minimal salt and avoid pickles or papad. Contains gluten.
1265,Uttar Pradesh,High Bp,Snack,Unsalted Makhana (Herbal),70,3,13,2,3,Low,Low,Low,Nuts,Fox nuts,Vegan,,"Prepare unsalted makhana as a herbal version with minimal salt and fresh herbs. Avoid pickle, papad, and salty chutneys.",30 mins yoga or brisk walking,Use minimal salt and avoid pickles or papad. Contains nuts.
1266,Uttar Pradesh,High Bp,Snack,Unsalted Peanuts (Plain),97,6,5,11,2,Low,Low,Low,Nuts,Peanuts,Vegan,,"Prepare unsalted peanuts as a plain version with minimal salt and fresh herbs. Avoid pickle, papad, and salty chutneys.",30 mins yoga or brisk walking,Use minimal salt and avoid pickles or papad. Contains nuts.
1267,Uttar Pradesh,High Bp,Dinner,Brown Rice + Moong Dal,280,10,50,3,7,Low,Low,Low,,"Brown rice, Green gram",Vegetarian,,Boil rice and dal without salt.,15 mins stretching,"Simple, clean, and sodium-free."
1268,Uttar Pradesh,High Bp,Dinner,Dalia Khichdi (Broth Based),194,9,41,2,9,Medium,Low,Medium,Gluten,"Broken wheat, Moong dal",Vegetarian,,"Prepare dalia khichdi as a broth based version with minimal salt and fresh herbs. Avoid pickle, papad, and salty chutneys.",30 mins yoga or brisk walking,Use minimal salt and avoid pickles or papad. Contains gluten.
1269,Uttar Pradesh,High Bp,Dinner,Dalia Khichdi (Zero Salt),250,9,46,3,8,Low,Low,Low,Gluten,"Broken wheat, Moong dal",Vegetarian,,Cook with veggies and no salt.,15 mins stretching,Broken wheat is rich in heart-healthy minerals.
1270,Uttar Pradesh,High Bp,Dinner,Dalia Khichdi + Bathua Saag (Herb Tossed),207,10,42,2,11,Low,Low,Low,Gluten,"Broken wheat, Bathua leaves",Vegetarian,,"Prepare dalia khichdi + bathua saag as a herb tossed version with minimal salt and fresh herbs. Avoid pickle, papad, and salty chutneys.",30 mins yoga or brisk walking,Use minimal salt and avoid pickles or papad. Contains gluten.
1271,Uttar Pradesh,High Bp,Dinner,Jau Roti + Karela Sabzi (Cumin),211,10,40,3,14,Low,Low,Low,Gluten,"Barley flour, Bitter gourd",Vegetarian,,"Prepare jau roti + karela sabzi as a cumin version with minimal salt and fresh herbs. Avoid pickle, papad, and salty chutneys.",30 mins yoga or brisk walking,Use minimal salt and avoid pickles or papad. Contains gluten.
1272,Uttar Pradesh,High Bp,Dinner,Jau Roti + Lauki Sabzi (No Salt),177,8,37,2,11,Low,Low,Low,Gluten,"Barley flour, Bottle gourd",Vegetarian,,"Prepare jau roti + lauki sabzi as a no salt version with minimal salt and fresh herbs. Avoid pickle, papad, and salty chutneys.",30 mins yoga or brisk walking,Use minimal salt and avoid pickles or papad. Contains gluten.
1273,Uttar Pradesh,High Bp,Dinner,Jau Roti + Moong Dal + Lauki Sabzi (Unsalted),231,14,42,3,14,Medium,Low,High,Gluten,"Barley flour, Green gram, Bottle gourd",Vegetarian,,"Prepare jau roti + moong dal + lauki sabzi as a unsalted version with minimal salt and fresh herbs. Avoid pickle, papad, and salty chutneys.",30 mins yoga or brisk walking,Use minimal salt and avoid pickles or papad. Contains gluten.
1274,Uttar Pradesh,High Bp,Dinner,Jau Roti + Nenua Sabzi (Low Salt),186,8,37,2,12,Low,Low,Low,Gluten,"Barley flour, Sponge gourd",Vegetarian,,"Prepare jau roti + nenua sabzi as a low salt version with minimal salt and fresh herbs. Avoid pickle, papad, and salty chutneys.",30 mins yoga or brisk walking,Use minimal salt and avoid pickles or papad. Contains gluten.
1275,Uttar Pradesh,High Bp,Dinner,Jau Roti + Palak Saag (Fresh),192,9,37,2,11,Low,Low,Low,Gluten,"Barley flour, Spinach",Vegetarian,,"Prepare jau roti + palak saag as a fresh version with minimal salt and fresh herbs. Avoid pickle, papad, and salty chutneys.",30 mins yoga or brisk walking,Use minimal salt and avoid pickles or papad. Contains gluten.
1276,Uttar Pradesh,High Bp,Dinner,Jau Roti + Turai Sabzi (Herbal),187,8,37,2,12,Low,Low,Low,Gluten,"Barley flour, Ridge gourd",Vegetarian,,"Prepare jau roti + turai sabzi as a herbal version with minimal salt and fresh herbs. Avoid pickle, papad, and salty chutneys.",30 mins yoga or brisk walking,Use minimal salt and avoid pickles or papad. Contains gluten.
1277,Uttar Pradesh,High Bp,Dinner,Missi Roti + Nenua Sabzi (Low Oil),200,10,37,3,13,Low,Low,Low,Gluten,"Wheat flour, Gram flour, Sponge gourd",Vegetarian,,"Prepare missi roti + nenua sabzi as a low oil version with minimal salt and fresh herbs. Avoid pickle, papad, and salty chutneys.",30 mins yoga or brisk walking,Use minimal salt and avoid pickles or papad. Contains gluten.
1278,Uttar Pradesh,High Bp,Dinner,Missi Roti + Turai Sabzi (Potassium Rich),203,10,37,3,13,Low,Low,Low,Gluten,"Wheat flour, Gram flour, Ridge gourd",Vegetarian,,"Prepare missi roti + turai sabzi as a potassium rich version with minimal salt and fresh herbs. Avoid pickle, papad, and salty chutneys.",30 mins yoga or brisk walking,Use minimal salt and avoid pickles or papad. Contains gluten.
1279,Uttar Pradesh,High Bp,Dinner,Moong Dal Cheela (Portion Controlled),218,12,40,3,12,Medium,Low,Medium,,"Moong dal, Ginger, Cumin, Coriander",Vegetarian,,"Prepare oats khichdi + bathua saag as a portion controlled version with minimal salt and fresh herbs. Avoid pickle, papad, and salty chutneys.",30 mins yoga or brisk walking,Use minimal salt and avoid pickles or papad.
1280,Uttar Pradesh,High Bp,Dinner,Moong Dal Khichdi (Zero Salt),260,10,48,3,7,Low,Low,Low,,"Rice, Green gram",Vegetarian,,Cook without salt or pickles on the side.,15 mins stretching,Restful meal for the cardiovascular system.
1281,Uttar Pradesh,High Bp,Dinner,Phulka + Lauki Sabzi (No Pickle),195,8,40,2,9,Low,Low,Low,Gluten,"Wheat flour, Bottle gourd",Vegetarian,,"Prepare phulka + lauki sabzi as a no pickle version with minimal salt and fresh herbs. Avoid pickle, papad, and salty chutneys.",30 mins yoga or brisk walking,Use minimal salt and avoid pickles or papad. Contains gluten.
1282,Uttar Pradesh,High Bp,Dinner,Phulka + Lauki Sabzi (No Salt),240,8,44,3,8,Low,Low,Low,Gluten,"Wheat flour, Bottle gourd",Vegetarian,,Cook lauki plain.,15 mins stretching,Lauki cools the system and lowers pressure.
1283,Uttar Pradesh,High Bp,Dinner,Phulka + Nenua Sabzi (No Salt),240,8,44,3,8,Low,Low,Low,Gluten,"Wheat flour, Sponge gourd",Vegetarian,,Nenua cooked in its own water.,15 mins stretching,Very light on the heart.
1284,Uttar Pradesh,High Bp,Dinner,Phulka + Nenua Sabzi (Steamed),187,8,39,2,9,Low,Low,Low,Gluten,"Wheat flour, Sponge gourd",Vegetarian,,"Prepare phulka + nenua sabzi as a steamed version with minimal salt and fresh herbs. Avoid pickle, papad, and salty chutneys.",30 mins yoga or brisk walking,Use minimal salt and avoid pickles or papad. Contains gluten.
1285,Uttar Pradesh,High Bp,Dinner,Phulka + Palak Saag (No Salt),250,9,42,4,8,Low,Low,Low,Gluten,"Wheat flour, Spinach",Vegetarian,,"Spinach has natural sodium, do NOT add extra salt.",15 mins stretching,High in potassium and natural nitrates.
1286,Uttar Pradesh,High Bp,Dinner,Phulka + Palak Saag (Plain),192,9,37,3,9,Low,Low,Low,Gluten,"Wheat flour, Spinach",Vegetarian,,"Prepare phulka + palak saag as a plain version with minimal salt and fresh herbs. Avoid pickle, papad, and salty chutneys.",30 mins yoga or brisk walking,Use minimal salt and avoid pickles or papad. Contains gluten.
1287,Uttar Pradesh,High Bp,Dinner,Phulka + Palak Sabzi (Light),201,9,37,3,9,Medium,Low,Medium,Gluten,"Wheat flour, Spinach, Garlic",Vegetarian,,"Prepare phulka + palak sabzi as a light version with minimal salt and fresh herbs. Avoid pickle, papad, and salty chutneys.",30 mins yoga or brisk walking,Use minimal salt and avoid pickles or papad. Contains gluten.
1288,Uttar Pradesh,High Bp,Dinner,Phulka + Turai Sabzi (Lemon),202,8,40,3,10,Low,Low,Low,Gluten,"Wheat flour, Ridge gourd",Vegetarian,,"Prepare phulka + turai sabzi as a lemon version with minimal salt and fresh herbs. Avoid pickle, papad, and salty chutneys.",30 mins yoga or brisk walking,Use minimal salt and avoid pickles or papad. Contains gluten.
1289,Uttar Pradesh,High Bp,Dinner,Phulka + Turai Sabzi (No Salt),250,8,45,3,9,Low,Low,Low,Gluten,"Wheat flour, Ridge gourd",Vegetarian,,Cook turai entirely without salt.,15 mins stretching,Turai is naturally low in sodium.
1290,Uttar Pradesh,High Bp,Dinner,Chicken Tikka (Portion Controlled),172,26,5,8,1,Medium,Low,Medium,,"Chicken, yoghurt, spices, lemon",Non-Vegetarian,Chicken,"Prepare chicken tikka as a portion controlled version with minimal salt and fresh herbs. Avoid pickle, papad, and salty chutneys.",30 mins yoga or brisk walking,Use minimal salt and avoid pickles or papad.
1291,Uttar Pradesh,High Bp,Dinner,Chicken Yakhni (Herbal),217,26,7,12,1,Low,Low,Low,,"Chicken, bone broth, ginger, cloves",Non-Vegetarian,Chicken,"Prepare chicken yakhni as a herbal version with minimal salt and fresh herbs. Avoid pickle, papad, and salty chutneys.",30 mins yoga or brisk walking,Use minimal salt and avoid pickles or papad.
1292,Uttar Pradesh,High Bp,Dinner,Fish Tikka (Broth Based),154,22,5,7,1,Medium,Low,Medium,,"Fish, spices, lemon, herbs",Non-Vegetarian,Fish,"Prepare fish tikka as a broth based version with minimal salt and fresh herbs. Avoid pickle, papad, and salty chutneys.",30 mins yoga or brisk walking,Use minimal salt and avoid pickles or papad.
1293,Uttar Pradesh,High Bp,Dinner,Galouti Kebab (Steamed),265,23,9,18,1,Low,Low,Low,,"Minced mutton, papaya paste, aromatic spices",Non-Vegetarian,Mutton,"Prepare galouti kebab as a steamed version with minimal salt and fresh herbs. Avoid pickle, papad, and salty chutneys.",30 mins yoga or brisk walking,Use minimal salt and avoid pickles or papad.
1294,Uttar Pradesh,High Bp,Dinner,Kakori Kebab (Fresh),281,22,7,20,1,Low,Low,Low,Nuts,"Minced mutton, cashew, cream, spices",Non-Vegetarian,Mutton,"Prepare kakori kebab as a fresh version with minimal salt and fresh herbs. Avoid pickle, papad, and salty chutneys.",30 mins yoga or brisk walking,Use minimal salt and avoid pickles or papad. Contains nuts.
1295,Uttar Pradesh,High Bp,Dinner,Mutton Yakhni (Potassium Rich),293,25,9,18,1,Low,Low,Low,,"Mutton, bone broth, ginger, whole spices",Non-Vegetarian,Mutton,"Prepare mutton yakhni as a potassium rich version with minimal salt and fresh herbs. Avoid pickle, papad, and salty chutneys.",30 mins yoga or brisk walking,Use minimal salt and avoid pickles or papad.
1296,Uttar Pradesh,High Bp,Dinner,Rice + Mutton Salan + Lauki Sabzi (Lemon),637,48,75,26,8,Low,Low,Low,,"Rice, Mutton, Bottle gourd",Non-Vegetarian,Mutton,"Prepare rice + mutton salan + lauki sabzi as a lemon version with minimal salt and fresh herbs. Avoid pickle, papad, and salty chutneys.",30 mins yoga or brisk walking,Use minimal salt and avoid pickles or papad.
1297,Uttar Pradesh,High Bp,Dinner,Rice + Mutton Salan + Sabzi (Light),633,45,70,29,8,Medium,Low,Medium,,"Rice, Mutton, Mixed vegetables",Non-Vegetarian,Mutton,"Prepare rice + mutton salan + sabzi as a light version with minimal salt and fresh herbs. Avoid pickle, papad, and salty chutneys.",30 mins yoga or brisk walking,Use minimal salt and avoid pickles or papad.
1298,Uttar Pradesh,High Bp,Dinner,Rohu Fish Curry (Low Salt),194,19,9,9,1,Low,Low,Low,,"Rohu fish, tomato, mustard, spices",Non-Vegetarian,Fish,"Prepare rohu fish curry as a low salt version with minimal salt and fresh herbs. Avoid pickle, papad, and salty chutneys.",30 mins yoga or brisk walking,Use minimal salt and avoid pickles or papad.
1299,Uttar Pradesh,High Bp,Dinner,Roti + Anda Curry + Nenua Sabzi (No Pickle),573,39,70,23,10,Low,Low,Low,"Gluten, Egg","Wheat flour, Eggs, Sponge gourd",Non-Vegetarian,Mutton,"Prepare roti + anda curry + nenua sabzi as a no pickle version with minimal salt and fresh herbs. Avoid pickle, papad, and salty chutneys.",30 mins yoga or brisk walking,"Use minimal salt and avoid pickles or papad. Contains gluten, egg."
1300,Uttar Pradesh,High Bp,Dinner,Roti + Chicken Curry + Chana Dal (Cumin),615,62,74,18,11,Low,Low,Low,Gluten,"Wheat flour, Chicken, Bengal gram",Non-Vegetarian,Chicken,"Prepare roti + chicken curry + chana dal as a cumin version with minimal salt and fresh herbs. Avoid pickle, papad, and salty chutneys.",30 mins yoga or brisk walking,Use minimal salt and avoid pickles or papad. Contains gluten.
1301,Uttar Pradesh,High Bp,Dinner,Roti + Chicken Masala + Kathal Sabzi (Herb Tossed),633,48,66,29,10,Low,Low,Low,Gluten,"Wheat flour, Chicken, Jackfruit, Oil",Non-Vegetarian,Chicken,"Prepare roti + chicken masala + kathal sabzi as a herb tossed version with minimal salt and fresh herbs. Avoid pickle, papad, and salty chutneys.",30 mins yoga or brisk walking,Use minimal salt and avoid pickles or papad. Contains gluten.
1302,Uttar Pradesh,High Bp,Dinner,Roti + Egg Bhurji + Arhar Dal (Low Oil),562,43,71,20,12,Low,Low,Low,"Gluten, Egg","Wheat flour, Eggs, Pigeon peas",Non-Vegetarian,Mutton,"Prepare roti + egg bhurji + arhar dal as a low oil version with minimal salt and fresh herbs. Avoid pickle, papad, and salty chutneys.",30 mins yoga or brisk walking,"Use minimal salt and avoid pickles or papad. Contains gluten, egg."
1303,Uttar Pradesh,High Bp,Dinner,Roti + Mutton Keema + Bhindi (Plain),602,51,61,29,11,Low,Low,Low,Gluten,"Wheat flour, Minced mutton, Okra",Non-Vegetarian,Mutton,"Prepare roti + mutton keema + bhindi as a plain version with minimal salt and fresh herbs. Avoid pickle, papad, and salty chutneys.",30 mins yoga or brisk walking,Use minimal salt and avoid pickles or papad. Contains gluten.
1304,Uttar Pradesh,High Bp,Dinner,Tandoori Chicken (Unsalted),202,29,6,10,1,Medium,Low,High,,"Chicken, yoghurt, spices, lemon",Non-Vegetarian,Chicken,"Prepare tandoori chicken as a unsalted version with minimal salt and fresh herbs. Avoid pickle, papad, and salty chutneys.",30 mins yoga or brisk walking,Use minimal salt and avoid pickles or papad.
1305,Uttar Pradesh,High Bp,Dinner,Tandoori Fish (No Salt),187,22,5,8,1,Low,Low,Low,,"Fish, yoghurt, spices, lemon",Non-Vegetarian,Fish,"Prepare tandoori fish as a no salt version with minimal salt and fresh herbs. Avoid pickle, papad, and salty chutneys.",30 mins yoga or brisk walking,Use minimal salt and avoid pickles or papad.
1306,Uttar Pradesh,High Bp,Dinner,Banarasi Tamatar Chaat (Portion Controlled),218,12,40,3,12,Medium,Low,Medium,,"Tomato, Potato, Spices, Lemon, Coriander",Vegan,,"Prepare oats khichdi + bathua saag as a portion controlled version with minimal salt and fresh herbs. Avoid pickle, papad, and salty chutneys.",30 mins yoga or brisk walking,Use minimal salt and avoid pickles or papad.
1307,Uttar Pradesh,High Bp,Dinner,Dalia Khichdi (Broth Based),194,9,41,2,9,Medium,Low,Medium,Gluten,"Broken wheat, Moong dal",Vegan,,"Prepare dalia khichdi as a broth based version with minimal salt and fresh herbs. Avoid pickle, papad, and salty chutneys.",30 mins yoga or brisk walking,Use minimal salt and avoid pickles or papad. Contains gluten.
1308,Uttar Pradesh,High Bp,Dinner,Dalia Khichdi + Bathua Saag (Herb Tossed),207,10,42,2,11,Low,Low,Low,Gluten,"Broken wheat, Bathua leaves",Vegan,,"Prepare dalia khichdi + bathua saag as a herb tossed version with minimal salt and fresh herbs. Avoid pickle, papad, and salty chutneys.",30 mins yoga or brisk walking,Use minimal salt and avoid pickles or papad. Contains gluten.
1309,Uttar Pradesh,High Bp,Dinner,Jau Roti + Karela Sabzi (Cumin),211,10,40,3,14,Low,Low,Low,Gluten,"Barley flour, Bitter gourd",Vegan,,"Prepare jau roti + karela sabzi as a cumin version with minimal salt and fresh herbs. Avoid pickle, papad, and salty chutneys.",30 mins yoga or brisk walking,Use minimal salt and avoid pickles or papad. Contains gluten.
1310,Uttar Pradesh,High Bp,Dinner,Jau Roti + Lauki Sabzi (No Salt),177,8,37,2,11,Low,Low,Low,Gluten,"Barley flour, Bottle gourd",Vegan,,"Prepare jau roti + lauki sabzi as a no salt version with minimal salt and fresh herbs. Avoid pickle, papad, and salty chutneys.",30 mins yoga or brisk walking,Use minimal salt and avoid pickles or papad. Contains gluten.
1311,Uttar Pradesh,High Bp,Dinner,Jau Roti + Moong Dal + Lauki Sabzi (Unsalted),231,14,42,3,14,Medium,Low,High,Gluten,"Barley flour, Green gram, Bottle gourd",Vegan,,"Prepare jau roti + moong dal + lauki sabzi as a unsalted version with minimal salt and fresh herbs. Avoid pickle, papad, and salty chutneys.",30 mins yoga or brisk walking,Use minimal salt and avoid pickles or papad. Contains gluten.
1312,Uttar Pradesh,High Bp,Dinner,Jau Roti + Nenua Sabzi (Low Salt),186,8,37,2,12,Low,Low,Low,Gluten,"Barley flour, Sponge gourd",Vegan,,"Prepare jau roti + nenua sabzi as a low salt version with minimal salt and fresh herbs. Avoid pickle, papad, and salty chutneys.",30 mins yoga or brisk walking,Use minimal salt and avoid pickles or papad. Contains gluten.
1313,Uttar Pradesh,High Bp,Dinner,Jau Roti + Palak Saag (Fresh),192,9,37,2,11,Low,Low,Low,Gluten,"Barley flour, Spinach",Vegan,,"Prepare jau roti + palak saag as a fresh version with minimal salt and fresh herbs. Avoid pickle, papad, and salty chutneys.",30 mins yoga or brisk walking,Use minimal salt and avoid pickles or papad. Contains gluten.
1314,Uttar Pradesh,High Bp,Dinner,Jau Roti + Turai Sabzi (Herbal),187,8,37,2,12,Low,Low,Low,Gluten,"Barley flour, Ridge gourd",Vegan,,"Prepare jau roti + turai sabzi as a herbal version with minimal salt and fresh herbs. Avoid pickle, papad, and salty chutneys.",30 mins yoga or brisk walking,Use minimal salt and avoid pickles or papad. Contains gluten.
1315,Uttar Pradesh,High Bp,Dinner,Missi Roti + Nenua Sabzi (Low Oil),200,10,37,3,13,Low,Low,Low,Gluten,"Wheat flour, Gram flour, Sponge gourd",Vegan,,"Prepare missi roti + nenua sabzi as a low oil version with minimal salt and fresh herbs. Avoid pickle, papad, and salty chutneys.",30 mins yoga or brisk walking,Use minimal salt and avoid pickles or papad. Contains gluten.
1316,Uttar Pradesh,High Bp,Dinner,Missi Roti + Turai Sabzi (Potassium Rich),203,10,37,3,13,Low,Low,Low,Gluten,"Wheat flour, Gram flour, Ridge gourd",Vegan,,"Prepare missi roti + turai sabzi as a potassium rich version with minimal salt and fresh herbs. Avoid pickle, papad, and salty chutneys.",30 mins yoga or brisk walking,Use minimal salt and avoid pickles or papad. Contains gluten.
1317,Uttar Pradesh,High Bp,Dinner,Phulka + Lauki Sabzi (No Pickle),195,8,40,2,9,Low,Low,Low,Gluten,"Wheat flour, Bottle gourd",Vegan,,"Prepare phulka + lauki sabzi as a no pickle version with minimal salt and fresh herbs. Avoid pickle, papad, and salty chutneys.",30 mins yoga or brisk walking,Use minimal salt and avoid pickles or papad. Contains gluten.
1318,Uttar Pradesh,High Bp,Dinner,Phulka + Nenua Sabzi (Steamed),187,8,39,2,9,Low,Low,Low,Gluten,"Wheat flour, Sponge gourd",Vegan,,"Prepare phulka + nenua sabzi as a steamed version with minimal salt and fresh herbs. Avoid pickle, papad, and salty chutneys.",30 mins yoga or brisk walking,Use minimal salt and avoid pickles or papad. Contains gluten.
1319,Uttar Pradesh,High Bp,Dinner,Phulka + Palak Saag (Plain),192,9,37,3,9,Low,Low,Low,Gluten,"Wheat flour, Spinach",Vegan,,"Prepare phulka + palak saag as a plain version with minimal salt and fresh herbs. Avoid pickle, papad, and salty chutneys.",30 mins yoga or brisk walking,Use minimal salt and avoid pickles or papad. Contains gluten.
1320,Uttar Pradesh,High Bp,Dinner,Phulka + Palak Sabzi (Light),201,9,37,3,9,Medium,Low,Medium,Gluten,"Wheat flour, Spinach, Garlic",Vegan,,"Prepare phulka + palak sabzi as a light version with minimal salt and fresh herbs. Avoid pickle, papad, and salty chutneys.",30 mins yoga or brisk walking,Use minimal salt and avoid pickles or papad. Contains gluten.
1321,Uttar Pradesh,High Bp,Dinner,Phulka + Turai Sabzi (Lemon),202,8,40,3,10,Low,Low,Low,Gluten,"Wheat flour, Ridge gourd",Vegan,,"Prepare phulka + turai sabzi as a lemon version with minimal salt and fresh herbs. Avoid pickle, papad, and salty chutneys.",30 mins yoga or brisk walking,Use minimal salt and avoid pickles or papad. Contains gluten.
1322,Uttar Pradesh,High Cholesterol,Breakfast,Barley Dalia,190,6,38,1,8,Low,Low,Low,Gluten,"Broken barley, Veggies",Vegetarian,,Cook broken barley with vegetables.,30 mins aerobic exercise,Barley is superior for cholesterol management.
1323,Uttar Pradesh,High Cholesterol,Breakfast,Besan Cheela (Herb Tossed),197,12,28,4,8,Medium,Medium,Low,Gluten,"Gram flour, Onion, Green chili",Vegetarian,,"Prepare besan cheela as a herb tossed version with little or no ghee, cream, or repeated frying. Use lean cooking methods and plenty of vegetables.",40 mins brisk walking or cycling,Avoid repeated frying and creamy accompaniments. Contains gluten.
1324,Uttar Pradesh,High Cholesterol,Breakfast,Besan Cheela (Zero Oil),200,10,32,3,6,Low,Low,Low,,"Gram flour, Onion, Tomato",Vegetarian,,Cook on non-stick pan with water drops.,30 mins aerobic exercise,Zero oil cooking.
1325,Uttar Pradesh,High Cholesterol,Breakfast,Chura Matar (Low Saturated Fat),206,6,42,2,6,Medium,Medium,Low,,"Flattened rice, Green peas",Vegetarian,,"Prepare chura matar as a low saturated fat version with little or no ghee, cream, or repeated frying. Use lean cooking methods and plenty of vegetables.",40 mins brisk walking or cycling,Avoid repeated frying and creamy accompaniments.
1326,Uttar Pradesh,High Cholesterol,Breakfast,Dalia (Whole Grain),175,8,34,2,8,Low,Low,Low,Gluten,"Broken wheat, Carrots, Peas",Vegetarian,,"Prepare dalia as a whole grain version with little or no ghee, cream, or repeated frying. Use lean cooking methods and plenty of vegetables.",40 mins brisk walking or cycling,Avoid repeated frying and creamy accompaniments. Contains gluten.
1327,Uttar Pradesh,High Cholesterol,Breakfast,Dalia Khichdi (Steamed),157,6,33,1,10,Low,Low,Low,Gluten,"Broken wheat, Moong dal, Vegetables, Cumin",Vegetarian,,"Prepare barley dalia as a steamed version with little or no ghee, cream, or repeated frying. Use lean cooking methods and plenty of vegetables.",40 mins brisk walking or cycling,"Avoid repeated frying and creamy accompaniments. Contains gluten, egg."
1328,Uttar Pradesh,High Cholesterol,Breakfast,Fara (Fresh),266,14,49,3,10,Low,Medium,Low,Gluten,"Rice flour, Chana dal",Vegetarian,,"Prepare fara as a fresh version with little or no ghee, cream, or repeated frying. Use lean cooking methods and plenty of vegetables.",40 mins brisk walking or cycling,Avoid repeated frying and creamy accompaniments. Contains gluten.
1329,Uttar Pradesh,High Cholesterol,Breakfast,Jau Roti + Mint Chutney,220,8,42,2,10,Low,Low,Low,Gluten,"Barley flour, Mint",Vegetarian,,Barley flatbread with fresh mint.,30 mins aerobic exercise,Mint improves digestion and lipid profile.
1330,Uttar Pradesh,High Cholesterol,Breakfast,Jau Roti + Mint Chutney (Lean),189,8,37,1,11,Low,Low,Low,Gluten,"Barley flour, Mint, Green chili",Vegetarian,,"Prepare jau roti + mint chutney as a lean version with little or no ghee, cream, or repeated frying. Use lean cooking methods and plenty of vegetables.",40 mins brisk walking or cycling,Avoid repeated frying and creamy accompaniments. Contains gluten.
1331,Uttar Pradesh,High Cholesterol,Breakfast,Moong Dal Cheela (Low Fat),150,12,25,1,10,Low,Low,Low,,"Moong dal, Ginger, Cumin, Coriander",Vegetarian,,"Prepare sprouted moong chaat as a low fat version with little or no ghee, cream, or repeated frying. Use lean cooking methods and plenty of vegetables.",40 mins brisk walking or cycling,Avoid repeated frying and creamy accompaniments.
1332,Uttar Pradesh,High Cholesterol,Breakfast,Moong Dal Cheela (No Cream),192,15,27,3,7,Low,Low,Low,Gluten,"Green gram, Onion, Coriander",Vegetarian,,"Prepare moong dal cheela as a no cream version with little or no ghee, cream, or repeated frying. Use lean cooking methods and plenty of vegetables.",40 mins brisk walking or cycling,Avoid repeated frying and creamy accompaniments. Contains gluten.
1333,Uttar Pradesh,High Cholesterol,Breakfast,Oats (Water Cooked),150,5,26,3,4,Low,Low,Low,,Oats,Vegetarian,,Cook in water without milk or sugar.,30 mins aerobic exercise,Beta-glucan actively lowers LDL.
1334,Uttar Pradesh,High Cholesterol,Breakfast,Poha with Peanuts (Oat Style),274,8,49,7,5,Medium,High,Low,Nuts,"Flattened rice, Peanuts",Vegetarian,,"Prepare poha with peanuts as a oat style version with little or no ghee, cream, or repeated frying. Use lean cooking methods and plenty of vegetables.",40 mins brisk walking or cycling,Avoid repeated frying and creamy accompaniments. Contains nuts.
1335,Uttar Pradesh,High Cholesterol,Breakfast,Sattu Drink,160,10,25,2,5,Low,Low,Low,,"Roasted gram flour, Lemon",Vegetarian,,Mix with water.,30 mins aerobic exercise,Gram flour helps clear arteries.
1336,Uttar Pradesh,High Cholesterol,Breakfast,Sattu Drink (Broth Based),148,10,25,1,6,Low,Low,Low,Gluten,"Roasted gram flour, Cumin, Lemon",Vegetarian,,"Prepare sattu drink as a broth based version with little or no ghee, cream, or repeated frying. Use lean cooking methods and plenty of vegetables.",40 mins brisk walking or cycling,Avoid repeated frying and creamy accompaniments. Contains gluten.
1337,Uttar Pradesh,High Cholesterol,Breakfast,Sattu Drink (No Fry),124,5,23,2,5,Low,Medium,Low,,"Roasted gram flour, Lemon, Cumin, Water",Vegetarian,,"Prepare oats as a no fry version with little or no ghee, cream, or repeated frying. Use lean cooking methods and plenty of vegetables.",40 mins brisk walking or cycling,Avoid repeated frying and creamy accompaniments.
1338,Uttar Pradesh,High Cholesterol,Breakfast,Sattu Drink (No Ghee),124,10,19,1,7,Low,Low,Low,Dairy,"Roasted gram flour, Lemon, Cumin, Water",Vegetarian,,"Prepare sprouted moong as a no ghee version with little or no ghee, cream, or repeated frying. Use lean cooking methods and plenty of vegetables.",40 mins brisk walking or cycling,Avoid repeated frying and creamy accompaniments. Contains dairy.
1339,Uttar Pradesh,High Cholesterol,Breakfast,Sattu Paratha (Dry Roasted) + Curd (Light),230,12,39,3,11,Low,Low,Low,"Gluten, Dairy","Wheat flour, Roasted gram flour, Curd",Vegetarian,,"Prepare sattu paratha (dry roasted) + curd as a light version with little or no ghee, cream, or repeated frying. Use lean cooking methods and plenty of vegetables.",40 mins brisk walking or cycling,"Avoid repeated frying and creamy accompaniments. Contains gluten, dairy."
1340,Uttar Pradesh,High Cholesterol,Breakfast,Sattu Paratha + Curd (Portion Controlled),350,17,53,8,10,Medium,Medium,Low,"Gluten, Dairy","Wheat flour, Roasted gram flour, Curd",Vegetarian,,"Prepare sattu paratha + curd as a portion controlled version with little or no ghee, cream, or repeated frying. Use lean cooking methods and plenty of vegetables.",40 mins brisk walking or cycling,"Avoid repeated frying and creamy accompaniments. Contains gluten, dairy."
1341,Uttar Pradesh,High Cholesterol,Breakfast,Sprouted Moong,150,10,22,1,6,Low,Low,Low,,Green gram sprouts,Vegetarian,,Steam the sprouts.,30 mins aerobic exercise,Sprouts contain antioxidants that prevent lipid oxidation.
1342,Uttar Pradesh,High Cholesterol,Breakfast,Steamed Fara,220,12,38,2,6,Low,Low,Low,,"Rice flour, Chana dal",Vegetarian,,Steam perfectly; absolutely no frying or oil tempering.,30 mins aerobic exercise,"Zero fat, high fiber."
1343,Uttar Pradesh,High Cholesterol,Breakfast,Steamed Fara (Roasted),181,12,33,1,7,Low,Low,Low,Gluten,"Rice flour, Chana dal, Garlic",Vegetarian,,"Prepare steamed fara as a roasted version with little or no ghee, cream, or repeated frying. Use lean cooking methods and plenty of vegetables.",40 mins brisk walking or cycling,Avoid repeated frying and creamy accompaniments. Contains gluten.
1344,Uttar Pradesh,High Cholesterol,Breakfast,Unsalted Dalia (Fiber Rich),156,6,33,1,8,Low,Low,Low,"Gluten, Egg","Broken wheat, Veggies",Vegetarian,,"Prepare unsalted dalia as a fiber rich version with little or no ghee, cream, or repeated frying. Use lean cooking methods and plenty of vegetables.",40 mins brisk walking or cycling,"Avoid repeated frying and creamy accompaniments. Contains gluten, egg."
1345,Uttar Pradesh,High Cholesterol,Breakfast,Chicken Tikka (Leftover) + Roti (Roasted),459,49,44,11,6,Low,Low,Low,Gluten,"Chicken, Wheat flour",Non-Vegetarian,Chicken,"Prepare chicken tikka (leftover) + roti as a roasted version with little or no ghee, cream, or repeated frying. Use lean cooking methods and plenty of vegetables.",40 mins brisk walking or cycling,Avoid repeated frying and creamy accompaniments. Contains gluten.
1346,Uttar Pradesh,High Cholesterol,Breakfast,Chicken Tikka (No Ghee),181,26,5,7,1,Low,Low,Low,Dairy,"Chicken, yoghurt, spices, lemon",Non-Vegetarian,Chicken,"Prepare chicken tikka as a no ghee version with little or no ghee, cream, or repeated frying. Use lean cooking methods and plenty of vegetables.",40 mins brisk walking or cycling,Avoid repeated frying and creamy accompaniments. Contains dairy.
1347,Uttar Pradesh,High Cholesterol,Breakfast,Chicken Yakhni (Whole Grain),229,26,7,10,1,Low,Low,Low,,"Chicken, bone broth, ginger, cloves",Non-Vegetarian,Chicken,"Prepare chicken yakhni as a whole grain version with little or no ghee, cream, or repeated frying. Use lean cooking methods and plenty of vegetables.",40 mins brisk walking or cycling,Avoid repeated frying and creamy accompaniments.
1348,Uttar Pradesh,High Cholesterol,Breakfast,Fish Curry (Banarasi Style) (Broth Based),216,21,9,8,1,Low,Low,Low,,"Fish, mustard, tomato, spices",Non-Vegetarian,Fish,"Prepare fish curry (banarasi style) as a broth based version with little or no ghee, cream, or repeated frying. Use lean cooking methods and plenty of vegetables.",40 mins brisk walking or cycling,Avoid repeated frying and creamy accompaniments.
1349,Uttar Pradesh,High Cholesterol,Breakfast,Fish Tikka (Low Fat),165,23,5,6,1,Low,Low,Low,,"Fish, spices, lemon, herbs",Non-Vegetarian,Fish,"Prepare fish tikka as a low fat version with little or no ghee, cream, or repeated frying. Use lean cooking methods and plenty of vegetables.",40 mins brisk walking or cycling,Avoid repeated frying and creamy accompaniments.
1350,Uttar Pradesh,High Cholesterol,Breakfast,Keema Kulcha (Portion Controlled),374,23,37,14,2,Medium,Medium,Low,Gluten,"Keema, wheat kulcha, onion, spices",Non-Vegetarian,Mutton,"Prepare keema kulcha as a portion controlled version with little or no ghee, cream, or repeated frying. Use lean cooking methods and plenty of vegetables.",40 mins brisk walking or cycling,Avoid repeated frying and creamy accompaniments. Contains gluten.
1351,Uttar Pradesh,High Cholesterol,Breakfast,Keema Matar (Fresh),266,24,12,13,1,Low,Medium,Low,,"Minced meat, peas, onion, spices",Non-Vegetarian,Mutton,"Prepare keema matar as a fresh version with little or no ghee, cream, or repeated frying. Use lean cooking methods and plenty of vegetables.",40 mins brisk walking or cycling,Avoid repeated frying and creamy accompaniments.
1352,Uttar Pradesh,High Cholesterol,Breakfast,Rohu Fish Curry (Fiber Rich),206,19,9,8,1,Low,Low,Low,,"Rohu fish, tomato, mustard, spices",Non-Vegetarian,Fish,"Prepare rohu fish curry as a fiber rich version with little or no ghee, cream, or repeated frying. Use lean cooking methods and plenty of vegetables.",40 mins brisk walking or cycling,Avoid repeated frying and creamy accompaniments.
1353,Uttar Pradesh,High Cholesterol,Breakfast,Roti + Anda Curry + Palak Sabzi (Oat Style),624,41,73,18,13,Medium,High,Low,"Gluten, Egg","Wheat flour, Eggs, Spinach",Non-Vegetarian,Mutton,"Prepare roti + anda curry + palak sabzi as a oat style version with little or no ghee, cream, or repeated frying. Use lean cooking methods and plenty of vegetables.",40 mins brisk walking or cycling,"Avoid repeated frying and creamy accompaniments. Contains gluten, egg."
1354,Uttar Pradesh,High Cholesterol,Breakfast,Roti + Chicken Curry + Chana Dal (Low Saturated Fat),659,63,75,15,12,Medium,Medium,Low,Gluten,"Wheat flour, Chicken, Bengal gram",Non-Vegetarian,Chicken,"Prepare roti + chicken curry + chana dal as a low saturated fat version with little or no ghee, cream, or repeated frying. Use lean cooking methods and plenty of vegetables.",40 mins brisk walking or cycling,Avoid repeated frying and creamy accompaniments. Contains gluten.
1355,Uttar Pradesh,High Cholesterol,Breakfast,Sattu Paratha + Curd + 2 Eggs (No Cream),482,37,49,15,10,Low,Low,Low,"Gluten, Dairy, Egg","Wheat flour, Sattu, Curd, Eggs",Non-Vegetarian,Mutton,"Prepare sattu paratha + curd + 2 eggs as a no cream version with little or no ghee, cream, or repeated frying. Use lean cooking methods and plenty of vegetables.",40 mins brisk walking or cycling,"Avoid repeated frying and creamy accompaniments. Contains gluten, dairy, egg."
1356,Uttar Pradesh,High Cholesterol,Breakfast,Seekh Kebab (No Fry),248,22,7,13,1,Low,Medium,Low,,"Minced meat, onion, herbs, spices",Non-Vegetarian,Mutton,"Prepare seekh kebab as a no fry version with little or no ghee, cream, or repeated frying. Use lean cooking methods and plenty of vegetables.",40 mins brisk walking or cycling,Avoid repeated frying and creamy accompaniments.
1357,Uttar Pradesh,High Cholesterol,Breakfast,Shami Kebab (Light),234,20,11,10,2,Low,Low,Low,Egg,"Minced meat, chana dal, spices, egg",Non-Vegetarian,Mutton,"Prepare shami kebab as a light version with little or no ghee, cream, or repeated frying. Use lean cooking methods and plenty of vegetables.",40 mins brisk walking or cycling,Avoid repeated frying and creamy accompaniments. Contains egg.
1358,Uttar Pradesh,High Cholesterol,Breakfast,Tandoori Chicken (Lean),214,29,6,8,1,Low,Low,Low,,"Chicken, yoghurt, spices, lemon",Non-Vegetarian,Chicken,"Prepare tandoori chicken as a lean version with little or no ghee, cream, or repeated frying. Use lean cooking methods and plenty of vegetables.",40 mins brisk walking or cycling,Avoid repeated frying and creamy accompaniments.
1359,Uttar Pradesh,High Cholesterol,Breakfast,Tandoori Fish (Steamed),198,22,5,7,1,Low,Low,Low,,"Fish, yoghurt, spices, lemon",Non-Vegetarian,Fish,"Prepare tandoori fish as a steamed version with little or no ghee, cream, or repeated frying. Use lean cooking methods and plenty of vegetables.",40 mins brisk walking or cycling,Avoid repeated frying and creamy accompaniments.
1360,Uttar Pradesh,High Cholesterol,Breakfast,Tunday Kababi (Herb Tossed),297,24,16,13,2,Medium,Medium,Low,,"Minced mutton, green chilli, garam masala, onion",Non-Vegetarian,Mutton,"Prepare tunday kababi as a herb tossed version with little or no ghee, cream, or repeated frying. Use lean cooking methods and plenty of vegetables.",40 mins brisk walking or cycling,Avoid repeated frying and creamy accompaniments.
1361,Uttar Pradesh,High Cholesterol,Breakfast,Besan Cheela (No Cream),198,12,28,4,8,Low,Low,Low,Gluten,"Gram flour, Onion, Green chili",Vegan,,"Prepare besan cheela as a no cream version with little or no ghee, cream, or repeated frying. Use lean cooking methods and plenty of vegetables.",40 mins brisk walking or cycling,Avoid repeated frying and creamy accompaniments. Contains gluten.
1362,Uttar Pradesh,High Cholesterol,Breakfast,Chura Matar (No Fry),207,6,42,2,6,Low,Medium,Low,,"Flattened rice, Green peas",Vegan,,"Prepare chura matar as a no fry version with little or no ghee, cream, or repeated frying. Use lean cooking methods and plenty of vegetables.",40 mins brisk walking or cycling,Avoid repeated frying and creamy accompaniments.
1363,Uttar Pradesh,High Cholesterol,Breakfast,Dalia (Roasted),173,8,33,2,8,Low,Low,Low,Gluten,"Broken wheat, Carrots, Peas",Vegan,,"Prepare dalia as a roasted version with little or no ghee, cream, or repeated frying. Use lean cooking methods and plenty of vegetables.",40 mins brisk walking or cycling,Avoid repeated frying and creamy accompaniments. Contains gluten.
1364,Uttar Pradesh,High Cholesterol,Breakfast,Fara (Light),267,14,49,3,10,Low,Low,Low,Gluten,"Rice flour, Chana dal",Vegan,,"Prepare fara as a light version with little or no ghee, cream, or repeated frying. Use lean cooking methods and plenty of vegetables.",40 mins brisk walking or cycling,Avoid repeated frying and creamy accompaniments. Contains gluten.
1365,Uttar Pradesh,High Cholesterol,Breakfast,Guava with Black Pepper (Oat Style),70,1,16,0,6,Medium,High,Low,,"Guava, Black pepper",Vegan,,"Prepare guava with black pepper as a oat style version with little or no ghee, cream, or repeated frying. Use lean cooking methods and plenty of vegetables.",40 mins brisk walking or cycling,Avoid repeated frying and creamy accompaniments.
1366,Uttar Pradesh,High Cholesterol,Breakfast,Jau Roti + Arhar Dal + Lauki Sabzi (Herb Tossed),264,15,46,3,16,Medium,Medium,Low,Gluten,"Barley flour, Pigeon peas, Bottle gourd",Vegan,,"Prepare jau roti + arhar dal + lauki sabzi as a herb tossed version with little or no ghee, cream, or repeated frying. Use lean cooking methods and plenty of vegetables.",40 mins brisk walking or cycling,Avoid repeated frying and creamy accompaniments. Contains gluten.
1367,Uttar Pradesh,High Cholesterol,Breakfast,Jau Roti + Lauki Sabzi (Low Saturated Fat),192,8,37,1,12,Medium,Medium,Low,Gluten,"Barley flour, Bottle gourd",Vegan,,"Prepare jau roti + lauki sabzi as a low saturated fat version with little or no ghee, cream, or repeated frying. Use lean cooking methods and plenty of vegetables.",40 mins brisk walking or cycling,Avoid repeated frying and creamy accompaniments. Contains gluten.
1368,Uttar Pradesh,High Cholesterol,Breakfast,Jau Roti + Mint Chutney (Steamed),192,8,37,1,11,Low,Low,Low,Gluten,"Barley flour, Mint, Green chili",Vegan,,"Prepare jau roti + mint chutney as a steamed version with little or no ghee, cream, or repeated frying. Use lean cooking methods and plenty of vegetables.",40 mins brisk walking or cycling,Avoid repeated frying and creamy accompaniments. Contains gluten.
1369,Uttar Pradesh,High Cholesterol,Breakfast,Jau Roti + Nenua Sabzi (Portion Controlled),197,8,37,1,12,Medium,Medium,Low,Gluten,"Barley flour, Sponge gourd",Vegan,,"Prepare jau roti + nenua sabzi as a portion controlled version with little or no ghee, cream, or repeated frying. Use lean cooking methods and plenty of vegetables.",40 mins brisk walking or cycling,Avoid repeated frying and creamy accompaniments. Contains gluten.
1370,Uttar Pradesh,High Cholesterol,Breakfast,Moong Dal Cheela (Broth Based),188,14,26,3,7,Low,Low,Low,Gluten,"Green gram, Onion, Coriander",Vegan,,"Prepare moong dal cheela as a broth based version with little or no ghee, cream, or repeated frying. Use lean cooking methods and plenty of vegetables.",40 mins brisk walking or cycling,Avoid repeated frying and creamy accompaniments. Contains gluten.
1371,Uttar Pradesh,High Cholesterol,Breakfast,Moong Dal Cheela (Low Fat),150,12,25,1,10,Low,Low,Low,,"Moong dal, Ginger, Cumin, Coriander",Vegan,,"Prepare sprouted moong chaat as a low fat version with little or no ghee, cream, or repeated frying. Use lean cooking methods and plenty of vegetables.",40 mins brisk walking or cycling,Avoid repeated frying and creamy accompaniments.
1372,Uttar Pradesh,High Cholesterol,Breakfast,Moong Dal Cheela (Whole Grain),124,5,23,2,5,Low,Low,Low,,"Moong dal, Ginger, Cumin, Coriander",Vegan,,"Prepare oats as a whole grain version with little or no ghee, cream, or repeated frying. Use lean cooking methods and plenty of vegetables.",40 mins brisk walking or cycling,Avoid repeated frying and creamy accompaniments.
1373,Uttar Pradesh,High Cholesterol,Breakfast,Poha with Peanuts (Fresh),274,8,49,7,5,Low,Medium,Low,Nuts,"Flattened rice, Peanuts",Vegan,,"Prepare poha with peanuts as a fresh version with little or no ghee, cream, or repeated frying. Use lean cooking methods and plenty of vegetables.",40 mins brisk walking or cycling,Avoid repeated frying and creamy accompaniments. Contains nuts.
1374,Uttar Pradesh,High Cholesterol,Breakfast,Sattu Drink (Fiber Rich),150,10,25,1,6,Low,Low,Low,Gluten,"Roasted gram flour, Cumin, Lemon",Vegan,,"Prepare sattu drink as a fiber rich version with little or no ghee, cream, or repeated frying. Use lean cooking methods and plenty of vegetables.",40 mins brisk walking or cycling,Avoid repeated frying and creamy accompaniments. Contains gluten.
1375,Uttar Pradesh,High Cholesterol,Breakfast,Sattu Drink (No Ghee),124,10,19,1,7,Low,Low,Low,,"Roasted gram flour, Lemon, Cumin, Water",Vegan,,"Prepare sprouted moong as a no ghee version with little or no ghee, cream, or repeated frying. Use lean cooking methods and plenty of vegetables.",40 mins brisk walking or cycling,Avoid repeated frying and creamy accompaniments. Contains dairy.
1376,Uttar Pradesh,High Cholesterol,Breakfast,Steamed Fara (Lean),182,12,34,1,7,Low,Low,Low,Gluten,"Rice flour, Chana dal, Garlic",Vegan,,"Prepare steamed fara as a lean version with little or no ghee, cream, or repeated frying. Use lean cooking methods and plenty of vegetables.",40 mins brisk walking or cycling,Avoid repeated frying and creamy accompaniments. Contains gluten.
1377,Uttar Pradesh,High Cholesterol,Lunch,Brown Rice + Arhar Dal + Nenua Sabzi,330,13,58,4,9,Low,Low,Low,,"Brown rice, Pigeon peas, Sponge gourd",Vegetarian,,Brown rice fiber is heart-healthy.,40 mins brisk walking,High fiber ensures cholesterol excretion.
1378,Uttar Pradesh,High Cholesterol,Lunch,Brown Rice + Chana Dal + Parwal Sabzi (Roasted),298,14,51,3,14,Low,Low,Low,,"Brown rice, Bengal gram, Pointed gourd",Vegetarian,,"Prepare brown rice + chana dal + parwal sabzi as a roasted version with little or no ghee, cream, or repeated frying. Use lean cooking methods and plenty of vegetables.",40 mins brisk walking or cycling,Avoid repeated frying and creamy accompaniments.
1379,Uttar Pradesh,High Cholesterol,Lunch,Brown Rice + Chana Dal + Turai Sabzi,340,14,58,3,11,Low,Low,Low,,"Brown rice, Bengal gram, Ridge gourd",Vegetarian,,Chana dal provides excellent soluble fiber.,40 mins brisk walking,Turai provides necessary hydration.
1380,Uttar Pradesh,High Cholesterol,Lunch,Brown Rice + Chana Dal + Turai Sabzi (Broth Based),298,15,51,2,13,Low,Low,Low,,"Brown rice, Bengal gram, Ridge gourd",Vegetarian,,"Prepare brown rice + chana dal + turai sabzi as a broth based version with little or no ghee, cream, or repeated frying. Use lean cooking methods and plenty of vegetables.",40 mins brisk walking or cycling,Avoid repeated frying and creamy accompaniments.
1381,Uttar Pradesh,High Cholesterol,Lunch,Brown Rice + Matar Nimona + Bhindi Sabzi,360,14,60,4,12,Low,Low,Low,,"Brown rice, Green peas, Okra",Vegetarian,,Okra contains mucilage which binds cholesterol.,40 mins brisk walking,Peas provide clean plant protein.
1382,Uttar Pradesh,High Cholesterol,Lunch,Brown Rice + Matar Nimona + Bhindi Sabzi (Fresh),307,16,53,4,15,Low,Medium,Low,,"Brown rice, Green peas, Okra",Vegetarian,,"Prepare brown rice + matar nimona + bhindi sabzi as a fresh version with little or no ghee, cream, or repeated frying. Use lean cooking methods and plenty of vegetables.",40 mins brisk walking or cycling,Avoid repeated frying and creamy accompaniments.
1383,Uttar Pradesh,High Cholesterol,Lunch,Brown Rice + Moong Dal + Nenua Sabzi (Oat Style),287,12,51,3,12,Medium,High,Low,,"Brown rice, Green gram, Sponge gourd",Vegetarian,,"Prepare brown rice + moong dal + nenua sabzi as a oat style version with little or no ghee, cream, or repeated frying. Use lean cooking methods and plenty of vegetables.",40 mins brisk walking or cycling,Avoid repeated frying and creamy accompaniments.
1384,Uttar Pradesh,High Cholesterol,Lunch,Jau Roti + Arhar Dal + Lauki Sabzi (Low Fat),281,16,46,3,16,Low,Low,Low,Gluten,"Barley flour, Pigeon peas, Bottle gourd",Vegetarian,,"Prepare jau roti + arhar dal + lauki sabzi as a low fat version with little or no ghee, cream, or repeated frying. Use lean cooking methods and plenty of vegetables.",40 mins brisk walking or cycling,Avoid repeated frying and creamy accompaniments. Contains gluten.
1385,Uttar Pradesh,High Cholesterol,Lunch,Jau Roti + Chana Dal + Turai Sabzi (Fiber Rich),293,15,49,3,14,Low,Low,Low,Gluten,"Barley flour, Bengal gram, Ridge gourd",Vegetarian,,"Prepare jau roti + chana dal + turai sabzi as a fiber rich version with little or no ghee, cream, or repeated frying. Use lean cooking methods and plenty of vegetables.",40 mins brisk walking or cycling,Avoid repeated frying and creamy accompaniments. Contains gluten.
1386,Uttar Pradesh,High Cholesterol,Lunch,Jau Roti + Masoor Dal + Parwal Sabzi,320,14,54,3,12,Low,Low,Low,Gluten,"Barley flour, Red lentils, Pointed gourd",Vegetarian,,Barley roti is extremely effective for heart health.,40 mins brisk walking,Red lentils have zero cholesterol.
1387,Uttar Pradesh,High Cholesterol,Lunch,Jau Roti + Masoor Dal + Parwal Sabzi (Lean),285,15,47,3,14,Low,Low,Low,Gluten,"Barley flour, Red lentils, Pointed gourd",Vegetarian,,"Prepare jau roti + masoor dal + parwal sabzi as a lean version with little or no ghee, cream, or repeated frying. Use lean cooking methods and plenty of vegetables.",40 mins brisk walking or cycling,Avoid repeated frying and creamy accompaniments. Contains gluten.
1388,Uttar Pradesh,High Cholesterol,Lunch,Jau Roti + Moong Dal + Kundru Sabzi,310,14,54,3,11,Low,Low,Low,Gluten,"Barley flour, Green gram, Ivy gourd",Vegetarian,,Kundru cooked without oil.,40 mins brisk walking,Ivy gourd has medicinal properties for metabolism.
1389,Uttar Pradesh,High Cholesterol,Lunch,Jau Roti + Moong Dal + Kundru Sabzi (No Ghee),269,14,47,2,13,Low,Low,Low,"Gluten, Dairy","Barley flour, Green gram, Ivy gourd",Vegetarian,,"Prepare jau roti + moong dal + kundru sabzi as a no ghee version with little or no ghee, cream, or repeated frying. Use lean cooking methods and plenty of vegetables.",40 mins brisk walking or cycling,"Avoid repeated frying and creamy accompaniments. Contains gluten, dairy."
1390,Uttar Pradesh,High Cholesterol,Lunch,Missi Roti + Chana Dal + Bhindi Sabzi (Whole Grain),304,16,46,5,17,Low,Low,Low,Gluten,"Wheat flour, Gram flour, Bengal gram, Okra",Vegetarian,,"Prepare missi roti + chana dal + bhindi sabzi as a whole grain version with little or no ghee, cream, or repeated frying. Use lean cooking methods and plenty of vegetables.",40 mins brisk walking or cycling,Avoid repeated frying and creamy accompaniments. Contains gluten.
1391,Uttar Pradesh,High Cholesterol,Lunch,Missi Roti + Chana Dal + Karela Sabzi (No Cream),298,17,44,6,17,Low,Low,Low,Gluten,"Wheat flour, Gram flour, Bengal gram, Bitter gourd",Vegetarian,,"Prepare missi roti + chana dal + karela sabzi as a no cream version with little or no ghee, cream, or repeated frying. Use lean cooking methods and plenty of vegetables.",40 mins brisk walking or cycling,Avoid repeated frying and creamy accompaniments. Contains gluten.
1392,Uttar Pradesh,High Cholesterol,Lunch,Missi Roti + Moong Dal + Lauki Sabzi (Herb Tossed),288,17,44,4,13,Medium,Medium,Low,Gluten,"Wheat flour, Gram flour, Green gram, Bottle gourd",Vegetarian,,"Prepare missi roti + moong dal + lauki sabzi as a herb tossed version with little or no ghee, cream, or repeated frying. Use lean cooking methods and plenty of vegetables.",40 mins brisk walking or cycling,Avoid repeated frying and creamy accompaniments. Contains gluten.
1393,Uttar Pradesh,High Cholesterol,Lunch,Missi Roti + Urad Dal + Turai Sabzi (Steamed),297,17,46,4,16,Low,Low,Low,Gluten,"Wheat flour, Gram flour, Black gram, Ridge gourd",Vegetarian,,"Prepare missi roti + urad dal + turai sabzi as a steamed version with little or no ghee, cream, or repeated frying. Use lean cooking methods and plenty of vegetables.",40 mins brisk walking or cycling,Avoid repeated frying and creamy accompaniments. Contains gluten.
1394,Uttar Pradesh,High Cholesterol,Lunch,Phulka + Arhar Dal + Lauki Sabzi (No Fry),261,14,46,3,12,Low,Medium,Low,Gluten,"Wheat flour, Pigeon peas, Bottle gourd",Vegetarian,,"Prepare phulka + arhar dal + lauki sabzi as a no fry version with little or no ghee, cream, or repeated frying. Use lean cooking methods and plenty of vegetables.",40 mins brisk walking or cycling,Avoid repeated frying and creamy accompaniments. Contains gluten.
1395,Uttar Pradesh,High Cholesterol,Lunch,Phulka + Arhar Dal + Nenua Sabzi (Portion Controlled),279,14,49,3,12,Medium,Medium,Low,Gluten,"Wheat flour, Pigeon peas, Sponge gourd",Vegetarian,,"Prepare phulka + arhar dal + nenua sabzi as a portion controlled version with little or no ghee, cream, or repeated frying. Use lean cooking methods and plenty of vegetables.",40 mins brisk walking or cycling,Avoid repeated frying and creamy accompaniments. Contains gluten.
1396,Uttar Pradesh,High Cholesterol,Lunch,Phulka + Masoor Dal + Turai Sabzi (Low Saturated Fat),270,14,48,3,12,Medium,Medium,Low,Gluten,"Wheat flour, Red lentils, Ridge gourd",Vegetarian,,"Prepare phulka + masoor dal + turai sabzi as a low saturated fat version with little or no ghee, cream, or repeated frying. Use lean cooking methods and plenty of vegetables.",40 mins brisk walking or cycling,Avoid repeated frying and creamy accompaniments. Contains gluten.
1397,Uttar Pradesh,High Cholesterol,Lunch,Phulka + Moong Dal + Lauki Sabzi,310,14,54,3,10,Low,Low,Low,Gluten,"Wheat flour, Green gram, Bottle gourd",Vegetarian,,Cook dal without ghee tadka; lauki with cumin only.,40 mins brisk walking,Soluble fiber from dal binds cholesterol.
1398,Uttar Pradesh,High Cholesterol,Lunch,Phulka + Moong Dal + Lauki Sabzi (Light),272,15,48,2,12,Low,Low,Low,Gluten,"Wheat flour, Green gram, Bottle gourd",Vegetarian,,"Prepare phulka + moong dal + lauki sabzi as a light version with little or no ghee, cream, or repeated frying. Use lean cooking methods and plenty of vegetables.",40 mins brisk walking or cycling,Avoid repeated frying and creamy accompaniments. Contains gluten.
1399,Uttar Pradesh,High Cholesterol,Lunch,Phulka + Urad Dal + Kathal Sabzi,350,15,58,4,11,Low,Low,Low,Gluten,"Wheat flour, Black gram, Jackfruit",Vegetarian,,Boil kathal; temper dal without ghee.,40 mins brisk walking,Urad dal is high in fiber.
1400,Uttar Pradesh,High Cholesterol,Lunch,Chicken Tikka (Portion Controlled),193,26,5,7,1,Medium,Medium,Low,,"Chicken, yoghurt, spices, lemon",Non-Vegetarian,Chicken,"Prepare chicken tikka as a portion controlled version with little or no ghee, cream, or repeated frying. Use lean cooking methods and plenty of vegetables.",40 mins brisk walking or cycling,Avoid repeated frying and creamy accompaniments.
1401,Uttar Pradesh,High Cholesterol,Lunch,Fish Curry (Banarasi Style) (No Ghee),225,20,9,8,1,Low,Low,Low,Dairy,"Fish, mustard, tomato, spices",Non-Vegetarian,Fish,"Prepare fish curry (banarasi style) as a no ghee version with little or no ghee, cream, or repeated frying. Use lean cooking methods and plenty of vegetables.",40 mins brisk walking or cycling,Avoid repeated frying and creamy accompaniments. Contains dairy.
1402,Uttar Pradesh,High Cholesterol,Lunch,Fish Tikka (Low Saturated Fat),173,23,5,6,1,Medium,Medium,Low,,"Fish, spices, lemon, herbs",Non-Vegetarian,Fish,"Prepare fish tikka as a low saturated fat version with little or no ghee, cream, or repeated frying. Use lean cooking methods and plenty of vegetables.",40 mins brisk walking or cycling,Avoid repeated frying and creamy accompaniments.
1403,Uttar Pradesh,High Cholesterol,Lunch,Keema Matar (Lean),278,24,12,13,1,Low,Low,Low,,"Minced meat, peas, onion, spices",Non-Vegetarian,Mutton,"Prepare keema matar as a lean version with little or no ghee, cream, or repeated frying. Use lean cooking methods and plenty of vegetables.",40 mins brisk walking or cycling,Avoid repeated frying and creamy accompaniments.
1404,Uttar Pradesh,High Cholesterol,Lunch,Rice + Anda Curry + Nenua Sabzi (Whole Grain),609,30,75,18,8,Low,Low,Low,Egg,"Rice, Eggs, Sponge gourd, Oil",Non-Vegetarian,Mutton,"Prepare rice + anda curry + nenua sabzi as a whole grain version with little or no ghee, cream, or repeated frying. Use lean cooking methods and plenty of vegetables.",40 mins brisk walking or cycling,Avoid repeated frying and creamy accompaniments. Contains egg.
1405,Uttar Pradesh,High Cholesterol,Lunch,Rice + Chicken Curry + Parwal Aloo (No Fry),683,43,75,21,10,Low,Medium,Low,,"White rice, Chicken, Pointed gourd, Potato",Non-Vegetarian,Chicken,"Prepare rice + chicken curry + parwal aloo as a no fry version with little or no ghee, cream, or repeated frying. Use lean cooking methods and plenty of vegetables.",40 mins brisk walking or cycling,Avoid repeated frying and creamy accompaniments.
1406,Uttar Pradesh,High Cholesterol,Lunch,Rice + Chicken Salan + Dal + Aloo Sabzi (Light),746,60,84,18,10,Low,Low,Low,,"Rice, Chicken, Lentils, Potato",Non-Vegetarian,Chicken,"Prepare rice + chicken salan + dal + aloo sabzi as a light version with little or no ghee, cream, or repeated frying. Use lean cooking methods and plenty of vegetables.",40 mins brisk walking or cycling,Avoid repeated frying and creamy accompaniments.
1407,Uttar Pradesh,High Cholesterol,Lunch,Rice + Mutton Bhuna + Kathal Sabzi (Herb Tossed),772,52,79,27,14,Medium,Medium,Low,,"Rice, Mutton, Jackfruit",Non-Vegetarian,Mutton,"Prepare rice + mutton bhuna + kathal sabzi as a herb tossed version with little or no ghee, cream, or repeated frying. Use lean cooking methods and plenty of vegetables.",40 mins brisk walking or cycling,Avoid repeated frying and creamy accompaniments.
1408,Uttar Pradesh,High Cholesterol,Lunch,Roti + Anda Curry + Palak Sabzi (Roasted),658,41,73,18,13,Low,Low,Low,"Gluten, Egg","Wheat flour, Eggs, Spinach",Non-Vegetarian,Mutton,"Prepare roti + anda curry + palak sabzi as a roasted version with little or no ghee, cream, or repeated frying. Use lean cooking methods and plenty of vegetables.",40 mins brisk walking or cycling,"Avoid repeated frying and creamy accompaniments. Contains gluten, egg."
1409,Uttar Pradesh,High Cholesterol,Lunch,Roti + Keema Matar + Dal (No Cream),707,54,66,22,14,Low,Low,Low,Gluten,"Wheat flour, Minced meat, Green peas, Lentils",Non-Vegetarian,Mutton,"Prepare roti + keema matar + dal as a no cream version with little or no ghee, cream, or repeated frying. Use lean cooking methods and plenty of vegetables.",40 mins brisk walking or cycling,Avoid repeated frying and creamy accompaniments. Contains gluten.
1410,Uttar Pradesh,High Cholesterol,Lunch,Roti + Mutton Curry + Matar Nimona (Fresh),759,54,70,26,14,Low,Medium,Low,Gluten,"Wheat flour, Mutton, Green peas",Non-Vegetarian,Mutton,"Prepare roti + mutton curry + matar nimona as a fresh version with little or no ghee, cream, or repeated frying. Use lean cooking methods and plenty of vegetables.",40 mins brisk walking or cycling,Avoid repeated frying and creamy accompaniments. Contains gluten.
1411,Uttar Pradesh,High Cholesterol,Lunch,Seekh Kebab (Steamed),259,22,7,13,1,Low,Low,Low,,"Minced meat, onion, herbs, spices",Non-Vegetarian,Mutton,"Prepare seekh kebab as a steamed version with little or no ghee, cream, or repeated frying. Use lean cooking methods and plenty of vegetables.",40 mins brisk walking or cycling,Avoid repeated frying and creamy accompaniments.
1412,Uttar Pradesh,High Cholesterol,Lunch,Tandoori Chicken (Low Fat),226,29,6,8,1,Low,Low,Low,,"Chicken, yoghurt, spices, lemon",Non-Vegetarian,Chicken,"Prepare tandoori chicken as a low fat version with little or no ghee, cream, or repeated frying. Use lean cooking methods and plenty of vegetables.",40 mins brisk walking or cycling,Avoid repeated frying and creamy accompaniments.
1413,Uttar Pradesh,High Cholesterol,Lunch,Tandoori Fish (Oat Style),208,22,5,7,1,Medium,High,Low,,"Fish, yoghurt, spices, lemon",Non-Vegetarian,Fish,"Prepare tandoori fish as a oat style version with little or no ghee, cream, or repeated frying. Use lean cooking methods and plenty of vegetables.",40 mins brisk walking or cycling,Avoid repeated frying and creamy accompaniments.
1414,Uttar Pradesh,High Cholesterol,Lunch,Tunday Kababi (Fiber Rich),310,24,16,13,2,Low,Low,Low,,"Minced mutton, green chilli, garam masala, onion",Non-Vegetarian,Mutton,"Prepare tunday kababi as a fiber rich version with little or no ghee, cream, or repeated frying. Use lean cooking methods and plenty of vegetables.",40 mins brisk walking or cycling,Avoid repeated frying and creamy accompaniments.
1415,Uttar Pradesh,High Cholesterol,Lunch,Yakhni Pulao (Broth Based),418,21,49,11,1,Low,Low,Low,,"Rice, yakhni broth, meat, whole spices",Non-Vegetarian,Mutton,"Prepare yakhni pulao as a broth based version with little or no ghee, cream, or repeated frying. Use lean cooking methods and plenty of vegetables.",40 mins brisk walking or cycling,Avoid repeated frying and creamy accompaniments.
1416,Uttar Pradesh,High Cholesterol,Lunch,Brown Rice + Chana Dal + Parwal Sabzi (Roasted),298,14,51,3,14,Low,Low,Low,,"Brown rice, Bengal gram, Pointed gourd",Vegan,,"Prepare brown rice + chana dal + parwal sabzi as a roasted version with little or no ghee, cream, or repeated frying. Use lean cooking methods and plenty of vegetables.",40 mins brisk walking or cycling,Avoid repeated frying and creamy accompaniments.
1417,Uttar Pradesh,High Cholesterol,Lunch,Brown Rice + Chana Dal + Turai Sabzi (Broth Based),298,14,51,2,13,Low,Low,Low,,"Brown rice, Bengal gram, Ridge gourd",Vegan,,"Prepare brown rice + chana dal + turai sabzi as a broth based version with little or no ghee, cream, or repeated frying. Use lean cooking methods and plenty of vegetables.",40 mins brisk walking or cycling,Avoid repeated frying and creamy accompaniments.
1418,Uttar Pradesh,High Cholesterol,Lunch,Brown Rice + Matar Nimona + Bhindi Sabzi (Fresh),307,15,53,4,15,Low,Medium,Low,,"Brown rice, Green peas, Okra",Vegan,,"Prepare brown rice + matar nimona + bhindi sabzi as a fresh version with little or no ghee, cream, or repeated frying. Use lean cooking methods and plenty of vegetables.",40 mins brisk walking or cycling,Avoid repeated frying and creamy accompaniments.
1419,Uttar Pradesh,High Cholesterol,Lunch,Brown Rice + Moong Dal + Nenua Sabzi (Oat Style),287,12,51,3,12,Medium,High,Low,,"Brown rice, Green gram, Sponge gourd",Vegan,,"Prepare brown rice + moong dal + nenua sabzi as a oat style version with little or no ghee, cream, or repeated frying. Use lean cooking methods and plenty of vegetables.",40 mins brisk walking or cycling,Avoid repeated frying and creamy accompaniments.
1420,Uttar Pradesh,High Cholesterol,Lunch,Jau Roti + Arhar Dal + Lauki Sabzi (Low Fat),281,15,46,3,16,Low,Low,Low,Gluten,"Barley flour, Pigeon peas, Bottle gourd",Vegan,,"Prepare jau roti + arhar dal + lauki sabzi as a low fat version with little or no ghee, cream, or repeated frying. Use lean cooking methods and plenty of vegetables.",40 mins brisk walking or cycling,Avoid repeated frying and creamy accompaniments. Contains gluten.
1421,Uttar Pradesh,High Cholesterol,Lunch,Jau Roti + Chana Dal + Turai Sabzi (Fiber Rich),293,15,49,3,14,Low,Low,Low,Gluten,"Barley flour, Bengal gram, Ridge gourd",Vegan,,"Prepare jau roti + chana dal + turai sabzi as a fiber rich version with little or no ghee, cream, or repeated frying. Use lean cooking methods and plenty of vegetables.",40 mins brisk walking or cycling,Avoid repeated frying and creamy accompaniments. Contains gluten.
1422,Uttar Pradesh,High Cholesterol,Lunch,Jau Roti + Masoor Dal + Parwal Sabzi (Lean),285,15,47,3,14,Low,Low,Low,Gluten,"Barley flour, Red lentils, Pointed gourd",Vegan,,"Prepare jau roti + masoor dal + parwal sabzi as a lean version with little or no ghee, cream, or repeated frying. Use lean cooking methods and plenty of vegetables.",40 mins brisk walking or cycling,Avoid repeated frying and creamy accompaniments. Contains gluten.
1423,Uttar Pradesh,High Cholesterol,Lunch,Jau Roti + Moong Dal + Kundru Sabzi (No Ghee),269,14,47,2,13,Low,Low,Low,Gluten,"Barley flour, Green gram, Ivy gourd",Vegan,,"Prepare jau roti + moong dal + kundru sabzi as a no ghee version with little or no ghee, cream, or repeated frying. Use lean cooking methods and plenty of vegetables.",40 mins brisk walking or cycling,"Avoid repeated frying and creamy accompaniments. Contains gluten, dairy."
1424,Uttar Pradesh,High Cholesterol,Lunch,Missi Roti + Chana Dal + Bhindi Sabzi (Whole Grain),304,16,46,5,17,Low,Low,Low,Gluten,"Wheat flour, Gram flour, Bengal gram, Okra",Vegan,,"Prepare missi roti + chana dal + bhindi sabzi as a whole grain version with little or no ghee, cream, or repeated frying. Use lean cooking methods and plenty of vegetables.",40 mins brisk walking or cycling,Avoid repeated frying and creamy accompaniments. Contains gluten.
1425,Uttar Pradesh,High Cholesterol,Lunch,Missi Roti + Chana Dal + Karela Sabzi (No Cream),298,16,44,6,17,Low,Low,Low,Gluten,"Wheat flour, Gram flour, Bengal gram, Bitter gourd",Vegan,,"Prepare missi roti + chana dal + karela sabzi as a no cream version with little or no ghee, cream, or repeated frying. Use lean cooking methods and plenty of vegetables.",40 mins brisk walking or cycling,Avoid repeated frying and creamy accompaniments. Contains gluten.
1426,Uttar Pradesh,High Cholesterol,Lunch,Missi Roti + Moong Dal + Lauki Sabzi (Herb Tossed),288,16,44,4,13,Medium,Medium,Low,Gluten,"Wheat flour, Gram flour, Green gram, Bottle gourd",Vegan,,"Prepare missi roti + moong dal + lauki sabzi as a herb tossed version with little or no ghee, cream, or repeated frying. Use lean cooking methods and plenty of vegetables.",40 mins brisk walking or cycling,Avoid repeated frying and creamy accompaniments. Contains gluten.
1427,Uttar Pradesh,High Cholesterol,Lunch,Missi Roti + Urad Dal + Turai Sabzi (Steamed),297,16,46,4,16,Low,Low,Low,Gluten,"Wheat flour, Gram flour, Black gram, Ridge gourd",Vegan,,"Prepare missi roti + urad dal + turai sabzi as a steamed version with little or no ghee, cream, or repeated frying. Use lean cooking methods and plenty of vegetables.",40 mins brisk walking or cycling,Avoid repeated frying and creamy accompaniments. Contains gluten.
1428,Uttar Pradesh,High Cholesterol,Lunch,Phulka + Arhar Dal + Lauki Sabzi (No Fry),261,14,46,3,12,Low,Medium,Low,Gluten,"Wheat flour, Pigeon peas, Bottle gourd",Vegan,,"Prepare phulka + arhar dal + lauki sabzi as a no fry version with little or no ghee, cream, or repeated frying. Use lean cooking methods and plenty of vegetables.",40 mins brisk walking or cycling,Avoid repeated frying and creamy accompaniments. Contains gluten.
1429,Uttar Pradesh,High Cholesterol,Lunch,Phulka + Arhar Dal + Nenua Sabzi (Portion Controlled),279,14,49,3,12,Medium,Medium,Low,Gluten,"Wheat flour, Pigeon peas, Sponge gourd",Vegan,,"Prepare phulka + arhar dal + nenua sabzi as a portion controlled version with little or no ghee, cream, or repeated frying. Use lean cooking methods and plenty of vegetables.",40 mins brisk walking or cycling,Avoid repeated frying and creamy accompaniments. Contains gluten.
1430,Uttar Pradesh,High Cholesterol,Lunch,Phulka + Masoor Dal + Turai Sabzi (Low Saturated Fat),270,14,48,3,12,Medium,Medium,Low,Gluten,"Wheat flour, Red lentils, Ridge gourd",Vegan,,"Prepare phulka + masoor dal + turai sabzi as a low saturated fat version with little or no ghee, cream, or repeated frying. Use lean cooking methods and plenty of vegetables.",40 mins brisk walking or cycling,Avoid repeated frying and creamy accompaniments. Contains gluten.
1431,Uttar Pradesh,High Cholesterol,Lunch,Phulka + Moong Dal + Lauki Sabzi (Light),272,14,48,2,12,Low,Low,Low,Gluten,"Wheat flour, Green gram, Bottle gourd",Vegan,,"Prepare phulka + moong dal + lauki sabzi as a light version with little or no ghee, cream, or repeated frying. Use lean cooking methods and plenty of vegetables.",40 mins brisk walking or cycling,Avoid repeated frying and creamy accompaniments. Contains gluten.
1432,Uttar Pradesh,High Cholesterol,Snack,Apple,95,0,25,0,4,Low,Low,Low,,Apple,Vegetarian,,Eat with skin.,20 mins walking,Pectin fiber binds to cholesterol.
1433,Uttar Pradesh,High Cholesterol,Snack,Basket Chaat (Fresh),165,7,30,7,7,Low,Medium,Low,Dairy,"Potato basket, chana, curd, chutneys, sev",Vegetarian,,"Prepare basket chaat as a fresh version with little or no ghee, cream, or repeated frying. Use lean cooking methods and plenty of vegetables.",40 mins brisk walking or cycling,Avoid repeated frying and creamy accompaniments. Contains dairy.
1434,Uttar Pradesh,High Cholesterol,Snack,Bhuna Chana (No Ghee),86,7,18,1,7,Low,Low,Low,Dairy,Roasted Bengal gram,Vegetarian,,"Prepare bhuna chana as a no ghee version with little or no ghee, cream, or repeated frying. Use lean cooking methods and plenty of vegetables.",40 mins brisk walking or cycling,Avoid repeated frying and creamy accompaniments. Contains dairy.
1435,Uttar Pradesh,High Cholesterol,Snack,Boiled Kala Chana (Steamed),91,8,19,1,8,Low,Low,Low,,"Black gram, Onion, Lemon",Vegetarian,,"Prepare boiled kala chana as a steamed version with little or no ghee, cream, or repeated frying. Use lean cooking methods and plenty of vegetables.",40 mins brisk walking or cycling,Avoid repeated frying and creamy accompaniments.
1436,Uttar Pradesh,High Cholesterol,Snack,Boiled Kala Chana + Peanuts (No Fry),249,21,40,10,14,Low,Medium,Low,Nuts,"Black gram, Peanuts, Onion",Vegetarian,,"Prepare boiled kala chana + peanuts as a no fry version with little or no ghee, cream, or repeated frying. Use lean cooking methods and plenty of vegetables.",40 mins brisk walking or cycling,Avoid repeated frying and creamy accompaniments. Contains nuts.
1437,Uttar Pradesh,High Cholesterol,Snack,Boiled Sweet Potato,120,2,28,0,4,Low,Low,Low,,Sweet potato,Vegetarian,,Eat plain.,20 mins walking,Complex carbs don't convert to triglycerides easily.
1438,Uttar Pradesh,High Cholesterol,Snack,Cucumber Sticks,40,1,8,0,2,Low,Low,Low,,Cucumber,Vegetarian,,Eat raw.,20 mins walking,"Zero fat, zero cholesterol."
1439,Uttar Pradesh,High Cholesterol,Snack,Ghughni (Dried Yellow Peas) with Oil (Light),196,14,35,6,10,Low,Low,Low,,"Yellow peas, Mustard oil",Vegetarian,,"Prepare ghughni (dried yellow peas) with oil as a light version with little or no ghee, cream, or repeated frying. Use lean cooking methods and plenty of vegetables.",40 mins brisk walking or cycling,Avoid repeated frying and creamy accompaniments.
1440,Uttar Pradesh,High Cholesterol,Snack,Guava,80,1,18,0,5,Low,Low,Low,,Guava,Vegetarian,,Eat raw.,20 mins walking,Vitamin C protects arteries.
1441,Uttar Pradesh,High Cholesterol,Snack,Guava with Black Pepper (Low Fat),70,1,16,0,6,Low,Low,Low,,"Guava, Black pepper",Vegetarian,,"Prepare guava with black pepper as a low fat version with little or no ghee, cream, or repeated frying. Use lean cooking methods and plenty of vegetables.",40 mins brisk walking or cycling,Avoid repeated frying and creamy accompaniments.
1442,Uttar Pradesh,High Cholesterol,Snack,Milk Banana Shake + Sattu (Low Saturated Fat),293,21,57,7,6,Medium,Medium,Low,Dairy,"Milk, Banana, Sattu powder",Vegetarian,,"Prepare milk banana shake + sattu as a low saturated fat version with little or no ghee, cream, or repeated frying. Use lean cooking methods and plenty of vegetables.",40 mins brisk walking or cycling,Avoid repeated frying and creamy accompaniments. Contains dairy.
1443,Uttar Pradesh,High Cholesterol,Snack,Peda (Oat Style),119,6,20,5,0,Medium,High,Low,Dairy,"Milk solids, sugar, cardamom",Vegetarian,,"Prepare peda as a oat style version with little or no ghee, cream, or repeated frying. Use lean cooking methods and plenty of vegetables.",40 mins brisk walking or cycling,Avoid repeated frying and creamy accompaniments. Contains dairy.
1444,Uttar Pradesh,High Cholesterol,Snack,Roasted Chana,120,6,20,2,6,Low,Low,Low,,Bengal gram,Vegetarian,,Dry roast.,20 mins walking,Plant sterols reduce LDL.
1445,Uttar Pradesh,High Cholesterol,Snack,Roasted Chana (Lean),79,6,18,1,7,Low,Low,Low,,Bengal gram,Vegetarian,,"Prepare roasted chana as a lean version with little or no ghee, cream, or repeated frying. Use lean cooking methods and plenty of vegetables.",40 mins brisk walking or cycling,Avoid repeated frying and creamy accompaniments.
1446,Uttar Pradesh,High Cholesterol,Snack,Roasted Chana + Milk (No Cream),209,19,35,6,7,Low,Low,Low,Dairy,"Bengal gram, Milk",Vegetarian,,"Prepare roasted chana + milk as a no cream version with little or no ghee, cream, or repeated frying. Use lean cooking methods and plenty of vegetables.",40 mins brisk walking or cycling,Avoid repeated frying and creamy accompaniments. Contains dairy.
1447,Uttar Pradesh,High Cholesterol,Snack,Roasted Chana + Peanuts (Whole Grain),104,8,16,4,6,Low,Low,Low,Nuts,"Bengal gram, Peanuts",Vegetarian,,"Prepare roasted chana + peanuts as a whole grain version with little or no ghee, cream, or repeated frying. Use lean cooking methods and plenty of vegetables.",40 mins brisk walking or cycling,Avoid repeated frying and creamy accompaniments. Contains nuts.
1448,Uttar Pradesh,High Cholesterol,Snack,Roasted Makhana,100,3,15,3,3,Low,Low,Low,,Fox nuts,Vegetarian,,Dry roast without ghee.,20 mins walking,Heart healthy crunch.
1449,Uttar Pradesh,High Cholesterol,Snack,Roasted Makhana (Roasted),72,3,13,3,4,Low,Low,Low,Nuts,Fox nuts,Vegetarian,,"Prepare roasted makhana as a roasted version with little or no ghee, cream, or repeated frying. Use lean cooking methods and plenty of vegetables.",40 mins brisk walking or cycling,Avoid repeated frying and creamy accompaniments. Contains nuts.
1450,Uttar Pradesh,High Cholesterol,Snack,Roasted Peanuts (Portion Controlled),104,7,5,10,2,Medium,Medium,Low,Nuts,Peanuts,Vegetarian,,"Prepare roasted peanuts as a portion controlled version with little or no ghee, cream, or repeated frying. Use lean cooking methods and plenty of vegetables.",40 mins brisk walking or cycling,Avoid repeated frying and creamy accompaniments. Contains nuts.
1451,Uttar Pradesh,High Cholesterol,Snack,Roasted Peanuts (Very Small Portion),100,4,3,8,2,Low,Low,Low,Peanut,Peanuts,Vegetarian,,Eat only a few to get healthy monounsaturated fats.,20 mins walking,Do not overconsume fats.
1452,Uttar Pradesh,High Cholesterol,Snack,Sattu Sherbet (Fiber Rich),97,8,22,1,5,Low,Low,Low,Gluten,"Roasted gram flour, Cumin, Lemon",Vegetarian,,"Prepare sattu sherbet as a fiber rich version with little or no ghee, cream, or repeated frying. Use lean cooking methods and plenty of vegetables.",40 mins brisk walking or cycling,Avoid repeated frying and creamy accompaniments. Contains gluten.
1453,Uttar Pradesh,High Cholesterol,Snack,Unsalted Makhana (Broth Based),70,3,13,2,4,Low,Low,Low,Nuts,Fox nuts,Vegetarian,,"Prepare unsalted makhana as a broth based version with little or no ghee, cream, or repeated frying. Use lean cooking methods and plenty of vegetables.",40 mins brisk walking or cycling,Avoid repeated frying and creamy accompaniments. Contains nuts.
1454,Uttar Pradesh,High Cholesterol,Snack,Unsalted Peanuts (Herb Tossed),98,6,5,9,2,Medium,Medium,Low,Nuts,Peanuts,Vegetarian,,"Prepare unsalted peanuts as a herb tossed version with little or no ghee, cream, or repeated frying. Use lean cooking methods and plenty of vegetables.",40 mins brisk walking or cycling,Avoid repeated frying and creamy accompaniments. Contains nuts.
1455,Uttar Pradesh,High Cholesterol,Snack,Chicken Tikka (Leftover) + Roti (Light),361,49,44,11,6,Low,Low,Low,Gluten,"Chicken, Wheat flour",Non-Vegetarian,Chicken,"Prepare chicken tikka (leftover) + roti as a light version with little or no ghee, cream, or repeated frying. Use lean cooking methods and plenty of vegetables.",40 mins brisk walking or cycling,Avoid repeated frying and creamy accompaniments. Contains gluten.
1456,Uttar Pradesh,High Cholesterol,Snack,Chicken Tikka (No Ghee),143,26,5,7,1,Low,Low,Low,Dairy,"Chicken, yoghurt, spices, lemon",Non-Vegetarian,Chicken,"Prepare chicken tikka as a no ghee version with little or no ghee, cream, or repeated frying. Use lean cooking methods and plenty of vegetables.",40 mins brisk walking or cycling,Avoid repeated frying and creamy accompaniments. Contains dairy.
1457,Uttar Pradesh,High Cholesterol,Snack,Chicken Yakhni (Whole Grain),181,26,7,10,1,Low,Low,Low,,"Chicken, bone broth, ginger, cloves",Non-Vegetarian,Chicken,"Prepare chicken yakhni as a whole grain version with little or no ghee, cream, or repeated frying. Use lean cooking methods and plenty of vegetables.",40 mins brisk walking or cycling,Avoid repeated frying and creamy accompaniments.
1458,Uttar Pradesh,High Cholesterol,Snack,Fish Curry (Banarasi Style) (Broth Based),170,21,9,8,1,Low,Low,Low,,"Fish, mustard, tomato, spices",Non-Vegetarian,Fish,"Prepare fish curry (banarasi style) as a broth based version with little or no ghee, cream, or repeated frying. Use lean cooking methods and plenty of vegetables.",40 mins brisk walking or cycling,Avoid repeated frying and creamy accompaniments.
1459,Uttar Pradesh,High Cholesterol,Snack,Fish Tikka (Low Fat),130,23,5,6,1,Low,Low,Low,,"Fish, spices, lemon, herbs",Non-Vegetarian,Fish,"Prepare fish tikka as a low fat version with little or no ghee, cream, or repeated frying. Use lean cooking methods and plenty of vegetables.",40 mins brisk walking or cycling,Avoid repeated frying and creamy accompaniments.
1460,Uttar Pradesh,High Cholesterol,Snack,Keema Matar (No Fry),209,24,12,13,1,Low,Medium,Low,,"Minced meat, peas, onion, spices",Non-Vegetarian,Mutton,"Prepare keema matar as a no fry version with little or no ghee, cream, or repeated frying. Use lean cooking methods and plenty of vegetables.",40 mins brisk walking or cycling,Avoid repeated frying and creamy accompaniments.
1461,Uttar Pradesh,High Cholesterol,Snack,Rohu Fish Curry (Roasted),164,20,9,8,1,Low,Low,Low,,"Rohu fish, tomato, mustard, spices",Non-Vegetarian,Fish,"Prepare rohu fish curry as a roasted version with little or no ghee, cream, or repeated frying. Use lean cooking methods and plenty of vegetables.",40 mins brisk walking or cycling,Avoid repeated frying and creamy accompaniments.
1462,Uttar Pradesh,High Cholesterol,Snack,Roti + Anda Curry + Palak Sabzi (Portion Controlled),489,41,72,18,13,Medium,Medium,Low,"Gluten, Egg","Wheat flour, Eggs, Spinach",Non-Vegetarian,Mutton,"Prepare roti + anda curry + palak sabzi as a portion controlled version with little or no ghee, cream, or repeated frying. Use lean cooking methods and plenty of vegetables.",40 mins brisk walking or cycling,"Avoid repeated frying and creamy accompaniments. Contains gluten, egg."
1463,Uttar Pradesh,High Cholesterol,Snack,Roti + Chicken Curry + Chana Dal (Herb Tossed),517,62,74,15,12,Medium,Medium,Low,Gluten,"Wheat flour, Chicken, Bengal gram",Non-Vegetarian,Chicken,"Prepare roti + chicken curry + chana dal as a herb tossed version with little or no ghee, cream, or repeated frying. Use lean cooking methods and plenty of vegetables.",40 mins brisk walking or cycling,Avoid repeated frying and creamy accompaniments. Contains gluten.
1464,Uttar Pradesh,High Cholesterol,Snack,Sattu Paratha + Curd + 2 Eggs (Low Saturated Fat),382,37,49,16,10,Medium,Medium,Low,"Gluten, Dairy, Egg","Wheat flour, Sattu, Curd, Eggs",Non-Vegetarian,Mutton,"Prepare sattu paratha + curd + 2 eggs as a low saturated fat version with little or no ghee, cream, or repeated frying. Use lean cooking methods and plenty of vegetables.",40 mins brisk walking or cycling,"Avoid repeated frying and creamy accompaniments. Contains gluten, dairy, egg."
1465,Uttar Pradesh,High Cholesterol,Snack,Seekh Kebab (No Cream),195,22,7,13,1,Low,Low,Low,,"Minced meat, onion, herbs, spices",Non-Vegetarian,Mutton,"Prepare seekh kebab as a no cream version with little or no ghee, cream, or repeated frying. Use lean cooking methods and plenty of vegetables.",40 mins brisk walking or cycling,Avoid repeated frying and creamy accompaniments.
1466,Uttar Pradesh,High Cholesterol,Snack,Shami Kebab (Fiber Rich),184,20,11,10,2,Low,Low,Low,Egg,"Minced meat, chana dal, spices, egg",Non-Vegetarian,Mutton,"Prepare shami kebab as a fiber rich version with little or no ghee, cream, or repeated frying. Use lean cooking methods and plenty of vegetables.",40 mins brisk walking or cycling,Avoid repeated frying and creamy accompaniments. Contains egg.
1467,Uttar Pradesh,High Cholesterol,Snack,Tandoori Chicken (Lean),169,29,6,8,1,Low,Low,Low,,"Chicken, yoghurt, spices, lemon",Non-Vegetarian,Chicken,"Prepare tandoori chicken as a lean version with little or no ghee, cream, or repeated frying. Use lean cooking methods and plenty of vegetables.",40 mins brisk walking or cycling,Avoid repeated frying and creamy accompaniments.
1468,Uttar Pradesh,High Cholesterol,Snack,Tandoori Fish (Steamed),157,22,5,7,1,Low,Low,Low,,"Fish, yoghurt, spices, lemon",Non-Vegetarian,Fish,"Prepare tandoori fish as a steamed version with little or no ghee, cream, or repeated frying. Use lean cooking methods and plenty of vegetables.",40 mins brisk walking or cycling,Avoid repeated frying and creamy accompaniments.
1469,Uttar Pradesh,High Cholesterol,Snack,Tunday Kababi (Fresh),233,24,16,13,2,Low,Medium,Low,,"Minced mutton, green chilli, garam masala, onion",Non-Vegetarian,Mutton,"Prepare tunday kababi as a fresh version with little or no ghee, cream, or repeated frying. Use lean cooking methods and plenty of vegetables.",40 mins brisk walking or cycling,Avoid repeated frying and creamy accompaniments.
1470,Uttar Pradesh,High Cholesterol,Snack,Yakhni Pulao (Oat Style),310,20,49,11,1,Medium,High,Low,,"Rice, yakhni broth, meat, whole spices",Non-Vegetarian,Mutton,"Prepare yakhni pulao as a oat style version with little or no ghee, cream, or repeated frying. Use lean cooking methods and plenty of vegetables.",40 mins brisk walking or cycling,Avoid repeated frying and creamy accompaniments.
1471,Uttar Pradesh,High Cholesterol,Snack,Bhuna Chana (No Ghee),86,7,18,1,7,Low,Low,Low,,Roasted Bengal gram,Vegan,,"Prepare bhuna chana as a no ghee version with little or no ghee, cream, or repeated frying. Use lean cooking methods and plenty of vegetables.",40 mins brisk walking or cycling,Avoid repeated frying and creamy accompaniments. Contains dairy.
1472,Uttar Pradesh,High Cholesterol,Snack,Boiled Kala Chana (Steamed),91,8,19,1,8,Low,Low,Low,,"Black gram, Onion, Lemon",Vegan,,"Prepare boiled kala chana as a steamed version with little or no ghee, cream, or repeated frying. Use lean cooking methods and plenty of vegetables.",40 mins brisk walking or cycling,Avoid repeated frying and creamy accompaniments.
1473,Uttar Pradesh,High Cholesterol,Snack,Boiled Kala Chana + Peanuts (No Cream),248,20,40,10,14,Low,Low,Low,Nuts,"Black gram, Peanuts, Onion",Vegan,,"Prepare boiled kala chana + peanuts as a no cream version with little or no ghee, cream, or repeated frying. Use lean cooking methods and plenty of vegetables.",40 mins brisk walking or cycling,Avoid repeated frying and creamy accompaniments. Contains nuts.
1474,Uttar Pradesh,High Cholesterol,Snack,Choora (Roasted Poha) + Peanuts (Herb Tossed),211,8,40,8,4,Medium,Medium,Low,Nuts,"Flattened rice, Peanuts, Oil",Vegan,,"Prepare choora (roasted poha) + peanuts as a herb tossed version with little or no ghee, cream, or repeated frying. Use lean cooking methods and plenty of vegetables.",40 mins brisk walking or cycling,Avoid repeated frying and creamy accompaniments. Contains nuts.
1475,Uttar Pradesh,High Cholesterol,Snack,Dehati Rasgulla (Low Saturated Fat),171,6,32,5,0,Medium,Medium,Low,,"Chhena, sugar syrup, cardamom",Vegan,,"Prepare dehati rasgulla as a low saturated fat version with little or no ghee, cream, or repeated frying. Use lean cooking methods and plenty of vegetables.",40 mins brisk walking or cycling,Avoid repeated frying and creamy accompaniments.
1476,Uttar Pradesh,High Cholesterol,Snack,Ghughni (Dried Yellow Peas) with Oil (Light),196,14,35,6,10,Low,Low,Low,,"Yellow peas, Mustard oil",Vegan,,"Prepare ghughni (dried yellow peas) with oil as a light version with little or no ghee, cream, or repeated frying. Use lean cooking methods and plenty of vegetables.",40 mins brisk walking or cycling,Avoid repeated frying and creamy accompaniments.
1477,Uttar Pradesh,High Cholesterol,Snack,Guava with Black Pepper (Low Fat),70,1,16,0,6,Low,Low,Low,,"Guava, Black pepper",Vegan,,"Prepare guava with black pepper as a low fat version with little or no ghee, cream, or repeated frying. Use lean cooking methods and plenty of vegetables.",40 mins brisk walking or cycling,Avoid repeated frying and creamy accompaniments.
1478,Uttar Pradesh,High Cholesterol,Snack,Roasted Chana (Lean),79,6,18,1,7,Low,Low,Low,,Bengal gram,Vegan,,"Prepare roasted chana as a lean version with little or no ghee, cream, or repeated frying. Use lean cooking methods and plenty of vegetables.",40 mins brisk walking or cycling,Avoid repeated frying and creamy accompaniments.
1479,Uttar Pradesh,High Cholesterol,Snack,Roasted Chana + Peanuts (Whole Grain),104,8,16,4,6,Low,Low,Low,Nuts,"Bengal gram, Peanuts",Vegan,,"Prepare roasted chana + peanuts as a whole grain version with little or no ghee, cream, or repeated frying. Use lean cooking methods and plenty of vegetables.",40 mins brisk walking or cycling,Avoid repeated frying and creamy accompaniments. Contains nuts.
1480,Uttar Pradesh,High Cholesterol,Snack,Roasted Makhana (Roasted),72,3,13,3,4,Low,Low,Low,Nuts,Fox nuts,Vegan,,"Prepare roasted makhana as a roasted version with little or no ghee, cream, or repeated frying. Use lean cooking methods and plenty of vegetables.",40 mins brisk walking or cycling,Avoid repeated frying and creamy accompaniments. Contains nuts.
1481,Uttar Pradesh,High Cholesterol,Snack,Roasted Peanuts (Fresh),104,7,5,10,2,Low,Medium,Low,Nuts,Peanuts,Vegan,,"Prepare roasted peanuts as a fresh version with little or no ghee, cream, or repeated frying. Use lean cooking methods and plenty of vegetables.",40 mins brisk walking or cycling,Avoid repeated frying and creamy accompaniments. Contains nuts.
1482,Uttar Pradesh,High Cholesterol,Snack,Roasted Peanuts + Jaggery (Portion Controlled),229,12,31,13,5,Medium,Medium,Low,Nuts,"Peanuts, Jaggery",Vegan,,"Prepare roasted peanuts + jaggery as a portion controlled version with little or no ghee, cream, or repeated frying. Use lean cooking methods and plenty of vegetables.",40 mins brisk walking or cycling,Avoid repeated frying and creamy accompaniments. Contains nuts.
1483,Uttar Pradesh,High Cholesterol,Snack,Samosa with Chutney (Oat Style),259,6,42,14,5,Medium,High,Low,Gluten,"Refined flour, Potato, Oil",Vegan,,"Prepare samosa with chutney as a oat style version with little or no ghee, cream, or repeated frying. Use lean cooking methods and plenty of vegetables.",40 mins brisk walking or cycling,Avoid repeated frying and creamy accompaniments. Contains gluten.
1484,Uttar Pradesh,High Cholesterol,Snack,Sattu Sherbet (Fiber Rich),97,8,22,1,5,Low,Low,Low,Gluten,"Roasted gram flour, Cumin, Lemon",Vegan,,"Prepare sattu sherbet as a fiber rich version with little or no ghee, cream, or repeated frying. Use lean cooking methods and plenty of vegetables.",40 mins brisk walking or cycling,Avoid repeated frying and creamy accompaniments. Contains gluten.
1485,Uttar Pradesh,High Cholesterol,Snack,Unsalted Makhana (Broth Based),70,3,13,2,4,Low,Low,Low,Nuts,Fox nuts,Vegan,,"Prepare unsalted makhana as a broth based version with little or no ghee, cream, or repeated frying. Use lean cooking methods and plenty of vegetables.",40 mins brisk walking or cycling,Avoid repeated frying and creamy accompaniments. Contains nuts.
1486,Uttar Pradesh,High Cholesterol,Snack,Unsalted Peanuts (No Fry),97,6,5,9,2,Low,Medium,Low,Nuts,Peanuts,Vegan,,"Prepare unsalted peanuts as a no fry version with little or no ghee, cream, or repeated frying. Use lean cooking methods and plenty of vegetables.",40 mins brisk walking or cycling,Avoid repeated frying and creamy accompaniments. Contains nuts.
1487,Uttar Pradesh,High Cholesterol,Dinner,Brown Rice + Moong Dal,280,10,50,3,7,Low,Low,Low,,"Brown rice, Green gram",Vegetarian,,Watery dal and brown rice.,30 mins cycling,Clean eating for the heart.
1488,Uttar Pradesh,High Cholesterol,Dinner,Dalia Khichdi (Zero Ghee),250,9,46,3,8,Low,Low,Low,Gluten,"Broken wheat, Moong dal",Vegetarian,,Do not top with ghee or butter.,30 mins cycling,Broken wheat provides complex carbs.
1489,Uttar Pradesh,High Cholesterol,Dinner,Dalia Khichdi + Bathua Saag (Light),210,10,42,2,12,Low,Low,Low,Gluten,"Broken wheat, Bathua leaves",Vegetarian,,"Prepare dalia khichdi + bathua saag as a light version with little or no ghee, cream, or repeated frying. Use lean cooking methods and plenty of vegetables.",40 mins brisk walking or cycling,Avoid repeated frying and creamy accompaniments. Contains gluten.
1490,Uttar Pradesh,High Cholesterol,Dinner,Dalia Khichdi + Parwal Sabzi (No Fry),229,10,43,3,12,Low,Medium,Low,Gluten,"Broken wheat, Moong dal, Pointed gourd",Vegetarian,,"Prepare dalia khichdi + parwal sabzi as a no fry version with little or no ghee, cream, or repeated frying. Use lean cooking methods and plenty of vegetables.",40 mins brisk walking or cycling,Avoid repeated frying and creamy accompaniments. Contains gluten.
1491,Uttar Pradesh,High Cholesterol,Dinner,Jau Roti + Karela Sabzi (Steamed),213,10,40,3,15,Low,Low,Low,Gluten,"Barley flour, Bitter gourd",Vegetarian,,"Prepare jau roti + karela sabzi as a steamed version with little or no ghee, cream, or repeated frying. Use lean cooking methods and plenty of vegetables.",40 mins brisk walking or cycling,Avoid repeated frying and creamy accompaniments. Contains gluten.
1492,Uttar Pradesh,High Cholesterol,Dinner,Jau Roti + Lauki Sabzi,230,8,42,2,10,Low,Low,Low,Gluten,"Barley flour, Bottle gourd",Vegetarian,,Barley and lauki are both cardiac superfoods.,30 mins cycling,Extremely low fat.
1493,Uttar Pradesh,High Cholesterol,Dinner,Jau Roti + Lauki Sabzi (Low Fat),179,8,37,1,12,Low,Low,Low,Gluten,"Barley flour, Bottle gourd",Vegetarian,,"Prepare jau roti + lauki sabzi as a low fat version with little or no ghee, cream, or repeated frying. Use lean cooking methods and plenty of vegetables.",40 mins brisk walking or cycling,Avoid repeated frying and creamy accompaniments. Contains gluten.
1494,Uttar Pradesh,High Cholesterol,Dinner,Jau Roti + Moong Dal + Lauki Sabzi (Lean),236,14,42,3,14,Low,Low,Low,Gluten,"Barley flour, Green gram, Bottle gourd",Vegetarian,,"Prepare jau roti + moong dal + lauki sabzi as a lean version with little or no ghee, cream, or repeated frying. Use lean cooking methods and plenty of vegetables.",40 mins brisk walking or cycling,Avoid repeated frying and creamy accompaniments. Contains gluten.
1495,Uttar Pradesh,High Cholesterol,Dinner,Jau Roti + Nenua Sabzi,240,8,42,2,10,Low,Low,Low,Gluten,"Barley flour, Sponge gourd",Vegetarian,,Barley roti sweeps cholesterol.,30 mins cycling,Very light and heart-healthy.
1496,Uttar Pradesh,High Cholesterol,Dinner,Jau Roti + Nenua Sabzi (No Ghee),188,8,37,1,12,Low,Low,Low,"Gluten, Dairy","Barley flour, Sponge gourd",Vegetarian,,"Prepare jau roti + nenua sabzi as a no ghee version with little or no ghee, cream, or repeated frying. Use lean cooking methods and plenty of vegetables.",40 mins brisk walking or cycling,"Avoid repeated frying and creamy accompaniments. Contains gluten, dairy."
1497,Uttar Pradesh,High Cholesterol,Dinner,Jau Roti + Palak Saag,250,9,42,3,10,Low,Low,Low,Gluten,"Barley flour, Spinach",Vegetarian,,Spinach cooked with garlic and no oil.,30 mins cycling,Garlic is renowned for reducing LDL cholesterol.
1498,Uttar Pradesh,High Cholesterol,Dinner,Jau Roti + Palak Saag (Whole Grain),194,9,37,2,12,Low,Low,Low,Gluten,"Barley flour, Spinach",Vegetarian,,"Prepare jau roti + palak saag as a whole grain version with little or no ghee, cream, or repeated frying. Use lean cooking methods and plenty of vegetables.",40 mins brisk walking or cycling,Avoid repeated frying and creamy accompaniments. Contains gluten.
1499,Uttar Pradesh,High Cholesterol,Dinner,Jau Roti + Turai Sabzi,240,8,42,3,10,Low,Low,Low,Gluten,"Barley flour, Ridge gourd",Vegetarian,,Barley sweeps cholesterol from the gut.,30 mins cycling,Barley contains beta-glucan.
1500,Uttar Pradesh,High Cholesterol,Dinner,Jau Roti + Turai Sabzi (Broth Based),190,8,37,2,12,Low,Low,Low,Gluten,"Barley flour, Ridge gourd",Vegetarian,,"Prepare jau roti + turai sabzi as a broth based version with little or no ghee, cream, or repeated frying. Use lean cooking methods and plenty of vegetables.",40 mins brisk walking or cycling,Avoid repeated frying and creamy accompaniments. Contains gluten.
1501,Uttar Pradesh,High Cholesterol,Dinner,Missi Roti + Nenua Sabzi (Roasted),205,10,37,3,13,Low,Low,Low,Gluten,"Wheat flour, Gram flour, Sponge gourd",Vegetarian,,"Prepare missi roti + nenua sabzi as a roasted version with little or no ghee, cream, or repeated frying. Use lean cooking methods and plenty of vegetables.",40 mins brisk walking or cycling,Avoid repeated frying and creamy accompaniments. Contains gluten.
1502,Uttar Pradesh,High Cholesterol,Dinner,Missi Roti + Turai Sabzi (Fiber Rich),204,10,37,3,13,Low,Low,Low,Gluten,"Wheat flour, Gram flour, Ridge gourd",Vegetarian,,"Prepare missi roti + turai sabzi as a fiber rich version with little or no ghee, cream, or repeated frying. Use lean cooking methods and plenty of vegetables.",40 mins brisk walking or cycling,Avoid repeated frying and creamy accompaniments. Contains gluten.
1503,Uttar Pradesh,High Cholesterol,Dinner,Moong Dal Khichdi (Zero Ghee),260,10,48,3,7,Low,Low,Low,,"Rice, Green gram",Vegetarian,,Cook rice and dal; skip the ghee.,30 mins cycling,Zero saturated fat.
1504,Uttar Pradesh,High Cholesterol,Dinner,Phulka + Lauki Sabzi (Herb Tossed),195,8,40,2,10,Medium,Medium,Low,Gluten,"Wheat flour, Bottle gourd",Vegetarian,,"Prepare phulka + lauki sabzi as a herb tossed version with little or no ghee, cream, or repeated frying. Use lean cooking methods and plenty of vegetables.",40 mins brisk walking or cycling,Avoid repeated frying and creamy accompaniments. Contains gluten.
1505,Uttar Pradesh,High Cholesterol,Dinner,Phulka + Nenua Sabzi (Fresh),186,8,38,2,10,Low,Medium,Low,Gluten,"Wheat flour, Sponge gourd",Vegetarian,,"Prepare phulka + nenua sabzi as a fresh version with little or no ghee, cream, or repeated frying. Use lean cooking methods and plenty of vegetables.",40 mins brisk walking or cycling,Avoid repeated frying and creamy accompaniments. Contains gluten.
1506,Uttar Pradesh,High Cholesterol,Dinner,Phulka + Palak Saag (Portion Controlled),197,9,37,3,10,Medium,Medium,Low,Gluten,"Wheat flour, Spinach",Vegetarian,,"Prepare phulka + palak saag as a portion controlled version with little or no ghee, cream, or repeated frying. Use lean cooking methods and plenty of vegetables.",40 mins brisk walking or cycling,Avoid repeated frying and creamy accompaniments. Contains gluten.
1507,Uttar Pradesh,High Cholesterol,Dinner,Phulka + Palak Sabzi (Oat Style),202,9,37,3,10,Medium,High,Low,Gluten,"Wheat flour, Spinach, Garlic",Vegetarian,,"Prepare phulka + palak sabzi as a oat style version with little or no ghee, cream, or repeated frying. Use lean cooking methods and plenty of vegetables.",40 mins brisk walking or cycling,Avoid repeated frying and creamy accompaniments. Contains gluten.
1508,Uttar Pradesh,High Cholesterol,Dinner,Phulka + Turai Sabzi (Low Saturated Fat),204,8,40,3,11,Medium,Medium,Low,Gluten,"Wheat flour, Ridge gourd",Vegetarian,,"Prepare phulka + turai sabzi as a low saturated fat version with little or no ghee, cream, or repeated frying. Use lean cooking methods and plenty of vegetables.",40 mins brisk walking or cycling,Avoid repeated frying and creamy accompaniments. Contains gluten.
1509,Uttar Pradesh,High Cholesterol,Dinner,Sattu Drink (No Cream),219,12,40,3,12,Low,Low,Low,,"Roasted gram flour, Lemon, Cumin, Water",Vegetarian,,"Prepare oats khichdi + bathua saag as a no cream version with little or no ghee, cream, or repeated frying. Use lean cooking methods and plenty of vegetables.",40 mins brisk walking or cycling,Avoid repeated frying and creamy accompaniments.
1510,Uttar Pradesh,High Cholesterol,Dinner,Chicken Tikka (Portion Controlled),174,26,5,7,1,Medium,Medium,Low,,"Chicken, yoghurt, spices, lemon",Non-Vegetarian,Chicken,"Prepare chicken tikka as a portion controlled version with little or no ghee, cream, or repeated frying. Use lean cooking methods and plenty of vegetables.",40 mins brisk walking or cycling,Avoid repeated frying and creamy accompaniments.
1511,Uttar Pradesh,High Cholesterol,Dinner,Chicken Yakhni (Steamed),220,26,7,10,1,Low,Low,Low,,"Chicken, bone broth, ginger, cloves",Non-Vegetarian,Chicken,"Prepare chicken yakhni as a steamed version with little or no ghee, cream, or repeated frying. Use lean cooking methods and plenty of vegetables.",40 mins brisk walking or cycling,Avoid repeated frying and creamy accompaniments.
1512,Uttar Pradesh,High Cholesterol,Dinner,Fish Tikka (Low Saturated Fat),156,23,5,6,1,Medium,Medium,Low,,"Fish, spices, lemon, herbs",Non-Vegetarian,Fish,"Prepare fish tikka as a low saturated fat version with little or no ghee, cream, or repeated frying. Use lean cooking methods and plenty of vegetables.",40 mins brisk walking or cycling,Avoid repeated frying and creamy accompaniments.
1513,Uttar Pradesh,High Cholesterol,Dinner,Galouti Kebab (Fiber Rich),264,23,9,15,1,Low,Low,Low,,"Minced mutton, papaya paste, aromatic spices",Non-Vegetarian,Mutton,"Prepare galouti kebab as a fiber rich version with little or no ghee, cream, or repeated frying. Use lean cooking methods and plenty of vegetables.",40 mins brisk walking or cycling,Avoid repeated frying and creamy accompaniments.
1514,Uttar Pradesh,High Cholesterol,Dinner,Kakori Kebab (Whole Grain),284,22,7,17,1,Low,Low,Low,Nuts,"Minced mutton, cashew, cream, spices",Non-Vegetarian,Mutton,"Prepare kakori kebab as a whole grain version with little or no ghee, cream, or repeated frying. Use lean cooking methods and plenty of vegetables.",40 mins brisk walking or cycling,Avoid repeated frying and creamy accompaniments. Contains nuts.
1515,Uttar Pradesh,High Cholesterol,Dinner,Mutton Yakhni (Broth Based),298,25,9,15,1,Low,Low,Low,,"Mutton, bone broth, ginger, whole spices",Non-Vegetarian,Mutton,"Prepare mutton yakhni as a broth based version with little or no ghee, cream, or repeated frying. Use lean cooking methods and plenty of vegetables.",40 mins brisk walking or cycling,Avoid repeated frying and creamy accompaniments.
1516,Uttar Pradesh,High Cholesterol,Dinner,Rice + Mutton Salan + Lauki Sabzi (No Fry),644,49,75,22,8,Low,Medium,Low,,"Rice, Mutton, Bottle gourd",Non-Vegetarian,Mutton,"Prepare rice + mutton salan + lauki sabzi as a no fry version with little or no ghee, cream, or repeated frying. Use lean cooking methods and plenty of vegetables.",40 mins brisk walking or cycling,Avoid repeated frying and creamy accompaniments.
1517,Uttar Pradesh,High Cholesterol,Dinner,Rice + Mutton Salan + Sabzi (Herb Tossed),640,45,70,24,8,Medium,Medium,Low,,"Rice, Mutton, Mixed vegetables",Non-Vegetarian,Mutton,"Prepare rice + mutton salan + sabzi as a herb tossed version with little or no ghee, cream, or repeated frying. Use lean cooking methods and plenty of vegetables.",40 mins brisk walking or cycling,Avoid repeated frying and creamy accompaniments.
1518,Uttar Pradesh,High Cholesterol,Dinner,Rohu Fish Curry (No Ghee),196,19,9,8,1,Low,Low,Low,Dairy,"Rohu fish, tomato, mustard, spices",Non-Vegetarian,Fish,"Prepare rohu fish curry as a no ghee version with little or no ghee, cream, or repeated frying. Use lean cooking methods and plenty of vegetables.",40 mins brisk walking or cycling,Avoid repeated frying and creamy accompaniments. Contains dairy.
1519,Uttar Pradesh,High Cholesterol,Dinner,Roti + Anda Curry + Nenua Sabzi (Light),583,39,71,20,11,Low,Low,Low,"Gluten, Egg","Wheat flour, Eggs, Sponge gourd",Non-Vegetarian,Mutton,"Prepare roti + anda curry + nenua sabzi as a light version with little or no ghee, cream, or repeated frying. Use lean cooking methods and plenty of vegetables.",40 mins brisk walking or cycling,"Avoid repeated frying and creamy accompaniments. Contains gluten, egg."
1520,Uttar Pradesh,High Cholesterol,Dinner,Roti + Chicken Curry + Chana Dal (Lean),626,63,75,15,12,Low,Low,Low,Gluten,"Wheat flour, Chicken, Bengal gram",Non-Vegetarian,Chicken,"Prepare roti + chicken curry + chana dal as a lean version with little or no ghee, cream, or repeated frying. Use lean cooking methods and plenty of vegetables.",40 mins brisk walking or cycling,Avoid repeated frying and creamy accompaniments. Contains gluten.
1521,Uttar Pradesh,High Cholesterol,Dinner,Roti + Chicken Masala + Kathal Sabzi (Fresh),640,49,66,24,11,Low,Medium,Low,Gluten,"Wheat flour, Chicken, Jackfruit, Oil",Non-Vegetarian,Chicken,"Prepare roti + chicken masala + kathal sabzi as a fresh version with little or no ghee, cream, or repeated frying. Use lean cooking methods and plenty of vegetables.",40 mins brisk walking or cycling,Avoid repeated frying and creamy accompaniments. Contains gluten.
1522,Uttar Pradesh,High Cholesterol,Dinner,Roti + Egg Bhurji + Arhar Dal (Roasted),565,43,71,17,12,Low,Low,Low,"Gluten, Egg","Wheat flour, Eggs, Pigeon peas",Non-Vegetarian,Mutton,"Prepare roti + egg bhurji + arhar dal as a roasted version with little or no ghee, cream, or repeated frying. Use lean cooking methods and plenty of vegetables.",40 mins brisk walking or cycling,"Avoid repeated frying and creamy accompaniments. Contains gluten, egg."
1523,Uttar Pradesh,High Cholesterol,Dinner,Roti + Mutton Keema + Bhindi (No Cream),613,52,62,25,12,Low,Low,Low,Gluten,"Wheat flour, Minced mutton, Okra",Non-Vegetarian,Mutton,"Prepare roti + mutton keema + bhindi as a no cream version with little or no ghee, cream, or repeated frying. Use lean cooking methods and plenty of vegetables.",40 mins brisk walking or cycling,Avoid repeated frying and creamy accompaniments. Contains gluten.
1524,Uttar Pradesh,High Cholesterol,Dinner,Tandoori Chicken (Oat Style),204,29,6,8,1,Medium,High,Low,,"Chicken, yoghurt, spices, lemon",Non-Vegetarian,Chicken,"Prepare tandoori chicken as a oat style version with little or no ghee, cream, or repeated frying. Use lean cooking methods and plenty of vegetables.",40 mins brisk walking or cycling,Avoid repeated frying and creamy accompaniments.
1525,Uttar Pradesh,High Cholesterol,Dinner,Tandoori Fish (Low Fat),190,22,5,7,1,Low,Low,Low,,"Fish, yoghurt, spices, lemon",Non-Vegetarian,Fish,"Prepare tandoori fish as a low fat version with little or no ghee, cream, or repeated frying. Use lean cooking methods and plenty of vegetables.",40 mins brisk walking or cycling,Avoid repeated frying and creamy accompaniments.
1526,Uttar Pradesh,High Cholesterol,Dinner,Chura Matar (No Cream),219,12,40,3,12,Low,Low,Low,,"Flattened rice, Green peas, Onion, Cumin",Vegan,,"Prepare oats khichdi + bathua saag as a no cream version with little or no ghee, cream, or repeated frying. Use lean cooking methods and plenty of vegetables.",40 mins brisk walking or cycling,Avoid repeated frying and creamy accompaniments.
1527,Uttar Pradesh,High Cholesterol,Dinner,Dalia Khichdi + Bathua Saag (Light),210,10,42,2,12,Low,Low,Low,Gluten,"Broken wheat, Bathua leaves",Vegan,,"Prepare dalia khichdi + bathua saag as a light version with little or no ghee, cream, or repeated frying. Use lean cooking methods and plenty of vegetables.",40 mins brisk walking or cycling,Avoid repeated frying and creamy accompaniments. Contains gluten.
1528,Uttar Pradesh,High Cholesterol,Dinner,Dalia Khichdi + Parwal Sabzi (No Fry),229,10,43,3,12,Low,Medium,Low,Gluten,"Broken wheat, Moong dal, Pointed gourd",Vegan,,"Prepare dalia khichdi + parwal sabzi as a no fry version with little or no ghee, cream, or repeated frying. Use lean cooking methods and plenty of vegetables.",40 mins brisk walking or cycling,Avoid repeated frying and creamy accompaniments. Contains gluten.
1529,Uttar Pradesh,High Cholesterol,Dinner,Jau Roti + Karela Sabzi (Steamed),213,10,40,3,15,Low,Low,Low,Gluten,"Barley flour, Bitter gourd",Vegan,,"Prepare jau roti + karela sabzi as a steamed version with little or no ghee, cream, or repeated frying. Use lean cooking methods and plenty of vegetables.",40 mins brisk walking or cycling,Avoid repeated frying and creamy accompaniments. Contains gluten.
1530,Uttar Pradesh,High Cholesterol,Dinner,Jau Roti + Lauki Sabzi (Low Fat),179,8,37,1,12,Low,Low,Low,Gluten,"Barley flour, Bottle gourd",Vegan,,"Prepare jau roti + lauki sabzi as a low fat version with little or no ghee, cream, or repeated frying. Use lean cooking methods and plenty of vegetables.",40 mins brisk walking or cycling,Avoid repeated frying and creamy accompaniments. Contains gluten.
1531,Uttar Pradesh,High Cholesterol,Dinner,Jau Roti + Moong Dal + Lauki Sabzi (Lean),236,14,42,3,14,Low,Low,Low,Gluten,"Barley flour, Green gram, Bottle gourd",Vegan,,"Prepare jau roti + moong dal + lauki sabzi as a lean version with little or no ghee, cream, or repeated frying. Use lean cooking methods and plenty of vegetables.",40 mins brisk walking or cycling,Avoid repeated frying and creamy accompaniments. Contains gluten.
1532,Uttar Pradesh,High Cholesterol,Dinner,Jau Roti + Nenua Sabzi (No Ghee),188,8,37,1,12,Low,Low,Low,Gluten,"Barley flour, Sponge gourd",Vegan,,"Prepare jau roti + nenua sabzi as a no ghee version with little or no ghee, cream, or repeated frying. Use lean cooking methods and plenty of vegetables.",40 mins brisk walking or cycling,"Avoid repeated frying and creamy accompaniments. Contains gluten, dairy."
1533,Uttar Pradesh,High Cholesterol,Dinner,Jau Roti + Palak Saag (Whole Grain),194,9,37,2,12,Low,Low,Low,Gluten,"Barley flour, Spinach",Vegan,,"Prepare jau roti + palak saag as a whole grain version with little or no ghee, cream, or repeated frying. Use lean cooking methods and plenty of vegetables.",40 mins brisk walking or cycling,Avoid repeated frying and creamy accompaniments. Contains gluten.
1534,Uttar Pradesh,High Cholesterol,Dinner,Jau Roti + Turai Sabzi (Broth Based),190,8,37,2,12,Low,Low,Low,Gluten,"Barley flour, Ridge gourd",Vegan,,"Prepare jau roti + turai sabzi as a broth based version with little or no ghee, cream, or repeated frying. Use lean cooking methods and plenty of vegetables.",40 mins brisk walking or cycling,Avoid repeated frying and creamy accompaniments. Contains gluten.
1535,Uttar Pradesh,High Cholesterol,Dinner,Missi Roti + Nenua Sabzi (Roasted),205,10,37,3,13,Low,Low,Low,Gluten,"Wheat flour, Gram flour, Sponge gourd",Vegan,,"Prepare missi roti + nenua sabzi as a roasted version with little or no ghee, cream, or repeated frying. Use lean cooking methods and plenty of vegetables.",40 mins brisk walking or cycling,Avoid repeated frying and creamy accompaniments. Contains gluten.
1536,Uttar Pradesh,High Cholesterol,Dinner,Missi Roti + Turai Sabzi (Fiber Rich),204,10,37,3,13,Low,Low,Low,Gluten,"Wheat flour, Gram flour, Ridge gourd",Vegan,,"Prepare missi roti + turai sabzi as a fiber rich version with little or no ghee, cream, or repeated frying. Use lean cooking methods and plenty of vegetables.",40 mins brisk walking or cycling,Avoid repeated frying and creamy accompaniments. Contains gluten.
1537,Uttar Pradesh,High Cholesterol,Dinner,Phulka + Lauki Sabzi (Herb Tossed),195,8,40,2,10,Medium,Medium,Low,Gluten,"Wheat flour, Bottle gourd",Vegan,,"Prepare phulka + lauki sabzi as a herb tossed version with little or no ghee, cream, or repeated frying. Use lean cooking methods and plenty of vegetables.",40 mins brisk walking or cycling,Avoid repeated frying and creamy accompaniments. Contains gluten.
1538,Uttar Pradesh,High Cholesterol,Dinner,Phulka + Nenua Sabzi (Fresh),186,8,38,2,10,Low,Medium,Low,Gluten,"Wheat flour, Sponge gourd",Vegan,,"Prepare phulka + nenua sabzi as a fresh version with little or no ghee, cream, or repeated frying. Use lean cooking methods and plenty of vegetables.",40 mins brisk walking or cycling,Avoid repeated frying and creamy accompaniments. Contains gluten.
1539,Uttar Pradesh,High Cholesterol,Dinner,Phulka + Palak Saag (Portion Controlled),197,9,37,3,10,Medium,Medium,Low,Gluten,"Wheat flour, Spinach",Vegan,,"Prepare phulka + palak saag as a portion controlled version with little or no ghee, cream, or repeated frying. Use lean cooking methods and plenty of vegetables.",40 mins brisk walking or cycling,Avoid repeated frying and creamy accompaniments. Contains gluten.
1540,Uttar Pradesh,High Cholesterol,Dinner,Phulka + Palak Sabzi (Oat Style),202,9,37,3,10,Medium,High,Low,Gluten,"Wheat flour, Spinach, Garlic",Vegan,,"Prepare phulka + palak sabzi as a oat style version with little or no ghee, cream, or repeated frying. Use lean cooking methods and plenty of vegetables.",40 mins brisk walking or cycling,Avoid repeated frying and creamy accompaniments. Contains gluten.
1541,Uttar Pradesh,High Cholesterol,Dinner,Phulka + Turai Sabzi (Low Saturated Fat),204,8,40,3,11,Medium,Medium,Low,Gluten,"Wheat flour, Ridge gourd",Vegan,,"Prepare phulka + turai sabzi as a low saturated fat version with little or no ghee, cream, or repeated frying. Use lean cooking methods and plenty of vegetables.",40 mins brisk walking or cycling,Avoid repeated frying and creamy accompaniments. Contains gluten.
